analysis_day,n_observations,detected,elapsed_seconds,theta1_median,theta2_median,theta_diff_median,tau_median,tau_map,tau_q025,tau_q975,p_positive_effect,p_tau_near_truth,accepted_rate,rep,seed,true_theta1,true_theta2,true_t_star
20,10,false,,0.10287170911347765,0.1259447741947194,0.046675709868273824,9,17,1.0,19.0,0.6159496327387198,0.0,0.2952,1,2026,0.1,0.15,45
30,15,true,,0.10663542710538101,0.23771148977608733,0.14501824927218102,21,27,2.0,29.0,0.7510311211098613,0.0,0.2836,1,2026,0.1,0.15,45
20,10,false,,0.119375693390931,0.3689037436352459,0.2617040859880767,15,16,3.0,19.0,0.6853237878294826,0.0,0.293,2,2027,0.1,0.15,45
30,15,false,,0.15380383295040165,0.09107563912521034,-0.08093142014286364,8,3,1.0,27.0,0.35035349567949725,0.0,0.2728,2,2027,0.1,0.15,45
40,20,false,,0.7373786262581709,0.07615618951487758,-0.6611480866226186,2,1,1.0,6.0,0.0,0.0,0.104,2,2027,0.1,0.15,45
50,25,false,,0.2561702455088643,0.08667069228108783,-0.17932062112277924,5,3,1.0,44.0,0.2143928035982009,0.04697651174412794,0.121,2,2027,0.1,0.15,45
60,30,true,,0.09942336248267504,0.39406844425374227,0.2871608692839709,53,55,37.0,59.0,0.8892128279883382,0.14965986394557823,0.1492,2,2027,0.1,0.15,45
20,10,false,,0.11255516727613565,0.4071468095452721,0.2941959521882801,15,17,2.0,19.0,0.8210455764075067,0.0,0.2946,3,2028,0.1,0.15,45
30,15,false,,0.11369760313492945,0.11609228531712798,0.008184803293002474,14,27,1.0,29.0,0.5220561429092235,0.0,0.2868,3,2028,0.1,0.15,45
40,20,false,,0.12218847090970875,0.1149419776621395,-0.003429462194666208,15,4,1.0,38.0,0.48896769109535065,0.0,0.2724,3,2028,0.1,0.15,45
50,25,false,,0.15652176848087665,0.11353326756943591,-0.029751035510638013,10,3,1.0,48.0,0.42315449778136344,0.10931827349737798,0.247,3,2028,0.1,0.15,45
60,30,false,,0.2412752033426225,0.10879347263773427,-0.13142521101885368,4,2,1.0,55.0,0.2409071459135644,0.03551561831407788,0.2052,3,2028,0.1,0.15,45
20,10,false,,0.16698047324586188,0.109483998297604,-0.06778699840366736,7,2,1.0,19.0,0.3285387381497221,0.0,0.279,4,2029,0.1,0.15,45
30,15,false,,0.29293474505014966,0.09673186707770477,-0.1973526295485855,4,2,1.0,25.0,0.17304121797252134,0.0,0.2248,4,2029,0.1,0.15,45
40,20,false,,0.11692470103777726,0.41163264660031634,0.2994859491420789,35,36,17.0,39.0,0.7676882330684828,0.0,0.256,4,2029,0.1,0.15,45
50,25,true,,0.11932990272860257,0.229930149032228,0.11849058363911712,40,47,5.0,49.0,0.7161488300728807,0.4008438818565401,0.2498,4,2029,0.1,0.15,45
20,10,false,,0.24138680321333336,0.07539338961672327,-0.1702714841077575,4,1,1.0,18.0,0.3154281098546042,0.0,0.2064,5,2030,0.1,0.15,45
30,15,false,,0.09336506245313721,0.1071262968121911,0.01881667676651371,14,24,2.0,28.0,0.5506329113924051,0.0,0.2462,5,2030,0.1,0.15,45
40,20,false,,0.09324354612388559,0.1503114049908805,0.06069479810775959,27,36,7.0,38.0,0.676326348640214,0.0,0.1862,5,2030,0.1,0.15,45
50,25,false,,0.12154713578998372,0.09357381984545578,-0.032639382793894944,15,4,1.0,48.125,0.4164926931106472,0.17693110647181629,0.1218,5,2030,0.1,0.15,45
60,30,false,,0.13834973291319166,0.08591694208396018,-0.05604229724363455,8,4,1.0,28.0,0.25996631106120155,0.0,0.0902,5,2030,0.1,0.15,45
20,10,false,,0.13780431707390112,0.15374295947566663,0.037152391089554704,11,16,1.0,19.0,0.5619344773790952,0.0,0.3122,6,2031,0.1,0.15,45
30,15,false,,0.17200010388152254,0.09132034380698965,-0.09382012684577679,5,4,1.0,25.0,0.2661348803480783,0.0,0.249,6,2031,0.1,0.15,45
40,20,false,,0.17574123210305828,0.09202707986834528,-0.08654491454927164,8,4,1.0,30.0,0.23557692307692307,0.0,0.241,6,2031,0.1,0.15,45
50,25,false,,0.155519841984298,0.09119051065570004,-0.07916788561914657,10,1,1.0,31.0,0.2516156828953037,0.0,0.2084,6,2031,0.1,0.15,45
60,30,false,,0.15154680497169917,0.10276739176973985,-0.0505687638994574,13,4,1.0,31.0,0.2719768881551795,0.0,0.2122,6,2031,0.1,0.15,45
20,10,false,,0.13253573752864636,0.10151570914129007,-0.030574857796484785,9,17,1.0,19.0,0.42839036755386567,0.0,0.306,7,2032,0.1,0.15,45
30,15,true,,0.09353705236705673,0.30649048226155345,0.20939225437121764,24,26,7.0,29.0,0.7244813278008299,0.0,0.2238,7,2032,0.1,0.15,45
20,10,false,,0.1165795429465846,0.2222423256773882,0.11442694017934017,14,14,2.0,19.0,0.6679777122254998,0.0,0.2958,8,2033,0.1,0.15,45
30,15,false,,0.13626312913698124,0.1081089212380368,-0.03944341597574577,10,4,1.0,28.0,0.4231478068558791,0.0,0.264,8,2033,0.1,0.15,45
40,20,false,,0.13242231823123846,0.10495104743196758,-0.03489008367604837,16,2,1.0,39.0,0.4158821121571838,0.0,0.229,8,2033,0.1,0.15,45
50,25,false,,0.11769700625558592,0.135437995809275,0.025316840317234537,34,37,2.0,48.0,0.5541427399507793,0.2321575061525841,0.2098,8,2033,0.1,0.15,45
60,30,false,,0.11991442112122788,0.19060107239060714,0.07090232881209987,51,56,1.0,59.0,0.663768115942029,0.0886128364389234,0.2058,8,2033,0.1,0.15,45
20,10,false,,0.22364776661773433,0.12372554276608431,-0.11554149873481807,5,1,1.0,19.0,0.3856845031271717,0.0,0.2338,9,2034,0.1,0.15,45
30,15,false,,0.17995150936779347,0.09505719753219599,-0.11216404225641613,6,1,1.0,27.0,0.1964155084125823,0.0,0.243,9,2034,0.1,0.15,45
40,20,false,,0.1264926393239957,0.1197910865982114,0.0029520933089648704,17,37,1.0,39.0,0.5022330491270808,0.0,0.2236,9,2034,0.1,0.15,45
50,25,false,,0.13291089391408706,0.13355320120800468,0.006799198879179125,35,40,1.0,48.0,0.5163776493256262,0.23776493256262043,0.2514,9,2034,0.1,0.15,45
60,30,true,,0.11788634376890056,0.20337896759661378,0.09041901598943897,52,55,22.0,59.0,0.7046692607003892,0.1735408560311284,0.2352,9,2034,0.1,0.15,45
20,10,false,,0.11590365192866303,0.20864473792278415,0.10124407099919192,15,16,3.0,19.0,0.6812101910828026,0.0,0.3092,10,2035,0.1,0.15,45
30,15,false,,0.09867545794529928,0.18709618663525798,0.10315571661459806,24,27,5.0,29.0,0.6743639921722113,0.0,0.2344,10,2035,0.1,0.15,45
40,20,false,,0.12251588656937434,0.15338334008996518,0.06142423254318791,26,1,1.0,39.0,0.5984053713806127,0.0,0.2464,10,2035,0.1,0.15,45
50,25,false,,0.13244116402091247,0.09703563406392242,-0.05448195511417088,29,2,1.0,47.0,0.37638703950288505,0.18331114070128718,0.1964,10,2035,0.1,0.15,45
60,30,true,,0.10992327110040023,0.3560154858336198,0.2381160449945835,50,55,8.0,59.0,0.7268806899856253,0.052228078581696216,0.1698,10,2035,0.1,0.15,45
20,10,false,,0.13913321121307892,0.3809767995976963,0.25378172908227214,14,16,2.0,19.0,0.670617592014972,0.0,0.3088,11,2036,0.1,0.15,45
30,15,false,,0.11686681731440603,0.7529551567701745,0.6343042173197032,25,26,7.0,29.0,0.8477935676888556,0.0,0.2536,11,2036,0.1,0.15,45
40,20,false,,0.14429507392748303,0.1100191356467848,-0.06603583157846596,12,3,1.0,38.0,0.30910374029640086,0.0,0.2442,11,2036,0.1,0.15,45
50,25,false,,0.17865967760421764,0.11513661063812013,-0.06979267034025782,6,2,1.0,48.0,0.33849056603773586,0.16716981132075473,0.2282,11,2036,0.1,0.15,45
60,30,false,,0.7755281926135478,0.1111277193329038,-0.6624406645951191,2,2,1.0,8.0,0.016263940520446097,0.0,0.1128,11,2036,0.1,0.15,45
20,10,false,,0.10027503469987956,0.4202640067935156,0.32295500546458505,15,16,3.0,19.0,0.8201697127937336,0.0,0.2968,12,2037,0.1,0.15,45
30,15,false,,0.104823605122659,0.4603602929803604,0.36501516258275923,25,26,4.0,29.0,0.8189252336448598,0.0,0.265,12,2037,0.1,0.15,45
40,20,true,,0.10972084548571827,0.42733732798004076,0.32095222736200885,34,34,18.0,39.0,0.8532004599463396,0.0,0.2738,12,2037,0.1,0.15,45
20,10,false,,0.049794811029323774,0.389355613904445,0.34008326968487174,15,16,2.0,19.0,0.8671769473210266,0.0,0.1674,13,2038,0.1,0.15,45
30,15,false,,0.09625885903355795,0.15861082362534173,0.06999022973097195,19,26,3.0,29.0,0.6851704996034893,0.0,0.2876,13,2038,0.1,0.15,45
40,20,false,,0.126064544427879,0.11042168129741367,-0.016674059408216126,11,4,1.0,37.0,0.468494271685761,0.0,0.2618,13,2038,0.1,0.15,45
50,25,false,,0.1693522948925459,0.10092668171915925,-0.07675617039749814,7,4,1.0,34.0,0.3225216994061215,0.004111466423024212,0.227,13,2038,0.1,0.15,45
60,30,false,,0.12064548654268695,0.146498117975711,0.034158769213186904,48,55,3.0,59.0,0.585427135678392,0.10427135678391959,0.2178,13,2038,0.1,0.15,45
20,10,true,,0.10670193133984647,0.20233371190831387,0.12782678370974104,13,17,2.0,19.0,0.7443931398416886,0.0,0.3234,14,2039,0.1,0.15,45
20,10,false,,0.11080130574142119,0.16976779465020425,0.08553911468836747,9,7,1.0,18.0,0.6789439374185137,0.0,0.3224,15,2040,0.1,0.15,45
30,15,true,,0.1261216625598553,0.27339065878314533,0.1627113267603815,22,26,2.0,29.0,0.7856420626895855,0.0,0.285,15,2040,0.1,0.15,45
20,10,false,,0.12363032690439905,0.15458570433530577,0.03722807046295637,13,17,1.0,19.0,0.576672384219554,0.0,0.2828,16,2041,0.1,0.15,45
30,15,false,,0.11076922463349705,0.19051943818568756,0.0900701784559713,23,27,1.0,29.0,0.6445850390770376,0.0,0.2608,16,2041,0.1,0.15,45
40,20,true,,0.11079558342008537,0.2584116348653652,0.15634254629619485,31,36,1.0,39.0,0.7522399688352162,0.0,0.2524,16,2041,0.1,0.15,45
20,10,false,,0.14647508874962473,0.18994004534586661,0.057378523648705396,13,16,2.0,19.0,0.5911373707533235,0.0,0.3282,17,2042,0.1,0.15,45
30,15,false,,0.13820632474854616,0.1486588805371434,0.010984073300476932,21,26,6.0,29.0,0.5403321470937129,0.0,0.2588,17,2042,0.1,0.15,45
40,20,false,,0.5102311175968779,0.10623545524102884,-0.40195973163772875,3,2,1.0,24.0,0.07428791377983064,0.0,0.1794,17,2042,0.1,0.15,45
50,25,false,,0.12117327150253675,0.3509908138853627,0.2311737069867754,45,47,26.0,49.0,0.8092105263157895,0.6222910216718266,0.2238,17,2042,0.1,0.15,45
60,30,false,,0.12660794142151371,0.15872883539847324,0.03828902787770974,48,56,9.0,59.0,0.6025454545454545,0.09418181818181819,0.2184,17,2042,0.1,0.15,45
20,10,false,,0.17403644079414515,0.13727670639098036,-0.0483847477555784,10,5,2.0,19.0,0.4082857142857143,0.0,0.3316,18,2043,0.1,0.15,45
30,15,false,,0.14205438643459944,0.16361436711720617,0.03374784088262103,23,27,2.0,29.0,0.5662764947801329,0.0,0.272,18,2043,0.1,0.15,45
40,20,false,,0.1688585056000589,0.109636906154287,-0.08156823822315803,12,2,1.0,38.0,0.2536061724253606,0.0,0.2294,18,2043,0.1,0.15,45
50,25,false,,0.13762475617132347,0.0916820815933382,-0.05609288684336931,30,34,2.0,48.0,0.2432130903681666,0.1253253997768687,0.2276,18,2043,0.1,0.15,45
60,30,true,,0.1215366175260242,0.4738184465727088,0.3510654154414713,54,55,35.0,59.0,0.7760127084988085,0.19062748212867356,0.1736,18,2043,0.1,0.15,45
20,10,false,,0.11770258657149134,0.6062610394243781,0.4929557568601003,16,17,3.0,19.0,0.9097198201314424,0.0,0.2766,19,2044,0.1,0.15,45
30,15,false,,0.15095356204820934,0.10998540505587462,-0.05884163457298584,12,4,1.0,28.0,0.3613589567604667,0.0,0.2846,19,2044,0.1,0.15,45
40,20,false,,0.1228359398306971,0.11365151784884686,-0.011486142679405578,13,5,1.0,37.0,0.4593817397555715,0.0,0.257,19,2044,0.1,0.15,45
50,25,false,,0.11558687867161295,0.6432325168200397,0.5218276116633112,46,46,35.0,49.0,0.8034753827058336,0.7434836574265619,0.235,19,2044,0.1,0.15,45
60,30,false,,0.2055184391342658,0.10722515047065212,-0.09023429889953209,7,2,1.0,18.0,0.218014329580348,0.0,0.0754,19,2044,0.1,0.15,45
20,10,false,,0.0953791825083338,0.06899375605421822,-0.03781429927469686,7,1,1.0,19.0,0.38934250107434465,0.0,0.2252,20,2045,0.1,0.15,45
30,15,false,,0.09081736873677801,0.13742529013509128,0.05616177289829161,13,5,1.0,29.0,0.6738197424892703,0.0,0.2466,20,2045,0.1,0.15,45
40,20,false,,0.1664497666831577,0.07232234000247394,-0.09431854307537843,6,1,1.0,29.0,0.2204684317718941,0.0,0.1572,20,2045,0.1,0.15,45
50,25,false,,0.09630747740219127,0.19579284590963222,0.09784775135280338,44,45,31.0,49.0,0.6961797752808989,0.6053932584269663,0.153,20,2045,0.1,0.15,45
60,30,true,,0.09875371183663338,0.3061087279314806,0.21185840373696568,46,57,18.0,58.0,0.8005794302269436,0.20328343795267986,0.1226,20,2045,0.1,0.15,45
20,10,false,,0.11353135144854938,0.21720437952629423,0.12479676367808432,13,15,1.0,19.0,0.6370476531709065,0.0,0.2754,21,2046,0.1,0.15,45
30,15,true,,0.10063300476494622,0.42269868395296745,0.3285458794643071,24,27,3.0,29.0,0.8000788643533123,0.0,0.2564,21,2046,0.1,0.15,45
20,10,true,,0.0897791162946285,0.23527871778533654,0.15922250192025167,13,16,1.0,19.0,0.7541271513874254,0.0,0.3052,22,2047,0.1,0.15,45
20,10,false,,0.10488861723255744,0.14685295091796963,0.057308085745026285,12,16,1.0,19.0,0.6005645730416372,0.0,0.276,23,2048,0.1,0.15,45
30,15,false,,0.16940055535737983,0.08945386656982807,-0.09059200882064258,5,2,1.0,23.699999999999818,0.26827401454267125,0.0,0.2674,23,2048,0.1,0.15,45
40,20,true,,0.11228333844515331,0.26945250289444617,0.17255389671999724,32,35,4.0,39.0,0.7902476780185759,0.0,0.279,23,2048,0.1,0.15,45
20,10,false,,0.12073522241253015,0.09959355741510373,-0.010596730966423981,8,1,1.0,19.0,0.4825318536785861,0.0,0.2054,24,2049,0.1,0.15,45
30,15,false,,0.08528538725115538,0.24032513700931427,0.15676640307868855,25,26,16.0,29.0,0.7582139848357203,0.0,0.2172,24,2049,0.1,0.15,45
40,20,false,,0.10266269018270527,0.1066184980398426,0.002911754598759822,20,36,1.0,39.0,0.5075794621026894,0.0,0.157,24,2049,0.1,0.15,45
50,25,false,,0.6436656992615107,0.0746579205422381,-0.5648707702820175,2,1,1.0,18.0,0.08598130841121496,0.0,0.0766,24,2049,0.1,0.15,45
60,30,true,,0.09380159106772905,0.7161269543457467,0.6251171033091257,53,56,27.125000000000007,59.0,0.9257688229056203,0.0784729586426299,0.1002,24,2049,0.1,0.15,45
20,10,true,,0.11641428219237598,0.22850259527451272,0.13363503011991382,14,16,2.0,19.0,0.7481763399936568,0.0,0.3114,25,2050,0.1,0.15,45
20,10,false,,0.12722455280023331,0.0846397281807655,-0.046964297608881586,10,1,1.0,19.0,0.40287226001511717,0.0,0.247,26,2051,0.1,0.15,45
30,15,false,,0.10538729795203705,0.07682804178300554,-0.036234858381932064,11,5,1.0,29.0,0.406280193236715,0.0,0.151,26,2051,0.1,0.15,45
40,20,true,,0.07237284382315536,0.319998663446093,0.24476040323935994,34,35,25.0,39.0,0.8545849158979925,0.0,0.0874,26,2051,0.1,0.15,45
20,10,false,,0.1742715235216505,0.15165564858960714,-0.042043924445455405,12,16,1.0,19.0,0.41989780583107905,0.0,0.28,27,2052,0.1,0.15,45
30,15,false,,0.20714034283170882,0.11555978754697167,-0.1000119724672054,5,4,1.0,26.0,0.22012779552715656,0.0,0.2648,27,2052,0.1,0.15,45
40,20,false,,0.14811087067245632,0.12635927193893817,-0.04418388225506725,20,1,1.0,39.0,0.420597767374865,0.0,0.224,27,2052,0.1,0.15,45
50,25,false,,0.13188524831064113,0.13784080899343779,0.011487706702376588,37,46,6.0,49.0,0.5274991352473193,0.35108958837772397,0.2372,27,2052,0.1,0.15,45
60,30,false,,0.13047724025129534,0.35103644499096504,0.2208197740573559,55,55,37.0,59.0,0.8811667266834714,0.13431760893050054,0.2048,27,2052,0.1,0.15,45
20,10,false,,0.2970960329217187,0.08261708075243865,-0.23260191683223214,3,1,1.0,18.0,0.2663316582914573,0.0,0.2346,28,2053,0.1,0.15,45
30,15,false,,0.11239629616407651,0.09378674155023976,-0.01701125888018898,9,1,1.0,28.0,0.44864176570458403,0.0,0.2348,28,2053,0.1,0.15,45
40,20,false,,0.08755277866203279,0.6886618969960334,0.5916235711902142,36,38,23.0,39.0,0.96142578125,0.0,0.1564,28,2053,0.1,0.15,45
50,25,false,,0.09056043134494898,0.6466239074763441,0.5422606579112863,45,45,34.0,49.0,0.9664570230607966,0.6656184486373166,0.1178,28,2053,0.1,0.15,45
60,30,false,,0.12513064491323356,0.08151793898054065,-0.026477234271637257,13,37,1.0,40.0,0.39603960396039606,0.0039603960396039604,0.043,28,2053,0.1,0.15,45
20,10,false,,0.14961851002593632,0.13421728058034305,-0.018958018976132696,10,1,1.0,19.0,0.4624257252708843,0.0,0.2466,29,2054,0.1,0.15,45
30,15,false,,0.13858698096939703,0.11013757992358364,-0.03479746879769621,9,4,1.0,29.0,0.4268160462594868,0.0,0.2886,29,2054,0.1,0.15,45
40,20,true,,0.10529626387065348,0.2801241367276538,0.16776424750042263,33,36,16.0,39.0,0.7678282009724473,0.0,0.2374,29,2054,0.1,0.15,45
20,10,false,,0.09450263852406482,0.11281438604221598,0.016956757344800386,11,16,2.0,19.0,0.5485260019874131,0.0,0.3064,30,2055,0.1,0.15,45
30,15,false,,0.10243188742211569,0.11605447156355836,0.016474109261581507,20,24,2.0,28.0,0.5336629897299353,0.0,0.2844,30,2055,0.1,0.15,45
40,20,false,,0.16662634433399248,0.09812394909181911,-0.08814241879552409,6,1,1.0,36.0,0.30615711252653927,0.0,0.2602,30,2055,0.1,0.15,45
50,25,false,,0.3843199186022334,0.09983779586749977,-0.29260723081708484,4,1,1.0,25.0,0.18653761548614167,0.0,0.243,30,2055,0.1,0.15,45
60,30,false,,0.3142280855002952,0.10210069434697111,-0.21399456265404385,5,2,1.0,24.0,0.14403553299492386,0.0,0.1174,30,2055,0.1,0.15,45
20,10,false,,0.22503119323087528,0.12530971232465515,-0.13044363481968788,7,2,1.0,19.0,0.2660579345088161,0.0,0.2732,31,2056,0.1,0.15,45
30,15,false,,0.18339053134012312,0.11612203356712975,-0.09895473693890203,8,1,1.0,27.0,0.26929392446633826,0.0,0.2412,31,2056,0.1,0.15,45
40,20,false,,0.17042408690134905,0.11505840646013066,-0.08130326567051775,14,1,1.0,38.0,0.2653678199529728,0.0,0.2364,31,2056,0.1,0.15,45
50,25,false,,0.12721220935966926,0.08945810805934612,-0.0409087223108888,38,36,24.0,48.0,0.3699421965317919,0.3002167630057804,0.2288,31,2056,0.1,0.15,45
60,30,false,,0.6517399240789651,0.10628866529583929,-0.5389177627249349,3,2,1.0,21.0,0.02737382378100941,0.0,0.0638,31,2056,0.1,0.15,45
20,10,false,,0.0951051816259671,0.4955898359940579,0.39538337341931024,16,16,5.0,19.0,0.9035179380006966,0.0,0.3042,32,2057,0.1,0.15,45
30,15,false,,0.11949547054982078,0.1407520494429358,0.03967665934523845,15,1,1.0,29.0,0.597124824684432,0.0,0.2828,32,2057,0.1,0.15,45
40,20,false,,0.15067002128607723,0.09609855546876832,-0.06864448285330144,8,2,1.0,36.0,0.30877616747181963,0.0,0.2124,32,2057,0.1,0.15,45
50,25,false,,0.1294384202075023,0.09425729208108082,-0.0519855067096129,16,5,1.0,47.0,0.3876036665211698,0.1030117852466172,0.1928,32,2057,0.1,0.15,45
60,30,false,,0.11747845051990707,0.1680941118027399,0.05286906066140608,51,54,28.0,59.0,0.6320032245062475,0.19790407093913745,0.2598,32,2057,0.1,0.15,45
20,10,false,,0.05689580026569638,0.4619035893955193,0.3936646424011569,15,16,2.0,19.0,0.8368634520054078,0.0,0.201,33,2058,0.1,0.15,45
30,15,false,,0.1350259561264518,0.10320176563936874,-0.03435779932692551,11,1,1.0,29.0,0.4266498528793611,0.0,0.2262,33,2058,0.1,0.15,45
40,20,false,,0.10719273056519686,0.14921777946151032,0.06404730209419386,23,38,2.0,39.0,0.6951076320939334,0.0,0.277,33,2058,0.1,0.15,45
50,25,true,,0.1123969868059083,0.37773187061617564,0.27026611879987517,43,46,19.0,49.0,0.7825377396980824,0.4916360669114647,0.2626,33,2058,0.1,0.15,45
20,10,false,,0.10987014615728956,0.174899658057871,0.09334600121900177,13,17,1.0,19.0,0.629307344239471,0.0,0.3012,34,2059,0.1,0.15,45
30,15,false,,0.12112993605644393,0.12743560079006036,0.007441036561018799,16,25,2.0,28.0,0.5232830820770519,0.0,0.2928,34,2059,0.1,0.15,45
40,20,false,,0.13002976696007085,0.11551441329816173,-0.017285874078727878,12,13,2.0,36.0,0.426781238811314,0.0,0.274,34,2059,0.1,0.15,45
50,25,false,,0.12039670887559166,0.11619066439681883,-0.004142053514779087,19,14,1.0,47.0,0.4750943396226415,0.1279245283018868,0.2528,34,2059,0.1,0.15,45
60,30,false,,0.2488943574817256,0.10770736413397909,-0.1205069311548992,5,2,1.0,29.0,0.21385542168674698,0.0,0.0472,34,2059,0.1,0.15,45
20,10,false,,0.1642515619146491,0.11482137333874795,-0.06111457089056119,6,1,1.0,19.0,0.41436077057793347,0.0,0.275,35,2060,0.1,0.15,45
30,15,false,,0.16543061619106372,0.11361639498219883,-0.0636725503277358,6,1,1.0,29.0,0.4464579901153213,0.0,0.2352,35,2060,0.1,0.15,45
40,20,false,,0.5014528844016649,0.09007499539194017,-0.4071231483861308,4,2,1.0,35.0,0.11697635135135136,0.0,0.2138,35,2060,0.1,0.15,45
50,25,false,,0.11793947311986495,0.195243159674286,0.0874319500232325,41,46,2.0,49.0,0.6543159609120521,0.4197882736156352,0.2768,35,2060,0.1,0.15,45
60,30,false,,0.12248323624307174,0.12937917468788931,0.02291256370148663,18,7,2.0,58.0,0.5795685795685795,0.08587708587708588,0.2478,35,2060,0.1,0.15,45
20,10,false,,0.10339472509662265,0.1563422287171289,0.055322402892995504,11,16,1.0,19.0,0.5869966752862948,0.0,0.2808,36,2061,0.1,0.15,45
30,15,false,,0.09919415458793229,0.17918266489644977,0.10324149714181996,19,26,1.0,29.0,0.6588957055214724,0.0,0.2652,36,2061,0.1,0.15,45
40,20,false,,0.12618707893968317,0.10702830762393703,-0.026238057197821435,8,3,1.0,37.0,0.4349232012934519,0.0,0.259,36,2061,0.1,0.15,45
50,25,false,,0.11695023491744394,0.17899994347211418,0.06453699782614197,39,47,3.0,48.0,0.6349918433931484,0.37846655791190864,0.2726,36,2061,0.1,0.15,45
60,30,false,,0.1264715752219672,0.1199524007275543,-0.0022549305054290064,20,2,1.0,50.0,0.4875864875864876,0.07773707773707773,0.2422,36,2061,0.1,0.15,45
20,10,false,,0.12288584048479304,0.4532827358494996,0.33816875278050995,15,16,2.0,19.0,0.764863957003695,0.0,0.2946,37,2062,0.1,0.15,45
30,15,false,,0.13292954721977035,0.1043205207279365,-0.029999206887528287,13,2,1.0,29.0,0.3910806174957118,0.0,0.2858,37,2062,0.1,0.15,45
40,20,false,,0.14082802217063875,0.11716882448366979,-0.030010382734458246,25,2,1.0,38.0,0.4461041582559548,0.0,0.218,37,2062,0.1,0.15,45
50,25,false,,0.14767774019494503,0.09701109540239881,-0.06297797228646626,11,6,2.0,47.0,0.2784204228161149,0.09772636617471081,0.2314,37,2062,0.1,0.15,45
60,30,false,,0.14884322389620916,0.10213648936252191,-0.05291310905280884,11,4,1.0,57.0,0.32744924977934686,0.07325684024713151,0.2036,37,2062,0.1,0.15,45
20,10,false,,0.10797274006798084,0.07226656726050554,-0.04507209987487008,8,2,1.0,19.0,0.3746681835419037,0.0,0.2304,38,2063,0.1,0.15,45
30,15,false,,0.07573604829167595,0.6726985437214096,0.5946549440409353,26,27,20.0,29.0,1.0,0.0,0.1562,38,2063,0.1,0.15,45
40,20,false,,0.11273386212217099,0.12155434570959732,0.009102713552045866,17,35,2.0,38.0,0.5411522633744856,0.0,0.264,38,2063,0.1,0.15,45
50,25,true,,0.11017683120301049,0.2137802521808165,0.10237881148482478,41,45,20.0,49.0,0.7285886610373945,0.45556895858464014,0.2654,38,2063,0.1,0.15,45
20,10,false,,0.08728760678207809,0.3653769898122712,0.2749638346124477,15,16,2.0,19.0,0.8141250878425861,0.0,0.2876,39,2064,0.1,0.15,45
30,15,false,,0.11940946198429638,0.13854723910758224,0.032575442820134,18,1,1.0,29.0,0.5609570831750854,0.0,0.251,39,2064,0.1,0.15,45
40,20,false,,0.1103601881800781,0.1748041110331281,0.074699467501342,31,36,3.0,39.0,0.6739293764087152,0.0,0.2754,39,2064,0.1,0.15,45
50,25,false,,0.12335304472555908,0.11759331796017451,-0.0030344377346352702,23,45,3.0,48.0,0.49170844581565754,0.23100655611261087,0.2624,39,2064,0.1,0.15,45
60,30,false,,0.1238334956175567,0.23376196355457568,0.1268507679465652,50,55,4.0,59.0,0.6947492163009404,0.0975705329153605,0.2082,39,2064,0.1,0.15,45
20,10,false,,0.14985029640319278,0.13990091854107456,0.000746720808055934,10,17,1.0,19.0,0.5019193857965452,0.0,0.2774,40,2065,0.1,0.15,45
30,15,false,,0.1395252237968777,0.10734412547781834,-0.04900834935835102,13,3,1.0,29.0,0.38971082716879624,0.0,0.2838,40,2065,0.1,0.15,45
40,20,true,,0.12395378519348114,0.2538027911849392,0.1424762626094129,33,36,2.0,39.0,0.7047756874095513,0.0,0.254,40,2065,0.1,0.15,45
20,10,false,,0.10727376638590144,0.41365585738986266,0.2965429642471151,15,18,1.0,19.0,0.72,0.0,0.2648,41,2066,0.1,0.15,45
30,15,false,,0.12513077692958294,0.09905236784433508,-0.03373973489817154,11,5,1.0,28.0,0.38695329873980727,0.0,0.2768,41,2066,0.1,0.15,45
40,20,false,,0.10966576788074117,0.5957718700630122,0.4777902756074207,35,35,20.0,39.0,0.8112975849365535,0.0,0.2462,41,2066,0.1,0.15,45
50,25,false,,0.12287716375673245,0.15494027108476954,0.049189660613448934,28,43,2.0,48.0,0.6389307228915663,0.2545180722891566,0.262,41,2066,0.1,0.15,45
60,30,false,,0.12334591677073016,0.13575484623184647,0.021421278141868547,31,15,5.0,58.0,0.5920477137176938,0.12445328031809146,0.2084,41,2066,0.1,0.15,45
20,10,false,,0.07967276630746367,0.17509264194026486,0.10342033343208323,13,16,1.0,19.0,0.6953352769679301,0.0,0.2888,42,2067,0.1,0.15,45
30,15,true,,0.09384913726978383,0.2386114749015427,0.15256844080698775,19,25,2.0,29.0,0.7537993920972644,0.0,0.2934,42,2067,0.1,0.15,45
20,10,false,,0.12551437290537001,0.20309816283880908,0.11793209205426539,11,16,1.0,19.0,0.5885399805762382,0.0,0.3076,43,2068,0.1,0.15,45
30,15,false,,0.11264444841866045,0.1784905535772853,0.0824654225505009,22,25,2.174999999999997,29.0,0.6392450142450142,0.0,0.2786,43,2068,0.1,0.15,45
40,20,false,,0.11630193854061052,0.12744805552489247,0.009643794578471407,21,34,2.0,39.0,0.5331799002685078,0.0,0.2728,43,2068,0.1,0.15,45
50,25,false,,0.12355787069376636,0.13310862282514668,0.012065008410158083,36,45,2.0,49.0,0.5237915407854985,0.27794561933534745,0.2558,43,2068,0.1,0.15,45
60,30,true,,0.12153197924958906,0.18902298995963457,0.08194607777988513,46,52,3.0,59.0,0.7108743570903747,0.1487876561351947,0.2412,43,2068,0.1,0.15,45
20,10,true,,0.11226677030778713,0.29607752539682647,0.1843155790446601,13,15,1.0,19.0,0.7166221628838452,0.0,0.2988,44,2069,0.1,0.15,45
20,10,false,,0.09714059168737696,0.08055237902803053,-0.015080050591028613,9,3,1.0,19.0,0.42941830307521306,0.0,0.2858,45,2070,0.1,0.15,45
30,15,false,,0.1072051195672413,0.15063160977756734,0.05572826763058481,19,25,1.0,29.0,0.6407547169811321,0.0,0.2796,45,2070,0.1,0.15,45
40,20,true,,0.10819814185053628,0.4791546012664735,0.37430529086811243,34,36,15.0,39.0,0.8305016181229773,0.0,0.2704,45,2070,0.1,0.15,45
20,10,false,,0.12475990421945592,0.2626711598174516,0.1510163602023426,15,16,2.0,19.0,0.7311245619624084,0.0,0.3006,46,2071,0.1,0.15,45
30,15,false,,0.11806629474643943,0.2631227743186654,0.15757659796770496,23,26,2.0,29.0,0.6648726228919986,0.0,0.2598,46,2071,0.1,0.15,45
40,20,false,,0.3460779129332461,0.09213254113772279,-0.26375145327164934,4,2,1.0,24.0,0.1380612673101133,0.0,0.2052,46,2071,0.1,0.15,45
50,25,false,,0.16333750638031405,0.08967372053409155,-0.08077076327119367,8,3,1.0,24.0,0.18141980718667836,0.0,0.1846,46,2071,0.1,0.15,45
60,30,false,,0.1518140891786804,0.1087224457270742,-0.04475173620788009,11,7,1.0,54.0,0.3207843137254902,0.038431372549019606,0.2514,46,2071,0.1,0.15,45
20,10,true,,0.10856288815879568,0.37270007612758854,0.2790807016493735,14,16,1.0,19.0,0.7398045163464779,0.0,0.2874,47,2072,0.1,0.15,45
20,10,false,,0.1412408017414588,0.1531988434157676,0.030473762027326157,11,15,1.0,19.0,0.5465297230003112,0.0,0.3018,48,2073,0.1,0.15,45
30,15,true,,0.13428496360714626,0.2686160947662057,0.1573061442972528,23,27,5.0,29.0,0.744920993227991,0.0,0.2742,48,2073,0.1,0.15,45
20,10,false,,0.13731042624406364,0.14472308763692635,0.007674144113284473,12,1,1.0,19.0,0.5255566008153026,0.0,0.2934,49,2074,0.1,0.15,45
30,15,false,,0.1130055002940919,0.4729121303986742,0.36070101480330097,25,27,2.0,29.0,0.8084077380952381,0.0,0.2648,49,2074,0.1,0.15,45
40,20,false,,0.17090428626640844,0.10608011480258027,-0.08044852661032148,9,2,1.0,36.0,0.2937062937062937,0.0,0.2538,49,2074,0.1,0.15,45
50,25,false,,0.1235641650144514,0.11980695674753115,-0.002690064329943051,36,44,2.0,48.0,0.49228333992876927,0.2770083102493075,0.2138,49,2074,0.1,0.15,45
60,30,false,,0.12726074075215077,0.22691988383655243,0.11860996481333337,46,58,2.0,59.0,0.6397646069777218,0.02816309373686423,0.2164,49,2074,0.1,0.15,45
20,10,false,,0.10637468600893357,0.551035277322827,0.4454064834261026,16,17,4.0,19.0,0.9010434197239987,0.0,0.2878,50,2075,0.1,0.15,45
30,15,false,,0.11029822611818507,0.5456364877719692,0.42766909781651735,25,28,2.0,29.0,0.7558502340093604,0.0,0.2478,50,2075,0.1,0.15,45
40,20,false,,0.1150894047729476,0.15009736212525193,0.05450357171587436,28,36,3.0,39.0,0.618560606060606,0.0,0.2706,50,2075,0.1,0.15,45
50,25,false,,0.15164969128350778,0.10431372996884412,-0.05147222535182308,14,2,1.0,47.0,0.35196435803969217,0.05589307411907655,0.2512,50,2075,0.1,0.15,45
60,30,false,,0.16716574782006896,0.10920914254325585,-0.07082271499764435,10,1,1.0,55.27500000000009,0.3417021276595745,0.10042553191489362,0.2206,50,2075,0.1,0.15,45
20,10,false,,0.100880691951016,0.5139997999317094,0.41102716993718513,15,16,4.0,19.0,0.9381877022653722,0.0,0.3038,51,2076,0.1,0.15,45
30,15,false,,0.12440968049733181,0.14125156012397191,0.031039619299360416,15,26,2.0,29.0,0.5712422562764917,0.0,0.301,51,2076,0.1,0.15,45
40,20,false,,0.14092265115456654,0.1228047974984599,-0.04727690239970088,17,1,1.0,39.0,0.4280973451327434,0.0,0.2364,51,2076,0.1,0.15,45
50,25,true,,0.1202862368418195,0.33485039805414757,0.21482258275342136,44,46,31.0,49.0,0.8012677106636839,0.6215510812826249,0.2376,51,2076,0.1,0.15,45
20,10,false,,0.10166506135796372,0.1686347983776656,0.07655103339562881,14,18,1.0,19.0,0.6408425562299179,0.0,0.2796,52,2077,0.1,0.15,45
30,15,true,,0.11418705564472693,0.41634797345227226,0.305803524944221,24,26,8.0,29.0,0.8164819944598338,0.0,0.2794,52,2077,0.1,0.15,45
20,10,false,,0.08642427987913504,0.0702670124572213,0.0006161662176258353,9,1,1.0,19.0,0.5053554040895814,0.0,0.1554,53,2078,0.1,0.15,45
30,15,false,,0.07845071714395824,0.0736502320942869,-0.00012181310639728521,7,2,1.0,28.225000000000136,0.4925799086757991,0.0,0.1094,53,2078,0.1,0.15,45
40,20,false,,0.2760716629624684,0.06667543713230804,-0.21615103361252078,3,1,1.0,35.0,0.3927536231884058,0.0,0.0408,53,2078,0.1,0.15,45
50,25,false,,0.0814266897453624,0.07958686683572264,-0.007131688584164242,8,4,1.0,18.0,0.48538409245411285,0.0,0.053,53,2078,0.1,0.15,45
60,30,false,,0.07903877694150897,0.08996730725600013,0.010043239889229692,24,23,14.0,43.0,0.6138448707256047,0.03919933277731443,0.0346,53,2078,0.1,0.15,45
20,10,false,,0.11272625902010196,0.21274268079332817,0.12229800541960495,14,15,1.0,19.0,0.625,0.0,0.2464,54,2079,0.1,0.15,45
30,15,false,,0.11906958730601361,0.18323116387228794,0.09546641912095355,16,26,1.0,29.0,0.6835790195406239,0.0,0.2912,54,2079,0.1,0.15,45
40,20,false,,0.5644252535131999,0.10482620042204842,-0.4624851932484555,3,1,1.0,36.0,0.17059066501445683,0.0,0.1934,54,2079,0.1,0.15,45
50,25,false,,0.12208122231238236,0.18963559813068656,0.07676366159241763,40,44,23.0,49.0,0.6979047619047619,0.41485714285714287,0.238,54,2079,0.1,0.15,45
60,30,false,,0.19129551330967431,0.11045825007684977,-0.09002508021697098,11,2,1.0,56.0,0.22727272727272727,0.05814905814905815,0.1792,54,2079,0.1,0.15,45
20,10,false,,0.19526627621169187,0.09719845526141412,-0.11028374837668908,5,1,1.0,18.0,0.2433931484502447,0.0,0.2826,55,2080,0.1,0.15,45
30,15,false,,0.10499999727111482,0.16860769056507505,0.06217805759520391,24,26,7.0,29.0,0.6407695153533112,0.0,0.2734,55,2080,0.1,0.15,45
40,20,false,,0.1193666720244981,0.11583789169218076,-8.209980741993861e-5,27,35,1.0,38.0,0.4986397201710066,0.0,0.2628,55,2080,0.1,0.15,45
50,25,true,,0.10467408513885905,0.4896873542554079,0.3745885492875185,42,45,13.0,49.0,0.8367258553486357,0.516240796881767,0.2156,55,2080,0.1,0.15,45
20,10,false,,0.12258515601809519,0.16573846096101877,0.06384776268857602,11,1,1.0,19.0,0.5799086757990868,0.0,0.2792,56,2081,0.1,0.15,45
30,15,false,,0.11387492421103348,0.1348507814820452,0.03918429200936611,14,28,1.0,29.0,0.5952380952380952,0.0,0.281,56,2081,0.1,0.15,45
40,20,false,,0.1298629611796946,0.11431055327748744,-0.014458261000663275,16,36,1.0,39.0,0.45244512899499423,0.0,0.2618,56,2081,0.1,0.15,45
50,25,false,,0.1536136608435489,0.10525644913774006,-0.044365302168416096,8,5,1.0,26.0,0.30497592295345105,0.0,0.2504,56,2081,0.1,0.15,45
60,30,true,,0.11585466101659461,0.461623368198905,0.3425646222125036,53,55,40.0,59.0,0.8288250211327134,0.18765849535080303,0.2386,56,2081,0.1,0.15,45
20,10,true,,0.09051968591234748,0.2571757027425902,0.16605014835723578,13,16,1.0,19.0,0.7011212333566924,0.0,0.2864,57,2082,0.1,0.15,45
20,10,false,,0.6997589504257808,0.0407076202612742,-0.6634493166480622,1,1,1.0,4.0,0.01157830591102986,0.0,0.0986,58,2083,0.1,0.15,45
30,15,false,,0.08258449875709627,0.1160932017430862,0.040668553556983955,14,2,1.0,29.0,0.5977011494252874,0.0,0.1564,58,2083,0.1,0.15,45
40,20,true,,0.06424670206609087,0.16416469564312053,0.0900183976521111,30,29,21.0,39.0,0.8167281672816729,0.0,0.078,58,2083,0.1,0.15,45
20,10,false,,0.09928737777809689,0.5482718568282685,0.44680325986798863,15,16,3.0,19.0,0.849290780141844,0.0,0.2854,59,2084,0.1,0.15,45
30,15,false,,0.10390749821380475,0.5353312695802034,0.4283386620186977,25,25,12.0,29.0,0.9162616822429906,0.0,0.2834,59,2084,0.1,0.15,45
40,20,true,,0.10826386319036849,0.4628735584097291,0.35017628787052946,33,36,3.0,39.0,0.7650978758850479,0.0,0.2382,59,2084,0.1,0.15,45
20,10,false,,0.1115511728292475,0.10599215127024192,-0.004419807588577893,10,4,1.0,19.0,0.4904547032280458,0.0,0.2794,60,2085,0.1,0.15,45
30,15,false,,0.11996544641705512,0.08906805379354821,-0.03574437582058488,9,2,1.0,29.0,0.4281632653061225,0.0,0.2146,60,2085,0.1,0.15,45
40,20,false,,0.10345233942339933,0.16239713887554616,0.06952463890193256,27,31,3.0,39.0,0.6665358964299726,0.0,0.2846,60,2085,0.1,0.15,45
50,25,true,,0.11158477017598939,0.41346382017362554,0.3102575943477146,42,45,25.0,49.0,0.8345209817893904,0.5150435471100554,0.2708,60,2085,0.1,0.15,45
20,10,false,,0.08665309277489189,0.4847864994657772,0.39617030437652323,16,16,2.549999999999997,19.0,0.9198706431908013,0.0,0.2956,61,2086,0.1,0.15,45
30,15,false,,0.1064209812000878,0.10864414931105591,0.0019824991856501745,17,6,1.0,29.0,0.5049741345005969,0.0,0.2504,61,2086,0.1,0.15,45
40,20,false,,0.09644166027140914,0.12089224515873481,0.03236115781173937,25,36,2.0,38.0,0.5819337267362688,0.0,0.1974,61,2086,0.1,0.15,45
50,25,true,,0.09921409577646659,0.20003992680341467,0.10619023849726587,42,43,16.450000000000003,49.0,0.7405329593267882,0.4731182795698925,0.15,61,2086,0.1,0.15,45
20,10,false,,0.07638075779024571,0.7219847693268429,0.6459295813650682,16,17,7.0,19.0,0.9426623897353649,0.0,0.2424,62,2087,0.1,0.15,45
30,15,false,,0.10309907020586667,0.148225430154951,0.06590720297821431,21,25,1.0,29.0,0.6226340694006309,0.0,0.2558,62,2087,0.1,0.15,45
40,20,false,,0.4387870178402022,0.08718636713756793,-0.35388974547544005,4,1,1.0,25.0,0.125,0.0,0.2394,62,2087,0.1,0.15,45
50,25,false,,0.11469420716559209,0.1686903045335427,0.06160614209330975,37,44,20.0,49.0,0.615686274509804,0.3207843137254902,0.268,62,2087,0.1,0.15,45
60,30,false,,0.13587423773001706,0.10680888617485215,-0.03104912528787704,19,16,2.0,37.0,0.37613542526837324,0.002064409578860446,0.206,62,2087,0.1,0.15,45
20,10,false,,0.09276842960299238,0.42418220444798366,0.3377711113023665,16,18,5.0,19.0,0.8163725122042809,0.0,0.2692,63,2088,0.1,0.15,45
30,15,false,,0.16343323446035285,0.08919367339452174,-0.0848121195943012,7,1,1.0,27.0,0.2925882809468374,0.0,0.24,63,2088,0.1,0.15,45
40,20,false,,0.6316548045227766,0.09014606203980297,-0.5321823875188325,3,2,1.0,11.025000000000091,0.07857142857142857,0.0,0.184,63,2088,0.1,0.15,45
50,25,false,,0.17896594220264128,0.10121819537139068,-0.08487347286984201,8,3,1.0,47.0,0.2760416666666667,0.0765224358974359,0.2586,63,2088,0.1,0.15,45
60,30,false,,0.12378488419627112,0.13128009456039974,0.01729449353993262,32,58,6.0,58.0,0.5571776155717761,0.07177615571776155,0.2252,63,2088,0.1,0.15,45
20,10,true,,0.11440079021883964,0.2627921044474419,0.1629459072745249,13,15,1.0,19.0,0.7475946119307249,0.0,0.2892,64,2089,0.1,0.15,45
20,10,false,,0.13159067888937864,0.17466687583948404,0.06664493526395428,11,16,1.0,19.0,0.6392405063291139,0.0,0.2964,65,2090,0.1,0.15,45
30,15,true,,0.1148409778525094,0.3554599602037044,0.2522828025961513,24,27,1.0,29.0,0.7644717800289436,0.0,0.2718,65,2090,0.1,0.15,45
20,10,true,,0.07803682467456641,0.3522663328501476,0.2698419750249056,14,15,3.0,19.0,0.8908629441624365,0.0,0.2876,66,2091,0.1,0.15,45
20,10,false,,0.1037840447033079,0.14089397398050582,0.05182202460953325,11,16,1.0,19.0,0.5788727401630628,0.0,0.291,67,2092,0.1,0.15,45
30,15,false,,0.1625730725352911,0.07982449971821891,-0.11141615844480554,7,1,1.0,28.0,0.3182616330114135,0.0,0.1814,67,2092,0.1,0.15,45
40,20,false,,0.0872418723152742,0.6086290691364542,0.5145236731183022,35,36,20.0,39.0,0.9630856601987695,0.0,0.1686,67,2092,0.1,0.15,45
50,25,false,,0.14936929859082695,0.08176222791211593,-0.0749019874783025,7,4,1.0,34.0,0.2394736842105263,0.0,0.123,67,2092,0.1,0.15,45
60,30,true,,0.09085274718548494,0.22013558911636452,0.1340260898779289,52,54,41.0,58.0,0.7403846153846154,0.1673076923076923,0.106,67,2092,0.1,0.15,45
20,10,false,,0.10217727994651689,0.1301282260374385,0.03690073729292154,11,14,1.0,18.0,0.6050558108995404,0.0,0.3198,68,2093,0.1,0.15,45
30,15,true,,0.10273895517034812,0.38113794093528713,0.28103098331488574,24,27,5.0,29.0,0.8776769509981851,0.0,0.2744,68,2093,0.1,0.15,45
20,10,true,,0.08076726767650996,0.37291013237609605,0.292349412620387,14,16,2.0,19.0,0.8592982456140351,0.0,0.2988,69,2094,0.1,0.15,45
20,10,false,,0.16947571607551984,0.19571898945131463,0.056075317155288684,11,1,1.0,19.0,0.578114912846998,0.0,0.273,70,2095,0.1,0.15,45
30,15,false,,0.14239201812647923,0.17194369922088348,0.05195722479888612,20,24,2.0,29.0,0.6215288611544462,0.0,0.2882,70,2095,0.1,0.15,45
40,20,false,,0.13889777790105506,0.12927869199977818,-0.0067767400247338155,25,35,2.0,39.0,0.4869481147276829,0.0,0.2448,70,2095,0.1,0.15,45
50,25,false,,0.23088098960002382,0.10736261104599908,-0.13073336225833482,6,2,1.0,20.0,0.12462686567164179,0.0,0.1864,70,2095,0.1,0.15,45
60,30,false,,0.21925927817189766,0.11333502108109526,-0.1098366968200212,6,6,1.0,22.0,0.11645848640705364,0.0,0.1896,70,2095,0.1,0.15,45
20,10,false,,0.12038108918249674,0.13827849186645386,0.01608973081580048,11,15,1.0,19.0,0.5330739299610895,0.0,0.3098,71,2096,0.1,0.15,45
30,15,false,,0.11500777476625745,0.16601000377268738,0.06340870299793885,19,24,1.0,29.0,0.6818336162988116,0.0,0.2886,71,2096,0.1,0.15,45
40,20,true,,0.11670542716846163,0.22681676431638795,0.11978241405350847,31,36,6.0,39.0,0.7634795111430626,0.0,0.262,71,2096,0.1,0.15,45
20,10,true,,0.08613298363821595,0.18819474295867025,0.11735137943712781,14,16,2.0,19.0,0.7145522388059702,0.0,0.2638,72,2097,0.1,0.15,45
20,10,false,,0.07597831391610174,0.13045920279602738,0.06031399271732268,13,16,1.0,19.0,0.6099058534588621,0.0,0.1984,73,2098,0.1,0.15,45
30,15,false,,0.09838124246014415,0.13369115922366914,0.04078382493918868,15,12,2.0,29.0,0.607457898957498,0.0,0.2874,73,2098,0.1,0.15,45
40,20,true,,0.10350256157942658,0.2665536115343234,0.16021503271445625,33,36,4.0,39.0,0.7331660393140945,0.0,0.2492,73,2098,0.1,0.15,45
20,10,false,,0.06955858302183095,0.44112664475902735,0.3684638128802556,16,16,4.0,19.0,0.847684809098294,0.0,0.2362,74,2099,0.1,0.15,45
30,15,false,,0.08923320484941728,0.0895972381272723,-0.0066109048892806915,11,1,1.0,29.0,0.49024512256128067,0.0,0.1568,74,2099,0.1,0.15,45
40,20,false,,0.11467251540739064,0.12361221714244974,0.01950273961578338,23,15,4.0,38.0,0.5648291925465838,0.0,0.2924,74,2099,0.1,0.15,45
50,25,false,,0.12357373952867708,0.1201285122816615,-0.002287546206811819,28,46,2.0,49.0,0.49580838323353293,0.2562874251497006,0.2714,74,2099,0.1,0.15,45
60,30,true,,0.11804479492158038,0.6188537195040831,0.49187745683476536,53,57,41.0,59.0,0.9270919635459818,0.20173985086992544,0.2364,74,2099,0.1,0.15,45
20,10,false,,0.1296306950772067,0.30998073272027976,0.20248082314784316,14,17,2.0,19.0,0.6729032258064516,0.0,0.295,75,2100,0.1,0.15,45
30,15,false,,0.1457047015690403,0.15315196725970726,0.0127044807210544,19,3,1.0,29.0,0.5166898470097357,0.0,0.2578,75,2100,0.1,0.15,45
40,20,true,,0.11851352616991008,0.296236233098131,0.17735319673671535,34,36,9.0,39.0,0.7485590778097982,0.0,0.2556,75,2100,0.1,0.15,45
20,10,false,,0.15954932939255204,0.15029515436683386,-0.0009096694716622111,8,3,1.0,18.47499999999991,0.4966686856450636,0.0,0.3056,76,2101,0.1,0.15,45
30,15,false,,0.12179387193147657,0.21504476227175368,0.11907217064672866,21,25,3.0,29.0,0.6668914362778152,0.0,0.283,76,2101,0.1,0.15,45
40,20,false,,0.12345905045763345,0.1196726410224133,-0.003078593443146288,24,36,2.0,38.0,0.4929676511954993,0.0,0.2644,76,2101,0.1,0.15,45
50,25,false,,0.14635936089757706,0.1072552023359493,-0.04296698994037183,12,3,1.0,48.0,0.3935882580146775,0.20702974121282347,0.228,76,2101,0.1,0.15,45
60,30,false,,0.31393777989938215,0.1003338445579792,-0.21358471331095522,6,3,1.0,24.0,0.11990111248454882,0.0,0.1742,76,2101,0.1,0.15,45
20,10,true,,0.09175572005694417,0.23187112058606998,0.16032687848223015,14,15,1.0,19.0,0.7230496453900709,0.0,0.2936,77,2102,0.1,0.15,45
20,10,false,,0.12399147559052565,0.08508970071954372,-0.04152952087854455,6,1,1.0,19.0,0.3823076923076923,0.0,0.2636,78,2103,0.1,0.15,45
30,15,false,,0.09420782976191173,0.1528760240354093,0.07602724045995453,17,27,2.0,29.0,0.6723856209150327,0.0,0.2628,78,2103,0.1,0.15,45
40,20,false,,0.4004990385877571,0.09151162110206376,-0.3218181857580768,4,2,1.0,22.0,0.14461407972858353,0.0,0.2284,78,2103,0.1,0.15,45
50,25,false,,0.12287882443732936,0.27376696149270185,0.16935212432927177,37,45,2.0,49.0,0.6530442035029191,0.36738949124270226,0.256,78,2103,0.1,0.15,45
60,30,false,,0.12923300215704597,0.2074222064137551,0.10310056073656708,44,57,2.0,58.0,0.6376035070628349,0.18119824646858257,0.169,78,2103,0.1,0.15,45
20,10,true,,0.07155309991621693,0.22250554513053689,0.1637993346269789,13,17,1.0,19.0,0.7778628877824588,0.0,0.2756,79,2104,0.1,0.15,45
20,10,false,,0.11137517430103717,0.39760255011008533,0.2762602668827027,15,16,1.0,19.0,0.7940686437854049,0.0,0.2872,80,2105,0.1,0.15,45
30,15,false,,0.11228345020821612,0.14192154140340824,0.051076810654038324,20,27,2.0,29.0,0.630527817403709,0.0,0.276,80,2105,0.1,0.15,45
40,20,false,,0.10918370254916335,0.41997282899873073,0.31052525368873585,35,36,17.0,39.0,0.8757668711656442,0.0,0.254,80,2105,0.1,0.15,45
50,25,false,,0.118273438726666,0.14892168160372246,0.04361611672683437,31,46,1.0,49.0,0.5964574509048902,0.22256449749711205,0.2616,80,2105,0.1,0.15,45
60,30,true,,0.11708297887906471,0.36956304109692195,0.25757626655853916,54,55,36.0,59.0,0.8406635802469136,0.12229938271604938,0.2224,80,2105,0.1,0.15,45
20,10,false,,0.11363418964669901,0.23325464159847903,0.12663480119801576,14,15,2.0,19.0,0.6970198675496688,0.0,0.3132,81,2106,0.1,0.15,45
30,15,false,,0.11698421078921806,0.15900238108330703,0.056891768774436954,17,26,2.0,28.0,0.6513026052104208,0.0,0.2876,81,2106,0.1,0.15,45
40,20,false,,0.19164591659631916,0.09782140831757116,-0.11891192816344759,6,1,1.0,34.0,0.18312040263259777,0.0,0.2214,81,2106,0.1,0.15,45
50,25,true,,0.11840227753360706,0.2842680995802261,0.16624142730338173,41,47,21.0,49.0,0.7023945267958951,0.4184720638540479,0.2482,81,2106,0.1,0.15,45
20,10,false,,0.10955285903255765,0.3499522810807686,0.25043022003082627,16,16,1.0,19.0,0.78125,0.0,0.28,82,2107,0.1,0.15,45
30,15,false,,0.12011140832656372,0.12376967636588934,0.011060198655296838,18,26,2.0,29.0,0.5210643015521065,0.0,0.2772,82,2107,0.1,0.15,45
40,20,false,,0.12704120834226146,0.12444130818076385,0.0027114476368342855,13,5,1.0,39.0,0.504698512137823,0.0,0.2516,82,2107,0.1,0.15,45
50,25,false,,0.35059339090743963,0.1008205919416389,-0.25560025101500883,4,2,1.0,29.0,0.1391304347826087,0.0,0.2034,82,2107,0.1,0.15,45
60,30,false,,0.12619660870996244,0.138408378410899,0.022350248230821324,40,56,2.0,59.0,0.5514937106918238,0.10259433962264151,0.2146,82,2107,0.1,0.15,45
20,10,false,,0.15593360463436606,0.14579525492254503,-0.018116610853980225,12,2,1.0,19.0,0.4728395061728395,0.0,0.2926,83,2108,0.1,0.15,45
30,15,false,,0.1438720253793235,0.14738613618260596,0.0010191270503099314,16,12,2.0,29.0,0.5013757260776521,0.0,0.2858,83,2108,0.1,0.15,45
40,20,false,,0.13597668930381157,0.1449653405501293,0.01822056239148409,29,36,3.0,39.0,0.5491514569324367,0.0,0.2578,83,2108,0.1,0.15,45
50,25,false,,0.1474142506050446,0.12956333317954452,-0.03403738981102794,22,3,1.0,49.0,0.4358336295769641,0.3185211517952364,0.209,83,2108,0.1,0.15,45
60,30,false,,0.14498395847839374,0.12653237679138452,-0.046679054482792734,43,2,1.0,58.0,0.38636363636363635,0.16293706293706295,0.1638,83,2108,0.1,0.15,45
20,10,false,,0.07646900722304478,0.617256922661064,0.5397595028473001,16,16,8.0,19.0,0.9699687987519501,0.0,0.2806,84,2109,0.1,0.15,45
30,15,false,,0.10693896685129618,0.13012597115216074,0.03299559126012372,16,27,1.0,29.0,0.5741857659831122,0.0,0.2718,84,2109,0.1,0.15,45
40,20,false,,0.09677799249982785,0.12502061422451802,0.03229749823593751,29,30,9.0,39.0,0.609375,0.0,0.2276,84,2109,0.1,0.15,45
50,25,false,,0.09945143935676562,0.10592276163847948,0.0036415708765102223,31,45,14.0,48.0,0.5069316081330869,0.20841035120147874,0.1666,84,2109,0.1,0.15,45
60,30,false,,0.15605901857242752,0.08726202722963543,-0.0713761541884421,10,3,2.0,36.0,0.2560446373217607,0.0,0.081,84,2109,0.1,0.15,45
20,10,false,,0.09023534605390873,0.10095975238535734,0.013421616382292098,10,1,1.0,19.0,0.5227088402270884,0.0,0.196,85,2110,0.1,0.15,45
30,15,true,,0.11202221708550077,0.18875938390161448,0.09578003267628077,17,22,2.0,28.0,0.7328068443566963,0.0,0.305,85,2110,0.1,0.15,45
20,10,false,,0.07295919006541055,0.38719784624126297,0.3083189544732351,15,17,5.0,19.0,0.8873027798647634,0.0,0.2892,86,2111,0.1,0.15,45
30,15,false,,0.10023637869882543,0.14513496313897373,0.057637509809603985,20,27,2.0,29.0,0.6288065843621399,0.0,0.2754,86,2111,0.1,0.15,45
40,20,false,,0.11105440468052745,0.1420586655049949,0.05208582722672017,21,9,2.0,38.0,0.6539189700870882,0.0,0.2924,86,2111,0.1,0.15,45
50,25,false,,0.1334236563461349,0.13513297360136584,0.00629565888914968,27,2,1.0,49.0,0.5125548027102431,0.24671183738541252,0.251,86,2111,0.1,0.15,45
60,30,false,,0.12364813080945232,0.1394616719492166,0.0362507054630034,19,5,2.0,58.0,0.589622641509434,0.05856918238993711,0.2496,86,2111,0.1,0.15,45
20,10,false,,0.14109784737359374,0.1562799314939783,0.015768480967561477,11,17,1.0,19.0,0.5407384803173635,0.0,0.3114,87,2112,0.1,0.15,45
30,15,false,,0.19938608856937723,0.091752159891177,-0.12320212805037681,5,1,1.0,26.0,0.2422145328719723,0.0,0.2442,87,2112,0.1,0.15,45
40,20,false,,0.1110002207751581,0.15609445371004402,0.04705953320809242,32,36,3.0,39.0,0.5793991416309013,0.0,0.2406,87,2112,0.1,0.15,45
50,25,false,,0.11437511390286466,0.1726815296246178,0.04917762951364535,41,41,21.0,49.0,0.6375192604006163,0.3956086286594761,0.2626,87,2112,0.1,0.15,45
60,30,true,,0.11532310691781938,0.7787252192345144,0.6526864648483189,54,56,2.0,59.0,0.8868250539956803,0.022894168466522678,0.2274,87,2112,0.1,0.15,45
20,10,false,,0.15030767486113486,0.2061789904292844,0.07549619277245015,14,16,1.0,19.0,0.5920566502463054,0.0,0.3028,88,2113,0.1,0.15,45
30,15,true,,0.1389350958664669,0.2529960273476449,0.13403852498347482,24,28,3.0,29.0,0.7316996544140748,0.0,0.2696,88,2113,0.1,0.15,45
20,10,false,,0.21281475959309182,0.11655306883114216,-0.1199532853341567,5,2,1.0,19.0,0.3574583758069997,0.0,0.2632,89,2114,0.1,0.15,45
30,15,false,,0.12270236912426893,0.1610619235882141,0.05963657039567423,21,26,1.0,29.0,0.6093693693693694,0.0,0.2626,89,2114,0.1,0.15,45
40,20,false,,0.13401171308756793,0.11304883966530674,-0.023731053369378738,18,18,2.0,37.0,0.3883989145183175,0.0,0.2694,89,2114,0.1,0.15,45
50,25,false,,0.1261667980690462,0.40606576402115496,0.26860638579793017,42,46,1.0,49.0,0.6912,0.4756,0.2128,89,2114,0.1,0.15,45
60,30,true,,0.12509719702872535,0.1884414061741579,0.07301901522686235,44,55,15.0,58.0,0.7562822719449226,0.1900172117039587,0.234,89,2114,0.1,0.15,45
20,10,false,,0.13047990410010296,0.12062442842641093,-0.0012921267271970988,9,4,1.0,19.0,0.4958347217594135,0.0,0.2978,90,2115,0.1,0.15,45
30,15,false,,0.13167390188200875,0.09547067366192417,-0.047732965251165896,10,8,1.0,28.0,0.3601930932046045,0.0,0.272,90,2115,0.1,0.15,45
40,20,false,,0.1882812334451877,0.10590490655734684,-0.09306667721168244,7,1,1.0,37.0,0.31492361927144535,0.0,0.2446,90,2115,0.1,0.15,45
50,25,false,,0.22071153593997395,0.09764560695794461,-0.12298942170875238,5,2,1.0,26.0,0.20166666666666666,0.0,0.228,90,2115,0.1,0.15,45
60,30,false,,0.15764436415398375,0.10628186377289586,-0.05731683191090023,12,2,1.0,39.0,0.27636363636363637,0.009696969696969697,0.2074,90,2115,0.1,0.15,45
20,10,false,,0.1084647625525444,0.43427445512930507,0.33961759125073565,15,15,1.0,19.0,0.7146718146718146,0.0,0.2344,91,2116,0.1,0.15,45
30,15,false,,0.11020784863769634,0.15695642092919757,0.05836850806428927,20,27,1.0,29.0,0.6104715930189379,0.0,0.2742,91,2116,0.1,0.15,45
40,20,true,,0.10793777677027118,0.30385242501551774,0.19406216230902662,31,35,2.0,39.0,0.7604669887278583,0.0,0.274,91,2116,0.1,0.15,45
20,10,false,,0.12219951069351316,0.16602999361910756,0.0608640072496764,12,15,1.0,19.0,0.6102868447082097,0.0,0.2916,92,2117,0.1,0.15,45
30,15,false,,0.13319491267928643,0.11737757225235167,-0.02110889135564413,12,1,1.0,28.0,0.4500179147259047,0.0,0.265,92,2117,0.1,0.15,45
40,20,false,,0.49572103411303303,0.09944512494839913,-0.3950662124309583,3,2,1.0,18.0,0.1452991452991453,0.0,0.2236,92,2117,0.1,0.15,45
50,25,false,,0.30456510553304034,0.10470315574167148,-0.20988849840595192,4,1,1.0,32.0,0.17704517704517705,0.011803011803011803,0.2124,92,2117,0.1,0.15,45
60,30,false,,0.12078816645952477,0.1527715772055978,0.03099477198543822,45,49,7.0,58.0,0.6188650306748467,0.24846625766871167,0.2464,92,2117,0.1,0.15,45
20,10,true,,0.12764854736163025,0.2519117151086204,0.14250625319412447,14,17,1.0,19.0,0.7428571428571429,0.0,0.3096,93,2118,0.1,0.15,45
20,10,true,,0.09282776209498503,0.19405679924634325,0.11314290188958903,12,16,1.0,19.0,0.7499156260546743,0.0,0.309,94,2119,0.1,0.15,45
20,10,false,,0.09391153669294115,0.12595732094974563,0.04692948738814556,12,16,1.0,19.0,0.5511551155115512,0.0,0.2632,95,2120,0.1,0.15,45
30,15,false,,0.15990250648618398,0.09166495108305373,-0.07954064852789684,5,1,1.0,28.0,0.34731543624161076,0.0,0.228,95,2120,0.1,0.15,45
40,20,false,,0.11682552378225675,0.2525847519491889,0.13959235712771856,31,35,1.0,39.0,0.6686795491143317,0.0,0.279,95,2120,0.1,0.15,45
50,25,false,,0.35515161835514675,0.0897036020860188,-0.26007182350531866,5,2,1.0,41.0,0.1515817223198594,0.022847100175746926,0.2006,95,2120,0.1,0.15,45
60,30,false,,0.6267037015098567,0.09285590517249094,-0.5291777011363692,3,1,1.0,17.0,0.06942236354001059,0.0,0.1538,95,2120,0.1,0.15,45
20,10,false,,0.09017224523062346,0.5136883641690995,0.4175819314999166,16,16,4.0,19.0,0.9310595065312046,0.0,0.2878,96,2121,0.1,0.15,45
30,15,true,,0.10757263010140239,0.20239836568779382,0.11126400348221531,19,26,1.0,29.0,0.7019478133039324,0.0,0.287,96,2121,0.1,0.15,45
20,10,false,,0.09289156578051713,0.18059654647944864,0.0979826747251705,13,17,1.0,19.0,0.6381818181818182,0.0,0.2868,97,2122,0.1,0.15,45
30,15,false,,0.0934198805626284,0.1090111264341064,0.013414872816848267,18,2,1.0,29.0,0.5350210970464135,0.0,0.2168,97,2122,0.1,0.15,45
40,20,true,,0.1042807109104285,0.5954772842436992,0.4870536373528345,33,36,2.0,39.0,0.7979319258940112,0.0,0.2292,97,2122,0.1,0.15,45
20,10,false,,0.16025373894273745,0.1283036989024447,-0.04061633709863437,8,1,1.0,19.0,0.41800246609124536,0.0,0.316,98,2123,0.1,0.15,45
30,15,false,,0.1265516976410967,0.1641839726258918,0.053193928167713664,21,26,1.125,29.0,0.6077844311377245,0.0,0.2942,98,2123,0.1,0.15,45
40,20,false,,0.1321918615563078,0.09983921625491561,-0.04751065451034556,15,3,1.0,37.0,0.3405823811279027,0.0,0.246,98,2123,0.1,0.15,45
50,25,false,,0.22937452317972298,0.09540471034035573,-0.14188133502423506,7,2,1.0,23.0,0.10850801479654747,0.0,0.2058,98,2123,0.1,0.15,45
60,30,false,,0.15484158842466578,0.1112545584114575,-0.05002851782550023,11,4,1.0,47.0,0.34261407579273007,0.04949729311678268,0.2366,98,2123,0.1,0.15,45
20,10,false,,0.10898016472626039,0.7097792418695743,0.5936434933424739,16,16,9.0,19.0,0.9492526937782412,0.0,0.276,99,2124,0.1,0.15,45
30,15,false,,0.11566125207589416,0.2834477324128176,0.1681005399677126,23,27,2.0,29.0,0.6988082340195017,0.0,0.2852,99,2124,0.1,0.15,45
40,20,false,,0.11456466274116886,0.17993968179519565,0.07455939694438961,27,36,2.0,39.0,0.6869469026548672,0.0,0.2768,99,2124,0.1,0.15,45
50,25,false,,0.12551098357022708,0.11740463092922021,-0.015534769682692434,20,3,1.0,48.0,0.46153846153846156,0.22080510163411718,0.2372,99,2124,0.1,0.15,45
60,30,false,,0.14374384569724924,0.11172419069355556,-0.05080869038085928,22,5,1.0,55.0,0.32265625,0.073828125,0.2278,99,2124,0.1,0.15,45
20,10,false,,0.11234891915935069,0.15018176839218975,0.04219063219811289,9,1,1.0,18.0,0.6154094132817537,0.0,0.2978,100,2125,0.1,0.15,45
30,15,false,,0.10336798625172358,0.23410667895588338,0.13523912518245276,24,26,3.0,29.0,0.6939010356731876,0.0,0.2612,100,2125,0.1,0.15,45
40,20,false,,0.1141612798201592,0.1412121176643725,0.036610310864249304,26,35,4.0,38.0,0.6191369606003753,0.0,0.2726,100,2125,0.1,0.15,45
50,25,false,,0.11484460284081507,0.14378601748373926,0.0430305908167422,29,46,2.0,48.0,0.6245011971268954,0.2326416600159617,0.2622,100,2125,0.1,0.15,45
60,30,false,,0.15047140779349566,0.1177390187148533,-0.03110195524554757,9,6,1.0,41.0,0.3985167837626854,0.01405152224824356,0.2212,100,2125,0.1,0.15,45
20,10,false,,0.2329411928072614,0.10048006562579308,-0.12765228195360734,4,1,1.0,18.0,0.34102079395085066,0.0,0.2424,101,2126,0.1,0.15,45
30,15,false,,0.09617110253649848,0.7441236270386011,0.6244585594927101,26,28,15.0,29.0,0.9021551724137931,0.0,0.2722,101,2126,0.1,0.15,45
40,20,false,,0.11053998779389004,0.6612272184282681,0.5441437079187126,35,35,10.0,39.0,0.9686209744013212,0.0,0.2722,101,2126,0.1,0.15,45
50,25,false,,0.11779157046263891,0.17458287115577978,0.06538823150198458,38,45,5.0,49.0,0.6956680014561339,0.33782307972333453,0.2738,101,2126,0.1,0.15,45
60,30,false,,0.12340186167831145,0.13620734094928946,0.01822575693659484,27,7,2.0,55.0,0.583679637325274,0.09935776350585569,0.229,101,2126,0.1,0.15,45
20,10,false,,0.11216454053213737,0.13686687862582503,0.030788665235365796,12,16,1.0,19.0,0.5890767230169051,0.0,0.2708,102,2127,0.1,0.15,45
30,15,false,,0.10432603050142128,0.16182250618297217,0.06363848358152054,21,25,3.0,28.0,0.692905047652665,0.0,0.2962,102,2127,0.1,0.15,45
40,20,false,,0.17333598863433325,0.09696394568881885,-0.07879553920141927,6,3,1.0,25.0,0.28154158215010144,0.0,0.2696,102,2127,0.1,0.15,45
50,25,false,,0.21261742268317643,0.0992466562789495,-0.10888781288627045,6,4,1.0,24.47499999999991,0.21056977704376548,0.0,0.2362,102,2127,0.1,0.15,45
60,30,false,,0.13595797004788476,0.10318667342209441,-0.04609390321028191,10,4,1.0,56.0,0.31616119651017865,0.0901537183215621,0.236,102,2127,0.1,0.15,45
20,10,false,,0.1523618314525177,0.09965778207339189,-0.06744184117925506,7,3,1.0,18.0,0.30666666666666664,0.0,0.3044,103,2128,0.1,0.15,45
30,15,false,,0.1252599626627292,0.1569726684253199,0.04706277648164171,20,26,1.0,29.0,0.5692079940784603,0.0,0.2516,103,2128,0.1,0.15,45
40,20,false,,0.26668775120408283,0.08302253893117338,-0.18366521227290944,4,2,1.0,25.0,0.10881484605651624,0.0,0.2148,103,2128,0.1,0.15,45
50,25,false,,0.1239254724568861,0.15198496161499214,0.04983321374407995,31,46,3.0,48.0,0.596429957314707,0.21497865735351185,0.2744,103,2128,0.1,0.15,45
60,30,true,,0.1168184681238133,0.2828617006745462,0.1653159418121618,47,57,2.0,58.0,0.785050505050505,0.19595959595959597,0.2228,103,2128,0.1,0.15,45
20,10,false,,0.11098352251688437,0.21672950223921772,0.12114167434891694,12,16,1.0,19.0,0.6610286503279255,0.0,0.2966,104,2129,0.1,0.15,45
30,15,false,,0.11403455417027362,0.11700061775997639,0.002194598069700987,13,6,1.0,29.0,0.5044690740078656,0.0,0.2814,104,2129,0.1,0.15,45
40,20,false,,0.11745998510394792,0.27874511218284004,0.17044710172678615,32,36,1.0,39.0,0.6935612082670907,0.0,0.2592,104,2129,0.1,0.15,45
50,25,false,,0.11512951024891387,0.11619656382579852,0.004613465783975396,29,43,2.0,48.0,0.5248904818797292,0.23138191955396256,0.2522,104,2129,0.1,0.15,45
60,30,true,,0.520218224073505,0.5713292310368032,0.05111100696329818,21,21,21.0,21.0,1.0,0.0,0.0002,104,2129,0.1,0.15,45
20,10,false,,0.10961365506990206,0.36179247876765525,0.253934408121123,15,15,2.0,19.0,0.7716274444812727,0.0,0.2952,105,2130,0.1,0.15,45
30,15,false,,0.11293701190833694,0.14426093344370344,0.04924340358278327,18,26,1.0,29.0,0.6193286610106972,0.0,0.2486,105,2130,0.1,0.15,45
40,20,false,,0.15092454758326107,0.10749201840171285,-0.06310616390908962,9,4,1.0,35.0,0.3576388888888889,0.0,0.2564,105,2130,0.1,0.15,45
50,25,true,,0.11512213458334,0.44124815261198885,0.3177092721986964,42,48,5.625000000000007,49.0,0.8049472830494728,0.48905109489051096,0.2566,105,2130,0.1,0.15,45
20,10,true,,0.10815100725956504,0.446384081595408,0.3471946864945298,14,16,1.0,19.0,0.7155835080363382,0.0,0.2958,106,2131,0.1,0.15,45
20,10,false,,0.12799660797824514,0.2016267166962551,0.09756688721102583,13,17,1.0,19.0,0.6210976010515938,0.0,0.2962,107,2132,0.1,0.15,45
30,15,false,,0.1124909158829934,0.2297103329155177,0.14309143158409185,20,26,2.0,29.0,0.6634756995581738,0.0,0.2754,107,2132,0.1,0.15,45
40,20,false,,0.11868958253985844,0.17327965792279962,0.07592745323560392,28,36,2.0,39.0,0.6170974155069583,0.0,0.2678,107,2132,0.1,0.15,45
50,25,false,,0.14576548044306079,0.10667646352216083,-0.05932223512520529,10,4,1.0,48.0,0.3640856672158155,0.12273476112026359,0.2484,107,2132,0.1,0.15,45
60,30,false,,0.289035483920365,0.10240305392708512,-0.18599561218586344,5,2,1.0,34.0,0.19055868341273277,0.0,0.1954,107,2132,0.1,0.15,45
20,10,false,,0.07413484881637972,0.6692741120133525,0.586318079903571,16,16,4.0,19.0,0.9063625450180072,0.0,0.2418,108,2133,0.1,0.15,45
30,15,true,,0.06628556091959817,0.2633556652791819,0.19623063977576338,23,26,12.0,29.0,0.8972182932578973,0.0,0.1428,108,2133,0.1,0.15,45
20,10,false,,0.20273818459154466,0.11245871179147462,-0.10606915878037396,6,2,1.0,18.0,0.40829399865138233,0.0,0.2486,109,2134,0.1,0.15,45
30,15,false,,0.129121098804277,0.09910019777254091,-0.03539496819164663,19,26,2.0,29.0,0.38528896672504376,0.0,0.2678,109,2134,0.1,0.15,45
40,20,false,,0.3137975194776085,0.09142113158875864,-0.22954553741041106,4,2,1.0,12.0,0.13227291753871914,0.0,0.2064,109,2134,0.1,0.15,45
50,25,false,,0.13708253183142924,0.10980661747567884,-0.037452355215585625,19,2,1.0,48.0,0.43613963039014375,0.17494866529774128,0.2234,109,2134,0.1,0.15,45
60,30,false,,0.12382222952361814,0.12207367665395982,-0.0026320574002202946,21,56,2.0,58.0,0.4887662593614505,0.034686637761135196,0.2296,109,2134,0.1,0.15,45
20,10,false,,0.09538197933350093,0.17103915455860974,0.09053242399152533,13,16,1.0,19.0,0.6550610193826274,0.0,0.3016,110,2135,0.1,0.15,45
30,15,false,,0.12463229961594653,0.1228263284438607,-0.006956264540708787,10,1,1.0,28.0,0.48514142499104906,0.0,0.2636,110,2135,0.1,0.15,45
40,20,false,,0.18511487339291804,0.09073637987599896,-0.09870097836465438,6,3,1.0,24.0,0.23209169054441262,0.0,0.2244,110,2135,0.1,0.15,45
50,25,false,,0.11900503088194893,0.16822274551470326,0.06326634756570867,34,46,4.0,48.0,0.6546651180797523,0.3147502903600465,0.2624,110,2135,0.1,0.15,45
60,30,true,,0.11952445289963497,0.38565496608657657,0.2741363902093199,50,55,7.0,59.0,0.742992499013028,0.12554283458349783,0.2318,110,2135,0.1,0.15,45
20,10,false,,0.0945780952446039,0.09618137941750834,0.0002369418625201014,9,8,1.0,18.0,0.5010845986984815,0.0,0.302,111,2136,0.1,0.15,45
30,15,true,,0.11257777915842514,0.30996167216145076,0.20647218037073556,22,26,1.0,29.0,0.7532991202346041,0.0,0.2756,111,2136,0.1,0.15,45
20,10,false,,0.11194687350545834,0.5384118979125279,0.41426333261606796,15,16,3.0,19.0,0.8798076923076923,0.0,0.2896,112,2137,0.1,0.15,45
30,15,false,,0.14195704801532835,0.10335664348197922,-0.048823883763571316,9,2,1.0,27.0,0.34279918864097364,0.0,0.2826,112,2137,0.1,0.15,45
40,20,false,,0.2421066564178993,0.0929099902142488,-0.14870807883214773,5,2,1.0,37.0,0.21512333198544278,0.0,0.2248,112,2137,0.1,0.15,45
50,25,false,,0.12485710005249193,0.13668478677301843,0.024662983141052086,37,47,1.0,49.0,0.5561820378574305,0.33266210229561016,0.247,112,2137,0.1,0.15,45
60,30,false,,0.737965773920872,0.10292299183750586,-0.6402642038498719,3,2,1.0,11.0,0.06320431161195493,0.0,0.1728,112,2137,0.1,0.15,45
20,10,false,,0.09234333616393031,0.25277260895574516,0.17095869013103668,14,17,1.0,19.0,0.6998171846435101,0.0,0.2878,113,2138,0.1,0.15,45
30,15,false,,0.10481389967472036,0.09707579896645344,-0.0039513343332165385,10,2,1.0,28.0,0.4877843302443134,0.0,0.2148,113,2138,0.1,0.15,45
40,20,false,,0.11218177007484272,0.12625310763267328,0.02495924662769934,24,28,2.0,39.0,0.5666019417475728,0.0,0.2902,113,2138,0.1,0.15,45
50,25,true,,0.11295959632400374,0.23899533819890087,0.14009671943784952,36,47,3.0,49.0,0.7376984126984127,0.31825396825396823,0.2868,113,2138,0.1,0.15,45
20,10,false,,0.1503998797249211,0.1693309177596301,0.02366552682971644,10,16,1.0,19.0,0.55696951760876,0.0,0.3184,114,2139,0.1,0.15,45
30,15,false,,0.11823085792488602,0.578127776771875,0.4487139805059146,25,26,6.0,29.0,0.7667627974044701,0.0,0.2626,114,2139,0.1,0.15,45
40,20,false,,0.14600583099054795,0.10802434063967006,-0.05349417713859814,14,1,1.0,39.0,0.318529304696032,0.0,0.2374,114,2139,0.1,0.15,45
50,25,false,,0.14358528484382418,0.11569899286759514,-0.03454000341170842,11,3,1.0,46.0,0.3981751824817518,0.11678832116788321,0.244,114,2139,0.1,0.15,45
60,30,false,,0.15224712911800622,0.12016602613779359,-0.03702044333026741,9,9,1.0,33.0,0.3418738049713193,0.0,0.2148,114,2139,0.1,0.15,45
20,10,false,,0.09023174107942086,0.14756069302450894,0.06539667187371964,10,16,1.0,19.0,0.6210287443267776,0.0,0.2646,115,2140,0.1,0.15,45
30,15,false,,0.10625907850656426,0.075609935184393,-0.03695789885638297,11,2,1.0,28.0,0.345636126791142,0.0,0.2092,115,2140,0.1,0.15,45
40,20,true,,0.08678251757228699,0.2543092305296204,0.1644170668162097,33,36,8.0,39.0,0.856951871657754,0.0,0.1692,115,2140,0.1,0.15,45
20,10,false,,0.10458181172836666,0.15378598093250112,0.06029630123123181,12,17,1.0,19.0,0.6207016325112886,0.0,0.2834,116,2141,0.1,0.15,45
30,15,false,,0.16708485709994778,0.10375948772096073,-0.07431408932662553,6,1,1.0,28.0,0.34688736955739474,0.0,0.2656,116,2141,0.1,0.15,45
40,20,false,,0.14065836487402775,0.10505636653269779,-0.04081487354932048,8,3,1.0,36.0,0.38024790083966414,0.0,0.2686,116,2141,0.1,0.15,45
50,25,false,,0.12263303378794795,0.1360430174888921,0.035359620103843345,17,5,1.0,49.0,0.5959952885747939,0.24774244208873183,0.2506,116,2141,0.1,0.15,45
60,30,true,,0.11674384804850688,0.2768063062992004,0.15387906973848647,51,54,33.425,59.0,0.8449197860962567,0.18869365928189458,0.2116,116,2141,0.1,0.15,45
20,10,false,,0.15805255620629088,0.11808860807616306,-0.051306968917630244,9,1,1.0,19.0,0.38225593667546176,0.0,0.2754,117,2142,0.1,0.15,45
30,15,false,,0.16890522024577465,0.12569677095203668,-0.061357833197504416,7,1,1.0,28.875,0.4403470715835141,0.0,0.2414,117,2142,0.1,0.15,45
40,20,false,,0.14946636448986794,0.10639345142147791,-0.07021315244571842,12,3,1.0,39.0,0.3950419832067173,0.0,0.2074,117,2142,0.1,0.15,45
50,25,false,,0.18068793407370923,0.08588168874114399,-0.10380772478594873,8,4,1.0,31.0,0.1224578104716573,0.0,0.1894,117,2142,0.1,0.15,45
60,30,false,,0.1762734223941556,0.09988751792742173,-0.07609915767184666,9,4,1.0,55.0,0.24221611721611722,0.01510989010989011,0.1784,117,2142,0.1,0.15,45
20,10,true,,0.09590892260969934,0.3180358578190366,0.22296559274415473,14,17,3.0,19.0,0.8434410019775873,0.0,0.3112,118,2143,0.1,0.15,45
20,10,false,,0.0793023087480968,0.5539023570730562,0.4734254214748844,15,16,2.0,19.0,0.880074487895717,0.0,0.2922,119,2144,0.1,0.15,45
30,15,false,,0.08829332787446348,0.09539365820081568,0.007644317675748788,13,11,1.7000000000000028,27.0,0.5354394491697043,0.0,0.2348,119,2144,0.1,0.15,45
40,20,false,,0.08587759109704719,0.7387341250132861,0.64329571485533,36,37,22.0,39.0,0.958656330749354,0.0,0.1536,119,2144,0.1,0.15,45
50,25,true,,0.092105908541875,0.19526469640374922,0.09885632194803723,41,44,27.0,49.0,0.7580246913580246,0.4528395061728395,0.1168,119,2144,0.1,0.15,45
20,10,false,,0.07995423417416851,0.266118939763921,0.1892043834973008,15,16,2.0,19.0,0.7579570688378978,0.0,0.2952,120,2145,0.1,0.15,45
30,15,false,,0.24513133786197597,0.06381371469498087,-0.18649497340551924,4,1,1.0,29.0,0.3113258185721954,0.0,0.1322,120,2145,0.1,0.15,45
40,20,false,,0.084807447198999,0.09268264019270576,0.016263139849653677,14,5,2.0,38.0,0.5570752235665439,0.0,0.1186,120,2145,0.1,0.15,45
50,25,false,,0.08959259285406267,0.0933736141701989,-0.004873995861707968,24,24,3.0,40.0,0.4865497076023392,0.012280701754385965,0.0874,120,2145,0.1,0.15,45
60,30,false,,0.08517138507334802,0.11279629631185525,0.0270441197330583,44,42,33.0,56.0,0.5966005665722379,0.398300283286119,0.0714,120,2145,0.1,0.15,45
20,10,false,,0.08137621191530792,0.5270885458997626,0.4429524326273664,15,17,2.0,19.0,0.9193724917913171,0.0,0.2898,121,2146,0.1,0.15,45
30,15,false,,0.8069045909663788,0.08011885601844085,-0.7256618440300688,2,1,1.0,9.0,0.013725490196078431,0.0,0.168,121,2146,0.1,0.15,45
40,20,true,,0.10730976310786547,0.5186025131271549,0.3971236261858606,34,35,10.0,39.0,0.8268,0.0,0.2898,121,2146,0.1,0.15,45
20,10,false,,0.11080594018713996,0.11809025099574665,0.01945418752068966,13,16,1.0,19.0,0.5364472753007785,0.0,0.2748,122,2147,0.1,0.15,45
30,15,false,,0.11840280881022887,0.12191462476907297,0.008067017119229414,15,3,1.0,28.0,0.523943661971831,0.0,0.2858,122,2147,0.1,0.15,45
40,20,false,,0.13013611909906903,0.13221187119041053,0.005008544923559649,25,1,1.0,39.0,0.5102198225993059,0.0,0.2578,122,2147,0.1,0.15,45
50,25,false,,0.12578914771921845,0.11450055011402022,-0.004545429575963059,21,4,2.0,48.0,0.4777403666292555,0.16647961092405536,0.2696,122,2147,0.1,0.15,45
60,30,false,,0.1807023590732289,0.11204276292506192,-0.07032486401729499,7,2,1.0,35.0,0.29953527672158853,0.0,0.1738,122,2147,0.1,0.15,45
20,10,false,,0.11732981757980003,0.23595733362872823,0.12079123407257791,15,17,1.0,19.0,0.6748687664041995,0.0,0.2958,123,2148,0.1,0.15,45
30,15,false,,0.13054078344319903,0.1169615285353454,0.005129083482958263,9,2,1.0,29.0,0.507527733755943,0.0,0.2426,123,2148,0.1,0.15,45
40,20,true,,0.11139080149095291,0.2624064640598394,0.15351188300409,33,35,10.0,39.0,0.7063369397217929,0.0,0.2718,123,2148,0.1,0.15,45
20,10,true,,0.1537329066624133,0.2764131309372547,0.14718657095769763,14,16,2.0,19.0,0.7267194157029824,0.0,0.3178,124,2149,0.1,0.15,45
20,10,false,,0.13288542986617805,0.2724408986109317,0.15829562616464493,13,16,1.0,19.0,0.5729472140762464,0.0,0.2554,125,2150,0.1,0.15,45
30,15,false,,0.11671658244975926,0.7318884526776575,0.61016703423692,26,26,11.0,29.0,0.9555077143882311,0.0,0.2516,125,2150,0.1,0.15,45
40,20,false,,0.13358826034283552,0.11381563646993456,-0.019704300501462102,18,2,1.0,38.0,0.4540702016430172,0.0,0.2602,125,2150,0.1,0.15,45
50,25,false,,0.3007926300353306,0.09731755241583921,-0.19792360551335614,4,2,1.0,17.0,0.1268808458723058,0.0,0.2146,125,2150,0.1,0.15,45
60,30,true,,0.11815984112492725,0.49168845044900733,0.3729414950794939,54,56,44.0,59.0,0.8249504950495049,0.13346534653465347,0.211,125,2150,0.1,0.15,45
20,10,false,,0.13776856705850568,0.17193451950892386,0.04091081169656553,13,16,1.0,19.0,0.5565583634175691,0.0,0.3084,126,2151,0.1,0.15,45
30,15,false,,0.14410756794842153,0.10466405584882187,-0.05622148002655181,11,4,1.0,28.0,0.3522210563133963,0.0,0.288,126,2151,0.1,0.15,45
40,20,false,,0.14935557795018292,0.09468147944082708,-0.07726164693176832,13,2,1.0,38.0,0.30073349633251834,0.0,0.2492,126,2151,0.1,0.15,45
50,25,false,,0.16175078157653522,0.10774212071557611,-0.0665812388192234,10,5,1.0,46.0,0.3285280728376328,0.07132018209408195,0.2522,126,2151,0.1,0.15,45
60,30,true,,0.11511666140330026,0.46855340171757476,0.3499046304838125,51,55,36.0,59.0,0.8985959438377535,0.24180967238689546,0.2586,126,2151,0.1,0.15,45
20,10,false,,0.083362445048286,0.16314066473853828,0.07305116311066012,12,15,1.0,19.0,0.6747032640949555,0.0,0.3028,127,2152,0.1,0.15,45
30,15,false,,0.08343216055715576,0.6002380791030131,0.48740013649087177,25,27,3.0,29.0,0.8242238740708352,0.0,0.2058,127,2152,0.1,0.15,45
40,20,false,,0.8069014568777813,0.06025037199311724,-0.727057588680411,1,1,1.0,4.0,0.0,0.0,0.0574,127,2152,0.1,0.15,45
50,25,false,,0.1145750552109341,0.14189341209511624,0.0378180388432678,39,43,4.0,48.0,0.5995991983967935,0.4072144288577154,0.2568,127,2152,0.1,0.15,45
60,30,false,,0.45333439966550076,0.10427844308452357,-0.351878448983426,4,3,1.0,29.0,0.16166592028660995,0.0,0.2134,127,2152,0.1,0.15,45
20,10,true,,0.09778388700435356,0.21227692932715375,0.11634344389351908,12,14,1.0,19.0,0.7445563860903477,0.0,0.3288,128,2153,0.1,0.15,45
20,10,false,,0.2068919275095234,0.06460600838117907,-0.1533690091744777,4,1,1.0,19.0,0.2949609035621199,0.0,0.162,129,2154,0.1,0.15,45
30,15,false,,0.1750599496388731,0.09476266580133479,-0.08457265430015923,5,1,1.0,28.0,0.2911543038476795,0.0,0.2336,129,2154,0.1,0.15,45
40,20,false,,0.12097070640030805,0.11198182545415648,0.001883231320087976,14,6,2.0,38.0,0.505939123979213,0.0,0.2942,129,2154,0.1,0.15,45
50,25,false,,0.14794594563731034,0.11758872620622501,-0.02964581341512504,7,3,1.0,49.0,0.4299537231804796,0.2095077829196466,0.255,129,2154,0.1,0.15,45
60,30,false,,0.13105750081660072,0.11155936520283655,-0.024841166406774952,22,4,1.0,58.0,0.401219512195122,0.04552845528455285,0.22,129,2154,0.1,0.15,45
20,10,false,,0.1203903757620603,0.0700034498024093,-0.06004688683685204,7,1,1.0,19.0,0.3304056879966541,0.0,0.2232,130,2155,0.1,0.15,45
30,15,false,,0.0717401366941102,0.6206908065382692,0.5666743417595415,25,26,3.0,29.0,0.8199195171026157,0.0,0.1378,130,2155,0.1,0.15,45
40,20,false,,0.48350942775542477,0.06252780493968489,-0.41661679714185473,2,1,1.0,17.0,0.15429831006612785,0.0,0.045,130,2155,0.1,0.15,45
50,25,false,,0.09007707395354278,0.08003602327211608,-0.005021590486647173,15,1,1.0,29.0,0.47707847707847706,0.0,0.0402,130,2155,0.1,0.15,45
60,30,false,,0.06662306782471701,0.4103993946420497,0.3627814121038782,56,57,51.0,59.0,1.0,0.0,0.0154,130,2155,0.1,0.15,45
20,10,false,,0.10995522889728022,0.1252489090855925,0.026209301193789114,10,1,1.0,19.0,0.5415868148715983,0.0,0.264,131,2156,0.1,0.15,45
30,15,false,,0.16868130105336926,0.08807019470263987,-0.10274428712789123,6,1,1.0,26.0,0.2672596357475646,0.0,0.2206,131,2156,0.1,0.15,45
40,20,true,,0.1081935684049527,0.32522932353512213,0.2192936946454903,33,35,4.0,39.0,0.8040958268933539,0.0,0.283,131,2156,0.1,0.15,45
20,10,false,,0.07659323361404709,0.7770236570398743,0.6950643063861541,16,16,6.0,19.0,0.9210422424003158,0.0,0.2272,132,2157,0.1,0.15,45
30,15,false,,0.1265607049819601,0.09817827843050281,-0.02859767428756358,9,3,1.0,29.0,0.4408558740411788,0.0,0.2574,132,2157,0.1,0.15,45
40,20,true,,0.09812912975022622,0.5549652848434569,0.4579620391915795,34,36,8.0,39.0,0.8421962818849978,0.0,0.2116,132,2157,0.1,0.15,45
20,10,false,,0.10331774072028402,0.0987834865065083,-0.002314432470936989,10,1,1.0,18.0,0.4959378311550689,0.0,0.2902,133,2158,0.1,0.15,45
30,15,true,,0.0839718750166702,0.24764898932195348,0.16166342180868282,24,26,2.0,29.0,0.7944325481798715,0.0,0.2092,133,2158,0.1,0.15,45
20,10,false,,0.15395083223141415,0.23496455437292127,0.11171843821084196,12,17,1.0,19.0,0.687037037037037,0.0,0.2934,134,2159,0.1,0.15,45
30,15,false,,0.14356163161640814,0.10615987821700124,-0.051908818332677846,12,12,1.0,27.0,0.32125681308111576,0.0,0.2784,134,2159,0.1,0.15,45
40,20,false,,0.13169069957018434,0.14049534795454566,0.016219065985740105,27,33,3.0,39.0,0.5574889116342545,0.0,0.2782,134,2159,0.1,0.15,45
50,25,false,,0.184132458341324,0.11400664755051718,-0.09078940032854724,7,1,1.0,41.0,0.2838734869191722,0.017571261226083563,0.1868,134,2159,0.1,0.15,45
60,30,true,,0.12331660630675273,0.46242790901226694,0.3318189128633381,54,57,34.0,59.0,0.8528121260470682,0.12325488631830873,0.1578,134,2159,0.1,0.15,45
20,10,false,,0.151514820017648,0.15081073731639422,-0.002806885819772384,13,16,1.0,19.0,0.49530791788856304,0.0,0.3286,135,2160,0.1,0.15,45
30,15,false,,0.1506251018799947,0.11706579162187424,-0.041928250642720086,14,4,1.0,28.0,0.3620635419943378,0.0,0.2838,135,2160,0.1,0.15,45
40,20,false,,0.11363107810039319,0.6316460855043647,0.5162049398110483,36,37,28.0,39.0,0.9461215131830341,0.0,0.2416,135,2160,0.1,0.15,45
50,25,false,,0.14392810233210573,0.09423485664865168,-0.053666340087971914,17,12,3.0,45.0,0.24188790560471976,0.04904129793510324,0.256,135,2160,0.1,0.15,45
60,30,false,,0.12192991499470737,0.1353877394942661,0.015335264375116675,49,54,7.0,59.0,0.5640527950310559,0.1735248447204969,0.196,135,2160,0.1,0.15,45
20,10,false,,0.07746226072338941,0.33114718501909585,0.25852083272067977,15,16,1.0,19.0,0.7480854494155582,0.0,0.2448,136,2161,0.1,0.15,45
30,15,false,,0.09803874528508585,0.4166457966908693,0.3154475251154454,25,26,10.0,29.0,0.8702053467648199,0.0,0.2778,136,2161,0.1,0.15,45
40,20,true,,0.10376345090954568,0.4146154852066772,0.3138369056831197,33,38,1.0,39.0,0.7324263038548753,0.0,0.2232,136,2161,0.1,0.15,45
20,10,false,,0.09780206627214244,0.5600469124401879,0.45678458218715773,15,15,1.0,19.0,0.7407550077041603,0.0,0.2724,137,2162,0.1,0.15,45
30,15,false,,0.0982437838068781,0.16117281198837285,0.08546751798340053,21,26,1.0,29.0,0.6701548765173713,0.0,0.2506,137,2162,0.1,0.15,45
40,20,false,,0.09671858909278135,0.1288423543086934,0.04738514708978728,31,36,2.0,39.0,0.5996318453750575,0.0,0.1926,137,2162,0.1,0.15,45
50,25,false,,0.15592617495491132,0.08565763504536213,-0.06655091809146398,5,5,1.0,16.0,0.24987303199593702,0.0,0.1418,137,2162,0.1,0.15,45
60,30,true,,0.09646803994313491,0.36035207946561787,0.25229458006732086,53,56,32.0,59.0,0.7911392405063291,0.16570771001150747,0.0736,137,2162,0.1,0.15,45
20,10,true,,0.0821925548324638,0.19175942353558784,0.11922165320828465,12,16,1.0,19.0,0.7099742362900258,0.0,0.2956,138,2163,0.1,0.15,45
20,10,false,,0.07777377810958398,0.1409684705829257,0.06881731299895401,12,16,1.0,19.0,0.6992366412213741,0.0,0.2968,139,2164,0.1,0.15,45
30,15,false,,0.10293651347678028,0.12706199103087343,0.035552386258643445,19,26,2.0,29.0,0.5799920603414053,0.0,0.2804,139,2164,0.1,0.15,45
40,20,false,,0.10642641222280821,0.14285453550636593,0.042699074696780276,30,36,2.0,39.0,0.6264254817145104,0.0,0.269,139,2164,0.1,0.15,45
50,25,false,,0.12482442771475455,0.12790250010441023,0.005504351165495483,28,37,1.0,48.0,0.5129007036747459,0.17904612978889758,0.2482,139,2164,0.1,0.15,45
60,30,false,,0.13062090835698684,0.11227831698993707,-0.01872174108640154,10,7,1.0,35.0,0.4219512195121951,0.007317073170731708,0.256,139,2164,0.1,0.15,45
20,10,false,,0.10769201309651873,0.1513814833058138,0.05409282238660815,10,1,1.0,19.0,0.6204304748889649,0.0,0.2868,140,2165,0.1,0.15,45
30,15,true,,0.10218751569184864,0.47258365545993264,0.37545589455151723,24,26,1.0,29.0,0.78125,0.0,0.2818,140,2165,0.1,0.15,45
20,10,false,,0.07588847616279286,0.4084973472327428,0.3328854931834848,15,17,2.0,19.0,0.7102502017756255,0.0,0.2252,141,2166,0.1,0.15,45
30,15,false,,0.07778354333483169,0.11706143805479256,0.04286112078429927,22,24,2.0,29.0,0.5845873233014136,0.0,0.1488,141,2166,0.1,0.15,45
40,20,true,,0.10499769411585426,0.42085656077396666,0.32307479075912937,34,35,5.0,39.0,0.8089120835006022,0.0,0.2782,141,2166,0.1,0.15,45
20,10,false,,0.14664341546593523,0.35206475507925294,0.20818940533653424,15,16,2.0,19.0,0.7239321608040201,0.0,0.2942,142,2167,0.1,0.15,45
30,15,false,,0.13020803334582393,0.15434477413301356,0.03953988869019497,20,26,1.1749999999999972,29.0,0.5648271276595744,0.0,0.2878,142,2167,0.1,0.15,45
40,20,true,,0.12043304312760293,0.315792886124448,0.19612952581939513,34,36,19.0,39.0,0.7044722719141324,0.0,0.249,142,2167,0.1,0.15,45
20,10,false,,0.16531035453823842,0.08433639485599632,-0.11061462913208625,5,1,1.0,18.0,0.27965772073123296,0.0,0.2374,143,2168,0.1,0.15,45
30,15,false,,0.08509164327600595,0.26944552446937364,0.19421024117537872,25,26,9.0,29.0,0.7846633972358449,0.0,0.2068,143,2168,0.1,0.15,45
40,20,false,,0.09392242779256035,0.09757883104885481,0.016852299081754687,27,37,1.0,39.0,0.5396586345381527,0.0,0.1394,143,2168,0.1,0.15,45
50,25,false,,0.0923687654614492,0.1184850187777364,0.03118164343327618,39,43,4.0,49.0,0.5859969558599696,0.3607305936073059,0.1118,143,2168,0.1,0.15,45
60,30,false,,0.2681146023581,0.07731628417248529,-0.18216671737224374,4,4,1.0,12.0,0.10256410256410256,0.0,0.0486,143,2168,0.1,0.15,45
20,10,false,,0.11713044484963529,0.5936460982141909,0.4747525758086736,15,17,1.0,19.0,0.9234881389909789,0.0,0.3012,144,2169,0.1,0.15,45
30,15,false,,0.11224473428487979,0.1375233384569157,0.04100112512665658,21,25,2.0,29.0,0.601506456241033,0.0,0.2662,144,2169,0.1,0.15,45
40,20,false,,0.11672634839187723,0.10007688066025687,-0.018314164230281593,15,7,2.0,39.0,0.44597329016592474,0.0,0.2364,144,2169,0.1,0.15,45
50,25,false,,0.18498739660632427,0.10519532814067534,-0.08791330291998739,7,2,1.0,18.0,0.25504950495049505,0.0,0.2524,144,2169,0.1,0.15,45
60,30,true,,0.11980951749541607,0.37515778122565513,0.2536091877814763,51,56,2.0,59.0,0.7360824742268042,0.08247422680412371,0.1978,144,2169,0.1,0.15,45
20,10,false,,0.13037792977036697,0.17451557725309058,0.037722601740448974,14,16,2.0,19.0,0.5638738451736222,0.0,0.3052,145,2170,0.1,0.15,45
30,15,false,,0.11761766068681179,0.12540088609955935,0.013290190093969687,20,26,3.0,29.0,0.5352400408580184,0.0,0.2816,145,2170,0.1,0.15,45
40,20,false,,0.1339757184278747,0.11596566079342963,-0.02521154207442572,13,5,2.0,38.0,0.4421547360809834,0.0,0.2456,145,2170,0.1,0.15,45
50,25,false,,0.38345863377029776,0.10118835517015706,-0.2827773903740826,3,3,1.0,15.0,0.05315471045808125,0.0,0.1942,145,2170,0.1,0.15,45
60,30,false,,0.1279478991485562,0.12738312394935103,0.000530786362892971,18,25,2.0,32.0,0.5060581583198708,0.0,0.1854,145,2170,0.1,0.15,45
20,10,true,,0.09507198402529059,0.2090616303056342,0.11987996358984093,14,15,2.0,19.0,0.7158223455933379,0.0,0.278,146,2171,0.1,0.15,45
20,10,true,,0.09706534768461289,0.2509029136590858,0.16665091821191022,14,17,1.0,19.0,0.7294364718235912,0.0,0.2982,147,2172,0.1,0.15,45
20,10,false,,0.1461173054055863,0.18183055269479367,0.053481173169797155,13,17,1.0,19.0,0.5753595997498436,0.0,0.3102,148,2173,0.1,0.15,45
30,15,false,,0.12646726737708433,0.18485575520530745,0.0729089167938364,20,25,3.0,28.77500000000009,0.668769716088328,0.0,0.2926,148,2173,0.1,0.15,45
40,20,false,,0.14548808477375252,0.1334068548343571,-0.017795742960661082,19,2,1.0,38.0,0.4615629984051037,0.0,0.2494,148,2173,0.1,0.15,45
50,25,false,,0.13297802130743971,0.1367342708451568,0.011483371297313028,31,49,2.0,49.0,0.5354058721934369,0.22107081174438686,0.2322,148,2173,0.1,0.15,45
60,30,false,,0.13665117850516129,0.11567617769332765,-0.043718011786378325,44,47,1.0,58.0,0.24775583482944344,0.296229802513465,0.0328,148,2173,0.1,0.15,45
20,10,false,,0.07914251152385623,0.1610022381026389,0.09159469631072209,13,15,1.0,19.0,0.6609458428680397,0.0,0.2818,149,2174,0.1,0.15,45
30,15,true,,0.07753944890002022,0.18452541534553635,0.10038267896163364,22,24,2.0,29.0,0.7399813606710158,0.0,0.1826,149,2174,0.1,0.15,45
20,10,false,,0.08675612513314361,0.4417814432409228,0.3631573040413034,15,16,1.0,19.0,0.7836370686312524,0.0,0.2802,150,2175,0.1,0.15,45
30,15,true,,0.10335495049343005,0.2161424605661092,0.12457261695911764,20,24,3.0,29.0,0.7760416666666666,0.0,0.3212,150,2175,0.1,0.15,45
20,10,false,,0.1985758793790031,0.1021761752070943,-0.10729003272035877,7,2,1.0,19.0,0.24408703878902555,0.0,0.2836,151,2176,0.1,0.15,45
30,15,false,,0.265999089726035,0.07506831548782053,-0.1974661260657436,5,5,1.0,14.0,0.07914201183431953,0.0,0.2462,151,2176,0.1,0.15,45
40,20,false,,0.26981951941929716,0.0838324019841857,-0.19260401123144788,6,3,1.0,37.0,0.14469453376205788,0.0,0.2276,151,2176,0.1,0.15,45
50,25,false,,0.12108571676866346,0.11735777049801974,0.005359138134230668,30,7,3.0,48.0,0.5075593952483801,0.27041036717062633,0.2042,151,2176,0.1,0.15,45
60,30,false,,0.16871884785461583,0.08993022778929191,-0.08726933058865133,8,4,1.0,40.0,0.22575832918945798,0.0174042764793635,0.1328,151,2176,0.1,0.15,45
20,10,false,,0.09632806768189431,0.2667506924708605,0.17686726858439458,15,15,2.0,19.0,0.8382007385028533,0.0,0.3038,152,2177,0.1,0.15,45
30,15,false,,0.16293420542695583,0.10399569517247698,-0.0661756285318616,7,2,1.0,27.0,0.36836283185840707,0.0,0.2788,152,2177,0.1,0.15,45
40,20,false,,0.12320195673325943,0.13203338193101144,0.02356002387433806,29,35,1.0,39.0,0.5378517637732858,0.0,0.2642,152,2177,0.1,0.15,45
50,25,true,,0.11740514962222642,0.28624368274445394,0.17717750579521704,43,45,24.0,49.0,0.7772639691714837,0.51252408477842,0.2522,152,2177,0.1,0.15,45
20,10,false,,0.12490223122396708,0.13178508506955766,0.009026464043752173,9,2,1.0,19.0,0.5112676056338028,0.0,0.274,153,2178,0.1,0.15,45
30,15,false,,0.12115308837144854,0.08798083236806481,-0.04389515156608291,10,2,1.0,27.47499999999991,0.36388670338316287,0.0,0.241,153,2178,0.1,0.15,45
40,20,false,,0.1130976258194472,0.13490833359129914,0.0327758123958609,27,37,2.0,39.0,0.589041095890411,0.0,0.2734,153,2178,0.1,0.15,45
50,25,false,,0.12267346142498707,0.13386597634444214,0.023295235511251122,19,5,2.0,48.0,0.5621931260229133,0.17430441898527005,0.275,153,2178,0.1,0.15,45
60,30,false,,0.24182271773721292,0.09897856839226793,-0.13848032723919138,8,4,1.0,39.0,0.18768768768768768,0.00850850850850851,0.1498,153,2178,0.1,0.15,45
20,10,false,,0.13180897088541782,0.09707302181657207,-0.04595197015372099,6,1,1.0,19.0,0.3969811320754717,0.0,0.2446,154,2179,0.1,0.15,45
30,15,false,,0.11927898081061093,0.1961297235285939,0.09360679913465775,23,26,2.0,29.0,0.6888731396172927,0.0,0.2764,154,2179,0.1,0.15,45
40,20,false,,0.1124463158767791,0.7686831395218662,0.656149926748713,36,37,26.0,39.0,0.9966777408637874,0.0,0.2282,154,2179,0.1,0.15,45
50,25,false,,0.16190511404454813,0.10935530824895055,-0.07070793474825504,6,1,1.0,48.0,0.3278061224489796,0.16156462585034015,0.2032,154,2179,0.1,0.15,45
60,30,false,,0.11908784768094474,0.11660550721089595,0.0003432596991499587,31,55,2.0,58.0,0.5003739715781601,0.11219147344801796,0.0962,154,2179,0.1,0.15,45
20,10,false,,0.1391129583404193,0.17304712241483122,0.05530697579263584,12,16,1.0,19.0,0.5819515306122449,0.0,0.3048,155,2180,0.1,0.15,45
30,15,false,,0.12180917555637122,0.1404867034040421,0.02877208323844266,23,26,1.0,29.0,0.5356746765249538,0.0,0.2628,155,2180,0.1,0.15,45
40,20,false,,0.6248111603182682,0.0880628950486684,-0.5464098313420237,3,1,1.0,21.0,0.104340201665936,0.0,0.185,155,2180,0.1,0.15,45
50,25,false,,0.13616818277211498,0.08660172083843128,-0.06447912306097467,19,4,2.0,48.0,0.2688217779668226,0.14674606550404085,0.2082,155,2180,0.1,0.15,45
60,30,false,,0.1325853276048459,0.08498936723813265,-0.06251198495397137,26,6,2.0,57.0,0.23747980613893377,0.12331717824448034,0.121,155,2180,0.1,0.15,45
20,10,true,,0.11975796991820493,0.22470792543089382,0.13168451893724384,14,16,2.0,19.0,0.7473616885193476,0.0,0.3058,156,2181,0.1,0.15,45
20,10,false,,0.1473128726383569,0.2090352541519142,0.09012808228390606,13,16,2.0,19.0,0.6811279826464208,0.0,0.3114,157,2182,0.1,0.15,45
30,15,false,,0.14110687553232554,0.15041695338853167,0.03127120752678608,18,26,1.0,29.0,0.5538362346872985,0.0,0.265,157,2182,0.1,0.15,45
40,20,false,,0.18770524475136185,0.09319656709971201,-0.13273916150246148,7,2,1.0,37.0,0.18113948919449901,0.0,0.1982,157,2182,0.1,0.15,45
50,25,false,,0.11757446023308836,0.23673182506653617,0.1129427581657014,41,47,25.0,49.0,0.6991017964071856,0.44423652694610777,0.2506,157,2182,0.1,0.15,45
60,30,false,,0.1560848934634824,0.10887354856085621,-0.04934024271399817,12,5,2.0,40.0,0.2789317507418398,0.01817507418397626,0.2248,157,2182,0.1,0.15,45
20,10,false,,0.10076778940647095,0.12449289224890828,0.03113649940405483,13,17,1.0,19.0,0.5942679558011049,0.0,0.295,158,2183,0.1,0.15,45
30,15,false,,0.11366307642537846,0.10206524594761437,-0.015691325139033853,12,5,1.0,28.0,0.4518462124095927,0.0,0.2672,158,2183,0.1,0.15,45
40,20,true,,0.11514217507455664,0.25116020866627303,0.1491386728648488,26,38,3.0,39.0,0.7755412077478162,0.0,0.2946,158,2183,0.1,0.15,45
20,10,false,,0.10613729541333536,0.4938830290166289,0.3930945808346168,16,16,2.0,19.0,0.8640810621942697,0.0,0.2872,159,2184,0.1,0.15,45
30,15,true,,0.11688925218432202,0.1835171057355897,0.09174556077500086,21,25,3.0,29.0,0.7038716428322288,0.0,0.286,159,2184,0.1,0.15,45
20,10,false,,0.10429679200488182,0.12584590370932683,0.03243076191523245,14,16,1.0,19.0,0.5685933147632312,0.0,0.2898,160,2185,0.1,0.15,45
30,15,false,,0.10802316443845683,0.1757270198355596,0.09994645278698468,22,26,2.0,29.0,0.666168782673637,0.0,0.2736,160,2185,0.1,0.15,45
40,20,false,,0.16708395283821054,0.11669339855580654,-0.05590135008380413,6,1,1.0,38.0,0.44388398486759145,0.0,0.247,160,2185,0.1,0.15,45
50,25,false,,0.47218145145176343,0.09047452740307772,-0.37114596808511136,3,2,1.0,17.0,0.07677989762680316,0.0,0.1778,160,2185,0.1,0.15,45
60,30,false,,0.133026370547151,0.12509754160088576,-0.00524796758682651,31,54,1.0,57.0,0.4821138211382114,0.07154471544715447,0.239,160,2185,0.1,0.15,45
20,10,false,,0.1217706743005825,0.11542704604349527,-0.0028263321548756687,13,16,1.0,19.0,0.4947617438323758,0.0,0.2896,161,2186,0.1,0.15,45
30,15,false,,0.08970961944625565,0.13368527087202337,0.05984186465180409,18,26,1.0,29.0,0.6169336384439359,0.0,0.1698,161,2186,0.1,0.15,45
40,20,false,,0.08463693568098388,0.13383510321423522,0.05310099548020419,31,32,14.0,39.0,0.6284584980237155,0.0,0.1292,161,2186,0.1,0.15,45
50,25,false,,0.0779723986946938,0.7137395754549641,0.6086287080497695,45,47,26.0,49.0,0.886875,0.713125,0.058,161,2186,0.1,0.15,45
60,30,false,,0.20392725582471213,0.06989670315624912,-0.12803576894592694,5,5,1.0,9.0,0.12317666126418152,0.0,0.0292,161,2186,0.1,0.15,45
20,10,false,,0.13649280096932942,0.20272747415978884,0.10062606280160497,12,16,1.0,19.0,0.6554074992252866,0.0,0.313,162,2187,0.1,0.15,45
30,15,false,,0.12359025770989979,0.11301001073210723,0.00019404713342639768,14,3,1.0,29.0,0.5008887308922858,0.0,0.2852,162,2187,0.1,0.15,45
40,20,false,,0.11119356570098972,0.14583546240555847,0.04307234418693957,27,35,7.0,39.0,0.606817281014665,0.0,0.2478,162,2187,0.1,0.15,45
50,25,true,,0.11068846980710244,0.4986737490890019,0.38390539460106454,44,45,7.0,49.0,0.790112749349523,0.5516045099739809,0.2406,162,2187,0.1,0.15,45
20,10,true,,0.09562647714063759,0.26133434308561226,0.17120887211045643,13,13,2.0,19.0,0.8533377178559685,0.0,0.3268,163,2188,0.1,0.15,45
20,10,false,,0.14277221903804987,0.13972315350413553,0.016844761621884724,10,16,1.0,19.0,0.5389984825493171,0.0,0.3282,164,2189,0.1,0.15,45
30,15,true,,0.12241168573349855,0.28402738914005526,0.16425268858892558,24,26,3.0,29.0,0.7677613941018767,0.0,0.2692,164,2189,0.1,0.15,45
20,10,false,,0.11584888560689766,0.09064996022203224,-0.026171612024757193,9,4,1.0,19.0,0.4304114490161002,0.0,0.2512,165,2190,0.1,0.15,45
30,15,false,,0.12552689197288405,0.1729056433301904,0.06854609659543999,15,2,1.0,29.0,0.5543521861211392,0.0,0.271,165,2190,0.1,0.15,45
40,20,false,,0.11650669387268399,0.14161654085016273,0.04298708521109789,25,35,2.0,38.0,0.6042145593869732,0.0,0.288,165,2190,0.1,0.15,45
50,25,false,,0.135823882189187,0.11090506138421839,-0.02539028972388703,15,2,1.0,40.0,0.41739130434782606,0.010351966873706004,0.2506,165,2190,0.1,0.15,45
60,30,false,,0.12120951688527509,0.13786505143382444,0.02787290387665816,37,59,5.0,59.0,0.5970724191063174,0.13443759630200308,0.2568,165,2190,0.1,0.15,45
20,10,false,,0.10246351669811789,0.28403386232107564,0.1875381198932412,15,15,3.0,19.0,0.7907289217332886,0.0,0.2924,166,2191,0.1,0.15,45
30,15,false,,0.11013657448396878,0.15955065612121316,0.05996044160898879,21,26,3.0,29.0,0.6213991769547325,0.0,0.2886,166,2191,0.1,0.15,45
40,20,true,,0.10237938292577198,0.4249744901244818,0.3215651534564425,34,36,4.0,39.0,0.7552291944815309,0.0,0.1958,166,2191,0.1,0.15,45
20,10,false,,0.09506161039805053,0.22027392429461617,0.1425013836670305,14,16,1.0,19.0,0.6717134416543574,0.0,0.2768,167,2192,0.1,0.15,45
30,15,false,,0.09785736330316716,0.17545540194591636,0.09774351481476616,16,27,2.0,29.0,0.6931593515223409,0.0,0.2878,167,2192,0.1,0.15,45
40,20,false,,0.14183284019562048,0.09109509895381625,-0.05370739372030654,9,3,1.0,35.0,0.3546819787985866,0.0,0.207,167,2192,0.1,0.15,45
50,25,false,,0.14504982947118303,0.09139528873406336,-0.05626017343781862,6,4,1.0,40.075000000000045,0.3253253253253253,0.023523523523523524,0.159,167,2192,0.1,0.15,45
60,30,true,,0.10441248366898395,0.345302051582635,0.22844664181373492,54,56,22.625000000000007,59.0,0.8241881298992161,0.048152295632698766,0.1074,167,2192,0.1,0.15,45
20,10,true,,0.0780513498602714,0.16810267862422948,0.09844453894645333,13,16,2.0,19.0,0.7175600739371534,0.0,0.2616,168,2193,0.1,0.15,45
20,10,false,,0.11185270156379565,0.11442095365381004,0.009274216079941972,14,17,2.0,19.0,0.525207182320442,0.0,0.2794,169,2194,0.1,0.15,45
30,15,false,,0.13798180290870815,0.09779415805779869,-0.05303252327604173,11,2,1.0,28.0,0.4095536413469068,0.0,0.2642,169,2194,0.1,0.15,45
40,20,true,,0.10033152806995269,0.5352320041809098,0.4345746294962401,34,36,4.0,39.0,0.8450892857142858,0.0,0.2222,169,2194,0.1,0.15,45
20,10,false,,0.1104292417749414,0.5330639789232181,0.4095950447665956,15,16,3.0,19.0,0.8018448923812778,0.0,0.3024,170,2195,0.1,0.15,45
30,15,false,,0.1385465565777838,0.10873609531030494,-0.05687501731086809,10,1,1.0,28.0,0.3918604651162791,0.0,0.2344,170,2195,0.1,0.15,45
40,20,true,,0.10431719163771346,0.4391297032290583,0.3196555391719609,34,36,13.0,39.0,0.8139050791007494,0.0,0.2398,170,2195,0.1,0.15,45
20,10,false,,0.1884793127202988,0.08943282362747901,-0.11787934560378309,6,2,1.0,18.0,0.20446457457133613,0.0,0.2992,171,2196,0.1,0.15,45
30,15,false,,0.12700954075378687,0.10333924994123458,-0.03315503524992195,13,3,1.0,28.0,0.44013814274750573,0.0,0.213,171,2196,0.1,0.15,45
40,20,false,,0.0915537577645758,0.700829427716344,0.5994181660400906,36,36,22.0,39.0,0.9175557710960233,0.0,0.1626,171,2196,0.1,0.15,45
50,25,true,,0.09122558389563798,0.33805152914171754,0.24425207988647557,44,46,26.0,49.0,0.8470705064548163,0.5988083416087389,0.1186,171,2196,0.1,0.15,45
20,10,false,,0.17612490551389978,0.13959287744106064,-0.06285315379017924,9,1,1.0,19.0,0.3527498521584861,0.0,0.3136,172,2197,0.1,0.15,45
30,15,false,,0.14538398546540657,0.13493895692145075,0.002367413427432935,14,3,1.0,29.0,0.5033892258294684,0.0,0.2696,172,2197,0.1,0.15,45
40,20,false,,0.20122878674322275,0.0989583852518455,-0.11721170529337133,7,1,1.0,36.0,0.17957610789980732,0.0,0.2478,172,2197,0.1,0.15,45
50,25,false,,0.11672223751433912,0.35386362104231894,0.230844972318577,45,46,33.0,49.0,0.7529504327301337,0.6742722265932337,0.2282,172,2197,0.1,0.15,45
60,30,false,,0.1592224867394783,0.11264537937956254,-0.05055680305495616,8,4,1.0,52.0,0.29954614220877457,0.012481089258698942,0.227,172,2197,0.1,0.15,45
20,10,false,,0.08233293648845195,0.4371876380496678,0.35870270468304405,15,16,2.0,19.0,0.8320355951056729,0.0,0.2814,173,2198,0.1,0.15,45
30,15,true,,0.10273857648912108,0.18594849756241916,0.09318483933966146,22,27,3.0,29.0,0.735869966752863,0.0,0.2712,173,2198,0.1,0.15,45
20,10,false,,0.07178323588115258,0.4234332513995155,0.3499018713032106,15,16,1.0,19.0,0.828836085380588,0.0,0.2548,174,2199,0.1,0.15,45
30,15,false,,0.10832492929072068,0.10557047604768177,0.0019567130265822907,15,7,1.0,28.0,0.5090979481223383,0.0,0.2788,174,2199,0.1,0.15,45
40,20,false,,0.11124892954311798,0.14713697276600946,0.04515838826483472,31,34,4.0,39.0,0.6355176424970919,0.0,0.278,174,2199,0.1,0.15,45
50,25,false,,0.12136087020627173,0.13723735265792178,0.029914254388898928,32,45,3.0,49.0,0.5715402658326818,0.27247849882720876,0.252,174,2199,0.1,0.15,45
60,30,false,,0.22117925478142386,0.1074549810456592,-0.11251484348082268,6,4,1.0,34.0,0.2465631929046563,0.0022172949002217295,0.2112,174,2199,0.1,0.15,45
20,10,true,,0.08004946174443385,0.29366163062996864,0.2335592023022076,14,16,2.0,19.0,0.8023032629558541,0.0,0.272,175,2200,0.1,0.15,45
20,10,false,,0.17055292547170514,0.1710708263505878,0.012522632403782596,10,16,1.0,19.0,0.5164011246485474,0.0,0.3168,176,2201,0.1,0.15,45
30,15,false,,0.14590882754016715,0.1507556594781858,0.01984864210370514,18,26,1.0,29.0,0.5352437417654808,0.0,0.2708,176,2201,0.1,0.15,45
40,20,false,,0.14815246645527716,0.11661891850155048,-0.03510144755341038,13,9,1.0,34.0,0.3444220430107527,0.0,0.2618,176,2201,0.1,0.15,45
50,25,false,,0.12845427532592868,0.15062795558821587,0.02831800314487326,39,46,12.399999999999991,48.0,0.5605799102519848,0.4118053158439765,0.2394,176,2201,0.1,0.15,45
60,30,false,,0.27166529531877887,0.11680099401424114,-0.15742459304652495,5,3,1.0,14.425000000000182,0.14634146341463414,0.0,0.1488,176,2201,0.1,0.15,45
20,10,false,,0.05717826648455083,0.08629547900879735,0.027590907954230734,10,13,1.0,19.0,0.6394678492239468,0.0,0.1858,177,2202,0.1,0.15,45
30,15,true,,0.09190390186135626,0.537168124108918,0.4430344368959914,24,26,4.0,29.0,0.875248311481923,0.0,0.2628,177,2202,0.1,0.15,45
20,10,true,,0.08964363467671675,0.24206011508040334,0.15712849964366477,14,16,2.0,19.0,0.7108938547486033,0.0,0.2946,178,2203,0.1,0.15,45
20,10,false,,0.16127410377096146,0.1662907618997066,0.012094745859943273,7,3,1.0,19.0,0.5325588505044329,0.0,0.3256,179,2204,0.1,0.15,45
30,15,false,,0.14985646783600928,0.11154869322728572,-0.051644688905438635,12,5,1.0,27.0,0.3665584415584416,0.0,0.2774,179,2204,0.1,0.15,45
40,20,false,,0.2761620491993194,0.08991038261884862,-0.2102899875495245,4,2,1.0,28.0,0.14463141025641027,0.0,0.2028,179,2204,0.1,0.15,45
50,25,false,,0.165835875992181,0.10457906777712901,-0.07228683980311724,8,4,1.0,24.0,0.24705420267085623,0.0,0.2342,179,2204,0.1,0.15,45
60,30,true,,0.11958187486652457,0.20357692118827403,0.10286235065251867,46,55,5.0,59.0,0.7534195933456562,0.10942698706099815,0.2234,179,2204,0.1,0.15,45
20,10,true,,0.1230128486863355,0.3814637263939415,0.26805458175597796,13,16,2.0,19.0,0.7696912413358538,0.0,0.3036,180,2205,0.1,0.15,45
20,10,false,,0.11473008571375454,0.16147046502218942,0.06508876420863496,11,16,1.0,19.0,0.6358607224210869,0.0,0.3042,181,2206,0.1,0.15,45
30,15,false,,0.12261497739513592,0.13707729816306538,0.017925195447635392,17,22,2.0,29.0,0.5629802873371199,0.0,0.2904,181,2206,0.1,0.15,45
40,20,false,,0.12967902078292134,0.14387272387026623,0.02664076378376823,25,34,2.0,39.0,0.5778592864288096,0.0,0.2346,181,2206,0.1,0.15,45
50,25,false,,0.12469207105483451,0.5304543858199045,0.398950320303572,45,47,28.0,49.0,0.832319391634981,0.6984790874524714,0.2194,181,2206,0.1,0.15,45
60,30,false,,0.12740031270668487,0.1918264748686631,0.05928266472195812,46,54,22.0,58.0,0.6914772727272728,0.17954545454545454,0.124,181,2206,0.1,0.15,45
20,10,true,,0.11725908547868832,0.4093260669030403,0.293386308134321,14,16,2.0,19.0,0.8749212350346566,0.0,0.2896,182,2207,0.1,0.15,45
20,10,false,,0.1015683790517921,0.13667183104416356,0.04784487814906964,11,17,1.0,19.0,0.6035973711518505,0.0,0.3056,183,2208,0.1,0.15,45
30,15,false,,0.10601926301177607,0.18836931621388067,0.1012160042119912,21,26,1.0,29.0,0.6448044251284077,0.0,0.2832,183,2208,0.1,0.15,45
40,20,true,,0.10897137426797408,0.38076694418145157,0.2771518415452148,33,35,13.0,39.0,0.8570303269003545,0.0,0.268,183,2208,0.1,0.15,45
20,10,false,,0.11902221672615351,0.10002812051642077,-0.016528642356269496,8,1,1.0,19.0,0.46693607641440116,0.0,0.2716,184,2209,0.1,0.15,45
30,15,false,,0.1811381810040396,0.07024636439331244,-0.11862433684834327,4,2,1.0,25.0,0.24153498871331827,0.0,0.1692,184,2209,0.1,0.15,45
40,20,false,,0.15128418901929036,0.11072787632049746,-0.03473951082505419,8,2,1.0,39.0,0.4640743871513102,0.0,0.2548,184,2209,0.1,0.15,45
50,25,false,,0.15690692350608132,0.09794958762143578,-0.076150331354898,11,2,1.0,46.0,0.3048060708263069,0.08768971332209106,0.235,184,2209,0.1,0.15,45
60,30,false,,0.29827375560321073,0.09469814366291003,-0.20215253325467392,5,3,1.0,25.0,0.14124824026278743,0.0,0.1788,184,2209,0.1,0.15,45
20,10,false,,0.14634326944974407,0.14303766138011847,0.0015591941577644264,8,1,1.0,19.0,0.5067973442933924,0.0,0.3152,185,2210,0.1,0.15,45
30,15,false,,0.13757043644591252,0.13659937775247716,-0.005263080590728705,12,4,1.0,29.0,0.48830594184576487,0.0,0.2906,185,2210,0.1,0.15,45
40,20,false,,0.12918261471746037,0.23378862464654887,0.1138133765919328,31,37,2.0,39.0,0.6315979754157628,0.0,0.2492,185,2210,0.1,0.15,45
50,25,false,,0.15387945246882231,0.13702311560964175,-0.013125053185442714,23,1,1.0,49.0,0.48259679311693393,0.4008603832616347,0.2098,185,2210,0.1,0.15,45
60,30,false,,0.13009520322277465,0.15190890806287902,0.01777446301084387,37,3,2.0,57.0,0.5908084163898117,0.1716500553709856,0.121,185,2210,0.1,0.15,45
20,10,true,,0.1107082035077791,0.2249430942864567,0.1392742477080484,14,15,2.0,19.0,0.7588907014681893,0.0,0.2972,186,2211,0.1,0.15,45
20,10,false,,0.08465450838122891,0.18116830775422826,0.1121247057679596,14,16,2.0,19.0,0.6675295857988166,0.0,0.2732,187,2212,0.1,0.15,45
30,15,false,,0.10905797137879188,0.13119768372927504,0.05053198770740745,15,25,1.0,29.0,0.5973231357552581,0.0,0.2872,187,2212,0.1,0.15,45
40,20,false,,0.11366276010422331,0.1290124130314676,0.033340147011353155,13,9,1.0,38.0,0.5831710167510713,0.0,0.2728,187,2212,0.1,0.15,45
50,25,true,,0.11537136078124169,0.21658567470963994,0.1031408583669234,42,46,18.0,49.0,0.7358062074186222,0.48334595003785014,0.267,187,2212,0.1,0.15,45
20,10,false,,0.14245516795709406,0.17219570268593434,0.05390044420874618,11,16,1.0,19.0,0.600997506234414,0.0,0.313,188,2213,0.1,0.15,45
30,15,false,,0.11053995830358905,0.6723898707363068,0.5631514146809343,26,26,18.0,29.0,0.9377577802774654,0.0,0.2622,188,2213,0.1,0.15,45
40,20,true,,0.11635673679737715,0.455532971081577,0.33541019869311184,34,36,21.0,39.0,0.8977020014825797,0.0,0.2528,188,2213,0.1,0.15,45
20,10,false,,0.16709666552337712,0.15943003783649265,-0.005252234694771374,8,4,1.0,19.0,0.4891812865497076,0.0,0.3132,189,2214,0.1,0.15,45
30,15,false,,0.17203897161648934,0.12462149255205429,-0.0835137039584727,12,1,1.0,29.0,0.39863896848137537,0.0,0.2312,189,2214,0.1,0.15,45
40,20,false,,0.13988823207890616,0.09584215142846611,-0.06660456293637833,17,4,1.0,38.0,0.32793674698795183,0.0,0.2358,189,2214,0.1,0.15,45
50,25,false,,0.11517795480499574,0.12486278389516264,0.011583961721485764,43,46,29.0,49.0,0.5353858456617353,0.5597760895641744,0.227,189,2214,0.1,0.15,45
60,30,false,,0.13281384197446594,0.1186138723017079,-0.018037211051272248,22,53,2.0,58.0,0.4421352893235534,0.05704971475142624,0.2276,189,2214,0.1,0.15,45
20,10,true,,0.0815555978529473,0.44319577814500366,0.3664173187702776,14,15,4.0,19.0,0.8059427732942039,0.0,0.287,190,2215,0.1,0.15,45
20,10,true,,0.08906287496959335,0.22254278274028033,0.1443366609279161,14,17,1.0,19.0,0.719629772464327,0.0,0.2812,191,2216,0.1,0.15,45
20,10,true,,0.12165455090688004,0.2535233394451676,0.14974924017164346,11,16,2.0,19.0,0.7944544906570223,0.0,0.3182,192,2217,0.1,0.15,45
20,10,false,,0.0900156226484254,0.09596105802951124,0.008348197743116195,12,15,2.0,19.0,0.5233676975945017,0.0,0.2844,193,2218,0.1,0.15,45
30,15,false,,0.11097752207131802,0.09823349068648361,-0.0005027143874292705,11,4,1.0,29.0,0.49813200498132004,0.0,0.2554,193,2218,0.1,0.15,45
40,20,true,,0.09596359128407206,0.4280432990538022,0.318127568912702,33,36,12.0,39.0,0.7631218621633957,0.0,0.1886,193,2218,0.1,0.15,45
20,10,false,,0.1713123101602665,0.14155747155005785,-0.03594313946296479,7,2,1.0,19.0,0.4478837650031586,0.0,0.2974,194,2219,0.1,0.15,45
30,15,false,,0.13950377363392785,0.13427337921072102,0.0002956464741482867,16,3,2.0,28.0,0.5022165927802407,0.0,0.281,194,2219,0.1,0.15,45
40,20,false,,0.12262993030511743,0.18986131453092647,0.07861001681759788,30,36,11.0,39.0,0.6168498168498169,0.0,0.2414,194,2219,0.1,0.15,45
50,25,false,,0.1492892206095398,0.1098786710995413,-0.05099186438142253,21,2,1.0,48.0,0.3880655226209048,0.18837753510140406,0.2308,194,2219,0.1,0.15,45
60,30,false,,0.3176415281622593,0.10147741122134951,-0.22432380416159947,5,2,1.0,22.0,0.10983884648006785,0.0,0.212,194,2219,0.1,0.15,45
20,10,true,,0.1031809608725939,0.26900084851990896,0.16383277556034073,13,15,2.0,19.0,0.7330877427997321,0.0,0.3036,195,2220,0.1,0.15,45
20,10,false,,0.11752154084174855,0.17089288211690304,0.07233340136157745,13,17,1.0,19.0,0.6141678129298487,0.0,0.292,196,2221,0.1,0.15,45
30,15,false,,0.10604707067703605,0.5826024469396841,0.4744721986195983,25,26,10.0,29.0,0.905813097866078,0.0,0.2624,196,2221,0.1,0.15,45
40,20,false,,0.12825440802656446,0.10329962968196447,-0.0255152568676486,10,5,1.0,36.625,0.422360248447205,0.0,0.2598,196,2221,0.1,0.15,45
50,25,false,,0.1360967913632196,0.11596240653837123,-0.02423059012514145,17,4,2.0,48.0,0.44281863688871775,0.13631112822487484,0.2804,196,2221,0.1,0.15,45
60,30,true,,0.11767452029729998,0.25259249690837143,0.13336840484687726,51,51,39.0,59.0,0.7873134328358209,0.24477611940298508,0.2482,196,2221,0.1,0.15,45
20,10,false,,0.07940337835594669,0.1159490693628073,0.04105906587502908,12,15,2.0,19.0,0.610719322990127,0.0,0.3072,197,2222,0.1,0.15,45
30,15,false,,0.09219254073014223,0.14559344970931473,0.06136577036723583,20,23,2.0,29.0,0.6930807885581755,0.0,0.2658,197,2222,0.1,0.15,45
40,20,true,,0.10701724665649605,0.2733106741199981,0.18262259321717028,30,37,3.0,39.0,0.7382413087934561,0.0,0.2734,197,2222,0.1,0.15,45
20,10,false,,0.09623899135840384,0.15056934341610415,0.06587769440690061,10,16,1.0,19.0,0.5884557721139431,0.0,0.275,198,2223,0.1,0.15,45
30,15,true,,0.10709200815262096,0.20591726086290418,0.12669700573387793,18,25,2.0,29.0,0.7283671933784801,0.0,0.2972,198,2223,0.1,0.15,45
20,10,false,,0.14584927014132826,0.154298395277578,0.026037240382897828,12,16,2.0,19.0,0.5514075887392901,0.0,0.3132,199,2224,0.1,0.15,45
30,15,false,,0.13016101651045014,0.14293310886325544,0.02126446937470007,21,26,2.0,29.0,0.5481266149870802,0.0,0.287,199,2224,0.1,0.15,45
40,20,false,,0.11316388104367374,0.3812933800983002,0.26525961140737897,35,36,19.27499999999999,39.0,0.8098755832037325,0.0,0.254,199,2224,0.1,0.15,45
50,25,false,,0.1279709816325096,0.0986095930129361,-0.03382453290321731,21,35,2.0,47.0,0.3676175170751306,0.09843310566492568,0.227,199,2224,0.1,0.15,45
60,30,false,,0.13841446435709612,0.11028949386211563,-0.025716896269147124,12,5,1.0,50.0,0.4210766423357664,0.10812043795620438,0.1856,199,2224,0.1,0.15,45
20,10,false,,0.09014126932292656,0.10492120855998799,0.01562997069735539,11,17,1.0,19.0,0.5435858393604872,0.0,0.2644,200,2225,0.1,0.15,45
30,15,true,,0.09146063596938554,0.40418527469278415,0.30381285474797814,22,26,2.0,29.0,0.8307197426618416,0.0,0.2772,200,2225,0.1,0.15,45
20,10,false,,0.14396792125729854,0.10449875377711142,-0.04979706961842564,10,2,1.0,19.0,0.4393785883147585,0.0,0.2888,201,2226,0.1,0.15,45
30,15,false,,0.1537988596833941,0.10513984223660597,-0.06968936158462244,9,2,1.0,28.0,0.33380331335918223,0.0,0.2662,201,2226,0.1,0.15,45
40,20,false,,0.13506488431658506,0.11548749049025604,-0.015114942237004603,11,5,1.0,37.0,0.4513574660633484,0.0,0.275,201,2226,0.1,0.15,45
50,25,false,,0.12472669009254272,0.13019128283181913,0.02543606715538009,29,46,2.0,48.0,0.5449569976544175,0.3037529319781079,0.2392,201,2226,0.1,0.15,45
60,30,true,,0.12030842304833735,0.2534905329862831,0.13217966854832242,52,55,40.0,59.0,0.8061377245508982,0.26122754491017963,0.1796,201,2226,0.1,0.15,45
20,10,false,,0.09161125654534735,0.16945537016464257,0.09127508468986828,12,17,1.0,19.0,0.6582186821144098,0.0,0.2826,202,2227,0.1,0.15,45
30,15,true,,0.10383475293678544,0.32059967134280004,0.2186355778837522,23,26,2.0,29.0,0.7633528265107212,0.0,0.2896,202,2227,0.1,0.15,45
20,10,false,,0.1206335309814414,0.17359952825986288,0.05549685777039365,13,16,1.0,19.0,0.5790653008962868,0.0,0.304,203,2228,0.1,0.15,45
30,15,false,,0.11949921201522558,0.09499062415416862,-0.03401192960009829,16,22,2.0,28.0,0.3905579399141631,0.0,0.2556,203,2228,0.1,0.15,45
40,20,false,,0.44098787542697937,0.07783986695009334,-0.3583653667693488,3,2,1.0,33.0,0.1170534813319879,0.0,0.1434,203,2228,0.1,0.15,45
50,25,false,,0.13620546028063688,0.10074033053647659,-0.03648854597035678,11,5,2.0,40.0,0.35189669087974174,0.020581113801452784,0.2702,203,2228,0.1,0.15,45
60,30,false,,0.1385957861341109,0.16529615810953083,0.04581277825766787,33,5,1.0,59.0,0.5492835432045159,0.053842813721233174,0.1954,203,2228,0.1,0.15,45
20,10,false,,0.13476864796164967,0.26652724030141306,0.14688282442722747,14,16,2.0,19.0,0.6583387410772226,0.0,0.2968,204,2229,0.1,0.15,45
30,15,false,,0.13477604313414596,0.11880493887251552,-0.0154477124079355,9,3,1.0,28.0,0.4403544648943422,0.0,0.2852,204,2229,0.1,0.15,45
40,20,false,,0.5122861711845675,0.10023374856624294,-0.40368197920922216,3,2,1.0,36.0,0.15721231766612642,0.0,0.208,204,2229,0.1,0.15,45
50,25,false,,0.16514880016652023,0.11107414460347516,-0.06339975818361417,9,2,1.0,47.0,0.3445575567736883,0.11315583398590447,0.229,204,2229,0.1,0.15,45
60,30,true,,0.12002870428290051,0.25114913241369025,0.13788198849127092,47,56,4.0,59.0,0.8013620885357549,0.16572077185017026,0.2456,204,2229,0.1,0.15,45
20,10,false,,0.16721009268935527,0.1321540525303199,-0.044823138457350836,7,4,1.0,18.0,0.42369783734389277,0.0,0.3122,205,2230,0.1,0.15,45
30,15,false,,0.1255931357484225,0.14947498985760777,0.036916542322672996,23,27,2.0,29.0,0.5535775419376926,0.0,0.2602,205,2230,0.1,0.15,45
40,20,false,,0.14568761850140743,0.12428708959267193,-0.02635294185050796,15,2,1.0,39.0,0.444,0.0,0.2452,205,2230,0.1,0.15,45
50,25,false,,0.12502579513995102,0.17856093292649375,0.06278981693629868,41,46,3.0,49.0,0.6376975169300225,0.41196388261851014,0.231,205,2230,0.1,0.15,45
60,30,false,,0.12513330851399304,0.11629421938517116,-0.012027681491421027,38,55,5.0,59.0,0.4563571143882025,0.10362694300518134,0.1802,205,2230,0.1,0.15,45
20,10,false,,0.12684734322913377,0.3525211366657057,0.2469206069127835,15,16,2.0,19.0,0.7398089171974522,0.0,0.307,206,2231,0.1,0.15,45
30,15,false,,0.15180369199709198,0.12884377643441908,-0.029864700371473263,16,2,1.0,29.0,0.4327354260089686,0.0,0.272,206,2231,0.1,0.15,45
40,20,false,,0.13309716411469222,0.10982814093533845,-0.036571249882565035,21,7,2.0,38.0,0.413623595505618,0.0,0.263,206,2231,0.1,0.15,45
50,25,false,,0.11197374433788969,0.5435744979179163,0.42715363073047774,45,48,29.0,49.0,0.8736217133163698,0.6649703138252756,0.2292,206,2231,0.1,0.15,45
60,30,false,,0.16965796494608512,0.10568946883952862,-0.06759788837447181,8,4,1.0,52.0,0.30638641875505257,0.08245755860953921,0.228,206,2231,0.1,0.15,45
20,10,false,,0.09659317870914973,0.37312250921297563,0.28248740778527676,15,17,1.0,19.0,0.7231121281464531,0.0,0.2406,207,2232,0.1,0.15,45
30,15,false,,0.13529278328163766,0.09128420715275333,-0.043175581223283195,6,1,1.0,28.0,0.4067303697548816,0.0,0.2398,207,2232,0.1,0.15,45
40,20,true,,0.10557688402649724,0.2764555006624342,0.17750102060400053,32,36,4.0,39.0,0.74780526735834,0.0,0.277,207,2232,0.1,0.15,45
20,10,false,,0.12063189936155419,0.17853775227507224,0.0710689179756015,12,1,1.0,19.0,0.601401050788091,0.0,0.2814,208,2233,0.1,0.15,45
30,15,false,,0.11435637173929224,0.48183544825998953,0.3769695859751029,26,26,16.0,29.0,0.8644610458911419,0.0,0.2622,208,2233,0.1,0.15,45
40,20,false,,0.1479373640446313,0.11193022469185186,-0.05391012715277086,7,2,1.0,36.0,0.40745144669044786,0.0,0.2526,208,2233,0.1,0.15,45
50,25,false,,0.12643041547605843,0.1518594655516918,0.026676099382425197,36,45,2.0,49.0,0.5685736677115988,0.3232758620689655,0.2424,208,2233,0.1,0.15,45
60,30,true,,0.11891616501563639,0.39214650515991234,0.28300845466532243,54,55,25.0,59.0,0.8334683954619124,0.13209076175040518,0.2214,208,2233,0.1,0.15,45
20,10,false,,0.14348349704729943,0.1410132264038814,-0.006128987395372279,10,1,1.0,19.0,0.4819891616193816,0.0,0.3064,209,2234,0.1,0.15,45
30,15,false,,0.19119314024924228,0.10663090275020147,-0.12264417309487555,6,2,1.0,28.0,0.3202080237741456,0.0,0.2476,209,2234,0.1,0.15,45
40,20,false,,0.12402212196064652,0.1460166577648571,0.038277728883553575,26,37,4.0,39.0,0.6009440813362382,0.0,0.271,209,2234,0.1,0.15,45
50,25,false,,0.13143864360473292,0.1252774967163507,-0.003122512236488975,28,45,2.0,49.0,0.4867745756020529,0.30793525463876825,0.2376,209,2234,0.1,0.15,45
60,30,false,,0.12944375970506422,0.13117259307371826,0.011311405822310439,43,56,4.0,59.0,0.5271141448615851,0.11604095563139932,0.2262,209,2234,0.1,0.15,45
20,10,false,,0.07145882344179037,0.5530396635950731,0.48072444795893426,15,16,6.0,19.0,0.9515435717076983,0.0,0.2838,210,2235,0.1,0.15,45
30,15,true,,0.07812489214894972,0.16153637352557804,0.09613449391664741,20,27,1.0,29.0,0.7269897732325478,0.0,0.208,210,2235,0.1,0.15,45
20,10,false,,0.0959561942578823,0.11835604910815144,0.04050322764207441,11,15,1.0,19.0,0.5741430700447094,0.0,0.2548,211,2236,0.1,0.15,45
30,15,false,,0.10598347705457863,0.12826278503509111,0.03239073265586706,13,3,1.0,29.0,0.5797812146359864,0.0,0.2812,211,2236,0.1,0.15,45
40,20,false,,0.10397736119254326,0.11098452168771221,0.014280047732483592,20,28,2.0,38.0,0.5519728468392023,0.0,0.2234,211,2236,0.1,0.15,45
50,25,false,,0.12338978266622365,0.11842463640474982,-0.011810174291027431,16,3,1.0,48.0,0.45747316267547483,0.14987613542526837,0.2728,211,2236,0.1,0.15,45
60,30,true,,0.11539691345519185,0.32074700235371945,0.2014395573896563,52,55,13.0,59.0,0.8182947019867549,0.1353476821192053,0.263,211,2236,0.1,0.15,45
20,10,true,,0.10751281163757238,0.2155540217104872,0.11546440510016702,13,17,2.0,19.0,0.7666240409207161,0.0,0.3276,212,2237,0.1,0.15,45
20,10,true,,0.07540753685516723,0.3315047450558624,0.25375785099700643,14,16,2.0,19.0,0.8137931034482758,0.0,0.286,213,2238,0.1,0.15,45
20,10,true,,0.09890610423488433,0.31776915341501033,0.22905717264410613,14,16,3.0,19.0,0.7954620190726734,0.0,0.3,214,2239,0.1,0.15,45
20,10,false,,0.07718385462195766,0.10765530208569264,0.04321571258257594,12,17,2.0,19.0,0.6006813020439061,0.0,0.2608,215,2240,0.1,0.15,45
30,15,false,,0.13673501975628274,0.09622164853574013,-0.04993738976290675,6,1,1.0,28.0,0.4077669902912621,0.0,0.2474,215,2240,0.1,0.15,45
40,20,false,,0.42770447920843746,0.08553575213423371,-0.3314658121092158,3,2,1.0,26.0,0.19528301886792454,0.0,0.1846,215,2240,0.1,0.15,45
50,25,false,,0.14847703945599167,0.134553862168709,0.001030349934588587,29,2,1.0,48.0,0.5014468788755684,0.2819346837536172,0.2528,215,2240,0.1,0.15,45
60,30,false,,0.1781860851479684,0.10014231595054789,-0.08747736085586338,9,4,1.0,44.0,0.23890063424947147,0.054122621564482026,0.2134,215,2240,0.1,0.15,45
20,10,false,,0.06857499498668868,0.30130423204784224,0.23260808814125494,15,17,1.0,19.0,0.7569533590072742,0.0,0.2132,216,2241,0.1,0.15,45
30,15,false,,0.06869301154715349,0.2598497723202114,0.198624867801671,25,26,13.0,29.0,0.8315533980582525,0.0,0.1472,216,2241,0.1,0.15,45
40,20,false,,0.14448870236790906,0.10590271612291982,-0.03695493747068439,11,5,1.0,36.0,0.4116706634692246,0.0,0.2718,216,2241,0.1,0.15,45
50,25,false,,0.48930263104930855,0.09347093621038123,-0.3829405923331948,4,2,1.0,23.0,0.2010166358595194,0.0,0.1898,216,2241,0.1,0.15,45
60,30,false,,0.40608748101315884,0.09106442400164741,-0.294291806937318,5,4,1.0,15.0,0.17246835443037975,0.0,0.1194,216,2241,0.1,0.15,45
20,10,false,,0.05597910794260604,0.5387116588756713,0.47420373695498935,15,16,2.0,19.0,0.7689055894786284,0.0,0.182,217,2242,0.1,0.15,45
30,15,false,,0.07266970726815702,0.07822447158297101,-0.0019849808723291368,14,4,1.0,29.0,0.49824355971896955,0.0,0.1106,217,2242,0.1,0.15,45
40,20,true,,0.05392279910687974,0.1744746567616325,0.11633809196195383,33,29,19.0,39.0,0.7802197802197802,0.0,0.0466,217,2242,0.1,0.15,45
20,10,false,,0.12602929531891313,0.11618592999942953,-0.009350925013418304,10,2,1.0,19.0,0.47849807445442877,0.0,0.2946,218,2243,0.1,0.15,45
30,15,false,,0.11908504177372405,0.5648287745643218,0.45818291459281646,25,26,4.0,29.0,0.8553704360155973,0.0,0.278,218,2243,0.1,0.15,45
40,20,false,,0.22239686939019232,0.10944724957918313,-0.1270591784742958,5,1,1.0,35.0,0.2544090056285178,0.0,0.246,218,2243,0.1,0.15,45
50,25,false,,0.12504359828387135,0.12649687089174155,0.0004195437402643165,33,6,2.0,49.0,0.5038702543309989,0.21857722078879468,0.2326,218,2243,0.1,0.15,45
60,30,false,,0.13119316220511193,0.16955536127756848,0.05635173185559353,44,53,5.0,58.0,0.6705720192970366,0.1485182632667126,0.214,218,2243,0.1,0.15,45
20,10,false,,0.12157513830358965,0.06939018420841028,-0.05901289221347261,7,1,1.0,19.0,0.41919191919191917,0.0,0.1648,219,2244,0.1,0.15,45
30,15,false,,0.07165718116719869,0.08869292773450828,0.022348366076105762,14,3,1.0,28.0,0.5973045822102426,0.0,0.1204,219,2244,0.1,0.15,45
40,20,true,,0.06569848286830288,0.2619096376824091,0.19207302867188963,30,34,13.0,39.0,0.8661645422943222,0.0,0.0756,219,2244,0.1,0.15,45
20,10,true,,0.11431849481367301,0.27984675873411535,0.1843476723656588,14,16,1.0,19.0,0.7890550429525931,0.0,0.3104,220,2245,0.1,0.15,45
20,10,false,,0.12537714518754142,0.09854750690465311,-0.046664884621054906,7,2,1.0,19.0,0.3747447243022464,0.0,0.3044,221,2246,0.1,0.15,45
30,15,false,,0.10923447706638967,0.14659592646610742,0.04864007017555577,17,26,1.0,29.0,0.6324067300658376,0.0,0.2846,221,2246,0.1,0.15,45
40,20,false,,0.11393150949441777,0.12983810395607118,0.020208782751815646,25,36,2.0,39.0,0.5579627518053972,0.0,0.2744,221,2246,0.1,0.15,45
50,25,false,,0.12051711824102687,0.11637908789113663,-0.001164068732988105,25,6,2.0,47.0,0.4953088350273651,0.13487099296325253,0.2636,221,2246,0.1,0.15,45
60,30,false,,0.11926437730482244,0.20858253689663142,0.09824841921631343,50,55,1.0,59.0,0.6743099787685775,0.11422505307855627,0.247,221,2246,0.1,0.15,45
20,10,false,,0.06343737399686081,0.7554728546917291,0.6917072527281379,16,17,12.0,19.0,1.0,0.0,0.2118,222,2247,0.1,0.15,45
30,15,true,,0.10629635100961915,0.4458757130074958,0.3369246440278433,23,26,1.0,29.0,0.7384370015948963,0.0,0.2754,222,2247,0.1,0.15,45
20,10,false,,0.10853690485204083,0.10414947097304264,0.01722819553913997,8,1,1.0,19.0,0.5218390804597701,0.0,0.2626,223,2248,0.1,0.15,45
30,15,false,,0.09204570793871131,0.402162552508843,0.31620201114097257,25,26,3.0,29.0,0.7865076100370219,0.0,0.2528,223,2248,0.1,0.15,45
40,20,false,,0.1125293667571281,0.13410673895730665,0.03810563326905682,29,32,4.0,39.0,0.6058479532163743,0.0,0.2858,223,2248,0.1,0.15,45
50,25,true,,0.11043739424229611,0.19809798889687877,0.09003563933255973,40,47,7.0,49.0,0.7066719305171734,0.4038689301223845,0.2752,223,2248,0.1,0.15,45
20,10,true,,0.10430018012804254,0.23087815856738275,0.1395585489510695,14,17,1.0,19.0,0.7064063035286057,0.0,0.2966,224,2249,0.1,0.15,45
20,10,false,,0.08380546887160471,0.46091387317713456,0.36536154964892087,15,16,3.0,19.0,0.8534201954397395,0.0,0.2982,225,2250,0.1,0.15,45
30,15,false,,0.1310731435210608,0.09773047420950637,-0.03484704049013618,7,2,1.0,28.0,0.4014029618082619,0.0,0.2862,225,2250,0.1,0.15,45
40,20,false,,0.11282472003771526,0.1589073163362565,0.056443501169010986,27,35,3.0,39.0,0.6318807339449541,0.0,0.2888,225,2250,0.1,0.15,45
50,25,false,,0.11565410075773207,0.13032630081076008,0.025491689925182512,21,21,2.0,48.0,0.6023809523809524,0.13134920634920635,0.2744,225,2250,0.1,0.15,45
60,30,false,,0.16852449265614972,0.11416985752695347,-0.06644348310375338,9,4,1.0,57.0,0.38303693570451436,0.062471500227998175,0.2248,225,2250,0.1,0.15,45
20,10,false,,0.20665869818122312,0.11242505203259627,-0.10933191375716411,7,1,1.0,19.0,0.26266353572626633,0.0,0.2244,226,2251,0.1,0.15,45
30,15,false,,0.40785271913503757,0.11289303697794299,-0.29000828397724454,4,2,1.0,29.0,0.29728725380899296,0.0,0.2178,226,2251,0.1,0.15,45
40,20,false,,0.1231269230845678,0.20547870166670973,0.11003540095748213,32,36,4.0,39.0,0.6533684606699285,0.0,0.249,226,2251,0.1,0.15,45
50,25,false,,0.1587514032794887,0.10332314580046331,-0.06500949381236908,14,3,1.0,46.0,0.2911293474013286,0.06447831184056271,0.2328,226,2251,0.1,0.15,45
60,30,true,,0.11806300458438544,0.305608029103358,0.1756482794496178,51,55,24.0,59.0,0.7372438730413821,0.21173161912414623,0.2272,226,2251,0.1,0.15,45
20,10,false,,0.20094103788981246,0.08304737813558417,-0.12862077747542522,5,2,1.0,18.0,0.24683122081387593,0.0,0.269,227,2252,0.1,0.15,45
30,15,false,,0.558155925419128,0.08796493373359796,-0.46946048575146726,3,1,1.0,18.0,0.046754250386398764,0.0,0.2142,227,2252,0.1,0.15,45
40,20,false,,0.22928801134516755,0.08962184462718317,-0.14698953134824183,6,2,1.0,27.0,0.1391035548686244,0.0,0.2306,227,2252,0.1,0.15,45
50,25,false,,0.11164199440925753,0.6392393411015802,0.5211950312761799,45,46,35.0,49.0,0.9228499156829679,0.7204890387858347,0.2528,227,2252,0.1,0.15,45
60,30,false,,0.13150698655905646,0.13496562588856495,0.010932784672425533,35,4,2.0,58.0,0.5366242038216561,0.17794585987261147,0.2338,227,2252,0.1,0.15,45
20,10,true,,0.10559896137802209,0.501408893978461,0.41305938580215873,14,16,3.0,19.0,0.8446123521681997,0.0,0.3042,228,2253,0.1,0.15,45
20,10,false,,0.09954154130026494,0.19961305532245643,0.10565693570966851,14,16,1.0,19.0,0.6948700866089274,0.0,0.2658,229,2254,0.1,0.15,45
30,15,false,,0.11275299613117991,0.09462386280793632,-0.01800867112930999,11,1,1.0,28.0,0.4644691780821918,0.0,0.2286,229,2254,0.1,0.15,45
40,20,true,,0.10631914775582368,0.2758166758231504,0.17540981020270607,29,35,2.0,39.0,0.7487279843444227,0.0,0.2908,229,2254,0.1,0.15,45
20,10,false,,0.17681689950957008,0.11796730281631992,-0.08190293432120979,6,5,1.0,18.0,0.3659842519685039,0.0,0.2974,230,2255,0.1,0.15,45
30,15,false,,0.1300259274211762,0.09592052581656926,-0.0460346419769804,13,3,1.0,28.0,0.369279886484569,0.0,0.2776,230,2255,0.1,0.15,45
40,20,false,,0.23948024304158302,0.09421341073913182,-0.14865499633898072,6,1,1.0,35.0,0.21220582369365776,0.0,0.24,230,2255,0.1,0.15,45
50,25,false,,0.12456272913790827,0.12284058236529803,-0.0007076014106666001,31,4,1.0,48.0,0.49592233009708736,0.2345631067961165,0.253,230,2255,0.1,0.15,45
60,30,false,,0.12264059577067835,0.16415287962150513,0.04891215090288048,47,56,3.0,59.0,0.649016641452345,0.15771558245083206,0.202,230,2255,0.1,0.15,45
20,10,true,,0.13084616543081262,0.2045169659130342,0.09773227713914699,13,16,1.0,19.0,0.7001833740831296,0.0,0.3196,231,2256,0.1,0.15,45
20,10,false,,0.10900678293580258,0.1376509409763358,0.05082095530948871,13,1,1.0,19.0,0.5628649279875438,0.0,0.2374,232,2257,0.1,0.15,45
30,15,false,,0.09182227000850983,0.13173814644710444,0.06280311687073654,17,25,1.0,29.0,0.6339055793991416,0.0,0.2156,232,2257,0.1,0.15,45
40,20,false,,0.12736911639975734,0.09595261082202805,-0.03905759714367789,9,5,2.0,36.0,0.3672,0.0,0.2736,232,2257,0.1,0.15,45
50,25,true,,0.10903633304202547,0.4891903751909978,0.3719486229725597,44,44,33.0,49.0,0.8675914249684742,0.6347204707860445,0.2444,232,2257,0.1,0.15,45
20,10,false,,0.07387187521923347,0.7049966038048556,0.6253079424581868,17,16,11.0,19.0,0.9850931677018634,0.0,0.2406,233,2258,0.1,0.15,45
30,15,false,,0.06991840161905914,0.5717774424262104,0.4995976415624089,26,25,20.0,29.0,1.0,0.0,0.1374,233,2258,0.1,0.15,45
40,20,false,,0.13319982670211256,0.09728949763224887,-0.037980180076783304,8,4,1.0,33.0,0.34875153499795336,0.0,0.2526,233,2258,0.1,0.15,45
50,25,false,,0.1227469189580483,0.10763974798286588,-0.013551671985875396,19,4,1.0,47.0,0.4586794927853083,0.1915172715347617,0.2184,233,2258,0.1,0.15,45
60,30,true,,0.10722689573948262,0.3343821957064318,0.21241790390891546,54,55,42.0,59.0,0.8024574669187146,0.14603024574669188,0.142,233,2258,0.1,0.15,45
20,10,false,,0.15076211297164374,0.07661339892470463,-0.0795108620807683,6,1,1.0,17.0,0.2566090941135002,0.0,0.268,234,2259,0.1,0.15,45
30,15,false,,0.08773359124174003,0.6373405443639112,0.5507662426595836,26,26,20.0,29.0,0.9877105143377333,0.0,0.2108,234,2259,0.1,0.15,45
40,20,false,,0.09176184131011758,0.1949848134861956,0.11611857685560037,29,36,2.0,39.0,0.6800959232613909,0.0,0.1542,234,2259,0.1,0.15,45
50,25,false,,0.10252013095500068,0.12137073204884831,0.04231481444178755,25,5,1.0,48.0,0.5633017289459007,0.30507529280535417,0.0954,234,2259,0.1,0.15,45
60,30,false,,0.08775055019938635,0.1536915212845765,0.06399289967450222,51,55,38.0,58.0,0.6698324022346369,0.19553072625698323,0.068,234,2259,0.1,0.15,45
20,10,false,,0.08073302155523468,0.1566382005041456,0.08362238658120422,14,16,2.0,19.0,0.6814456035767511,0.0,0.2886,235,2260,0.1,0.15,45
30,15,false,,0.08841743774154803,0.19296753724364926,0.10867086854977095,19,24,1.0,29.0,0.6792770071458596,0.0,0.2258,235,2260,0.1,0.15,45
40,20,false,,0.09672164771143418,0.1309675148200546,0.039434982886310865,28,35,2.0,38.0,0.6059618071727992,0.0,0.1656,235,2260,0.1,0.15,45
50,25,true,,0.09518624163932266,0.22459541796438712,0.13054291623458866,40,45,21.0,49.0,0.7364117364117364,0.39826839826839827,0.1394,235,2260,0.1,0.15,45
20,10,false,,0.23796323287537943,0.062350669571185936,-0.1806787464980769,4,2,1.0,18.0,0.293218345746766,0.0,0.21,236,2261,0.1,0.15,45
30,15,false,,0.08888265105600193,0.1018446011988927,0.021985131046933663,16,25,2.0,29.0,0.5734883720930233,0.0,0.1616,236,2261,0.1,0.15,45
40,20,false,,0.0697217330544263,0.5919713143522077,0.5223418462695698,35,35,29.0,39.0,1.0,0.0,0.0796,236,2261,0.1,0.15,45
50,25,false,,0.07281746970129772,0.11856549015943857,0.04888659032782269,45,45,36.0,49.0,0.6710164835164835,0.6717032967032966,0.0454,236,2261,0.1,0.15,45
60,30,true,,0.0625506406881816,0.30001512109763556,0.2461186582183268,53,54,48.0,59.0,0.9976284584980237,0.028458498023715414,0.02,236,2261,0.1,0.15,45
20,10,false,,0.11490376267467949,0.1299690995891048,0.034374309941452005,9,4,1.0,19.0,0.5368639667705088,0.0,0.2806,237,2262,0.1,0.15,45
30,15,false,,0.11275148216782774,0.11227160100394931,0.0005777794989428042,20,25,1.0,29.0,0.5018181818181818,0.0,0.2672,237,2262,0.1,0.15,45
40,20,false,,0.12642510067099805,0.14380307556431046,0.017271978608185537,24,2,1.0,38.0,0.5513659099653713,0.0,0.2514,237,2262,0.1,0.15,45
50,25,true,,0.11060753097227176,0.22207586652466055,0.11946824188101142,40,45,7.0,49.0,0.7617172115005908,0.41394249704608116,0.2782,237,2262,0.1,0.15,45
20,10,false,,0.18732412993028572,0.08034455064909497,-0.11120287835414319,4,1,1.0,19.0,0.306640625,0.0,0.2616,238,2263,0.1,0.15,45
30,15,true,,0.0991975554878697,0.186047529540551,0.09904269627105688,20,27,2.0,29.0,0.7052091554853985,0.0,0.2804,238,2263,0.1,0.15,45
20,10,false,,0.1000870420238649,0.14087413788467054,0.05184653838648671,12,16,1.0,19.0,0.6467953135768436,0.0,0.2892,239,2264,0.1,0.15,45
30,15,false,,0.09717380856884267,0.14179624205319163,0.05638910159024421,19,25,2.0,29.0,0.6315192743764172,0.0,0.2612,239,2264,0.1,0.15,45
40,20,false,,0.09544712676330529,0.1642068830052139,0.07862724381759818,32,35,18.0,39.0,0.6686340640809444,0.0,0.2146,239,2264,0.1,0.15,45
50,25,false,,0.09993838877709081,0.1521130351395802,0.04108502955820034,41,46,24.0,49.0,0.6874431301182894,0.44494995450409464,0.1642,239,2264,0.1,0.15,45
60,30,false,,0.11827237434710453,0.09893579689356734,-0.021321565085022268,20,1,1.0,59.0,0.46758703481392555,0.08343337334933974,0.0744,239,2264,0.1,0.15,45
20,10,false,,0.13390714794738898,0.15246995530912102,0.014367466240995205,11,17,1.0,19.0,0.5165354330708661,0.0,0.3196,240,2265,0.1,0.15,45
30,15,true,,0.11898697637652948,0.3042440521197883,0.19615597479073577,24,27,6.0,29.0,0.8385135135135136,0.0,0.2678,240,2265,0.1,0.15,45
20,10,true,,0.12924913628217322,0.3199672644981403,0.19638265265576624,14,16,2.0,19.0,0.8024539877300614,0.0,0.318,241,2266,0.1,0.15,45
20,10,false,,0.09074632672421813,0.36208970473997437,0.26401619775876983,15,17,3.0,19.0,0.7982174688057041,0.0,0.2842,242,2267,0.1,0.15,45
30,15,false,,0.12039447399720792,0.09698443854443262,-0.04184734107366606,8,1,1.0,29.0,0.4385076001842469,0.0,0.1786,242,2267,0.1,0.15,45
40,20,true,,0.08344215456588497,0.4489403957860476,0.3698132436847955,34,34,18.0,39.0,0.9204545454545454,0.0,0.1434,242,2267,0.1,0.15,45
20,10,false,,0.10860050267182694,0.20486429142157228,0.12143731206024382,14,18,1.0,19.0,0.691323885240235,0.0,0.2716,243,2268,0.1,0.15,45
30,15,false,,0.10025060004631432,0.26282839154841076,0.18651579502205085,21,27,1.0,29.0,0.6457800511508951,0.0,0.2326,243,2268,0.1,0.15,45
40,20,false,,0.11502561306801658,0.1665826094023061,0.057728546918057816,28,35,1.0,39.0,0.6181745715424471,0.0,0.263,243,2268,0.1,0.15,45
50,25,false,,0.17999055670548816,0.09245770929812809,-0.10286685426041337,11,3,1.0,48.0,0.24674779689467058,0.13218631976500209,0.2214,243,2268,0.1,0.15,45
60,30,false,,0.49325266101872234,0.09790947475173314,-0.4024219232310232,4,3,1.0,30.0,0.08777573529411764,0.0,0.1906,243,2268,0.1,0.15,45
20,10,false,,0.10419758913588277,0.4050679399194129,0.31751721618233325,16,17,1.0,19.0,0.7978878368536052,0.0,0.281,244,2269,0.1,0.15,45
30,15,false,,0.1096096643842085,0.0992476184846522,-0.011080143096633605,16,5,1.0,29.0,0.4690016103059581,0.0,0.2408,244,2269,0.1,0.15,45
40,20,false,,0.09494377644608466,0.10806152630280613,0.017426205895165317,28,35,4.0,39.0,0.5591054313099042,0.0,0.1878,244,2269,0.1,0.15,45
50,25,true,,0.0927503483770962,0.15511008811910787,0.05934760625046522,40,45,18.0,48.0,0.7300843486410497,0.42549203373945643,0.1414,244,2269,0.1,0.15,45
20,10,false,,0.10819627621390743,0.14278320106909687,0.040414657249235694,13,16,1.0,19.0,0.5810765630224005,0.0,0.2942,245,2270,0.1,0.15,45
30,15,false,,0.1397240773273516,0.11376870904658651,-0.031299950513553984,6,3,1.0,28.0,0.40536672629695886,0.0,0.2638,245,2270,0.1,0.15,45
40,20,false,,0.13964750696799777,0.1177695884949274,-0.019547722859783387,8,4,1.0,26.0,0.40920353982300883,0.0,0.2662,245,2270,0.1,0.15,45
50,25,false,,0.13465000124744045,0.12081611989090707,-0.013116010355337493,13,10,1.0,48.0,0.44816176470588237,0.09375,0.2448,245,2270,0.1,0.15,45
60,30,false,,0.13109874962426615,0.13158555642981315,0.003019538379357173,15,6,1.0,52.0,0.5086811968969339,0.12116734392316217,0.227,245,2270,0.1,0.15,45
20,10,false,,0.10892680297962677,0.31871017584525013,0.21775732331908254,15,16,2.0,19.0,0.7717647058823529,0.0,0.287,246,2271,0.1,0.15,45
30,15,false,,0.09744721719023897,0.5066947239830374,0.3965243520140824,25,26,2.0,29.0,0.7710892710892711,0.0,0.2352,246,2271,0.1,0.15,45
40,20,false,,0.09662508889321858,0.11250668004502866,0.026573330693561714,20,34,3.0,38.0,0.5817223198594025,0.0,0.1892,246,2271,0.1,0.15,45
50,25,false,,0.1348704726697716,0.07931883417043305,-0.058596930810054154,6,2,1.0,46.0,0.2813026389668725,0.060078607523863,0.109,246,2271,0.1,0.15,45
60,30,false,,0.6907548966528371,0.07280835413934693,-0.6151656501953027,2,1,1.0,10.0,0.029573590096286108,0.0,0.043,246,2271,0.1,0.15,45
20,10,true,,0.09198602002455249,0.17559031647841233,0.0932245877963188,12,15,2.0,19.0,0.7327787021630615,0.0,0.3184,247,2272,0.1,0.15,45
20,10,false,,0.09965736869340783,0.10944479006486371,0.0147158838057766,11,15,2.0,19.0,0.5435861091424522,0.0,0.2624,248,2273,0.1,0.15,45
30,15,false,,0.0977401297466367,0.11668359839549879,0.026400915627199664,14,23,1.0,28.0,0.5796252927400468,0.0,0.2856,248,2273,0.1,0.15,45
40,20,true,,0.10500446164017578,0.3205546741806426,0.21303777943984903,31,36,16.0,39.0,0.8383685800604229,0.0,0.2934,248,2273,0.1,0.15,45
20,10,false,,0.11397500832390224,0.19293984248985002,0.08367718164664605,14,17,2.0,19.0,0.6326463853451095,0.0,0.2982,249,2274,0.1,0.15,45
30,15,true,,0.10042825538912005,0.2386620597088718,0.14263441455665274,23,27,7.0,29.0,0.7419114912606917,0.0,0.2772,249,2274,0.1,0.15,45
20,10,false,,0.14508120301289187,0.09642717585897874,-0.06128457489561413,10,2,1.0,19.0,0.35790172642762286,0.0,0.2822,250,2275,0.1,0.15,45
30,15,false,,0.11440048988013281,0.16567268200338897,0.07242644555825685,20,28,2.0,29.0,0.619828550130451,0.0,0.2768,250,2275,0.1,0.15,45
40,20,false,,0.15105737647260928,0.10776749301515841,-0.039464736825951585,10,2,1.0,37.0,0.3964071856287425,0.0,0.2522,250,2275,0.1,0.15,45
50,25,false,,0.12084873488248692,0.1195756523598625,-0.0023824627018100147,32,33,2.0,47.0,0.4922660479505027,0.10015467904098994,0.2586,250,2275,0.1,0.15,45
60,30,false,,0.12363537508997094,0.14622620468337888,0.026304415854060403,46,53,1.0,59.0,0.5701926858041683,0.1486433346441211,0.2498,250,2275,0.1,0.15,45
20,10,false,,0.1292113856874391,0.19090513037210258,0.07629597471952294,13,16,1.0,19.0,0.6453059916693368,0.0,0.308,251,2276,0.1,0.15,45
30,15,false,,0.12321984093285183,0.15373350615785497,0.05847534115595202,14,25,1.0,29.0,0.5998568360773086,0.0,0.2688,251,2276,0.1,0.15,45
40,20,true,,0.11690165276880427,0.21796939466172635,0.11077605483455231,27,36,4.0,39.0,0.711362805991962,0.0,0.2562,251,2276,0.1,0.15,45
20,10,false,,0.11001822426409724,0.11570598168898096,0.004373925231152279,10,3,1.0,19.0,0.5106658047834518,0.0,0.3036,252,2277,0.1,0.15,45
30,15,false,,0.19054768721403176,0.1011196427139893,-0.11497542852456968,5,1,1.0,28.0,0.3482373172828891,0.0,0.223,252,2277,0.1,0.15,45
40,20,true,,0.10774176302758597,0.5196274533690286,0.399668568885136,32,35,3.0,39.0,0.7875297855440826,0.0,0.272,252,2277,0.1,0.15,45
20,10,true,,0.14265956645904754,0.35369837314690167,0.22671473006413295,14,17,2.0,19.0,0.7349857006673022,0.0,0.305,253,2278,0.1,0.15,45
20,10,false,,0.07397089787071129,0.16504060676636523,0.10317214943158612,15,15,2.0,19.0,0.7045807453416149,0.0,0.2572,254,2279,0.1,0.15,45
30,15,false,,0.09397629793935114,0.12455312459213368,0.0457839258734595,20,28,3.0,29.0,0.6649979140592407,0.0,0.269,254,2279,0.1,0.15,45
40,20,false,,0.10794286950011855,0.09798652809442616,-0.018906452126815215,15,6,1.0,38.0,0.450313339301701,0.0,0.1948,254,2279,0.1,0.15,45
50,25,false,,0.09931942473973449,0.6820595005300271,0.5776214505775401,45,45,38.0,49.0,0.9911214953271028,0.7714953271028038,0.1436,254,2279,0.1,0.15,45
60,30,false,,0.10938416294232561,0.0964363736989905,-0.007333537165089873,18,3,1.0,58.0,0.4661308840413318,0.10275545350172216,0.0894,254,2279,0.1,0.15,45
20,10,false,,0.05294973422595551,0.15943341660119717,0.10327706177673086,12,11,2.0,19.0,0.6970397779833487,0.0,0.1528,255,2280,0.1,0.15,45
30,15,false,,0.05153285106302217,0.5052257339795876,0.46011092473671356,26,26,12.0,29.0,0.8743424897720631,0.0,0.068,255,2280,0.1,0.15,45
40,20,false,,0.3500339004159384,0.05850678050096484,-0.28242710581810626,2,1,1.0,15.0,0.14556962025316456,0.0,0.04,255,2280,0.1,0.15,45
50,25,false,,0.7744694683531743,0.04526444226964228,-0.7345508861413867,1,1,1.0,3.0,0.0,0.0,0.014,255,2280,0.1,0.15,45
60,30,false,,0.05443692540280142,0.6811407272088266,0.6267038018060251,56,58,48.0,59.0,1.0,0.19653767820773932,0.012,255,2280,0.1,0.15,45
20,10,false,,0.11996058240306424,0.14167445659911734,0.04235008189091126,10,1,1.0,19.0,0.5607645149657411,0.0,0.2504,256,2281,0.1,0.15,45
30,15,true,,0.1001669372195992,0.4387511075445787,0.3443693357745582,23,27,2.0,29.0,0.8113933795227097,0.0,0.2898,256,2281,0.1,0.15,45
20,10,false,,0.11435645033095085,0.24187851695273724,0.1687254727847669,13,16,1.0,19.0,0.6882453151618398,0.0,0.3044,257,2282,0.1,0.15,45
30,15,false,,0.11618513851257785,0.10629813591134037,-0.005927981468575025,14,4,1.0,29.0,0.48122238586156113,0.0,0.2878,257,2282,0.1,0.15,45
40,20,false,,0.3215469926539767,0.09374223392177279,-0.22796400157924535,4,1,1.0,35.27500000000009,0.16233766233766234,0.0,0.217,257,2282,0.1,0.15,45
50,25,false,,0.17346933155181665,0.10369971802060225,-0.07656006003353771,8,3,1.0,43.0,0.29881422924901185,0.028853754940711462,0.2628,257,2282,0.1,0.15,45
60,30,false,,0.13106350267463648,0.13112487948638812,-0.00209673411147443,38,2,1.0,59.0,0.4967989756722151,0.09346991037131883,0.2462,257,2282,0.1,0.15,45
20,10,false,,0.10270916752203334,0.19979654617336495,0.1017826353937917,13,16,1.0,19.0,0.6543647977288858,0.0,0.2792,258,2283,0.1,0.15,45
30,15,true,,0.11243564035870691,0.27403821950354057,0.1791653894945431,23,26,7.0,29.0,0.7763888888888889,0.0,0.2874,258,2283,0.1,0.15,45
20,10,false,,0.13713817481587864,0.10666130911170191,-0.049127104795915685,9,1,1.0,19.0,0.36003989361702127,0.0,0.2958,259,2284,0.1,0.15,45
30,15,false,,0.1363423220366743,0.1001532565489255,-0.03599738875702129,7,4,1.0,27.0,0.3689501116902457,0.0,0.2564,259,2284,0.1,0.15,45
40,20,false,,0.1302480340643923,0.10588064873668941,-0.03787745253596771,17,5,1.0,37.0,0.4025522041763341,0.0,0.2624,259,2284,0.1,0.15,45
50,25,false,,0.1065848283457392,0.48702316894909264,0.37402753351356455,45,45,31.0,49.0,0.8776665215498476,0.7292120156726165,0.213,259,2284,0.1,0.15,45
60,30,false,,0.18706272759357703,0.10557302593719285,-0.08213104491963741,7,4,1.0,29.0,0.2353883106485188,0.0,0.2156,259,2284,0.1,0.15,45
20,10,false,,0.12745283174899114,0.13484718442501697,0.015034445374143758,9,1,1.0,19.0,0.5183109118086696,0.0,0.2496,260,2285,0.1,0.15,45
30,15,false,,0.10419099047512118,0.13227495830607697,0.0477958638143329,20,27,1.8250000000000028,29.0,0.5888801879404855,0.0,0.2602,260,2285,0.1,0.15,45
40,20,false,,0.21609272861263149,0.09030105246743504,-0.13866449398587194,5,3,1.0,22.0,0.16,0.0,0.2198,260,2285,0.1,0.15,45
50,25,true,,0.11447065980363759,0.42055725087408896,0.3027227235628987,44,46,29.0,49.0,0.8142183817753339,0.6512175962293795,0.2576,260,2285,0.1,0.15,45
20,10,false,,0.11515678215849902,0.33021360195596633,0.24371986842369023,16,16,1.0,19.0,0.7637551581843192,0.0,0.2798,261,2286,0.1,0.15,45
30,15,false,,0.29564030252408124,0.10557425592022063,-0.21114801309011577,4,1,1.0,29.0,0.3234597156398104,0.0,0.2268,261,2286,0.1,0.15,45
40,20,false,,0.11060377798318269,0.19135861282001715,0.0831905357102487,31,36,4.0,39.0,0.6420094936708861,0.0,0.2406,261,2286,0.1,0.15,45
50,25,false,,0.11230415081640635,0.4909213094432209,0.3821980627568196,45,46,36.575,49.0,0.9030032467532467,0.7065746753246753,0.2588,261,2286,0.1,0.15,45
60,30,true,,0.11639832955837738,0.501242223979207,0.38163487481118025,54,57,33.0,59.0,0.9525354969574037,0.1565922920892495,0.2544,261,2286,0.1,0.15,45
20,10,false,,0.0914564886989306,0.10983101919306744,0.015587188007750573,10,13,1.0,19.0,0.5478229835831548,0.0,0.286,262,2287,0.1,0.15,45
30,15,true,,0.09991764066027287,0.24189043713531477,0.1609388837139945,20,26,3.0,29.0,0.742053343076361,0.0,0.3168,262,2287,0.1,0.15,45
20,10,true,,0.0702023548831992,0.1909506371070992,0.1250519637772946,14,16,1.0,19.0,0.7027824620573356,0.0,0.2162,263,2288,0.1,0.15,45
20,10,false,,0.2348881346795817,0.09818928650316844,-0.15252588307836984,4,1,1.0,19.0,0.34057971014492755,0.0,0.2468,264,2289,0.1,0.15,45
30,15,false,,0.14862852180073577,0.10556981045605746,-0.05561363350148586,8,3,1.0,28.0,0.39209164818920916,0.0,0.2726,264,2289,0.1,0.15,45
40,20,true,,0.10804236836808702,0.2692656505478442,0.16815742740947176,33,36,7.0,39.0,0.713067080263668,0.0,0.2564,264,2289,0.1,0.15,45
20,10,false,,0.09600498589183375,0.23117116439011226,0.14092596267887553,15,16,2.0,19.0,0.7663352272727273,0.0,0.2976,265,2290,0.1,0.15,45
30,15,false,,0.11200322206718902,0.11483845803230455,0.0009784654807769855,18,25,1.0,29.0,0.5007374631268436,0.0,0.2788,265,2290,0.1,0.15,45
40,20,false,,0.42822389539303024,0.0947791467925448,-0.33147820239949377,3,1,1.0,19.0,0.16022579244463742,0.0,0.2212,265,2290,0.1,0.15,45
50,25,false,,0.15423865246359983,0.11504805372260737,-0.0496060799145437,9,3,1.0,47.0,0.37996146435452793,0.06589595375722543,0.246,265,2290,0.1,0.15,45
60,30,true,,0.11586066015624519,0.23321698293049234,0.1170684306609968,52,56,30.0,59.0,0.7390065146579805,0.15431596091205213,0.22,265,2290,0.1,0.15,45
20,10,false,,0.17024153964625457,0.13414284335595203,-0.03746638752437727,11,12,1.0,19.0,0.40755053507728894,0.0,0.3124,266,2291,0.1,0.15,45
30,15,false,,0.14267319938820477,0.1179885532195238,-0.03628349184423135,14,2,1.0,28.0,0.4308862433862434,0.0,0.2818,266,2291,0.1,0.15,45
40,20,false,,0.1262768915077948,0.13128330399215227,0.004258342922419514,28,35,10.0,39.0,0.5124077800134138,0.0,0.2804,266,2291,0.1,0.15,45
50,25,false,,0.19186802464836925,0.1048985484808926,-0.09638398650255961,8,2,1.0,22.0,0.195338512763596,0.0,0.22,266,2291,0.1,0.15,45
60,30,false,,0.13240181610041418,0.11439034977408663,-0.026926219209064586,36,4,1.0,58.0,0.3930957683741648,0.11172976985894581,0.2162,266,2291,0.1,0.15,45
20,10,false,,0.08851487783926054,0.13362878277668733,0.04592431749376659,14,16,1.0,19.0,0.5905743740795287,0.0,0.2608,267,2292,0.1,0.15,45
30,15,true,,0.07443050835357679,0.6269004408400062,0.5250601551343178,24,26,1.0,29.0,0.7728,0.0,0.1108,267,2292,0.1,0.15,45
20,10,false,,0.08426748411840429,0.30159888575253424,0.21984469525265354,15,17,2.0,19.0,0.7862887782458828,0.0,0.2676,268,2293,0.1,0.15,45
30,15,false,,0.13741003814225014,0.09984316383863936,-0.04359079505414469,9,1,1.0,28.0,0.41656416564165644,0.0,0.2518,268,2293,0.1,0.15,45
40,20,true,,0.10094270852821251,0.19734978392358948,0.10079882765783213,32,35,2.0,39.0,0.7070120589548906,0.0,0.2142,268,2293,0.1,0.15,45
20,10,false,,0.0820071088884014,0.7090403304663317,0.6263907917228667,16,16,10.0,19.0,0.9805598755832037,0.0,0.2618,269,2294,0.1,0.15,45
30,15,false,,0.37295623332696826,0.08034584662168473,-0.2985037240181265,3,1,1.0,12.0,0.14111498257839722,0.0,0.2368,269,2294,0.1,0.15,45
40,20,false,,0.17123691364853327,0.08570139325218926,-0.09151754063887352,7,1,1.0,35.0,0.2818305391934753,0.0,0.1888,269,2294,0.1,0.15,45
50,25,false,,0.11395288380239038,0.12340957806334525,0.02067336906764384,38,41,2.0,48.0,0.5247971145175834,0.3408476104598738,0.1708,269,2294,0.1,0.15,45
60,30,false,,0.15042640718970796,0.09120589178322396,-0.05726439798614549,9,6,1.0,57.0,0.2930604093859211,0.0309535696455317,0.1234,269,2294,0.1,0.15,45
20,10,false,,0.12084285314321608,0.2225724820994727,0.12204921320905177,15,16,1.0,19.0,0.6731871838111299,0.0,0.2874,270,2295,0.1,0.15,45
30,15,false,,0.11734958691361193,0.16061365880691086,0.04903274989277907,18,26,3.0,29.0,0.6426027840725154,0.0,0.2896,270,2295,0.1,0.15,45
40,20,false,,0.13469605198649928,0.11625156562658662,-0.018545203252186795,12,4,1.0,38.0,0.44221655122129055,0.0,0.268,270,2295,0.1,0.15,45
50,25,false,,0.12149285810499229,0.1104457810601171,-0.00813830895966039,28,47,2.0,49.0,0.47103274559193953,0.24223341729638959,0.224,270,2295,0.1,0.15,45
60,30,true,,0.11458925916808439,0.3869965761631288,0.2633510689475834,54,54,43.0,59.0,0.8178861788617886,0.11463414634146342,0.2392,270,2295,0.1,0.15,45
20,10,false,,0.1109579013733487,0.18335463967120683,0.09135045720475032,12,15,1.0,19.0,0.6717305151915456,0.0,0.3014,271,2296,0.1,0.15,45
30,15,false,,0.13259332764962167,0.12874002979829596,-0.005576968637819965,19,25,1.0,29.0,0.4839371155160629,0.0,0.2682,271,2296,0.1,0.15,45
40,20,false,,0.12485062422352661,0.13104866006832822,0.0062622960531837635,32,36,13.0,39.0,0.5297334244702666,0.0,0.2558,271,2296,0.1,0.15,45
50,25,false,,0.12465943760410587,0.14866249293689174,0.02584771571385055,39,45,17.0,49.0,0.5839064649243466,0.35316368638239337,0.239,271,2296,0.1,0.15,45
60,30,false,,0.12607901699361393,0.1337226915263351,0.009806601552429822,35,56,3.0,58.0,0.5539441103643439,0.06685532366466218,0.2202,271,2296,0.1,0.15,45
20,10,false,,0.058792301556375354,0.5373157959015331,0.4947832977840286,15,17,2.0,19.0,0.8225128444652032,0.0,0.1868,272,2297,0.1,0.15,45
30,15,false,,0.2681887262531282,0.05277416536081677,-0.21873488859817092,3,2,1.0,14.0,0.1767189384800965,0.0,0.079,272,2297,0.1,0.15,45
40,20,true,,0.06432541557665053,0.4373518800831221,0.3655808551314745,34,36,30.0,39.0,0.906764168190128,0.0,0.0666,272,2297,0.1,0.15,45
20,10,false,,0.11579136548768311,0.0882592676855033,-0.03823087250917541,7,1,1.0,19.0,0.4086642599277978,0.0,0.2722,273,2298,0.1,0.15,45
30,15,false,,0.130694463618385,0.1248800189159516,0.01972242806218308,11,1,1.0,29.0,0.5249621785173979,0.0,0.2626,273,2298,0.1,0.15,45
40,20,false,,0.11934138924953476,0.17076856352541264,0.0635183408751723,29,36,2.0,39.0,0.6762309599716614,0.0,0.2614,273,2298,0.1,0.15,45
50,25,false,,0.2149435935050579,0.1124284386123401,-0.1177425265254605,5,1,1.0,43.0,0.2618952419032387,0.03278688524590164,0.2092,273,2298,0.1,0.15,45
60,30,false,,0.17911730930934716,0.11578292809399121,-0.070554801016573,6,2,1.0,28.0,0.3022239872915012,0.0,0.1776,273,2298,0.1,0.15,45
20,10,false,,0.1917166492074465,0.20240306411104808,0.024563880806392102,13,16,2.0,19.0,0.5412135088723526,0.0,0.3368,274,2299,0.1,0.15,45
30,15,false,,0.244755151791681,0.11504059838251103,-0.1514603390064686,8,3,1.0,27.0,0.18541797611565053,0.0,0.2454,274,2299,0.1,0.15,45
40,20,false,,0.1586886793914629,0.11558381162392119,-0.07797529170159892,22,2,1.0,38.0,0.3153122901276024,0.0,0.2292,274,2299,0.1,0.15,45
50,25,false,,0.13472392464826943,0.1405641956719059,0.011825031835077299,38,46,4.0,49.0,0.5285714285714286,0.33979591836734696,0.2304,274,2299,0.1,0.15,45
60,30,false,,0.36821955253024014,0.11338656395520133,-0.2606004814444696,5,3,1.0,46.0,0.13431107680432267,0.07526051717483596,0.133,274,2299,0.1,0.15,45
20,10,true,,0.11499170108303258,0.2053133804804873,0.12198926115097357,13,15,1.0,19.0,0.7425243940824677,0.0,0.3126,275,2300,0.1,0.15,45
20,10,false,,0.092194879370675,0.32702395726874156,0.24699302933183154,15,17,3.0,19.0,0.7887977167320728,0.0,0.3002,276,2301,0.1,0.15,45
30,15,false,,0.10517420846598236,0.16857216253961768,0.06833693557997461,21,22,3.0,29.0,0.676554681915654,0.0,0.2788,276,2301,0.1,0.15,45
40,20,false,,0.1147822070129097,0.15357495927853554,0.04085482097466869,32,36,1.0,39.0,0.5813449023861171,0.0,0.2184,276,2301,0.1,0.15,45
50,25,false,,0.13949621647797333,0.09188505912772388,-0.05868536060752941,7,3,1.0,47.0,0.2693437806072478,0.08472086190009795,0.165,276,2301,0.1,0.15,45
60,30,false,,0.10807780522381086,0.14590361066682717,0.050844880705948683,39,51,7.0,58.0,0.6396551724137931,0.12873563218390804,0.1178,276,2301,0.1,0.15,45
20,10,false,,0.11655003439491837,0.16916054372238015,0.07243966347549051,12,16,1.0,19.0,0.6598425196850394,0.0,0.2992,277,2302,0.1,0.15,45
30,15,false,,0.1134190496710155,0.13438646371095594,0.025207781904076756,20,27,4.0,29.0,0.5684062059238364,0.0,0.279,277,2302,0.1,0.15,45
40,20,false,,0.18491237852166578,0.10286474083160037,-0.08652278022907647,6,3,1.0,35.0,0.2791327913279133,0.0,0.2562,277,2302,0.1,0.15,45
50,25,false,,0.11061279779516482,0.43997932247895866,0.32500828440528273,45,45,34.0,49.0,0.8645750595710882,0.6664019062748213,0.236,277,2302,0.1,0.15,45
60,30,false,,0.14467387805804185,0.10523053201901202,-0.058541731457670006,10,1,1.0,58.0,0.4017447199265381,0.07529843893480258,0.1674,277,2302,0.1,0.15,45
20,10,false,,0.13056874206916316,0.14206389215697668,0.015364212821477818,11,17,1.0,19.0,0.5328653477983408,0.0,0.3164,278,2303,0.1,0.15,45
30,15,true,,0.1253382369675709,0.24086205618569315,0.13260742000373477,21,27,3.0,29.0,0.7123331214240305,0.0,0.2868,278,2303,0.1,0.15,45
20,10,true,,0.10232361535533097,0.27084505639541157,0.17065005573638542,13,17,1.0,19.0,0.7806603773584906,0.0,0.2806,279,2304,0.1,0.15,45
20,10,false,,0.09152681051684938,0.13303832452181702,0.05468652311704964,13,17,1.0,19.0,0.5894486314954384,0.0,0.2176,280,2305,0.1,0.15,45
30,15,false,,0.6246539607172168,0.08208282151873414,-0.5483258125233913,3,1,1.0,27.0,0.16666666666666666,0.0,0.2154,280,2305,0.1,0.15,45
40,20,false,,0.11573425668227835,0.12661196518725343,0.033265189168771844,15,5,1.0,39.0,0.5866666666666667,0.0,0.2704,280,2305,0.1,0.15,45
50,25,false,,0.1613285503490875,0.10128448414776377,-0.07085516729851818,9,4,1.0,39.0,0.2921174652241113,0.018160741885625966,0.2752,280,2305,0.1,0.15,45
60,30,false,,0.12244921547051578,0.11669125639303406,-0.004332838086301846,18,4,2.0,58.0,0.4852635948526359,0.06060606060606061,0.217,280,2305,0.1,0.15,45
20,10,true,,0.11285154400991197,0.2529206190836145,0.16458173733879897,14,16,3.0,19.0,0.7784283513097072,0.0,0.312,281,2306,0.1,0.15,45
20,10,true,,0.10490642709370061,0.3758528573220039,0.27005472820253,14,14,2.0,19.0,0.8264649066323245,0.0,0.3144,282,2307,0.1,0.15,45
20,10,true,,0.1052499428788058,0.26183204822304645,0.18159571556206647,11,16,1.0,19.0,0.7512707556760421,0.0,0.298,283,2308,0.1,0.15,45
20,10,false,,0.08075393326393479,0.1745100135239196,0.10062403211003335,13,13,1.0,19.0,0.6766835626357712,0.0,0.2982,284,2309,0.1,0.15,45
30,15,true,,0.09849956344203242,0.22492118524008492,0.14306214309709736,19,26,2.0,29.0,0.7396741189844638,0.0,0.303,284,2309,0.1,0.15,45
20,10,false,,0.09232654939475649,0.6414459150689229,0.5477533479386816,16,16,7.0,19.0,0.9487758945386064,0.0,0.2722,285,2310,0.1,0.15,45
30,15,false,,0.29610787601283894,0.09231862619203965,-0.1874084714086997,5,1,1.0,27.0,0.3138362242839855,0.0,0.2442,285,2310,0.1,0.15,45
40,20,false,,0.12209632445895426,0.1081727344629638,-0.014184108761136613,23,3,1.0,39.0,0.45128414186710153,0.0,0.23,285,2310,0.1,0.15,45
50,25,false,,0.12230788572564022,0.1153614180505807,-0.007490010677952463,35,41,1.0,49.0,0.4791666666666667,0.275,0.2278,285,2310,0.1,0.15,45
60,30,false,,0.1254583724829903,0.10644434665886209,-0.024577397054766734,17,5,2.0,54.0,0.3981683384212822,0.04840819886611426,0.2186,285,2310,0.1,0.15,45
20,10,false,,0.07471387592464176,0.19915102786405248,0.12496742361221858,13,16,2.0,19.0,0.6859024012393493,0.0,0.2492,286,2311,0.1,0.15,45
30,15,false,,0.7401958809189011,0.043974095449135116,-0.6990700577618084,2,1,1.0,12.0,0.04214819850441876,0.0,0.0668,286,2311,0.1,0.15,45
40,20,true,,0.06511971585545186,0.19260809884432414,0.13938406009125542,32,31,26.0,39.0,0.7713936430317848,0.0,0.0526,286,2311,0.1,0.15,45
20,10,false,,0.10246692126301726,0.09802412833198802,-0.010367144997437926,9,1,1.0,19.0,0.4620740197874679,0.0,0.2782,287,2312,0.1,0.15,45
30,15,false,,0.10955536296036388,0.10289710569277216,-0.01339105418705136,13,1,1.0,28.0,0.46730528946272387,0.0,0.2394,287,2312,0.1,0.15,45
40,20,true,,0.09105121346475833,0.38730904640693403,0.3055015283199146,33,36,14.0,39.0,0.8450184501845018,0.0,0.1766,287,2312,0.1,0.15,45
20,10,false,,0.11224017951517878,0.13012004352356893,0.03127778352502846,9,4,1.0,19.0,0.5858791581805839,0.0,0.3066,288,2313,0.1,0.15,45
30,15,true,,0.10800305988818638,0.24596705299587115,0.1418418388042536,23,25,2.0,29.0,0.7611520899192132,0.0,0.2846,288,2313,0.1,0.15,45
20,10,false,,0.10266113991121326,0.1167098972832106,0.007626001898764806,10,8,1.0,19.0,0.5279945707499152,0.0,0.2904,289,2314,0.1,0.15,45
30,15,false,,0.08565955268445372,0.16741999953149947,0.09621384360519739,19,25,2.0,29.0,0.6887306242144952,0.0,0.2198,289,2314,0.1,0.15,45
40,20,false,,0.16181789810896458,0.08871512029081118,-0.041530429857430745,6,3,1.0,35.0,0.3995305164319249,0.0,0.1658,289,2314,0.1,0.15,45
50,25,false,,0.14097606093165183,0.0775519157877803,-0.059378603193106796,8,7,1.0,31.0,0.26297968397291194,0.0,0.0926,289,2314,0.1,0.15,45
60,30,false,,0.10250329254642697,0.09015648565576244,-0.0049882878283484325,22,8,1.0,41.0,0.4785714285714286,0.014285714285714285,0.0908,289,2314,0.1,0.15,45
20,10,false,,0.12622993063238788,0.16079757894538674,0.03177127597501615,13,15,2.0,19.0,0.5885271317829457,0.0,0.3034,290,2315,0.1,0.15,45
30,15,false,,0.26058042598656633,0.10024073334191569,-0.16775716072057104,4,1,1.0,26.0,0.19779411764705881,0.0,0.256,290,2315,0.1,0.15,45
40,20,false,,0.12369480305809988,0.15863174653093703,0.06010763317672471,20,2,1.0,38.0,0.6259927797833935,0.0,0.2622,290,2315,0.1,0.15,45
50,25,false,,0.12682872533403164,0.151413864261701,0.025312253664282906,41,45,14.0,49.0,0.5907840440165062,0.42400275103163687,0.2454,290,2315,0.1,0.15,45
60,30,true,,0.1251656140328775,0.1602176271060177,0.052352772923709254,48,54,8.0,59.0,0.7135922330097088,0.09466019417475728,0.085,290,2315,0.1,0.15,45
20,10,false,,0.1754715743527567,0.1275927989701264,-0.09086606577146841,8,1,1.0,19.0,0.4715413377648525,0.0,0.182,291,2316,0.1,0.15,45
30,15,false,,0.11788826408165284,0.08914077526587533,-0.043983076010605346,11,2,1.0,27.0,0.3449627597020776,0.0,0.2566,291,2316,0.1,0.15,45
40,20,false,,0.11550103813675965,0.20485495053115388,0.10755669724967622,30,36,4.0,39.0,0.6728419392983839,0.0,0.2724,291,2316,0.1,0.15,45
50,25,true,,0.1146788247879563,0.2570827120156594,0.15642030037659133,39,47,4.0,49.0,0.7472089314194578,0.37200956937799046,0.2764,291,2316,0.1,0.15,45
20,10,false,,0.18904959328958407,0.14704176173721206,-0.04902028369539882,13,1,1.0,19.0,0.4272572402044293,0.0,0.2498,292,2317,0.1,0.15,45
30,15,false,,0.1396768921494008,0.13207012351362837,-0.006727024396710024,16,9,1.0,29.0,0.4838177014531044,0.0,0.2772,292,2317,0.1,0.15,45
40,20,false,,0.13928712325624762,0.11931558148358216,-0.030958310095718963,22,36,1.0,39.0,0.42014925373134326,0.0,0.2324,292,2317,0.1,0.15,45
50,25,false,,0.14296583582800085,0.11635796057204986,-0.03586143846864018,12,5,1.0,48.0,0.4102281089036056,0.2108167770419426,0.222,292,2317,0.1,0.15,45
60,30,false,,0.4344073443226158,0.10999511060482582,-0.3373876659150439,4,3,1.0,34.0,0.11356170811825433,0.0,0.1212,292,2317,0.1,0.15,45
20,10,true,,0.0713816186032301,0.18220265473605782,0.12350955615184514,14,16,1.0,19.0,0.7654466745375836,0.0,0.2958,293,2318,0.1,0.15,45
20,10,false,,0.11697771312457221,0.13674853049558477,0.03112382758508274,12,16,1.0,19.0,0.5598039215686275,0.0,0.307,294,2319,0.1,0.15,45
30,15,false,,0.10398618041519753,0.18960031993938392,0.08137780966601582,22,24,5.0,29.0,0.670579326012874,0.0,0.281,294,2319,0.1,0.15,45
40,20,false,,0.11615045086678226,0.1931834969462427,0.08980988596974579,31,38,1.0,39.0,0.6380165289256199,0.0,0.2588,294,2319,0.1,0.15,45
50,25,false,,0.129560687834229,0.11082660548642853,-0.015496670423059411,17,11,2.0,47.0,0.4488836662749706,0.12299255777516648,0.2812,294,2319,0.1,0.15,45
60,30,true,,0.1180867983531141,0.19015713356567954,0.08750113396811732,46,54,4.0,58.0,0.7431979127841968,0.10286992172940738,0.2268,294,2319,0.1,0.15,45
20,10,false,,0.1384080543853733,0.24551368537599422,0.13289843939823937,14,17,2.0,19.0,0.6276629570747218,0.0,0.2938,295,2320,0.1,0.15,45
30,15,false,,0.12479292566415881,0.26610614246142966,0.17761318525923603,23,26,2.0,29.0,0.6717770034843206,0.0,0.265,295,2320,0.1,0.15,45
40,20,false,,0.14641299179640346,0.08721569951833646,-0.07196881502659533,11,7,2.0,35.0,0.23056197074672824,0.0,0.241,295,2320,0.1,0.15,45
50,25,false,,0.14765944036631484,0.09418341174412363,-0.06855967018192625,12,8,1.0,47.0,0.27367159408709546,0.17379145025968837,0.2332,295,2320,0.1,0.15,45
60,30,false,,0.16561184168655801,0.12794387816029357,-0.03165267040317153,9,3,1.0,59.0,0.4754601226993865,0.02366345311130587,0.2064,295,2320,0.1,0.15,45
20,10,false,,0.11372996070651196,0.14122576746039892,0.038340787583421854,11,16,1.0,19.0,0.5834165834165834,0.0,0.3046,296,2321,0.1,0.15,45
30,15,false,,0.12465720862321139,0.12029938187419696,-0.0014816045510275544,11,2,1.0,28.0,0.4976164283094976,0.0,0.2782,296,2321,0.1,0.15,45
40,20,false,,0.11438174978080083,0.14320669654144572,0.05019877600384619,19,37,2.0,39.0,0.6248600223964166,0.0,0.2658,296,2321,0.1,0.15,45
50,25,false,,0.11833146775083689,0.6504895362351987,0.5371366305389311,45,47,2.0,49.0,0.858153078202995,0.6809484193011647,0.2146,296,2321,0.1,0.15,45
60,30,false,,0.1305333384534782,0.14186040526961086,0.021914390119719324,38,55,1.0,59.0,0.5584166026133743,0.10568793235972329,0.1958,296,2321,0.1,0.15,45
20,10,false,,0.17808797276598362,0.15403310847201954,-0.044821799992874514,9,2,1.0,19.0,0.42066192390968143,0.0,0.3024,297,2322,0.1,0.15,45
30,15,false,,0.1522658413572625,0.10706432503213313,-0.0644367065953102,13,2,1.0,29.0,0.3804573804573805,0.0,0.2628,297,2322,0.1,0.15,45
40,20,false,,0.13495737298359659,0.11417986553898377,-0.02185113919070671,16,7,2.0,37.0,0.44363256784968685,0.0,0.2566,297,2322,0.1,0.15,45
50,25,false,,0.1238403884261653,0.11668645934810429,-0.016911338622916827,34,43,4.0,48.0,0.4629349470499244,0.2953857791225416,0.2206,297,2322,0.1,0.15,45
60,30,false,,0.3959396397267107,0.10196186571750099,-0.29012530239220446,4,2,1.0,24.0,0.09982935153583618,0.0,0.1564,297,2322,0.1,0.15,45
20,10,false,,0.11673773654560199,0.11320303364314574,0.005758297692014483,10,15,1.0,19.0,0.5112781954887218,0.0,0.312,298,2323,0.1,0.15,45
30,15,false,,0.12350253430120318,0.13880699622330223,0.03376693311101994,19,26,1.0,29.0,0.5382119682768566,0.0,0.2556,298,2323,0.1,0.15,45
40,20,false,,0.19355220603646484,0.08637137274568774,-0.11652592557302335,7,2,1.0,37.0,0.21234876929495203,0.0,0.1934,298,2323,0.1,0.15,45
50,25,false,,0.13309135714455772,0.12244334905612779,0.0014467037074712141,20,46,2.0,49.0,0.5007892659826362,0.2920284135753749,0.257,298,2323,0.1,0.15,45
60,30,false,,0.1202158478454302,0.17986793536679163,0.06585491834961987,49,57,25.150000000000006,59.0,0.6222674123029995,0.1494661921708185,0.1602,298,2323,0.1,0.15,45
20,10,false,,0.10335112196440137,0.18130711677314043,0.09909046426431808,13,16,2.0,19.0,0.6701280719972309,0.0,0.287,299,2324,0.1,0.15,45
30,15,false,,0.10276163215133492,0.10662297359377579,0.006044818051598566,19,26,2.0,29.0,0.520188161505292,0.0,0.265,299,2324,0.1,0.15,45
40,20,false,,0.11403262988519187,0.09971571377729131,-0.009416216191791615,9,5,1.0,28.0,0.4641809803100126,0.0,0.2506,299,2324,0.1,0.15,45
50,25,false,,0.12782846912938645,0.13338541220647482,0.02180195247593887,28,43,2.0,48.0,0.5549110595514308,0.20185614849187936,0.283,299,2324,0.1,0.15,45
60,30,false,,0.22514176179221562,0.10353806711768855,-0.12425458840403222,8,4,1.0,34.0,0.22538751571009635,0.0,0.2322,299,2324,0.1,0.15,45
20,10,false,,0.09090072947356174,0.10343459260137791,0.02231047995858422,12,15,1.0,19.0,0.5627923713566031,0.0,0.2844,300,2325,0.1,0.15,45
30,15,false,,0.10541861568730997,0.1631180405247395,0.07674351404355315,16,26,2.0,29.0,0.6130653266331658,0.0,0.2938,300,2325,0.1,0.15,45
40,20,false,,0.13295095067356574,0.0934158075260542,-0.04532277906809344,9,3,1.0,36.0,0.3589076723016905,0.0,0.2308,300,2325,0.1,0.15,45
50,25,false,,0.11045738690612421,0.18314228006283229,0.07378554649780453,39,42,2.0,48.0,0.6390398550724637,0.35733695652173914,0.1822,300,2325,0.1,0.15,45
60,30,false,,0.12433236362363692,0.09652765440112838,-0.029663290589453946,20,6,2.0,55.0,0.4064145524174246,0.040210627094303494,0.1222,300,2325,0.1,0.15,45
20,10,false,,0.11684523660834391,0.19470834832003941,0.09391443179744738,13,16,1.0,19.0,0.645791915175613,0.0,0.2938,301,2326,0.1,0.15,45
30,15,false,,0.13640223003791144,0.12389399362286614,-0.01414552663063838,12,4,1.0,28.0,0.4451450189155107,0.0,0.2966,301,2326,0.1,0.15,45
40,20,false,,0.1633619225658268,0.10343132499188243,-0.08202886543334209,12,2,1.0,32.0,0.24910394265232974,0.0,0.2602,301,2326,0.1,0.15,45
50,25,true,,0.11690360834675712,0.4063754135278004,0.28674720097729467,44,45,23.14999999999999,49.0,0.8247027234369007,0.5937859608745685,0.2538,301,2326,0.1,0.15,45
20,10,false,,0.14638427894214817,0.5544486587373859,0.40827333031495283,15,17,1.0,19.0,0.7512605042016807,0.0,0.2382,302,2327,0.1,0.15,45
30,15,false,,0.15033316639564714,0.11193893237053375,-0.045593688611815925,13,5,1.0,28.0,0.34033078880407125,0.0,0.2838,302,2327,0.1,0.15,45
40,20,false,,0.1356785784092508,0.11781572758071567,-0.021705604658171507,17,5,2.0,38.0,0.44456103532703745,0.0,0.2552,302,2327,0.1,0.15,45
50,25,false,,0.1289649845157483,0.1009247702365412,-0.037499959733885216,32,40,3.0,47.0,0.3238615664845173,0.17158469945355193,0.2374,302,2327,0.1,0.15,45
60,30,false,,0.2487417654170457,0.10453815115475414,-0.14879746370694957,7,2,1.0,26.0,0.09497716894977169,0.0,0.1378,302,2327,0.1,0.15,45
20,10,false,,0.2536148842917915,0.08209052476274599,-0.19140711085671858,5,2,1.0,17.0,0.14200792602377807,0.0,0.2634,303,2328,0.1,0.15,45
30,15,false,,0.12275555769010928,0.124524542896813,0.012138169903089593,16,25,1.0,28.0,0.5188811188811189,0.0,0.275,303,2328,0.1,0.15,45
40,20,false,,0.11459568589315891,0.38555120788124614,0.26715021820808516,35,35,21.0,39.0,0.8412068281063915,0.0,0.2484,303,2328,0.1,0.15,45
50,25,true,,0.11531284361976266,0.34682488935363914,0.22891355262880764,43,45,13.0,49.0,0.8089631598936574,0.5393087732624383,0.2604,303,2328,0.1,0.15,45
20,10,false,,0.07254564228701901,0.42796884454750567,0.35486604901709345,15,16,3.0,19.0,0.8266312594840668,0.0,0.2822,304,2329,0.1,0.15,45
30,15,true,,0.0909202459419992,0.35183881240555115,0.2511188121078243,22,27,3.0,29.0,0.8684422921711057,0.0,0.2816,304,2329,0.1,0.15,45
20,10,false,,0.1393084931143312,0.18239326161497538,0.05115664062036322,13,15,1.0,19.0,0.5952597994530537,0.0,0.3056,305,2330,0.1,0.15,45
30,15,false,,0.18487462803385402,0.1031738475631283,-0.09645774147803428,5,1,1.0,29.0,0.3080731150038081,0.0,0.2406,305,2330,0.1,0.15,45
40,20,false,,0.13683491647420792,0.10685680611825304,-0.047298788694360466,10,5,1.0,39.0,0.36256643887623385,0.0,0.244,305,2330,0.1,0.15,45
50,25,false,,0.12990968194784308,0.11449222042742861,-0.022526683670664238,21,3,1.0,48.0,0.4559055118110236,0.24488188976377953,0.2522,305,2330,0.1,0.15,45
60,30,true,,0.11924474474898623,0.306033180095259,0.1999906553524765,53,55,11.0,59.0,0.7207207207207207,0.09213759213759214,0.224,305,2330,0.1,0.15,45
20,10,false,,0.3070990086403167,0.11471251470023276,-0.20953805848483464,4,1,1.0,19.0,0.34799855751893255,0.0,0.2434,306,2331,0.1,0.15,45
30,15,false,,0.12746770382994302,0.5348304325666853,0.4135890241618418,25,26,2.0,29.0,0.7918764686136287,0.0,0.265,306,2331,0.1,0.15,45
40,20,false,,0.1532334769691782,0.12405395844990381,-0.031305195852344106,9,4,1.0,36.0,0.40166782487838776,0.0,0.2452,306,2331,0.1,0.15,45
50,25,false,,0.14643572362035737,0.11877705176554869,-0.03492465542515451,12,4,1.0,48.0,0.37755822159491886,0.14855328158080452,0.2098,306,2331,0.1,0.15,45
60,30,true,,0.1264312487600789,0.29239510172452826,0.1696806449118297,53,54,43.0,59.0,0.8168126094570928,0.24378283712784588,0.2112,306,2331,0.1,0.15,45
20,10,true,,0.09139606280457058,0.21399044226557262,0.12273695160397763,14,15,1.0,19.0,0.702846975088968,0.0,0.2842,307,2332,0.1,0.15,45
20,10,false,,0.05081801216686365,0.389742974791696,0.3440292277987621,15,15,1.0,19.0,0.7897940074906367,0.0,0.1426,308,2333,0.1,0.15,45
30,15,true,,0.04284183497535499,0.18668215497481658,0.1406239330953352,19,17,10.0,29.0,0.879375,0.0,0.0692,308,2333,0.1,0.15,45
20,10,false,,0.06319241753516795,0.1068707639393687,0.04684313977591022,13,16,2.0,19.0,0.6563403552251136,0.0,0.204,309,2334,0.1,0.15,45
30,15,false,,0.14862240880238542,0.06270716052788639,-0.105652227816452,3,2,1.0,19.0,0.30219435736677114,0.0,0.0852,309,2334,0.1,0.15,45
40,20,false,,0.03935249248397725,0.2645432286105947,0.22519073612661744,36,37,32.0,39.0,0.9849246231155779,0.0,0.0348,309,2334,0.1,0.15,45
50,25,false,,0.0659756496434006,0.06882439368456629,-0.03472309967683551,6,5,2.0,35.0,0.3438368860055607,0.0,0.0316,309,2334,0.1,0.15,45
60,30,false,,0.4580548144439536,0.06611499321349087,-0.4186015761634004,2,1,1.0,8.0,0.14142335766423358,0.0,0.0122,309,2334,0.1,0.15,45
20,10,false,,0.12823619806612416,0.46633165758731165,0.3500143264521568,16,16,2.0,19.0,0.8791748526522594,0.0,0.285,310,2335,0.1,0.15,45
30,15,false,,0.33179654523302693,0.10366197780903073,-0.22242829018958174,4,1,1.0,20.0,0.16691616766467066,0.0,0.2062,310,2335,0.1,0.15,45
40,20,false,,0.13759432771855276,0.15641236815189594,0.033411024453347815,21,35,1.0,39.0,0.568029490616622,0.0,0.2386,310,2335,0.1,0.15,45
50,25,false,,0.1366023831210323,0.18554120913377642,0.06199270510535,41,47,1.0,49.0,0.6086194814295726,0.4442887175893483,0.212,310,2335,0.1,0.15,45
60,30,false,,0.1301399808964591,0.36602557485300086,0.22606920525948784,55,55,11.050000000000004,59.0,0.7579540877970198,0.05839710028191704,0.145,310,2335,0.1,0.15,45
20,10,false,,0.15895467171892108,0.32466027102916806,0.18313276972346745,15,16,2.0,19.0,0.695150798344175,0.0,0.3054,311,2336,0.1,0.15,45
30,15,false,,0.15645347570384133,0.09383110083681263,-0.08893452063666489,14,4,2.0,27.0,0.24484536082474226,0.0,0.2756,311,2336,0.1,0.15,45
40,20,false,,0.2039769161527276,0.0838000954875069,-0.1372525178644243,10,3,1.0,36.0,0.17690058479532164,0.0,0.2432,311,2336,0.1,0.15,45
50,25,false,,0.2670472483107807,0.0984492964269692,-0.16958319366430716,6,4,1.0,16.0,0.14804998106777736,0.0,0.2426,311,2336,0.1,0.15,45
60,30,true,,0.1216101046609943,0.19941121318630614,0.0836190553200898,48,57,6.0,59.0,0.7060418280402788,0.16692486444616575,0.2168,311,2336,0.1,0.15,45
20,10,false,,0.1087304156280041,0.32977124938680363,0.2347436230835549,15,16,3.0,19.0,0.8265876933201711,0.0,0.3042,312,2337,0.1,0.15,45
30,15,false,,0.10723731397022593,0.5815666289061233,0.46949386789016334,25,26,3.0,29.0,0.7996894409937888,0.0,0.255,312,2337,0.1,0.15,45
40,20,false,,0.13456531260942886,0.09467130532555135,-0.04571503130911718,9,2,1.0,38.0,0.3752720940356987,0.0,0.2136,312,2337,0.1,0.15,45
50,25,false,,0.11736667188346633,0.09124518436712065,-0.02610284558101112,31,1,1.0,48.0,0.4119359534206696,0.1576904415332363,0.1582,312,2337,0.1,0.15,45
60,30,false,,0.1446309837376099,0.08366622921825444,-0.06710237449124651,7,4,1.0,56.0,0.24693986162852583,0.036721660457690264,0.109,312,2337,0.1,0.15,45
20,10,false,,0.1227327331622624,0.0968631088984871,-0.02934948444740995,8,4,1.0,19.0,0.4097657538766084,0.0,0.2964,313,2338,0.1,0.15,45
30,15,true,,0.09513287535174189,0.30185097446918013,0.2101467428457826,21,26,3.0,29.0,0.749513807856865,0.0,0.2882,313,2338,0.1,0.15,45
20,10,false,,0.10000744675500052,0.14544860057309952,0.057203580338818366,11,15,1.0,19.0,0.645320197044335,0.0,0.3098,314,2339,0.1,0.15,45
30,15,true,,0.10947054051835356,0.37332126703659574,0.2577144276990898,24,27,1.0,29.0,0.7222009935040122,0.0,0.262,314,2339,0.1,0.15,45
20,10,false,,0.2996205073894863,0.10236827098342546,-0.19505860379411263,4,1,1.0,18.0,0.3009470361276745,0.0,0.2586,315,2340,0.1,0.15,45
30,15,false,,0.1404094700453331,0.15057541805278746,0.027647159920401315,17,3,1.0,29.0,0.5339741465031488,0.0,0.26,315,2340,0.1,0.15,45
40,20,false,,0.13463205398643052,0.1366951566825029,0.0025197791173018277,25,31,4.0,38.0,0.5072555205047319,0.0,0.27,315,2340,0.1,0.15,45
50,25,false,,0.12965167151374782,0.33019396138038176,0.199256317348808,45,46,33.0,49.0,0.8058950395398994,0.7638389647735442,0.2194,315,2340,0.1,0.15,45
60,30,false,,0.21652509967850006,0.1270691028769061,-0.08597049230677353,6,4,1.0,31.0,0.22788990825688074,0.0,0.1558,315,2340,0.1,0.15,45
20,10,true,,0.0789161719086281,0.20606668915203774,0.1302877832582481,14,16,3.0,19.0,0.7803822574828705,0.0,0.294,316,2341,0.1,0.15,45
20,10,false,,0.122251354759912,0.1151691221142587,-0.01543485175143093,12,15,1.0,19.0,0.4611301904464564,0.0,0.312,317,2342,0.1,0.15,45
30,15,false,,0.11035838399513476,0.15970738014847283,0.05411662639127943,21,26,3.0,29.0,0.6587112171837709,0.0,0.2958,317,2342,0.1,0.15,45
40,20,false,,0.15825824688605497,0.09740077362092438,-0.08549472729707817,12,1,1.0,36.0,0.29101796407185626,0.0,0.2296,317,2342,0.1,0.15,45
50,25,false,,0.15963606196863359,0.10282066531042403,-0.06920645860771221,9,4,1.0,36.0,0.26834130781499205,0.0,0.2406,317,2342,0.1,0.15,45
60,30,true,,0.11513719369473345,0.5264698365763419,0.41119547551551294,53,54,36.0,59.0,0.9096459096459096,0.1343101343101343,0.2398,317,2342,0.1,0.15,45
20,10,false,,0.09676360474726403,0.17508433629360937,0.09009135205480723,13,16,1.0,19.0,0.6866551126516465,0.0,0.2976,318,2343,0.1,0.15,45
30,15,false,,0.6068019411193318,0.09137549130528068,-0.5140711733498201,2,1,1.0,16.0,0.19682539682539682,0.0,0.2152,318,2343,0.1,0.15,45
40,20,false,,0.12499160212083116,0.1774591004689779,0.07983964324065704,21,35,1.0,39.0,0.5862335653518949,0.0,0.284,318,2343,0.1,0.15,45
50,25,false,,0.14295204568136718,0.10746656930927423,-0.044935366878340724,11,2,1.0,43.55000000000018,0.38776353865233565,0.04464654816039686,0.255,318,2343,0.1,0.15,45
60,30,false,,0.12137216766186354,0.12063478213820622,0.006984997236994223,39,45,7.0,58.0,0.5179445350734094,0.1896411092985318,0.2138,318,2343,0.1,0.15,45
20,10,true,,0.10343031776409957,0.3225467999363384,0.22971821354916233,14,16,2.0,19.0,0.7713355048859935,0.0,0.3176,319,2344,0.1,0.15,45
20,10,false,,0.10373684139514709,0.20395324347042756,0.1189343846643419,15,16,2.0,19.0,0.6869142658799028,0.0,0.2938,320,2345,0.1,0.15,45
30,15,false,,0.10544854055194319,0.07718750735536756,-0.031091019476868292,20,26,1.0,29.0,0.4198047419804742,0.0,0.1718,320,2345,0.1,0.15,45
40,20,false,,0.07754902119142498,0.5048365109822808,0.4151460128944439,35,35,27.0,39.0,0.9641499185225421,0.0,0.1208,320,2345,0.1,0.15,45
50,25,false,,0.22683796920357896,0.10330761830089234,-0.13305488156790954,6,4,1.0,37.0,0.2626349892008639,0.004319654427645789,0.2398,320,2345,0.1,0.15,45
60,30,false,,0.20524007441897985,0.09614040082086284,-0.10755297681390898,6,4,1.0,31.0,0.20064874884151992,0.0,0.1972,320,2345,0.1,0.15,45
20,10,false,,0.09614344160591298,0.44277130708001966,0.3570209445460296,15,16,2.424999999999997,19.0,0.8068257123923128,0.0,0.3054,321,2346,0.1,0.15,45
30,15,true,,0.11014188128482164,0.39262039568328955,0.29228898904781986,24,26,4.0,29.0,0.8856649395509499,0.0,0.2988,321,2346,0.1,0.15,45
20,10,false,,0.12319431470701869,0.17204079519078688,0.07412635057105199,11,16,1.0,19.0,0.6000663790242283,0.0,0.2586,322,2347,0.1,0.15,45
30,15,false,,0.11989832151619415,0.09074826775197971,-0.028847556819555142,11,3,1.0,28.0,0.39524752475247527,0.0,0.2414,322,2347,0.1,0.15,45
40,20,true,,0.09496161167953605,0.43288945502918735,0.35002660404819796,32,36,14.700000000000003,39.0,0.7338296882270824,0.0,0.1932,322,2347,0.1,0.15,45
20,10,false,,0.2167670875595972,0.11168815263262806,-0.12555449896551538,5,4,1.0,16.0,0.20097590728880757,0.0,0.3256,323,2348,0.1,0.15,45
30,15,false,,0.14033141124872683,0.13898266759605177,0.010754697622493592,21,27,2.0,29.0,0.5196267696267697,0.0,0.268,323,2348,0.1,0.15,45
40,20,false,,0.1359590300811246,0.12679266539505757,-0.005928551155456027,20,6,2.0,39.0,0.47584289190128604,0.0,0.254,323,2348,0.1,0.15,45
50,25,false,,0.22716025506295723,0.09886026512107421,-0.13225756843103492,7,4,1.0,20.0,0.075,0.0,0.2092,323,2348,0.1,0.15,45
60,30,false,,0.12082640296759306,0.20246439490843712,0.08099093575794279,46,56,23.0,58.0,0.6958904109589041,0.17181996086105675,0.1986,323,2348,0.1,0.15,45
20,10,false,,0.3874277648338985,0.09594031539276532,-0.2957023413757296,3,1,1.0,17.0,0.25271028037383175,0.0,0.2366,324,2349,0.1,0.15,45
30,15,false,,0.13197446140210425,0.122492841044272,-0.0026381011086010625,13,1,1.0,29.0,0.49194414607948445,0.0,0.2762,324,2349,0.1,0.15,45
40,20,false,,0.12361004494556734,0.11706345173587324,-0.010040603286235045,17,5,2.0,38.0,0.48057713651498335,0.0,0.2754,324,2349,0.1,0.15,45
50,25,false,,0.11812961580452179,0.16504662543717735,0.06065435490316134,35,46,2.0,49.0,0.5909090909090909,0.2909940526762957,0.2134,324,2349,0.1,0.15,45
60,30,false,,0.13458629394397345,0.1076782384295981,-0.041052205597178634,26,2,1.0,58.0,0.36853002070393376,0.11097308488612836,0.2084,324,2349,0.1,0.15,45
20,10,true,,0.13725141039920216,0.32957385992934357,0.21144786075310584,14,17,2.0,19.0,0.7694506192442045,0.0,0.3006,325,2350,0.1,0.15,45
20,10,false,,0.0834068431217833,0.1694662648885957,0.10998706459722171,12,16,1.0,19.0,0.6825335892514396,0.0,0.2744,326,2351,0.1,0.15,45
30,15,true,,0.11079351996435795,0.27921310546925737,0.1846100593015771,22,26,1.0,29.0,0.7571123755334281,0.0,0.2832,326,2351,0.1,0.15,45
20,10,false,,0.07856691007150512,0.09260416370473959,0.012959354758996344,10,7,1.0,19.0,0.5591692789968652,0.0,0.2602,327,2352,0.1,0.15,45
30,15,false,,0.07154260161663487,0.6128336522768163,0.5497683936929778,25,26,16.0,29.0,0.9995267392333176,0.0,0.1662,327,2352,0.1,0.15,45
40,20,false,,0.09303209177293276,0.08587457562928605,-0.002031723463600782,21,3,2.0,38.0,0.4915,0.0,0.1292,327,2352,0.1,0.15,45
50,25,false,,0.0977840841267915,0.08656919556365819,-0.01451816451020728,8,4,1.0,29.0,0.44934172867773325,0.0,0.093,327,2352,0.1,0.15,45
60,30,true,,0.0784858683708943,0.1497642694182848,0.06184086014107042,46,46,36.0,58.0,0.8372513562386981,0.4822182037371911,0.05,327,2352,0.1,0.15,45
20,10,false,,0.14376850333939828,0.16757888512675015,0.030088583930251753,13,17,1.0,19.0,0.5419235511713933,0.0,0.3064,328,2353,0.1,0.15,45
30,15,false,,0.20240901638336622,0.07914472671035103,-0.13979200720670723,7,2,1.0,27.0,0.1759474091260634,0.0,0.2228,328,2353,0.1,0.15,45
40,20,true,,0.10797465862377972,0.39715780208433066,0.2949578813567341,34,36,14.0,39.0,0.8439827518620149,0.0,0.2498,328,2353,0.1,0.15,45
20,10,false,,0.12039875803502265,0.5710560464014844,0.46234973479308683,16,16,3.0,19.0,0.8485456369107321,0.0,0.2892,329,2354,0.1,0.15,45
30,15,false,,0.1635924873444844,0.1100831613098881,-0.06838984063362796,10,2,1.0,28.0,0.3274220032840722,0.0,0.2844,329,2354,0.1,0.15,45
40,20,false,,0.13589856597855232,0.10482313014862403,-0.04402951864526276,19,38,2.0,39.0,0.4074932406334492,0.0,0.2202,329,2354,0.1,0.15,45
50,25,false,,0.3969938490041,0.0891586686077538,-0.3098776377355879,4,2,1.0,29.949999999999818,0.09514837494112105,0.0,0.1648,329,2354,0.1,0.15,45
60,30,false,,0.1722764055462754,0.10030295521991266,-0.0794985189463928,9,4,1.0,33.049999999999955,0.26055237102657636,0.0,0.1494,329,2354,0.1,0.15,45
20,10,false,,0.16739816190611104,0.11046739987543873,-0.07135408767392634,7,2,1.0,18.0,0.3413284132841328,0.0,0.3188,330,2355,0.1,0.15,45
30,15,false,,0.1284881821462715,0.14850650213983024,0.03608281017779473,16,26,1.0,29.0,0.5737428282146473,0.0,0.271,330,2355,0.1,0.15,45
40,20,false,,0.11366225355589936,0.5313180351172101,0.4169914707346374,36,36,28.0,39.0,0.8899920571882446,0.0,0.2408,330,2355,0.1,0.15,45
50,25,false,,0.20086355602854128,0.0994565603742439,-0.10936679793771731,5,4,1.0,44.0,0.18977227327207352,0.04874151018777467,0.2184,330,2355,0.1,0.15,45
60,30,true,,0.11545659987837487,0.38841087497361637,0.2697025097439122,54,56,39.0,59.0,0.8579710144927536,0.1782608695652174,0.1086,330,2355,0.1,0.15,45
20,10,false,,0.10353290392238958,0.387443345128086,0.29290257185076923,15,16,2.0,19.0,0.82296321760055,0.0,0.2948,331,2356,0.1,0.15,45
30,15,false,,0.1198051647597228,0.12798061194994817,0.015895343677514523,18,22,1.0,28.0,0.5520515428958969,0.0,0.2892,331,2356,0.1,0.15,45
40,20,false,,0.1176976728720737,0.13047564707150405,0.019336048325986704,21,36,3.0,39.0,0.5513293943870015,0.0,0.277,331,2356,0.1,0.15,45
50,25,false,,0.17549398711308517,0.10596971836947007,-0.08064185726893103,9,3,1.0,48.0,0.3068651778329198,0.0827129859387924,0.2292,331,2356,0.1,0.15,45
60,30,false,,0.14912360978108258,0.10800126578705056,-0.045785774845579434,17,3,1.0,57.0,0.3768781302170284,0.12646076794657762,0.1936,331,2356,0.1,0.15,45
20,10,false,,0.14878727873085087,0.20779783691180848,0.0718085988120584,11,16,1.0,19.0,0.6373758651820643,0.0,0.3402,332,2357,0.1,0.15,45
30,15,false,,0.15543754859360567,0.11209734029712833,-0.05365287690396295,10,2,1.0,27.0,0.33533691869661497,0.0,0.2766,332,2357,0.1,0.15,45
40,20,false,,0.12482407044409702,0.1815894502944042,0.08514635543897814,28,36,2.0,39.0,0.6322132943754566,0.0,0.2448,332,2357,0.1,0.15,45
50,25,false,,0.13233419534786264,0.12541785003446876,-0.006375092487220457,27,48,1.0,49.0,0.4832769635475385,0.24239007891770012,0.2286,332,2357,0.1,0.15,45
60,30,false,,0.12436603091178229,0.15914121528184982,0.05891032847571952,49,59,1.0,59.0,0.6813312930374904,0.1143840856924254,0.2192,332,2357,0.1,0.15,45
20,10,false,,0.0527965181844686,0.35484029729616956,0.31715451843339904,15,16,1.0,19.0,0.8206997084548106,0.0,0.1436,333,2358,0.1,0.15,45
30,15,false,,0.05737692350190612,0.09654540575967227,0.045142719813749725,14,18,2.0,28.0,0.6927744070601214,0.0,0.0982,333,2358,0.1,0.15,45
40,20,true,,0.04837930090814316,0.46675264632989566,0.40106844329570196,34,35,13.0,39.0,0.9761015683345781,0.0,0.0454,333,2358,0.1,0.15,45
20,10,false,,0.1198062834008977,0.12621878480893228,0.016842954420491718,11,16,1.0,19.0,0.5352959797404242,0.0,0.3288,334,2359,0.1,0.15,45
30,15,false,,0.09433309708295415,0.15145195878063614,0.07122142183206509,23,27,3.0,29.0,0.6509121061359867,0.0,0.23,334,2359,0.1,0.15,45
40,20,false,,0.11767614639759355,0.10932455993272455,-0.0088143337751031,15,9,2.0,36.0,0.47307692307692306,0.0,0.289,334,2359,0.1,0.15,45
50,25,false,,0.11494125922821567,0.1017647195055919,-0.015313090699689433,28,37,4.0,48.0,0.44421906693711966,0.1667342799188641,0.23,334,2359,0.1,0.15,45
60,30,false,,0.13385086880161054,0.4404084594365569,0.3080917674680256,50,56,1.0,59.0,0.6335931963146705,0.06165839829907867,0.101,334,2359,0.1,0.15,45
20,10,false,,0.14190090157930946,0.1561495724960141,0.021220635522266343,10,4,1.0,19.0,0.5526712948988832,0.0,0.3218,335,2360,0.1,0.15,45
30,15,false,,0.13131335670884323,0.18625364438313635,0.09784847172214581,20,26,1.0,29.0,0.6092233009708737,0.0,0.271,335,2360,0.1,0.15,45
40,20,false,,0.17743411283654875,0.1132285848602599,-0.06738000653378423,6,5,1.0,34.0,0.294380349832527,0.0,0.2404,335,2360,0.1,0.15,45
50,25,false,,0.5329341895268237,0.10736810829325844,-0.43605992898162427,3,1,1.0,14.0,0.12651122625215888,0.0,0.1742,335,2360,0.1,0.15,45
60,30,false,,0.14382276540131336,0.10914013129227525,-0.04912244094688332,20,4,1.0,57.0,0.2889908256880734,0.05657492354740061,0.2292,335,2360,0.1,0.15,45
20,10,false,,0.13602911226460404,0.22908775300949286,0.11131394318129534,14,17,1.0,19.0,0.6879875195007801,0.0,0.3168,336,2361,0.1,0.15,45
30,15,false,,0.1498960822409693,0.10825825864993885,-0.04855435858496751,8,8,1.0,27.0,0.35095652173913044,0.0,0.2812,336,2361,0.1,0.15,45
40,20,true,,0.11489581767975227,0.40634457086899756,0.29117355273068496,34,37,5.0,39.0,0.7697542533081285,0.0,0.249,336,2361,0.1,0.15,45
20,10,false,,0.14148974899938593,0.1513079673291321,0.029473804844101004,8,1,1.0,19.0,0.5346605047991468,0.0,0.2566,337,2362,0.1,0.15,45
30,15,false,,0.11970304502853467,0.13529501426177792,0.020079809248247,17,24,1.0,29.0,0.5744400527009222,0.0,0.2992,337,2362,0.1,0.15,45
40,20,false,,0.13152703576989325,0.127222358764185,0.003570710446000269,14,11,1.0,38.0,0.5124378109452736,0.0,0.2696,337,2362,0.1,0.15,45
50,25,false,,0.13353189309508712,0.122204765294917,-0.003046507893849061,13,4,1.0,48.0,0.48330804248861914,0.19347496206373294,0.253,337,2362,0.1,0.15,45
60,30,true,,0.11759527569188871,0.6142992163056241,0.4799259568641316,54,56,39.0,59.0,0.9549621363092866,0.09326424870466321,0.211,337,2362,0.1,0.15,45
20,10,false,,0.10119146781117086,0.4960627744437272,0.40732311703491464,16,16,1.0,19.0,0.8525311812179017,0.0,0.2756,338,2363,0.1,0.15,45
30,15,false,,0.1067947082552754,0.14857530199198654,0.051693574445698665,20,23,1.0,29.0,0.6464609800362976,0.0,0.3016,338,2363,0.1,0.15,45
40,20,false,,0.11426959931431473,0.14796562222195653,0.052662820591404765,23,34,1.0,38.47499999999991,0.6022463206816422,0.0,0.2684,338,2363,0.1,0.15,45
50,25,false,,0.12193617473029045,0.10458336738600453,-0.018275284194423425,19,46,3.0,49.0,0.43596059113300495,0.22988505747126436,0.2386,338,2363,0.1,0.15,45
60,30,false,,0.2199196089835102,0.09506769838555691,-0.12345768873879505,5,2,1.0,16.0,0.2138395002402691,0.0,0.1566,338,2363,0.1,0.15,45
20,10,false,,0.13748137710620478,0.1813870359167448,0.06956650075210376,11,17,1.0,19.0,0.6372944461681663,0.0,0.3082,339,2364,0.1,0.15,45
30,15,true,,0.12130106092525685,0.4798770620481658,0.3768360408123957,24,26,2.0,29.0,0.7212880143112701,0.0,0.2774,339,2364,0.1,0.15,45
20,10,true,,0.0870283492553986,0.24105542435142996,0.16696340455899408,14,16,2.0,19.0,0.8118335053319573,0.0,0.3136,340,2365,0.1,0.15,45
20,10,true,,0.08489804728953122,0.4068587844465768,0.31543835518058827,14,16,2.0,19.0,0.8356358483882395,0.0,0.3028,341,2366,0.1,0.15,45
20,10,false,,0.08818813566219967,0.11501622889051388,0.034178016073372994,10,1,1.0,19.0,0.5510204081632653,0.0,0.1824,342,2367,0.1,0.15,45
30,15,false,,0.07141527291607189,0.09398112666435084,0.017602625469135602,13,4,1.0,29.0,0.5706521739130435,0.0,0.1218,342,2367,0.1,0.15,45
40,20,false,,0.06066639822508669,0.4843871518370767,0.397332593573328,36,38,23.0,39.0,0.9594594594594594,0.0,0.0534,342,2367,0.1,0.15,45
50,25,false,,0.072787267021679,0.12436921195760035,0.0698485328517035,46,45,39.0,49.0,0.766531713900135,0.8792172739541161,0.0394,342,2367,0.1,0.15,45
60,30,true,,0.06172924472541187,0.0668705720967166,0.006726740407518764,27,29,19.75,31.0,0.7521008403361344,0.0,0.0076,342,2367,0.1,0.15,45
20,10,false,,0.11597259568987163,0.18880192131131474,0.10930559295943515,13,16,1.0,19.0,0.6959157626037014,0.0,0.309,343,2368,0.1,0.15,45
30,15,false,,0.11029130645347249,0.11751668681716267,0.011817884455532196,16,21,2.0,28.0,0.5461696306429549,0.0,0.294,343,2368,0.1,0.15,45
40,20,false,,0.1254726690587599,0.11126872109299239,-0.018623854866670536,13,14,1.0,33.0,0.4408839779005525,0.0,0.2728,343,2368,0.1,0.15,45
50,25,false,,0.13202657724529399,0.11580671079946728,-0.0038812130969994585,13,5,1.0,46.0,0.488481062085123,0.10972276454509958,0.2546,343,2368,0.1,0.15,45
60,30,false,,0.13940844562580532,0.12312781626831315,-0.018609214917733305,17,3,1.0,54.0,0.44203470031545744,0.07373817034700315,0.2134,343,2368,0.1,0.15,45
20,10,false,,0.10860591813005492,0.48518196113507084,0.3699095640866047,15,16,3.0,19.0,0.8250162022034997,0.0,0.3198,344,2369,0.1,0.15,45
30,15,false,,0.12261512779043171,0.20863932120758108,0.11144902446071057,20,26,1.0,29.0,0.6693520140105079,0.0,0.275,344,2369,0.1,0.15,45
40,20,false,,0.13869139548337997,0.10252399557418995,-0.04942275657153432,13,4,1.0,38.0,0.33077513430544897,0.0,0.2612,344,2369,0.1,0.15,45
50,25,false,,0.11754168243287676,0.17997875829801524,0.06962285746688651,38,46,11.049999999999997,49.0,0.684744440109247,0.3371049551307062,0.2556,344,2369,0.1,0.15,45
60,30,false,,0.13467404636429936,0.12211399113876546,-0.012106634285532714,9,5,1.0,59.0,0.4755423224159932,0.015737983836665248,0.1596,344,2369,0.1,0.15,45
20,10,false,,0.09024620287445537,0.7562131816591355,0.6661505309630037,17,16,6.0,19.0,0.9653426791277259,0.0,0.2598,345,2370,0.1,0.15,45
30,15,false,,0.10992397469577636,0.23259329552958244,0.13645591474844918,22,26,1.0,29.0,0.6841901816776189,0.0,0.271,345,2370,0.1,0.15,45
40,20,false,,0.20576212807888436,0.1017667362098048,-0.1229770468022835,5,2,1.0,32.0,0.2805226623111474,0.0,0.2708,345,2370,0.1,0.15,45
50,25,false,,0.11714073396163269,0.15626331764696078,0.04070857522216862,40,45,2.0,49.0,0.5953525641025641,0.4098557692307692,0.2518,345,2370,0.1,0.15,45
60,30,false,,0.12384199289191512,0.13209073709922567,0.011189543773822308,39,56,2.0,59.0,0.5342465753424658,0.14544721998388396,0.2488,345,2370,0.1,0.15,45
20,10,false,,0.09157353388302104,0.6262606527893537,0.5265612578458498,15,16,4.0,19.0,0.9378512396694215,0.0,0.31,346,2371,0.1,0.15,45
30,15,false,,0.1004044689854112,0.3190398454882745,0.2211067538733411,25,26,10.0,29.0,0.7789223454833597,0.0,0.256,346,2371,0.1,0.15,45
40,20,false,,0.11720696429656476,0.13233522936106468,0.034631854708452,26,36,1.0,39.0,0.563011456628478,0.0,0.2664,346,2371,0.1,0.15,45
50,25,false,,0.12473501785064743,0.1420226015778155,0.021410954697983375,36,47,2.0,48.0,0.5488461538461539,0.3130769230769231,0.2672,346,2371,0.1,0.15,45
60,30,false,,0.12875436745931637,0.11430629003642494,-0.016494192137399916,24,53,2.0,58.0,0.4445515911282546,0.048216007714561235,0.1632,346,2371,0.1,0.15,45
20,10,false,,0.10079356204208405,0.28350422697126176,0.2136920565925751,12,16,1.0,19.0,0.6429892711801701,0.0,0.2674,347,2372,0.1,0.15,45
30,15,true,,0.11580448648979727,0.188595121240248,0.09577968960488173,20,25,3.0,29.0,0.7534516765285996,0.0,0.2884,347,2372,0.1,0.15,45
20,10,false,,0.09751469300793676,0.12235629455432685,0.023513297817897773,10,5,1.0,19.0,0.5646164478230823,0.0,0.2894,348,2373,0.1,0.15,45
30,15,true,,0.09752642765957506,0.3014465004545404,0.20930893202417916,23,25,2.0,29.0,0.7947732513451191,0.0,0.2672,348,2373,0.1,0.15,45
20,10,false,,0.16160763513964807,0.14054203768582377,-0.0417478565946788,10,2,1.0,19.0,0.4481101857783472,0.0,0.2822,349,2374,0.1,0.15,45
30,15,false,,0.1255761172344775,0.1918801435575307,0.07213595082236005,24,26,1.0,29.0,0.581904414447282,0.0,0.2346,349,2374,0.1,0.15,45
40,20,true,,0.11410187050682542,0.5187535194631123,0.4133313032258889,34,36,14.0,39.0,0.8848948374760994,0.0,0.2754,349,2374,0.1,0.15,45
20,10,true,,0.1190120198380834,0.3146039081974009,0.21192295982765894,14,17,2.0,19.0,0.8095391556558169,0.0,0.3274,350,2375,0.1,0.15,45
20,10,true,,0.10956218322974776,0.26854389415599844,0.17817051232264772,14,16,1.0,19.0,0.7471835652750166,0.0,0.296,351,2376,0.1,0.15,45
20,10,false,,0.09052015573687759,0.14812910315392758,0.06276328479975431,11,16,1.0,19.0,0.654639175257732,0.0,0.3098,352,2377,0.1,0.15,45
30,15,false,,0.10320718242312014,0.14544783615243334,0.06026240150402598,18,26,1.0,29.0,0.6345937850992138,0.0,0.275,352,2377,0.1,0.15,45
40,20,false,,0.1193585750484716,0.11426653032858505,-0.0007582604106040475,19,2,1.0,37.82499999999982,0.49564873417721517,0.0,0.2736,352,2377,0.1,0.15,45
50,25,false,,0.13124411456963372,0.11063043709198421,-0.03553752864772375,26,1,1.0,48.0,0.42011077971878996,0.1401789518534299,0.2298,352,2377,0.1,0.15,45
60,30,false,,0.1301051222492402,0.11383467301910138,-0.018900529685926815,17,6,2.0,58.0,0.4318609022556391,0.046052631578947366,0.1758,352,2377,0.1,0.15,45
20,10,false,,0.10458719315508688,0.11457353025391512,0.013336284808509423,10,13,1.0,18.0,0.5364618501012829,0.0,0.2962,353,2378,0.1,0.15,45
30,15,true,,0.10127426863037586,0.45067247908937014,0.35970662908622747,24,25,4.3999999999999915,29.0,0.8103763244428206,0.0,0.2924,353,2378,0.1,0.15,45
20,10,true,,0.09877549250955518,0.21370019121249334,0.12715373838641247,14,15,2.0,19.0,0.7385642737896494,0.0,0.3048,354,2379,0.1,0.15,45
20,10,true,,0.14823000098964617,0.30241289931826537,0.17043664885902043,14,16,2.0,19.0,0.7250300842358605,0.0,0.3124,355,2380,0.1,0.15,45
20,10,false,,0.08849080027753552,0.11802799100804491,0.031172338959694526,12,16,1.0,19.0,0.5798534798534799,0.0,0.2824,356,2381,0.1,0.15,45
30,15,false,,0.3115638669358187,0.08279498697338632,-0.2329656018693508,4,1,1.0,23.0,0.21477663230240548,0.0,0.2148,356,2381,0.1,0.15,45
40,20,true,,0.11022874340676202,0.18254758924483025,0.08617242104189368,25,30,4.0,38.0,0.7182180369431366,0.0,0.306,356,2381,0.1,0.15,45
20,10,false,,0.08075334692974473,0.5244725647701112,0.43633912981232953,16,16,6.0,19.0,0.9015395631936985,0.0,0.2824,357,2382,0.1,0.15,45
30,15,false,,0.11041035218054243,0.16499692974676128,0.06890185446725709,21,25,1.0,29.0,0.6495142137459518,0.0,0.2872,357,2382,0.1,0.15,45
40,20,false,,0.11377136263150643,0.1304148229156031,0.03026983010912683,22,3,2.0,38.0,0.607209913631243,0.0,0.2846,357,2382,0.1,0.15,45
50,25,false,,0.12084614175759949,0.11201753941842588,-0.008575149042812633,25,28,3.0,47.0,0.45638337701235493,0.06926244852115312,0.287,357,2382,0.1,0.15,45
60,30,false,,0.1237012522338875,0.1483965740189273,0.03503258370602552,41,58,3.0,59.0,0.5914332784184514,0.1289126853377265,0.2218,357,2382,0.1,0.15,45
20,10,false,,0.3184051451460667,0.11225768303051557,-0.2144052083646577,4,1,1.0,17.0,0.13766314481044126,0.0,0.2824,358,2383,0.1,0.15,45
30,15,false,,0.14997305978295022,0.12316360634351774,-0.03068802940728145,11,4,2.0,29.0,0.4233937397034596,0.0,0.2732,358,2383,0.1,0.15,45
40,20,false,,0.20910499178595682,0.1020478306853832,-0.11894462194945238,8,4,1.0,37.0,0.2137955940772842,0.0,0.2442,358,2383,0.1,0.15,45
50,25,false,,0.179431469859605,0.10742385733349667,-0.09688876620136744,10,2,1.0,48.0,0.3572567783094099,0.24760765550239233,0.2068,358,2383,0.1,0.15,45
60,30,false,,0.15007233258146815,0.10577437627046629,-0.05427344314107352,15,4,1.0,46.0,0.23352826510721247,0.0682261208576998,0.212,358,2383,0.1,0.15,45
20,10,false,,0.09519726684369567,0.14828752696606612,0.05785277179020097,13,17,2.0,19.0,0.59881903438694,0.0,0.2834,359,2384,0.1,0.15,45
30,15,false,,0.12498842701519357,0.16650281817590312,0.061391000459429204,20,2,1.0,29.0,0.6248732679959446,0.0,0.2836,359,2384,0.1,0.15,45
40,20,false,,0.18980067191359626,0.107803386480738,-0.09615758103356571,6,5,1.0,29.0,0.26057142857142856,0.0,0.2406,359,2384,0.1,0.15,45
50,25,false,,0.11944160601949029,0.6089271613927648,0.48506096968699475,45,46,2.0,49.0,0.8363265306122449,0.6302040816326531,0.2338,359,2384,0.1,0.15,45
60,30,false,,0.22185712952321526,0.10724065990830743,-0.11617773935395412,5,3,1.0,28.0,0.19051414906337186,0.0,0.2266,359,2384,0.1,0.15,45
20,10,false,,0.12179640614890173,0.10187064169429923,-0.01356051526063004,11,16,1.0,19.0,0.48026077508149223,0.0,0.263,360,2385,0.1,0.15,45
30,15,false,,0.102703346745342,0.16109050944507908,0.07462722212942155,21,27,2.0,29.0,0.6361455417832866,0.0,0.2748,360,2385,0.1,0.15,45
40,20,false,,0.12270520967045231,0.10681415179676679,-0.009690595368977054,9,4,1.0,38.0,0.4769297110823631,0.0,0.2342,360,2385,0.1,0.15,45
50,25,false,,0.1427546988719334,0.08800265787029096,-0.05372284369648635,9,8,1.0,28.0,0.2579632122027815,0.0,0.2042,360,2385,0.1,0.15,45
60,30,false,,0.7333233900202432,0.0858093033946121,-0.633888152977122,3,1,1.0,20.924999999999955,0.03492239467849224,0.0,0.0906,360,2385,0.1,0.15,45
20,10,false,,0.09445492452097284,0.09210116923344065,-0.0009194213882338931,11,16,1.0,19.0,0.49516648764769067,0.0,0.271,361,2386,0.1,0.15,45
30,15,true,,0.10395731545855522,0.2314207642516499,0.13878882951653718,22,26,3.0,29.0,0.7960598321780372,0.0,0.2878,361,2386,0.1,0.15,45
20,10,false,,0.1532170073994664,0.13781602075968397,-0.011870694297805795,11,16,1.0,19.0,0.4731417863835103,0.0,0.319,362,2387,0.1,0.15,45
30,15,false,,0.12425967751573302,0.13558221181003133,0.01028183704679042,14,9,2.0,28.0,0.5379494007989347,0.0,0.2816,362,2387,0.1,0.15,45
40,20,false,,0.16703133859227412,0.103234620404984,-0.07680247983750912,8,3,1.0,38.0,0.30978260869565216,0.0,0.2466,362,2387,0.1,0.15,45
50,25,false,,0.12484079187251335,0.1150796040786694,-0.012942512839037176,26,42,3.0,48.0,0.4644640799077987,0.19439108720706877,0.2714,362,2387,0.1,0.15,45
60,30,false,,0.1206855620657139,0.16100059946529213,0.04231750820727928,47,53,20.0,58.0,0.6519010705057217,0.2739018087855297,0.2264,362,2387,0.1,0.15,45
20,10,false,,0.13135108879899024,0.358444530892164,0.2502683016951549,16,16,2.0,19.0,0.7632679318108717,0.0,0.2778,363,2388,0.1,0.15,45
30,15,false,,0.12616611845047454,0.25068120656974596,0.12271741363700027,22,27,2.0,29.0,0.6860852197070573,0.0,0.287,363,2388,0.1,0.15,45
40,20,false,,0.1396205699726049,0.12449662370097135,-0.010439219695959234,16,3,1.0,39.0,0.4641215977377165,0.0,0.2484,363,2388,0.1,0.15,45
50,25,false,,0.1456716796108407,0.10719576466737558,-0.05322766830849095,18,2,1.0,46.0,0.2860310421286031,0.08795269770879527,0.2338,363,2388,0.1,0.15,45
60,30,false,,0.12654460927143754,0.1335044792814163,0.0066159924037771795,39,33,2.0,58.0,0.5320430107526881,0.12688172043010754,0.1616,363,2388,0.1,0.15,45
20,10,false,,0.1121168034191507,0.18935801933591406,0.08965079835500546,14,16,2.0,19.0,0.6995501285347043,0.0,0.3136,364,2389,0.1,0.15,45
30,15,false,,0.11715482888183913,0.184257143352636,0.08374012195692501,20,25,1.0,29.0,0.640907479617157,0.0,0.2898,364,2389,0.1,0.15,45
40,20,false,,0.12758078305194748,0.10638474738722681,-0.03142048460025404,13,4,1.0,37.0,0.38849191425347873,0.0,0.2606,364,2389,0.1,0.15,45
50,25,false,,0.127006159663269,0.12483631673929324,0.00023154759440205397,31,5,1.0,48.0,0.5019888623707239,0.26730310262529833,0.2606,364,2389,0.1,0.15,45
60,30,false,,0.12293326752841983,0.1185033478253658,-0.00122343500567057,43,51,2.0,58.0,0.4895277207392197,0.12279260780287474,0.2244,364,2389,0.1,0.15,45
20,10,false,,0.09828896826499653,0.1029557488392728,0.010880078127167916,10,10,1.0,19.0,0.5435294117647059,0.0,0.2928,365,2390,0.1,0.15,45
30,15,false,,0.10240285010627326,0.14547330333524344,0.05182874620181993,18,27,5.0,29.0,0.6271503365744203,0.0,0.2646,365,2390,0.1,0.15,45
40,20,false,,0.12794839607695294,0.13061552385073874,0.002408021673613134,21,2,1.0,38.0,0.5072356215213358,0.0,0.2892,365,2390,0.1,0.15,45
50,25,true,,0.11260656478008903,0.34796777442464666,0.2264863675191274,43,46,31.0,49.0,0.8226190476190476,0.55,0.267,365,2390,0.1,0.15,45
20,10,true,,0.11582224441203944,0.2754167816745954,0.15818086077798746,14,16,3.0,19.0,0.7472843450479233,0.0,0.313,366,2391,0.1,0.15,45
20,10,false,,0.13247637618236305,0.10198287557347077,-0.02922616812631204,6,2,1.0,19.0,0.43418680129823295,0.0,0.2436,367,2392,0.1,0.15,45
30,15,true,,0.10598525652039,0.34369982724148596,0.2368907028234808,24,26,10.0,29.0,0.8136936936936937,0.0,0.2858,367,2392,0.1,0.15,45
20,10,false,,0.1290906402415151,0.37090078611741617,0.2656331965610377,15,16,3.0,19.0,0.8250077567483711,0.0,0.3114,368,2393,0.1,0.15,45
30,15,false,,0.1323107838679866,0.11560791627093343,-0.020000133180226032,12,7,2.0,28.0,0.45006613756613756,0.0,0.2962,368,2393,0.1,0.15,45
40,20,false,,0.1474909153753578,0.09238107067474564,-0.06928141003631438,9,6,1.0,31.0,0.2742382271468144,0.0,0.235,368,2393,0.1,0.15,45
50,25,false,,0.415560694668455,0.09734580562970413,-0.32137538416600964,4,2,1.0,25.0,0.10661764705882353,0.0,0.223,368,2393,0.1,0.15,45
60,30,false,,0.12010102063660456,0.19316653785477034,0.10264112312295365,52,57,2.0,59.0,0.6125801282051282,0.09174679487179487,0.2054,368,2393,0.1,0.15,45
20,10,false,,0.14023260208148908,0.1175542273698744,-0.02172475410733933,9,1,1.0,19.0,0.4632484761563284,0.0,0.268,369,2394,0.1,0.15,45
30,15,false,,0.1272717048924599,0.13286405917283176,0.017360541703637947,19,26,1.0,29.0,0.5215171407731582,0.0,0.2718,369,2394,0.1,0.15,45
40,20,true,,0.10957974115798828,0.41326302852849606,0.2883791088562395,34,36,9.0,39.0,0.8184220460551151,0.0,0.2748,369,2394,0.1,0.15,45
20,10,false,,0.5702273316928522,0.08647587130524428,-0.496781130475915,2,1,1.0,18.0,0.23388501742160278,0.0,0.1992,370,2395,0.1,0.15,45
30,15,false,,0.11620332522479387,0.09553905841104662,-0.03463911812533842,15,1,1.0,28.0,0.42483660130718953,0.0,0.2258,370,2395,0.1,0.15,45
40,20,false,,0.1131616080763101,0.13054272134143363,0.029409778024999764,26,36,1.0,39.0,0.5666058394160584,0.0,0.1922,370,2395,0.1,0.15,45
50,25,false,,0.14544729166442089,0.10821066279548733,-0.042191927516211786,11,5,1.0,48.0,0.40145690004046947,0.13354917037636585,0.2636,370,2395,0.1,0.15,45
60,30,false,,0.2939549360745605,0.10269014173342488,-0.1966618829949286,5,2,1.0,22.0,0.21309255079006773,0.0,0.2284,370,2395,0.1,0.15,45
20,10,false,,0.0922731182190818,0.15563548400240576,0.0723178651252813,12,16,1.0,19.0,0.6251402918069585,0.0,0.2722,371,2396,0.1,0.15,45
30,15,true,,0.10905112280279924,0.3721115251850028,0.2808921550543383,23,26,2.0,29.0,0.7153875819514076,0.0,0.2898,371,2396,0.1,0.15,45
20,10,false,,0.10646288993225175,0.13938084557405614,0.04244506935624415,11,17,1.0,19.0,0.596989966555184,0.0,0.2954,372,2397,0.1,0.15,45
30,15,true,,0.11685802821465595,0.245841131482377,0.1457108097415713,22,26,2.0,29.0,0.7148861646234675,0.0,0.2758,372,2397,0.1,0.15,45
20,10,false,,0.1716093722386886,0.09885377246725201,-0.08515839809326703,9,6,1.0,18.0,0.25381008206330596,0.0,0.3024,373,2398,0.1,0.15,45
30,15,false,,0.16632197025972723,0.10249223940145864,-0.07512259360453938,8,5,1.0,24.0,0.25420931000330144,0.0,0.283,373,2398,0.1,0.15,45
40,20,false,,0.13014358148883032,0.14455735515187648,0.03601920245423299,26,1,1.0,39.0,0.5441058540497193,0.0,0.2354,373,2398,0.1,0.15,45
50,25,false,,0.16231311171203067,0.09934490247667181,-0.07086968862386911,12,6,2.0,38.0,0.24482758620689654,0.0003831417624521073,0.2466,373,2398,0.1,0.15,45
60,30,true,,0.1187886166079209,0.20048321947441416,0.08089468182386976,50,55,25.0,59.0,0.7226277372262774,0.12524010756819054,0.2362,373,2398,0.1,0.15,45
20,10,false,,0.07475362079460228,0.45602797995308475,0.3696442561927141,15,17,1.0,19.0,0.8476266453928999,0.0,0.2668,374,2399,0.1,0.15,45
30,15,true,,0.0955744299248786,0.1695121019067049,0.07622510481984177,20,20,3.0,29.0,0.7060785767234989,0.0,0.301,374,2399,0.1,0.15,45
20,10,false,,0.12761506327740876,0.1364878409762213,0.01046741168854435,9,3,1.0,19.0,0.529126213592233,0.0,0.289,375,2400,0.1,0.15,45
30,15,false,,0.10320168738954681,0.16121202168213142,0.06395518996801403,22,26,3.0,29.0,0.6757654002213206,0.0,0.2838,375,2400,0.1,0.15,45
40,20,true,,0.09986195744490298,0.21479166791956167,0.12624879848983608,31,36,2.0,39.0,0.7365916955017301,0.0,0.2112,375,2400,0.1,0.15,45
20,10,false,,0.061114710403954775,0.09804946036540274,0.046894250407966326,11,2,1.0,19.0,0.5953379953379954,0.0,0.148,376,2401,0.1,0.15,45
30,15,false,,0.7752023212902066,0.041663370661763253,-0.7343039697151761,1,1,1.0,6.0,0.05196850393700787,0.0,0.0406,376,2401,0.1,0.15,45
40,20,false,,0.12922063123277372,0.046480760632693435,-0.08906785961020168,3,1,1.0,12.0,0.27120315581854043,0.0,0.0264,376,2401,0.1,0.15,45
50,25,false,,0.5763874042322292,0.04005398704313527,-0.5397518027157153,2,2,1.0,4.0,0.0,0.0,0.0158,376,2401,0.1,0.15,45
60,30,false,,0.47351545833534814,0.4980188551464982,0.024503396811150074,15,15,15.0,15.0,0.5,0.0,0.0002,376,2401,0.1,0.15,45
20,10,false,,0.10590048303087074,0.19002114964641753,0.09665034094188957,14,16,2.0,19.0,0.6388111888111888,0.0,0.2764,377,2402,0.1,0.15,45
30,15,false,,0.18577576038945917,0.0758598184906625,-0.11854778172365782,6,2,1.0,27.0,0.23665701282581714,0.0,0.2414,377,2402,0.1,0.15,45
40,20,false,,0.11262086549548232,0.14576980665068134,0.042435207064352415,28,35,1.0,39.0,0.6011213456147377,0.0,0.2704,377,2402,0.1,0.15,45
50,25,false,,0.15383055614683339,0.10698126113483954,-0.05615002926091174,10,2,1.0,46.0,0.359919028340081,0.05060728744939271,0.2464,377,2402,0.1,0.15,45
60,30,false,,0.13531944491354175,0.12489691250124232,-0.02512145299711087,42,45,1.0,57.0,0.4614747307373654,0.21375310687655344,0.2322,377,2402,0.1,0.15,45
20,10,false,,0.10327907493786104,0.13272429233224733,0.04708455743504911,11,16,1.0,19.0,0.5976224783861671,0.0,0.293,378,2403,0.1,0.15,45
30,15,true,,0.09835732906469957,0.31314633671437814,0.2154155357548812,23,26,3.0,29.0,0.7924603174603174,0.0,0.2696,378,2403,0.1,0.15,45
20,10,false,,0.10666797144347197,0.1699069386211195,0.0659060590230042,12,16,1.0,19.0,0.5867911479944675,0.0,0.2866,379,2404,0.1,0.15,45
30,15,true,,0.1071936314054906,0.4139689529470683,0.31752266030030085,23,26,4.0,29.0,0.8098094565984474,0.0,0.2864,379,2404,0.1,0.15,45
20,10,false,,0.14874586663152894,0.35377887501145766,0.21722923270919292,15,16,2.0,19.0,0.7666256157635468,0.0,0.3094,380,2405,0.1,0.15,45
30,15,false,,0.16507839289158346,0.13332368740033895,-0.04182521629439272,12,1,1.0,28.0,0.406568144499179,0.0,0.2552,380,2405,0.1,0.15,45
40,20,false,,0.1386933015396762,0.14810267989453452,0.024666181436913695,21,36,2.0,39.0,0.5330511234125692,0.0,0.2584,380,2405,0.1,0.15,45
50,25,false,,0.13307482002799642,0.18385220460068186,0.05115237875472839,41,46,15.0,49.0,0.6493860845839018,0.46725784447476126,0.2286,380,2405,0.1,0.15,45
60,30,true,,0.12740983668081088,0.3882982008949057,0.2617734674979833,54,55,28.0,59.0,0.7805860805860806,0.06593406593406594,0.17,380,2405,0.1,0.15,45
20,10,false,,0.14607962495568577,0.12355623704613605,-0.03269253181397272,7,2,1.0,18.0,0.4209993247805537,0.0,0.2834,381,2406,0.1,0.15,45
30,15,false,,0.14238072736313978,0.11589941830494283,-0.04190412894394406,11,1,1.0,28.0,0.4026148172980221,0.0,0.2748,381,2406,0.1,0.15,45
40,20,true,,0.11251749855421318,0.3610680877229599,0.24477117374652374,34,36,18.799999999999997,39.0,0.8585977281629456,0.0,0.268,381,2406,0.1,0.15,45
20,10,false,,0.07082827071671044,0.09598314398586098,0.02677998328580334,9,1,1.0,19.0,0.5706851691240243,0.0,0.194,382,2407,0.1,0.15,45
30,15,true,,0.09615573965818978,0.22498967313590526,0.1322905500054302,22,27,2.0,29.0,0.780570142535634,0.0,0.3054,382,2407,0.1,0.15,45
20,10,true,,0.07794986086346731,0.21005305004046051,0.13755874694995113,14,16,1.0,19.0,0.7039840637450199,0.0,0.2426,383,2408,0.1,0.15,45
20,10,false,,0.096878565066999,0.6382290963298545,0.5477076423066396,16,17,4.0,19.0,0.92506365951255,0.0,0.2928,384,2409,0.1,0.15,45
30,15,false,,0.11362023383287062,0.11244958321640951,-0.001691475238551357,15,19,2.0,29.0,0.492849668643181,0.0,0.2744,384,2409,0.1,0.15,45
40,20,false,,0.11718398841766614,0.18326311117233407,0.0734287329424806,29,36,5.0,39.0,0.6721772775237426,0.0,0.2924,384,2409,0.1,0.15,45
50,25,false,,0.13965782017122622,0.11597648801271467,-0.02875639995875688,12,3,1.0,48.0,0.4029906542056075,0.10429906542056075,0.2486,384,2409,0.1,0.15,45
60,30,true,,0.12083342985739484,0.5572507137268528,0.43124615652244047,53,55,29.0,59.0,0.8856799037304453,0.15483353389490573,0.1998,384,2409,0.1,0.15,45
20,10,false,,0.11935229652558685,0.11405297786469937,-0.014801853942813137,12,16,1.0,19.0,0.47570506286102615,0.0,0.2768,385,2410,0.1,0.15,45
30,15,false,,0.13447349946785242,0.1119687150200031,-0.028370294862980247,9,1,1.0,28.0,0.4497293116782676,0.0,0.2842,385,2410,0.1,0.15,45
40,20,false,,0.14008612932412406,0.10506671282508333,-0.048092279219430344,8,3,1.0,36.0,0.371900826446281,0.0,0.271,385,2410,0.1,0.15,45
50,25,false,,0.1269233035487225,0.11595359018511367,-0.014240607536463973,16,5,1.0,47.0,0.4560975609756098,0.07886178861788617,0.2514,385,2410,0.1,0.15,45
60,30,false,,0.17392883487847394,0.10894372336742397,-0.10017579677734767,12,2,1.0,58.0,0.3333333333333333,0.11946532999164577,0.2106,385,2410,0.1,0.15,45
20,10,false,,0.09834683894364302,0.5333446416969028,0.4445236705892094,16,16,2.0,19.0,0.8980335032774945,0.0,0.2754,386,2411,0.1,0.15,45
30,15,false,,0.10410622655849901,0.16214349757067503,0.07285794326681377,22,25,5.0,29.0,0.6669175762137749,0.0,0.2828,386,2411,0.1,0.15,45
40,20,false,,0.15029560378379014,0.12854833023626677,-0.036383290238593324,15,2,1.0,38.0,0.4479211315902272,0.0,0.2302,386,2411,0.1,0.15,45
50,25,false,,0.2184205022071029,0.09829463314588797,-0.13185075301898472,6,1,1.0,30.0,0.21678926871484205,0.012981393336218087,0.2468,386,2411,0.1,0.15,45
60,30,true,,0.11567530587132216,0.32024863179202834,0.1828613906446859,50,56,23.975,59.0,0.7637931034482759,0.16206896551724137,0.1984,386,2411,0.1,0.15,45
20,10,true,,0.08927486278894169,0.2702743022960305,0.1953751804736747,14,16,2.0,19.0,0.7889237199582028,0.0,0.289,387,2412,0.1,0.15,45
20,10,false,,0.10930389902653209,0.20348970621317733,0.10101659115385112,13,16,1.0,19.0,0.681758530183727,0.0,0.2982,388,2413,0.1,0.15,45
30,15,true,,0.10047014614831293,0.2477372052869484,0.1561688266040343,24,26,7.0,29.0,0.7324645458029897,0.0,0.243,388,2413,0.1,0.15,45
20,10,false,,0.14409978678579774,0.14406340785782173,0.016072667941250646,11,17,1.0,19.0,0.5223596574690771,0.0,0.3042,389,2414,0.1,0.15,45
30,15,true,,0.12546033729865044,0.19478533377001375,0.09159888677907185,23,26,2.0,29.0,0.7156139788393716,0.0,0.2814,389,2414,0.1,0.15,45
20,10,false,,0.15439198372440546,0.12756015620448533,-0.03160541211776882,11,13,1.0,19.0,0.42351492767005233,0.0,0.318,390,2415,0.1,0.15,45
30,15,false,,0.17206708895331224,0.11435368299344523,-0.0705346063628213,7,4,1.0,26.0,0.29927963326784546,0.0,0.2876,390,2415,0.1,0.15,45
40,20,false,,0.14488562508893907,0.10748772274035318,-0.06160869843036641,17,3,1.0,38.0,0.3063032367972743,0.0,0.2598,390,2415,0.1,0.15,45
50,25,false,,0.12149910675298342,0.1738481637556706,0.050313946616478616,40,45,6.0,49.0,0.6021911598035512,0.3970532678503967,0.2452,390,2415,0.1,0.15,45
60,30,false,,0.1200712789972338,0.18583216414131387,0.07298657541783413,49,51,11.0,58.0,0.6654261257908448,0.2173427614439896,0.2168,390,2415,0.1,0.15,45
20,10,false,,0.10571017397003867,0.09862533684397957,-0.008006466085054155,11,16,1.0,19.0,0.473463687150838,0.0,0.287,391,2416,0.1,0.15,45
30,15,false,,0.10658155482247043,0.24402527435325072,0.15286446699601708,19,26,1.0,29.0,0.6509121061359867,0.0,0.2608,391,2416,0.1,0.15,45
40,20,false,,0.11589695413490603,0.08688560452569988,-0.03476345496883998,13,6,2.0,35.0,0.39191489361702125,0.0,0.218,391,2416,0.1,0.15,45
50,25,false,,0.14574292497863361,0.10242790314108192,-0.0511689126280738,13,14,2.0,33.0,0.3192169396723931,0.0,0.2776,391,2416,0.1,0.15,45
60,30,true,,0.11573456332893298,0.5072976270982043,0.3810024533613211,52,55,20.700000000000003,59.0,0.8234356317257872,0.1335193304105221,0.226,391,2416,0.1,0.15,45
20,10,false,,0.17190922663960684,0.1556711989613227,-0.035017301346556104,8,1,1.0,19.0,0.4619124797406807,0.0,0.2752,392,2417,0.1,0.15,45
30,15,false,,0.15147458304019415,0.11188543429850346,-0.06485485608925412,12,4,1.0,28.09999999999991,0.3838349678728441,0.0,0.274,392,2417,0.1,0.15,45
40,20,false,,0.14757845088897759,0.0955704847320126,-0.06158402761934925,16,3,1.0,38.0,0.3110944527736132,0.0,0.2478,392,2417,0.1,0.15,45
50,25,false,,0.12437690053672174,0.24749702473966195,0.14394277290634144,39,46,2.0,49.0,0.5884615384615385,0.39145299145299145,0.2136,392,2417,0.1,0.15,45
60,30,false,,0.11314423011686964,0.22220453884291552,0.11344322633652618,52,55,10.0,59.0,0.6712511091393079,0.10692102928127772,0.1866,392,2417,0.1,0.15,45
20,10,true,,0.1401164839768996,0.27109945804024244,0.16235340317960223,14,16,1.0,19.0,0.7433271260086902,0.0,0.2974,393,2418,0.1,0.15,45
20,10,false,,0.1056665769901645,0.13040166772078485,0.039125496727712414,13,16,1.0,19.0,0.5803511141120864,0.0,0.297,394,2419,0.1,0.15,45
30,15,false,,0.11697391752989357,0.1305646820118691,0.022320480423047157,16,27,1.0,29.0,0.5485008818342152,0.0,0.253,394,2419,0.1,0.15,45
40,20,true,,0.11611903050169742,0.40726968411254594,0.2918233384696849,31,35,2.0,39.0,0.731572723689397,0.0,0.2502,394,2419,0.1,0.15,45
20,10,false,,0.12272173731643796,0.22034810602396926,0.13069924351826642,13,16,2.0,19.0,0.6896662387676509,0.0,0.3184,395,2420,0.1,0.15,45
30,15,false,,0.1101935777807038,0.510460990697867,0.4030252503070368,25,27,4.0,29.0,0.8341426970489354,0.0,0.2566,395,2420,0.1,0.15,45
40,20,false,,0.12333328416291052,0.16557587356390588,0.0679611718290451,23,36,2.0,39.0,0.6518277234889612,0.0,0.2598,395,2420,0.1,0.15,45
50,25,false,,0.12253240744675357,0.21409828192988503,0.09935225274051393,42,46,2.0,49.0,0.6608826857789514,0.46586193889098454,0.241,395,2420,0.1,0.15,45
60,30,true,,0.11870616546776257,0.2740402417844639,0.16038142266458158,53,56,32.0,59.0,0.7463625639009045,0.18836020448289423,0.2292,395,2420,0.1,0.15,45
20,10,false,,0.13143158179653347,0.5757285350892218,0.44828585199174953,16,17,2.0,19.0,0.8227435646790485,0.0,0.2758,396,2421,0.1,0.15,45
30,15,false,,0.1342090272393031,0.14419414403642036,0.017347227008540134,17,26,1.0,29.0,0.5370843989769821,0.0,0.2774,396,2421,0.1,0.15,45
40,20,false,,0.14700839210676248,0.11201944811107821,-0.03906329553218879,15,2,1.0,39.0,0.41240478781284007,0.0,0.2358,396,2421,0.1,0.15,45
50,25,true,,0.12149931210218738,0.25140554862268194,0.13715533074846237,42,46,28.0,49.0,0.7359092520382843,0.5040765685926977,0.248,396,2421,0.1,0.15,45
20,10,false,,0.10401937044845841,0.08938826558583446,-0.028697142395370072,8,1,1.0,19.0,0.4337213668794593,0.0,0.2694,397,2422,0.1,0.15,45
30,15,false,,0.1314591262488814,0.0778231258192454,-0.06560594983363374,7,1,1.0,29.0,0.4218678815489749,0.0,0.1698,397,2422,0.1,0.15,45
40,20,true,,0.08123606065861945,0.29578698988267244,0.21468265925070282,34,35,22.0,39.0,0.884117951370926,0.0,0.119,397,2422,0.1,0.15,45
20,10,false,,0.15703436311776522,0.08914812535813943,-0.08609714156391017,8,2,1.0,19.0,0.33171990964827364,0.0,0.2998,398,2423,0.1,0.15,45
30,15,false,,0.15541049527500522,0.12088847403334345,-0.036432032803660794,9,2,1.0,29.0,0.4331911869225302,0.0,0.2358,398,2423,0.1,0.15,45
40,20,true,,0.11767708840644718,0.2553206242402268,0.14479718668052616,33,36,5.0,39.0,0.7155896312522818,0.0,0.264,398,2423,0.1,0.15,45
20,10,true,,0.08720834692839564,0.18635987958076208,0.10985220826689175,13,16,2.0,19.0,0.7485955056179775,0.0,0.2986,399,2424,0.1,0.15,45
20,10,false,,0.13177484436416373,0.20254935458551138,0.07962881179595938,13,14,2.0,19.0,0.6503030303030303,0.0,0.3174,400,2425,0.1,0.15,45
30,15,false,,0.14015452111297794,0.13180712442904227,-0.00945916641777926,19,25,2.0,29.0,0.47921294827039035,0.0,0.29,400,2425,0.1,0.15,45
40,20,false,,0.1208591941997722,0.13660445595894669,0.029962585527472177,29,35,2.0,38.0,0.5802906770648706,0.0,0.2498,400,2425,0.1,0.15,45
50,25,false,,0.11254867788648032,0.6496804840563143,0.5338835413897554,45,47,28.0,49.0,0.8422818791946308,0.6644295302013423,0.2014,400,2425,0.1,0.15,45
60,30,false,,0.13219728389761817,0.08509541292461739,-0.052393037786313615,25,28,3.0,41.0,0.21686746987951808,0.01721170395869191,0.0396,400,2425,0.1,0.15,45
20,10,false,,0.14283933744834246,0.18186957258918734,0.06572859277990967,13,15,1.0,19.0,0.6312933373530298,0.0,0.3124,401,2426,0.1,0.15,45
30,15,false,,0.18981879417352293,0.11400142840155701,-0.09420012353244227,7,2,1.0,28.0,0.31713900134952766,0.0,0.2638,401,2426,0.1,0.15,45
40,20,false,,0.12545451670372657,0.11378555432084489,-0.01607200561698645,28,34,3.0,39.0,0.4383070301291248,0.0,0.255,401,2426,0.1,0.15,45
50,25,false,,0.22531505576381547,0.10109053673471592,-0.1300484178537602,8,1,1.0,48.0,0.2547015535568275,0.2338511856091578,0.2056,401,2426,0.1,0.15,45
60,30,true,,0.11482925418611031,0.4228244011204555,0.29972308170062045,54,55,40.0,59.0,0.8899598393574297,0.13815261044176708,0.2508,401,2426,0.1,0.15,45
20,10,true,,0.07987102944534193,0.18060941673620642,0.09997498866065258,14,17,3.0,19.0,0.7069284920340867,0.0,0.2922,402,2427,0.1,0.15,45
20,10,false,,0.07810199009172822,0.08621797631799447,0.014573135084905278,11,14,2.0,19.0,0.547112462006079,0.0,0.2264,403,2428,0.1,0.15,45
30,15,false,,0.18842311623775138,0.09596958919276949,-0.10468089443279077,7,3,1.0,28.0,0.38495398159263705,0.0,0.2536,403,2428,0.1,0.15,45
40,20,false,,0.11996171354015475,0.1845943072211391,0.08510819701756413,31,35,1.0,39.0,0.5813552006905481,0.0,0.242,403,2428,0.1,0.15,45
50,25,false,,0.14711025969876426,0.09956101255023635,-0.0590580832488026,15,3,1.0,47.0,0.3383280757097792,0.05244479495268139,0.2612,403,2428,0.1,0.15,45
60,30,false,,0.12286660326826589,0.15284441302851073,0.04491618229775554,42,55,1.0,59.0,0.6065306122448979,0.11918367346938775,0.241,403,2428,0.1,0.15,45
20,10,false,,0.15201873771546798,0.200287052442471,0.056839047686481986,13,17,2.0,19.0,0.5974563738538894,0.0,0.3076,404,2429,0.1,0.15,45
30,15,false,,0.23165161352371572,0.11721117521911627,-0.1373636179616339,6,1,1.0,27.0,0.20694593626924454,0.0,0.236,404,2429,0.1,0.15,45
40,20,false,,0.479040606458824,0.10156866610772375,-0.3848925347483681,3,2,1.0,19.0,0.06590819929384072,0.0,0.1906,404,2429,0.1,0.15,45
50,25,false,,0.13073971420972494,0.1201398671910402,-0.0029635184826662803,27,47,1.6499999999999915,49.0,0.4963277928102049,0.29880170081175106,0.2374,404,2429,0.1,0.15,45
60,30,false,,0.16899122292801258,0.11296824567924212,-0.07514170406054638,11,4,1.0,58.0,0.2950564421954068,0.05488516932658622,0.2162,404,2429,0.1,0.15,45
20,10,false,,0.1383493770968459,0.19143491165918364,0.08086879980861689,13,16,1.0,19.0,0.6358199559332703,0.0,0.2702,405,2430,0.1,0.15,45
30,15,false,,0.14543150522587392,0.10104518864659218,-0.06599817971841598,10,3,1.0,28.0,0.36211114994757077,0.0,0.2646,405,2430,0.1,0.15,45
40,20,false,,0.20482105470579562,0.09693319468562832,-0.10797737155012743,7,3,1.0,38.0,0.27090558766859346,0.0,0.2322,405,2430,0.1,0.15,45
50,25,false,,0.1301929597276815,0.1450088109127778,0.028389395835183892,33,2,2.0,48.0,0.555984555984556,0.34594594594594597,0.2322,405,2430,0.1,0.15,45
60,30,false,,0.13046832122228041,0.11197717947992553,-0.02123827246453569,17,7,2.0,52.0,0.3838383838383838,0.046620046620046623,0.2442,405,2430,0.1,0.15,45
20,10,false,,0.1970664136377268,0.0836357997571756,-0.12322031980204831,5,2,1.0,18.0,0.23531420765027322,0.0,0.2714,406,2431,0.1,0.15,45
30,15,false,,0.12305376505558707,0.08563038835874544,-0.04772044144742986,10,2,1.0,28.0,0.39710028191703584,0.0,0.2326,406,2431,0.1,0.15,45
40,20,true,,0.10931683822054385,0.3827009838686477,0.26938256132231475,33,36,12.0,39.0,0.7842911877394636,0.0,0.2786,406,2431,0.1,0.15,45
20,10,false,,0.10405710852682937,0.15484002804003438,0.06378162841549816,13,16,2.0,19.0,0.6666666666666666,0.0,0.311,407,2432,0.1,0.15,45
30,15,true,,0.09500273854511264,0.22929767328065653,0.14681979183836036,23,26,1.0,29.0,0.7074801504387798,0.0,0.233,407,2432,0.1,0.15,45
20,10,true,,0.06607136918662757,0.26908134628104086,0.19236804915322006,14,17,2.0,19.0,0.7491482112436116,0.0,0.2448,408,2433,0.1,0.15,45
20,10,false,,0.22549928878791137,0.11962987345335835,-0.14230230836510926,5,1,1.0,19.0,0.3809689787382363,0.0,0.241,409,2434,0.1,0.15,45
30,15,false,,0.1202978097736389,0.13243055030026188,0.019098703260383487,13,4,1.0,28.0,0.5411643127798829,0.0,0.2816,409,2434,0.1,0.15,45
40,20,true,,0.11033540141995869,0.26733895330228896,0.16337175921020466,34,36,6.0,39.0,0.7436908517350158,0.0,0.2472,409,2434,0.1,0.15,45
20,10,false,,0.1056749005672729,0.2737979319924768,0.19613367872314494,15,18,2.0,19.0,0.7730082417582418,0.0,0.2932,410,2435,0.1,0.15,45
30,15,false,,0.12582482778724824,0.08231536452503806,-0.046238564255490125,9,8,1.0,27.0,0.3195458231954582,0.0,0.2486,410,2435,0.1,0.15,45
40,20,false,,0.08770166835272884,0.6969535311275762,0.6064358152532665,36,36,26.0,39.0,0.9813976872800402,0.0,0.1428,410,2435,0.1,0.15,45
50,25,true,,0.0882005247364616,0.4742489420209786,0.390014529569884,44,45,26.0,49.0,0.9654295882053889,0.608540925266904,0.1246,410,2435,0.1,0.15,45
20,10,false,,0.11519836200259165,0.45504203577538443,0.3479532640827322,16,18,3.0,19.0,0.7511768661735037,0.0,0.2904,411,2436,0.1,0.15,45
30,15,true,,0.11878496333695993,0.29959096264196144,0.18580682244858088,22,25,2.0,29.0,0.710412147505423,0.0,0.2702,411,2436,0.1,0.15,45
20,10,false,,0.09964985776661603,0.36150029679856327,0.26170345881461743,15,16,2.0,19.0,0.7888391319324837,0.0,0.2808,412,2437,0.1,0.15,45
30,15,false,,0.11956916552119425,0.07036317521037641,-0.05766913250133421,13,7,1.0,27.0,0.3039806996381182,0.0,0.2138,412,2437,0.1,0.15,45
40,20,false,,0.14864320461442623,0.09289972079133134,-0.06454756302147657,8,4,1.0,28.0,0.32998324958123953,0.0,0.232,412,2437,0.1,0.15,45
50,25,false,,0.13730787130317945,0.1029673515929653,-0.04925184351569563,12,3,1.0,48.0,0.3896270895842263,0.09987141020145734,0.2292,412,2437,0.1,0.15,45
60,30,false,,0.21112656931213802,0.1127772959162862,-0.09759363342101576,9,3,1.0,58.0,0.351138353765324,0.03415061295971979,0.184,412,2437,0.1,0.15,45
20,10,false,,0.1269229254164508,0.1189206055890657,0.004972101922376189,11,2,1.0,19.0,0.5069627399322544,0.0,0.2254,413,2438,0.1,0.15,45
30,15,false,,0.0911098464433985,0.14755383664386595,0.06114628682994636,23,25,2.0,29.0,0.6297662976629766,0.0,0.2176,413,2438,0.1,0.15,45
40,20,false,,0.1435431774985525,0.1300156181503331,0.004772931267679338,14,4,1.0,39.0,0.5048740861088545,0.0,0.259,413,2438,0.1,0.15,45
50,25,false,,0.12355293540217782,0.12075597467773294,0.013738731758191472,22,47,2.0,49.0,0.5529166666666666,0.2683333333333333,0.2446,413,2438,0.1,0.15,45
60,30,false,,0.12290536457532351,0.19404885938113423,0.07937266269961525,47,51,3.0,58.0,0.6616800920598389,0.16800920598388952,0.2558,413,2438,0.1,0.15,45
20,10,false,,0.13539174187346073,0.17556170445878674,0.047184636011927746,13,15,1.0,19.0,0.5956923076923077,0.0,0.2978,414,2439,0.1,0.15,45
30,15,false,,0.12481124606397961,0.21211293667720363,0.10405547038288104,24,26,3.0,29.0,0.6707566462167689,0.0,0.2682,414,2439,0.1,0.15,45
40,20,false,,0.5066029660148765,0.09737644248132447,-0.4126615237018745,3,2,1.0,22.0,0.1520068317677199,0.0,0.2144,414,2439,0.1,0.15,45
50,25,false,,0.1187002283159116,0.1645790693837142,0.05446208216035153,36,45,20.0,48.0,0.6029354963306296,0.3286983391270761,0.2532,414,2439,0.1,0.15,45
60,30,false,,0.12615099723905865,0.1241498820904192,-0.002140884065934212,31,5,1.0,58.0,0.4878048780487805,0.10706903679206284,0.2438,414,2439,0.1,0.15,45
20,10,false,,0.1387500699355458,0.2225751987982549,0.09579954436868748,14,17,2.0,19.0,0.6587326120556414,0.0,0.3148,415,2440,0.1,0.15,45
30,15,false,,0.1184638127168814,0.38089813961236096,0.26489337584325645,25,26,10.0,29.0,0.8412104726283577,0.0,0.264,415,2440,0.1,0.15,45
40,20,false,,0.11863652171578072,0.16972841188039905,0.05440404014401279,33,37,14.0,39.0,0.6395825568393589,0.0,0.2436,415,2440,0.1,0.15,45
50,25,false,,0.12205033923475424,0.15723893229215447,0.04788806920525823,37,43,2.0,49.0,0.5994009734181954,0.3006364657431674,0.2546,415,2440,0.1,0.15,45
60,30,false,,0.1220548944570878,0.1285548647111179,0.015316249775469595,42,46,3.0,56.0,0.5543345543345544,0.27228327228327226,0.1212,415,2440,0.1,0.15,45
20,10,false,,0.16056726096529145,0.205609633801784,0.08064414822838381,12,16,1.0,19.0,0.6541884013501074,0.0,0.3056,416,2441,0.1,0.15,45
30,15,false,,0.14820327425622268,0.14979460078783577,0.008900352762274202,20,25,4.0,29.0,0.5149117468046257,0.0,0.2872,416,2441,0.1,0.15,45
40,20,false,,0.14045994748993287,0.12269333297975792,-0.02260544003508974,25,38,3.0,39.0,0.41025641025641024,0.0,0.249,416,2441,0.1,0.15,45
50,25,false,,0.13151342672467906,0.12886809738923868,0.004630773369511065,40,43,2.0,49.0,0.5050505050505051,0.4110066179031696,0.228,416,2441,0.1,0.15,45
60,30,false,,0.16897577335008843,0.11096023586181582,-0.06265456216251929,10,4,1.0,56.0,0.25678257546809324,0.009170806266717615,0.1874,416,2441,0.1,0.15,45
20,10,false,,0.09799732558466993,0.19123296056428507,0.10850369543754489,13,15,1.0,19.0,0.6429323044545774,0.0,0.2938,417,2442,0.1,0.15,45
30,15,false,,0.1108026536779209,0.1174696906657691,0.015957794092841412,19,26,1.0,29.0,0.5358070500927644,0.0,0.279,417,2442,0.1,0.15,45
40,20,false,,0.1724737337469847,0.10664884076023007,-0.0741177588818771,6,2,1.0,37.0,0.37013502779984114,0.0,0.2592,417,2442,0.1,0.15,45
50,25,false,,0.12610978445443422,0.10892359982216815,-0.012753608482509421,22,23,2.0,47.0,0.4429260450160772,0.09967845659163987,0.2232,417,2442,0.1,0.15,45
60,30,true,,0.11999104523123214,0.32293388931336364,0.20362758688053942,49,56,3.0,59.0,0.7368633791430881,0.03799514955537591,0.219,417,2442,0.1,0.15,45
20,10,false,,0.13917298621288104,0.22870532471434052,0.10680159744167855,14,16,2.0,19.0,0.6493341788205453,0.0,0.3102,418,2443,0.1,0.15,45
30,15,false,,0.1214418256245614,0.1432598826273091,0.048361874166347754,16,27,2.0,29.0,0.6129467296021578,0.0,0.2904,418,2443,0.1,0.15,45
40,20,false,,0.13403349293063005,0.10018127475777033,-0.06028774239625824,24,2,1.0,39.0,0.3548644338118022,0.0,0.2138,418,2443,0.1,0.15,45
50,25,true,,0.12115807753128471,0.4772065919249819,0.3600751807630687,42,45,3.0,49.0,0.7730290456431536,0.4717842323651452,0.2548,418,2443,0.1,0.15,45
20,10,false,,0.134470274354572,0.15272263451284968,0.01754443823002408,11,1,1.0,19.0,0.5282896863886195,0.0,0.2876,419,2444,0.1,0.15,45
30,15,false,,0.12732765794428555,0.08924652176683658,-0.04936905630427825,12,13,2.0,28.0,0.34587813620071683,0.0,0.2732,419,2444,0.1,0.15,45
40,20,false,,0.6736470900777463,0.09198625493848385,-0.5824199765996589,3,1,1.0,10.0,0.053449063499314754,0.0,0.199,419,2444,0.1,0.15,45
50,25,false,,0.21407915231883654,0.09777686347147749,-0.11383156071370644,6,5,1.0,24.0,0.16693354683746997,0.0,0.2534,419,2444,0.1,0.15,45
60,30,false,,0.2239402814196042,0.10825298557901178,-0.12450830535391784,6,3,1.0,56.0,0.2744721689059501,0.03694817658349328,0.1572,419,2444,0.1,0.15,45
20,10,false,,0.2800133458709002,0.13235537862839397,-0.1869480238205951,4,1,1.0,18.0,0.37456807187284036,0.0,0.2544,420,2445,0.1,0.15,45
30,15,false,,0.1461089791643422,0.15277605326569438,0.008904418563553673,17,25,1.0,29.0,0.5217254408060453,0.0,0.2794,420,2445,0.1,0.15,45
40,20,false,,0.14051247755807636,0.12864101500429223,-0.007635664676380077,13,6,2.0,38.0,0.485313315926893,0.0,0.2642,420,2445,0.1,0.15,45
50,25,false,,0.1318474670298637,0.12500476950554254,-0.004429626245346707,31,47,5.0,49.0,0.48660550458715596,0.3236697247706422,0.23,420,2445,0.1,0.15,45
60,30,true,,0.11978414120064966,0.26027992411068557,0.14069893317207524,52,58,30.0,59.0,0.7447978013349038,0.18570867687475462,0.198,420,2445,0.1,0.15,45
20,10,false,,0.1212508017348208,0.11434490673322784,-0.010381957882867051,10,1,1.0,19.0,0.4783207157604955,0.0,0.2804,421,2446,0.1,0.15,45
30,15,false,,0.114658025579244,0.14443256992290754,0.062154454101841644,12,7,1.0,29.0,0.6510764662212324,0.0,0.267,421,2446,0.1,0.15,45
40,20,false,,0.19209290772488194,0.10520846013448708,-0.09467091463776675,6,1,1.0,23.0,0.24460708782742682,0.0,0.244,421,2446,0.1,0.15,45
50,25,true,,0.11904661289419667,0.5008207697198624,0.37451473072987174,44,46,28.049999999999997,49.0,0.8555512869765655,0.5927775643488282,0.2588,421,2446,0.1,0.15,45
20,10,false,,0.13447667009619796,0.14474676721427232,0.024935950981232816,11,18,1.0,19.0,0.5331737346101231,0.0,0.2902,422,2447,0.1,0.15,45
30,15,false,,0.12492242012099641,0.0755364170128304,-0.05512709651605452,10,6,1.0,27.0,0.3121069182389937,0.0,0.2368,422,2447,0.1,0.15,45
40,20,false,,0.09294758488720459,0.1290768637838158,0.049123145606017576,31,34,8.0,39.0,0.6192236598890942,0.0,0.1582,422,2447,0.1,0.15,45
50,25,false,,0.1847168369569161,0.09783496247783942,-0.09492722328051453,7,4,1.0,25.0,0.24298282362798493,0.0,0.2612,422,2447,0.1,0.15,45
60,30,true,,0.5042881323363243,0.5262732341186538,0.021985101782329486,11,11,11.0,11.0,1.0,0.0,0.0002,422,2447,0.1,0.15,45
20,10,false,,0.1288617234176421,0.1508592296529483,0.036574248617204666,12,2,1.0,19.0,0.5637470409198512,0.0,0.2906,423,2448,0.1,0.15,45
30,15,false,,0.22215620361892177,0.08283322476684543,-0.1511114467729984,4,2,1.0,22.0,0.21316225165562913,0.0,0.234,423,2448,0.1,0.15,45
40,20,false,,0.15214383271479764,0.07794099832820034,-0.08121475117107327,7,4,1.0,34.0,0.22056159420289856,0.0,0.1898,423,2448,0.1,0.15,45
50,25,false,,0.10984634775103526,0.32940177923382535,0.23915802273522854,36,46,1.0,49.0,0.6266050333846944,0.33384694401643555,0.13,423,2448,0.1,0.15,45
60,30,false,,0.09149271090398105,0.8064904411966055,0.7020753581458559,56,57,49.0,59.0,0.9841549295774648,0.024061032863849766,0.0928,423,2448,0.1,0.15,45
20,10,false,,0.15154056671605604,0.4045602424844158,0.26893466855333914,15,16,3.0,19.0,0.7976044226044227,0.0,0.2996,424,2449,0.1,0.15,45
30,15,false,,0.14428216714498832,0.3429999039928461,0.21914957560814827,22,27,1.0,29.0,0.5810621942697415,0.0,0.244,424,2449,0.1,0.15,45
40,20,false,,0.17311069384967084,0.09370209991550964,-0.10108011447776091,10,4,1.0,37.0,0.22672064777327935,0.0,0.2058,424,2449,0.1,0.15,45
50,25,false,,0.5519868740899956,0.08999695134313154,-0.4594789673055142,4,2,1.0,23.0,0.04308202154101077,0.0,0.1956,424,2449,0.1,0.15,45
60,30,false,,0.24069964415466236,0.1051193301779495,-0.13339527973338033,6,2,1.0,31.0,0.16949854952341484,0.0,0.201,424,2449,0.1,0.15,45
20,10,false,,0.10813086853705813,0.12452553508095443,0.020164735919027954,11,16,1.0,19.0,0.5269739192568774,0.0,0.2836,425,2450,0.1,0.15,45
30,15,false,,0.10835355742850815,0.162804004723141,0.06387827944682996,20,26,1.0,29.0,0.6313841598815693,0.0,0.2896,425,2450,0.1,0.15,45
40,20,false,,0.15438942462179706,0.12102464480286239,-0.029710841772497026,9,1,1.0,39.0,0.46258503401360546,0.0,0.2402,425,2450,0.1,0.15,45
50,25,false,,0.12050710201718892,0.1236481442149223,0.006273382582159107,19,23,2.0,35.0,0.5289103039288362,0.00037064492216456633,0.2694,425,2450,0.1,0.15,45
60,30,true,,0.12110152985556775,0.42647382683884516,0.3081643131680273,54,55,41.0,59.0,0.9626617375231054,0.14639556377079482,0.2226,425,2450,0.1,0.15,45
20,10,false,,0.1502876692492622,0.15484916779603847,0.01152114907648269,11,1,1.0,19.0,0.5126541207008436,0.0,0.2852,426,2451,0.1,0.15,45
30,15,false,,0.1527366961367499,0.09872183823386353,-0.0775739966581738,13,2,1.0,29.0,0.3574101796407186,0.0,0.237,426,2451,0.1,0.15,45
40,20,false,,0.3263044208023784,0.08878621636023518,-0.23767842957783802,5,2,1.0,27.0,0.12136325852036575,0.0,0.2222,426,2451,0.1,0.15,45
50,25,false,,0.12650434576832947,0.09418283731200185,-0.03913614621388943,38,46,2.0,49.0,0.369868810833686,0.32120186203977996,0.2092,426,2451,0.1,0.15,45
60,30,false,,0.1941909626687806,0.09997585050781078,-0.10114781584306838,8,4,1.0,24.0,0.20763620763620763,0.0,0.2202,426,2451,0.1,0.15,45
20,10,true,,0.05668938798859475,0.2908438111316519,0.23948576279824804,13,18,2.0,19.0,0.7753715498938429,0.0,0.2042,427,2452,0.1,0.15,45
20,10,false,,0.09977383404744562,0.09220193740780469,-0.0029084710273254294,7,2,1.0,18.0,0.4948529411764706,0.0,0.287,428,2453,0.1,0.15,45
30,15,false,,0.10761681461840275,0.14604142725501948,0.05734503226431026,14,3,1.0,28.0,0.6553486673968602,0.0,0.3014,428,2453,0.1,0.15,45
40,20,false,,0.1061776964565921,0.6795146957973764,0.5624305396033935,35,35,23.0,39.0,0.9729286300246104,0.0,0.2596,428,2453,0.1,0.15,45
50,25,false,,0.11740818187666015,0.10904541463027166,-0.01073916295106761,28,4,1.0,47.0,0.4764862466725821,0.15483584738243122,0.2086,428,2453,0.1,0.15,45
60,30,true,,0.10913866905468007,0.1943739671772807,0.07975290710628989,54,56,19.0,59.0,0.7162855809612693,0.11665888940737285,0.15,428,2453,0.1,0.15,45
20,10,false,,0.1484674683158517,0.10028019423588592,-0.06464798613297301,7,1,1.0,18.0,0.41301775147928993,0.0,0.2454,429,2454,0.1,0.15,45
30,15,true,,0.10091373767241198,0.18561373342197696,0.09007493716629617,20,26,2.0,29.0,0.7634643377001455,0.0,0.306,429,2454,0.1,0.15,45
20,10,false,,0.1507859996315717,0.10255259688937393,-0.06054709607755718,8,1,1.0,19.0,0.38714938030006524,0.0,0.2556,430,2455,0.1,0.15,45
30,15,false,,0.1436262262494574,0.11140013647055395,-0.04258205839102526,11,2,1.0,29.0,0.36699423924093527,0.0,0.2754,430,2455,0.1,0.15,45
40,20,false,,0.14499772208912654,0.099772963502463,-0.06904392901251527,22,3,1.0,39.0,0.31182364729458917,0.0,0.2322,430,2455,0.1,0.15,45
50,25,false,,0.11058840008140956,0.5666610014908102,0.45414163423158316,45,46,39.0,49.0,0.8981909970551115,0.7450567942785024,0.226,430,2455,0.1,0.15,45
60,30,false,,0.1366765167357923,0.11731058797901722,-0.02038050172786439,11,3,1.0,58.0,0.4244851258581236,0.06292906178489703,0.1396,430,2455,0.1,0.15,45
20,10,false,,0.09039607614261448,0.5251987142260703,0.4283828184452961,15,16,3.0,19.0,0.850550230741924,0.0,0.2858,431,2456,0.1,0.15,45
30,15,true,,0.09329108104901548,0.2788544032740095,0.1979070888321195,22,26,1.0,29.0,0.7342908438061041,0.0,0.2,431,2456,0.1,0.15,45
20,10,false,,0.15379721190470663,0.07697152316736508,-0.09653749553579702,8,1,1.0,19.0,0.3354385964912281,0.0,0.2322,432,2457,0.1,0.15,45
30,15,false,,0.0816929319952722,0.12679784585727177,0.0436177566139887,21,23,3.0,29.0,0.6050531914893617,0.0,0.1796,432,2457,0.1,0.15,45
40,20,false,,0.2297861435505989,0.06518717136388524,-0.16707345140203542,4,4,1.0,12.0,0.11670616113744076,0.0,0.0938,432,2457,0.1,0.15,45
50,25,false,,0.07751425605621366,0.6318994489532737,0.5487770133597023,45,44,40.0,49.0,1.0,0.8047925189947399,0.0552,432,2457,0.1,0.15,45
60,30,false,,0.06471519184515964,0.5950742863008387,0.5367584825294136,56,59,50.800000000000004,59.0,1.0,0.0,0.0194,432,2457,0.1,0.15,45
20,10,true,,0.11048422115350347,0.20837558671333126,0.10456606522989331,13,16,1.0,19.0,0.7197368421052631,0.0,0.3078,433,2458,0.1,0.15,45
20,10,false,,0.10262221257638666,0.37351140644655084,0.2713577834810902,16,16,3.0,19.0,0.8631578947368421,0.0,0.2856,434,2459,0.1,0.15,45
30,15,false,,0.1016344158191056,0.5798480462010985,0.4775300595640484,25,26,15.0,29.0,0.9210526315789473,0.0,0.2666,434,2459,0.1,0.15,45
40,20,false,,0.11225339307853076,0.2305901816340445,0.1222701653253789,29,37,4.0,39.0,0.6884935654806964,0.0,0.2838,434,2459,0.1,0.15,45
50,25,false,,0.1314069945140552,0.11513046673401142,-0.014640944546938754,16,5,1.0,47.0,0.4564873417721519,0.10838607594936708,0.2618,434,2459,0.1,0.15,45
60,30,false,,0.11217774283493903,0.15338634350928637,0.03417288700537012,50,52,38.0,58.0,0.6241935483870967,0.2620967741935484,0.2046,434,2459,0.1,0.15,45
20,10,false,,0.2612556112085614,0.10139486673511086,-0.18676728662257808,3,2,1.0,18.0,0.36775719353567204,0.0,0.212,435,2460,0.1,0.15,45
30,15,false,,0.21760094679301464,0.07112836164868043,-0.1546330808646085,5,2,1.0,27.0,0.2353191489361702,0.0,0.1982,435,2460,0.1,0.15,45
40,20,false,,0.33564721133716435,0.08331332506426423,-0.24916343078634268,5,3,1.0,26.0,0.10437710437710437,0.0,0.2202,435,2460,0.1,0.15,45
50,25,false,,0.2560716886302653,0.0985014327623806,-0.16148817229884538,6,4,1.0,46.0,0.30427493713327747,0.13621123218776193,0.2632,435,2460,0.1,0.15,45
60,30,true,,0.11625814440693544,0.35570982991752303,0.23480565687838423,53,56,38.0,59.0,0.8112975849365535,0.15677445763405648,0.2664,435,2460,0.1,0.15,45
20,10,false,,0.15640180261347358,0.08565734988868395,-0.07914281738912868,7,1,1.0,19.0,0.3674790555978675,0.0,0.233,436,2461,0.1,0.15,45
30,15,false,,0.12921160324048825,0.1190974288301584,-0.011905827493763343,9,5,1.0,28.0,0.4706666666666667,0.0,0.2938,436,2461,0.1,0.15,45
40,20,true,,0.12051626715367318,0.2654267191150471,0.15612302662670532,34,36,3.0,39.0,0.7440613026819923,0.0,0.2348,436,2461,0.1,0.15,45
20,10,false,,0.07296084663057364,0.5345367010968857,0.45107450712631003,16,16,4.0,19.0,0.9329976762199845,0.0,0.293,437,2462,0.1,0.15,45
30,15,false,,0.11629710115684241,0.09625677216682267,-0.025179031786136688,8,2,1.0,24.0,0.4297652208515718,0.0,0.2798,437,2462,0.1,0.15,45
40,20,true,,0.09909423552324262,0.3426802288369936,0.23791461871998504,32,35,3.0,39.0,0.8041648205582632,0.0,0.2202,437,2462,0.1,0.15,45
20,10,false,,0.09321879214661655,0.14661674048702258,0.06656960107518187,12,16,1.0,19.0,0.6271559633027523,0.0,0.2654,438,2463,0.1,0.15,45
30,15,true,,0.10014610524140866,0.3046735148808364,0.21553718152782295,23,27,5.0,29.0,0.8057851239669421,0.0,0.2928,438,2463,0.1,0.15,45
20,10,false,,0.11904614224974608,0.3407836862389206,0.2308789566579929,15,16,2.0,19.0,0.8106583072100313,0.0,0.3016,439,2464,0.1,0.15,45
30,15,false,,0.26011628767421024,0.10590665201141551,-0.1576169384768869,5,1,1.0,28.0,0.3239326282804544,0.0,0.2142,439,2464,0.1,0.15,45
40,20,false,,0.1926145835850873,0.10253965787278574,-0.10037436725344312,6,3,1.0,35.0,0.24287343215507412,0.0,0.2126,439,2464,0.1,0.15,45
50,25,false,,0.12471112289098253,0.11846443227470198,-0.0027669111491032683,33,45,4.0,48.0,0.4880908757786735,0.292781238548919,0.2516,439,2464,0.1,0.15,45
60,30,true,,0.12378325104491711,0.2346317237503529,0.12120345004463606,46,56,2.0,59.0,0.7173830353746672,0.09433244579688094,0.2438,439,2464,0.1,0.15,45
20,10,true,,0.09287823613253819,0.6264183431524915,0.5355678850129963,14,15,1.0,19.0,0.8180545836249126,0.0,0.2862,440,2465,0.1,0.15,45
20,10,false,,0.10838418420428703,0.58394079013458,0.4719908502550809,15,17,3.0,19.0,0.9127809459912781,0.0,0.3082,441,2466,0.1,0.15,45
30,15,false,,0.12099993119023189,0.10786782551279667,-0.01795696825909833,13,4,1.0,28.0,0.4587981288233177,0.0,0.2852,441,2466,0.1,0.15,45
40,20,true,,0.10990220724458441,0.285095028309965,0.18124878130075045,33,34,2.0,39.0,0.7753424657534247,0.0,0.267,441,2466,0.1,0.15,45
20,10,true,,0.08228377085838903,0.4584444649475571,0.38887090855353174,14,16,1.0,19.0,0.7721036585365854,0.0,0.2764,442,2467,0.1,0.15,45
20,10,false,,0.14098559658962748,0.10824652099367194,-0.0447829244006783,7,1,1.0,18.0,0.4046880386073768,0.0,0.2826,443,2468,0.1,0.15,45
30,15,false,,0.10193944049592853,0.3915225408473572,0.30963895475356507,25,26,5.25,29.0,0.7889697433933359,0.0,0.2598,443,2468,0.1,0.15,45
40,20,true,,0.10894649655915188,0.406525224686376,0.3025441978667266,31,36,1.0,39.0,0.7005553182400683,0.0,0.2426,443,2468,0.1,0.15,45
20,10,false,,0.15606543975857298,0.12368617679025595,-0.04446071041706233,5,1,1.0,18.0,0.42671009771986973,0.0,0.2634,444,2469,0.1,0.15,45
30,15,false,,0.10143467482755089,0.43594545868420825,0.34205643224218124,25,27,2.0,29.0,0.8105134474327629,0.0,0.2404,444,2469,0.1,0.15,45
40,20,true,,0.09407997226974776,0.5965603203500144,0.5051433783541024,34,37,3.0,39.0,0.7958429561200924,0.0,0.1656,444,2469,0.1,0.15,45
20,10,false,,0.10007345192808313,0.16270980879969435,0.0737531394445633,10,10,1.0,19.0,0.6390875042560435,0.0,0.3204,445,2470,0.1,0.15,45
30,15,true,,0.1005128014682704,0.18575545728137752,0.09440109337209315,20,26,4.0,29.0,0.7461928934010152,0.0,0.299,445,2470,0.1,0.15,45
20,10,false,,0.12292359057526049,0.11690757240416311,-0.009057566898901248,11,12,1.0,18.0,0.47115384615384615,0.0,0.3212,446,2471,0.1,0.15,45
30,15,false,,0.10137666799626233,0.20925354634190765,0.122855704469268,24,26,2.0,29.0,0.661741835147745,0.0,0.2436,446,2471,0.1,0.15,45
40,20,false,,0.10440958572155871,0.0813829358629571,-0.02543091693833155,12,4,2.0,37.0,0.4090267983074753,0.0,0.1644,446,2471,0.1,0.15,45
50,25,false,,0.10756978309691667,0.08326965749955037,-0.03891865280490583,21,4,1.0,47.0,0.3606811145510836,0.15737874097007223,0.1128,446,2471,0.1,0.15,45
60,30,false,,0.5570562560424513,0.07389935016474679,-0.4872102509846985,2,1,1.0,7.0,0.0013869625520110957,0.0,0.0432,446,2471,0.1,0.15,45
20,10,false,,0.10740188616270809,0.20926296102585262,0.11409519313771044,13,17,1.0,19.0,0.6885628542847616,0.0,0.29,447,2472,0.1,0.15,45
30,15,false,,0.10582234236152159,0.11808809017817042,0.019393071910712545,17,26,1.0,29.0,0.5683018867924529,0.0,0.2748,447,2472,0.1,0.15,45
40,20,false,,0.3570626989482309,0.0916882889724048,-0.2685074439736391,5,2,1.0,38.0,0.28459869848156183,0.0,0.231,447,2472,0.1,0.15,45
50,25,false,,0.11558161340731772,0.20436463644788916,0.09681794585300621,39,47,16.0,49.0,0.6773388773388773,0.36632016632016634,0.2564,447,2472,0.1,0.15,45
60,30,false,,0.11961747571779006,0.13010242642716427,0.025113917554775753,24,5,2.0,58.0,0.5698484227775502,0.0991396968455551,0.2584,447,2472,0.1,0.15,45
20,10,true,,0.1167370947083265,0.25204315369932023,0.14666335698818747,14,16,2.0,19.0,0.7075743048897412,0.0,0.2968,448,2473,0.1,0.15,45
20,10,false,,0.10542228396445255,0.165413457826659,0.06985201699469563,13,16,1.0,19.0,0.649931693989071,0.0,0.3,449,2474,0.1,0.15,45
30,15,false,,0.11467775160742769,0.1472826483394879,0.045371724707111094,18,25,3.0,28.0,0.6164908916586769,0.0,0.2986,449,2474,0.1,0.15,45
40,20,false,,0.1261546054524224,0.1154804059586572,-0.014720577460419222,26,34,1.0,39.0,0.4513836948391922,0.0,0.2558,449,2474,0.1,0.15,45
50,25,true,,0.11900923261349518,0.47282470786302555,0.3535892862817886,42,46,15.0,49.0,0.7607338017174082,0.45784543325526933,0.2406,449,2474,0.1,0.15,45
20,10,false,,0.13670233020072695,0.09814689104298165,-0.05206951013943294,8,1,1.0,19.0,0.40232722143864597,0.0,0.2594,450,2475,0.1,0.15,45
30,15,false,,0.12762196634022915,0.09879840531994184,-0.03636766944847663,11,2,1.0,28.0,0.39276190476190476,0.0,0.2834,450,2475,0.1,0.15,45
40,20,false,,0.12277042476646503,0.15373863665439053,0.05262679208384487,31,36,1.0,39.0,0.5735414954806902,0.0,0.2142,450,2475,0.1,0.15,45
50,25,false,,0.1214037096782183,0.14833138799394222,0.036234237054061466,41,46,2.0,49.0,0.584971098265896,0.4123314065510597,0.2486,450,2475,0.1,0.15,45
60,30,true,,0.11644693637454567,0.4659824331782014,0.3573629602306397,54,54,38.0,59.0,0.8706725029844807,0.14803024273776363,0.22,450,2475,0.1,0.15,45
20,10,false,,0.12164610620683902,0.29850693121972594,0.1941795695235996,14,16,2.0,19.0,0.6655917445985166,0.0,0.2918,451,2476,0.1,0.15,45
30,15,false,,0.11433704451679833,0.1396846774087873,0.036718341952524394,17,25,1.0,29.0,0.5831220572256429,0.0,0.2588,451,2476,0.1,0.15,45
40,20,false,,0.12595869723534406,0.11522016480069798,-0.016655373368996668,27,35,1.0,38.0,0.44669468857470385,0.0,0.2704,451,2476,0.1,0.15,45
50,25,false,,0.11431996678950879,0.18739429563915697,0.09790390429964338,40,44,3.0,49.0,0.6968641114982579,0.3975996902826171,0.2576,451,2476,0.1,0.15,45
60,30,true,,0.11509958371429758,0.39842023729428766,0.2798543543130657,54,56,36.0,59.0,0.8358513679052675,0.12004899959167006,0.1944,451,2476,0.1,0.15,45
20,10,false,,0.13909563412901096,0.1345666570070852,0.00826249339042831,10,1,1.0,19.0,0.5084441250449155,0.0,0.261,452,2477,0.1,0.15,45
30,15,false,,0.11262491957865625,0.4608688445244825,0.3534016935963984,24,26,1.0,29.0,0.6921904761904762,0.0,0.27,452,2477,0.1,0.15,45
40,20,false,,0.11569959797052141,0.12957871555716519,0.017486865372757385,23,24,2.0,38.0,0.5619565217391305,0.0,0.281,452,2477,0.1,0.15,45
50,25,false,,0.13434388306273412,0.13958822779360464,0.023601616489657487,18,3,1.0,48.0,0.530970003895598,0.2847682119205298,0.2446,452,2477,0.1,0.15,45
60,30,false,,0.12149402204927648,0.2087662695262204,0.09141105372955263,51,54,17.0,59.0,0.6951892744479495,0.16206624605678233,0.1754,452,2477,0.1,0.15,45
20,10,false,,0.1199062618059242,0.22558918468672912,0.11638402259456265,13,16,2.0,19.0,0.6965560037232392,0.0,0.3332,453,2478,0.1,0.15,45
30,15,false,,0.12132497003328513,0.2121584948517572,0.10090672182776075,24,27,8.0,29.0,0.6935914552736983,0.0,0.275,453,2478,0.1,0.15,45
40,20,false,,0.11954761475819214,0.17753771690111328,0.07479338137115513,31,36,2.0,39.0,0.6299852289512555,0.0,0.2646,453,2478,0.1,0.15,45
50,25,false,,0.1345988889621677,0.11457237554778889,-0.026037818043849387,10,3,1.0,48.0,0.4245025360905189,0.14202106905969566,0.252,453,2478,0.1,0.15,45
60,30,false,,0.12602870274483208,0.12725799554644351,0.005914090993774074,39,57,1.0,58.0,0.5207835642618251,0.12326803631151458,0.1612,453,2478,0.1,0.15,45
20,10,false,,0.07616786179292567,0.4379482864865967,0.3493695013113561,15,16,4.0,19.0,0.8612546125461255,0.0,0.2848,454,2479,0.1,0.15,45
30,15,false,,0.14158140989936221,0.09925895859381852,-0.05872548515325353,7,1,1.0,28.0,0.4029067420266451,0.0,0.2558,454,2479,0.1,0.15,45
40,20,false,,0.127174403823715,0.13730501861176383,0.030945321627952813,12,4,1.0,39.0,0.5580155801558015,0.0,0.2686,454,2479,0.1,0.15,45
50,25,false,,0.10798623555475789,0.17466261334924973,0.0759837408533682,37,34,5.0,49.0,0.6477126977340744,0.32791791363830697,0.2302,454,2479,0.1,0.15,45
60,30,false,,0.11820323245867996,0.17263996334327783,0.07310478838874729,48,58,3.0,59.0,0.6573670444638187,0.10897994768962511,0.237,454,2479,0.1,0.15,45
20,10,false,,0.17197834405907841,0.08710761086798341,-0.08568344422769208,5,1,1.0,19.0,0.3333333333333333,0.0,0.2366,455,2480,0.1,0.15,45
30,15,false,,0.11084149263195048,0.6195274562976704,0.5028501226901393,25,27,7.0,29.0,0.929938605994944,0.0,0.2794,455,2480,0.1,0.15,45
40,20,false,,0.6291739313153614,0.10611347484556366,-0.5295576474753816,3,2,1.0,30.75,0.12784212784212784,0.0,0.1754,455,2480,0.1,0.15,45
50,25,false,,0.12938301871923097,0.11753076045782672,-0.013617042659783016,13,3,1.0,47.0,0.44402704733283244,0.06536438767843726,0.2322,455,2480,0.1,0.15,45
60,30,false,,0.12258013594055121,0.13353682929563818,0.031229410543029038,29,3,1.0,59.0,0.5987184621545855,0.06287545054064878,0.186,455,2480,0.1,0.15,45
20,10,false,,0.10440272549637225,0.3661390408553638,0.26222633060774575,15,16,2.0,19.0,0.7943238731218698,0.0,0.3056,456,2481,0.1,0.15,45
30,15,false,,0.11687642178702631,0.1313219233689623,0.016787695349902446,15,25,1.0,29.0,0.5543665861235761,0.0,0.267,456,2481,0.1,0.15,45
40,20,false,,0.137187200757503,0.11110565373548083,-0.026286124945140876,10,9,1.0,34.0,0.38103821196827686,0.0,0.278,456,2481,0.1,0.15,45
50,25,false,,0.12981835829900407,0.11543955658822935,-0.017972876234012357,12,4,1.0,47.0,0.4325273010920437,0.10452418096723869,0.245,456,2481,0.1,0.15,45
60,30,false,,0.14292964884804302,0.11124810925463548,-0.037975363597535394,11,2,1.0,31.0,0.34257343814646257,0.0,0.2352,456,2481,0.1,0.15,45
20,10,true,,0.09201879524515402,0.19829026309546377,0.12003077840186308,12,17,1.0,19.0,0.7001389854065323,0.0,0.3132,457,2482,0.1,0.15,45
20,10,false,,0.13366539890828122,0.14230208075889517,0.010396387857885991,11,16,1.0,19.0,0.530953885028427,0.0,0.3054,458,2483,0.1,0.15,45
30,15,false,,0.2541156172299822,0.09186099854685251,-0.19051434773230053,5,2,1.0,29.0,0.3411469233989117,0.0,0.2,458,2483,0.1,0.15,45
40,20,false,,0.1008342559047884,0.12895030564160323,0.04335557634183789,29,34,3.0,39.0,0.5866020273248127,0.0,0.1962,458,2483,0.1,0.15,45
50,25,false,,0.159499232851072,0.09648249254080765,-0.07591662972796343,9,3,1.0,32.0,0.24638280281107897,0.0,0.244,458,2483,0.1,0.15,45
60,30,true,,0.12138989002460368,0.2988496520227675,0.17775010141412773,50,55,1.0,59.0,0.7503090234857849,0.0931190770498558,0.2524,458,2483,0.1,0.15,45
20,10,false,,0.09702331572562344,0.13711803715151386,0.04947748104797059,12,17,2.0,19.0,0.6352390504847877,0.0,0.3044,459,2484,0.1,0.15,45
30,15,false,,0.1313723128304419,0.13695641318126003,0.016364830641989583,13,1,1.0,29.0,0.5240963855421686,0.0,0.2382,459,2484,0.1,0.15,45
40,20,false,,0.12152527258724331,0.10840834097345085,-0.01345072535266989,16,1,1.0,38.0,0.46059889676910953,0.0,0.2538,459,2484,0.1,0.15,45
50,25,false,,0.11570784634292063,0.14665217286853385,0.03837154077200944,38,46,3.0,49.0,0.6155355041192625,0.3723028638681836,0.2582,459,2484,0.1,0.15,45
60,30,false,,0.15339825875962868,0.12508553774360712,-0.013297416831493297,12,1,1.0,59.0,0.4606696248487293,0.02379991932230738,0.2048,459,2484,0.1,0.15,45
20,10,false,,0.11263283784784145,0.2544432488734648,0.15206607991166987,15,16,1.0,19.0,0.6775716694772344,0.0,0.2628,460,2485,0.1,0.15,45
30,15,false,,0.14081367032624176,0.10287998751107368,-0.07418541939917792,10,1,1.0,29.0,0.3666003976143141,0.0,0.2338,460,2485,0.1,0.15,45
40,20,false,,0.11939809729204906,0.17770320844236667,0.08785363472455704,25,38,2.0,39.0,0.6507508663842896,0.0,0.2634,460,2485,0.1,0.15,45
50,25,false,,0.3855667813838796,0.10585689038920118,-0.27720620570458265,4,1,1.0,20.0,0.19974662162162163,0.0,0.1948,460,2485,0.1,0.15,45
60,30,false,,0.4356744396078338,0.10739012753185896,-0.340376324457363,4,2,1.0,12.0,0.14008518693800284,0.0,0.1314,460,2485,0.1,0.15,45
20,10,false,,0.16166940947285588,0.10338407346391149,-0.0674100206801034,7,2,1.0,19.0,0.35898340981291915,0.0,0.2356,461,2486,0.1,0.15,45
30,15,false,,0.11609487173020189,0.3150301477935503,0.19913820240417662,25,26,2.0,29.0,0.6769928220627125,0.0,0.2686,461,2486,0.1,0.15,45
40,20,true,,0.11317687209129214,0.19676240392727018,0.10169734696015273,29,34,2.0,38.0,0.7274047186932849,0.0,0.275,461,2486,0.1,0.15,45
20,10,false,,0.0921654520308044,0.1117117913638249,0.023124168934176986,9,4,1.0,19.0,0.5625708884688091,0.0,0.2782,462,2487,0.1,0.15,45
30,15,false,,0.0962745977968976,0.5612939210846024,0.4587754547771731,25,25,4.0,29.0,0.8808853118712273,0.0,0.2436,462,2487,0.1,0.15,45
40,20,false,,0.1602148476769707,0.09363647296058629,-0.07994261238470386,7,1,1.0,30.0,0.3072742474916388,0.0,0.241,462,2487,0.1,0.15,45
50,25,false,,0.12602352020215213,0.11031244877049348,-0.017868133880443046,14,10,2.0,45.0,0.44136546184738956,0.058634538152610445,0.2434,462,2487,0.1,0.15,45
60,30,false,,0.11883484599794644,0.1448937581479841,0.035878115483798434,41,52,11.0,58.0,0.6006252442360297,0.14536928487690504,0.2386,462,2487,0.1,0.15,45
20,10,false,,0.20882405409317567,0.1658730858350511,-0.017748493064393148,8,2,1.0,19.0,0.49687191307211065,0.0,0.2656,463,2488,0.1,0.15,45
30,15,false,,0.12290475651540664,0.5979233999292821,0.47699353946674933,26,26,16.0,29.0,0.8871609403254973,0.0,0.2424,463,2488,0.1,0.15,45
40,20,false,,0.12336246910956952,0.10410144239964428,-0.021809891827217195,27,33,5.0,38.0,0.4358511022768341,0.0,0.2648,463,2488,0.1,0.15,45
50,25,true,,0.11830288022959763,0.27014593457203295,0.15048581136606018,42,44,19.0,49.0,0.7261268143621085,0.4789915966386555,0.2636,463,2488,0.1,0.15,45
20,10,false,,0.1302739429509316,0.19414636812508057,0.08436210348859313,15,16,2.0,19.0,0.6188966391883323,0.0,0.294,464,2489,0.1,0.15,45
30,15,false,,0.12195639534954375,0.1677464337051384,0.08930058226042817,22,26,1.0,29.0,0.6158868335146899,0.0,0.2642,464,2489,0.1,0.15,45
40,20,false,,0.18134641977552945,0.14648792443634806,-0.0025714088018611303,8,3,1.0,39.0,0.4983883964544722,0.0,0.2272,464,2489,0.1,0.15,45
50,25,false,,0.15921332024458196,0.11062475392955351,-0.06878807854486305,10,4,1.0,44.0,0.2838638045891932,0.02997779422649889,0.2356,464,2489,0.1,0.15,45
60,30,false,,0.12632031503885555,0.1860944662124052,0.0678897570801261,50,55,2.0,59.0,0.6324067300658376,0.11375274323335771,0.1954,464,2489,0.1,0.15,45
20,10,false,,0.09205789951255793,0.19041516738475242,0.10830126937358048,13,1,1.0,19.0,0.6324959481361426,0.0,0.224,465,2490,0.1,0.15,45
30,15,true,,0.10059833784311037,0.3457690319683112,0.260783346346356,23,26,5.0,29.0,0.8333333333333334,0.0,0.2914,465,2490,0.1,0.15,45
20,10,false,,0.11079321403948206,0.162622418149826,0.054942420225553776,11,16,1.0,19.0,0.6242947228675738,0.0,0.307,466,2491,0.1,0.15,45
30,15,true,,0.10391932094485885,0.33667314003035265,0.23403495254872658,22,26,4.0,29.0,0.8320228734810579,0.0,0.2918,466,2491,0.1,0.15,45
20,10,true,,0.08384808681467099,0.3391454648573921,0.25510926058084804,13,15,1.0,19.0,0.7676030645749726,0.0,0.2578,467,2492,0.1,0.15,45
20,10,true,,0.1207144555976235,0.2631039535817583,0.17006890926672838,14,16,2.0,19.0,0.7039453246349798,0.0,0.32,468,2493,0.1,0.15,45
20,10,false,,0.14807888904967428,0.12855385463996338,-0.04298827359773141,9,1,1.0,19.0,0.4263124604680582,0.0,0.2828,469,2494,0.1,0.15,45
30,15,false,,0.12531032632326045,0.10049257084893193,-0.03450124774966165,18,27,2.0,29.0,0.42998533724340177,0.0,0.252,469,2494,0.1,0.15,45
40,20,false,,0.12185959941272063,0.1880778510444393,0.09107561724112995,32,35,1.0,39.0,0.599250936329588,0.0,0.2348,469,2494,0.1,0.15,45
50,25,false,,0.16529148416352757,0.12489755862351179,-0.04272972333627749,7,2,1.0,49.0,0.4568676716917923,0.26591289782244554,0.2204,469,2494,0.1,0.15,45
60,30,false,,0.12015233727198119,0.0994155619827541,-0.03189734705548647,43,42,4.0,58.0,0.36883116883116884,0.2727272727272727,0.0848,469,2494,0.1,0.15,45
20,10,false,,0.22843423194873358,0.08689735436309938,-0.14357466947479267,6,3,1.0,17.0,0.20474406991260924,0.0,0.2948,470,2495,0.1,0.15,45
30,15,false,,0.14281596451216177,0.11029377044851586,-0.0453716212074812,13,3,1.0,29.0,0.41887062187276625,0.0,0.2508,470,2495,0.1,0.15,45
40,20,false,,0.18200454743532152,0.10620947938639574,-0.09080469957679714,7,2,1.0,31.0,0.22299779573842762,0.0,0.2514,470,2495,0.1,0.15,45
50,25,false,,0.13372810078644687,0.13971607710430595,0.0185807624142052,16,46,1.0,48.0,0.5492170022371364,0.2941834451901566,0.2382,470,2495,0.1,0.15,45
60,30,false,,0.26384028313035973,0.12178621773128025,-0.152241732020666,4,1,1.0,20.375,0.22080433101314773,0.0,0.163,470,2495,0.1,0.15,45
20,10,true,,0.09111964694825123,0.27601048760428715,0.19395135661699972,13,15,1.0,19.0,0.8153200419727177,0.0,0.2948,471,2496,0.1,0.15,45
20,10,false,,0.19587728446464772,0.10146720032654016,-0.1166168732384722,8,9,1.0,18.0,0.26548165137614677,0.0,0.3146,472,2497,0.1,0.15,45
30,15,false,,0.13862060605163312,0.14119306077838442,0.012311882785568079,18,26,1.0,29.0,0.5280226700251889,0.0,0.3,472,2497,0.1,0.15,45
40,20,false,,0.12580463480500004,0.19102200423414503,0.08781147606375422,31,35,3.0,39.0,0.6584022038567493,0.0,0.2574,472,2497,0.1,0.15,45
50,25,false,,0.3377259638573271,0.1004065275516049,-0.24024016747306146,5,2,1.0,25.0,0.13125739061884115,0.0,0.2006,472,2497,0.1,0.15,45
60,30,false,,0.18476033184249993,0.10193942187874216,-0.08740762460453681,11,3,1.0,53.0,0.21817437576749898,0.06426524764633647,0.1844,472,2497,0.1,0.15,45
20,10,true,,0.08532543615848796,0.25934766001881726,0.1691117109483613,14,16,1.0,19.0,0.7122192615150361,0.0,0.278,473,2498,0.1,0.15,45
20,10,false,,0.06688659698400913,0.1193948897041948,0.06402665796787044,12,16,1.0,19.0,0.6549957301451751,0.0,0.1938,474,2499,0.1,0.15,45
30,15,false,,0.31327093220938484,0.05269599181230506,-0.26548921442348966,2,1,1.0,20.0,0.15935483870967743,0.0,0.062,474,2499,0.1,0.15,45
40,20,false,,0.7709283050184289,0.05320328123981431,-0.7093926870104544,1,1,1.0,4.0,0.0,0.0,0.0274,474,2499,0.1,0.15,45
50,25,false,,0.5060229677247228,0.060775415209492506,-0.45752179749999716,2,2,1.0,6.0,0.0,0.0,0.0298,474,2499,0.1,0.15,45
60,30,true,,0.06332159148921514,0.11678713074751472,0.06201948192565877,46,44,40.0,56.0,0.8848660391020999,0.666183924692252,0.0182,474,2499,0.1,0.15,45
20,10,false,,0.08830024805276372,0.1938159764123099,0.10840702495143363,14,16,1.0,19.0,0.6528458349038824,0.0,0.2594,475,2500,0.1,0.15,45
30,15,true,,0.09906749097990013,0.1773205266626196,0.08130940941470541,19,26,2.0,29.0,0.7233644859813084,0.0,0.2978,475,2500,0.1,0.15,45
20,10,false,,0.11760672361323378,0.1517585115282334,0.0555581665347594,12,15,1.0,19.0,0.6023936170212766,0.0,0.3044,476,2501,0.1,0.15,45
30,15,true,,0.11387955584653522,0.2639968682859116,0.14876574524018654,23,26,2.0,29.0,0.75,0.0,0.29,476,2501,0.1,0.15,45
20,10,false,,0.07341157995116891,0.470578402489325,0.4083049874245705,16,16,3.0,19.0,0.8064006321612011,0.0,0.2442,477,2502,0.1,0.15,45
30,15,true,,0.10243266293966957,0.2783688888670475,0.19346164537841457,23,27,1.0,29.0,0.7185579680458828,0.0,0.2616,477,2502,0.1,0.15,45
20,10,false,,0.14360048068137427,0.18015558769975654,0.055455937069043726,11,1,1.0,19.0,0.5659432387312187,0.0,0.2388,478,2503,0.1,0.15,45
30,15,false,,0.13582086054088793,0.12114456949620485,-0.02323887254564304,13,2,1.0,29.0,0.43929286190793865,0.0,0.2854,478,2503,0.1,0.15,45
40,20,false,,0.12476636080992265,0.12049161177659522,-0.010475491614900148,17,10,1.0,38.0,0.45846588900671614,0.0,0.2598,478,2503,0.1,0.15,45
50,25,true,,0.1141304019100553,0.49445065301073,0.3763505351701049,44,46,25.0,49.0,0.8581217251108424,0.6025796049979847,0.2306,478,2503,0.1,0.15,45
20,10,true,,0.06874492405474263,0.38358851796491245,0.3072474354855132,14,16,4.0,19.0,0.8896204492641363,0.0,0.2854,479,2504,0.1,0.15,45
20,10,false,,0.10645644453163618,0.11436279007371715,0.015628354966899724,9,8,1.0,19.0,0.5349471530855779,0.0,0.2992,480,2505,0.1,0.15,45
30,15,false,,0.1093767056109568,0.1661183902893203,0.06708298906407824,17,28,1.0,29.0,0.6181818181818182,0.0,0.263,480,2505,0.1,0.15,45
40,20,false,,0.4782789683680348,0.09852372824509553,-0.39672019165334427,4,1,1.0,37.0,0.24774405250205087,0.0,0.237,480,2505,0.1,0.15,45
50,25,true,,0.11235973001956824,0.36597863818962106,0.2544070805150243,43,45,29.0,49.0,0.8245335450575625,0.5609368797141723,0.2652,480,2505,0.1,0.15,45
20,10,false,,0.19900250741280776,0.09749867393926999,-0.10443476192953141,4,1,1.0,19.0,0.3190704537071191,0.0,0.2148,481,2506,0.1,0.15,45
30,15,true,,0.10656311878428186,0.3430517104442312,0.23139547747548123,22,27,2.0,29.0,0.7993480622962694,0.0,0.281,481,2506,0.1,0.15,45
20,10,false,,0.06435366846659077,0.7083108991115239,0.6427075143076872,16,17,2.0,19.0,0.888937664618086,0.0,0.216,482,2507,0.1,0.15,45
30,15,true,,0.09518378878206848,0.3215267022967169,0.23549325330524923,23,25,2.0,29.0,0.7926879933527212,0.0,0.274,482,2507,0.1,0.15,45
20,10,false,,0.07948102031389769,0.2549265810853253,0.17392127580381897,14,16,1.0,19.0,0.6673847479534684,0.0,0.2012,483,2508,0.1,0.15,45
30,15,true,,0.09625967016696252,0.212822765861197,0.12290486516180744,22,26,2.0,29.0,0.7390956382553021,0.0,0.2814,483,2508,0.1,0.15,45
20,10,false,,0.09929929074052954,0.12044827401783152,0.027555792340011556,10,15,1.0,19.0,0.5769622833843018,0.0,0.3074,484,2509,0.1,0.15,45
30,15,true,,0.10358689513526541,0.38849147876900003,0.2795801230408766,23,27,6.0,29.0,0.7891056312108944,0.0,0.2892,484,2509,0.1,0.15,45
20,10,false,,0.14697896378815523,0.662704862031717,0.5138499357918658,16,17,1.0,19.0,0.7231348391512663,0.0,0.264,485,2510,0.1,0.15,45
30,15,false,,0.16428937164990848,0.12739010955529134,-0.057993984571940105,10,1,1.0,27.0,0.3641655886157827,0.0,0.2746,485,2510,0.1,0.15,45
40,20,false,,0.16719868212903694,0.11357086650979127,-0.07512959223201293,9,2,1.0,38.0,0.287292817679558,0.0,0.2392,485,2510,0.1,0.15,45
50,25,false,,0.12217472218595851,0.551449472505676,0.43013087909064285,45,45,19.0,49.0,0.8139443791617704,0.600078339208774,0.2278,485,2510,0.1,0.15,45
60,30,false,,0.12185857851785963,0.4303449714755139,0.3055316195181233,55,55,40.0,59.0,0.8275170477336542,0.13156839149618932,0.2004,485,2510,0.1,0.15,45
20,10,false,,0.13057590076702444,0.2843464068659673,0.16024323657718678,15,16,2.0,19.0,0.6898254856766546,0.0,0.2902,486,2511,0.1,0.15,45
30,15,false,,0.13477391934977334,0.12392503621721639,-0.02233669402601804,16,26,2.0,29.0,0.4636689475399153,0.0,0.2724,486,2511,0.1,0.15,45
40,20,false,,0.11625545843738669,0.6361062695766895,0.5107241073254889,36,36,27.0,39.0,0.9703703703703703,0.0,0.239,486,2511,0.1,0.15,45
50,25,false,,0.12905932602521053,0.12432649654541646,-0.013779994461370598,36,45,1.0,49.0,0.4587360594795539,0.2762081784386617,0.2284,486,2511,0.1,0.15,45
60,30,false,,0.12437239081247717,0.2039071363122012,0.08488436372704507,53,56,31.0,59.0,0.6783352781019059,0.14080124465188643,0.1748,486,2511,0.1,0.15,45
20,10,false,,0.12454661517843255,0.11721914260794795,0.0031075624778214433,10,4,1.0,19.0,0.5063815108658158,0.0,0.279,487,2512,0.1,0.15,45
30,15,true,,0.08601408121381698,0.18539979379153385,0.09930255530495695,24,25,9.0,29.0,0.7122153209109731,0.0,0.2096,487,2512,0.1,0.15,45
20,10,false,,0.09957772341841496,0.31065098941924585,0.2171829449232589,15,17,2.0,19.0,0.7440807799442897,0.0,0.299,488,2513,0.1,0.15,45
30,15,true,,0.09691176656175204,0.3091704141753372,0.21063149388404379,24,26,7.850000000000001,29.0,0.8067594433399602,0.0,0.2856,488,2513,0.1,0.15,45
20,10,false,,0.16052362745362103,0.17872735575718765,0.07128231949935196,12,16,1.0,19.0,0.5631313131313131,0.0,0.3118,489,2514,0.1,0.15,45
30,15,false,,0.28169293221405534,0.08055035286956964,-0.21055481285137057,6,2,1.0,28.0,0.15009671179883946,0.0,0.2132,489,2514,0.1,0.15,45
40,20,false,,0.1777946897299466,0.10180993649942162,-0.0832077168955071,8,2,1.0,38.0,0.25718551698394926,0.0,0.2384,489,2514,0.1,0.15,45
50,25,false,,0.1466052481569758,0.13950884587737689,-0.0056790690769232405,38,3,1.0,49.0,0.4989665150888797,0.33112856552294334,0.237,489,2514,0.1,0.15,45
60,30,true,,0.11997494363141434,0.23422092175550435,0.12283978755981813,50,53,34.0,59.0,0.7590683466972127,0.2565864833906071,0.2468,489,2514,0.1,0.15,45
20,10,false,,0.1869251411268897,0.12362197476193898,-0.08467403104830662,5,1,1.0,18.0,0.40163654960791,0.0,0.2772,490,2515,0.1,0.15,45
30,15,false,,0.13755016176241633,0.10719489450966464,-0.04892595657653111,11,4,1.0,29.0,0.3991611324711639,0.0,0.262,490,2515,0.1,0.15,45
40,20,false,,0.17233679862367424,0.09865414256620211,-0.0800187801084868,7,4,1.0,36.0,0.2738187451587916,0.0,0.25,490,2515,0.1,0.15,45
50,25,false,,0.13021904884038277,0.10024773020662947,-0.03803633916410762,15,2,1.0,42.0,0.3506825938566553,0.024744027303754267,0.2106,490,2515,0.1,0.15,45
60,30,false,,0.12018176584118302,0.17376197326874496,0.05863734624101257,46,49,3.0,57.0,0.6669218989280244,0.23124042879019907,0.26,490,2515,0.1,0.15,45
20,10,false,,0.12306103237922075,0.18841067158421662,0.08933893780645208,13,17,1.0,19.0,0.6746532156368222,0.0,0.3122,491,2516,0.1,0.15,45
30,15,false,,0.12527520315481794,0.1701300334331558,0.05278940197485177,23,26,4.0,29.0,0.6274818783485661,0.0,0.292,491,2516,0.1,0.15,45
40,20,false,,0.14486010038583635,0.11691892138521215,-0.03943165062135491,9,2,1.0,35.0,0.3734567901234568,0.0,0.272,491,2516,0.1,0.15,45
50,25,false,,0.16266918034833708,0.11733572081695341,-0.05436701240025643,9,2,1.0,48.0,0.3359259259259259,0.07925925925925927,0.2308,491,2516,0.1,0.15,45
60,30,false,,0.12075988007143508,0.6641800096514944,0.5418371062819961,55,56,23.0,59.0,0.9488428745432399,0.09175801867641088,0.1974,491,2516,0.1,0.15,45
20,10,false,,0.11529362074431172,0.11660911399172481,0.0029886548668227597,10,1,1.0,19.0,0.5048275862068966,0.0,0.2836,492,2517,0.1,0.15,45
30,15,false,,0.26292728104175433,0.08337566352302732,-0.18884349297380343,4,2,1.0,27.0,0.27450980392156865,0.0,0.2046,492,2517,0.1,0.15,45
40,20,false,,0.1397891606397161,0.0984378287249354,-0.05334616742220462,12,2,1.0,37.0,0.3436988543371522,0.0,0.2668,492,2517,0.1,0.15,45
50,25,true,,0.11254604131521696,0.32503938318732273,0.20986677866942566,44,47,27.0,49.0,0.8247126436781609,0.583743842364532,0.2698,492,2517,0.1,0.15,45
20,10,false,,0.15269665290787862,0.1385394601006094,-0.019794368433430076,11,13,2.0,19.0,0.44077613669273097,0.0,0.3414,493,2518,0.1,0.15,45
30,15,false,,0.13915516690186508,0.13029862714531304,-0.0168887035058084,15,2,1.0,29.0,0.4638024357239513,0.0,0.2598,493,2518,0.1,0.15,45
40,20,false,,0.25467468003795196,0.10562524095748275,-0.16071777313205543,6,3,1.0,34.0,0.13784277879341864,0.0,0.2236,493,2518,0.1,0.15,45
50,25,false,,0.14049221140828796,0.09601092787762426,-0.058105132747271485,20,11,2.0,48.0,0.235316997277324,0.11279657720731233,0.2074,493,2518,0.1,0.15,45
60,30,false,,0.1839163587754716,0.10817897659276013,-0.07829033468787472,8,4,1.0,28.0,0.20954598370197905,0.0,0.2172,493,2518,0.1,0.15,45
20,10,false,,0.13825701290923598,0.2089008576078948,0.0979910288863828,14,1,1.0,19.0,0.5687801260659993,0.0,0.246,494,2519,0.1,0.15,45
30,15,false,,0.13598767794505023,0.09730053636664608,-0.06336050841182055,11,2,1.0,29.0,0.4023034154090548,0.0,0.2398,494,2519,0.1,0.15,45
40,20,false,,0.11637244928887283,0.1380507860401171,0.04191603644896653,24,35,2.0,38.0,0.5916730328495035,0.0,0.2772,494,2519,0.1,0.15,45
50,25,false,,0.11045293925885655,0.1726715594688335,0.07456333156354092,38,45,3.0,49.0,0.6616541353383458,0.39223057644110276,0.2494,494,2519,0.1,0.15,45
60,30,false,,0.11960705110866324,0.20973223459022022,0.09406888803605634,48,52,3.0,59.0,0.686685104701699,0.19755037534571315,0.2196,494,2519,0.1,0.15,45
20,10,false,,0.11651563364616238,0.1982274348430677,0.09550564899566688,11,16,1.0,19.0,0.6619337390128465,0.0,0.3084,495,2520,0.1,0.15,45
30,15,false,,0.13861567589064475,0.12174758629065384,-0.02478207920125097,13,1,1.0,28.0,0.418049104180491,0.0,0.2816,495,2520,0.1,0.15,45
40,20,false,,0.11416537109179617,0.6892189355030731,0.5723283528263879,36,36,27.0,39.0,0.9642573471008737,0.0,0.2444,495,2520,0.1,0.15,45
50,25,false,,0.17393290207966708,0.10258584732029458,-0.07586055928582541,9,3,1.0,27.0,0.2586477987421384,0.0,0.2408,495,2520,0.1,0.15,45
60,30,true,,0.11522203616358331,0.6185665681443888,0.4972340347594205,54,55,41.0,59.0,0.9532139951179821,0.14768104149715217,0.2332,495,2520,0.1,0.15,45
20,10,false,,0.09616773227209958,0.4939826077029504,0.3949537225248036,15,16,1.0,19.0,0.7796914244707571,0.0,0.2866,496,2521,0.1,0.15,45
30,15,false,,0.10878264036773792,0.28344070295374235,0.18573742877243238,25,27,5.0,29.0,0.7984496124031008,0.0,0.2804,496,2521,0.1,0.15,45
40,20,false,,0.12139305014040783,0.1498203712312465,0.06584569637511083,16,2,1.0,39.0,0.6299392097264438,0.0,0.2644,496,2521,0.1,0.15,45
50,25,false,,0.13015718675501195,0.11046305678159687,-0.02857103134575391,18,3,1.25,47.0,0.34894091415830547,0.1055369751021925,0.2384,496,2521,0.1,0.15,45
60,30,false,,0.12180927665845538,0.20682602366591535,0.08179024708195079,53,56,28.0,59.0,0.6330239752513535,0.09822119102861562,0.202,496,2521,0.1,0.15,45
20,10,false,,0.11871268975221644,0.27080686344490906,0.16586860821797234,15,16,1.0,19.0,0.6876866910056422,0.0,0.302,497,2522,0.1,0.15,45
30,15,true,,0.1037922827574125,0.2611506343703623,0.1708700956170336,23,27,3.0,29.0,0.7454813721873847,0.0,0.2778,497,2522,0.1,0.15,45
20,10,false,,0.1647081084074152,0.13229194936864128,-0.04442927022671539,8,5,1.0,18.0,0.389326334208224,0.0,0.3164,498,2523,0.1,0.15,45
30,15,false,,0.14123682702333407,0.1266537764242396,-0.011991683733100833,17,28,2.0,29.0,0.45466711274673804,0.0,0.277,498,2523,0.1,0.15,45
40,20,false,,0.12682621848408557,0.14732744131256123,0.03252162452152768,26,36,3.0,39.0,0.5908625980225025,0.0,0.248,498,2523,0.1,0.15,45
50,25,false,,0.11612197147975585,0.7645491637487039,0.6464550149857244,46,46,40.0,49.0,1.0,0.860608552631579,0.207,498,2523,0.1,0.15,45
60,30,false,,0.11948950611801272,0.25105855523889237,0.13653323103185697,54,56,21.0,59.0,0.6770334928229665,0.09330143540669857,0.216,498,2523,0.1,0.15,45
20,10,true,,0.048063842561120236,0.22292260547081685,0.18345943340879203,14,16,2.0,19.0,0.7795454545454545,0.0,0.171,499,2524,0.1,0.15,45
20,10,false,,0.10036559317279635,0.5091895504498448,0.4052248401668637,15,16,3.0,19.0,0.8996575342465754,0.0,0.3008,500,2525,0.1,0.15,45
30,15,false,,0.10725805847866766,0.19846381691487625,0.09914984880234967,23,27,2.0,29.0,0.6970909090909091,0.0,0.2726,500,2525,0.1,0.15,45
40,20,false,,0.11383766194777961,0.14807134258981813,0.0489825599105652,20,32,2.0,38.0,0.6836118023462495,0.0,0.2634,500,2525,0.1,0.15,45
50,25,false,,0.1254556392718987,0.12380196549521168,0.005726660714447412,25,45,2.0,48.0,0.5235001910584639,0.20787160871226595,0.2466,500,2525,0.1,0.15,45
60,30,false,,0.1190867717762154,0.69168675035268,0.5721837774940908,56,57,44.0,59.0,1.0,0.04014900662251655,0.2202,500,2525,0.1,0.15,45
20,10,true,,0.13531657763350433,0.3264904035748764,0.22279499300233624,14,17,1.0,19.0,0.723383724670312,0.0,0.3052,501,2526,0.1,0.15,45
20,10,false,,0.16500274587666022,0.11079297504330213,-0.05058697869766146,9,4,1.0,19.0,0.4069431051108968,0.0,0.3014,502,2527,0.1,0.15,45
30,15,false,,0.12836960457095298,0.10316106580333405,-0.038191620780920796,13,2,1.0,29.0,0.42309167625623323,0.0,0.2326,502,2527,0.1,0.15,45
40,20,false,,0.10407755988334014,0.20684308823548642,0.10845228552343451,32,37,3.0,39.0,0.6905060644081974,0.0,0.2226,502,2527,0.1,0.15,45
50,25,false,,0.12552799948829607,0.13805520589401238,0.015527388630072275,37,45,2.0,48.0,0.5237717908082409,0.3094294770206022,0.256,502,2527,0.1,0.15,45
60,30,false,,0.13077451260877965,0.11484589549945452,-0.012790037701172458,18,4,2.0,53.0,0.4556809024979855,0.0862207896857373,0.2212,502,2527,0.1,0.15,45
20,10,false,,0.10384065497696901,0.49754847127101254,0.3989819247705771,16,16,4.0,19.0,0.863973063973064,0.0,0.2846,503,2528,0.1,0.15,45
30,15,false,,0.1199047654088038,0.10462038751320495,-0.026837644638218888,15,2,1.0,28.0,0.425886524822695,0.0,0.2696,503,2528,0.1,0.15,45
40,20,false,,0.14925506864076313,0.10782770735411269,-0.04976539641981023,8,1,1.0,34.0,0.3389441469013007,0.0,0.223,503,2528,0.1,0.15,45
50,25,false,,0.11488356805481788,0.22492063533094575,0.12323186584616043,41,47,12.0,49.0,0.6559597523219814,0.45007739938080493,0.2564,503,2528,0.1,0.15,45
60,30,false,,0.6239009200960699,0.11115288431702747,-0.5319237666880323,4,2,1.0,55.0,0.23281990521327015,0.02014218009478673,0.113,503,2528,0.1,0.15,45
20,10,false,,0.09389490864825412,0.7765889718108624,0.6734576620368576,16,17,4.0,19.0,0.914202263599854,0.0,0.2966,504,2529,0.1,0.15,45
30,15,false,,0.10699668651359277,0.13078819887275447,0.036621970009041355,12,6,2.0,28.0,0.6333808844507846,0.0,0.301,504,2529,0.1,0.15,45
40,20,false,,0.11813304381879919,0.11820412927470571,0.0017935027921498897,21,2,1.0,39.0,0.5070854078896975,0.0,0.2604,504,2529,0.1,0.15,45
50,25,true,,0.1151678211096725,0.7608974996222984,0.6402173110290388,44,45,34.0,49.0,0.9058000822706705,0.658165364047717,0.2442,504,2529,0.1,0.15,45
20,10,false,,0.08112457832528853,0.12167981593671236,0.038143007802658085,11,17,1.0,19.0,0.5826287471176018,0.0,0.241,505,2530,0.1,0.15,45
30,15,true,,0.09689818002522378,0.276379684094531,0.18817800830960665,22,26,4.0,29.0,0.7998531031950055,0.0,0.3032,505,2530,0.1,0.15,45
20,10,false,,0.15225975393199068,0.12252953729569101,-0.0377250186436099,7,1,1.0,18.0,0.3998752339363693,0.0,0.2892,506,2531,0.1,0.15,45
30,15,true,,0.11495113827849923,0.2772119609327516,0.1727064442473613,24,27,4.0,29.0,0.7631394533987386,0.0,0.2736,506,2531,0.1,0.15,45
20,10,true,,0.14068934894685534,0.30358162272213013,0.19126269054109685,13,15,2.0,19.0,0.8106435643564357,0.0,0.3064,507,2532,0.1,0.15,45
20,10,false,,0.0715402384537266,0.4482638039430625,0.3764057858470999,16,16,6.0,19.0,0.8552845528455284,0.0,0.2448,508,2533,0.1,0.15,45
30,15,false,,0.06323001388695047,0.39833692627701517,0.3234213502518361,26,25,15.0,29.0,0.9222520107238605,0.0,0.1198,508,2533,0.1,0.15,45
40,20,false,,0.19752414887791633,0.05720374906801527,-0.13981891012394793,3,1,1.0,8.0,0.10076923076923076,0.0,0.0426,508,2533,0.1,0.15,45
50,25,false,,0.0864295631498698,0.07494750815000444,-0.014917608572142381,8,3,1.0,28.0,0.3684879288437103,0.0,0.0492,508,2533,0.1,0.15,45
60,30,true,,0.0759126831799832,0.2067858806072573,0.1328673210805793,42,42,29.0,57.0,0.8407494145199064,0.3161592505854801,0.0168,508,2533,0.1,0.15,45
20,10,false,,0.13312571469463771,0.1239517222855428,-0.004567383448955686,9,2,1.0,19.0,0.4804814573845153,0.0,0.302,509,2534,0.1,0.15,45
30,15,true,,0.11375731983578133,0.22725175024184946,0.1308529513685429,23,27,2.0,29.0,0.7197363857093305,0.0,0.2724,509,2534,0.1,0.15,45
20,10,false,,0.11380584179751695,0.3876678671878205,0.28222768249267316,15,16,1.0,19.0,0.7378351539225422,0.0,0.2984,510,2535,0.1,0.15,45
30,15,false,,0.25563253553209075,0.12089379937960601,-0.1426054374100274,4,1,1.0,29.0,0.395703125,0.0,0.2304,510,2535,0.1,0.15,45
40,20,false,,0.12178885519190867,0.13966660684454962,0.027490505164687984,26,36,2.0,39.0,0.56168951463505,0.0,0.2434,510,2535,0.1,0.15,45
50,25,false,,0.3286048669480945,0.09795762689647237,-0.23683526754704948,5,2,1.0,24.0,0.14344430743937525,0.0,0.2074,510,2535,0.1,0.15,45
60,30,true,,0.11535332962484496,0.3147378293599267,0.197857072550997,53,57,36.0,59.0,0.740234375,0.20068359375,0.1692,510,2535,0.1,0.15,45
20,10,false,,0.10287769311902414,0.40291283496549524,0.2961513887041323,16,17,2.0,19.0,0.8284518828451883,0.0,0.2902,511,2536,0.1,0.15,45
30,15,true,,0.09566220786232792,0.20971486381876822,0.12456302631272166,24,26,2.3000000000000043,29.0,0.7125968202201386,0.0,0.255,511,2536,0.1,0.15,45
20,10,true,,0.10104870734655762,0.24667488661340045,0.16790764849469506,14,16,1.0,19.0,0.719805081796032,0.0,0.2886,512,2537,0.1,0.15,45
20,10,false,,0.13476529100313075,0.5950608479378413,0.4595580002298774,16,16,4.0,19.0,0.8767817548305353,0.0,0.3048,513,2538,0.1,0.15,45
30,15,false,,0.1349964638980776,0.12176101798633221,-0.020687318095659643,19,25,1.0,29.0,0.45418848167539266,0.0,0.2882,513,2538,0.1,0.15,45
40,20,false,,0.13136402368299702,0.21038737488412798,0.08478775674495405,31,35,2.0,39.0,0.6330758426966292,0.0,0.2378,513,2538,0.1,0.15,45
50,25,false,,0.12386495519946412,0.12659424935965158,0.004576238467658228,40,46,8.0,49.0,0.5209825997952917,0.3824633230979188,0.2438,513,2538,0.1,0.15,45
60,30,false,,0.12305824706774197,0.2173269852773216,0.09824757895650629,54,55,10.0,59.0,0.6740412979351033,0.16039823008849557,0.1944,513,2538,0.1,0.15,45
20,10,false,,0.11569667484588732,0.1857757708624456,0.08917947658365884,12,16,1.0,19.0,0.6985387547649301,0.0,0.3224,514,2539,0.1,0.15,45
30,15,false,,0.12485608095241327,0.1292357507069206,0.014347812598121457,14,2,1.0,29.0,0.5407433881343817,0.0,0.2874,514,2539,0.1,0.15,45
40,20,false,,0.117775433139362,0.18190569635646298,0.08830452010419114,30,35,3.0,39.0,0.6949092203631185,0.0,0.255,514,2539,0.1,0.15,45
50,25,true,,0.11517534679685362,0.20293928128151292,0.09095249350778975,39,45,9.0,49.0,0.7341870391928599,0.32790065968180054,0.255,514,2539,0.1,0.15,45
20,10,false,,0.10186892104429514,0.47883793966654226,0.37706680226007555,15,16,4.0,19.0,0.8308358308358308,0.0,0.3114,515,2540,0.1,0.15,45
30,15,false,,0.11175650973537783,0.16707860066860647,0.07352586095688525,16,26,2.0,29.0,0.6800981079187106,0.0,0.2864,515,2540,0.1,0.15,45
40,20,false,,0.12282636523769537,0.1316728140708328,0.015151446197834095,22,7,2.0,38.0,0.5479833101529903,0.0,0.2654,515,2540,0.1,0.15,45
50,25,false,,0.12143312173206308,0.12315293579055968,-2.5703658472070456e-6,41,46,19.0,49.0,0.4996488764044944,0.4273174157303371,0.2342,515,2540,0.1,0.15,45
60,30,true,,0.12512270394717592,0.22007821681886258,0.10720004734450002,52,55,3.0,59.0,0.7030170846964741,0.13486005089058525,0.1902,515,2540,0.1,0.15,45
20,10,false,,0.3918018785228567,0.07942051380665424,-0.3140664395323578,3,1,1.0,17.0,0.21635883905013192,0.0,0.253,516,2541,0.1,0.15,45
30,15,false,,0.10748394355666005,0.12699386889186004,0.022489338276289225,18,24,1.0,29.0,0.5704821494295178,0.0,0.2838,516,2541,0.1,0.15,45
40,20,false,,0.20567202688038239,0.10067257106047968,-0.11559952528464876,5,1,1.0,36.52500000000009,0.3110619469026549,0.0,0.2086,516,2541,0.1,0.15,45
50,25,true,,0.10808273216241741,0.5792105592677694,0.4767605641749953,43,45,29.0,49.0,0.8411297440423654,0.5745807590467784,0.2198,516,2541,0.1,0.15,45
20,10,false,,0.12613861891793793,0.18488813582808503,0.07190642578306734,14,17,1.0,19.0,0.5922689075630252,0.0,0.2742,517,2542,0.1,0.15,45
30,15,false,,0.12477856621955219,0.13572377534144256,0.010166461753384037,20,2,1.0,29.0,0.5243304413428895,0.0,0.2412,517,2542,0.1,0.15,45
40,20,false,,0.14374841028502325,0.1172395603524504,-0.02736162583548621,11,2,1.0,38.0,0.45068163592622296,0.0,0.2478,517,2542,0.1,0.15,45
50,25,false,,0.11881699424847568,0.19712852204406936,0.08558922756486662,38,46,5.0,49.0,0.6609708737864077,0.38601941747572815,0.2756,517,2542,0.1,0.15,45
60,30,false,,0.14184460320472195,0.11990290175318964,-0.02761638587357851,28,2,1.0,58.0,0.4304051343762535,0.1066987565182511,0.1966,517,2542,0.1,0.15,45
20,10,false,,0.17409300785011983,0.09867315621081951,-0.09058179695543332,6,2,1.0,18.0,0.3134280180761782,0.0,0.2892,518,2543,0.1,0.15,45
30,15,false,,0.12724879703779413,0.14917992772591554,0.042350522399539826,20,26,2.0,29.0,0.5973941368078176,0.0,0.2958,518,2543,0.1,0.15,45
40,20,false,,0.12059692073814693,0.19882437497222688,0.08803591578415886,34,37,7.0,39.0,0.6571948998178506,0.0,0.2496,518,2543,0.1,0.15,45
50,25,true,,0.12198312695906574,0.24959663633963727,0.13327699817744726,42,46,16.0,49.0,0.7452276064610867,0.4765051395007342,0.2374,518,2543,0.1,0.15,45
20,10,true,,0.09061299986488257,0.23254818636896818,0.15594519142442573,14,17,2.0,19.0,0.7331010452961673,0.0,0.3202,519,2544,0.1,0.15,45
20,10,false,,0.1363751977836212,0.19212497614143337,0.07427671210529688,13,16,1.0,19.0,0.628714419768533,0.0,0.3142,520,2545,0.1,0.15,45
30,15,false,,0.15260830261309305,0.11914340569986248,-0.05179080092103422,12,2,1.0,28.0,0.374076561450638,0.0,0.2542,520,2545,0.1,0.15,45
40,20,false,,0.22913531826855632,0.10235652500819595,-0.13965780865233732,6,2,1.0,37.0,0.2055618188650883,0.0,0.2164,520,2545,0.1,0.15,45
50,25,false,,0.5523179501869165,0.09804114125534624,-0.45763841331868,3,2,1.0,19.0,0.09574468085106383,0.0,0.1766,520,2545,0.1,0.15,45
60,30,false,,0.19948776690445255,0.11092654466939936,-0.08677540811922599,6,4,1.0,27.0,0.18272552783109405,0.0,0.1912,520,2545,0.1,0.15,45
20,10,false,,0.208078235577269,0.08836889957444881,-0.1266744415444017,4,1,1.0,18.0,0.23656307129798904,0.0,0.2514,521,2546,0.1,0.15,45
30,15,true,,0.11521152728006791,0.410717275820514,0.293802557498381,22,26,2.0,29.0,0.7560975609756098,0.0,0.274,521,2546,0.1,0.15,45
20,10,false,,0.11563983838561907,0.07547181824347492,-0.03621001245399169,7,3,1.0,18.0,0.422852701127089,0.0,0.231,522,2547,0.1,0.15,45
30,15,false,,0.23170602570159016,0.08960779537932255,-0.149765433271277,4,2,1.0,24.0,0.20699245133094954,0.0,0.2476,522,2547,0.1,0.15,45
40,20,false,,0.1098228460922977,0.6180340660010485,0.5089316544539246,35,37,7.0,39.0,0.9159561510353228,0.0,0.2568,522,2547,0.1,0.15,45
50,25,false,,0.129473678042165,0.13245229273548884,0.007729348324547788,26,46,1.0,49.0,0.5218408736349454,0.24726989079563183,0.2418,522,2547,0.1,0.15,45
60,30,false,,0.14168689434129098,0.11802429777050759,-0.02436764665540378,9,3,1.0,42.0,0.39419709854927465,0.04552276138069034,0.1614,522,2547,0.1,0.15,45
20,10,false,,0.3005460427734555,0.135813333870414,-0.16474070367926177,4,1,1.0,18.0,0.379746835443038,0.0,0.2016,523,2548,0.1,0.15,45
30,15,false,,0.16248535827769464,0.09169077776407676,-0.08697387989754388,9,4,1.0,27.0,0.2590863621207069,0.0,0.268,523,2548,0.1,0.15,45
40,20,false,,0.11091519945416686,0.21283346101362835,0.10330194398155265,34,37,13.0,39.0,0.6844583987441131,0.0,0.2586,523,2548,0.1,0.15,45
50,25,false,,0.13970457171811482,0.08256870901671123,-0.05771716828590262,13,9,3.0,47.0,0.29341825902335456,0.0840764331210191,0.1984,523,2548,0.1,0.15,45
60,30,false,,0.12099187190063006,0.0922564996438792,-0.03189532306560351,30,38,5.0,56.0,0.34503684438664933,0.09969657563935848,0.173,523,2548,0.1,0.15,45
20,10,false,,0.10666675482729635,0.11427059039243215,0.004847741353234777,10,3,1.0,19.0,0.5104344851180295,0.0,0.3092,524,2549,0.1,0.15,45
30,15,false,,0.10497777033966842,0.10814233282703942,0.004545792886572961,13,7,1.0,27.0,0.5184094256259205,0.0,0.286,524,2549,0.1,0.15,45
40,20,false,,0.11058454386459797,0.1448439783652853,0.05664400552957226,23,37,2.0,39.0,0.6040160642570281,0.0,0.2602,524,2549,0.1,0.15,45
50,25,false,,0.10915364521877541,0.16668426043937276,0.055581152366409314,38,46,18.0,49.0,0.6670574443141852,0.3368503321610004,0.2726,524,2549,0.1,0.15,45
60,30,false,,0.1307309084531384,0.13169475093944355,0.006360826629557226,30,3,2.0,56.32499999999982,0.5259026687598116,0.13540031397174254,0.2488,524,2549,0.1,0.15,45
20,10,true,,0.06398410294229614,0.1461508556153589,0.07581348809643447,14,17,3.0,19.0,0.715272136474411,0.0,0.2358,525,2550,0.1,0.15,45
20,10,false,,0.11279951218894603,0.19522393254126633,0.09880188758125565,12,16,1.0,19.0,0.6812894649385178,0.0,0.3172,526,2551,0.1,0.15,45
30,15,true,,0.09824608070568408,0.39198156442642074,0.30433753902514243,22,27,4.0,29.0,0.7730994152046784,0.0,0.282,526,2551,0.1,0.15,45
20,10,false,,0.10142642363799238,0.19709104832543514,0.11300126687664742,14,16,1.0,19.0,0.6825938566552902,0.0,0.2748,527,2552,0.1,0.15,45
30,15,false,,0.11961807344943762,0.2199297349845648,0.12989451525056578,21,1,1.0,29.0,0.6186708860759493,0.0,0.234,527,2552,0.1,0.15,45
40,20,false,,0.15277879817158227,0.110985836359204,-0.0495589699948953,10,2,1.0,37.0,0.3312727272727273,0.0,0.2626,527,2552,0.1,0.15,45
50,25,false,,0.14089787420268896,0.10701408744718967,-0.0527378087709272,16,1,1.0,47.0,0.3141025641025641,0.1109775641025641,0.229,527,2552,0.1,0.15,45
60,30,false,,0.1886472326993142,0.11202046243200459,-0.07982064483597834,6,2,1.0,33.0,0.33037201554691836,0.0,0.1378,527,2552,0.1,0.15,45
20,10,false,,0.11314625953412971,0.11516000114586859,0.007735485298842507,11,1,1.0,19.0,0.5052235687421647,0.0,0.2324,528,2553,0.1,0.15,45
30,15,false,,0.13404383211627152,0.08952594019102295,-0.056354647471456486,7,1,1.0,25.0,0.3417928776094965,0.0,0.252,528,2553,0.1,0.15,45
40,20,true,,0.10549019768522071,0.5594965697733576,0.4318585084056129,34,36,15.0,39.0,0.9618780096308186,0.0,0.284,528,2553,0.1,0.15,45
20,10,false,,0.14078203432910835,0.2489096789688317,0.14889935779496788,14,17,1.0,19.0,0.688135593220339,0.0,0.287,529,2554,0.1,0.15,45
30,15,false,,0.12212689871977389,0.1637416818166915,0.05742187369629405,23,25,2.0,29.0,0.6316316316316316,0.0,0.2768,529,2554,0.1,0.15,45
40,20,false,,0.30401688909007035,0.08922125514925393,-0.22781613372150689,5,3,1.0,30.0,0.14273719563392107,0.0,0.1986,529,2554,0.1,0.15,45
50,25,true,,0.10787617858432673,0.4883158751190302,0.36301053097193636,44,46,7.550000000000004,49.0,0.760879523591388,0.5318369216674301,0.1858,529,2554,0.1,0.15,45
20,10,false,,0.1319139784056817,0.6542595143438757,0.5157056955621919,15,16,1.0,19.0,0.7076215505913273,0.0,0.2746,530,2555,0.1,0.15,45
30,15,true,,0.11349891466203504,0.27958660355424314,0.16569490362531247,24,26,5.0,29.0,0.7520507084265473,0.0,0.2664,530,2555,0.1,0.15,45
20,10,true,,0.0901085849546603,0.1985797138990713,0.11300329856399613,12,16,2.0,19.0,0.7071330589849109,0.0,0.3078,531,2556,0.1,0.15,45
20,10,false,,0.14022723175525828,0.1926123298702372,0.06685197161672983,15,18,2.0,19.0,0.6046809874959923,0.0,0.2918,532,2557,0.1,0.15,45
30,15,false,,0.2142751125100442,0.06991762066063648,-0.15243298786542855,5,2,1.0,20.0,0.11306122448979591,0.0,0.1802,532,2557,0.1,0.15,45
40,20,true,,0.10543346284212414,0.3308632612542342,0.23492872079442773,34,36,13.0,39.0,0.8032586558044806,0.0,0.2582,532,2557,0.1,0.15,45
20,10,false,,0.11031443437612164,0.1674509291006761,0.0712358262867982,11,17,1.0,19.0,0.6668856767411301,0.0,0.3254,533,2558,0.1,0.15,45
30,15,false,,0.283045345037547,0.09524038145793429,-0.18494378224116798,4,1,1.0,26.0,0.21257005604483586,0.0,0.2054,533,2558,0.1,0.15,45
40,20,true,,0.10523765933643975,0.21238867372608883,0.10953173891287374,34,35,5.0,39.0,0.7330353514831369,0.0,0.2398,533,2558,0.1,0.15,45
20,10,false,,0.14548463573655557,0.1357762575485113,-0.011293785400538136,8,3,1.0,19.0,0.4749009247027741,0.0,0.2878,534,2559,0.1,0.15,45
30,15,false,,0.347897501675403,0.09299654041060294,-0.2617960194587215,4,2,1.0,28.0,0.21519490851233095,0.0,0.2258,534,2559,0.1,0.15,45
40,20,false,,0.11133008914096824,0.10710118858829193,-0.01186353720618867,31,36,2.0,39.0,0.4690923317683881,0.0,0.2314,534,2559,0.1,0.15,45
50,25,false,,0.1662976152458059,0.10179743297154016,-0.07582508451811955,12,3,1.0,44.0,0.32076923076923075,0.055,0.2638,534,2559,0.1,0.15,45
60,30,true,,0.11738828063738511,0.26038124181642597,0.1387397263153623,53,57,31.0,59.0,0.8197674418604651,0.21088794926004228,0.1408,534,2559,0.1,0.15,45
20,10,false,,0.08923560755396923,0.4818345408557686,0.3751476008655467,15,16,3.3499999999999943,19.0,0.8486678507992895,0.0,0.3036,535,2560,0.1,0.15,45
30,15,false,,0.12145832311260468,0.1201287433848496,0.003734609597441124,12,4,1.0,28.0,0.505965697240865,0.0,0.2836,535,2560,0.1,0.15,45
40,20,false,,0.11055687426366584,0.12272021593883062,0.04020176105590142,19,36,1.0,39.0,0.5785837651122625,0.0,0.2216,535,2560,0.1,0.15,45
50,25,false,,0.1365124852128777,0.08782557527404228,-0.06085414015623111,10,4,1.0,41.0,0.2968523002421308,0.021791767554479417,0.1452,535,2560,0.1,0.15,45
60,30,false,,0.37809186328205074,0.08700448010845326,-0.29140447004375625,3,2,1.0,15.0,0.11936036550542548,0.0,0.0872,535,2560,0.1,0.15,45
20,10,false,,0.5168672990250817,0.06944749813558512,-0.4531612792577856,2,1,1.0,18.0,0.24540682414698162,0.0,0.1844,536,2561,0.1,0.15,45
30,15,false,,0.1018392056236495,0.16449407159321308,0.07196612752285536,21,26,3.0,29.0,0.6790123456790124,0.0,0.2984,536,2561,0.1,0.15,45
40,20,false,,0.11810840602520994,0.1318146173470497,0.010794614464568544,25,36,1.0,38.0,0.5273514364423455,0.0,0.2662,536,2561,0.1,0.15,45
50,25,false,,0.12513663811076736,0.1136733259957596,-0.018276011535079295,25,7,1.0,48.0,0.4440789473684211,0.15583881578947367,0.2592,536,2561,0.1,0.15,45
60,30,false,,0.16600804045756373,0.09675235354496704,-0.06442252334302519,12,11,1.0,31.0,0.24289099526066352,0.0,0.0712,536,2561,0.1,0.15,45
20,10,false,,0.10488214084281491,0.19969655842852105,0.1176376691291375,14,16,1.0,19.0,0.6506731101139109,0.0,0.2874,537,2562,0.1,0.15,45
30,15,false,,0.0844779863733652,0.540978965093777,0.45453144190654704,25,27,4.0,29.0,0.8247747747747748,0.0,0.1976,537,2562,0.1,0.15,45
40,20,false,,0.14674641455166743,0.1246213967290289,-0.014531947433253575,16,1,1.0,39.0,0.481419624217119,0.0,0.2216,537,2562,0.1,0.15,45
50,25,false,,0.23416160378508588,0.10090153078180414,-0.1392830276018398,6,5,1.0,21.0,0.2204944178628389,0.0,0.2524,537,2562,0.1,0.15,45
60,30,true,,0.1174243101056187,0.38877801888596375,0.2592619025857698,50,53,33.0,58.0,0.8828961950498707,0.2744735869966753,0.234,537,2562,0.1,0.15,45
20,10,false,,0.13941929384227233,0.12073336261120447,-0.02333362454786113,8,3,1.0,19.0,0.45277600510529675,0.0,0.3172,538,2563,0.1,0.15,45
30,15,false,,0.11232768340250207,0.12907542782218312,0.03066980184884359,21,27,2.0,29.0,0.5555977229601518,0.0,0.2672,538,2563,0.1,0.15,45
40,20,false,,0.12397438616007891,0.08213882491205328,-0.04756920998472508,13,14,1.0,37.0,0.32792061344158774,0.0,0.1846,538,2563,0.1,0.15,45
50,25,false,,0.11927854121152001,0.08772732382422414,-0.03611686774478544,19,6,3.0,48.0,0.37274939172749394,0.13965936739659368,0.1496,538,2563,0.1,0.15,45
60,30,true,,0.09719180008702825,0.17404546515576721,0.07436617678595508,53,53,42.0,59.0,0.7729007633587787,0.17891221374045801,0.1302,538,2563,0.1,0.15,45
20,10,false,,0.09136572464776724,0.14861954751763884,0.08712699209690733,13,17,1.0,19.0,0.6768720029509406,0.0,0.296,539,2564,0.1,0.15,45
30,15,false,,0.09577688455990241,0.09352125597824942,0.001004494074076212,14,2,1.0,28.0,0.5035971223021583,0.0,0.2136,539,2564,0.1,0.15,45
40,20,false,,0.4584044836103481,0.06806628094509828,-0.39863890827228876,3,1,1.0,9.0,0.12114152591729761,0.0,0.0902,539,2564,0.1,0.15,45
50,25,false,,0.13780266125754634,0.081107661687579,-0.06918751353548247,5,2,1.0,45.0,0.2692523889825745,0.06857785272625071,0.0946,539,2564,0.1,0.15,45
60,30,false,,0.08554916255979102,0.09290108639973114,-0.0037278855308415654,38,58,16.0,59.0,0.4861612515042118,0.08844765342960288,0.0842,539,2564,0.1,0.15,45
20,10,false,,0.11030230591118792,0.251605843921946,0.14551289399419348,15,16,1.0,19.0,0.7270564242012236,0.0,0.2866,540,2565,0.1,0.15,45
30,15,false,,0.11814236382438251,0.1246914118205727,0.005372002448363583,18,27,1.0,29.0,0.5171934699548454,0.0,0.2714,540,2565,0.1,0.15,45
40,20,false,,0.11900695444202075,0.1205146793085032,0.00841459823191252,23,35,1.0,39.0,0.5193348801237432,0.0,0.271,540,2565,0.1,0.15,45
50,25,false,,0.14641473853226153,0.1003012182096183,-0.05713257610862396,16,4,1.0,46.0,0.3161676646706587,0.0782435129740519,0.2526,540,2565,0.1,0.15,45
60,30,true,,0.11744914284247672,0.1985348326447381,0.10127800468357065,48,56,3.0,59.0,0.7026699029126213,0.11124595469255663,0.2292,540,2565,0.1,0.15,45
20,10,false,,0.06526868376225184,0.10998735422963704,0.04443525073441046,12,15,1.0,19.0,0.6230434782608696,0.0,0.19,541,2566,0.1,0.15,45
30,15,false,,0.11871172879834001,0.09002718569650696,-0.028051215449743296,8,3,1.0,26.0,0.4222873900293255,0.0,0.2608,541,2566,0.1,0.15,45
40,20,false,,0.10479664980663939,0.12197355547571624,0.026008009363939835,24,32,1.0,38.0,0.5783549783549784,0.0,0.1962,541,2566,0.1,0.15,45
50,25,false,,0.09365980353912365,0.3006783420625201,0.2027378336186936,45,48,35.0,49.0,0.845771144278607,0.690547263681592,0.147,541,2566,0.1,0.15,45
60,30,false,,0.09999408035511494,0.14027098367116947,0.04245513202251204,50,48,22.0,59.0,0.6190248565965584,0.1959847036328872,0.1298,541,2566,0.1,0.15,45
20,10,false,,0.12664239781489134,0.11058767256852653,-0.02969530209878326,10,1,1.0,19.0,0.41630030436252957,0.0,0.2848,542,2567,0.1,0.15,45
30,15,false,,0.10565486783473847,0.5831538113838121,0.47869471913064443,25,25,6.0,29.0,0.9218061674008811,0.0,0.274,542,2567,0.1,0.15,45
40,20,false,,0.11251340946813522,0.11552509723525324,0.009891774166811765,25,35,1.0,39.0,0.5336397826995404,0.0,0.2378,542,2567,0.1,0.15,45
50,25,false,,0.1555976173461156,0.09424334441763471,-0.06005284439195264,10,6,1.0,31.0,0.2624792013311148,0.0033277870216306157,0.224,542,2567,0.1,0.15,45
60,30,true,,0.11618588944856485,0.5317835437339662,0.4109225588400673,53,54,39.0,59.0,0.929718875502008,0.1634538152610442,0.2466,542,2567,0.1,0.15,45
20,10,false,,0.09660810353877672,0.10466158043434678,0.019841931057381773,11,16,1.0,19.0,0.5484474373363262,0.0,0.255,543,2568,0.1,0.15,45
30,15,true,,0.10768897741726645,0.2530375254080419,0.15208601316721376,23,26,3.0,29.0,0.7467372134038801,0.0,0.2874,543,2568,0.1,0.15,45
20,10,false,,0.12369092801527103,0.4279910265003678,0.3050296206230131,15,15,2.0,19.0,0.8847361809045227,0.0,0.301,544,2569,0.1,0.15,45
30,15,true,,0.11892479434618619,0.3923131625908827,0.2812984818278559,24,26,5.0,29.0,0.7966804979253111,0.0,0.2654,544,2569,0.1,0.15,45
20,10,false,,0.06878438147651343,0.15681418071244657,0.0948860339923688,14,16,1.0,19.0,0.6953671328671329,0.0,0.198,545,2570,0.1,0.15,45
30,15,false,,0.11985207065258029,0.10815555112454477,0.021937862269692465,15,1,1.0,29.0,0.5176304654442877,0.0,0.1982,545,2570,0.1,0.15,45
40,20,true,,0.10826776349192405,0.28982758822685717,0.1910448661655898,30,35,4.0,39.0,0.7581227436823105,0.0,0.2838,545,2570,0.1,0.15,45
20,10,false,,0.14925830155659597,0.19418151790143798,0.05614225691652846,13,16,1.0,19.0,0.581081081081081,0.0,0.3078,546,2571,0.1,0.15,45
30,15,false,,0.12978433390657107,0.3432957150740025,0.21083508425084352,25,27,7.0,29.0,0.7943652849740933,0.0,0.275,546,2571,0.1,0.15,45
40,20,false,,0.1294667017647405,0.2588771082986656,0.14457830850287404,33,36,2.0,39.0,0.6588107324147934,0.0,0.2494,546,2571,0.1,0.15,45
50,25,false,,0.15410608990844157,0.10699755177503004,-0.06456787119172124,16,1,1.0,46.0,0.2537697682971681,0.08458992276572269,0.2218,546,2571,0.1,0.15,45
60,30,false,,0.17679282302325258,0.10595269453799054,-0.08367362270065994,13,2,1.0,58.0,0.2571315372424723,0.025356576862123614,0.1898,546,2571,0.1,0.15,45
20,10,false,,0.12861354053207802,0.14802485241153893,0.027174016699961723,11,15,1.0,19.0,0.5629118293065579,0.0,0.3002,547,2572,0.1,0.15,45
30,15,true,,0.12329304292003794,0.17968047562565,0.08485552260707828,21,26,3.0,29.0,0.7019292604501608,0.0,0.3008,547,2572,0.1,0.15,45
20,10,false,,0.10292631199247927,0.803668833163256,0.7041973434416292,16,16,8.0,19.0,0.9439388423734983,0.0,0.2644,548,2573,0.1,0.15,45
30,15,false,,0.10857041629155226,0.48745562933543646,0.39862167222206957,25,25,5.0,29.0,0.8798724309000708,0.0,0.284,548,2573,0.1,0.15,45
40,20,false,,0.11895468056784642,0.5264538927903233,0.40549768939615155,35,37,3.0,39.0,0.8338301043219076,0.0,0.2682,548,2573,0.1,0.15,45
50,25,true,,0.12127988146784008,0.31340519779367015,0.2056285708538847,44,46,3.0,49.0,0.7635733538698498,0.5598767809010397,0.239,548,2573,0.1,0.15,45
20,10,false,,0.11508894902459149,0.12730630021826048,0.026089286789811456,10,4,1.0,19.0,0.5308908045977011,0.0,0.2866,549,2574,0.1,0.15,45
30,15,false,,0.09534782803337875,0.09260557475466773,0.00725528706068039,12,7,2.0,28.0,0.5248713550600344,0.0,0.1986,549,2574,0.1,0.15,45
40,20,false,,0.08084102681558963,0.5154821347527042,0.4263250735097712,35,35,25.0,39.0,0.9679037111334002,0.0,0.1418,549,2574,0.1,0.15,45
50,25,false,,0.13778218624766303,0.09808597369423987,-0.05173477072052664,13,6,1.0,36.0,0.3002903359601825,0.001244296972210701,0.2346,549,2574,0.1,0.15,45
60,30,false,,0.222237325297566,0.09315835915661252,-0.13190205492418663,7,3,1.0,18.0,0.1581967213114754,0.0,0.0808,549,2574,0.1,0.15,45
20,10,false,,0.07193521692359539,0.0694024179464915,-0.001461914439200629,9,6,1.0,19.0,0.49279538904899134,0.0,0.2112,550,2575,0.1,0.15,45
30,15,false,,0.08623988465560652,0.06745181939426032,-0.03036119105887801,15,2,1.0,27.125,0.4160839160839161,0.0,0.0758,550,2575,0.1,0.15,45
40,20,false,,0.06688473215016366,0.12763185833186308,0.07197506834538864,28,1,1.0,38.0,0.6141078838174274,0.0,0.0474,550,2575,0.1,0.15,45
50,25,false,,0.7690441200473054,0.0540387297550602,-0.7177114450347295,1,1,1.0,3.0,0.0,0.0,0.0198,550,2575,0.1,0.15,45
60,30,true,,0.06659320751694803,0.21001216621131566,0.1443351263645002,52,47,42.0,58.0,0.8773281952472703,0.357096981374438,0.0258,550,2575,0.1,0.15,45
20,10,false,,0.10521423285603633,0.2391234800041025,0.13997003307095732,15,15,2.0,19.0,0.7352141400407886,0.0,0.2988,551,2576,0.1,0.15,45
30,15,true,,0.11198976346399796,0.38484766045266317,0.2851958204102172,23,25,3.0,29.0,0.7877375403370384,0.0,0.2788,551,2576,0.1,0.15,45
20,10,false,,0.08398629497320693,0.42773610667944684,0.3516693229732272,15,15,3.0,19.0,0.8107714701601164,0.0,0.2938,552,2577,0.1,0.15,45
30,15,false,,0.22843792609710056,0.0997071783883921,-0.14841647879350933,5,1,1.0,28.0,0.34740802675585286,0.0,0.2254,552,2577,0.1,0.15,45
40,20,true,,0.10809999934548213,0.43772408874650587,0.3353110978919981,34,35,8.875,39.0,0.8407668231611893,0.0,0.2778,552,2577,0.1,0.15,45
20,10,false,,0.11172895038903023,0.17034263605186117,0.07477096369179762,13,16,1.0,19.0,0.6088117489986649,0.0,0.2936,553,2578,0.1,0.15,45
30,15,false,,0.1664321056466408,0.09489694436175415,-0.08723365651611925,6,1,1.0,25.0,0.337624584717608,0.0,0.263,553,2578,0.1,0.15,45
40,20,false,,0.13577039456220963,0.09611275607622315,-0.04493638362273772,9,4,1.0,37.0,0.37667071688942894,0.0,0.256,553,2578,0.1,0.15,45
50,25,true,,0.11311643225950804,0.4316576274643086,0.31520696251954916,43,45,24.0,49.0,0.8978805394990366,0.5271676300578034,0.2732,553,2578,0.1,0.15,45
20,10,false,,0.0947231399384198,0.12565584268195162,0.035915813352818876,11,12,1.0,19.0,0.5782828282828283,0.0,0.2904,554,2579,0.1,0.15,45
30,15,false,,0.09512787961405426,0.0989813293180771,0.007560291572769677,11,3,1.0,26.0,0.5222902097902098,0.0,0.2132,554,2579,0.1,0.15,45
40,20,false,,0.08938186907751922,0.09335824827138703,0.010423418847481866,20,21,2.2250000000000014,35.77500000000009,0.538755980861244,0.0,0.1702,554,2579,0.1,0.15,45
50,25,true,,0.08741107281183381,0.24462778204126645,0.15724534506538537,44,47,19.750000000000007,49.0,0.8257303946694003,0.637109174782163,0.1098,554,2579,0.1,0.15,45
20,10,false,,0.15932705806941921,0.12460261834852707,-0.04409632734277283,9,2,1.0,19.0,0.41081081081081083,0.0,0.274,555,2580,0.1,0.15,45
30,15,false,,0.11323424895771107,0.15008900246019183,0.05295799808156865,23,27,3.0,29.0,0.5951077035414385,0.0,0.2578,555,2580,0.1,0.15,45
40,20,true,,0.10766761923248598,0.4137564390425675,0.3091242633596465,33,37,10.0,39.0,0.7898089171974523,0.0,0.2808,555,2580,0.1,0.15,45
20,10,false,,0.11176746414271044,0.607296450101256,0.49184479419945604,15,17,2.0,19.0,0.8195718654434251,0.0,0.3022,556,2581,0.1,0.15,45
30,15,false,,0.11338646531136323,0.1248471611519064,0.019231839484708774,18,27,1.0,29.0,0.561231884057971,0.0,0.2674,556,2581,0.1,0.15,45
40,20,true,,0.11335053832034529,0.356476056550195,0.2529694818268088,33,39,2.0,39.0,0.7679841897233202,0.0,0.2504,556,2581,0.1,0.15,45
20,10,false,,0.10729284197212641,0.30753468237567594,0.22946704882352068,15,17,2.0,19.0,0.7296383913484286,0.0,0.2892,557,2582,0.1,0.15,45
30,15,false,,0.12139889847509118,0.1464337785156612,0.04318632535776429,17,25,1.0,28.0,0.572233267064281,0.0,0.3042,557,2582,0.1,0.15,45
40,20,false,,0.11125012829434187,0.4188822420573533,0.3079767060817251,35,36,17.0,39.0,0.8219502566127121,0.0,0.2358,557,2582,0.1,0.15,45
50,25,false,,0.13051263420825024,0.1478894204140364,0.03369438498201491,35,1,1.0,49.0,0.5488691437802908,0.32592891760904685,0.2268,557,2582,0.1,0.15,45
60,30,false,,0.122932458652645,0.139079748176025,0.022212097962683502,33,56,6.0,59.0,0.6048426150121066,0.09782082324455206,0.1534,557,2582,0.1,0.15,45
20,10,true,,0.09683197372199416,0.2273979400154414,0.13569488368628282,12,17,1.0,19.0,0.7149676099556768,0.0,0.306,558,2583,0.1,0.15,45
20,10,false,,0.13142605056290457,0.17536983562500402,0.04294744581382812,12,15,1.0,19.0,0.608125399872041,0.0,0.289,559,2584,0.1,0.15,45
30,15,false,,0.11530093636944644,0.21700849377549758,0.11285689977240666,22,27,1.0,29.0,0.6786562606040041,0.0,0.2642,559,2584,0.1,0.15,45
40,20,false,,0.1183761033473816,0.2750117208691318,0.16413568552195773,35,36,9.0,39.0,0.7574404761904762,0.0,0.2562,559,2584,0.1,0.15,45
50,25,false,,0.13270147218912423,0.11757829613756136,-0.013032414268694614,13,10,2.0,45.0,0.4487320837927233,0.0591694230062477,0.2682,559,2584,0.1,0.15,45
60,30,false,,0.19543881618608636,0.10925941427979173,-0.08732478212784628,5,2,1.0,21.0,0.2510656436487639,0.0,0.1906,559,2584,0.1,0.15,45
20,10,false,,0.11445532317497097,0.1413434287563046,0.03679115053742388,10,1,1.0,19.0,0.5814348860931656,0.0,0.2918,560,2585,0.1,0.15,45
30,15,false,,0.14509218693270015,0.1080458411176469,-0.04900225838692434,7,1,1.0,24.0,0.34776437189496096,0.0,0.2738,560,2585,0.1,0.15,45
40,20,false,,0.11513100582828724,0.13966682703149458,0.041131769732152296,16,11,1.0,39.0,0.5978731784166995,0.0,0.256,560,2585,0.1,0.15,45
50,25,false,,0.12394563216217866,0.14224917525887237,0.03769526767214204,34,45,2.0,49.0,0.5881652104845115,0.37688641779189835,0.2586,560,2585,0.1,0.15,45
60,30,true,,0.12108798536180954,0.350303544610562,0.2317694396388153,52,55,2.0,59.0,0.7913613575009641,0.12842267643655997,0.2102,560,2585,0.1,0.15,45
20,10,true,,0.09166836246830987,0.2885800708440879,0.21024371850177248,14,17,2.0,19.0,0.766257225433526,0.0,0.2872,561,2586,0.1,0.15,45
20,10,false,,0.10216220369193672,0.2660831005179259,0.16460415334110662,15,17,2.0,19.0,0.775538093611206,0.0,0.2962,562,2587,0.1,0.15,45
30,15,false,,0.09952104995225293,0.1899483808128871,0.12522994288311473,23,27,2.0,29.0,0.6758924989971922,0.0,0.2738,562,2587,0.1,0.15,45
40,20,true,,0.10503822949427512,0.40551248776253607,0.29208417739696946,33,36,8.0,39.0,0.8371910553158102,0.0,0.2728,562,2587,0.1,0.15,45
20,10,false,,0.13493861111221622,0.24546842952284847,0.13659658724732793,12,1,1.0,19.0,0.6141304347826086,0.0,0.2854,563,2588,0.1,0.15,45
30,15,true,,0.11673316082971176,0.338903619117497,0.22138630813143922,24,27,7.0,29.0,0.8327296674349687,0.0,0.2946,563,2588,0.1,0.15,45
20,10,false,,0.13080135716048544,0.12647615635363102,0.02123379200899629,8,1,1.0,19.0,0.5089703588143526,0.0,0.2302,564,2589,0.1,0.15,45
30,15,false,,0.10880330252871265,0.09690223776478457,-0.01809574643498,12,2,1.0,28.0,0.45946999220576773,0.0,0.2662,564,2589,0.1,0.15,45
40,20,false,,0.1236091904433333,0.08588010277796458,-0.04241265763980767,7,6,1.0,22.0,0.2921903052064632,0.0,0.2032,564,2589,0.1,0.15,45
50,25,true,,0.11135124929452542,0.30670715787526315,0.17939995374830042,42,44,10.0,49.0,0.732934131736527,0.48223552894211574,0.2738,564,2589,0.1,0.15,45
20,10,false,,0.13913268897936304,0.21057812471902634,0.09408522709021486,13,16,1.0,19.0,0.6303363518758085,0.0,0.2922,565,2590,0.1,0.15,45
30,15,false,,0.3876668957483911,0.10489267885319371,-0.28378925119630194,3,1,1.0,27.0,0.16586804275709546,0.0,0.2202,565,2590,0.1,0.15,45
40,20,true,,0.12169647967119038,0.5271043083194284,0.40870291365195394,34,35,1.0,39.0,0.8007462686567164,0.0,0.231,565,2590,0.1,0.15,45
20,10,false,,0.11793439013942159,0.15466547295110708,0.04549526932261354,9,4,1.0,19.0,0.607257546563905,0.0,0.3192,566,2591,0.1,0.15,45
30,15,false,,0.1299218256399307,0.14167945002584495,0.022253111098430825,16,4,1.0,28.0,0.556552387055431,0.0,0.3052,566,2591,0.1,0.15,45
40,20,false,,0.12554757613016582,0.16634547968155172,0.057130665769514644,29,37,1.0,39.0,0.6452059536171686,0.0,0.2544,566,2591,0.1,0.15,45
50,25,false,,0.12378449435623122,0.1298826574094044,0.005015320308646529,38,42,2.0,48.0,0.5096398690432885,0.34739905420152783,0.2412,566,2591,0.1,0.15,45
60,30,false,,0.12555858449563698,0.14108437111737504,0.01975747069929437,41,54,3.0,58.0,0.569247546346783,0.12322791712104689,0.2396,566,2591,0.1,0.15,45
20,10,false,,0.15653897788633273,0.20549334125272553,0.11299487628621882,12,17,1.0,19.0,0.6093849080532657,0.0,0.3004,567,2592,0.1,0.15,45
30,15,false,,0.12784247585312067,0.1275211639010435,-0.010259619544545226,21,2,1.0,29.0,0.4845831747240198,0.0,0.2228,567,2592,0.1,0.15,45
40,20,false,,0.1562474286864076,0.09705037224683619,-0.07428361054047572,11,36,2.0,39.0,0.3384494293585203,0.0,0.2176,567,2592,0.1,0.15,45
50,25,false,,0.15025046102471395,0.10027855389968593,-0.0588506326473498,11,8,1.7000000000000028,48.0,0.2867557715674362,0.09234507897934387,0.2444,567,2592,0.1,0.15,45
60,30,false,,0.11754053023126737,0.16555783407369085,0.053198903972096735,45,41,16.0,58.0,0.6305506216696269,0.2673179396092362,0.2018,567,2592,0.1,0.15,45
20,10,false,,0.11908159110341023,0.3850010297771323,0.26571914281719855,15,16,2.0,19.0,0.7447984395318595,0.0,0.3008,568,2593,0.1,0.15,45
30,15,false,,0.12221826067123627,0.11533932787756082,-0.009298768130826529,12,6,1.0,28.0,0.48148148148148145,0.0,0.2804,568,2593,0.1,0.15,45
40,20,false,,0.11889297590684905,0.16312054406815443,0.051470926415626846,26,37,2.0,39.0,0.6695402298850575,0.0,0.2744,568,2593,0.1,0.15,45
50,25,true,,0.11688918566533193,0.19636350923659363,0.09927424574231733,39,46,3.0,49.0,0.7102731819930742,0.34859561369757597,0.2334,568,2593,0.1,0.15,45
20,10,false,,0.16722727935461423,0.1375567163317737,-0.03180506580308502,6,1,1.0,19.0,0.46774193548387094,0.0,0.2416,569,2594,0.1,0.15,45
30,15,false,,0.11352025960782902,0.13928860665030166,0.0309800241238274,17,19,2.0,29.0,0.6009358288770054,0.0,0.2894,569,2594,0.1,0.15,45
40,20,false,,0.14267412253296632,0.12119582229588712,-0.029255276458552845,18,2,1.0,38.0,0.4252082578775806,0.0,0.2456,569,2594,0.1,0.15,45
50,25,false,,0.14056436574961065,0.11568601607558657,-0.033365744119994906,18,22,1.0,45.0,0.36501231960577263,0.0337909186906019,0.2448,569,2594,0.1,0.15,45
60,30,false,,0.12665094065456628,0.14241704799292182,0.023137387303008933,32,26,6.0,58.0,0.6050485436893204,0.069126213592233,0.181,569,2594,0.1,0.15,45
20,10,false,,0.15717774796947975,0.0955829154828925,-0.0829915003385083,5,1,1.0,18.0,0.30145118733509235,0.0,0.2846,570,2595,0.1,0.15,45
30,15,false,,0.44854605178459594,0.09803473979418983,-0.35790994621937,3,1,1.0,20.550000000000182,0.16754778365189102,0.0,0.2062,570,2595,0.1,0.15,45
40,20,true,,0.11396676676551364,0.35522484604452403,0.24517918829704305,34,38,7.0,39.0,0.7451446690447879,0.0,0.24,570,2595,0.1,0.15,45
20,10,false,,0.0859770760239011,0.10943524945500235,0.03318957731433703,10,16,1.0,19.0,0.5964588712652158,0.0,0.298,571,2596,0.1,0.15,45
30,15,false,,0.1385308504900767,0.08968201392772267,-0.043836804849001654,8,1,1.0,28.0,0.39953596287703014,0.0,0.172,571,2596,0.1,0.15,45
40,20,true,,0.10799765588356906,0.5679978567890867,0.45077569429626063,34,36,23.225,39.0,0.9546938775510204,0.0,0.2714,571,2596,0.1,0.15,45
20,10,false,,0.10995141642865795,0.13113302114681322,0.02645532765766312,10,2,1.0,19.0,0.5413839891451832,0.0,0.3088,572,2597,0.1,0.15,45
30,15,true,,0.11147955875245252,0.18255223844347723,0.07960791104957303,22,24,2.0,29.0,0.7121934604904632,0.0,0.2964,572,2597,0.1,0.15,45
20,10,false,,0.13401767162733524,0.1008547565187383,-0.037872159625370425,7,1,1.0,18.0,0.4162595952547104,0.0,0.2712,573,2598,0.1,0.15,45
30,15,false,,0.1254495008308911,0.09304005673810634,-0.05152170325735386,10,2,1.0,28.0,0.3699721226602947,0.0,0.2402,573,2598,0.1,0.15,45
40,20,false,,0.4230616995803989,0.09854514841625639,-0.3434849912778184,4,2,1.0,37.0,0.28706896551724137,0.0,0.2142,573,2598,0.1,0.15,45
50,25,false,,0.13190119149690593,0.1235987147648302,-0.01468910278721372,19,1,1.0,49.0,0.4815281276238455,0.2367758186397985,0.2332,573,2598,0.1,0.15,45
60,30,false,,0.12536641190218004,0.16254459342622482,0.0541989301881986,32,4,2.0,58.0,0.6325358851674641,0.10813397129186603,0.1636,573,2598,0.1,0.15,45
20,10,false,,0.11141703175422348,0.17290756939168403,0.08123061774436666,12,15,2.0,19.0,0.698427975617581,0.0,0.3176,574,2599,0.1,0.15,45
30,15,true,,0.10683533556661226,0.20653347093991098,0.12665853901064672,20,25,2.0,29.0,0.7249273255813954,0.0,0.281,574,2599,0.1,0.15,45
20,10,false,,0.12213680017060287,0.19084179970730578,0.07592434320366169,13,16,1.0,19.0,0.6236933797909407,0.0,0.3214,575,2600,0.1,0.15,45
30,15,false,,0.12149351307483028,0.1293903020270943,0.014419876847226912,16,25,1.0,28.0,0.5511916750587446,0.0,0.2862,575,2600,0.1,0.15,45
40,20,false,,0.21472398694111325,0.10405378816994718,-0.11787811972263758,5,2,1.0,31.0,0.20857699805068225,0.0,0.2238,575,2600,0.1,0.15,45
50,25,false,,0.2198697756699725,0.0979011124025805,-0.1319601727722971,7,2,1.0,25.0,0.14456836018174307,0.0,0.21,575,2600,0.1,0.15,45
60,30,false,,0.362146322891137,0.10758893581963264,-0.2597534479796285,4,1,1.0,57.0,0.23767989533362407,0.0170082860880942,0.1752,575,2600,0.1,0.15,45
20,10,false,,0.1768759256918327,0.1018607843570688,-0.09073114632883908,6,1,1.0,18.0,0.33285866856532575,0.0,0.261,576,2601,0.1,0.15,45
30,15,false,,0.1370800505161923,0.1310437582295791,-0.003300322940476247,19,1,1.0,29.0,0.49637943519188993,0.0,0.2568,576,2601,0.1,0.15,45
40,20,true,,0.11617120539820491,0.3070082516141135,0.20567286523173356,30,36,3.0,39.0,0.7007936507936507,0.0,0.2494,576,2601,0.1,0.15,45
20,10,true,,0.1235871174187881,0.260446495597424,0.15979732584820178,13,17,2.0,19.0,0.7265475430759413,0.0,0.2984,577,2602,0.1,0.15,45
20,10,false,,0.15237445462706428,0.07955306523781129,-0.07241099177166593,4,2,1.0,17.0,0.34777471445450964,0.0,0.2424,578,2603,0.1,0.15,45
30,15,false,,0.10760987940847,0.18042197780672142,0.10023047137490175,18,26,1.0,29.0,0.6973532796317606,0.0,0.2742,578,2603,0.1,0.15,45
40,20,false,,0.1204273129311409,0.11119462907105403,-0.010577931982305944,23,1,1.0,38.0,0.45878693623639194,0.0,0.2572,578,2603,0.1,0.15,45
50,25,false,,0.2497675664750756,0.10191601583075338,-0.16288292069536686,5,1,1.0,40.0,0.25414123801220573,0.00959023539668701,0.206,578,2603,0.1,0.15,45
60,30,false,,0.12449625112809502,0.11568931037108622,-0.01092439383767661,34,34,6.675000000000004,58.0,0.44417862838915473,0.13955342902711323,0.2626,578,2603,0.1,0.15,45
20,10,false,,0.07919814362413191,0.06578677202410248,-0.019909712981123213,9,6,1.0,19.0,0.41793434747798236,0.0,0.2252,579,2604,0.1,0.15,45
30,15,false,,0.12877438404137004,0.08365764893537711,-0.05632199870874324,9,2,1.0,28.0,0.3465587044534413,0.0,0.2718,579,2604,0.1,0.15,45
40,20,false,,0.12424336377662205,0.10737954034571094,-0.017373760520476525,15,3,1.0,39.0,0.45821443130860173,0.0,0.2386,579,2604,0.1,0.15,45
50,25,false,,0.14994330917099952,0.09357743278929756,-0.05978467494727438,7,3,1.0,34.0,0.3534686172722983,0.0,0.1986,579,2604,0.1,0.15,45
60,30,false,,0.1118601668798124,0.10225085230890794,-0.01433185867074735,38,44,2.0,56.0,0.4336917562724014,0.2594086021505376,0.1662,579,2604,0.1,0.15,45
20,10,false,,0.157378961536629,0.12630332701875935,-0.04374897891573842,7,1,1.0,19.0,0.4462809917355372,0.0,0.2568,580,2605,0.1,0.15,45
30,15,false,,0.134833361883626,0.14346113068261443,0.01769627807522632,11,4,1.0,29.0,0.544657356284508,0.0,0.3008,580,2605,0.1,0.15,45
40,20,false,,0.12507337440391644,0.13718583990573588,0.021367827954887272,24,24,2.0,38.0,0.5536495122771611,0.0,0.2768,580,2605,0.1,0.15,45
50,25,false,,0.12955042700262612,0.11029856769789557,-0.03500493724981281,26,3,1.0,48.0,0.3842746400885936,0.1937984496124031,0.2224,580,2605,0.1,0.15,45
60,30,false,,0.11993791677563892,0.2047405156132223,0.08102895733032633,52,56,21.0,59.0,0.6981723237597911,0.13263707571801567,0.14,580,2605,0.1,0.15,45
20,10,false,,0.13931703602765544,0.21419338517254177,0.09086056730535608,14,16,3.0,19.0,0.5729813664596274,0.0,0.299,581,2606,0.1,0.15,45
30,15,false,,0.23645150634018336,0.0673889291941285,-0.17727428344366808,6,4,1.0,27.0,0.17270194986072424,0.0,0.2308,581,2606,0.1,0.15,45
40,20,true,,0.0976945397090335,0.3980627631161217,0.29585480293796906,33,35,4.0,39.0,0.7288990825688073,0.0,0.1644,581,2606,0.1,0.15,45
20,10,false,,0.09612329423318602,0.10295973333216389,0.007417579721981371,10,15,1.0,19.0,0.5263515810948657,0.0,0.2928,582,2607,0.1,0.15,45
30,15,true,,0.11601954334711669,0.5677331128716916,0.4564637163642274,23,26,1.0,29.0,0.7770123277737491,0.0,0.2758,582,2607,0.1,0.15,45
20,10,false,,0.13388156102259371,0.40869803678255684,0.2842426090861282,15,16,2.0,19.0,0.7991777356103732,0.0,0.2968,583,2608,0.1,0.15,45
30,15,false,,0.183285209379356,0.10474440186073625,-0.11882705544820757,9,2,1.0,28.0,0.32453921214311526,0.0,0.2296,583,2608,0.1,0.15,45
40,20,false,,0.11905822788728233,0.12212903850376794,0.0072799373728791444,29,2,2.0,39.0,0.5150162337662337,0.0,0.193,583,2608,0.1,0.15,45
50,25,false,,0.12874064426945245,0.1482450084975699,0.03207215711682175,38,46,2.0,49.0,0.5564030509835407,0.3741469289441991,0.2566,583,2608,0.1,0.15,45
60,30,true,,0.1172085316425496,0.2728802800982966,0.1514855759373373,53,53,41.0,59.0,0.7647524752475248,0.1714851485148515,0.2404,583,2608,0.1,0.15,45
20,10,false,,0.07386885048670744,0.22407021247976816,0.1442791847661798,15,17,2.0,19.0,0.7540666150271108,0.0,0.2368,584,2609,0.1,0.15,45
30,15,true,,0.09815784182332168,0.23894986901778134,0.14142056284704854,22,27,2.0,29.0,0.7320336391437309,0.0,0.2978,584,2609,0.1,0.15,45
20,10,false,,0.10230837063630849,0.1278695801308647,0.0329666538652732,11,16,1.0,19.0,0.5888017118402282,0.0,0.2756,585,2610,0.1,0.15,45
30,15,true,,0.10219844145564097,0.40196803384391744,0.29912413837772117,24,26,6.0,29.0,0.8036444775009297,0.0,0.2996,585,2610,0.1,0.15,45
20,10,false,,0.11629244354518291,0.18263027053566916,0.08730083547338235,15,17,1.0,19.0,0.6631756756756757,0.0,0.2966,586,2611,0.1,0.15,45
30,15,true,,0.12506535759512313,0.35560549079758796,0.24062601324174848,24,26,1.0,29.0,0.7055279943302623,0.0,0.271,586,2611,0.1,0.15,45
20,10,false,,0.12169307399299258,0.11445560872467829,-0.006128000536707673,9,1,1.0,19.0,0.4870521461511174,0.0,0.281,587,2612,0.1,0.15,45
30,15,false,,0.12014264628249172,0.09594425955478905,-0.023588556799863263,12,2,1.0,28.0,0.39723926380368096,0.0,0.2708,587,2612,0.1,0.15,45
40,20,false,,0.11782128359840176,0.10630857783074517,-0.016176770920697005,25,2,1.0,38.0,0.4427257525083612,0.0,0.2382,587,2612,0.1,0.15,45
50,25,false,,0.1334878882408152,0.09539191166103916,-0.041779412376010995,12,5,2.0,30.47499999999991,0.3408900083963056,0.0,0.2246,587,2612,0.1,0.15,45
60,30,false,,0.4872145499020006,0.10045068982700371,-0.3846077065221738,4,4,1.0,28.0,0.09679715302491103,0.0,0.109,587,2612,0.1,0.15,45
20,10,false,,0.09614162711319058,0.7030910834539752,0.6067009880963522,16,16,3.0,19.0,0.9390334572490706,0.0,0.2826,588,2613,0.1,0.15,45
30,15,true,,0.11233567957601201,0.2007351385252116,0.11197615709274499,20,25,1.0,29.0,0.7254628012574222,0.0,0.2608,588,2613,0.1,0.15,45
20,10,false,,0.09740569101386312,0.1525721903328839,0.06992750000743979,12,16,1.0,19.0,0.6469968387776607,0.0,0.2888,589,2614,0.1,0.15,45
30,15,false,,0.12675190574149062,0.13572267996229936,0.03321446544104305,14,26,1.0,29.0,0.5534458509142054,0.0,0.294,589,2614,0.1,0.15,45
40,20,false,,0.32315373225874133,0.11052642887054161,-0.22963046014254357,5,2,1.0,37.0,0.2881763527054108,0.0,0.2044,589,2614,0.1,0.15,45
50,25,false,,0.16514546102540673,0.11236413368310204,-0.06080378562666343,6,5,1.0,46.0,0.33152804642166345,0.05647969052224371,0.2412,589,2614,0.1,0.15,45
60,30,true,,0.12027030674575737,0.3100502024481359,0.1748741993421022,51,55,31.0,59.0,0.7611940298507462,0.17559262510974538,0.1652,589,2614,0.1,0.15,45
20,10,false,,0.12739768244723407,0.12022735314247308,0.0036330920696458074,9,1,1.0,19.0,0.5112091142962146,0.0,0.2276,590,2615,0.1,0.15,45
30,15,false,,0.1077714845349211,0.1613896300126903,0.08029432910215858,19,26,1.0,29.0,0.6569069069069069,0.0,0.2804,590,2615,0.1,0.15,45
40,20,false,,0.15943774682542539,0.10676888808406135,-0.0650880968577365,7,3,1.0,29.0,0.3590342679127726,0.0,0.269,590,2615,0.1,0.15,45
50,25,false,,0.3707737936113898,0.10360971112237845,-0.28342332706453544,4,2,1.0,46.67500000000018,0.18449873631002528,0.06781802864363942,0.2164,590,2615,0.1,0.15,45
60,30,false,,0.12770023066265854,0.17076067437419684,0.05627681024621893,44,1,1.0,59.0,0.6169465052713784,0.1023037875829754,0.184,590,2615,0.1,0.15,45
20,10,false,,0.11393704909338148,0.1613549897623192,0.05138378133513498,13,17,2.0,19.0,0.6119260204081632,0.0,0.3156,591,2616,0.1,0.15,45
30,15,false,,0.12099641504936472,0.259298276443384,0.16282723160381718,22,1,1.0,29.0,0.6362198497429814,0.0,0.2574,591,2616,0.1,0.15,45
40,20,true,,0.10220251747790624,0.22343382074509818,0.12013187508443382,33,36,18.0,39.0,0.7308165777595405,0.0,0.2282,591,2616,0.1,0.15,45
20,10,false,,0.12254782387627912,0.14628408066438556,0.03158768011062403,11,16,1.0,19.0,0.5679330328396651,0.0,0.3142,592,2617,0.1,0.15,45
30,15,false,,0.11802197793888179,0.1237893286182665,0.010959903894873217,18,26,1.0,29.0,0.5469653179190751,0.0,0.2868,592,2617,0.1,0.15,45
40,20,false,,0.12556395779688803,0.1179916837288741,-0.010215899837355671,15,7,1.0,37.0,0.4731580895964458,0.0,0.2682,592,2617,0.1,0.15,45
50,25,false,,0.18074347942574678,0.10203913845732729,-0.08870551010178626,9,2,1.0,47.0,0.2748091603053435,0.08437123342707915,0.2432,592,2617,0.1,0.15,45
60,30,false,,0.39250712448321606,0.1073521061044235,-0.2952259175159554,5,2,1.0,57.0,0.2388374052232519,0.05433866891322662,0.186,592,2617,0.1,0.15,45
20,10,false,,0.10938368023433638,0.11142210693568196,0.01166233514943768,13,16,1.0,19.0,0.5296005706134094,0.0,0.2728,593,2618,0.1,0.15,45
30,15,false,,0.10038666504213747,0.09617065938465683,0.006937034312919491,13,1,1.0,29.0,0.5137111517367459,0.0,0.1902,593,2618,0.1,0.15,45
40,20,false,,0.10430227230237706,0.08729432261526233,-0.03008181126650153,20,1,1.0,39.0,0.4419689119170985,0.0,0.118,593,2618,0.1,0.15,45
50,25,false,,0.12778819947500694,0.10840050497640936,-0.02368282546875533,11,3,2.0,31.0,0.416910841356216,0.0,0.2606,593,2618,0.1,0.15,45
60,30,false,,0.4876316174059287,0.0991352171676149,-0.3965440316371335,4,3,1.0,55.0,0.17909090909090908,0.04818181818181818,0.1916,593,2618,0.1,0.15,45
20,10,false,,0.1358883446114455,0.1831965607037763,0.060495712768262246,14,16,1.0,19.0,0.5907816879476798,0.0,0.2896,594,2619,0.1,0.15,45
30,15,false,,0.10328606004893585,0.13118805191921087,0.03133981278301454,22,27,4.0,29.0,0.5863702623906706,0.0,0.2536,594,2619,0.1,0.15,45
40,20,false,,0.20453733372990326,0.09878239175985022,-0.10588987470326613,6,2,1.0,37.57499999999982,0.3118279569892473,0.0,0.2382,594,2619,0.1,0.15,45
50,25,false,,0.15252090805601404,0.0916562660988143,-0.06719553807443172,13,15,2.0,42.0,0.25612745098039214,0.027777777777777776,0.2406,594,2619,0.1,0.15,45
60,30,false,,0.11508776727656646,0.15091522506803,0.03565961244162409,43,56,11.0,59.0,0.5967741935483871,0.13730355665839536,0.2464,594,2619,0.1,0.15,45
20,10,false,,0.10530751617289599,0.11767875971994127,0.012692337452348768,10,16,1.0,19.0,0.5351733423089868,0.0,0.3066,595,2620,0.1,0.15,45
30,15,true,,0.10449539172875012,0.19647298068271424,0.1106099416536575,22,26,3.0,29.0,0.7912673056443025,0.0,0.2976,595,2620,0.1,0.15,45
20,10,false,,0.10687992876558855,0.19192513457787042,0.09819296221252295,13,16,2.0,19.0,0.6638214051214708,0.0,0.3006,596,2621,0.1,0.15,45
30,15,false,,0.10727425726394615,0.12929687467280745,0.03326289976261236,21,26,2.0,29.0,0.5716504854368932,0.0,0.2466,596,2621,0.1,0.15,45
40,20,true,,0.10817817110086862,0.20745290740471248,0.11526739316629636,27,36,4.0,39.0,0.7392290249433107,0.0,0.294,596,2621,0.1,0.15,45
20,10,false,,0.15242545795371978,0.17349796532084677,0.03398497711936098,13,15,1.0,19.0,0.5591626213592233,0.0,0.3128,597,2622,0.1,0.15,45
30,15,false,,0.13167014123825388,0.4102586249977423,0.2898711997652719,24,27,1.0,29.0,0.6711126711126711,0.0,0.23,597,2622,0.1,0.15,45
40,20,false,,0.19571666572189444,0.11102067058420848,-0.09227239192681644,7,5,1.0,24.0,0.21007243877199033,0.0,0.2314,597,2622,0.1,0.15,45
50,25,false,,0.14287715699082026,0.11893533954790882,-0.04761891011173865,18,3,1.0,49.0,0.42303349642453897,0.20097854723372224,0.2124,597,2622,0.1,0.15,45
60,30,false,,0.193629796354169,0.11909716121689745,-0.08271854364253836,6,4,1.0,20.0,0.2130597014925373,0.0,0.1594,597,2622,0.1,0.15,45
20,10,false,,0.12313603547677779,0.14722138853550837,0.028931110816050147,11,14,1.0,19.0,0.5693224592220828,0.0,0.3242,598,2623,0.1,0.15,45
30,15,false,,0.11632015588700945,0.527189744459385,0.4195838757629611,25,26,5.0,29.0,0.9037037037037037,0.0,0.2582,598,2623,0.1,0.15,45
40,20,false,,0.12638526448621443,0.09143649708896691,-0.042521534606295375,24,24,2.0,38.0,0.34168816807961666,0.0,0.2536,598,2623,0.1,0.15,45
50,25,false,,0.12905970782416992,0.11434368745229137,-0.013469503766768365,25,4,2.0,48.0,0.4553224553224553,0.20085470085470086,0.2498,598,2623,0.1,0.15,45
60,30,false,,0.1180716375056238,0.16593999215848984,0.053666836752868166,49,56,12.0,59.0,0.6313029447357805,0.2154094392900363,0.2314,598,2623,0.1,0.15,45
20,10,false,,0.0939643905529955,0.5303983716384438,0.44921672953375735,16,16,5.0,19.0,0.908273381294964,0.0,0.294,599,2624,0.1,0.15,45
30,15,false,,0.11901819931469847,0.11471196569368257,-0.0014003242019548223,10,7,2.0,28.0,0.4901823281907433,0.0,0.2938,599,2624,0.1,0.15,45
40,20,false,,0.19198152691098125,0.10900055538206073,-0.10268884993432026,6,2,1.0,38.0,0.32973621103117506,0.0,0.2394,599,2624,0.1,0.15,45
50,25,false,,0.17803374993080923,0.10910048569429985,-0.08138760633815358,6,1,1.0,29.0,0.275904104022755,0.0,0.2324,599,2624,0.1,0.15,45
60,30,true,,0.11767176725645057,0.4804391980075232,0.34107258314503053,53,55,3.0,59.0,0.8849453978159126,0.06474258970358815,0.2196,599,2624,0.1,0.15,45
20,10,true,,0.08481137747491328,0.15400294282025473,0.08189838277488104,13,16,2.0,19.0,0.7034843205574913,0.0,0.3036,600,2625,0.1,0.15,45
20,10,true,,0.07362353504152283,0.20331938136889224,0.13307125203811787,13,15,2.0,19.0,0.727447216890595,0.0,0.2758,601,2626,0.1,0.15,45
20,10,false,,0.21553306022584995,0.15611214409083776,-0.08226285343999618,7,2,1.0,19.0,0.33217993079584773,0.0,0.276,602,2627,0.1,0.15,45
30,15,false,,0.18252260344796062,0.09666561376917292,-0.09898956516960386,10,6,2.0,27.0,0.17827806510495892,0.0,0.292,602,2627,0.1,0.15,45
40,20,false,,0.16601064507024668,0.09272874330904732,-0.09138404925919838,11,6,2.0,30.0,0.21873899260302923,0.0,0.2422,602,2627,0.1,0.15,45
50,25,false,,0.584519417956964,0.09463141184163036,-0.4681983031340801,4,3,1.0,26.02500000000009,0.0423728813559322,0.0,0.189,602,2627,0.1,0.15,45
60,30,true,,0.11956404948813971,0.4986646580500535,0.3813392844746389,54,55,45.0,59.0,0.9300888373889533,0.1328698339127076,0.223,602,2627,0.1,0.15,45
20,10,true,,0.08167456241059934,0.22424312511715982,0.14707500689675246,14,16,3.0,19.0,0.7765124555160142,0.0,0.309,603,2628,0.1,0.15,45
20,10,false,,0.12146446829994978,0.13585381266058943,0.01632441005298696,13,16,1.0,19.0,0.5443599493029151,0.0,0.3154,604,2629,0.1,0.15,45
30,15,false,,0.1096620748037547,0.6277287138929111,0.5211114226097537,25,27,15.0,29.0,0.9558011049723757,0.0,0.2834,604,2629,0.1,0.15,45
40,20,false,,0.12228769805922612,0.11635027176237965,-0.007488647436383014,25,31,2.0,39.0,0.4604012671594509,0.0,0.2678,604,2629,0.1,0.15,45
50,25,false,,0.16387881261209772,0.10670614471700861,-0.07760318926631934,9,5,1.0,44.0,0.2705479452054795,0.025494672754946726,0.2274,604,2629,0.1,0.15,45
60,30,false,,0.21820140087957685,0.10646700810445578,-0.11281175550113119,6,2,1.0,47.5,0.21555845284658845,0.07040417209908735,0.1906,604,2629,0.1,0.15,45
20,10,false,,0.11512879394015048,0.13893945493782006,0.02130997752151828,11,16,1.0,19.0,0.5414507772020726,0.0,0.2968,605,2630,0.1,0.15,45
30,15,true,,0.1066421584798375,0.44684545223046046,0.3449684158629877,24,25,14.0,29.0,0.940128296507484,0.0,0.2946,605,2630,0.1,0.15,45
20,10,false,,0.12419311265412558,0.16079249848518712,0.05094377611597532,10,9,1.0,19.0,0.6164004914004914,0.0,0.33,606,2631,0.1,0.15,45
30,15,false,,0.11034449055425344,0.18228082640531537,0.08096647918714067,23,27,4.0,29.0,0.6982014388489208,0.0,0.2858,606,2631,0.1,0.15,45
40,20,false,,0.12954895738319722,0.10975415997374374,-0.029768896925235516,26,1,1.0,38.0,0.428128632313057,0.0,0.2554,606,2631,0.1,0.15,45
50,25,false,,0.14325288281467335,0.0969684783048937,-0.04723131511118256,11,10,1.0,33.0,0.27283751010509294,0.0,0.229,606,2631,0.1,0.15,45
60,30,false,,0.16644921063863533,0.10805575312955738,-0.06274046765900089,8,4,1.0,44.32499999999982,0.33040201005025127,0.04020100502512563,0.2312,606,2631,0.1,0.15,45
20,10,false,,0.12936749416176624,0.16689873955108167,0.05236623360208828,10,4,1.0,19.0,0.6274875621890548,0.0,0.3184,607,2632,0.1,0.15,45
30,15,true,,0.124526096496285,0.2144072695672155,0.15170580277848927,20,26,1.0,29.0,0.7196396396396396,0.0,0.2696,607,2632,0.1,0.15,45
20,10,false,,0.07771330168785397,0.4532810288217307,0.3756770487917762,15,16,5.0,19.0,0.9042593290614399,0.0,0.2968,608,2633,0.1,0.15,45
30,15,false,,0.10471697200705468,0.10936602992711662,0.0048281128351190805,14,1,1.0,29.0,0.5144757433489828,0.0,0.2722,608,2633,0.1,0.15,45
40,20,true,,0.10034145323301949,0.22611500036140703,0.13338458163685474,29,36,1.0,39.0,0.7084078711985689,0.0,0.2232,608,2633,0.1,0.15,45
20,10,false,,0.09021010916900678,0.4456288506916053,0.34978141628723614,15,16,3.0,19.0,0.8691263487643578,0.0,0.281,609,2634,0.1,0.15,45
30,15,false,,0.14075503757911553,0.11273654047523977,-0.029551214283360397,10,1,1.0,27.0,0.4190048634493079,0.0,0.2722,609,2634,0.1,0.15,45
40,20,false,,0.1154218017285857,0.13229030011125587,0.02658848335817754,15,4,1.0,37.0,0.5983278807706288,0.0,0.2794,609,2634,0.1,0.15,45
50,25,true,,0.12046087956264681,0.2517104466826422,0.14237710399646245,42,47,2.0,49.0,0.7604928763958414,0.45514054678475163,0.2372,609,2634,0.1,0.15,45
20,10,true,,0.08476815428570816,0.2345895031629372,0.16615687167794463,14,16,2.0,19.0,0.7784582132564841,0.0,0.297,610,2635,0.1,0.15,45
20,10,false,,0.13409714263535283,0.13439846252278054,0.0018367930004354327,11,1,1.0,19.0,0.5030534351145038,0.0,0.2378,611,2636,0.1,0.15,45
30,15,true,,0.11020272336668499,0.19161633587645738,0.0981814499681824,21,26,2.0,29.0,0.7055393586005831,0.0,0.2784,611,2636,0.1,0.15,45
20,10,true,,0.07848445873617071,0.20480932038407065,0.1402781396562714,14,16,1.2999999999999972,19.0,0.721725612125923,0.0,0.2736,612,2637,0.1,0.15,45
20,10,false,,0.1482929001735517,0.14393889213041997,-2.4529592369537667e-5,9,5,1.0,19.0,0.49861581051984005,0.0,0.3062,613,2638,0.1,0.15,45
30,15,false,,0.26486407788969357,0.0880067963697141,-0.18821569090439866,4,3,1.0,24.0,0.17339755464987033,0.0,0.2314,613,2638,0.1,0.15,45
40,20,false,,0.13666508507981254,0.08644302849691282,-0.059231350766269675,14,4,2.0,38.0,0.2820919175911252,0.0,0.2168,613,2638,0.1,0.15,45
50,25,false,,0.12561526140826693,0.10643936900837812,-0.023634532647578255,29,46,5.0,48.0,0.4212121212121212,0.17424242424242425,0.278,613,2638,0.1,0.15,45
60,30,false,,0.12897993281688877,0.15561877228222734,0.04020750339767354,41,55,3.0,58.0,0.5980506822612086,0.15984405458089668,0.2616,613,2638,0.1,0.15,45
20,10,false,,0.11034345973979441,0.23364146557793672,0.12941022579060174,13,16,1.0,19.0,0.6637317981713512,0.0,0.28,614,2639,0.1,0.15,45
30,15,false,,0.14295923269685104,0.10964163322503011,-0.04567965758717443,6,1,1.0,29.0,0.4098746081504702,0.0,0.2438,614,2639,0.1,0.15,45
40,20,false,,0.19404015955680193,0.09621228772499717,-0.11712890676116505,6,1,1.0,39.0,0.2740150509074812,0.0,0.2184,614,2639,0.1,0.15,45
50,25,false,,0.11538500473928945,0.12719760196912777,0.020687312874809585,32,46,7.0,49.0,0.5626468285043069,0.24393108848864525,0.2844,614,2639,0.1,0.15,45
60,30,false,,0.16224833838513003,0.10632466684681642,-0.055024115309865354,8,5,1.0,25.0,0.31734006734006737,0.0,0.1906,614,2639,0.1,0.15,45
20,10,false,,0.1018677939037038,0.18643943857891374,0.09689960993464049,14,16,2.0,19.0,0.5910543130990416,0.0,0.2706,615,2640,0.1,0.15,45
30,15,false,,0.09062291311976434,0.17373928092932628,0.10402373260161815,19,24,1.0,29.0,0.623249299719888,0.0,0.1716,615,2640,0.1,0.15,45
40,20,false,,0.09884296639128712,0.07715019962761002,-0.023608233922558692,13,30,1.0,33.0,0.3746113989637306,0.0,0.1136,615,2640,0.1,0.15,45
50,25,true,,0.07005576057305697,0.4683861652539462,0.3993382267246213,44,45,35.0,49.0,0.9157534246575343,0.5986301369863014,0.0532,615,2640,0.1,0.15,45
20,10,false,,0.1430031113684988,0.12927735050068062,-0.014821072576585742,10,1,1.0,19.0,0.47027565592826304,0.0,0.278,616,2641,0.1,0.15,45
30,15,true,,0.12657365666054615,0.3748608439447032,0.2570744705478534,24,26,3.0,29.0,0.7755032412146026,0.0,0.2784,616,2641,0.1,0.15,45
20,10,false,,0.14994697737348292,0.12974986348388395,-0.03698967592024906,7,1,1.0,19.0,0.44989339019189767,0.0,0.2562,617,2642,0.1,0.15,45
30,15,false,,0.10628008374784546,0.1745777949916863,0.08466980482714166,22,26,3.0,29.0,0.6399706098457016,0.0,0.2768,617,2642,0.1,0.15,45
40,20,true,,0.10086456335024929,0.5656830798906645,0.4563294539945627,34,35,22.0,39.0,0.9403726708074535,0.0,0.2406,617,2642,0.1,0.15,45
20,10,false,,0.4500343572733229,0.07072000523000105,-0.3747827589291506,3,1,1.0,17.0,0.12134217713616856,0.0,0.2318,618,2643,0.1,0.15,45
30,15,false,,0.13286244412383164,0.10200757438022758,-0.03849454548512081,13,1,1.0,28.0,0.4111324376199616,0.0,0.2434,618,2643,0.1,0.15,45
40,20,true,,0.10264993459738683,0.3959519816482018,0.29660027448887966,33,35,4.0,39.0,0.8073736536868269,0.0,0.2524,618,2643,0.1,0.15,45
20,10,true,,0.1313351260577268,0.30513195299069285,0.21912963663457696,14,17,2.0,19.0,0.7816901408450704,0.0,0.3002,619,2644,0.1,0.15,45
20,10,false,,0.13668509880592145,0.11405264345348828,-0.03253431653590652,11,1,1.0,19.0,0.42320261437908496,0.0,0.2648,620,2645,0.1,0.15,45
30,15,true,,0.11970082400895594,0.23809661009718863,0.12680699986683053,22,26,2.0,29.0,0.702440655299231,0.0,0.2784,620,2645,0.1,0.15,45
20,10,false,,0.11497401097342848,0.3574726613310668,0.23597746774423692,15,17,5.0,19.0,0.8431686978832585,0.0,0.3048,621,2646,0.1,0.15,45
30,15,false,,0.11159300227182256,0.6436470358737494,0.5255095641525613,26,26,18.0,29.0,0.9676683149486497,0.0,0.2498,621,2646,0.1,0.15,45
40,20,false,,0.1702503290908123,0.10183885834642116,-0.08435360535042812,6,3,1.0,29.0,0.267349260523322,0.0,0.2244,621,2646,0.1,0.15,45
50,25,false,,0.13691862950272868,0.1156809178450088,-0.028106540130459767,23,2,1.0,48.0,0.4142746314972847,0.17532971295577968,0.228,621,2646,0.1,0.15,45
60,30,false,,0.1293874244310974,0.13029062964160074,0.013278279022034545,18,6,1.0,57.0,0.5227008149010477,0.027939464493597205,0.2122,621,2646,0.1,0.15,45
20,10,true,,0.09200100310896438,0.24077871480468063,0.15783982496464252,13,16,1.0,19.0,0.7110075295804948,0.0,0.2954,622,2647,0.1,0.15,45
20,10,false,,0.1485384999260062,0.16334398201028016,0.02593907072441018,11,17,1.0,19.0,0.5426456388799485,0.0,0.284,623,2648,0.1,0.15,45
30,15,false,,0.11546772310083252,0.19937794360611027,0.1121347104096116,21,27,2.0,29.0,0.6594124047878128,0.0,0.2552,623,2648,0.1,0.15,45
40,20,false,,0.1377022409548243,0.10024190185341421,-0.049280986202137646,13,11,1.0,37.0,0.3250188964474679,0.0,0.2382,623,2648,0.1,0.15,45
50,25,false,,0.20674186870642866,0.10255447651632066,-0.10639482306069552,5,5,1.0,37.42500000000018,0.26031353135313534,0.0028877887788778876,0.2438,623,2648,0.1,0.15,45
60,30,false,,0.13176306516338776,0.13225370731196412,0.014546109605631838,21,5,1.0,58.0,0.5447437011294527,0.11337966985230234,0.1872,623,2648,0.1,0.15,45
20,10,false,,0.2213402652717532,0.09936698103173927,-0.15296451468477426,6,1,1.0,18.0,0.284719805081796,0.0,0.2558,624,2649,0.1,0.15,45
30,15,false,,0.14125751714390172,0.10650565360182251,-0.03832430123524197,8,9,1.0,28.0,0.3931444561035327,0.0,0.269,624,2649,0.1,0.15,45
40,20,false,,0.11232724512627501,0.10409722951232261,-0.005210388799464796,24,32,2.0,38.0,0.4841143764892772,0.0,0.236,624,2649,0.1,0.15,45
50,25,false,,0.11358247277354466,0.20470676799219392,0.09783608112276732,41,41,12.0,49.0,0.633359872611465,0.4036624203821656,0.25,624,2649,0.1,0.15,45
60,30,true,,0.12098359072148956,0.345392935838051,0.21608473651704646,50,56,4.0,59.0,0.7494772061898787,0.13676286072772897,0.2018,624,2649,0.1,0.15,45
20,10,false,,0.12786444832160798,0.2139698405624237,0.1000897746574014,14,17,1.0,19.0,0.6593514575827055,0.0,0.2996,625,2650,0.1,0.15,45
30,15,false,,0.12692481077791992,0.13745229755845176,0.01760149498257499,15,8,2.0,28.0,0.5484379930577469,0.0,0.3,625,2650,0.1,0.15,45
40,20,false,,0.11324260938310961,0.1425332330982366,0.0396010463136799,31,36,2.0,39.0,0.5951919348584723,0.0,0.2424,625,2650,0.1,0.15,45
50,25,false,,0.3552281829694623,0.10083935101163694,-0.26449871167769345,5,3,1.0,45.0,0.17588769611891,0.03757225433526012,0.2156,625,2650,0.1,0.15,45
60,30,true,,0.11480914370037634,0.5366439970446797,0.42218877407644256,54,55,25.0,59.0,0.8957805907172995,0.09873417721518987,0.2196,625,2650,0.1,0.15,45
20,10,false,,0.08376287757474171,0.39293339022490315,0.30785351384852755,15,17,3.0,19.0,0.8273434605409411,0.0,0.2572,626,2651,0.1,0.15,45
30,15,true,,0.09946853886635001,0.46015103365213295,0.35523611783673203,24,26,3.0,29.0,0.84357316087308,0.0,0.274,626,2651,0.1,0.15,45
20,10,false,,0.643368656080906,0.10555622388418898,-0.5458124284870965,2,1,1.0,19.0,0.30260047281323876,0.0,0.1978,627,2652,0.1,0.15,45
30,15,false,,0.11804588062112929,0.1445962582115701,0.030168849819002613,21,26,2.0,29.0,0.5852122015915119,0.0,0.3004,627,2652,0.1,0.15,45
40,20,false,,0.11770994476694827,0.6005537478687674,0.4815094943730911,35,36,26.0,39.0,0.8986013986013986,0.0,0.2392,627,2652,0.1,0.15,45
50,25,false,,0.12850361818553505,0.1254825067678708,3.3968660733268985e-5,23,18,7.0,48.0,0.5005401512423479,0.16852718761253152,0.2524,627,2652,0.1,0.15,45
60,30,true,,0.12751112014472465,0.20792987297518514,0.08530302144306123,48,56,3.0,59.0,0.7332053742802304,0.15047984644913628,0.1852,627,2652,0.1,0.15,45
20,10,false,,0.1480091003945751,0.1183541543039964,-0.034552446514492914,9,3,1.0,19.0,0.4166927164738981,0.0,0.3068,628,2653,0.1,0.15,45
30,15,false,,0.10896780784635429,0.10353626727922488,-0.00806849864112577,22,25,2.0,29.0,0.4875,0.0,0.247,628,2653,0.1,0.15,45
40,20,false,,0.14238227370804,0.08098990687985491,-0.0692943354389284,8,2,1.0,34.0,0.28112080845199816,0.0,0.1802,628,2653,0.1,0.15,45
50,25,false,,0.12028821316589075,0.1627451053488983,0.058633524578617965,35,47,2.0,49.0,0.6117154811715482,0.29665271966527196,0.256,628,2653,0.1,0.15,45
60,30,false,,0.16777134293754614,0.10440843741282292,-0.0730234655846693,8,5,1.0,33.0,0.2945934440187314,0.0,0.2506,628,2653,0.1,0.15,45
20,10,false,,0.23415099071260936,0.08031539488455851,-0.16520711685702472,4,1,1.0,19.0,0.22302942244823828,0.0,0.2416,629,2654,0.1,0.15,45
30,15,false,,0.10844880480824261,0.7466022045444949,0.6390664289804254,26,26,3.0,29.0,0.8115526423596886,0.0,0.2494,629,2654,0.1,0.15,45
40,20,false,,0.1136434691400664,0.13892265292420677,0.04132768806526466,30,36,2.0,39.0,0.5599343185550082,0.0,0.2406,629,2654,0.1,0.15,45
50,25,false,,0.12476963985359463,0.1285769466365493,0.005005234001313211,24,4,1.0,47.0,0.5232067510548524,0.1549673954737246,0.2672,629,2654,0.1,0.15,45
60,30,false,,0.14665098331774515,0.1126150609953671,-0.03971715637313242,16,5,1.0,49.0,0.3847358121330724,0.04892367906066536,0.21,629,2654,0.1,0.15,45
20,10,false,,0.07697252860472752,0.7071197921093507,0.6311181651182903,16,17,2.0,19.0,0.8760878574388727,0.0,0.2648,630,2655,0.1,0.15,45
30,15,false,,0.09542064941722964,0.13793002104751467,0.05044902969061346,17,23,2.0,29.0,0.6771929824561403,0.0,0.2928,630,2655,0.1,0.15,45
40,20,false,,0.11240381601526986,0.14802350872678766,0.05359001949652818,21,34,3.0,38.0,0.6301960784313726,0.0,0.2978,630,2655,0.1,0.15,45
50,25,false,,0.11648390001916718,0.23573591160689383,0.13345094927653647,41,44,2.0,49.0,0.6625,0.4066666666666667,0.238,630,2655,0.1,0.15,45
60,30,false,,0.13967768747202863,0.0931971503612882,-0.0579855351400515,29,2,1.0,57.0,0.3237378210806023,0.15677590788308238,0.1534,630,2655,0.1,0.15,45
20,10,false,,0.18898432949264726,0.16457982731568935,-0.0302095157548391,11,11,2.0,19.0,0.4399768585478739,0.0,0.3266,631,2656,0.1,0.15,45
30,15,false,,0.21346392648976414,0.12537630563256444,-0.11219072583230627,8,3,1.0,28.0,0.27476635514018694,0.0,0.2528,631,2656,0.1,0.15,45
40,20,false,,0.25273803743943457,0.10210163033304269,-0.17154910610105412,8,3,1.0,36.0,0.09776168531928901,0.0,0.2186,631,2656,0.1,0.15,45
50,25,false,,0.13372313830250113,0.14789855824772627,0.018387111874922313,38,46,19.0,49.0,0.5481029810298103,0.3638211382113821,0.2408,631,2656,0.1,0.15,45
60,30,true,,0.1278709231068832,0.4481219342705802,0.3183214068228839,54,56,24.0,59.0,0.7867619405791652,0.09289206468597216,0.1958,631,2656,0.1,0.15,45
20,10,false,,0.13583392386767845,0.41192717674868307,0.29619920398100186,15,17,2.0,19.0,0.7806633291614519,0.0,0.2922,632,2657,0.1,0.15,45
30,15,false,,0.12506352664416912,0.12519911996521488,0.0026209420485985707,21,23,2.0,29.0,0.502866779089376,0.0,0.2658,632,2657,0.1,0.15,45
40,20,false,,0.1347127609312843,0.08878618241872523,-0.0604635567026021,13,4,1.0,30.0,0.28385826771653544,0.0,0.2328,632,2657,0.1,0.15,45
50,25,false,,0.17024792341998954,0.09344781319263304,-0.07718440389467063,9,4,2.0,37.0,0.2369573874950219,0.008363201911589008,0.2774,632,2657,0.1,0.15,45
60,30,false,,0.2673953857327905,0.0972114022774491,-0.18237261925506598,7,4,1.0,36.0,0.12790697674418605,0.00516795865633075,0.22,632,2657,0.1,0.15,45
20,10,false,,0.1018211371658853,0.18196516131510834,0.09530055036872236,14,16,2.0,19.0,0.6611185086551264,0.0,0.307,633,2658,0.1,0.15,45
30,15,false,,0.11811711493595244,0.11108455106127137,-0.014038135517637301,12,7,1.0,28.0,0.4692061231755073,0.0,0.2848,633,2658,0.1,0.15,45
40,20,true,,0.1094094567503145,0.22261616381282215,0.12772909008335226,30,36,2.0,39.0,0.704225352112676,0.0,0.2584,633,2658,0.1,0.15,45
20,10,false,,0.12573991406528343,0.472507719245186,0.31747307295479743,15,17,1.0,19.0,0.7993277310924369,0.0,0.2954,634,2659,0.1,0.15,45
30,15,false,,0.12078924096860257,0.137921588501034,0.02571424066082878,20,27,1.0,29.0,0.5329650092081031,0.0,0.283,634,2659,0.1,0.15,45
40,20,false,,0.11773621099502633,0.0950122818157641,-0.028284142143203794,18,5,1.0,37.0,0.3872358775334196,0.0,0.2212,634,2659,0.1,0.15,45
50,25,false,,0.1753724657091036,0.09994107519504757,-0.0963439485148439,7,2,1.0,28.0,0.27344782034346105,0.0,0.247,634,2659,0.1,0.15,45
60,30,true,,0.1189642960433075,0.5226712255808095,0.382548570743955,52,56,10.0,59.0,0.8760666395774076,0.14099959366111336,0.2522,634,2659,0.1,0.15,45
20,10,false,,0.10027482643705893,0.11088679331924053,0.010013627767256839,11,14,1.0,19.0,0.5305975521958244,0.0,0.273,635,2660,0.1,0.15,45
30,15,false,,0.08228072376114505,0.3849399272109582,0.3113016057092996,25,26,4.0,29.0,0.849244060475162,0.0,0.223,635,2660,0.1,0.15,45
40,20,false,,0.5537511643887751,0.0702180864332685,-0.5078393244476336,2,1,1.0,38.0,0.29858982219497243,0.0,0.07,635,2660,0.1,0.15,45
50,25,false,,0.0840448049185394,0.1244266420611239,0.035195226840497223,40,40,24.0,46.0,0.6363143631436314,0.28888888888888886,0.0936,635,2660,0.1,0.15,45
60,30,false,,0.09038728689303156,0.7503261165343151,0.6413996491528589,55,57,33.0,59.0,1.0,0.03468586387434555,0.0594,635,2660,0.1,0.15,45
20,10,false,,0.11147305889200071,0.11590449841889632,0.00967166074911794,9,3,1.0,19.0,0.5318404478656403,0.0,0.294,636,2661,0.1,0.15,45
30,15,false,,0.08427963614363843,0.49767914973272465,0.41023037765156534,25,25,10.0,29.0,0.873981997428204,0.0,0.2106,636,2661,0.1,0.15,45
40,20,false,,0.12044196605674548,0.11800245597331849,0.005415619772441149,24,35,2.0,39.0,0.5108108108108108,0.0,0.2736,636,2661,0.1,0.15,45
50,25,false,,0.13841394037364377,0.1054629983371781,-0.03452165046726914,9,4,1.0,45.0,0.39398929600658705,0.04075751337999177,0.247,636,2661,0.1,0.15,45
60,30,true,,0.11629380960855869,0.4446213112354025,0.318727690930521,52,52,12.0,59.0,0.8536808413351623,0.20438957475994513,0.1842,636,2661,0.1,0.15,45
20,10,false,,0.15818789911743608,0.22017799472366145,0.08036034150468999,15,17,1.0,19.0,0.5977121067683508,0.0,0.3094,637,2662,0.1,0.15,45
30,15,false,,0.13069243395305125,0.12788674738267022,-0.0003284467338586783,18,26,1.0,29.0,0.49897610921501706,0.0,0.2832,637,2662,0.1,0.15,45
40,20,true,,0.11686568597898059,0.45507220190620823,0.3354506613542056,34,35,5.0,39.0,0.7215045592705167,0.0,0.2466,637,2662,0.1,0.15,45
20,10,false,,0.08128195314475208,0.40913905992372,0.3404934265984939,16,16,2.0,19.0,0.8273524720893142,0.0,0.2428,638,2663,0.1,0.15,45
30,15,false,,0.7956851655638013,0.053962795510788183,-0.7483277114484428,1,1,1.0,4.0,0.0,0.0,0.0606,638,2663,0.1,0.15,45
40,20,true,,0.07015034063347089,0.21678740323267712,0.14235455443669925,34,37,22.0,39.0,0.8319088319088319,0.0,0.0756,638,2663,0.1,0.15,45
20,10,false,,0.13310805801242193,0.1878407422870121,0.07686691710106344,15,17,2.0,19.0,0.5952689565780946,0.0,0.2932,639,2664,0.1,0.15,45
30,15,false,,0.1069963717054061,0.22011045989765732,0.12035702970232698,24,26,1.0,29.0,0.5932203389830508,0.0,0.2144,639,2664,0.1,0.15,45
40,20,false,,0.10952894040559578,0.08555901576042606,-0.028948901158241683,19,14,2.0,37.0,0.4134307903152124,0.0,0.1554,639,2664,0.1,0.15,45
50,25,false,,0.09636200662313513,0.08504941272095567,-0.0133480184862554,28,8,2.0,45.65000000000009,0.43218997361477574,0.08390501319261214,0.1152,639,2664,0.1,0.15,45
60,30,false,,0.10029086001021553,0.07780333589395579,-0.02787437495933611,26,37,2.0,43.0,0.3286219081272085,0.03297997644287397,0.0658,639,2664,0.1,0.15,45
20,10,false,,0.13192655681195975,0.23155614864423069,0.11002876017583076,14,17,1.0,19.0,0.6516419832582099,0.0,0.3022,640,2665,0.1,0.15,45
30,15,false,,0.12440381894901995,0.13807053184477716,0.021582977125652367,17,25,1.0,29.0,0.5619779485466088,0.0,0.288,640,2665,0.1,0.15,45
40,20,true,,0.11864353390706879,0.16918857642951035,0.05742902199743781,30,36,5.0,39.0,0.7029668411867365,0.0,0.265,640,2665,0.1,0.15,45
20,10,true,,0.04354141750766365,0.15685481841332582,0.12093355168618956,14,16,1.0,19.0,0.7256763170384433,0.0,0.1354,641,2666,0.1,0.15,45
20,10,false,,0.12132696682236407,0.7012161071856633,0.5846928046315107,15,16,3.0,19.0,0.8319488817891374,0.0,0.3072,642,2667,0.1,0.15,45
30,15,false,,0.11829746231061762,0.10914923488707376,-0.007171451783206204,17,26,2.0,29.0,0.4838940586972083,0.0,0.2718,642,2667,0.1,0.15,45
40,20,false,,0.11875262918349853,0.12576582522922022,0.011244893460058109,24,37,1.0,39.0,0.5360094451003542,0.0,0.2498,642,2667,0.1,0.15,45
50,25,false,,0.12269967431876128,0.13410079199239833,0.017627898704915435,39,45,1.0,48.0,0.544037412314887,0.36165237724084176,0.2424,642,2667,0.1,0.15,45
60,30,false,,0.11904262050624664,0.6614496596844218,0.534197140565905,55,56,46.0,59.0,0.9207717569786535,0.07717569786535304,0.193,642,2667,0.1,0.15,45
20,10,false,,0.09105890471406548,0.29346215127713604,0.23740141756642735,14,17,1.0,19.0,0.6475856697819314,0.0,0.246,643,2668,0.1,0.15,45
30,15,true,,0.10928363569560191,0.18957299741763223,0.09025232382219461,17,28,2.0,29.0,0.7032142857142857,0.0,0.3032,643,2668,0.1,0.15,45
20,10,false,,0.10683103741665194,0.3637988786864771,0.27047515366025415,15,16,2.0,19.0,0.7383937648254829,0.0,0.2916,644,2669,0.1,0.15,45
30,15,true,,0.08986391401240748,0.2617174741790642,0.16889081303061332,24,26,1.0,29.0,0.7430644472897994,0.0,0.2148,644,2669,0.1,0.15,45
20,10,false,,0.10251046391723621,0.2779225541107273,0.1939523912475862,15,18,2.0,19.0,0.7369891721969961,0.0,0.3,645,2670,0.1,0.15,45
30,15,false,,0.12324908500772377,0.11461816301850977,-0.015353832189096861,13,1,1.0,28.0,0.4630484988452656,0.0,0.2744,645,2670,0.1,0.15,45
40,20,false,,0.13357453248096754,0.11429657540694307,-0.029912143821659104,19,2,1.0,37.0,0.43532058492688414,0.0,0.2636,645,2670,0.1,0.15,45
50,25,false,,0.12702770012111567,0.11438812193985146,-0.01757280820923915,18,10,2.0,47.0,0.43378480060195634,0.09932279909706546,0.2838,645,2670,0.1,0.15,45
60,30,false,,0.17338160159138932,0.11086279331693888,-0.0659932357175469,7,4,1.0,36.0,0.3024939662107804,0.002413515687851971,0.2112,645,2670,0.1,0.15,45
20,10,false,,0.12176187553982802,0.14174530858267925,0.02242301190306778,13,17,1.0,19.0,0.5613238157040883,0.0,0.2964,646,2671,0.1,0.15,45
30,15,false,,0.11225980331230817,0.12956062080116984,0.023395463550120704,19,26,2.0,29.0,0.5559660140376801,0.0,0.2796,646,2671,0.1,0.15,45
40,20,false,,0.1851221947342789,0.1033847993755447,-0.0934306440856475,5,2,1.0,35.0,0.3307280954339778,0.0,0.2264,646,2671,0.1,0.15,45
50,25,false,,0.11732977316853146,0.17973828893636173,0.07013122159731815,35,44,12.0,49.0,0.6892239794041927,0.28135343876425156,0.277,646,2671,0.1,0.15,45
60,30,false,,0.1781863078049917,0.11243316849829234,-0.06871548229613847,7,4,1.0,26.0,0.2629293328069483,0.0,0.2172,646,2671,0.1,0.15,45
20,10,false,,0.1071519147373321,0.28041130183376606,0.18554168966125445,15,17,3.0,19.0,0.7431529726118904,0.0,0.2948,647,2672,0.1,0.15,45
30,15,false,,0.5724600280970916,0.08622778773165943,-0.49105154841552157,2,1,1.0,9.0,0.01746166950596252,0.0,0.1858,647,2672,0.1,0.15,45
40,20,false,,0.1084192895132347,0.14048121275613637,0.04681224417842225,29,36,3.0,39.0,0.6088853629512099,0.0,0.255,647,2672,0.1,0.15,45
50,25,false,,0.1255114483209251,0.1480540908982509,0.058100686513090694,27,46,1.0,49.0,0.6084589614740369,0.2860134003350084,0.2552,647,2672,0.1,0.15,45
60,30,true,,0.11786189957878516,0.3497717869299194,0.23289738738424764,54,56,43.0,59.0,0.8548387096774194,0.12298387096774194,0.2176,647,2672,0.1,0.15,45
20,10,false,,0.11272130928521326,0.17909311866260746,0.09126812424153732,12,17,1.0,19.0,0.6563693162096494,0.0,0.295,648,2673,0.1,0.15,45
30,15,false,,0.11466605702152534,0.09907905487491182,-0.019392539898911917,12,4,1.0,28.0,0.43169196593854126,0.0,0.2834,648,2673,0.1,0.15,45
40,20,false,,0.14101577126406017,0.08143628654635086,-0.07634220200695561,12,3,1.0,37.0,0.26396588486140726,0.0,0.1906,648,2673,0.1,0.15,45
50,25,false,,0.10464311744909173,0.3200044740655432,0.22930565352196047,39,47,2.0,49.0,0.6447236180904523,0.40904522613065325,0.1578,648,2673,0.1,0.15,45
60,30,false,,0.16309839447767047,0.08379163249812492,-0.09810471275166138,7,2,1.0,44.0,0.23471074380165288,0.04242424242424243,0.1104,648,2673,0.1,0.15,45
20,10,false,,0.08701324758576146,0.13516147039559498,0.06098764725046087,11,17,1.0,19.0,0.6427007299270073,0.0,0.2608,649,2674,0.1,0.15,45
30,15,true,,0.081468801042561,0.3026758489969073,0.21379643397994158,23,26,2.0,29.0,0.7175090252707581,0.0,0.1646,649,2674,0.1,0.15,45
20,10,false,,0.14460255322505533,0.10000140618361675,-0.05211587917867086,9,4,1.0,19.0,0.37193763919821826,0.0,0.2936,650,2675,0.1,0.15,45
30,15,true,,0.11055416757795615,0.363866042982496,0.25883387802072133,24,27,12.0,29.0,0.7997946611909651,0.0,0.2776,650,2675,0.1,0.15,45
20,10,false,,0.16327734699671045,0.17189867833075362,0.004017662663460736,10,12,1.0,18.0,0.5051546391752577,0.0,0.3402,651,2676,0.1,0.15,45
30,15,false,,0.15516742012540868,0.1412304195573712,-0.010185855741324079,17,25,1.0,29.0,0.46707317073170734,0.0,0.273,651,2676,0.1,0.15,45
40,20,false,,0.16850278306163674,0.12023732146192868,-0.05581810659349637,10,9,1.0,34.0,0.2665605095541401,0.0,0.2518,651,2676,0.1,0.15,45
50,25,false,,0.23095922707058353,0.11428426527627904,-0.13246444279615782,6,3,1.0,19.0,0.13783201722900215,0.0,0.1986,651,2676,0.1,0.15,45
60,30,true,,0.13105064089836602,0.5022397215019156,0.36494321669370117,54,56,34.0,59.0,0.7585836909871244,0.11874105865522175,0.2066,651,2676,0.1,0.15,45
20,10,false,,0.05259473705048445,0.5542038962362296,0.49809121316255417,15,16,3.0,19.0,0.8415446071904128,0.0,0.185,652,2677,0.1,0.15,45
30,15,true,,0.09980051209248594,0.2557737243589995,0.16258619014246423,22,25,1.0,29.0,0.7369631901840491,0.0,0.2868,652,2677,0.1,0.15,45
20,10,false,,0.14456177067445752,0.2830846009769178,0.16310941535200046,14,16,1.0,19.0,0.6401189689358889,0.0,0.2728,653,2678,0.1,0.15,45
30,15,false,,0.13616551049852443,0.15062006913694398,0.016512592788046787,19,26,2.0,29.0,0.5576923076923077,0.0,0.2846,653,2678,0.1,0.15,45
40,20,false,,0.14243038349413875,0.11422091939291484,-0.04163390191422479,18,1,1.0,39.0,0.37083333333333335,0.0,0.2458,653,2678,0.1,0.15,45
50,25,false,,0.1349219705301617,0.12608602126987475,0.00027102321047937916,32,4,1.0,49.0,0.5005767012687428,0.25144175317185696,0.2074,653,2678,0.1,0.15,45
60,30,false,,0.14485847902541701,0.11946085220383729,-0.029503092752891202,11,8,1.0,34.0,0.33903237540923975,0.0,0.1984,653,2678,0.1,0.15,45
20,10,false,,0.14943310601202814,0.17655686911014942,0.04205612835189468,13,16,2.0,19.0,0.5866037179108882,0.0,0.3142,654,2679,0.1,0.15,45
30,15,false,,0.10673212659651223,0.5801779801523823,0.46906708461817515,26,28,9.0,29.0,0.890188679245283,0.0,0.2398,654,2679,0.1,0.15,45
40,20,false,,0.22486431188951708,0.08660328937268864,-0.14587300685964077,6,2,1.0,21.0,0.13730355665839536,0.0,0.221,654,2679,0.1,0.15,45
50,25,false,,0.14476023175572106,0.10769977762362942,-0.04227654230585162,14,5,1.0,41.0,0.35643185298621743,0.02450229709035222,0.258,654,2679,0.1,0.15,45
60,30,false,,0.13076794615616352,0.10794428739344035,-0.02732639563390507,18,5,2.0,58.0,0.38632075471698113,0.06745283018867924,0.1702,654,2679,0.1,0.15,45
20,10,false,,0.10281233339755612,0.1586247077029339,0.06697460737541427,12,15,1.0,19.0,0.6571613739468568,0.0,0.3138,655,2680,0.1,0.15,45
30,15,false,,0.11302373888833278,0.1033745824132759,-0.010224067718092977,13,2,1.0,29.0,0.4649283878075652,0.0,0.2742,655,2680,0.1,0.15,45
40,20,false,,0.10943281635304766,0.12124116557265563,0.01919963838440815,25,34,1.0,39.0,0.5503746877601998,0.0,0.223,655,2680,0.1,0.15,45
50,25,true,,0.1059123812127406,0.6012615534219606,0.5012826183773559,43,46,3.0,49.0,0.8522304832713755,0.5139405204460966,0.1816,655,2680,0.1,0.15,45
20,10,false,,0.0819819359253873,0.4205025728682104,0.3360593225199804,15,17,4.0,19.0,0.8124065769805681,0.0,0.2874,656,2681,0.1,0.15,45
30,15,true,,0.09558278687670439,0.206953980347303,0.12702984328009617,22,26,2.0,29.0,0.7210031347962382,0.0,0.2936,656,2681,0.1,0.15,45
20,10,false,,0.12493830344334865,0.3194661196167028,0.2142060651591599,16,17,2.0,19.0,0.6847641669494401,0.0,0.2874,657,2682,0.1,0.15,45
30,15,false,,0.1300704105865065,0.13205386336911404,0.010478650506960785,13,2,1.0,29.0,0.5264390896921017,0.0,0.2778,657,2682,0.1,0.15,45
40,20,false,,0.32215464018362616,0.10365781950414844,-0.2305983407508534,4,1,1.0,26.0,0.2013776337115073,0.0,0.199,657,2682,0.1,0.15,45
50,25,true,,0.12199683070290496,0.41478424730564173,0.2877835843108736,44,46,1.0,49.0,0.721030042918455,0.5214592274678111,0.2066,657,2682,0.1,0.15,45
20,10,false,,0.1341411383603328,0.14008810263086682,0.01938803302167349,11,3,1.0,19.0,0.5377176015473888,0.0,0.3044,658,2683,0.1,0.15,45
30,15,false,,0.13132791267482796,0.10568910396601591,-0.027826084791181205,13,2,1.0,29.0,0.4190231362467866,0.0,0.2744,658,2683,0.1,0.15,45
40,20,false,,0.4842414776708356,0.09501357285941568,-0.3792149119081841,4,2,1.0,21.0,0.12749169435215946,0.0,0.1874,658,2683,0.1,0.15,45
50,25,false,,0.13485731717307836,0.2570025424211772,0.13189348334961803,38,2,1.0,49.0,0.5449322938038572,0.41116126384899465,0.2192,658,2683,0.1,0.15,45
60,30,true,,0.11921330427648585,0.24994495011436701,0.13084331855411746,53,56,32.0,59.0,0.7428571428571429,0.14948979591836734,0.1396,658,2683,0.1,0.15,45
20,10,false,,0.13529798613051947,0.11132018371766587,-0.028117763244778493,9,1,1.0,19.0,0.46356203341628155,0.0,0.255,659,2684,0.1,0.15,45
30,15,false,,0.10649127766054672,0.15784134246638926,0.0723945347017117,20,27,1.0,29.0,0.6143304620203602,0.0,0.2636,659,2684,0.1,0.15,45
40,20,false,,0.20705723264841502,0.09060730559216953,-0.11669240104788567,6,3,1.0,28.0,0.21526337619245126,0.0,0.2184,659,2684,0.1,0.15,45
50,25,false,,0.12859160246960352,0.10659968122365232,-0.023036397248834453,17,4,2.0,46.0,0.39708201892744477,0.062302839116719244,0.2772,659,2684,0.1,0.15,45
60,30,false,,0.129659804127378,0.10457494503917575,-0.030176990212611214,23,21,3.0,57.0,0.37261410788381744,0.07178423236514522,0.225,659,2684,0.1,0.15,45
20,10,false,,0.0950133472873391,0.14999597332995232,0.0705013561320183,10,6,2.0,18.0,0.6908244680851063,0.0,0.3226,660,2685,0.1,0.15,45
30,15,false,,0.10339686447797874,0.15802572950284105,0.0686164937506038,18,21,2.0,28.0,0.6656062212796041,0.0,0.3014,660,2685,0.1,0.15,45
40,20,false,,0.146086699823368,0.09705414842091883,-0.06407171382673726,6,1,1.0,37.0,0.3067299396031061,0.0,0.2386,660,2685,0.1,0.15,45
50,25,false,,0.17347554659178493,0.0982700178820412,-0.0851591681250709,6,2,1.0,48.0,0.3219466541881142,0.16939635002339729,0.1718,660,2685,0.1,0.15,45
60,30,false,,0.11548537136068242,0.7102220393730554,0.5903317499345032,55,56,43.0,59.0,0.9986737400530504,0.05570291777188329,0.1954,660,2685,0.1,0.15,45
20,10,false,,0.07708967706656404,0.4776604422315684,0.3956289575770373,15,16,4.0,19.0,0.9538292414803957,0.0,0.2928,661,2686,0.1,0.15,45
30,15,false,,0.11419064917080793,0.13534777857139013,0.046722612397783345,13,3,1.0,29.0,0.566193853427896,0.0,0.279,661,2686,0.1,0.15,45
40,20,true,,0.10878175808818177,0.3741514483262995,0.2696942427123199,32,35,3.0,39.0,0.7583333333333333,0.0,0.276,661,2686,0.1,0.15,45
20,10,false,,0.1261342374287968,0.1425491263755607,0.021170176248517636,12,17,2.0,19.0,0.5562461155997513,0.0,0.3176,662,2687,0.1,0.15,45
30,15,false,,0.14751734043858244,0.11996638004889211,-0.02959958582436166,10,2,1.0,29.0,0.42866779089376056,0.0,0.2792,662,2687,0.1,0.15,45
40,20,true,,0.113638261336173,0.2582955790135013,0.14352708144509604,33,35,18.0,39.0,0.7033707865168539,0.0,0.2678,662,2687,0.1,0.15,45
20,10,false,,0.09622024177634464,0.1356482424805173,0.05361506234331001,14,16,1.0,19.0,0.579232693911593,0.0,0.18,663,2688,0.1,0.15,45
30,15,false,,0.10244508985923319,0.17943374947536722,0.09647969916075165,20,25,2.0,29.0,0.6963213213213213,0.0,0.2964,663,2688,0.1,0.15,45
40,20,false,,0.11453684653709667,0.1397096755660136,0.05070863282301556,19,4,2.0,39.0,0.6254856254856255,0.0,0.266,663,2688,0.1,0.15,45
50,25,false,,0.13071425131716802,0.12153886997119731,-0.005337745000456973,25,2,1.0,49.0,0.4857261067438974,0.2225899875879189,0.2496,663,2688,0.1,0.15,45
60,30,false,,0.17905666093996894,0.11042492133937397,-0.06980075593661987,6,4,1.0,22.0,0.32997057587221523,0.0,0.2116,663,2688,0.1,0.15,45
20,10,false,,0.10871041639499418,0.5315784501767913,0.43689442252979105,15,16,3.0,19.0,0.8442294863242161,0.0,0.2988,664,2689,0.1,0.15,45
30,15,false,,0.11774480575786049,0.12458248714728842,0.009485082210463854,19,26,1.0,29.0,0.5307017543859649,0.0,0.281,664,2689,0.1,0.15,45
40,20,false,,0.11055631775619953,0.16724542225196803,0.06529723206833382,28,36,3.0,39.0,0.630937880633374,0.0,0.2458,664,2689,0.1,0.15,45
50,25,false,,0.129469900002334,0.12940827887643003,0.020399366313857248,22,46,2.0,49.0,0.5527021847451131,0.2315063242621694,0.2764,664,2689,0.1,0.15,45
60,30,false,,0.12210549294125868,0.10438283935666376,-0.030977637054761947,10,10,1.0,55.0,0.3921747042766151,0.09281164695177434,0.0884,664,2689,0.1,0.15,45
20,10,false,,0.12957322743834165,0.41739345973603215,0.2828687512075311,15,16,2.0,19.0,0.8482367758186398,0.0,0.298,665,2690,0.1,0.15,45
30,15,false,,0.17083104143174255,0.1047306679293837,-0.08887906426396613,7,1,1.0,27.0,0.24947589098532494,0.0,0.2476,665,2690,0.1,0.15,45
40,20,false,,0.123305249279397,0.1424546704227909,0.038531375020891157,26,37,1.0,39.0,0.580695584212583,0.0,0.2422,665,2690,0.1,0.15,45
50,25,false,,0.16108793220202805,0.09537902470328834,-0.07918578275613214,13,5,1.0,47.0,0.26105845181674564,0.08056872037914692,0.238,665,2690,0.1,0.15,45
60,30,false,,0.13215247708336664,0.12278497829242169,-0.008564313336773044,22,7,2.0,58.0,0.4768740031897927,0.07177033492822966,0.2482,665,2690,0.1,0.15,45
20,10,false,,0.10203355119276852,0.09974499317199755,0.0012086983079800245,7,1,1.0,19.0,0.5023419203747073,0.0,0.249,666,2691,0.1,0.15,45
30,15,false,,0.07893706413721069,0.10368276215569525,0.025484153937648038,18,25,2.0,28.0,0.5617977528089888,0.0,0.1732,666,2691,0.1,0.15,45
40,20,false,,0.5638154678171757,0.06374948670032278,-0.4922028441771551,2,1,1.0,13.0,0.06675843083275981,0.0,0.0602,666,2691,0.1,0.15,45
50,25,false,,0.14527006615452,0.06672755355693485,-0.0676773416121728,5,5,1.0,16.0,0.24981245311327832,0.0,0.0432,666,2691,0.1,0.15,45
60,30,false,,0.08511637326522334,0.08002065340209231,-0.003999591563377529,17,17,3.0,27.0,0.41935483870967744,0.0,0.026,666,2691,0.1,0.15,45
20,10,false,,0.12284233836358421,0.22799381573406277,0.12301782209592374,12,1,1.0,19.0,0.6911222780569515,0.0,0.2956,667,2692,0.1,0.15,45
30,15,false,,0.13329893224048625,0.12898404846833977,-0.010028649425334032,10,1,1.0,29.0,0.4744755244755245,0.0,0.2688,667,2692,0.1,0.15,45
40,20,false,,0.19161213376304637,0.11474065002629298,-0.08600935805338608,4,1,1.0,19.0,0.281062874251497,0.0,0.2348,667,2692,0.1,0.15,45
50,25,false,,0.126798047410553,0.16034361679625175,0.06056762823280373,33,46,1.0,49.0,0.6170454545454546,0.35,0.243,667,2692,0.1,0.15,45
60,30,false,,0.1273064590180531,0.14107550949384307,0.020216735314543086,41,53,2.0,58.0,0.5625459896983076,0.16629874908020603,0.1954,667,2692,0.1,0.15,45
20,10,true,,0.10229578517837673,0.21724650885957256,0.125201167396877,13,15,1.0,19.0,0.7209379128137384,0.0,0.309,668,2693,0.1,0.15,45
20,10,false,,0.13348414372673312,0.5250524941291723,0.40026188168432975,16,16,2.0,19.0,0.8410574412532638,0.0,0.2894,669,2694,0.1,0.15,45
30,15,false,,0.17211875804880583,0.11158686183766671,-0.08243743688332528,9,1,1.0,29.0,0.371852362883753,0.0,0.2584,669,2694,0.1,0.15,45
40,20,false,,0.13126688877527595,0.12953655115907603,0.006139447943765669,15,4,1.0,39.0,0.5201841359773371,0.0,0.266,669,2694,0.1,0.15,45
50,25,false,,0.12237356458656455,0.15987916677943326,0.05324979701649385,37,46,4.0,49.0,0.679748241392077,0.33765272121436507,0.2574,669,2694,0.1,0.15,45
60,30,true,,0.12776703905841302,0.3948231249985332,0.28071872020804617,53,56,10.0,59.0,0.7586330935251798,0.05467625899280575,0.2066,669,2694,0.1,0.15,45
20,10,false,,0.1297061398764322,0.7663693211849624,0.6311339364432057,16,17,5.0,19.0,0.8826146475017111,0.0,0.264,670,2695,0.1,0.15,45
30,15,false,,0.17462051547578403,0.08671112997769295,-0.10674279888762248,9,4,1.0,28.0,0.2527662517289073,0.0,0.2436,670,2695,0.1,0.15,45
40,20,false,,0.24261627478627504,0.07443012635384277,-0.17339093773021777,6,2,1.0,36.0,0.1325407309555262,0.0,0.1708,670,2695,0.1,0.15,45
50,25,false,,0.12206397695660161,0.08411517862130746,-0.04643656161644299,19,3,2.0,48.0,0.34161771351107095,0.24265702666064165,0.1612,670,2695,0.1,0.15,45
60,30,false,,0.175343079836496,0.0997507804406063,-0.08650199930659368,9,3,1.0,47.0,0.25320786997433703,0.041060735671514116,0.2148,670,2695,0.1,0.15,45
20,10,false,,0.12529450019579166,0.43227309678260806,0.3184049460592875,16,16,2.0,19.0,0.7513531799729364,0.0,0.292,671,2696,0.1,0.15,45
30,15,false,,0.1852648046537805,0.10179217382915137,-0.10886367580760058,5,1,1.0,23.0,0.30664708042600075,0.0,0.2672,671,2696,0.1,0.15,45
40,20,false,,0.11712029155879759,0.11565060860371797,-0.0002343616836624901,21,21,4.0,38.22499999999991,0.49889380530973454,0.0,0.2682,671,2696,0.1,0.15,45
50,25,false,,0.12080616611940861,0.128652845699767,0.027977394897402308,26,45,2.0,49.0,0.5742534301856336,0.2784503631961259,0.2518,671,2696,0.1,0.15,45
60,30,false,,0.1592307132143518,0.11217042517574241,-0.05380653800504123,8,4,1.0,42.0,0.334514842711564,0.0256978289765175,0.1896,671,2696,0.1,0.15,45
20,10,false,,0.14248298858054706,0.11277830464744756,-0.03795442458722642,8,1,1.0,18.0,0.4003322259136213,0.0,0.2904,672,2697,0.1,0.15,45
30,15,false,,0.12652629242176516,0.1383106854162463,0.01381618885761271,20,26,2.0,29.0,0.5402606080855329,0.0,0.2748,672,2697,0.1,0.15,45
40,20,false,,0.1234161892490539,0.17158171946271789,0.05324876221036619,33,36,7.0,39.0,0.6347623795280825,0.0,0.26,672,2697,0.1,0.15,45
50,25,false,,0.1215442797140298,0.17280867888292964,0.05210196190180337,38,46,17.0,49.0,0.6432706222865412,0.34081041968162085,0.258,672,2697,0.1,0.15,45
60,30,false,,0.14095527999371443,0.11867973986378193,-0.0395389834314438,16,3,1.0,56.0,0.37770320656226697,0.08612975391498881,0.192,672,2697,0.1,0.15,45
20,10,false,,0.1789756130553926,0.09538013190853833,-0.09487166657229412,6,1,1.0,18.0,0.2668252889191027,0.0,0.279,673,2698,0.1,0.15,45
30,15,false,,0.14517766651231212,0.08520528325003325,-0.07604464962600448,11,3,1.0,27.0,0.24684684684684685,0.0,0.2642,673,2698,0.1,0.15,45
40,20,false,,0.26657435270591345,0.09977173362872771,-0.17343510767853493,4,1,1.0,28.0,0.19659505472233482,0.0,0.215,673,2698,0.1,0.15,45
50,25,false,,0.12467397973239336,0.13201433221740558,0.010802944885897198,35,45,1.0,49.0,0.5267927501970056,0.3408195429472025,0.225,673,2698,0.1,0.15,45
60,30,true,,0.11582763153288322,0.3000519320964496,0.17756638792224894,50,56,22.0,59.0,0.7917150600077429,0.13472706155632985,0.221,673,2698,0.1,0.15,45
20,10,false,,0.09474650519633264,0.11252198556460677,0.03214909485614079,12,16,1.0,19.0,0.5719584569732937,0.0,0.2832,674,2699,0.1,0.15,45
30,15,false,,0.10130859418121263,0.11580591772664525,0.022084043490692984,12,8,2.0,28.0,0.5598591549295775,0.0,0.296,674,2699,0.1,0.15,45
40,20,true,,0.10188305985747366,0.211277065664663,0.11690430112165441,30,36,5.0,39.0,0.7323358270989194,0.0,0.23,674,2699,0.1,0.15,45
20,10,false,,0.13708270996712504,0.16152642775115902,0.041415790862294785,12,16,1.0,19.0,0.5712074303405573,0.0,0.316,675,2700,0.1,0.15,45
30,15,false,,0.1289327624641069,0.11189585602210587,-0.021343851867399427,15,25,2.0,29.0,0.45394963780614006,0.0,0.2876,675,2700,0.1,0.15,45
40,20,false,,0.1809614663462995,0.09381714746744013,-0.09486670271537309,7,2,1.0,29.0,0.2329192546583851,0.0,0.2258,675,2700,0.1,0.15,45
50,25,false,,0.23870845838497257,0.10414585091780035,-0.1494993600452743,7,2,1.0,47.0,0.24720447284345048,0.06150159744408946,0.2132,675,2700,0.1,0.15,45
60,30,true,,0.11822437314533818,0.23570226071171557,0.11598543251364504,51,55,34.0,59.0,0.7774849397590361,0.25865963855421686,0.2206,675,2700,0.1,0.15,45
20,10,true,,0.11346589564665542,0.26226975405260544,0.17851546037606522,13,16,2.0,19.0,0.7972465581977471,0.0,0.316,676,2701,0.1,0.15,45
20,10,false,,0.14912019483030703,0.23911646066940545,0.1332166589028509,13,16,1.0,19.0,0.6414219474497682,0.0,0.3012,677,2702,0.1,0.15,45
30,15,false,,0.12345746274384695,0.6456721975775432,0.5245106259891,26,26,6.0,29.0,0.9365079365079365,0.0,0.241,677,2702,0.1,0.15,45
40,20,false,,0.11323867706222014,0.8163911216029311,0.6991403344688951,36,38,29.0,39.0,0.9864291772688719,0.0,0.2234,677,2702,0.1,0.15,45
50,25,false,,0.1829037499734241,0.10090283322466687,-0.10420493605835944,15,1,1.0,46.0,0.28234302570585756,0.14496418036241046,0.208,677,2702,0.1,0.15,45
60,30,false,,0.12079214980522204,0.23668481971644417,0.11117720592940758,52,55,31.0,59.0,0.6877924287537218,0.2160782645682688,0.1762,677,2702,0.1,0.15,45
20,10,false,,0.14087169275505895,0.12256053460102828,-0.005749106119181169,7,2,1.0,19.0,0.491726618705036,0.0,0.2726,678,2703,0.1,0.15,45
30,15,true,,0.10592245287344004,0.3310852012867838,0.22681385300874274,22,26,2.0,29.0,0.7533136966126657,0.0,0.2776,678,2703,0.1,0.15,45
20,10,false,,0.08363989318817089,0.5009700441840359,0.4244263351951841,16,18,2.0,19.0,0.830716200689391,0.0,0.2638,679,2704,0.1,0.15,45
30,15,false,,0.10684816684933336,0.13218268026472013,0.030018262323932378,15,16,2.0,27.0,0.6100210231254379,0.0,0.3206,679,2704,0.1,0.15,45
40,20,false,,0.12043999907675323,0.1429909420125659,0.03526385313232297,19,37,1.0,38.0,0.5769230769230769,0.0,0.2368,679,2704,0.1,0.15,45
50,25,true,,0.11587241955289831,0.2296817242736808,0.11495040107256468,42,45,19.0,49.0,0.7492012779552716,0.4712460063897764,0.2572,679,2704,0.1,0.15,45
20,10,false,,0.12027756041539386,0.11133787111129258,-0.00810020439703564,9,4,1.0,19.0,0.48527397260273974,0.0,0.2956,680,2705,0.1,0.15,45
30,15,false,,0.13334649275436958,0.07560691732634967,-0.07380525237884701,8,1,1.0,27.0,0.2485453034081463,0.0,0.2238,680,2705,0.1,0.15,45
40,20,false,,0.09748528867203655,0.10342953031725767,0.00849202598232637,27,31,2.0,38.0,0.5357773851590106,0.0,0.1936,680,2705,0.1,0.15,45
50,25,false,,0.14794039648415333,0.10374202100899924,-0.04618827845198074,10,4,1.0,42.0,0.371571072319202,0.021612635078969242,0.2462,680,2705,0.1,0.15,45
60,30,false,,0.18235004209700562,0.10406748674601861,-0.08633995200872362,10,4,1.0,54.0,0.3309417040358744,0.10089686098654709,0.1852,680,2705,0.1,0.15,45
20,10,false,,0.15839578873710936,0.09258923563745265,-0.070266309738344,7,2,1.0,18.0,0.3442126514131898,0.0,0.2866,681,2706,0.1,0.15,45
30,15,false,,0.10895957787094622,0.0878080301196168,-0.03370744958636439,8,5,1.0,28.0,0.4090128755364807,0.0,0.2048,681,2706,0.1,0.15,45
40,20,false,,0.34142530746887884,0.06563198352574884,-0.29021562127531275,3,1,1.0,32.0,0.13905522288755823,0.0,0.096,681,2706,0.1,0.15,45
50,25,false,,0.8488593150456011,0.06134050265086124,-0.7822321244817179,1,1,1.0,6.0,0.0014847809948032665,0.0,0.0384,681,2706,0.1,0.15,45
60,30,false,,0.26773559890539367,0.07561128068921295,-0.1769650117269245,3,2,1.0,30.0,0.14721723518850988,0.0,0.0274,681,2706,0.1,0.15,45
20,10,false,,0.13029355496309974,0.1877471025787134,0.06454380087722267,13,16,1.0,19.0,0.6176744186046511,0.0,0.3096,682,2707,0.1,0.15,45
30,15,false,,0.14185835365405394,0.10922170528042606,-0.0641224914882038,12,1,1.0,29.0,0.35456475583864117,0.0,0.2454,682,2707,0.1,0.15,45
40,20,false,,0.12793469918718176,0.12811769467360926,0.009361664578125886,14,4,1.0,39.0,0.5207407407407407,0.0,0.2546,682,2707,0.1,0.15,45
50,25,false,,0.13469543291342423,0.11239681991833947,-0.03833591304414755,25,1,1.0,48.0,0.3610175832398055,0.19266741488963712,0.226,682,2707,0.1,0.15,45
60,30,false,,0.15350316660921604,0.12322315381151361,-0.04011951397244999,8,2,1.0,52.0,0.3581573896353167,0.052207293666026874,0.1998,682,2707,0.1,0.15,45
20,10,false,,0.14801269140813333,0.14317974378582743,-0.01050632717726327,9,4,1.0,19.0,0.4748178650617675,0.0,0.3196,683,2708,0.1,0.15,45
30,15,true,,0.12185253303284023,0.3636267962375079,0.25228419623140935,24,25,1.0,29.0,0.7462577583059511,0.0,0.2606,683,2708,0.1,0.15,45
20,10,true,,0.1466257028138746,0.41613648407534254,0.28086850841363287,13,15,1.0,19.0,0.7617459836314034,0.0,0.3072,684,2709,0.1,0.15,45
20,10,true,,0.10681051955909081,0.23205602709494244,0.14084869285844143,14,15,2.0,19.0,0.7784995128288406,0.0,0.3066,685,2710,0.1,0.15,45
20,10,false,,0.09584097457427612,0.18832079207947364,0.10983338701831576,13,16,2.0,19.0,0.6877812391831083,0.0,0.2908,686,2711,0.1,0.15,45
30,15,false,,0.10976666390578985,0.10803184536845306,0.012843096658740963,12,4,1.0,29.0,0.5404761904761904,0.0,0.2684,686,2711,0.1,0.15,45
40,20,false,,0.12220165661496672,0.09985983094969715,-0.028687335211804138,13,5,1.0,37.0,0.4184715978749489,0.0,0.2424,686,2711,0.1,0.15,45
50,25,false,,0.12416904980908677,0.12286073832604874,0.010911525656413602,17,11,2.0,48.0,0.533676703645008,0.14698890649762283,0.2826,686,2711,0.1,0.15,45
60,30,false,,0.11526473985939757,0.14776379764487518,0.030311357901771543,42,37,23.0,58.0,0.6067769897557131,0.2198581560283688,0.226,686,2711,0.1,0.15,45
20,10,false,,0.09778644261937935,0.10810459768570892,0.00597857632577492,11,16,1.0,19.0,0.5246870653685675,0.0,0.2848,687,2712,0.1,0.15,45
30,15,true,,0.09683320908309563,0.19277448378264708,0.10056028084259243,21,26,2.0,29.0,0.7160299330445057,0.0,0.2864,687,2712,0.1,0.15,45
20,10,false,,0.12730616548722526,0.1682877278942066,0.06420291919768911,13,15,1.0,19.0,0.5988567585743106,0.0,0.2794,688,2713,0.1,0.15,45
30,15,false,,0.1338663398214465,0.12227334097654668,-0.01390130018369938,12,9,1.0,28.0,0.43570973901973264,0.0,0.2888,688,2713,0.1,0.15,45
40,20,false,,0.13035440857328584,0.12063369666831457,-0.011201308654938825,14,4,1.0,35.17500000000018,0.45546276965901183,0.0,0.2786,688,2713,0.1,0.15,45
50,25,false,,0.15670167107346045,0.11374616985985873,-0.04972055433096592,9,5,1.0,48.0,0.35185185185185186,0.11333333333333333,0.2308,688,2713,0.1,0.15,45
60,30,false,,,,,,,,,,,0.0,688,2713,0.1,0.15,45
20,10,false,,0.12923059167171463,0.15334526913249688,0.030724059085709965,13,16,1.0,19.0,0.5705189430117796,0.0,0.3058,689,2714,0.1,0.15,45
30,15,false,,0.12751276765277414,0.185276573985277,0.06968076409199961,23,27,2.0,29.0,0.6112841813776393,0.0,0.2762,689,2714,0.1,0.15,45
40,20,false,,0.14653465948730784,0.10534891487693257,-0.041309768641699274,13,3,1.0,38.0,0.39161098737936156,0.0,0.2608,689,2714,0.1,0.15,45
50,25,true,,0.1102619565754605,0.30190879353735545,0.19512276169922582,43,47,27.0,49.0,0.781161185546082,0.53836784409257,0.2354,689,2714,0.1,0.15,45
20,10,false,,0.15687633902853249,0.1574853796699867,0.006471439059647394,10,1,1.0,19.0,0.5140931372549019,0.0,0.3144,690,2715,0.1,0.15,45
30,15,false,,0.18470414967268925,0.123840686672622,-0.094855473021163,7,3,1.0,27.0,0.2864401397268974,0.0,0.2576,690,2715,0.1,0.15,45
40,20,false,,0.13427250706722046,0.13946621922540317,0.010267771441974022,28,36,4.0,38.0,0.525242718446602,0.0,0.256,690,2715,0.1,0.15,45
50,25,false,,0.14619879461835206,0.10468916085555258,-0.06379261547459153,22,4,1.0,47.0,0.26423357664233577,0.13613138686131387,0.231,690,2715,0.1,0.15,45
60,30,false,,0.12252833945734604,0.6182490532921474,0.48894825344006754,55,55,43.0,59.0,0.923046721633294,0.08048684727129957,0.2094,690,2715,0.1,0.15,45
20,10,false,,0.18407272119842158,0.12423081313375962,-0.07951558625037662,5,1,1.0,18.800000000000182,0.3987363987363987,0.0,0.2328,691,2716,0.1,0.15,45
30,15,true,,0.127832988535576,0.28508162349002747,0.17135125277957933,23,27,2.0,29.0,0.7322274881516587,0.0,0.2674,691,2716,0.1,0.15,45
20,10,false,,0.1513286343064224,0.12930082682163252,-0.035266599327614584,10,1,1.0,19.0,0.45348837209302323,0.0,0.2766,692,2717,0.1,0.15,45
30,15,false,,0.13739476312334808,0.12122827779212576,-0.01645820305298072,16,23,1.0,29.0,0.4547212375120851,0.0,0.2816,692,2717,0.1,0.15,45
40,20,true,,0.11713097009327149,0.3128420884343815,0.19986124536395344,33,37,6.0,39.0,0.7582376897445391,0.0,0.25,692,2717,0.1,0.15,45
20,10,true,,0.10981985111431666,0.2145330335366681,0.13267230231804703,11,16,1.0,19.0,0.7243793761935073,0.0,0.3202,693,2718,0.1,0.15,45
20,10,false,,0.11751742780408117,0.11102385514952369,-0.006176882411945306,10,15,1.0,19.0,0.4769475357710652,0.0,0.3094,694,2719,0.1,0.15,45
30,15,false,,0.16220620612248332,0.058358661086428856,-0.11174932395901811,7,1,1.0,26.0,0.18693206404154045,0.0,0.1538,694,2719,0.1,0.15,45
40,20,false,,0.08825573265385983,0.11555189878948462,0.03330010306557418,27,30,1.0,38.0,0.5779448621553884,0.0,0.1154,694,2719,0.1,0.15,45
50,25,false,,0.08504009802466969,0.12971400845983136,0.045796746250483814,41,47,27.0,49.0,0.6636720943290286,0.41493542953396967,0.0856,694,2719,0.1,0.15,45
60,30,false,,0.7072903549538507,0.07060858218440738,-0.6350094283850793,2,1,1.0,4.0,0.0,0.0,0.0302,694,2719,0.1,0.15,45
20,10,true,,0.13385030310171167,0.26209833417815437,0.14808081025544803,14,16,2.0,19.0,0.7270229007633587,0.0,0.3096,695,2720,0.1,0.15,45
20,10,false,,0.10092082333000754,0.0778358803885909,-0.022782216656093396,7,3,1.0,19.0,0.452639751552795,0.0,0.2446,696,2721,0.1,0.15,45
30,15,true,,0.09574021190122058,0.19891524974603075,0.10495003324928384,22,24,7.0,29.0,0.727204783258595,0.0,0.3102,696,2721,0.1,0.15,45
20,10,false,,0.09838347786242982,0.17707776095705746,0.09667396102783532,14,16,1.0,19.0,0.677198325085649,0.0,0.2862,697,2722,0.1,0.15,45
30,15,false,,0.10055985156083322,0.18393922856350653,0.09665195100427064,21,26,2.0,29.0,0.6830601092896175,0.0,0.2774,697,2722,0.1,0.15,45
40,20,false,,0.13574672363996743,0.10885602742545543,-0.020784837967589537,11,2,1.0,38.0,0.4497475906379073,0.0,0.2,697,2722,0.1,0.15,45
50,25,false,,0.46309270745023157,0.0797190307701009,-0.3800400860524933,4,3,1.0,20.0,0.09646464646464646,0.0,0.1442,697,2722,0.1,0.15,45
60,30,true,,0.10814841539555341,0.39122329214866625,0.17172040246161174,44,53,26.175,58.82499999999999,0.8125,0.3233695652173913,0.0238,697,2722,0.1,0.15,45
20,10,true,,0.0975793120397576,0.1694263991678845,0.07993807983495713,12,15,2.0,19.0,0.7136407610448242,0.0,0.32,698,2723,0.1,0.15,45
20,10,false,,0.10406001718964426,0.4777527797731111,0.3691344382652074,16,16,1.0,19.0,0.817859673990078,0.0,0.2676,699,2724,0.1,0.15,45
30,15,false,,0.11589583631105276,0.1711030378052336,0.07730218575028089,19,26,1.0,29.0,0.5932850057230065,0.0,0.2586,699,2724,0.1,0.15,45
40,20,true,,0.11407040737852497,0.330103638958337,0.2135550683000643,34,36,7.0,39.0,0.7737961926091825,0.0,0.2706,699,2724,0.1,0.15,45
20,10,false,,0.13370031808934887,0.12574893543334584,-0.0167146338887664,10,2,1.0,19.0,0.4569558101472995,0.0,0.2922,700,2725,0.1,0.15,45
30,15,false,,0.10945165066183725,0.653696656142385,0.5433051323603864,25,26,11.0,29.0,0.9468280161349468,0.0,0.2836,700,2725,0.1,0.15,45
40,20,false,,0.11927543718786221,0.1262436353696322,0.012269268224028296,22,31,1.0,38.0,0.5244476638898949,0.0,0.2672,700,2725,0.1,0.15,45
50,25,false,,0.12287072745736334,0.13908680880242613,0.038306374956313505,29,44,1.0,48.0,0.6015538290788013,0.22678505364409915,0.267,700,2725,0.1,0.15,45
60,30,false,,0.1313325465536524,0.14298086575967764,0.03639757190275164,32,58,2.0,59.0,0.5940959409594095,0.07195571955719557,0.2312,700,2725,0.1,0.15,45
20,10,false,,0.13989948373960298,0.2242141385305768,0.12125507402349814,14,17,2.0,19.0,0.6631644004944376,0.0,0.311,701,2726,0.1,0.15,45
30,15,false,,0.15688018673695805,0.1125655411460351,-0.06807190391649214,9,1,1.0,28.0,0.33254637436762224,0.0,0.2638,701,2726,0.1,0.15,45
40,20,false,,0.1226886872514367,0.2520639245700834,0.14270362956936955,34,37,2.0,39.0,0.668211664735419,0.0,0.233,701,2726,0.1,0.15,45
50,25,false,,0.11474825636019133,0.210098354579249,0.10102300113250588,43,45,7.0,49.0,0.6579664978574211,0.5633034670821971,0.2308,701,2726,0.1,0.15,45
60,30,true,,0.11908937419355989,0.23217261683918844,0.11376608506792792,51,54,19.0,59.0,0.7378163959199093,0.19682659614658105,0.2354,701,2726,0.1,0.15,45
20,10,false,,0.09762152370524202,0.21610865846178,0.11901081918877582,14,16,2.0,19.0,0.6812411847672779,0.0,0.2766,702,2727,0.1,0.15,45
30,15,true,,0.10550171882896196,0.2920740486680176,0.18839225475671323,23,27,2.0,29.0,0.7673637042569081,0.0,0.2744,702,2727,0.1,0.15,45
20,10,false,,0.2266756139761853,0.10843662136129867,-0.13681605242864542,6,2,1.0,18.0,0.2907260524710189,0.0,0.2766,703,2728,0.1,0.15,45
30,15,false,,0.21646749278904,0.09935709574807625,-0.14406931609460605,6,2,1.0,29.0,0.345427059712774,0.0,0.2322,703,2728,0.1,0.15,45
40,20,false,,0.12984893930118713,0.11313460235247644,-0.012635318068644819,19,7,2.0,38.0,0.4711926605504587,0.0,0.2704,703,2728,0.1,0.15,45
50,25,false,,0.12316662955311215,0.12602599916190535,0.0036023889558378375,36,37,3.0,48.0,0.5058778915434206,0.2601441031475161,0.2572,703,2728,0.1,0.15,45
60,30,false,,0.12282929896359533,0.13969760272040832,0.020337316077803175,42,57,2.0,58.0,0.5672886065899166,0.18023025009924573,0.189,703,2728,0.1,0.15,45
20,10,false,,0.07668058384160295,0.098822105765362,0.024458772704850164,13,15,1.0,19.0,0.5457999155761925,0.0,0.1964,704,2729,0.1,0.15,45
30,15,false,,0.0916807438240147,0.07828722652249896,-0.016865233767786092,12,1,1.0,27.0,0.47962867457452296,0.0,0.107,704,2729,0.1,0.15,45
40,20,true,,0.06326315071993054,0.24950306571660585,0.1854995228549313,32,34,20.0,38.0,0.9249408983451537,0.0,0.0618,704,2729,0.1,0.15,45
20,10,false,,0.1360234822455916,0.05427513151171862,-0.07798027234724295,5,3,1.0,19.0,0.28278513455788123,0.0,0.201,705,2730,0.1,0.15,45
30,15,false,,0.6899535891474092,0.04936888583683915,-0.6547188975659222,2,1,1.0,24.0,0.17263843648208468,0.0,0.0574,705,2730,0.1,0.15,45
40,20,false,,0.07789391905392408,0.08029164755364461,0.009706169319087823,10,11,1.0,24.0,0.5703225806451613,0.0,0.069,705,2730,0.1,0.15,45
50,25,true,,0.06727491981670734,0.09639693192290723,0.03630946941484185,30,36,10.0,40.0,0.7008166295471417,0.0,0.04,705,2730,0.1,0.15,45
20,10,false,,0.07467673064343518,0.12127161478343575,0.05157827948758552,12,16,2.0,19.0,0.6542792792792793,0.0,0.2898,706,2731,0.1,0.15,45
30,15,false,,0.10697811400503661,0.10581932219223122,0.009412463865270948,12,5,1.0,28.0,0.5384615384615384,0.0,0.2692,706,2731,0.1,0.15,45
40,20,true,,0.11485573546129325,0.6027571292614624,0.48152789042268124,31,36,1.0,39.0,0.7462012320328542,0.0,0.2742,706,2731,0.1,0.15,45
20,10,false,,0.09114192808736601,0.1273487138683782,0.041686903721123436,10,13,1.0,19.0,0.6137529934998289,0.0,0.3174,707,2732,0.1,0.15,45
30,15,false,,0.5656744412648309,0.07778409353232292,-0.48769792457735583,3,1,1.0,18.0,0.0932420872540633,0.0,0.212,707,2732,0.1,0.15,45
40,20,false,,0.28391260190198125,0.0825043103891515,-0.20526093345049798,4,2,1.0,17.0,0.15554488718194912,0.0,0.1882,707,2732,0.1,0.15,45
50,25,false,,0.1144846691255137,0.14107464338468284,0.04309771831030888,25,45,2.0,48.0,0.633453381352541,0.1788715486194478,0.2872,707,2732,0.1,0.15,45
60,30,false,,0.17222924460991004,0.10049669413368331,-0.08344127135373344,9,4,1.0,32.0,0.28261851015801354,0.0,0.1788,707,2732,0.1,0.15,45
20,10,true,,0.08666181559802606,0.33611924985877756,0.2596120917476577,14,16,2.0,19.0,0.7943137943137943,0.0,0.3012,708,2733,0.1,0.15,45
20,10,true,,0.1278849900637775,0.35225357180108263,0.2279728267163738,14,16,2.0,19.0,0.7984570877531341,0.0,0.3068,709,2734,0.1,0.15,45
20,10,false,,0.14398046839970613,0.21141360002852994,0.0827179066631204,14,16,1.0,19.0,0.6612557427258805,0.0,0.298,710,2735,0.1,0.15,45
30,15,false,,0.12424125942727608,0.2088467131815211,0.09548977642806307,23,26,2.0,29.0,0.6608894702419882,0.0,0.2828,710,2735,0.1,0.15,45
40,20,false,,0.30607642688121883,0.10296367643558338,-0.1996154323310496,4,2,1.0,38.0,0.2434959349593496,0.0,0.2146,710,2735,0.1,0.15,45
50,25,false,,0.12553648706646942,0.13856410696188515,0.023519143162410883,40,46,3.0,49.0,0.5562888198757764,0.3936335403726708,0.2572,710,2735,0.1,0.15,45
60,30,false,,0.12969668346583335,0.12318473810547886,-0.0017410867251524548,33,55,2.0,58.0,0.49088202456270935,0.07927056196501675,0.2266,710,2735,0.1,0.15,45
20,10,false,,0.10096292632384694,0.26268433392017765,0.17070256893626884,15,17,3.0,19.0,0.7437288135593221,0.0,0.2922,711,2736,0.1,0.15,45
30,15,false,,0.10926471179466786,0.19189677667615704,0.09806434916770704,21,26,2.0,29.0,0.6632428466617755,0.0,0.2754,711,2736,0.1,0.15,45
40,20,false,,0.13612263474181835,0.10107826219497827,-0.05269375707649439,8,1,1.0,37.0,0.36587436332767403,0.0,0.2402,711,2736,0.1,0.15,45
50,25,false,,0.23791533151615313,0.10074978867631741,-0.14267408535921255,6,3,1.0,47.0,0.2882996632996633,0.09427609427609428,0.2216,711,2736,0.1,0.15,45
60,30,false,,0.13236591825533608,0.13538608781107586,0.01676409741610521,20,3,1.0,58.0,0.5368946963873943,0.11337432744043044,0.2366,711,2736,0.1,0.15,45
20,10,true,,0.12581737161892423,0.21868684265282573,0.11900706656137999,12,14,1.0,19.0,0.7080898185173793,0.0,0.3286,712,2737,0.1,0.15,45
20,10,true,,0.08330164627107216,0.2150968018241238,0.15541729154069384,12,16,1.0,19.0,0.77798300701884,0.0,0.2904,713,2738,0.1,0.15,45
20,10,false,,0.058705204706613376,0.5123060881009873,0.42702581436318504,15,16,1.0,19.0,0.7857142857142857,0.0,0.1628,714,2739,0.1,0.15,45
30,15,true,,0.06792791519636991,0.17031196422587885,0.10838210204175136,23,25,8.0,29.0,0.7435897435897436,0.0,0.1048,714,2739,0.1,0.15,45
20,10,false,,0.1222142098394423,0.4170568557258467,0.30275204446163073,16,16,4.0,19.0,0.74791800128123,0.0,0.281,715,2740,0.1,0.15,45
30,15,false,,0.11410453637547438,0.5003458796714374,0.39116326429409615,25,26,6.0,29.0,0.8504317789291883,0.0,0.285,715,2740,0.1,0.15,45
40,20,false,,0.11478620576413918,0.1133215845693556,-0.0012176507892680336,29,36,2.0,39.0,0.4992193598750976,0.0,0.2372,715,2740,0.1,0.15,45
50,25,false,,0.1394792607419048,0.1042305326831455,-0.03430224363519742,25,3,1.0,48.0,0.42255965292841646,0.20911062906724512,0.2058,715,2740,0.1,0.15,45
60,30,false,,0.10847437569855584,0.11228489117999235,0.005046590368143672,32,56,9.0,58.0,0.5321252059308073,0.1015925315760571,0.1108,715,2740,0.1,0.15,45
20,10,false,,0.10258807120786526,0.12048152350885538,0.022429165452834424,10,1,1.0,19.0,0.540118096561306,0.0,0.307,716,2741,0.1,0.15,45
30,15,true,,0.09941718606057644,0.16369896189076696,0.07033023656046326,24,26,5.0,29.0,0.7161803713527851,0.0,0.2952,716,2741,0.1,0.15,45
20,10,false,,0.13970870147068543,0.12503588551567704,-0.018542057454393787,8,1,1.0,19.0,0.4586296056884292,0.0,0.2758,717,2742,0.1,0.15,45
30,15,false,,0.11966993688851474,0.605907593710774,0.4943214833324824,25,26,3.0,29.0,0.8739193083573487,0.0,0.2764,717,2742,0.1,0.15,45
40,20,false,,0.12170362791911297,0.5855742671679572,0.46211471389853354,35,35,1.0,39.0,0.7691437193511882,0.0,0.2304,717,2742,0.1,0.15,45
50,25,false,,0.1288013349066405,0.12477904211175232,-0.007754682735940599,21,42,2.0,47.0,0.47464285714285714,0.21785714285714286,0.2526,717,2742,0.1,0.15,45
60,30,true,,0.12370323224361743,0.5674016613650333,0.44093882985613725,54,56,30.0,59.0,0.8756715272448197,0.0955487336914812,0.1978,717,2742,0.1,0.15,45
20,10,true,,0.0743560072984112,0.19548261789795993,0.1257241715568072,14,16,4.0,19.0,0.7690623859905145,0.0,0.2978,718,2743,0.1,0.15,45
20,10,false,,0.08961243573055816,0.14706770155653362,0.07044067465587062,12,16,1.0,19.0,0.6671378091872792,0.0,0.3072,719,2744,0.1,0.15,45
30,15,false,,0.0950117186703507,0.3703283985304573,0.28013758065242844,25,26,8.0,29.0,0.8369255795038634,0.0,0.2712,719,2744,0.1,0.15,45
40,20,false,,0.10614781299889428,0.1588251829069368,0.07153212238754161,20,38,2.0,39.0,0.6574770258980785,0.0,0.2664,719,2744,0.1,0.15,45
50,25,false,,0.1734766072882616,0.10822539084449576,-0.06761539569750105,8,3,1.0,28.0,0.32447029497299545,0.0,0.258,719,2744,0.1,0.15,45
60,30,true,,0.1227278484812547,0.3794720037878156,0.2537941629332873,51,57,3.0,59.0,0.7633587786259542,0.14302932904781038,0.2518,719,2744,0.1,0.15,45
20,10,false,,0.07100399400673774,0.09870732118625311,0.033456838711121366,11,16,1.0,19.0,0.6013787510137875,0.0,0.2592,720,2745,0.1,0.15,45
30,15,false,,0.09264771420931485,0.07556042323001992,-0.024944411552436208,12,1,1.0,26.0,0.3909217230199166,0.0,0.176,720,2745,0.1,0.15,45
40,20,false,,0.1573136184397033,0.06939098226675625,-0.09232606369902588,5,1,1.0,23.0,0.24058823529411766,0.0,0.0974,720,2745,0.1,0.15,45
50,25,true,,0.07961909588835228,0.19244949445689452,0.116718593288041,40,42,24.0,48.0,0.8048780487804879,0.37398373983739835,0.0952,720,2745,0.1,0.15,45
20,10,false,,0.11963635094038051,0.23158199846376723,0.1307603508983144,14,16,1.0,19.0,0.6515775034293553,0.0,0.291,721,2746,0.1,0.15,45
30,15,true,,0.10532257577894998,0.46273259311874904,0.3625279498646315,24,27,3.0,29.0,0.767416144489495,0.0,0.264,721,2746,0.1,0.15,45
20,10,false,,0.09588305844170027,0.14902761657051064,0.06841053763816653,12,12,1.0,19.0,0.6563965170797053,0.0,0.3104,722,2747,0.1,0.15,45
30,15,true,,0.10972781545067345,0.18984128264722053,0.10001828486818194,21,24,1.0,29.0,0.7257162823200559,0.0,0.2946,722,2747,0.1,0.15,45
20,10,true,,0.05054528763940934,0.19284304398159635,0.14568752548691197,14,16,1.0,19.0,0.731638418079096,0.0,0.1606,723,2748,0.1,0.15,45
20,10,false,,0.11512255764484404,0.2812057749279573,0.18082163404730953,14,17,2.0,19.0,0.6933900523560209,0.0,0.2984,724,2749,0.1,0.15,45
30,15,false,,0.11599662453285238,0.11686258673865359,0.006187952642041972,16,28,2.0,29.0,0.5213103205353998,0.0,0.286,724,2749,0.1,0.15,45
40,20,false,,0.12314210598065829,0.10983679901634905,-0.014642141090771638,23,36,2.0,39.0,0.4647779479326187,0.0,0.2624,724,2749,0.1,0.15,45
50,25,false,,0.16308559876727305,0.10059417651926092,-0.07071846044612728,8,3,1.0,45.0,0.2676727561556791,0.08300238284352661,0.2454,724,2749,0.1,0.15,45
60,30,false,,0.2552116560308605,0.11028289366781723,-0.14235431877360105,6,2,1.0,31.0,0.24876293297345928,0.0,0.1576,724,2749,0.1,0.15,45
20,10,false,,0.12133906908100055,0.1707547565983378,0.06509130764706197,12,16,1.0,19.0,0.6264163159598576,0.0,0.3068,725,2750,0.1,0.15,45
30,15,false,,0.128650022481859,0.1315823123234532,0.00835867733177803,15,3,1.0,29.0,0.5161839863713799,0.0,0.277,725,2750,0.1,0.15,45
40,20,false,,0.24537904420023735,0.09935366634962302,-0.15379100370226606,6,2,1.0,28.0,0.17421991084695393,0.0,0.2578,725,2750,0.1,0.15,45
50,25,false,,0.11489797078539658,0.6042240459647301,0.47136418675993974,45,45,36.0,49.0,0.9152,0.6956,0.2464,725,2750,0.1,0.15,45
60,30,false,,0.17578642730265015,0.10307097645518212,-0.09103942356055392,9,3,1.0,43.0,0.22388059701492538,0.02902155887230514,0.2162,725,2750,0.1,0.15,45
20,10,false,,0.08857229716184595,0.1256488196802721,0.046479490741971524,14,16,1.0,19.0,0.5942857142857143,0.0,0.2572,726,2751,0.1,0.15,45
30,15,false,,0.11177208683768149,0.14105186903285638,0.05471222269598568,17,2,1.0,29.0,0.60149783208514,0.0,0.2736,726,2751,0.1,0.15,45
40,20,true,,0.10853753380600716,0.31216081683211194,0.2145521065507613,32,35,4.0,39.0,0.771756329113924,0.0,0.277,726,2751,0.1,0.15,45
20,10,false,,0.04316696098103269,0.36576514012187367,0.34159710920482794,16,17,2.0,19.0,0.8575788402848423,0.0,0.1402,727,2752,0.1,0.15,45
30,15,false,,0.060588697598423974,0.6789171594011378,0.6263163853131116,25,26,2.0,29.0,0.8888245512449334,0.0,0.084,727,2752,0.1,0.15,45
40,20,false,,0.6334868903409141,0.051927689591286096,-0.5886623647162892,1,1,1.0,4.0,0.0,0.0,0.0356,727,2752,0.1,0.15,45
50,25,false,,0.06265001937007288,0.7773151164385598,0.7005226340597879,45,48,38.0,49.0,1.0,0.7441860465116279,0.0246,727,2752,0.1,0.15,45
60,30,true,,0.19508655295793043,0.2494297939520353,0.06300534936122217,27,27,19.15,32.849999999999994,0.8181818181818182,0.0,0.0042,727,2752,0.1,0.15,45
20,10,false,,0.15040232236581835,0.1155824444630396,-0.05639015364236923,6,1,1.0,18.0,0.3860085227272727,0.0,0.2534,728,2753,0.1,0.15,45
30,15,false,,0.11700212464178376,0.12455492339807361,0.018564703399908164,15,26,1.0,28.0,0.5558295174357168,0.0,0.2786,728,2753,0.1,0.15,45
40,20,true,,0.11536020133805702,0.5767939449189311,0.46876188138218733,33,36,6.0,39.0,0.8378680581438688,0.0,0.2726,728,2753,0.1,0.15,45
20,10,false,,0.11694198680918633,0.15181386920621112,0.04288455202737041,12,16,1.0,19.0,0.5617529880478087,0.0,0.2946,729,2754,0.1,0.15,45
30,15,false,,0.12719946651461633,0.074106281322,-0.06384804028854901,8,2,1.0,27.0,0.35998193315266486,0.0,0.1482,729,2754,0.1,0.15,45
40,20,false,,0.2949958059906668,0.061271681594500776,-0.2156566797726,3,1,1.0,16.0,0.1500306184935701,0.0,0.0734,729,2754,0.1,0.15,45
50,25,false,,0.08287830282179127,0.33745821554408467,0.2626974379169068,45,46,30.0,49.0,0.9134670487106017,0.7157593123209169,0.081,729,2754,0.1,0.15,45
60,30,true,,0.0785028808304517,0.3942837491560809,0.3128245246133329,54,56,45.0,59.0,0.9738872403560831,0.06112759643916914,0.0602,729,2754,0.1,0.15,45
20,10,false,,0.11428280929817122,0.1454461063614057,0.044375635295402976,12,15,1.0,19.0,0.5857891290111329,0.0,0.3102,730,2755,0.1,0.15,45
30,15,true,,0.12531140788740835,0.27717506204800885,0.15630675326683263,23,26,2.0,29.0,0.7415691672401927,0.0,0.2778,730,2755,0.1,0.15,45
20,10,false,,0.15458276936644125,0.17673770379285,0.043978154560774974,13,16,1.0,19.0,0.5652576365319346,0.0,0.3034,731,2756,0.1,0.15,45
30,15,false,,0.1324233279562088,0.11230190015293173,-0.019920878675280952,17,26,2.0,29.0,0.45871559633027525,0.0,0.2628,731,2756,0.1,0.15,45
40,20,false,,0.17396649807378026,0.08601944402933291,-0.10694443097496287,12,2,1.0,37.75,0.19280916633741604,0.0,0.2278,731,2756,0.1,0.15,45
50,25,false,,0.14087701449325643,0.11825692823558542,-0.014776964013955285,21,2,1.0,48.0,0.46214823622671425,0.2568370986920333,0.2506,731,2756,0.1,0.15,45
60,30,true,,0.1165643406689449,0.45816690926960213,0.34148212059568267,54,56,36.0,59.0,0.8097287989668532,0.0766250538097288,0.2286,731,2756,0.1,0.15,45
20,10,true,,0.10839225901777033,0.21053599219539845,0.12164617073290761,11,16,1.0,19.0,0.7531260019236935,0.0,0.322,732,2757,0.1,0.15,45
20,10,false,,0.10547516883772494,0.11369851404566937,0.013925861333333733,9,16,1.0,19.0,0.5244067796610169,0.0,0.2824,733,2758,0.1,0.15,45
30,15,false,,0.10889691112503753,0.10884095565345474,0.005174824424849803,16,28,1.0,29.0,0.513807856865033,0.0,0.2854,733,2758,0.1,0.15,45
40,20,false,,0.11480753601680066,0.15961025982178645,0.07854266654691137,23,32,1.0,38.0,0.6182186234817814,0.0,0.2688,733,2758,0.1,0.15,45
50,25,false,,0.12716280410190461,0.1342158350750878,0.01873325387172979,24,4,1.0,49.0,0.5394791236047953,0.2232327408019843,0.2396,733,2758,0.1,0.15,45
60,30,false,,0.1199986344648754,0.1491210387038609,0.036994108312513665,49,52,14.0,58.0,0.6117793446702613,0.20282040647034424,0.2026,733,2758,0.1,0.15,45
20,10,false,,0.0852746889186871,0.44144394333485537,0.345882883044907,15,16,2.0,19.0,0.8064159292035398,0.0,0.2872,734,2759,0.1,0.15,45
30,15,false,,0.1114872731926611,0.1137453796922977,0.034982364962299575,14,1,1.0,29.0,0.5201995012468827,0.0,0.1444,734,2759,0.1,0.15,45
40,20,false,,0.24827619783552893,0.06316844883896638,-0.17556599424194075,4,1,1.0,33.0,0.18094089264173704,0.0,0.0676,734,2759,0.1,0.15,45
50,25,false,,0.1250284742288878,0.13484841391250804,0.027404604810994798,32,5,1.0,49.0,0.5501889962200756,0.28475430491390175,0.2426,734,2759,0.1,0.15,45
60,30,false,,0.14373593542265897,0.09808231278441282,-0.061806337363247435,18,2,1.0,57.0,0.3030583873957368,0.0597775718257646,0.1952,734,2759,0.1,0.15,45
20,10,false,,0.06030001059241423,0.7313561619583587,0.6636884703360578,16,16,4.0,19.0,0.9315436241610738,0.0,0.205,735,2760,0.1,0.15,45
30,15,false,,0.09991569798766915,0.11583301829635427,0.028720881672606613,18,25,1.0,29.0,0.573170731707317,0.0,0.254,735,2760,0.1,0.15,45
40,20,false,,0.12507971220742922,0.12980213886328545,0.03151981287684025,11,3,1.0,38.0,0.5656814449917899,0.0,0.2644,735,2760,0.1,0.15,45
50,25,false,,0.19535846470159712,0.10126131886884703,-0.10979372783139082,9,1,1.0,48.0,0.2966321243523316,0.12132987910189982,0.2316,735,2760,0.1,0.15,45
60,30,false,,0.18604536477723085,0.1070244390614101,-0.08548222902046779,5,2,1.0,25.0,0.3034847816497574,0.0,0.1942,735,2760,0.1,0.15,45
20,10,true,,0.04083181918012925,0.14689923942689556,0.0983121176851842,13,15,3.0,19.0,0.7850646242221159,0.0,0.1452,736,2761,0.1,0.15,45
20,10,false,,0.15202602684434047,0.19167873996778334,0.05844613406227642,11,16,1.0,19.0,0.6132873707301786,0.0,0.2958,737,2762,0.1,0.15,45
30,15,false,,0.13579412067313024,0.17981414949065444,0.057768106757702456,23,26,3.0,29.0,0.5996908809891809,0.0,0.2836,737,2762,0.1,0.15,45
40,20,false,,0.17811320838150488,0.10445498924888023,-0.08973552288225577,9,2,1.0,30.0,0.19818245368752185,0.0,0.211,737,2762,0.1,0.15,45
50,25,false,,0.11918085970061025,0.17924004744702374,0.06535176300468926,43,46,8.0,49.0,0.6269372693726937,0.5247232472324723,0.2446,737,2762,0.1,0.15,45
60,30,true,,0.12016711386523948,0.25435050402382475,0.13261672549066708,52,55,33.0,59.0,0.8190623789228981,0.18558698179000388,0.2186,737,2762,0.1,0.15,45
20,10,false,,0.14035760280424892,0.16325535695535753,0.047129491631767564,9,5,1.0,19.0,0.576837416481069,0.0,0.3012,738,2763,0.1,0.15,45
30,15,false,,0.1421360072538344,0.12133689502686615,-0.021820553640519616,13,26,2.0,28.0,0.45983471074380167,0.0,0.2796,738,2763,0.1,0.15,45
40,20,true,,0.11556469094947258,0.3199337981324764,0.1899523450109193,33,36,8.0,39.0,0.747122168585221,0.0,0.2656,738,2763,0.1,0.15,45
20,10,true,,0.08032813676427833,0.3138300082995948,0.23832579724722647,14,15,2.0,19.0,0.7631096442977631,0.0,0.2938,739,2764,0.1,0.15,45
20,10,true,,0.07954052882649446,0.27696876619927285,0.20989317292007786,14,16,2.0,19.0,0.7662820989951619,0.0,0.2732,740,2765,0.1,0.15,45
20,10,false,,0.09035049644829093,0.10835757813639812,0.02421474946850613,10,15,1.0,19.0,0.5659635323560959,0.0,0.3006,741,2766,0.1,0.15,45
30,15,false,,0.10252094486524295,0.0933948994113115,-0.00990176752033109,12,1,1.0,29.0,0.47713342762847716,0.0,0.1832,741,2766,0.1,0.15,45
40,20,true,,0.10453057597885082,0.5741449585145352,0.4848391053708337,34,35,14.950000000000003,39.0,0.9003751563151313,0.0,0.2694,741,2766,0.1,0.15,45
20,10,false,,0.0826740385787556,0.161147251160637,0.07326189094688346,14,17,2.0,19.0,0.6611356932153393,0.0,0.2788,742,2767,0.1,0.15,45
30,15,true,,0.08387614563367939,0.18896414428545527,0.11175849352129928,20,25,4.0,29.0,0.7030527289546716,0.0,0.1986,742,2767,0.1,0.15,45
20,10,false,,0.07220569226178031,0.08046530309922623,0.00836784010365025,11,16,1.0,19.0,0.5478639240506329,0.0,0.2324,743,2768,0.1,0.15,45
30,15,false,,0.09912542428990011,0.21135392350778606,0.12264176703359783,22,27,3.0,29.0,0.676056338028169,0.0,0.2806,743,2768,0.1,0.15,45
40,20,true,,0.10225754715235763,0.29951120165025685,0.1979449536950586,31,36,11.0,39.0,0.8,0.0,0.2938,743,2768,0.1,0.15,45
20,10,false,,0.12326311831793225,0.1329715284807387,0.008050085225967361,9,5,1.0,19.0,0.5200865265760197,0.0,0.3312,744,2769,0.1,0.15,45
30,15,false,,0.11678564844715005,0.20638543793931402,0.10925984152731164,21,27,1.0,29.0,0.6698412698412698,0.0,0.27,744,2769,0.1,0.15,45
40,20,true,,0.10643563058634578,0.29982656194355684,0.20075888663983937,33,37,3.0,39.0,0.7579175704989154,0.0,0.2128,744,2769,0.1,0.15,45
20,10,false,,0.13205345964175869,0.19498026222781387,0.07427523644196302,14,15,2.0,19.0,0.6206467661691543,0.0,0.3124,745,2770,0.1,0.15,45
30,15,false,,0.11756541378203686,0.15009294535598464,0.036582441602203544,23,26,2.0,29.0,0.5841514726507714,0.0,0.2768,745,2770,0.1,0.15,45
40,20,false,,0.11569153581204683,0.1606084001189534,0.061601237233852385,30,37,1.0,39.0,0.5452196382428941,0.0,0.1948,745,2770,0.1,0.15,45
50,25,false,,0.10035465979814785,0.4858778001735443,0.3735468194981636,45,45,36.0,49.0,0.8803721754541427,0.7589720868409393,0.1668,745,2770,0.1,0.15,45
60,30,false,,0.11838250637146916,0.19208251976518423,0.07774323404631578,45,53,24.0,59.0,0.660828025477707,0.22531847133757962,0.2666,745,2770,0.1,0.15,45
20,10,false,,0.12362745120221863,0.1630821637326816,0.05119611946091504,10,15,1.0,19.0,0.6229716831053134,0.0,0.3258,746,2771,0.1,0.15,45
30,15,false,,0.10936224298096969,0.11070228056754414,0.006338227540447383,12,6,1.0,28.0,0.5111796453353894,0.0,0.2576,746,2771,0.1,0.15,45
40,20,true,,0.1162481238647344,0.2817789434833049,0.17741080337074067,33,36,3.0,39.0,0.74,0.0,0.2604,746,2771,0.1,0.15,45
20,10,false,,0.30153403847068305,0.09835694097197295,-0.21829520871837296,4,1,1.0,18.0,0.23917910447761195,0.0,0.2328,747,2772,0.1,0.15,45
30,15,false,,0.10959838054169131,0.18761017432058433,0.09098895781224821,21,26,2.0,29.0,0.6262192742879438,0.0,0.265,747,2772,0.1,0.15,45
40,20,false,,0.24622705195272437,0.0831254876849472,-0.17062053149446654,4,2,1.0,38.0,0.22034671532846714,0.0,0.1706,747,2772,0.1,0.15,45
50,25,true,,0.10481159279624154,0.20344536812570468,0.11399670247457444,36,47,4.0,48.0,0.7147982062780269,0.3618834080717489,0.1678,747,2772,0.1,0.15,45
20,10,false,,0.1436501848095459,0.05541472614950407,-0.09961895740918969,4,1,1.0,18.0,0.26025032369443246,0.0,0.1748,748,2773,0.1,0.15,45
30,15,false,,0.06463616318236289,0.11648027414104849,0.06011243563755813,13,28,1.0,29.0,0.6177351707609346,0.0,0.1032,748,2773,0.1,0.15,45
40,20,true,,0.07116995605048296,0.16196896213006118,0.09571772892565636,27,6,3.0,38.575000000000045,0.7057613168724279,0.0,0.049,748,2773,0.1,0.15,45
20,10,false,,0.11692608958610591,0.4125542854271997,0.31356360616339674,15,16,1.0,19.0,0.6774768353528154,0.0,0.2468,749,2774,0.1,0.15,45
30,15,false,,0.10702115936949,0.15211137562049254,0.06373652038773273,20,28,2.0,29.0,0.6190294230034391,0.0,0.2808,749,2774,0.1,0.15,45
40,20,true,,0.09881742682429054,0.4759175238903561,0.37267114471381335,34,38,11.0,39.0,0.8618134263295554,0.0,0.2168,749,2774,0.1,0.15,45
20,10,false,,0.10368187719727719,0.5886167316415528,0.4755110923313474,15,16,2.0,19.0,0.8296024056130973,0.0,0.2964,750,2775,0.1,0.15,45
30,15,false,,0.20417604172180873,0.11259982317150835,-0.1155010025494655,5,1,1.0,28.0,0.3625277161862528,0.0,0.236,750,2775,0.1,0.15,45
40,20,false,,0.16864466772192827,0.11269649816845073,-0.06257716048002435,5,2,1.0,39.0,0.3660785886126704,0.0,0.2174,750,2775,0.1,0.15,45
50,25,true,,0.11574296002699354,0.20195062068769304,0.08271220081138375,43,47,27.0,49.0,0.7218890554722639,0.5386056971514243,0.2402,750,2775,0.1,0.15,45
20,10,true,,0.10368817435888654,0.2885955292176836,0.19582429005540722,14,16,4.0,19.0,0.8312823834196891,0.0,0.2974,751,2776,0.1,0.15,45
20,10,false,,0.11981753926769739,0.16308669889624988,0.054057335842450566,12,15,1.0,19.0,0.6264760720944687,0.0,0.315,752,2777,0.1,0.15,45
30,15,false,,0.10678719342953497,0.5149231911156243,0.4136231349275036,25,27,2.0,29.0,0.8511376783648283,0.0,0.2534,752,2777,0.1,0.15,45
40,20,false,,0.12551843519858139,0.11827102762430078,0.0013815096863730725,19,3,1.0,39.0,0.5048543689320388,0.0,0.2718,752,2777,0.1,0.15,45
50,25,false,,0.12067924437323081,0.14907295000993762,0.04742723453578673,30,45,1.0,48.0,0.6215490797546013,0.22507668711656442,0.254,752,2777,0.1,0.15,45
60,30,false,,0.11620622363338538,0.18224370074279506,0.0644428469588453,48,46,31.0,59.0,0.665495706479313,0.3263075722092115,0.2168,752,2777,0.1,0.15,45
20,10,false,,0.09860146733505078,0.3537225001520532,0.2539187828279141,15,17,2.0,19.0,0.8500338524035207,0.0,0.303,753,2778,0.1,0.15,45
30,15,false,,0.14802930735391584,0.11849710566249383,-0.0345768302465845,6,1,1.0,28.0,0.421969696969697,0.0,0.2484,753,2778,0.1,0.15,45
40,20,false,,0.13284182094442373,0.10734800805134123,-0.03350087073577557,12,3,1.0,37.0,0.3862148633038121,0.0,0.2552,753,2778,0.1,0.15,45
50,25,false,,0.11680465928548327,0.17448032233596752,0.06922296638631452,39,45,7.0,49.0,0.6802483507954986,0.3694218083042297,0.2548,753,2778,0.1,0.15,45
60,30,true,,0.1195023376811329,0.1925910888408875,0.0701059437064044,50,56,21.0,58.0,0.7092651757188498,0.1597444089456869,0.1912,753,2778,0.1,0.15,45
20,10,true,,0.10485801196797997,0.1939329443691082,0.10166735490141245,12,15,1.0,19.0,0.7582738481505515,0.0,0.316,754,2779,0.1,0.15,45
20,10,false,,0.1594813122884054,0.10621977460175885,-0.07123296296005512,6,1,1.0,19.0,0.3593969144460028,0.0,0.2684,755,2780,0.1,0.15,45
30,15,false,,0.11359980166821744,0.19165129841747208,0.09109517279598947,22,25,1.0,29.0,0.6313528990694345,0.0,0.268,755,2780,0.1,0.15,45
40,20,false,,0.14401200288524818,0.08342512335652684,-0.07390672522231875,14,4,1.0,38.0,0.31223449447748514,0.0,0.2134,755,2780,0.1,0.15,45
50,25,false,,0.11263631691472302,0.08609838232281489,-0.025178151329228488,21,15,2.0,45.0,0.36537564162389174,0.07699486700886607,0.1752,755,2780,0.1,0.15,45
60,30,true,,0.10279902875718741,0.5819133193949593,0.4813393514064117,54,55,27.0,59.0,0.8413547237076648,0.11527035056446822,0.0938,755,2780,0.1,0.15,45
20,10,false,,0.1788165963174099,0.14875699810609216,-0.03772166033629168,9,1,1.0,19.0,0.43816375471051733,0.0,0.2304,756,2781,0.1,0.15,45
30,15,false,,0.15072575790664983,0.164513541569733,0.04065379855352064,20,26,1.0,29.0,0.5605858854860186,0.0,0.2624,756,2781,0.1,0.15,45
40,20,false,,0.16232926185069757,0.1130393625297271,-0.06626767153028079,15,2,1.0,37.0,0.27164849262347657,0.0,0.2596,756,2781,0.1,0.15,45
50,25,false,,0.1377890408813021,0.11550764377061587,-0.03553090881220895,35,38,3.0,49.0,0.3900560224089636,0.2265406162464986,0.2116,756,2781,0.1,0.15,45
60,30,false,,0.16397598201074365,0.12372858998650761,-0.040694539562744464,7,4,1.0,18.0,0.3102880658436214,0.0,0.1456,756,2781,0.1,0.15,45
20,10,false,,0.11575684417580964,0.5888144360001473,0.4807117985779832,15,16,1.0,19.0,0.7864619678995115,0.0,0.2806,757,2782,0.1,0.15,45
30,15,false,,0.12201460205471105,0.10576022552932687,-0.02725736660771562,21,24,2.0,29.0,0.41876509141083135,0.0,0.2722,757,2782,0.1,0.15,45
40,20,false,,0.11678338340657504,0.10358485677717273,-0.01593308470022632,24,37,2.0,39.0,0.4632745178498153,0.0,0.2246,757,2782,0.1,0.15,45
50,25,false,,0.13067713093774777,0.11587411343028511,-0.015593121962408904,18,8,1.0,48.0,0.4543370271303019,0.18761941153993122,0.281,757,2782,0.1,0.15,45
60,30,false,,0.11794639366039915,0.1668375970396812,0.05071206288963427,45,55,24.0,59.0,0.6618281679089839,0.18007061592781484,0.2638,757,2782,0.1,0.15,45
20,10,false,,0.1457733687391177,0.16564331523138792,0.03883967940080996,11,16,1.0,19.0,0.5734539969834087,0.0,0.2782,758,2783,0.1,0.15,45
30,15,false,,0.13749896867424352,0.111354071756879,-0.04206706281646659,17,26,1.0,29.0,0.4132062627637849,0.0,0.2624,758,2783,0.1,0.15,45
40,20,false,,0.13035165367142504,0.1231411236895148,-0.013653753304922807,26,2,1.0,39.0,0.4834070796460177,0.0,0.2494,758,2783,0.1,0.15,45
50,25,false,,0.16113075724777123,0.11046480096791349,-0.0614131201529127,9,4,1.0,40.0,0.29199255121042833,0.01675977653631285,0.251,758,2783,0.1,0.15,45
60,30,false,,0.19553971950207755,0.10898417019137491,-0.09747791077642119,7,3,1.0,53.0,0.2042921997523731,0.01981015270326042,0.1864,758,2783,0.1,0.15,45
20,10,true,,0.08602905088062773,0.2618105072676691,0.17958240824182425,14,14,1.0,19.0,0.7912621359223301,0.0,0.3104,759,2784,0.1,0.15,45
20,10,false,,0.055012416914115445,0.10790880502010468,0.045472933834725164,10,13,1.0,18.0,0.6307550644567219,0.0,0.16,760,2785,0.1,0.15,45
30,15,false,,0.10806193727746985,0.0635608107298413,-0.041678430324297716,5,1,1.0,23.0,0.3589905362776025,0.0,0.078,760,2785,0.1,0.15,45
40,20,false,,0.1625323873962271,0.05949800701894226,-0.113306732417331,3,2,1.0,8.0,0.21168501270110077,0.0,0.0396,760,2785,0.1,0.15,45
50,25,true,,0.0642313787408752,0.4446233092693369,0.3865375428003802,44,44,43.0,49.0,1.0,0.9127589967284624,0.0212,760,2785,0.1,0.15,45
20,10,false,,0.0374510369345255,0.5910800880428977,0.5402934150948275,16,16,4.0,19.0,0.9156812339331619,0.0,0.1274,761,2786,0.1,0.15,45
30,15,false,,0.05205407339290077,0.08781280454555272,0.03364023158603674,23,26,6.0,29.0,0.6603098927294399,0.0,0.0702,761,2786,0.1,0.15,45
40,20,true,,0.032196919462770854,0.11850885691984935,0.08088477306528963,25,19,7.0,30.0,0.9213085764809903,0.0,0.0382,761,2786,0.1,0.15,45
20,10,true,,0.09826079601091456,0.21726606698236153,0.12939701075582077,14,16,2.0,19.0,0.7473045822102425,0.0,0.2942,762,2787,0.1,0.15,45
20,10,false,,0.10760842339053388,0.38696021608309533,0.27189860933981036,15,16,2.0,19.0,0.8507915122937015,0.0,0.294,763,2788,0.1,0.15,45
30,15,false,,0.11443080618828834,0.12816844572466918,0.019552478858555128,19,27,2.0,29.0,0.5521920668058455,0.0,0.2686,763,2788,0.1,0.15,45
40,20,false,,0.11097383024432768,0.1178120879672042,0.01892130184838038,26,38,2.0,38.0,0.5607766990291262,0.0,0.2462,763,2788,0.1,0.15,45
50,25,true,,0.112187807989294,0.5461976228833372,0.428096158853472,43,46,11.400000000000006,49.0,0.8147418210484825,0.5273945605045329,0.2488,763,2788,0.1,0.15,45
20,10,false,,0.13929744487683696,0.11723669875255807,-0.032805346449505,11,2,1.0,19.0,0.44860426929392444,0.0,0.2764,764,2789,0.1,0.15,45
30,15,false,,0.1319141152535384,0.10164150446980177,-0.04647287295375251,12,1,1.0,27.0,0.35628105039034774,0.0,0.261,764,2789,0.1,0.15,45
40,20,false,,0.20747620693990582,0.09568499503519436,-0.1278047692820916,7,1,1.0,35.0,0.23716951788491447,0.0,0.258,764,2789,0.1,0.15,45
50,25,true,,0.11447789794655926,0.18263518560821548,0.07306626495839558,43,45,2.0,49.0,0.7089314194577353,0.5227272727272727,0.257,764,2789,0.1,0.15,45
20,10,false,,0.10571086275759406,0.31754305061633264,0.20999927992661915,15,17,1.0,19.0,0.754845290717443,0.0,0.2916,765,2790,0.1,0.15,45
30,15,false,,0.12164482269136978,0.1580544962735531,0.04747215325365567,19,26,1.0,29.0,0.6245756958587916,0.0,0.292,765,2790,0.1,0.15,45
40,20,false,,0.12804307356551375,0.10809517337790014,-0.025394877658847875,21,1,1.0,36.0,0.42989985693848354,0.0,0.2516,765,2790,0.1,0.15,45
50,25,false,,0.12636612317439389,0.12143200575561147,-0.001948581312855427,24,46,2.0,49.0,0.4956022944550669,0.2661567877629063,0.2358,765,2790,0.1,0.15,45
60,30,false,,0.11700362750253111,0.5121390325392159,0.3918152068976791,55,55,43.0,59.0,0.9260172626387176,0.09124537607891492,0.1876,765,2790,0.1,0.15,45
20,10,true,,0.09665297529181371,0.39618139373917827,0.3271723166737157,14,16,2.0,19.0,0.8495016611295682,0.0,0.2706,766,2791,0.1,0.15,45
20,10,false,,0.1209470713482397,0.14327970970944873,0.023357557127911988,10,13,1.0,19.0,0.5567079290732686,0.0,0.3,767,2792,0.1,0.15,45
30,15,false,,0.10962895171127618,0.1205165522748382,0.011398597045156375,19,25,3.0,28.0,0.537638006022081,0.0,0.2922,767,2792,0.1,0.15,45
40,20,false,,0.1325570277526514,0.11087373131909596,-0.025533400627867013,12,6,1.0,39.0,0.41906202723146746,0.0,0.2474,767,2792,0.1,0.15,45
50,25,false,,0.12832335539628728,0.10369703349262774,-0.0459093718096667,24,2,1.0,49.0,0.3710537105371054,0.2050020500205002,0.2306,767,2792,0.1,0.15,45
60,30,true,,0.11740966348635833,0.5604639048200611,0.44122437184902163,52,55,16.0,59.0,0.8122881355932203,0.13559322033898305,0.1928,767,2792,0.1,0.15,45
20,10,false,,0.084959036911639,0.15195070974012698,0.09100387511206248,13,16,2.0,19.0,0.6813868613138686,0.0,0.3012,768,2793,0.1,0.15,45
30,15,false,,0.1084331750323528,0.11313287785354972,0.013001135763976601,10,5,1.0,28.0,0.5312256049960968,0.0,0.29,768,2793,0.1,0.15,45
40,20,false,,0.11723268430884999,0.1593680925515065,0.0595417000750284,27,34,2.0,38.0,0.611404833836858,0.0,0.2904,768,2793,0.1,0.15,45
50,25,false,,0.14909459443020587,0.11519677877601062,-0.03231378086405651,8,1,1.0,30.0,0.39402280770743214,0.0,0.2314,768,2793,0.1,0.15,45
60,30,true,,0.11979624294750536,0.20655031474311378,0.08486903887203842,48,57,27.0,58.0,0.7359909740503949,0.20872508461827755,0.23,768,2793,0.1,0.15,45
20,10,false,,0.0635595216689966,0.5801297864729767,0.5138617067685569,16,16,3.0,19.0,0.8941029900332226,0.0,0.2302,769,2794,0.1,0.15,45
30,15,false,,0.06433774810125438,0.07889969028425067,0.002075187512650234,18,25,1.0,28.0,0.5087336244541485,0.0,0.0924,769,2794,0.1,0.15,45
40,20,true,,0.06134774707830194,0.35170685865897805,0.3055600735364719,33,33,27.0,39.0,0.9623621025308241,0.0,0.053,769,2794,0.1,0.15,45
20,10,false,,0.06797104378351512,0.3463182291750524,0.27499025817330114,15,16,5.0,19.0,0.9048169556840077,0.0,0.2542,770,2795,0.1,0.15,45
30,15,true,,0.08944945390810859,0.22053385984724497,0.12316462431966764,21,25,2.0,29.0,0.7344632768361582,0.0,0.264,770,2795,0.1,0.15,45
20,10,false,,0.10783721008349276,0.1667105287677001,0.0703266174719155,14,16,2.0,19.0,0.633355614973262,0.0,0.308,771,2796,0.1,0.15,45
30,15,false,,0.24730458030626046,0.09134265662188326,-0.17190360825590464,4,1,1.0,26.0,0.2544229149115417,0.0,0.237,771,2796,0.1,0.15,45
40,20,false,,0.13380328262170996,0.11075668380158676,-0.03184473575159121,12,1,1.0,36.0,0.43037974683544306,0.0,0.2828,771,2796,0.1,0.15,45
50,25,true,,0.11439496266337652,0.6649411396180357,0.5478939264230301,43,46,5.0,49.0,0.8336842105263158,0.5153684210526316,0.2552,771,2796,0.1,0.15,45
20,10,false,,0.1164261880559133,0.11858854032454559,0.0063065860574220145,10,15,1.0,19.0,0.522343594836147,0.0,0.2982,772,2797,0.1,0.15,45
30,15,false,,0.12275055931368185,0.13613353707822312,0.02724796646803715,18,28,1.0,29.0,0.5348230912476722,0.0,0.2388,772,2797,0.1,0.15,45
40,20,true,,0.10106524190518631,0.2741932843800584,0.17631803501706492,31,35,11.200000000000003,39.0,0.7550020416496529,0.0,0.2344,772,2797,0.1,0.15,45
20,10,false,,0.09713158115868764,0.15451507671308112,0.06406536433975368,11,1,1.0,19.0,0.6434108527131783,0.0,0.2938,773,2798,0.1,0.15,45
30,15,false,,0.18253948216615148,0.09969652277126105,-0.10440784042469531,5,1,1.0,27.0,0.33109972408356325,0.0,0.254,773,2798,0.1,0.15,45
40,20,false,,0.15790759075542718,0.0982660582574743,-0.07830097039431809,10,1,1.0,35.0,0.2802066772655008,0.0,0.26,773,2798,0.1,0.15,45
50,25,false,,0.11907796968656807,0.14459718567303767,0.03319987229718464,35,46,2.0,49.0,0.5935871743486973,0.32625250501002007,0.2524,773,2798,0.1,0.15,45
60,30,false,,0.2032344231622558,0.1067445681476679,-0.10302891091765706,8,2,1.0,38.0,0.2426202992317024,0.008896077638495753,0.2304,773,2798,0.1,0.15,45
20,10,false,,0.13086008830612927,0.1615717978591477,0.025749486688408887,12,1,1.0,19.0,0.5533240997229917,0.0,0.2448,774,2799,0.1,0.15,45
30,15,false,,0.10207129709597289,0.3266100214108839,0.2204232723765756,25,27,3.0,29.0,0.8074886535552194,0.0,0.2428,774,2799,0.1,0.15,45
40,20,true,,0.11421305102452718,0.28589958505860574,0.18801230552615372,33,36,2.0,39.0,0.702152190622598,0.0,0.2776,774,2799,0.1,0.15,45
20,10,false,,0.14369342633338206,0.1459369614131936,0.010410541596645895,8,3,1.0,18.449999999999818,0.5262488068724149,0.0,0.3036,775,2800,0.1,0.15,45
30,15,false,,0.1368239154115325,0.16577531970504483,0.0446159991909167,18,27,1.0,29.0,0.5779694757796947,0.0,0.2778,775,2800,0.1,0.15,45
40,20,false,,0.1301381396097613,0.1556853263081022,0.038491685185129534,27,37,1.0,39.0,0.5696156635242929,0.0,0.2552,775,2800,0.1,0.15,45
50,25,true,,0.11514652891250174,0.5442507418064357,0.42535965045471136,44,46,28.0,49.0,0.851213782302271,0.5783085356303838,0.2376,775,2800,0.1,0.15,45
20,10,false,,0.09138838597863023,0.18661141245080393,0.09532216243820148,14,17,2.0,19.0,0.6977680204903037,0.0,0.283,776,2801,0.1,0.15,45
30,15,false,,0.12529031274514896,0.10658555464332761,-0.018982342718846905,11,1,1.0,27.0,0.44156346749226005,0.0,0.2828,776,2801,0.1,0.15,45
40,20,false,,0.1201596156376955,0.10937105786054309,-0.004259576148116954,15,3,1.9250000000000043,38.0,0.4860541427399508,0.0,0.248,776,2801,0.1,0.15,45
50,25,false,,0.14293071899174659,0.10298987182924452,-0.05201258732652635,10,2,1.0,47.0,0.3462039045553145,0.07071583514099783,0.2448,776,2801,0.1,0.15,45
60,30,true,,0.1122246875837447,0.27770677427175666,0.16066115461668196,51,55,21.0,59.0,0.7677966101694915,0.1944915254237288,0.2266,776,2801,0.1,0.15,45
20,10,false,,0.15533772213006017,0.12623410769249077,-0.040853671789308155,7,1,1.0,18.0,0.4206323858192271,0.0,0.2936,777,2802,0.1,0.15,45
30,15,false,,0.12699201747846278,0.14145398495459205,0.03017537988869711,15,28,1.0,29.0,0.5792682926829268,0.0,0.2794,777,2802,0.1,0.15,45
40,20,false,,0.24080177435811076,0.10102130128459284,-0.14365659018289678,5,1,1.0,32.0,0.1996910003862495,0.0,0.2372,777,2802,0.1,0.15,45
50,25,false,,0.16616591197200778,0.10916768559942497,-0.08249689609282142,11,2,1.0,47.0,0.3119743692430917,0.10412494993992791,0.194,777,2802,0.1,0.15,45
60,30,true,,0.12003075466653944,0.35745682400858153,0.2184939414027877,54,56,8.0,59.0,0.7922960725075529,0.055891238670694864,0.2324,777,2802,0.1,0.15,45
20,10,false,,0.10532543352061592,0.1817473898882059,0.09294795531511557,14,17,2.0,19.0,0.6773206392383543,0.0,0.2932,778,2803,0.1,0.15,45
30,15,false,,0.13212528982816285,0.10007005847572925,-0.038694546248333114,6,2,1.0,22.125,0.3871340523882897,0.0,0.2762,778,2803,0.1,0.15,45
40,20,true,,0.11383924220720464,0.3496124499509066,0.23754609397950746,33,36,4.0,39.0,0.7532123960695389,0.0,0.2632,778,2803,0.1,0.15,45
20,10,false,,0.1250990294651543,0.2551801959720619,0.18022759131014396,12,18,1.0,19.0,0.642512077294686,0.0,0.2944,779,2804,0.1,0.15,45
30,15,false,,0.1206467505111221,0.1495292224571132,0.038937006690298315,20,24,2.0,29.0,0.6173590003377237,0.0,0.2862,779,2804,0.1,0.15,45
40,20,false,,0.11678810281122026,0.16814741084352014,0.05896528999086534,34,35,5.0,39.0,0.6608929946112394,0.0,0.2458,779,2804,0.1,0.15,45
50,25,false,,0.13898590286459525,0.10852201405638896,-0.04838070284460641,25,1,1.0,47.0,0.34449942900647124,0.12447658926532167,0.2338,779,2804,0.1,0.15,45
60,30,false,,0.12408616524664058,0.1400469738995327,0.02109232263785442,35,53,4.0,58.0,0.5867588213895962,0.1054929065114587,0.2202,779,2804,0.1,0.15,45
20,10,false,,0.13099292934209952,0.5688547440281508,0.4532403387090647,16,17,2.0,19.0,0.8038815117466803,0.0,0.2822,780,2805,0.1,0.15,45
30,15,false,,0.11044504623029705,0.18172521830777513,0.08862988576591442,23,26,3.0,29.0,0.6900175131348512,0.0,0.2948,780,2805,0.1,0.15,45
40,20,false,,0.11526548466291311,0.16149256135818865,0.06749111712892697,23,37,1.0,39.0,0.6775510204081633,0.0,0.2668,780,2805,0.1,0.15,45
50,25,false,,0.12493276912064163,0.12346944819840097,0.0036905945546882313,30,32,2.0,48.0,0.5093843843843844,0.17192192192192193,0.2302,780,2805,0.1,0.15,45
60,30,false,,0.4330751729037313,0.10624255846397829,-0.3194716884661124,3,2,1.0,20.0,0.08362369337979095,0.0,0.1846,780,2805,0.1,0.15,45
20,10,false,,0.1810033821443352,0.12673490498357584,-0.06925255737590065,5,2,1.0,18.0,0.3994592767826969,0.0,0.273,781,2806,0.1,0.15,45
30,15,false,,0.14450803926955855,0.10963045171364068,-0.04950854066754936,9,6,1.0,29.0,0.3542361574382922,0.0,0.2748,781,2806,0.1,0.15,45
40,20,false,,0.14831120339113651,0.11136549307529309,-0.05281403402906297,13,3,1.0,38.0,0.38488825824760553,0.0,0.2598,781,2806,0.1,0.15,45
50,25,false,,0.11837037596617164,0.2068747506894326,0.09550103530791312,42,45,13.0,49.0,0.695814648729447,0.4760837070254111,0.2204,781,2806,0.1,0.15,45
60,30,false,,0.1647661008852674,0.10707851907977789,-0.06833353065109327,11,4,1.0,37.0,0.20782674772036475,0.001899696048632219,0.2444,781,2806,0.1,0.15,45
20,10,false,,0.11100674781276847,0.17448536299880008,0.08348992033263998,13,15,1.0,19.0,0.6563446650959273,0.0,0.3046,782,2807,0.1,0.15,45
30,15,false,,0.46381771496200525,0.10740865291615947,-0.3653715644626666,3,1,1.0,27.0,0.2630957069712485,0.0,0.2296,782,2807,0.1,0.15,45
40,20,false,,0.1154647711308176,0.13634300700006396,0.026424212346814288,24,37,2.0,39.0,0.5836894586894587,0.0,0.2786,782,2807,0.1,0.15,45
50,25,false,,0.1273899477063707,0.14695453608099124,0.02609648362434852,39,45,1.0,49.0,0.5480427046263345,0.387504942665085,0.2298,782,2807,0.1,0.15,45
60,30,true,,0.1205706866078729,0.6477518447597987,0.5182087110945506,54,55,42.0,59.0,0.932570977917981,0.13840694006309148,0.2556,782,2807,0.1,0.15,45
20,10,false,,0.13091778599029735,0.1080780517614953,-0.0315454460744104,9,3,1.0,19.0,0.4377895433487756,0.0,0.2948,783,2808,0.1,0.15,45
30,15,false,,0.11128480131840315,0.1306494109942772,0.025100303010786654,18,26,2.0,29.0,0.5587447378492154,0.0,0.2794,783,2808,0.1,0.15,45
40,20,false,,0.11468136233799105,0.1325292449274041,0.028137139251125487,24,34,1.0,38.0,0.5361719718892104,0.0,0.2522,783,2808,0.1,0.15,45
50,25,false,,0.1737616471915275,0.08686543663234177,-0.09926196512914029,8,4,1.0,46.0,0.27068345323741005,0.12365107913669064,0.1796,783,2808,0.1,0.15,45
60,30,true,,0.10758613708309145,0.17616744149914934,0.07003909392564428,51,54,29.0,58.0,0.7119402985074627,0.17313432835820897,0.1318,783,2808,0.1,0.15,45
20,10,true,,0.11111328226866192,0.2734501890647261,0.17896209158813817,13,15,2.0,19.0,0.818293809670465,0.0,0.339,784,2809,0.1,0.15,45
20,10,true,,0.09000590570823384,0.4418937450842849,0.35845888160158057,14,16,1.0,19.0,0.7787450126949583,0.0,0.2868,785,2810,0.1,0.15,45
20,10,false,,0.14441522670828152,0.14298235820330796,0.0022637367138967635,12,18,1.0,19.0,0.5078173858661663,0.0,0.3076,786,2811,0.1,0.15,45
30,15,false,,0.12510937374609635,0.6508421429682824,0.5305750559406425,26,25,16.0,29.0,0.8910437235543018,0.0,0.2448,786,2811,0.1,0.15,45
40,20,false,,0.13706637874126598,0.11771317724016071,-0.026899428263828865,21,27,2.0,38.0,0.41046473838154046,0.0,0.2686,786,2811,0.1,0.15,45
50,25,false,,0.13107638852294157,0.13896602080325865,0.007950455501337814,33,47,2.0,49.0,0.5368421052631579,0.25228070175438594,0.2242,786,2811,0.1,0.15,45
60,30,false,,0.1263200016151953,0.5687939191858814,0.44341334881068795,55,56,45.0,59.0,0.8855072463768116,0.0641304347826087,0.2008,786,2811,0.1,0.15,45
20,10,false,,0.09156275738696916,0.14422165128297496,0.062132569234116114,14,17,2.0,19.0,0.6417651146629604,0.0,0.2904,787,2812,0.1,0.15,45
30,15,false,,0.10813031127533769,0.14587883394304257,0.05246961065445008,21,27,1.0,29.0,0.5742331288343558,0.0,0.2398,787,2812,0.1,0.15,45
40,20,false,,0.15694172648791313,0.10125473509430136,-0.06420924126480505,10,1,1.0,38.0,0.39752348420153716,0.0,0.2278,787,2812,0.1,0.15,45
50,25,true,,0.10803530821956032,0.4016028332569223,0.29590790180240245,44,46,4.0,49.0,0.845114813147231,0.6303466906798739,0.2042,787,2812,0.1,0.15,45
20,10,false,,0.12291406353877306,0.6351894720775452,0.5136545164268089,15,16,3.0,19.0,0.9192691029900332,0.0,0.275,788,2813,0.1,0.15,45
30,15,false,,0.11847159179957961,0.19660772812263003,0.09763725526026265,23,26,3.0,29.0,0.6710929519918284,0.0,0.279,788,2813,0.1,0.15,45
40,20,false,,0.11745444376342534,0.13998121445157202,0.026652532717851368,31,34,10.0,39.0,0.5991561181434599,0.0,0.263,788,2813,0.1,0.15,45
50,25,false,,0.3345453824379314,0.0981327051758987,-0.2411015938197836,5,3,1.0,20.0,0.14979253112033195,0.0,0.201,788,2813,0.1,0.15,45
60,30,false,,0.32728079413353633,0.10956692870993254,-0.221395594544608,4,2,1.0,56.0,0.18496621621621623,0.026182432432432432,0.169,788,2813,0.1,0.15,45
20,10,false,,0.1663328150300298,0.12857839562776077,-0.050946957456694975,10,16,1.0,19.0,0.4054540005993407,0.0,0.3056,789,2814,0.1,0.15,45
30,15,true,,0.12208548171366024,0.23342545432129885,0.11937147174341058,23,26,3.0,29.0,0.7200392927308448,0.0,0.2784,789,2814,0.1,0.15,45
20,10,false,,0.13935225301695373,0.13381974255065393,0.009602051290577202,12,15,2.0,19.0,0.5109534094415303,0.0,0.323,790,2815,0.1,0.15,45
30,15,false,,0.12794854229814698,0.08151527977925926,-0.06666733295659281,15,3,2.0,29.0,0.33585190782017377,0.0,0.2464,790,2815,0.1,0.15,45
40,20,false,,0.1476954864398915,0.10834417133975774,-0.04383389115614855,10,4,1.0,38.0,0.4035552193645991,0.0,0.274,790,2815,0.1,0.15,45
50,25,true,,0.1155113905647262,0.3013413039954506,0.19181386267614436,43,45,2.0,49.0,0.7112299465240641,0.48868778280542985,0.247,790,2815,0.1,0.15,45
20,10,false,,0.10742918881144688,0.12883281089176457,0.04145750106666812,11,1,1.0,19.0,0.5407915993537964,0.0,0.231,791,2816,0.1,0.15,45
30,15,true,,0.09448856326708256,0.19258292447639272,0.10096745485575612,21,25,4.0,29.0,0.7632468996617813,0.0,0.3082,791,2816,0.1,0.15,45
20,10,true,,0.04469612352779356,0.18036070092912496,0.13569193608348545,14,16,1.0,19.0,0.7942408376963351,0.0,0.1292,792,2817,0.1,0.15,45
20,10,false,,0.13476848602161368,0.10619763124418115,-0.037551115052193516,7,3,1.0,19.0,0.4083820662768031,0.0,0.3036,793,2818,0.1,0.15,45
30,15,false,,0.12885941144796598,0.11217696449993306,-0.02272801269241667,10,4,1.0,27.0,0.43853469531525185,0.0,0.2888,793,2818,0.1,0.15,45
40,20,false,,0.1142128105591396,0.17935414580160608,0.08203192770292839,24,37,4.0,39.0,0.6952695269526953,0.0,0.2654,793,2818,0.1,0.15,45
50,25,false,,0.14009738348447692,0.11412298215511449,-0.02657990783436074,10,4,1.0,44.0,0.3829623944742901,0.04144282425172678,0.2516,793,2818,0.1,0.15,45
60,30,true,,0.12560604905361783,0.22250785964446076,0.10726281781110444,41,56,15.0,59.0,0.7868734222863325,0.09159754778218536,0.2202,793,2818,0.1,0.15,45
20,10,true,,0.11582722968241287,0.24666110692380247,0.13440329065760326,14,16,2.0,19.0,0.7083060824068018,0.0,0.2758,794,2819,0.1,0.15,45
20,10,false,,0.08514870432699827,0.11075470130516668,0.03874292937842106,11,16,1.0,18.0,0.6116185604676653,0.0,0.2816,795,2820,0.1,0.15,45
30,15,true,,0.08346919976279432,0.38723401242434363,0.29297885772030763,23,26,1.0,29.0,0.8309370352007932,0.0,0.1838,795,2820,0.1,0.15,45
20,10,false,,0.13066537822826765,0.14528816560676436,0.03645828090242574,9,1,1.0,19.0,0.5529451821586653,0.0,0.2724,796,2821,0.1,0.15,45
30,15,false,,0.12390099037931382,0.19289512547269014,0.08816991388584197,20,24,1.0,28.0,0.6948419301164726,0.0,0.2788,796,2821,0.1,0.15,45
40,20,false,,0.5558685845085849,0.10556100918930779,-0.46061532280803513,3,1,1.0,38.0,0.16012084592145015,0.0,0.1618,796,2821,0.1,0.15,45
50,25,false,,0.12623902581393698,0.14798816732517478,0.05660051049974057,22,46,3.0,49.0,0.6072234762979684,0.3201655379984951,0.2324,796,2821,0.1,0.15,45
60,30,false,,0.13697775105062354,0.12634301247751642,-0.009388373402758284,16,2,1.0,58.0,0.46299151888974555,0.04548959136468774,0.2264,796,2821,0.1,0.15,45
20,10,true,,0.05604894631907915,0.23055120819211486,0.1863985759852128,14,16,1.0,19.0,0.7080858839652809,0.0,0.1798,797,2822,0.1,0.15,45
20,10,true,,0.088089625562807,0.29898400496380645,0.2179083729254746,14,16,4.0,19.0,0.8233713901947616,0.0,0.318,798,2823,0.1,0.15,45
20,10,false,,0.11346694914155737,0.15766976466334176,0.06923675864978107,13,16,1.0,19.0,0.6117241379310345,0.0,0.2806,799,2824,0.1,0.15,45
30,15,false,,0.14332163290782612,0.0777255066714952,-0.07358657089145433,8,4,1.0,28.0,0.3060221220811143,0.0,0.233,799,2824,0.1,0.15,45
40,20,true,,0.10682202688585705,0.3379872014449645,0.22989632970551888,34,35,20.0,39.0,0.854739433729996,0.0,0.266,799,2824,0.1,0.15,45
20,10,false,,0.13479531858211277,0.14132435299814167,0.016543191216755487,8,2,1.0,18.0,0.5319499341238472,0.0,0.272,800,2825,0.1,0.15,45
30,15,false,,0.10144290452057385,0.15660772340705262,0.06950693807372486,19,26,2.0,29.0,0.6275783040488923,0.0,0.262,800,2825,0.1,0.15,45
40,20,false,,0.13199345249673158,0.12740992317090283,0.00714638317331967,12,1,1.0,38.0,0.5108783239323127,0.0,0.2782,800,2825,0.1,0.15,45
50,25,false,,0.12159992009260255,0.11930678453644364,-0.00022879719615105654,25,1,1.0,46.94999999999982,0.4938565200158541,0.15338882282996433,0.2688,800,2825,0.1,0.15,45
60,30,true,,0.11913521654640459,0.5355620358152902,0.41051443478552735,53,56,33.0,59.0,0.880548829701372,0.162227602905569,0.251,800,2825,0.1,0.15,45
20,10,false,,0.12277915969195576,0.09321856487347813,-0.044856211020864,8,1,1.0,19.0,0.42709132770529545,0.0,0.2412,801,2826,0.1,0.15,45
30,15,false,,0.07586804622635675,0.705012734632211,0.6226072524973514,26,26,20.0,29.0,1.0,0.0,0.1616,801,2826,0.1,0.15,45
40,20,true,,0.07556647197682678,0.15735218839253873,0.08045932808954015,32,29,17.0,39.0,0.8041025641025641,0.0,0.1088,801,2826,0.1,0.15,45
20,10,false,,0.18724703996908157,0.11092428442053798,-0.09836238374012013,7,3,1.0,18.0,0.28139463128663994,0.0,0.2914,802,2827,0.1,0.15,45
30,15,false,,0.13290310598473598,0.15405713686873748,0.040343564534364426,16,27,1.0,29.0,0.5810588622163761,0.0,0.2816,802,2827,0.1,0.15,45
40,20,false,,0.12679853355306014,0.20552861882607742,0.09275418016239213,33,36,3.0,39.0,0.6428814135236154,0.0,0.2518,802,2827,0.1,0.15,45
50,25,false,,0.15091108376209977,0.11483087826852607,-0.05095111811989908,12,3,1.0,47.0,0.3352601156069364,0.10765895953757225,0.2238,802,2827,0.1,0.15,45
60,30,true,,0.1228646118946348,0.5441820720947692,0.41547819172099715,54,56,19.0,59.0,0.8954198473282443,0.11717557251908398,0.2104,802,2827,0.1,0.15,45
20,10,false,,0.053378795859368076,0.704788549533828,0.6355095456629696,17,17,7.225000000000001,19.0,0.988780487804878,0.0,0.1752,803,2828,0.1,0.15,45
30,15,false,,0.05261991958477556,0.10243486172264227,0.04152085193729067,20,18,8.0,29.0,0.6612802983219391,0.0,0.0764,803,2828,0.1,0.15,45
40,20,false,,0.20458992552149097,0.05275797232295965,-0.14144480220830136,2,1,1.0,19.0,0.15751575157515751,0.0,0.0278,803,2828,0.1,0.15,45
50,25,false,,0.07212517337089981,0.06479835801542079,0.0024707843258681694,8,9,2.0,14.0,0.5441176470588235,0.0,0.0252,803,2828,0.1,0.15,45
60,30,true,,0.05033998944708766,0.18746425277776052,0.14195986577096803,45,47,32.0,50.0,0.9678899082568807,0.6944954128440367,0.017,803,2828,0.1,0.15,45
20,10,false,,0.08659100291210933,0.18758225043349303,0.10159514589537331,14,18,1.0,19.0,0.6988082340195017,0.0,0.2802,804,2829,0.1,0.15,45
30,15,true,,0.10083495664766269,0.249020216082385,0.15561639930792998,23,26,4.0,29.0,0.779547980733605,0.0,0.2808,804,2829,0.1,0.15,45
20,10,false,,0.16214223115407286,0.11200552763894317,-0.06321870008462735,9,8,1.0,19.0,0.3998158944461491,0.0,0.2922,805,2830,0.1,0.15,45
30,15,false,,0.10370868748910536,0.08900400229780148,-0.021372865935014237,19,22,3.0,29.0,0.45063879210220675,0.0,0.223,805,2830,0.1,0.15,45
40,20,false,,0.18766369074358671,0.06261790026960729,-0.1291270423118752,7,8,1.0,16.0,0.11761684643040575,0.0,0.1254,805,2830,0.1,0.15,45
50,25,false,,0.11994659828497509,0.07482763440496851,-0.054015125178441384,10,9,1.0,47.0,0.28656361474435194,0.13317479191438764,0.0868,805,2830,0.1,0.15,45
60,30,true,,0.08193688436099617,0.16760008895263637,0.08883006837214996,48,53,31.0,59.0,0.788750817527796,0.2354480052321779,0.0472,805,2830,0.1,0.15,45
20,10,false,,0.14030624195064942,0.126559927354749,-0.013007154796506479,13,15,1.0,19.0,0.4722136935830519,0.0,0.3048,806,2831,0.1,0.15,45
30,15,false,,0.13212511723594633,0.1202959768273035,-0.006240276864139846,14,9,1.0,29.0,0.48410596026490066,0.0,0.2902,806,2831,0.1,0.15,45
40,20,false,,0.30681200266869885,0.1033091500810296,-0.21294256462704614,4,2,1.0,17.0,0.17396496815286625,0.0,0.2162,806,2831,0.1,0.15,45
50,25,false,,0.1497910710937736,0.11029195726001888,-0.050375102180431675,11,3,1.0,43.0,0.3531760435571688,0.047186932849364795,0.2482,806,2831,0.1,0.15,45
60,30,true,,0.12354956354674067,0.19047322770126207,0.07097659890843738,51,55,4.0,59.0,0.717629846378932,0.1872713972201902,0.197,806,2831,0.1,0.15,45
20,10,false,,0.09432304506944894,0.5651220066171603,0.4753009429120215,16,16,2.0,19.0,0.8226106359241354,0.0,0.256,807,2832,0.1,0.15,45
30,15,true,,0.09451220685264891,0.2668926975107161,0.1769384345217314,24,26,8.0,29.0,0.7520726411369917,0.0,0.263,807,2832,0.1,0.15,45
20,10,false,,0.08960939708757887,0.11760314347269846,0.03593004356949791,12,16,1.0,19.0,0.589086859688196,0.0,0.2866,808,2833,0.1,0.15,45
30,15,false,,0.07819201927112766,0.21248531817456268,0.14001088558244626,20,26,2.0,29.0,0.6966779008184882,0.0,0.1814,808,2833,0.1,0.15,45
40,20,true,,0.08285107529696889,0.1770602425844586,0.10403852551286051,32,37,2.0,39.0,0.7548005908419497,0.0,0.1114,808,2833,0.1,0.15,45
20,10,false,,0.13575497784012577,0.1599418036077393,0.03659213059352445,6,1,1.0,19.0,0.5572987721691678,0.0,0.2834,809,2834,0.1,0.15,45
30,15,false,,0.11317296098552962,0.15413338935260876,0.05558989722634652,22,26,1.0,29.0,0.630074126367808,0.0,0.3,809,2834,0.1,0.15,45
40,20,false,,0.11648960135686287,0.17889765845920955,0.06806648994992484,31,35,3.0,39.0,0.6332357247437774,0.0,0.283,809,2834,0.1,0.15,45
50,25,false,,0.1315931442374001,0.13121302113795216,0.02084118209319266,17,2,1.0,48.0,0.5343235648334003,0.20634283420313126,0.2518,809,2834,0.1,0.15,45
60,30,true,,0.11814000467591024,0.26674229546452,0.14931418726867943,52,51,30.825000000000003,59.0,0.7886014551333872,0.18108326596604687,0.1932,809,2834,0.1,0.15,45
20,10,false,,0.14141479099534401,0.242261451785192,0.1233851061945172,14,16,2.0,19.0,0.6738066095471236,0.0,0.297,810,2835,0.1,0.15,45
30,15,false,,0.1261383391444297,0.20551482170243154,0.09351754810736697,21,21,9.0,29.0,0.6961479198767334,0.0,0.288,810,2835,0.1,0.15,45
40,20,false,,0.1293212224524041,0.29829549829805296,0.18680930616402416,31,36,1.0,39.0,0.6713111825652018,0.0,0.2374,810,2835,0.1,0.15,45
50,25,false,,0.1492842809434032,0.11760876677516512,-0.03723918101340999,12,8,2.0,34.0,0.34843205574912894,0.0,0.2272,810,2835,0.1,0.15,45
60,30,true,,0.1267026343123789,0.33385600976703333,0.21218573903714016,54,56,29.075000000000003,59.0,0.8256150506512301,0.1052821997105644,0.2254,810,2835,0.1,0.15,45
20,10,true,,0.11643321235341149,0.2031997151046766,0.10852842450631067,13,16,2.0,19.0,0.7373369730057628,0.0,0.3102,811,2836,0.1,0.15,45
20,10,false,,0.12065765096061934,0.33991986459765144,0.25150532331504094,14,1,1.0,19.0,0.6725789286981199,0.0,0.2668,812,2837,0.1,0.15,45
30,15,false,,0.1145091959718635,0.14112035173193918,0.044349614058099146,19,27,2.0,29.0,0.5970524802300503,0.0,0.2716,812,2837,0.1,0.15,45
40,20,false,,0.11907592489568285,0.12103186944825867,0.0075241463011482546,24,37,1.0,39.0,0.5107458912768648,0.0,0.2148,812,2837,0.1,0.15,45
50,25,false,,0.12289951686148096,0.11584156895710115,-0.00842891671889634,29,3,2.0,48.0,0.4733517568101066,0.17094354520331623,0.2576,812,2837,0.1,0.15,45
60,30,true,,0.11849759039328753,0.26404825052573744,0.14532837017282207,52,55,31.0,59.0,0.8035576179427688,0.1945088940448569,0.2228,812,2837,0.1,0.15,45
20,10,false,,0.12408674343610379,0.21606127103681033,0.09635948389061322,14,17,3.0,19.0,0.6665619107479572,0.0,0.3068,813,2838,0.1,0.15,45
30,15,false,,0.12555503325738748,0.08637118605082905,-0.05008919674597605,13,4,2.0,28.0,0.3647194465795542,0.0,0.249,813,2838,0.1,0.15,45
40,20,false,,0.10635978039283622,0.10032373366075137,0.0018800086704589547,23,35,3.0,39.0,0.5075488454706927,0.0,0.1716,813,2838,0.1,0.15,45
50,25,false,,0.12739193028997198,0.07622720471117969,-0.05398824572193002,14,4,1.0,48.0,0.3220250521920668,0.17484342379958245,0.1036,813,2838,0.1,0.15,45
60,30,false,,0.15643759727208342,0.10062935190856027,-0.06071365877439787,9,6,1.0,51.0,0.25872576177285317,0.06315789473684211,0.1478,813,2838,0.1,0.15,45
20,10,false,,0.0854197581224149,0.09712761125715509,0.014795331509378212,8,1,1.0,18.0,0.5436817472698908,0.0,0.2594,814,2839,0.1,0.15,45
30,15,false,,0.11816843893036132,0.11621407662308886,-0.009416422773323083,17,1,1.0,29.0,0.4839486356340289,0.0,0.257,814,2839,0.1,0.15,45
40,20,true,,0.1096624584195178,0.28283088361307257,0.1921878952109704,33,35,3.0,39.0,0.7597348798674399,0.0,0.2572,814,2839,0.1,0.15,45
20,10,true,,0.0902108974036541,0.21696060540486367,0.13532956932766094,14,15,4.0,19.0,0.7988407773610637,0.0,0.3086,815,2840,0.1,0.15,45
20,10,false,,0.0843094180544135,0.5509704042623057,0.4622382190024792,16,17,7.0,19.0,0.8818147159740755,0.0,0.2758,816,2841,0.1,0.15,45
30,15,false,,0.11283114481194213,0.14022838839232923,0.036990026099004814,17,2,1.0,28.0,0.5816287147819375,0.0,0.2564,816,2841,0.1,0.15,45
40,20,false,,0.10917154831644461,0.5719014996996215,0.48065897504087784,35,36,3.0,39.0,0.8731375053214133,0.0,0.2446,816,2841,0.1,0.15,45
50,25,false,,0.12346840365983312,0.11433135592178044,-0.0073632715831858445,14,3,1.0,43.72499999999991,0.4800163132137031,0.02406199021207178,0.2654,816,2841,0.1,0.15,45
60,30,true,,0.11598543861838105,0.6911547046443736,0.5658394594527625,54,55,40.0,59.0,0.9631774927596194,0.11005378568473315,0.2172,816,2841,0.1,0.15,45
20,10,false,,0.1293619373393137,0.19351753380602363,0.09790539888883003,12,16,1.0,19.0,0.6713021491782554,0.0,0.3074,817,2842,0.1,0.15,45
30,15,false,,0.12044886559389217,0.3621703297454826,0.24720358502175527,25,27,2.0,29.0,0.7577929057685417,0.0,0.2604,817,2842,0.1,0.15,45
40,20,false,,0.12014208888830802,0.13399910084124558,0.02825250259573364,23,35,2.0,39.0,0.5934782608695652,0.0,0.2688,817,2842,0.1,0.15,45
50,25,true,,0.12113154497410543,0.24506080268996408,0.12633882890794063,42,46,29.0,49.0,0.7494553376906318,0.49927378358750907,0.2342,817,2842,0.1,0.15,45
20,10,false,,0.33227120906946855,0.07250247780734502,-0.2789747292168517,3,1,1.0,18.0,0.19131161236424393,0.0,0.2072,818,2843,0.1,0.15,45
30,15,false,,0.10078176479105945,0.15710735130389358,0.07284951488812415,22,26,2.0,29.0,0.6611791730474732,0.0,0.2864,818,2843,0.1,0.15,45
40,20,false,,0.20489943696870513,0.09595909264816713,-0.11364133552340487,5,2,1.0,37.0,0.27335640138408307,0.0,0.2486,818,2843,0.1,0.15,45
50,25,false,,0.11861837642365435,0.13281788462664385,0.01567385182929215,29,35,2.5250000000000057,48.0,0.5641754670999187,0.17668562144597888,0.2754,818,2843,0.1,0.15,45
60,30,true,,0.1145889525841619,0.43136128314144423,0.307799306800123,54,55,41.0,59.0,0.8778320746334962,0.2145713016437139,0.1944,818,2843,0.1,0.15,45
20,10,false,,0.10030779241720367,0.15527192015180383,0.06513259570969814,10,2,1.0,18.0,0.6491963661774982,0.0,0.277,819,2844,0.1,0.15,45
30,15,false,,0.10761066552695377,0.13485944108312548,0.04511430390367248,21,26,1.0,29.0,0.5899224806201551,0.0,0.2704,819,2844,0.1,0.15,45
40,20,true,,0.09590079921151946,0.37770328789860697,0.2653687248471734,34,36,24.0,39.0,0.9036973344797936,0.0,0.2182,819,2844,0.1,0.15,45
20,10,false,,0.11147094270379986,0.16248153969862505,0.07327393571790575,12,16,1.0,19.0,0.670280612244898,0.0,0.3206,820,2845,0.1,0.15,45
30,15,false,,0.27010106871102263,0.08912684184157697,-0.18751302605572556,4,2,1.0,26.0,0.20504605526631958,0.0,0.2536,820,2845,0.1,0.15,45
40,20,false,,0.1205566483027925,0.11594118098441238,-0.014003691335648272,20,5,1.0,36.0,0.45663454410674575,0.0,0.2676,820,2845,0.1,0.15,45
50,25,false,,0.20597175158492445,0.10832657634820678,-0.1035458778732071,5,1,1.0,24.0,0.2719966159052453,0.0,0.2208,820,2845,0.1,0.15,45
60,30,false,,0.13164118247669312,0.13822869617949798,0.014967360274161429,23,1,1.0,58.0,0.5371739976644608,0.0688984040482678,0.2314,820,2845,0.1,0.15,45
20,10,false,,0.07133598173180891,0.08218784759522389,0.008486608675269826,12,1,1.0,19.0,0.5366084081247048,0.0,0.1618,821,2846,0.1,0.15,45
30,15,false,,0.05412924379610249,0.8522399050014774,0.7836043128161427,27,28,22.0,29.0,1.0,0.0,0.0668,821,2846,0.1,0.15,45
40,20,false,,0.06830835349952975,0.07846033133818918,0.02748696617524881,11,6,1.0,26.0,0.6157082748948106,0.0,0.055,821,2846,0.1,0.15,45
50,25,false,,0.05952678196690762,0.08909361078363094,0.032197844536971595,18,18,8.0,25.0,0.665296052631579,0.0,0.0414,821,2846,0.1,0.15,45
60,30,false,,0.7695210062285293,0.05847795162738219,-0.7101786566703391,1,1,1.0,5.0,0.0,0.0,0.0128,821,2846,0.1,0.15,45
20,10,false,,0.07379288240969331,0.3629367953865851,0.28839114578274716,15,16,5.0,19.0,0.8730454206999255,0.0,0.295,822,2847,0.1,0.15,45
30,15,true,,0.09921401541234108,0.24474681761703043,0.1655233626721192,21,26,1.0,29.0,0.7806983130639467,0.0,0.2748,822,2847,0.1,0.15,45
20,10,false,,0.0970596261289245,0.7507486151506764,0.6406412371484966,16,18,4.0,19.0,0.9283559577677225,0.0,0.267,823,2848,0.1,0.15,45
30,15,false,,0.08386810533892439,0.48376016930031757,0.40661921913521504,26,27,3.0,29.0,0.864816472694718,0.0,0.191,823,2848,0.1,0.15,45
40,20,false,,0.09490109006441251,0.10592497926126909,0.025718656802019194,19,36,2.0,38.0,0.571566265060241,0.0,0.14,823,2848,0.1,0.15,45
50,25,false,,0.08836015213610787,0.1037612071575321,0.012203478514615923,34,36,1.0,47.0,0.5556756756756757,0.17621621621621622,0.09,823,2848,0.1,0.15,45
60,30,false,,0.09456153468225188,0.09641769815143379,0.009188548877302652,35,14,9.0,55.0,0.5326721120186698,0.19369894982497082,0.072,823,2848,0.1,0.15,45
20,10,false,,0.1158798578432643,0.22301849196096885,0.12729069345776722,13,18,1.0,19.0,0.6792013311148086,0.0,0.2792,824,2849,0.1,0.15,45
30,15,false,,0.133703846963111,0.12610937009150566,-0.009356759463924585,10,2,1.0,27.0,0.48261154855643046,0.0,0.2892,824,2849,0.1,0.15,45
40,20,false,,0.12392810925919528,0.1396646794044982,0.034080029062185616,20,4,1.0,39.0,0.5786516853932584,0.0,0.2538,824,2849,0.1,0.15,45
50,25,true,,0.11791997106961512,0.46277063181949235,0.34909453296612714,44,46,26.25,49.0,0.8893717898064006,0.5713156854998025,0.2358,824,2849,0.1,0.15,45
20,10,false,,0.07712665397905405,0.43525396402478994,0.3500552337991469,15,16,3.0,19.0,0.8366156090444931,0.0,0.3136,825,2850,0.1,0.15,45
30,15,true,,0.1020059340850514,0.3480519568186913,0.25413560377137767,22,27,1.0,29.0,0.7367788461538461,0.0,0.2704,825,2850,0.1,0.15,45
20,10,false,,0.14343875892721486,0.24882909862581934,0.1451961108668037,14,17,2.0,19.0,0.698382492863939,0.0,0.3094,826,2851,0.1,0.15,45
30,15,false,,0.15574962615580423,0.1156733874170656,-0.055387712378504206,13,2,1.0,28.0,0.31650048247024765,0.0,0.275,826,2851,0.1,0.15,45
40,20,false,,0.15376743014916036,0.09320237854660776,-0.10076813971477225,17,1,1.0,38.0,0.2303585049580473,0.0,0.2302,826,2851,0.1,0.15,45
50,25,false,,0.13875732785944453,0.11140622152418705,-0.05353520063540308,34,2,1.0,48.0,0.3840550384459733,0.273573452043707,0.222,826,2851,0.1,0.15,45
60,30,false,,0.24109392977774666,0.10717360536560032,-0.14118210638889483,9,2,1.0,56.0,0.24074861760952787,0.052318162484049344,0.214,826,2851,0.1,0.15,45
20,10,false,,0.09457798908066027,0.11231745295101307,0.016193440567361883,10,9,1.0,19.0,0.5522135856708348,0.0,0.3094,827,2852,0.1,0.15,45
30,15,false,,0.09392110792278507,0.444769914474939,0.35313579880054613,25,27,16.0,29.0,0.8812749003984064,0.0,0.2676,827,2852,0.1,0.15,45
40,20,true,,0.09883809700751464,0.20098659185508805,0.10398236046924875,33,34,2.0,39.0,0.7132570944515036,0.0,0.218,827,2852,0.1,0.15,45
20,10,false,,0.11057788004052725,0.13658595303971793,0.028066835775403302,8,3,1.0,18.0,0.5651295859979805,0.0,0.306,828,2853,0.1,0.15,45
30,15,false,,0.11286672591156348,0.1970111642080377,0.10939174964446366,22,26,2.0,29.0,0.681670867842996,0.0,0.2784,828,2853,0.1,0.15,45
40,20,false,,0.44284043124332645,0.11527718394632809,-0.3484833044879426,4,1,1.0,39.0,0.363904080774085,0.0,0.192,828,2853,0.1,0.15,45
50,25,false,,0.2221475272241326,0.11020460781541969,-0.11634340675257693,5,4,1.0,25.0,0.20901960784313725,0.0,0.2378,828,2853,0.1,0.15,45
60,30,false,,0.13280046563906267,0.12961723646873113,-0.0024871486421342848,29,1,1.0,57.0,0.48624564122433167,0.14413018209996126,0.2098,828,2853,0.1,0.15,45
20,10,false,,0.09891671678995652,0.3353892997398383,0.22284053356616904,15,17,2.0,19.0,0.7456866804692892,0.0,0.2654,829,2854,0.1,0.15,45
30,15,false,,0.11065907168073755,0.561649686113111,0.4484633831546849,26,27,6.875,29.0,0.9510309278350515,0.0,0.2752,829,2854,0.1,0.15,45
40,20,true,,0.1105779229004016,0.23132653107846263,0.12703199110987512,29,34,6.0,39.0,0.7524254401724757,0.0,0.293,829,2854,0.1,0.15,45
20,10,false,,0.0904426391615018,0.35573494209162315,0.26355885167993126,15,17,1.0,19.0,0.7214397496087637,0.0,0.2688,830,2855,0.1,0.15,45
30,15,false,,0.1043272042070748,0.14864927314389031,0.05324744480094584,18,17,3.0,29.0,0.638148667601683,0.0,0.294,830,2855,0.1,0.15,45
40,20,false,,0.132076664088691,0.10914222239343507,-0.024621021221758993,9,4,1.0,35.0,0.40387537993920974,0.0,0.273,830,2855,0.1,0.15,45
50,25,false,,0.14797493070400847,0.11307650021623564,-0.036814625691625996,8,4,1.0,48.0,0.43009430094300943,0.16113161131611317,0.2098,830,2855,0.1,0.15,45
60,30,false,,0.13675511496077686,0.11544049630246632,-0.023361533249590408,31,2,1.0,56.0,0.4188368055555556,0.10286458333333333,0.1864,830,2855,0.1,0.15,45
20,10,false,,0.0870232380750828,0.14873457070042007,0.07011020209699792,13,17,1.0,19.0,0.6519396551724138,0.0,0.299,831,2856,0.1,0.15,45
30,15,false,,0.09761856775466304,0.12442666969900869,0.04117110060850202,11,7,2.0,27.0,0.630671166104237,0.0,0.294,831,2856,0.1,0.15,45
40,20,true,,0.11353834791718477,0.29643433933944713,0.20976707883483342,28,36,2.0,39.0,0.7046843177189409,0.0,0.255,831,2856,0.1,0.15,45
20,10,false,,0.08067703886088366,0.29347044172930625,0.2048207282925519,15,16,2.0,19.0,0.8417346182357301,0.0,0.2958,832,2857,0.1,0.15,45
30,15,false,,0.09093048343173055,0.5397756954304407,0.44576181494945566,25,28,3.0,29.0,0.8629242819843342,0.0,0.231,832,2857,0.1,0.15,45
40,20,true,,0.10874967226482254,0.31060472044837856,0.19326712453532582,31,35,1.0,39.0,0.7436631234668847,0.0,0.2828,832,2857,0.1,0.15,45
20,10,false,,0.1451166976042022,0.14459307772406224,0.000989858992675216,8,3,1.0,19.0,0.5019011406844106,0.0,0.2824,833,2858,0.1,0.15,45
30,15,false,,0.14542974624059762,0.11525815695735998,-0.04225837433553019,11,2,1.0,29.0,0.39835728952772076,0.0,0.2762,833,2858,0.1,0.15,45
40,20,false,,0.11862508035153368,0.19831674389706194,0.08087920841415046,33,36,2.0,39.0,0.6339120797931289,0.0,0.2402,833,2858,0.1,0.15,45
50,25,true,,0.1180867526634094,0.27875730922582787,0.1578495071088752,44,46,25.0,49.0,0.809168840849795,0.5806932538203503,0.2408,833,2858,0.1,0.15,45
20,10,false,,0.11736239856460064,0.35082276779505134,0.2404469513465775,15,17,2.0,19.0,0.7579556412729026,0.0,0.3,834,2859,0.1,0.15,45
30,15,false,,0.11333426493708883,0.1661593696954837,0.07057209253503936,21,26,1.0,29.0,0.6242336819329246,0.0,0.281,834,2859,0.1,0.15,45
40,20,false,,0.11325613569023474,0.17657673805228052,0.0747363433064786,30,35,4.0,39.0,0.6762562332182586,0.0,0.2778,834,2859,0.1,0.15,45
50,25,false,,0.14498186016926767,0.10630074302411789,-0.06460778831520797,13,4,1.0,48.34999999999991,0.35492117596932254,0.26203664252236897,0.2192,834,2859,0.1,0.15,45
60,30,true,,0.11688628924454823,0.41766776647525794,0.28793510207739825,52,56,12.0,59.0,0.8552631578947368,0.15789473684210525,0.2578,834,2859,0.1,0.15,45
20,10,true,,0.10240231361187606,0.2582724007103149,0.18783457359414205,14,16,1.0,19.0,0.7269296740994854,0.0,0.2966,835,2860,0.1,0.15,45
20,10,false,,0.06714211524875922,0.40282594748634176,0.3333956920630901,15,16,5.0,19.0,0.8831013916500994,0.0,0.2572,836,2861,0.1,0.15,45
30,15,true,,0.07161627148521217,0.26838919320822524,0.2026873886953216,22,18,5.625000000000007,29.0,0.8371454711802379,0.0,0.182,836,2861,0.1,0.15,45
20,10,false,,0.05595538357704497,0.1993353067426001,0.14477361952077888,15,16,3.0,19.0,0.770541958041958,0.0,0.1996,837,2862,0.1,0.15,45
30,15,true,,0.09327489376243349,0.20757692912505454,0.1205393662686939,18,24,3.0,29.0,0.8043321299638989,0.0,0.3054,837,2862,0.1,0.15,45
20,10,false,,0.1537081520692803,0.13078504572711097,-0.034732057523359394,10,2,1.0,19.0,0.4161509900990099,0.0,0.3054,838,2863,0.1,0.15,45
30,15,false,,0.459865769161909,0.10727385309003692,-0.3621848306235257,3,2,1.0,16.0,0.10249816311535635,0.0,0.2258,838,2863,0.1,0.15,45
40,20,false,,0.14444012000313686,0.10625534818940008,-0.05555657611465345,18,3,1.0,37.0,0.32644768032509314,0.0,0.2608,838,2863,0.1,0.15,45
50,25,false,,0.11895653297209147,0.16908292218582105,0.056322683875490914,40,45,19.0,49.0,0.6487895716945996,0.4163873370577281,0.2408,838,2863,0.1,0.15,45
60,30,false,,0.2706382753021575,0.11005567499906786,-0.16465800728747762,6,3,1.0,46.0,0.2198473282442748,0.015648854961832062,0.209,838,2863,0.1,0.15,45
20,10,true,,0.10394770597449786,0.2143265872905598,0.12383379933657268,12,15,1.0,19.0,0.7451309603760914,0.0,0.3038,839,2864,0.1,0.15,45
20,10,true,,0.1024567606928421,0.2930123258583267,0.20073750953598724,14,16,1.0,19.0,0.7631304347826087,0.0,0.3046,840,2865,0.1,0.15,45
20,10,false,,0.09064937490516835,0.12059375381935264,0.03793980996516802,11,1,1.0,19.0,0.5464362850971922,0.0,0.2212,841,2866,0.1,0.15,45
30,15,false,,0.12555073894342367,0.06543817739544144,-0.059201018179092645,9,1,1.0,28.0,0.2931910569105691,0.0,0.14,841,2866,0.1,0.15,45
40,20,true,,0.08232493224739965,0.1868070946702804,0.1143324482683693,33,35,3.0,39.0,0.7691521961184883,0.0,0.1154,841,2866,0.1,0.15,45
20,10,false,,0.09706800534371006,0.171752955809905,0.08184993922821326,11,17,1.0,19.0,0.67493615468807,0.0,0.2484,842,2867,0.1,0.15,45
30,15,false,,0.08158226332491736,0.5630736926468395,0.4785282945075085,26,26,16.0,29.0,0.9661921708185054,0.0,0.1998,842,2867,0.1,0.15,45
40,20,false,,0.6905481909855757,0.06823227255629358,-0.6306950516127465,2,1,1.0,12.0,0.07180385288966724,0.0,0.09,842,2867,0.1,0.15,45
50,25,false,,0.10009155349570649,0.08279876122395372,-0.01631731637344644,10,5,1.0,22.0,0.4160714285714286,0.0,0.0884,842,2867,0.1,0.15,45
60,30,false,,0.08717381687039565,0.10511228454767503,0.011227451428622234,37,55,23.0,58.0,0.59,0.09705882352941177,0.061,842,2867,0.1,0.15,45
20,10,true,,0.0792740872225122,0.40700116474016823,0.34898665978384924,14,16,1.0,19.0,0.7425821972734563,0.0,0.2714,843,2868,0.1,0.15,45
20,10,true,,0.10136759396392248,0.24574480611070187,0.16549546837299806,13,15,1.0,19.0,0.7672324211984759,0.0,0.2956,844,2869,0.1,0.15,45
20,10,false,,0.27790518874623193,0.0775311679763583,-0.19570901755249118,4,1,1.0,19.0,0.20458015267175572,0.0,0.227,845,2870,0.1,0.15,45
30,15,false,,0.12002935029670768,0.16684063256377213,0.08529151358712253,20,26,1.0,29.0,0.6015625,0.0,0.256,845,2870,0.1,0.15,45
40,20,false,,0.10727498482445685,0.1848737401251537,0.08263095761391949,30,37,2.0,39.0,0.6470340765671014,0.0,0.2212,845,2870,0.1,0.15,45
50,25,false,,0.11140990196765235,0.16304117108675356,0.052776418426622215,39,42,9.0,48.0,0.65,0.373046875,0.272,845,2870,0.1,0.15,45
60,30,false,,0.16810849443541395,0.10796807383441126,-0.06483417828245916,10,6,1.0,30.0,0.26878048780487807,0.0,0.1796,845,2870,0.1,0.15,45
20,10,false,,0.09926775388832254,0.09837977186178942,0.0006230884962868041,9,1,1.0,18.0,0.5032822757111597,0.0,0.2516,846,2871,0.1,0.15,45
30,15,false,,0.11180692001778145,0.36857522876700705,0.27806920805075647,23,25,1.0,29.0,0.681496062992126,0.0,0.259,846,2871,0.1,0.15,45
40,20,false,,0.14533270375909094,0.11046507291115878,-0.04382024250715354,10,1,1.0,35.0,0.39895330112721417,0.0,0.2664,846,2871,0.1,0.15,45
50,25,true,,0.11457324784392728,0.1747760245683366,0.08236383148637705,31,48,4.0,48.0,0.7140661029976941,0.24404304381245195,0.2788,846,2871,0.1,0.15,45
20,10,true,,0.09569299170244165,0.2018833664532786,0.1313098820850671,11,16,1.0,19.0,0.7455579246624022,0.0,0.2954,847,2872,0.1,0.15,45
20,10,true,,0.08386244203579003,0.4156215612743513,0.3471045892476373,14,16,2.0,19.0,0.8853868194842407,0.0,0.2996,848,2873,0.1,0.15,45
20,10,false,,0.05969064712412274,0.2533735344956944,0.18962688393526533,15,17,2.0,19.0,0.776558384547849,0.0,0.2308,849,2874,0.1,0.15,45
30,15,false,,0.0962247412368248,0.13187662018596438,0.044660088084964036,14,22,2.0,28.0,0.6592787377911344,0.0,0.2906,849,2874,0.1,0.15,45
40,20,true,,0.11408026794750073,0.31742066589837203,0.20648650310325195,30,36,3.0,39.0,0.740968485780169,0.0,0.2778,849,2874,0.1,0.15,45
20,10,false,,0.1357401305119854,0.13076663183383003,0.007086229283243567,11,15,1.0,19.0,0.510970744680851,0.0,0.2684,850,2875,0.1,0.15,45
30,15,true,,0.1172354420023667,0.22123327663009887,0.12402361387878824,22,26,4.0,29.0,0.7050882658359294,0.0,0.278,850,2875,0.1,0.15,45
20,10,false,,0.22446982816569655,0.06944910246353747,-0.1578100770000235,5,3,1.0,18.0,0.20765217391304347,0.0,0.2534,851,2876,0.1,0.15,45
30,15,false,,0.15079941365536714,0.10232119751346104,-0.057500827005125515,8,4,1.0,28.0,0.3997050147492625,0.0,0.273,851,2876,0.1,0.15,45
40,20,false,,0.1325451023804127,0.08517894460271096,-0.05035784239004333,12,6,2.0,34.0,0.28100470957613816,0.0,0.2614,851,2876,0.1,0.15,45
50,25,false,,0.38402642110218627,0.0832416639375545,-0.30319250072359316,4,2,1.0,15.0,0.10887690044139284,0.0,0.1632,851,2876,0.1,0.15,45
60,30,true,,0.11310529256359803,0.2546408534687725,0.14377073128158854,53,57,5.0,59.0,0.8045241143832693,0.10115236875800256,0.2482,851,2876,0.1,0.15,45
20,10,false,,0.10067651185490319,0.4927935133313098,0.40910584650327475,15,16,3.0,19.0,0.871053506148222,0.0,0.3122,852,2877,0.1,0.15,45
30,15,true,,0.1223226948767908,0.31239936965852294,0.1971139636425612,24,27,11.0,29.0,0.8252624449712157,0.0,0.2774,852,2877,0.1,0.15,45
20,10,false,,0.1756646225810705,0.1314665947260722,-0.052870767352577924,7,2,1.0,18.0,0.3878693623639191,0.0,0.2962,853,2878,0.1,0.15,45
30,15,false,,0.1453381629669034,0.12169510992174648,-0.030900525755848923,14,2,1.0,29.0,0.44114565141460005,0.0,0.2536,853,2878,0.1,0.15,45
40,20,false,,0.11648290140995624,0.10313051424077345,-0.013927355033755112,29,29,6.0,39.0,0.4422577051615299,0.0,0.2418,853,2878,0.1,0.15,45
50,25,false,,0.17656358653720416,0.10209034996318918,-0.07629202305603153,14,4,1.0,48.0,0.3263861580810067,0.17774282343688558,0.2458,853,2878,0.1,0.15,45
60,30,false,,0.26750877172810084,0.10545222338472349,-0.16704284371370431,5,3,1.0,19.0,0.16907051282051283,0.0,0.1816,853,2878,0.1,0.15,45
20,10,true,,0.10731585102487845,0.29197299915410924,0.20195056584579285,14,16,1.0,19.0,0.7682317682317682,0.0,0.302,854,2879,0.1,0.15,45
20,10,true,,0.07721462550843457,0.2615445635966673,0.19500456330552146,14,16,1.0,19.0,0.7686170212765957,0.0,0.28,855,2880,0.1,0.15,45
20,10,false,,0.09712583455906132,0.47921364101193886,0.3814089386519936,15,16,1.0,19.0,0.8160278745644599,0.0,0.2996,856,2881,0.1,0.15,45
30,15,false,,0.11005687184583565,0.13231000747263322,0.029243001632969334,19,25,1.0,29.0,0.5873515024458421,0.0,0.2946,856,2881,0.1,0.15,45
40,20,false,,0.11465689985734114,0.13936975705840227,0.04862394879368778,21,36,2.0,38.0,0.6404286770140428,0.0,0.28,856,2881,0.1,0.15,45
50,25,false,,0.1369218225274846,0.10550843347006833,-0.04061512129781497,15,3,1.0,43.0,0.33001195695496216,0.022319649262654444,0.2562,856,2881,0.1,0.15,45
60,30,false,,0.11993089000670318,0.1853484822182441,0.0753532228069024,47,57,4.0,58.0,0.6658887592376507,0.17541812524309608,0.26,856,2881,0.1,0.15,45
20,10,true,,0.09476761822898577,0.16048070822682942,0.08084740181350417,13,16,1.0,19.0,0.7104260478004849,0.0,0.3062,857,2882,0.1,0.15,45
20,10,false,,0.08799613267776968,0.19857053251116172,0.11357666937066732,14,16,2.0,19.0,0.6967445152158528,0.0,0.3058,858,2883,0.1,0.15,45
30,15,false,,0.12320328811443435,0.11451941764809097,-0.00773647655755752,12,2,1.0,28.0,0.47596675099385616,0.0,0.2872,858,2883,0.1,0.15,45
40,20,true,,0.11383571758247793,0.29469161514897274,0.17572155011551938,33,36,1.75,39.0,0.7749904979095401,0.0,0.263,858,2883,0.1,0.15,45
20,10,false,,0.08686670778274155,0.4236824714438027,0.33464948185733917,15,17,2.0,19.0,0.8103070175438597,0.0,0.3044,859,2884,0.1,0.15,45
30,15,true,,0.0960307570606548,0.5394013577466938,0.44199752785720636,23,26,2.0,29.0,0.8221294363256785,0.0,0.2508,859,2884,0.1,0.15,45
20,10,false,,0.14106426104464118,0.1292459263815003,-0.006373714301617706,8,1,1.0,19.0,0.4851799576570219,0.0,0.2702,860,2885,0.1,0.15,45
30,15,false,,0.09828210725733241,0.5859770888351015,0.4990551401285981,25,27,13.0,29.0,0.9568345323741008,0.0,0.2762,860,2885,0.1,0.15,45
40,20,false,,0.13974537520376812,0.0820324978988023,-0.07283901569735668,8,3,1.0,29.0,0.24090121317157712,0.0,0.2118,860,2885,0.1,0.15,45
50,25,false,,0.12751546040670747,0.5667095365031047,0.45449082658579276,41,46,1.0,49.0,0.696,0.45094736842105265,0.2292,860,2885,0.1,0.15,45
60,30,false,,0.18770826992493753,0.10029340681090214,-0.09002584272827326,7,4,1.0,29.0,0.2214828897338403,0.0,0.186,860,2885,0.1,0.15,45
20,10,false,,0.11245011786713945,0.17169573429688795,0.07232893199765289,13,16,1.0,19.0,0.6493506493506493,0.0,0.3174,861,2886,0.1,0.15,45
30,15,true,,0.10806540305716937,0.370244508013432,0.26933839535740267,23,27,3.0,29.0,0.792859667727112,0.0,0.2866,861,2886,0.1,0.15,45
20,10,false,,0.13095734457720543,0.20061861467206935,0.07564473284637577,14,16,2.0,19.0,0.5992255566311714,0.0,0.267,862,2887,0.1,0.15,45
30,15,false,,0.13975995364603377,0.08803484085358923,-0.062410885853369916,11,2,1.0,29.0,0.38061564059900166,0.0,0.2118,862,2887,0.1,0.15,45
40,20,false,,0.11227221058840184,0.09260929763460829,-0.011188793369296707,21,35,2.0,39.0,0.4606334841628959,0.0,0.1724,862,2887,0.1,0.15,45
50,25,false,,0.11622028379244961,0.08270683645362856,-0.04865479157522129,17,2,2.0,35.0,0.3094512195121951,0.0,0.1184,862,2887,0.1,0.15,45
60,30,false,,0.09274811018746423,0.16291307560136498,0.06759882660504941,54,57,38.0,59.0,0.6897089397089398,0.1741164241164241,0.0788,862,2887,0.1,0.15,45
20,10,false,,0.10330874348189922,0.14204472541907745,0.0593661652686812,10,1,1.0,19.0,0.5984877126654065,0.0,0.256,863,2888,0.1,0.15,45
30,15,true,,0.10245760420012531,0.319423745760309,0.2336492261513469,24,26,5.0,29.0,0.8105743628756181,0.0,0.2876,863,2888,0.1,0.15,45
20,10,false,,0.10744325094434248,0.497437135744765,0.39006400300281596,16,17,1.0,19.0,0.8076518076518077,0.0,0.277,864,2889,0.1,0.15,45
30,15,false,,0.11334086217034667,0.46657040533465377,0.3640121482145444,25,28,3.0,29.0,0.8698604300264051,0.0,0.2448,864,2889,0.1,0.15,45
40,20,false,,0.2678677848083254,0.09716463241222617,-0.17530337790071046,6,3,1.0,21.0,0.17169811320754716,0.0,0.252,864,2889,0.1,0.15,45
50,25,true,,0.11722626372083003,0.30464120123578137,0.1857410214917585,43,44,17.0,49.0,0.7962751805397187,0.49486887115165334,0.2564,864,2889,0.1,0.15,45
20,10,true,,0.07795073103949278,0.1842197843280823,0.11257954621190089,14,16,2.0,19.0,0.7024634334103156,0.0,0.2744,865,2890,0.1,0.15,45
20,10,false,,0.09752947184148984,0.47129349896543477,0.38270511482594805,16,17,2.0,19.0,0.8307244266472515,0.0,0.2714,866,2891,0.1,0.15,45
30,15,false,,0.11613844656832292,0.2597931489370262,0.15045056961724348,22,26,1.0,29.0,0.6615052214620094,0.0,0.28,866,2891,0.1,0.15,45
40,20,false,,0.12234361439737458,0.12434365782390985,0.006090141714103159,27,35,1.0,39.0,0.5138609883487344,0.0,0.2464,866,2891,0.1,0.15,45
50,25,false,,0.1249638100566367,0.11783169430979737,0.001369880300170101,22,5,1.0,49.0,0.5019867549668874,0.21810154525386313,0.2178,866,2891,0.1,0.15,45
60,30,false,,0.14229309233385423,0.12195154316208315,-0.012040967287551524,12,4,1.0,57.0,0.46339501206757844,0.09292035398230089,0.2216,866,2891,0.1,0.15,45
20,10,false,,0.15966278867574077,0.14439118094127415,-0.01843505479540912,10,16,1.0,19.0,0.4679120216932811,0.0,0.3116,867,2892,0.1,0.15,45
30,15,false,,0.12177747192092404,0.5834763391210349,0.47268717026031454,25,26,1.0,29.0,0.8223125230882896,0.0,0.2526,867,2892,0.1,0.15,45
40,20,false,,0.5992661571194664,0.09780018848179059,-0.49458426499183095,3,1,1.0,38.0,0.1649402390438247,0.0,0.2028,867,2892,0.1,0.15,45
50,25,true,,0.11509124971989086,0.3211492997900481,0.19421663605334966,44,46,27.0,49.0,0.743141153081511,0.5813121272365805,0.2462,867,2892,0.1,0.15,45
20,10,false,,0.10516990737184573,0.18444348222981524,0.09578522668679987,13,16,1.0,19.0,0.6660953033938979,0.0,0.2982,868,2893,0.1,0.15,45
30,15,false,,0.12670227931723393,0.11147965059884604,-0.02077640910183945,14,2,1.0,28.0,0.4460227272727273,0.0,0.2796,868,2893,0.1,0.15,45
40,20,true,,0.1137587688063318,0.17638862261967528,0.07403453500169858,31,37,3.0,39.0,0.702088677171125,0.0,0.2668,868,2893,0.1,0.15,45
20,10,true,,0.11661265687827176,0.24401171463508908,0.14888745847340817,14,16,1.0,19.0,0.7080013855213024,0.0,0.2446,869,2894,0.1,0.15,45
20,10,true,,0.10817762782764685,0.3268967462980944,0.23127663779541963,14,17,2.5250000000000057,19.0,0.8230174081237911,0.0,0.3168,870,2895,0.1,0.15,45
20,10,false,,0.2877052680289653,0.08116816348784632,-0.21432714461845143,3,1,1.0,19.0,0.2919204222492895,0.0,0.2136,871,2896,0.1,0.15,45
30,15,false,,0.09255003295006703,0.1441714283888428,0.061667272889530333,20,26,3.0,29.0,0.6559865092748736,0.0,0.2394,871,2896,0.1,0.15,45
40,20,false,,0.08774943503478005,0.6599767035969413,0.5592732362112119,36,37,23.0,39.0,0.954864593781344,0.0,0.1646,871,2896,0.1,0.15,45
50,25,false,,0.09117033208603896,0.8078160034611812,0.722228310873134,45,47,39.0,49.0,1.0,0.8108407079646017,0.1184,871,2896,0.1,0.15,45
60,30,false,,0.09700686305204602,0.08571686905616414,-0.0183708533613339,39,39,24.0,54.0,0.4212812160694897,0.1780673181324647,0.0442,871,2896,0.1,0.15,45
20,10,true,,0.05149839020777932,0.2077683932947139,0.14070001220127856,14,17,1.0,19.0,0.7331047992164544,0.0,0.1506,872,2897,0.1,0.15,45
20,10,false,,0.12991312960736318,0.17522037928762627,0.05502842018424904,14,16,2.0,19.0,0.5835641735918744,0.0,0.3006,873,2898,0.1,0.15,45
30,15,false,,0.11801085745528915,0.09844180377883403,-0.027099715531441845,18,20,3.0,28.0,0.3971946630174478,0.0,0.2808,873,2898,0.1,0.15,45
40,20,false,,0.1299578925349056,0.09357641449779915,-0.038354648334669075,15,5,1.0,38.0,0.3784541449739688,0.0,0.2322,873,2898,0.1,0.15,45
50,25,true,,0.11407984451712609,0.21214687848451055,0.10467820625779675,40,42,20.0,49.0,0.7676615035889687,0.3966754816773706,0.2736,873,2898,0.1,0.15,45
20,10,true,,0.1267101367615785,0.41030036792310404,0.28123163827530145,14,16,2.0,19.0,0.7864647713226205,0.0,0.3242,874,2899,0.1,0.15,45
20,10,false,,0.09908771390065245,0.422202396191393,0.32897010800711046,15,16,2.0,19.0,0.820697089471793,0.0,0.2858,875,2900,0.1,0.15,45
30,15,false,,0.11130129740208958,0.1654214870618781,0.06954579749557935,20,26,1.0,29.0,0.630426851514046,0.0,0.2844,875,2900,0.1,0.15,45
40,20,false,,0.1027262666542532,0.152976955309365,0.05550859849588735,33,36,4.0,39.0,0.6281890422417399,0.0,0.2402,875,2900,0.1,0.15,45
50,25,false,,0.4373739277673134,0.09488962095407533,-0.3469416341301126,4,4,1.0,48.0,0.25485551871151113,0.06252960682141165,0.1894,875,2900,0.1,0.15,45
60,30,false,,0.15615390658376221,0.10901356254241873,-0.050446536570566296,10,4,1.0,54.0,0.33757178014766204,0.023379819524200166,0.2356,875,2900,0.1,0.15,45
20,10,false,,0.11003591859489278,0.3248549881119899,0.2243711046280903,15,16,5.0,19.0,0.8422416585681892,0.0,0.3066,876,2901,0.1,0.15,45
30,15,false,,0.12065743628825526,0.13202037679371137,0.016450288117777042,16,27,1.0,29.0,0.5492627345844504,0.0,0.288,876,2901,0.1,0.15,45
40,20,false,,0.11564112370139926,0.14149440120376322,0.04136551256632516,30,37,2.0,39.0,0.5940286932919736,0.0,0.2352,876,2901,0.1,0.15,45
50,25,false,,0.10938950897846779,0.6700418348882552,0.5597552695856531,46,47,34.0,49.0,0.9732338745063625,0.7327775340061431,0.2178,876,2901,0.1,0.15,45
60,30,false,,0.12198436463588877,0.11054335219486226,-0.012056983088642628,15,6,1.0,56.0,0.4408284023668639,0.04142011834319527,0.084,876,2901,0.1,0.15,45
20,10,false,,0.1457532102275777,0.11985746502513403,-0.01810610586269759,7,1,1.0,18.0,0.46805555555555556,0.0,0.2746,877,2902,0.1,0.15,45
30,15,true,,0.11714780185374031,0.3144149992241867,0.2237529136809365,24,27,2.0,29.0,0.7255250978996084,0.0,0.2648,877,2902,0.1,0.15,45
20,10,true,,0.04416680187286983,0.17304506200822029,0.1322110015229183,14,16,2.0,19.0,0.7673883003224321,0.0,0.143,878,2903,0.1,0.15,45
20,10,false,,0.06379987337071706,0.3878364781138771,0.3304930224634842,16,18,4.0,19.0,0.8682585426101276,0.0,0.2232,879,2904,0.1,0.15,45
30,15,false,,0.12021903964461092,0.10447574606654034,-0.027726423872799923,13,2,1.0,28.0,0.4423374613003096,0.0,0.2868,879,2904,0.1,0.15,45
40,20,true,,0.11171643582427913,0.35976055349009395,0.2517117311612912,33,35,1.0,39.0,0.7301136363636364,0.0,0.2506,879,2904,0.1,0.15,45
20,10,false,,0.1080174546655214,0.10098708710080753,-0.0004610943689862673,10,1,1.0,18.0,0.49750479846449136,0.0,0.24,880,2905,0.1,0.15,45
30,15,false,,0.11837382024836872,0.1289595868559453,0.019617942756854266,16,1,1.0,28.0,0.5373678454247175,0.0,0.2758,880,2905,0.1,0.15,45
40,20,false,,0.1166638038781478,0.1286882445072089,0.023977597321651653,15,6,2.0,38.0,0.5733763903839254,0.0,0.2974,880,2905,0.1,0.15,45
50,25,false,,0.17357381035264957,0.11467209498234822,-0.06409012569844919,6,2,1.0,47.0,0.3900915903413822,0.08034970857618651,0.2354,880,2905,0.1,0.15,45
60,30,true,,0.1219264711085488,0.22391842233950793,0.1050085046622765,48,55,5.0,59.0,0.7389791183294664,0.154292343387471,0.2262,880,2905,0.1,0.15,45
20,10,false,,0.2678151765685116,0.08879581010995385,-0.1834850629416115,3,1,1.0,18.0,0.2227122381477398,0.0,0.235,881,2906,0.1,0.15,45
30,15,true,,0.10484919755931947,0.3149082008638577,0.21188263203231508,24,27,2.0,29.0,0.7059282371294852,0.0,0.2424,881,2906,0.1,0.15,45
20,10,false,,0.09904709608734696,0.13253894388908447,0.04096139041006577,12,16,1.0,19.0,0.5726525017135023,0.0,0.2994,882,2907,0.1,0.15,45
30,15,false,,0.0894653403589448,0.12917989256700982,0.057006389090811946,19,19,4.0,28.0,0.6232821341956346,0.0,0.2286,882,2907,0.1,0.15,45
40,20,false,,0.1131205603682055,0.12318119338501646,0.02146746002501175,26,36,2.0,38.0,0.5712050078247262,0.0,0.3004,882,2907,0.1,0.15,45
50,25,false,,0.20003709192434974,0.09140931173451422,-0.11579400920101737,6,4,1.0,26.0,0.19100623330365094,0.0,0.2116,882,2907,0.1,0.15,45
60,30,false,,0.5,0.5,0.0,19,19,19.0,19.0,0.0,0.0,0.0,882,2907,0.1,0.15,45
20,10,true,,0.11539456436276928,0.2985412417541237,0.1915188164890762,14,16,1.0,19.0,0.7144732523793895,0.0,0.304,883,2908,0.1,0.15,45
20,10,true,,0.12005970381482381,0.20208708388557067,0.10464376539072331,13,16,2.0,19.0,0.7400061977068485,0.0,0.338,884,2909,0.1,0.15,45
20,10,true,,0.08228956053381241,0.30973043264346983,0.2367590792892734,14,15,1.0,19.0,0.7040448538245895,0.0,0.233,885,2910,0.1,0.15,45
20,10,false,,0.07859726315140676,0.49977087789563507,0.42072390297886814,16,16,3.0,19.0,0.873075478783327,0.0,0.277,886,2911,0.1,0.15,45
30,15,false,,0.1409849058782569,0.10511438217740113,-0.04162503337370284,9,1,1.0,29.0,0.41967353951890035,0.0,0.2452,886,2911,0.1,0.15,45
40,20,false,,0.10697644966944575,0.17061696570808316,0.07250720628723545,30,36,4.0,39.0,0.6844426623897354,0.0,0.2758,886,2911,0.1,0.15,45
50,25,false,,0.7297532471214304,0.0818725777695874,-0.6436012970527932,2,2,1.0,6.0,0.0,0.0,0.117,886,2911,0.1,0.15,45
60,30,false,,0.14834646743191918,0.10615630804297194,-0.04737719671281505,15,4,1.0,51.0,0.30020491803278687,0.04918032786885246,0.158,886,2911,0.1,0.15,45
20,10,false,,0.1164698557214327,0.1389225824230972,0.04384912272825302,9,2,1.0,18.0,0.5840238647663242,0.0,0.3014,887,2912,0.1,0.15,45
30,15,false,,0.11901308250166816,0.10425872963066009,-0.017776318992543214,14,4,1.0,28.0,0.4625046176579239,0.0,0.2622,887,2912,0.1,0.15,45
40,20,true,,0.11121779542511243,0.26421350308026853,0.15912660889043895,31,36,2.0,39.0,0.7553359683794466,0.0,0.2764,887,2912,0.1,0.15,45
20,10,false,,0.11574355243717796,0.24750548805788933,0.1473196498419451,12,15,1.0,19.0,0.688655194391332,0.0,0.2956,888,2913,0.1,0.15,45
30,15,false,,0.1287008492122475,0.11288201176032363,-0.021751968603314742,13,5,2.0,28.0,0.437187604131956,0.0,0.2772,888,2913,0.1,0.15,45
40,20,false,,0.12032337209518107,0.21012645946062744,0.09930021533349062,32,35,1.0,39.0,0.6209428129829985,0.0,0.226,888,2913,0.1,0.15,45
50,25,true,,0.11274527473618194,0.2816991334504797,0.16865669450620596,44,47,23.0,49.0,0.7463474025974026,0.5616883116883117,0.2406,888,2913,0.1,0.15,45
20,10,false,,0.14986145991380423,0.1751628054644171,0.04215834958774542,12,16,1.0,19.0,0.5835676351140269,0.0,0.3006,889,2914,0.1,0.15,45
30,15,false,,0.1535805625668885,0.09977100421076772,-0.06905421512758907,9,8,1.0,28.0,0.272874756651525,0.0,0.2814,889,2914,0.1,0.15,45
40,20,false,,0.22750625320321793,0.08823954283159526,-0.1512748650939983,6,2,1.0,25.0,0.1205756514974718,0.0,0.2088,889,2914,0.1,0.15,45
50,25,true,,0.11717560466333048,0.3334936378393029,0.21780985722007384,41,46,7.0,49.0,0.7060931899641577,0.41776184786937476,0.2422,889,2914,0.1,0.15,45
20,10,true,,0.08029905861525861,0.21367846390877868,0.1456272745729963,13,15,1.0,19.0,0.7625320160995244,0.0,0.2974,890,2915,0.1,0.15,45
20,10,true,,0.0733651683227686,0.26749375464495684,0.19574328228323595,14,16,1.0,19.0,0.8139625585023401,0.0,0.2972,891,2916,0.1,0.15,45
20,10,false,,0.1586752860883699,0.14660306625946296,-0.01949148531132805,11,1,1.0,19.0,0.4707343029443065,0.0,0.2664,892,2917,0.1,0.15,45
30,15,false,,0.12123701132314198,0.11385741183776081,-0.010152480142016196,22,25,3.0,29.0,0.4699577784995128,0.0,0.2806,892,2917,0.1,0.15,45
40,20,false,,0.13344926774618937,0.11144392565898617,-0.026400015927627085,15,4,1.0,37.0,0.4119318181818182,0.0,0.272,892,2917,0.1,0.15,45
50,25,false,,0.12879221388688095,0.10559455487656665,-0.034236648673125675,21,5,2.0,48.0,0.3279755070799847,0.1289705319556066,0.2472,892,2917,0.1,0.15,45
60,30,false,,0.11672199610410737,0.6290954187088242,0.5063956476639846,55,56,45.0,59.0,0.9263581488933602,0.07645875251509054,0.195,892,2917,0.1,0.15,45
20,10,false,,0.09882022020142213,0.30388274052738895,0.20972017204713667,15,17,3.0,19.0,0.8227019954203467,0.0,0.307,893,2918,0.1,0.15,45
30,15,false,,0.17015526717090226,0.08678684847576794,-0.0828260611879566,4,1,1.0,24.0,0.30392156862745096,0.0,0.2046,893,2918,0.1,0.15,45
40,20,true,,0.11410111877967152,0.5662476342502207,0.4363832266265652,32,36,4.0,39.0,0.8152132155205533,0.0,0.2816,893,2918,0.1,0.15,45
20,10,false,,0.12522961751163447,0.1027163207687444,-0.030267267118068757,10,7,1.0,19.0,0.41599000624609617,0.0,0.3208,894,2919,0.1,0.15,45
30,15,true,,0.10974302180751773,0.28111634231180394,0.16973015497792648,24,27,5.0249999999999915,29.0,0.7755102040816326,0.0,0.292,894,2919,0.1,0.15,45
20,10,false,,0.1025803616066617,0.20091555987281778,0.1128169526763487,14,16,1.0,19.0,0.6318051575931232,0.0,0.2766,895,2920,0.1,0.15,45
30,15,false,,0.10909452551041245,0.10285858838654531,0.0015997178059305728,10,2,1.0,29.0,0.5068493150684932,0.0,0.2288,895,2920,0.1,0.15,45
40,20,false,,0.1229640026753052,0.09309249169530993,-0.038593450211035135,9,4,1.0,37.0,0.4109778597785978,0.0,0.1836,895,2920,0.1,0.15,45
50,25,false,,0.14976726582048402,0.11669220399618556,-0.027304134757717424,16,4,1.0,46.0,0.419131771033423,0.07913945447560507,0.2736,895,2920,0.1,0.15,45
60,30,false,,0.22677531807560958,0.10688847055585465,-0.13473990001396885,5,3,1.0,43.0,0.28282393456736976,0.03056392595781317,0.2328,895,2920,0.1,0.15,45
20,10,false,,0.11365638621202333,0.11481304905879847,-0.0013732617446725465,9,1,1.0,19.0,0.49760928961748635,0.0,0.288,896,2921,0.1,0.15,45
30,15,false,,0.12063679274168565,0.0939632064509859,-0.03335375836472831,11,1,1.0,28.0,0.41725719049604004,0.0,0.2362,896,2921,0.1,0.15,45
40,20,false,,0.11599216315138837,0.09616765168178927,-0.028443502036802987,24,36,1.0,39.0,0.4162293096487687,0.0,0.2522,896,2921,0.1,0.15,45
50,25,false,,0.11834000156688677,0.11143039765928138,-0.0043248482779578434,19,4,1.0,48.0,0.488,0.14189473684210527,0.2158,896,2921,0.1,0.15,45
60,30,false,,0.12231434900084974,0.1418120724527872,0.024440142660083347,37,46,4.0,58.0,0.5816700610997964,0.18289205702647657,0.2216,896,2921,0.1,0.15,45
20,10,false,,0.08977363168574884,0.1412482308586814,0.06606233159375594,12,17,1.0,19.0,0.5967436577054146,0.0,0.256,897,2922,0.1,0.15,45
30,15,false,,0.07261291443869294,0.1149483125232982,0.04827353186972082,22,29,7.0,29.0,0.6355140186915887,0.0,0.1598,897,2922,0.1,0.15,45
40,20,true,,0.10856801037027368,0.4543535281086399,0.34343522408643956,32,36,4.0,39.0,0.8338097182523478,0.0,0.2874,897,2922,0.1,0.15,45
20,10,true,,0.13844112627425997,0.22660787665039464,0.10373982823688545,13,16,2.0,19.0,0.7546583850931677,0.0,0.3274,898,2923,0.1,0.15,45
20,10,false,,0.10035950722186533,0.1613916678522209,0.06932424711716852,11,17,1.0,19.0,0.6779487179487179,0.0,0.3116,899,2924,0.1,0.15,45
30,15,false,,0.10483617409814933,0.5547317877924276,0.4486015276139509,26,27,18.0,29.0,0.9323540780827213,0.0,0.2676,899,2924,0.1,0.15,45
40,20,false,,0.11141449673590181,0.1331830769984924,0.029054226376508605,27,35,2.0,39.0,0.5746068277713847,0.0,0.2836,899,2924,0.1,0.15,45
50,25,true,,0.11307174085018748,0.554173573687453,0.42397001808761686,44,46,23.0,49.0,0.85661614092585,0.6185989348627612,0.2602,899,2924,0.1,0.15,45
20,10,false,,0.13722389859087736,0.19773785399279603,0.09347143054016217,12,14,1.0,19.0,0.6469692354553762,0.0,0.3134,900,2925,0.1,0.15,45
30,15,false,,0.1268262304141269,0.22256322484359198,0.12606673925550374,23,25,5.0,29.0,0.6559893226559893,0.0,0.2736,900,2925,0.1,0.15,45
40,20,false,,0.18265065776191994,0.08477272995338231,-0.10922466791462791,7,5,1.0,23.0,0.18167006109979633,0.0,0.2268,900,2925,0.1,0.15,45
50,25,true,,0.1146099652536017,0.37688970470636685,0.2677199442096012,42,45,9.0,49.0,0.7469782433521354,0.4649476228847704,0.253,900,2925,0.1,0.15,45
20,10,false,,0.27706278923438726,0.11259979524835098,-0.18860954673005484,6,2,1.0,19.0,0.24064171122994651,0.0,0.2604,901,2926,0.1,0.15,45
30,15,false,,0.13984339943914473,0.2559232206647272,0.15522359450099854,23,27,1.0,29.0,0.6520706042090971,0.0,0.2268,901,2926,0.1,0.15,45
40,20,true,,0.12418155833900837,0.29867316852543674,0.1788820922971488,34,36,13.0,39.0,0.7260078487334998,0.0,0.2402,901,2926,0.1,0.15,45
20,10,false,,0.14346643993465202,0.14510218585693163,0.007136987552994148,9,1,1.0,19.0,0.5167633784655061,0.0,0.3074,902,2927,0.1,0.15,45
30,15,false,,0.12709361092633062,0.15095844454451243,0.033783052192985746,19,27,1.0,29.0,0.5677618069815195,0.0,0.2748,902,2927,0.1,0.15,45
40,20,false,,0.11071379621409731,0.5155324945940484,0.40567083314028013,36,36,18.6,39.0,0.8782961460446247,0.0,0.2514,902,2927,0.1,0.15,45
50,25,false,,0.11786057867553822,0.15850005442739995,0.0451669481739731,33,40,1.0,48.0,0.620836560805577,0.20449264136328427,0.2756,902,2927,0.1,0.15,45
60,30,false,,0.12022892598342849,0.14297916126195725,0.0208604123295974,44,55,3.0,59.0,0.5633636004737466,0.14686142913541256,0.245,902,2927,0.1,0.15,45
20,10,false,,0.12102275818834465,0.13135100817690604,0.010359264038024674,12,16,1.0,19.0,0.5156626506024097,0.0,0.2744,903,2928,0.1,0.15,45
30,15,false,,0.12973806013264,0.10867618086487921,-0.02015452903341044,10,1,1.0,28.0,0.4672642244738893,0.0,0.2596,903,2928,0.1,0.15,45
40,20,false,,0.11249511143565184,0.10233022772455694,-0.00984358801914012,27,37,3.0,38.0,0.46080760095011875,0.0,0.2492,903,2928,0.1,0.15,45
50,25,false,,0.13174317069494293,0.13091708889227094,0.013310220936934222,19,2,1.0,48.0,0.5345755693581781,0.26418219461697723,0.27,903,2928,0.1,0.15,45
60,30,false,,0.12042137324650087,0.20887741093452863,0.09373994901357599,44,56,7.0,58.0,0.676214196762142,0.1581569115815691,0.2058,903,2928,0.1,0.15,45
20,10,false,,0.1911707447771492,0.14090867624641262,-0.07723126841462923,7,1,1.0,18.0,0.3666336960105506,0.0,0.263,904,2929,0.1,0.15,45
30,15,false,,0.14509750650360506,0.1151917759343661,-0.03324444993120031,17,1,1.0,29.0,0.40490367775831876,0.0,0.2624,904,2929,0.1,0.15,45
40,20,false,,0.1178490560601059,0.16133082496612025,0.05550167928257346,29,36,3.0,39.0,0.6073217726396917,0.0,0.2504,904,2929,0.1,0.15,45
50,25,false,,0.11465533546930134,0.19363372464449738,0.07241016857417996,43,43,28.0,49.0,0.6788648244958925,0.5567587752053772,0.252,904,2929,0.1,0.15,45
60,30,true,,0.11876609557748566,0.5426182489165002,0.41743636392403805,54,54,35.35,59.0,0.7962264150943397,0.1509433962264151,0.1418,904,2929,0.1,0.15,45
20,10,false,,0.0995387519379705,0.1189450161598129,0.028136737789710008,11,16,1.0,19.0,0.5803480040941658,0.0,0.2976,905,2930,0.1,0.15,45
30,15,true,,0.1099629725700787,0.21487899872416785,0.12025434118013213,23,26,3.0,29.0,0.7205056179775281,0.0,0.2796,905,2930,0.1,0.15,45
20,10,false,,0.12331357776488254,0.12400276799539062,0.005386653203318534,10,17,1.0,19.0,0.5180180180180181,0.0,0.3236,906,2931,0.1,0.15,45
30,15,false,,0.11875941762694528,0.16684861606961893,0.056069581750248884,21,26,1.0,29.0,0.6159259259259259,0.0,0.2638,906,2931,0.1,0.15,45
40,20,true,,0.11492495509361296,0.3621023984977486,0.24616380517580913,34,36,1.0,39.0,0.7255139056831923,0.0,0.2422,906,2931,0.1,0.15,45
20,10,true,,0.09493080722168565,0.20946676354915458,0.12022871034126939,14,16,2.0,19.0,0.7450171821305842,0.0,0.3034,907,2932,0.1,0.15,45
20,10,false,,0.1421129372875873,0.15335644406346266,0.01597310193545646,11,17,1.0,19.0,0.5501824817518248,0.0,0.315,908,2933,0.1,0.15,45
30,15,false,,0.12803816038442667,0.0904008929737423,-0.058803772500210426,16,18,1.0,28.0,0.3364120781527531,0.0,0.2624,908,2933,0.1,0.15,45
40,20,false,,0.138131474345602,0.08543595032194826,-0.06232560276489088,12,2,1.0,33.0,0.2572347266881029,0.0,0.2348,908,2933,0.1,0.15,45
50,25,false,,0.13958543790134206,0.11158884720233474,-0.037406610076505864,15,2,1.0,49.0,0.44176706827309237,0.21731369924141009,0.208,908,2933,0.1,0.15,45
60,30,false,,0.125083646556518,0.1623144333644815,0.04655375099544589,44,52,3.0,59.0,0.6033091202582728,0.1585956416464891,0.2414,908,2933,0.1,0.15,45
20,10,false,,0.08926097949977858,0.18060697552997332,0.0991255947729438,13,17,1.0,19.0,0.6867599569429494,0.0,0.2922,909,2934,0.1,0.15,45
30,15,true,,0.08498195817668457,0.42911115047542037,0.35448982900562953,24,28,1.0,29.0,0.7258687258687259,0.0,0.1844,909,2934,0.1,0.15,45
20,10,false,,0.19816919472124195,0.09907523707614839,-0.10993656931707253,5,3,1.0,18.0,0.2990415335463259,0.0,0.2882,910,2935,0.1,0.15,45
30,15,false,,0.11335499976333718,0.24018804744004157,0.14715996194592804,22,26,1.0,29.0,0.6601906158357771,0.0,0.2596,910,2935,0.1,0.15,45
40,20,false,,0.10436221159226157,0.10894855828574199,0.0057933289248995185,25,23,7.425000000000004,38.0,0.5273338940285954,0.0,0.1968,910,2935,0.1,0.15,45
50,25,false,,0.5287563978225649,0.07172599844171446,-0.4527987399328276,3,2,1.0,19.0,0.028387787895018748,0.0,0.0926,910,2935,0.1,0.15,45
60,30,false,,0.1544515738566126,0.07479072922594344,-0.08267184243297963,12,13,1.0,28.0,0.14396028681742967,0.0,0.0834,910,2935,0.1,0.15,45
20,10,true,,0.13110145500562673,0.3523452300720098,0.2370485886602819,14,17,1.0,19.0,0.7994850337946572,0.0,0.2916,911,2936,0.1,0.15,45
20,10,false,,0.1366397558869576,0.11018486392505361,-0.03460264953994763,9,2,1.0,19.0,0.4179752756431674,0.0,0.2898,912,2937,0.1,0.15,45
30,15,false,,0.10340414113508871,0.1437608228113679,0.04414505468552654,22,25,1.0,29.0,0.6175625769388593,0.0,0.2436,912,2937,0.1,0.15,45
40,20,false,,0.11395012758634572,0.22522871274626152,0.09735832702018725,31,36,3.0,39.0,0.675797373358349,0.0,0.2954,912,2937,0.1,0.15,45
50,25,false,,0.29676812804844344,0.09306284313427855,-0.21018796090456338,5,3,1.0,37.0,0.18460833715071004,0.010994044892349977,0.2032,912,2937,0.1,0.15,45
60,30,false,,0.11889249844758407,0.12502187340079596,0.007029113935085353,42,53,6.0,58.0,0.5563025210084034,0.1638655462184874,0.2138,912,2937,0.1,0.15,45
20,10,false,,0.16224835756201458,0.15120479328220482,-0.03344029207023015,9,1,1.0,19.0,0.48040638606676345,0.0,0.2442,913,2938,0.1,0.15,45
30,15,false,,0.13134906583434902,0.10195773851283899,-0.03748887397530079,10,2,1.0,28.0,0.37640246109301484,0.0,0.2868,913,2938,0.1,0.15,45
40,20,false,,0.1305833785998312,0.11490949585137401,-0.012984490349447625,13,3,1.0,37.0,0.46139705882352944,0.0,0.2554,913,2938,0.1,0.15,45
50,25,false,,0.21576578349099668,0.10444221451588862,-0.11861306488324133,5,2,1.0,22.0,0.24178981937602628,0.0,0.222,913,2938,0.1,0.15,45
60,30,false,,0.11398446309701933,0.5646512084915054,0.45702602604018294,56,56,40.0,59.0,0.986986986986987,0.035035035035035036,0.0808,913,2938,0.1,0.15,45
20,10,false,,0.1697890050363223,0.16273485616959013,-0.002823576664651023,9,1,1.0,19.0,0.49291497975708504,0.0,0.2672,914,2939,0.1,0.15,45
30,15,false,,0.15868894186439778,0.11598520861928396,-0.06270843814054264,10,1,1.0,28.0,0.3288590604026846,0.0,0.254,914,2939,0.1,0.15,45
40,20,false,,0.7634843941594412,0.09339031887696936,-0.6787046005545087,2,2,1.0,33.82499999999982,0.02403846153846154,0.0,0.1592,914,2939,0.1,0.15,45
50,25,false,,0.1272224583057838,0.13029859429847943,0.0006421114450427257,33,43,1.0,48.0,0.5011801730920535,0.24311565696302123,0.2446,914,2939,0.1,0.15,45
60,30,false,,0.12030177318732624,0.16471815650314936,0.04693080338321669,46,53,29.0,59.0,0.6402439024390244,0.24504573170731708,0.2462,914,2939,0.1,0.15,45
20,10,false,,0.08969907255660364,0.18514578217477567,0.09501266563940954,14,16,1.0,19.0,0.6589704769114307,0.0,0.2764,915,2940,0.1,0.15,45
30,15,false,,0.08636503288428052,0.11903447905647006,0.04675120295819611,22,26,1.0,29.0,0.6400529333921482,0.0,0.1922,915,2940,0.1,0.15,45
40,20,false,,0.12084379867451034,0.11375252810355439,-0.0016855147532502737,13,2,1.0,38.0,0.4963091619626574,0.0,0.2462,915,2940,0.1,0.15,45
50,25,true,,0.11110218850240566,0.5906855862387743,0.46173423101764444,43,45,7.0,49.0,0.8616165890816758,0.5146000846381719,0.269,915,2940,0.1,0.15,45
20,10,false,,0.10288961788505807,0.24093997959481986,0.14817275374168934,14,16,2.0,19.0,0.6991568296795952,0.0,0.3012,916,2941,0.1,0.15,45
30,15,false,,0.10696803703880063,0.12850740187105536,0.05038568308047592,18,26,1.0,29.0,0.5908175594039469,0.0,0.2254,916,2941,0.1,0.15,45
40,20,true,,0.10762835319949404,0.19806063104505803,0.10500841978373279,25,34,3.1499999999999915,39.0,0.7261394624074795,0.0,0.3,916,2941,0.1,0.15,45
20,10,true,,0.10469372400378145,0.23797912510830596,0.15956676526089936,13,15,2.0,19.0,0.7235798159314504,0.0,0.3196,917,2942,0.1,0.15,45
20,10,false,,0.15004170589623658,0.20184587152300137,0.07494317674572479,13,16,2.0,19.0,0.6691970802919708,0.0,0.3222,918,2943,0.1,0.15,45
30,15,false,,0.16163545970205195,0.12706118676946374,-0.06246485220219833,15,1,1.0,29.0,0.41368078175895767,0.0,0.2484,918,2943,0.1,0.15,45
40,20,false,,0.12380623373321535,0.251701482677473,0.13595981947725697,32,35,7.0,39.0,0.6897973205084164,0.0,0.2612,918,2943,0.1,0.15,45
50,25,false,,0.1426552162956671,0.10561506048921145,-0.052413206572789264,18,2,1.0,45.0,0.30494406351497655,0.059906171057380005,0.2388,918,2943,0.1,0.15,45
60,30,true,,0.12224137104585858,0.4089408826320431,0.2803924134978474,53,56,24.0,59.0,0.8653555219364599,0.15393343419062028,0.2042,918,2943,0.1,0.15,45
20,10,false,,0.07795604606846676,0.2176860624990904,0.15009965861185726,14,16,1.0,19.0,0.6538931920097839,0.0,0.2194,919,2944,0.1,0.15,45
30,15,false,,0.08174734184473322,0.08433475078177485,0.002316154205803927,15,2,1.0,28.0,0.5066666666666667,0.0,0.1174,919,2944,0.1,0.15,45
40,20,false,,0.05880407352290639,0.12588228052890127,0.061654560905759936,28,30,10.0,37.0,0.6597593582887701,0.0,0.0618,919,2944,0.1,0.15,45
50,25,true,,0.05376551932974579,0.07975865222492111,0.038010622459720325,31,34,25.0,35.0,0.7980561555075594,0.0,0.026,919,2944,0.1,0.15,45
20,10,false,,0.12638550813879867,0.13670095238161759,0.014510331391296274,11,15,1.0,19.0,0.5409937888198758,0.0,0.3336,920,2945,0.1,0.15,45
30,15,false,,0.123410906619798,0.1271920888811518,0.011662250977426417,14,4,1.0,29.0,0.5321199143468951,0.0,0.2726,920,2945,0.1,0.15,45
40,20,false,,0.14858972143450808,0.10410649032822515,-0.07118141526491513,8,2,1.0,38.0,0.3209157935584012,0.0,0.249,920,2945,0.1,0.15,45
50,25,false,,0.1259317522299869,0.18217267985590824,0.05983431201974021,37,47,1.0,49.0,0.5935280189423836,0.31176006314127863,0.2358,920,2945,0.1,0.15,45
60,30,false,,0.11983254376419335,0.14246828425221317,0.03075275265071331,46,57,16.0,59.0,0.5959557420831744,0.2468523464326593,0.2356,920,2945,0.1,0.15,45
20,10,false,,0.11614933805222129,0.0848376199818636,-0.026623670917629683,7,1,1.0,19.0,0.43262987012987014,0.0,0.2398,921,2946,0.1,0.15,45
30,15,false,,0.2838133398313003,0.07287301004666473,-0.21582362837041097,3,1,1.0,28.0,0.25539387857501256,0.0,0.1296,921,2946,0.1,0.15,45
40,20,true,,0.08259872249645678,0.28029771963674766,0.19025663278644728,32,34,2.0,39.0,0.8225726959093149,0.0,0.1342,921,2946,0.1,0.15,45
20,10,false,,0.09805062394431534,0.1652260852478796,0.0809235927428294,13,17,1.0,19.0,0.6465426465426466,0.0,0.259,922,2947,0.1,0.15,45
30,15,false,,0.6541666321727532,0.07874972846006341,-0.588558063128578,2,1,1.0,27.0,0.23768844221105528,0.0,0.1514,922,2947,0.1,0.15,45
40,20,false,,0.2935800660103923,0.08568357441170031,-0.208481221576509,5,3,1.0,32.0,0.16401889222842422,0.0,0.2138,922,2947,0.1,0.15,45
50,25,false,,0.1597789008392827,0.0920168978829712,-0.07644320028821164,10,4,1.0,47.0,0.26017316017316017,0.07445887445887446,0.195,922,2947,0.1,0.15,45
60,30,false,,0.12301890443391718,0.1328948482249816,0.032077607182219206,38,56,2.0,59.0,0.5365853658536586,0.07269249163079866,0.1516,922,2947,0.1,0.15,45
20,10,false,,0.13184011688371147,0.31738297205636296,0.2011060039406129,15,16,1.0,19.0,0.7143310082435003,0.0,0.2906,923,2948,0.1,0.15,45
30,15,false,,0.1392709463486908,0.10349682076249198,-0.05040775476188453,12,3,1.0,28.0,0.34945130315500683,0.0,0.2736,923,2948,0.1,0.15,45
40,20,false,,0.7564572071200679,0.09042641705336947,-0.6602278838555837,2,2,1.0,13.0,0.019222172552525705,0.0,0.1666,923,2948,0.1,0.15,45
50,25,true,,0.11659551197892011,0.38169997395775196,0.2624113008020568,44,47,24.0,49.0,0.7984095427435388,0.5232604373757456,0.243,923,2948,0.1,0.15,45
20,10,false,,0.13126890230763016,0.19694390619115648,0.08341668349003908,13,16,1.0,19.0,0.6094970321774446,0.0,0.3084,924,2949,0.1,0.15,45
30,15,false,,0.11355274329502162,0.4289234848916353,0.31363418503682305,25,27,2.0,29.0,0.7176334998079139,0.0,0.2496,924,2949,0.1,0.15,45
40,20,true,,0.11194974778804333,0.29174215051856917,0.1825153738051145,34,36,11.0,39.0,0.7423382519863791,0.0,0.2594,924,2949,0.1,0.15,45
20,10,false,,0.13213134454858366,0.24848313032925295,0.1308359377735889,13,16,1.0,19.0,0.6338302009073234,0.0,0.302,925,2950,0.1,0.15,45
30,15,false,,0.12713951861543696,0.1092927245705349,-0.025045669765324755,14,3,1.0,29.0,0.4341057204923968,0.0,0.2608,925,2950,0.1,0.15,45
40,20,true,,0.11836472165858727,0.3189959637367393,0.20348124925807526,34,36,9.0,39.0,0.8375277572168763,0.0,0.255,925,2950,0.1,0.15,45
20,10,false,,0.10109658756756805,0.254100756764816,0.14622132026850332,15,16,1.0,19.0,0.7475832438238453,0.0,0.2932,926,2951,0.1,0.15,45
30,15,false,,0.11905956093906761,0.11673191475339957,0.0008651114825969225,12,1,1.0,28.0,0.5,0.0,0.2642,926,2951,0.1,0.15,45
40,20,false,,0.12351174952308763,0.11136366952122974,-0.00669028676931141,11,2,1.0,38.0,0.4704739704739705,0.0,0.2708,926,2951,0.1,0.15,45
50,25,false,,0.13528300030633567,0.11284739319046397,-0.025715219001091083,10,5,1.0,48.0,0.40086376128778956,0.18256772673733804,0.2628,926,2951,0.1,0.15,45
60,30,false,,0.13602995957458314,0.12493225818434858,0.003157886184615072,16,4,1.0,58.0,0.5036915504511895,0.0701394585726005,0.2286,926,2951,0.1,0.15,45
20,10,false,,0.12418610688902502,0.21463780851641212,0.13332316171586184,13,1,1.0,19.0,0.6398882291302829,0.0,0.2472,927,2952,0.1,0.15,45
30,15,true,,0.1184365111980388,0.4917247596174085,0.3725146461309212,23,26,1.0,29.0,0.7376311844077961,0.0,0.2636,927,2952,0.1,0.15,45
20,10,false,,0.14627933449014643,0.1961304980234384,0.07028086908498529,14,16,1.0,19.0,0.5930012610340479,0.0,0.3062,928,2953,0.1,0.15,45
30,15,false,,0.14521288018360767,0.14011775404004867,0.017121536660150816,14,26,1.0,29.0,0.5135617416131335,0.0,0.231,928,2953,0.1,0.15,45
40,20,false,,0.8444685706409545,0.08951651703626459,-0.747432390868454,2,1,1.0,5.0,0.0,0.0,0.1252,928,2953,0.1,0.15,45
50,25,true,,0.10957774822443067,0.6379605950849895,0.5169488422340707,43,46,3.0,49.0,0.8010849909584087,0.5519891500904159,0.1994,928,2953,0.1,0.15,45
20,10,false,,0.21813759049510523,0.11552034132948653,-0.12658840165893775,5,1,1.0,17.0,0.24775928297055058,0.0,0.2852,929,2954,0.1,0.15,45
30,15,false,,0.12520683266742963,0.1480429754119086,0.04141525254968769,20,26,1.0,29.0,0.5740676193795747,0.0,0.2686,929,2954,0.1,0.15,45
40,20,false,,0.18017651968087608,0.0948160812048114,-0.09839840144675711,6,3,1.0,36.0,0.21487603305785125,0.0,0.2258,929,2954,0.1,0.15,45
50,25,false,,0.1899846551994164,0.095780270710679,-0.11149665375638805,8,1,1.0,46.0,0.25925925925925924,0.08727117922520221,0.2406,929,2954,0.1,0.15,45
60,30,false,,0.3081532968326541,0.1065254005402074,-0.19295746195931623,7,3,1.0,55.82499999999993,0.294811320754717,0.055424528301886794,0.0668,929,2954,0.1,0.15,45
20,10,false,,0.13802013211033368,0.22335703222755987,0.1187882776708943,13,17,1.0,19.0,0.6408176508760545,0.0,0.3094,930,2955,0.1,0.15,45
30,15,false,,0.12272552750999158,0.18049532546227434,0.0755128710374305,20,26,1.0,29.0,0.6342798494697229,0.0,0.2872,930,2955,0.1,0.15,45
40,20,false,,0.1226568894953473,0.10819370172952464,-0.019274796846078107,20,30,2.0,39.0,0.44247453791022257,0.0,0.2486,930,2955,0.1,0.15,45
50,25,false,,0.1314678570310316,0.13076285153055114,0.01701294360722206,15,3,2.0,48.0,0.531987814166032,0.18202589489718202,0.2586,930,2955,0.1,0.15,45
60,30,false,,0.11745813361183538,0.18656625408186395,0.0703571257313719,48,56,30.0,59.0,0.6891050583657587,0.26653696498054474,0.233,930,2955,0.1,0.15,45
20,10,false,,0.1402824888351556,0.33323960356221566,0.20306443406125163,15,16,3.0,19.0,0.7841614906832298,0.0,0.3096,931,2956,0.1,0.15,45
30,15,false,,0.15485829697392353,0.12306757362018327,-0.04664162850246248,16,26,1.0,29.0,0.40310322989233693,0.0,0.2854,931,2956,0.1,0.15,45
40,20,false,,0.16291330776615368,0.10678121636290804,-0.07126187940003299,8,3,1.0,38.52500000000009,0.27092198581560284,0.0,0.2396,931,2956,0.1,0.15,45
50,25,false,,0.19683203324167312,0.10396863608276308,-0.09911389073130752,8,4,1.0,47.0,0.17549668874172186,0.07579102281089035,0.2188,931,2956,0.1,0.15,45
60,30,true,,0.12228748346776389,0.29945152212483134,0.17867784899377978,53,56,31.0,59.0,0.7785003825554705,0.14039785768936497,0.2318,931,2956,0.1,0.15,45
20,10,false,,0.10338861398008618,0.28847919985032605,0.1972454963790815,14,1,1.0,19.0,0.6388526727509778,0.0,0.2072,932,2957,0.1,0.15,45
30,15,false,,0.10906879716301704,0.15249899715564716,0.06529026009271079,20,29,1.0,29.0,0.6390948107686305,0.0,0.269,932,2957,0.1,0.15,45
40,20,false,,0.12143244576981709,0.15837098004354946,0.054092978422734916,26,36,1.0,39.0,0.5879017013232514,0.0,0.2768,932,2957,0.1,0.15,45
50,25,false,,0.11466839192547229,0.12306685155436539,0.01175782106514292,24,5,2.0,47.0,0.5407114624505929,0.13754940711462452,0.2694,932,2957,0.1,0.15,45
60,30,false,,0.12163445427746485,0.1301505449519047,0.016399037984152334,34,9,2.0,57.0,0.5577151923839746,0.15708052360174535,0.2186,932,2957,0.1,0.15,45
20,10,false,,0.12696732915696787,0.45397077848586787,0.33268894230904134,15,16,2.0,19.0,0.8128238341968912,0.0,0.2924,933,2958,0.1,0.15,45
30,15,false,,0.13251777066270937,0.12367456810035075,-0.003872173671094145,12,6,2.0,28.0,0.4921875,0.0,0.3086,933,2958,0.1,0.15,45
40,20,false,,0.16581235200875552,0.1218670185081144,-0.04929587986847167,6,2,1.0,21.0,0.3549843695727683,0.0,0.2414,933,2958,0.1,0.15,45
50,25,false,,0.12965097248479943,0.6283845819076388,0.49990369158910597,45,45,2.0,49.0,0.7656716417910447,0.6309701492537313,0.2016,933,2958,0.1,0.15,45
60,30,true,,0.12601317287862995,0.22900387445087464,0.1063353381669015,52,55,33.0,59.0,0.7548984681154257,0.19771998574991093,0.2014,933,2958,0.1,0.15,45
20,10,false,,0.13066883444626398,0.12024151981172214,-0.014747527940372485,7,1,1.0,19.0,0.47114093959731546,0.0,0.303,934,2959,0.1,0.15,45
30,15,false,,0.11885140806190876,0.11468678418858574,-0.0010029799810211681,14,3,2.0,29.0,0.4976303317535545,0.0,0.291,934,2959,0.1,0.15,45
40,20,true,,0.11304207480304442,0.2578880180451452,0.15261448824314655,32,36,3.0,39.0,0.7323998444185142,0.0,0.268,934,2959,0.1,0.15,45
20,10,false,,0.13289143332225906,0.14292835752236208,0.0075435621920546675,11,16,1.0,19.0,0.5123495883470551,0.0,0.2962,935,2960,0.1,0.15,45
30,15,true,,0.11027714646319418,0.3067543283645874,0.2097249530975595,24,26,2.0,29.0,0.7530120481927711,0.0,0.2464,935,2960,0.1,0.15,45
20,10,false,,0.09802975456468692,0.1688630377610884,0.07594295267995625,12,1,1.0,19.0,0.6315995307000392,0.0,0.2608,936,2961,0.1,0.15,45
30,15,false,,0.10151496876987923,0.1640635818822877,0.08159390698718688,20,24,2.0,29.0,0.6718386346004654,0.0,0.2884,936,2961,0.1,0.15,45
40,20,false,,0.09835303922587733,0.1302479050868549,0.04439496578574429,15,6,2.0,38.0,0.6723210591642532,0.0,0.2588,936,2961,0.1,0.15,45
50,25,false,,0.1441876028033983,0.10693125987017277,-0.04053922439095503,14,4,1.0,44.0,0.3530097087378641,0.04893203883495146,0.282,936,2961,0.1,0.15,45
60,30,false,,0.23567484257151639,0.10363203602095766,-0.12368809217386513,7,3,1.0,48.0,0.2583616093068347,0.04750363548230732,0.1656,936,2961,0.1,0.15,45
20,10,false,,0.07857412475475307,0.15423850496799266,0.08577249737958403,13,15,1.0,19.0,0.6566008517228029,0.0,0.2356,937,2962,0.1,0.15,45
30,15,false,,0.0716931233213586,0.16955973379688427,0.11361690680407269,24,26,1.0,29.0,0.6775039328788673,0.0,0.1062,937,2962,0.1,0.15,45
40,20,false,,0.06598478887609767,0.5111191486101231,0.44321325700919506,35,37,30.0,39.0,1.0,0.0,0.0646,937,2962,0.1,0.15,45
50,25,true,,0.06887867654957347,0.13182953791026403,0.05809847681217178,41,41,27.0,49.0,0.7642330877427997,0.29805760214333554,0.0334,937,2962,0.1,0.15,45
20,10,false,,0.1586341900716639,0.20611784109402229,0.06715356589380261,14,16,1.0,19.0,0.5863151286880101,0.0,0.279,938,2963,0.1,0.15,45
30,15,false,,0.13817479761188403,0.12755813015121228,-0.014351882614367248,20,26,3.0,29.0,0.4627862595419847,0.0,0.2778,938,2963,0.1,0.15,45
40,20,true,,0.12508630329173384,0.3350087998101524,0.2166058790075767,34,35,4.0,39.0,0.7270847691247415,0.0,0.2602,938,2963,0.1,0.15,45
20,10,false,,0.087358260546608,0.11545283202862974,0.02747097301026369,10,15,1.0,19.0,0.5812861271676301,0.0,0.29,939,2964,0.1,0.15,45
30,15,false,,0.1168053913091965,0.1568384175195468,0.06136575872362662,18,1,1.0,29.0,0.5959952885747939,0.0,0.2624,939,2964,0.1,0.15,45
40,20,false,,0.12137306180467392,0.13607037606464212,0.01964345542271178,19,5,1.0,39.0,0.541698546289212,0.0,0.2846,939,2964,0.1,0.15,45
50,25,false,,0.11703547193610184,0.1614754213976769,0.06026733492228446,31,5,2.0,49.0,0.6296881168574813,0.2554283458349783,0.2546,939,2964,0.1,0.15,45
60,30,false,,0.11852138848103494,0.14561753619123868,0.023904313688920625,44,47,14.0,58.0,0.6052020436600093,0.20018578727357175,0.1726,939,2964,0.1,0.15,45
20,10,true,,0.08543115219354713,0.22118632170069324,0.14897528944530364,12,15,1.0,19.0,0.7289156626506024,0.0,0.3076,940,2965,0.1,0.15,45
20,10,false,,0.07959618467226758,0.2742358367481249,0.19874275725277965,15,16,1.0,19.0,0.764522417153996,0.0,0.2684,941,2966,0.1,0.15,45
30,15,false,,0.08101222709253879,0.1693685446382017,0.09866501714545294,22,26,1.0,29.0,0.6969121140142518,0.0,0.1772,941,2966,0.1,0.15,45
40,20,true,,0.10860653452140374,0.5671425967460125,0.4588868507876107,33,35,2.0,39.0,0.8064784053156147,0.0,0.2628,941,2966,0.1,0.15,45
20,10,false,,0.11524796108959547,0.17241436622405626,0.08359256199594302,12,15,1.0,19.0,0.6203243958953989,0.0,0.3068,942,2967,0.1,0.15,45
30,15,true,,0.11219395089272508,0.38091535494157497,0.2846926583846496,24,27,2.0,29.0,0.763629431948151,0.0,0.2698,942,2967,0.1,0.15,45
20,10,false,,0.10927153609777915,0.17070377371914017,0.08476487722900045,10,16,1.0,19.0,0.6513422818791946,0.0,0.3044,943,2968,0.1,0.15,45
30,15,true,,0.10756078225472142,0.22446740730664239,0.12421168930354633,24,26,12.524999999999991,29.0,0.7448618001417434,0.0,0.2872,943,2968,0.1,0.15,45
20,10,false,,0.09497316095851648,0.1015024714141852,0.01170693773926905,8,3,1.0,18.0,0.529476382277554,0.0,0.29,944,2969,0.1,0.15,45
30,15,false,,0.17094494246754122,0.09718335007740038,-0.08181178812864025,8,1,1.0,27.0,0.3608538058799839,0.0,0.2674,944,2969,0.1,0.15,45
40,20,false,,0.10518675704720853,0.16535652482281496,0.06922702857386825,28,35,3.0,38.0,0.6788145774929916,0.0,0.2668,944,2969,0.1,0.15,45
50,25,false,,0.11041118312518212,0.12991492133143662,0.03017318636051965,27,45,2.0,48.0,0.5983333333333334,0.22916666666666666,0.2266,944,2969,0.1,0.15,45
60,30,false,,0.12138062051638662,0.21421816947828226,0.09833827355178544,48,49,3.0,59.0,0.6843591191417279,0.1671372106154715,0.151,944,2969,0.1,0.15,45
20,10,false,,0.12068284807784962,0.1645879041451052,0.06492499566792473,10,3,1.0,19.0,0.6255876427132303,0.0,0.2908,945,2970,0.1,0.15,45
30,15,false,,0.14852163546204974,0.11129109592690233,-0.05497434607092991,9,1,1.0,28.0,0.35422740524781343,0.0,0.2142,945,2970,0.1,0.15,45
40,20,true,,0.12156962118967261,0.5298165093964845,0.40551818434267994,34,36,1.0,39.0,0.823682256867112,0.0,0.2474,945,2970,0.1,0.15,45
20,10,true,,0.08943391862700223,0.25889518514951204,0.1698269518528463,14,16,2.0,19.0,0.782859078590786,0.0,0.3158,946,2971,0.1,0.15,45
20,10,false,,0.06927414825757244,0.25695203633633135,0.18080557160846977,15,16,2.0,19.0,0.81625,0.0,0.2572,947,2972,0.1,0.15,45
30,15,false,,0.11654764366897911,0.1056054241720822,-0.015014932565418068,10,2,1.0,27.0,0.44837063211621514,0.0,0.2858,947,2972,0.1,0.15,45
40,20,true,,0.09622585051574131,0.4233629655777884,0.3180872864527522,32,35,7.0,39.0,0.8415227976980965,0.0,0.2198,947,2972,0.1,0.15,45
20,10,false,,0.16814186865311742,0.12698044437614336,-0.04822800804781199,6,2,1.0,19.0,0.41302952503209245,0.0,0.3062,948,2973,0.1,0.15,45
30,15,false,,0.11992190298647779,0.1756769208097385,0.07081776839879275,24,26,3.0,29.0,0.6371866295264624,0.0,0.2582,948,2973,0.1,0.15,45
40,20,false,,0.11655656402692904,0.2871921578373332,0.1811870948809809,35,36,5.0,39.0,0.7956231454005934,0.0,0.2598,948,2973,0.1,0.15,45
50,25,false,,0.21695681156864507,0.10189343911166338,-0.1255052455810571,6,3,1.0,23.0,0.22324510932105868,0.0,0.2256,948,2973,0.1,0.15,45
60,30,false,,0.11930948044991364,0.15199848531347346,0.03231997243625599,43,55,20.0,58.0,0.5954997383568812,0.1674515960230246,0.1518,948,2973,0.1,0.15,45
20,10,false,,0.11219067464723505,0.15409577625508677,0.05992890174799506,13,17,1.0,19.0,0.6003982741453701,0.0,0.2896,949,2974,0.1,0.15,45
30,15,false,,0.08638162047212336,0.6492029778134114,0.5696622765541294,26,26,9.0,29.0,0.9111686071582579,0.0,0.2162,949,2974,0.1,0.15,45
40,20,true,,0.11047769403880901,0.5076531412669272,0.40312538986125257,32,36,2.0,39.0,0.7885738115095913,0.0,0.277,949,2974,0.1,0.15,45
20,10,false,,0.11769070802966453,0.16824631600804374,0.05685521338760597,9,5,1.0,19.0,0.6639549436795995,0.0,0.3356,950,2975,0.1,0.15,45
30,15,false,,0.34878912521987737,0.11101531075587169,-0.2508663513660109,3,1,1.0,18.0,0.22776488785769528,0.0,0.235,950,2975,0.1,0.15,45
40,20,false,,0.13006409098914995,0.1645866318546855,0.049577952835998154,28,35,2.0,39.0,0.5992932862190813,0.0,0.2604,950,2975,0.1,0.15,45
50,25,false,,0.1370359741898713,0.11489729744622877,-0.0270838871606505,11,3,1.0,48.0,0.40973782771535583,0.16853932584269662,0.2332,950,2975,0.1,0.15,45
60,30,false,,0.11722473685948159,0.33192454039802327,0.21994361487305542,55,54,33.0,59.0,0.8438498402555911,0.09704472843450479,0.2302,950,2975,0.1,0.15,45
20,10,false,,0.11208701610445958,0.3753562523881417,0.2717417437950453,15,18,4.0,19.0,0.8104359313077939,0.0,0.2962,951,2976,0.1,0.15,45
30,15,false,,0.17737538401407443,0.10483912147689604,-0.10043270989394901,7,1,1.0,28.0,0.32686567164179103,0.0,0.2386,951,2976,0.1,0.15,45
40,20,true,,0.11984641443940923,0.5979911196736061,0.4800997527215758,34,36,2.0,39.0,0.7836782506833269,0.0,0.2318,951,2976,0.1,0.15,45
20,10,true,,0.11687540416681817,0.1701231514705426,0.07285812952133469,13,16,2.0,19.0,0.7057922157523752,0.0,0.321,952,2977,0.1,0.15,45
20,10,false,,0.2360876323173244,0.06412975647486618,-0.17377339444597445,5,4,1.0,17.0,0.1527927927927928,0.0,0.2514,953,2978,0.1,0.15,45
30,15,false,,0.11179863438516643,0.15409841443367103,0.041318432846514284,19,26,1.0,29.0,0.5910415149308085,0.0,0.2906,953,2978,0.1,0.15,45
40,20,false,,0.1552045816911507,0.11009111662880539,-0.05566235781742983,7,1,1.0,38.0,0.4109195402298851,0.0,0.2378,953,2978,0.1,0.15,45
50,25,true,,0.11131556496562754,0.3290393840011652,0.21423084025732636,44,47,15.0,49.0,0.768644747393745,0.5609462710505213,0.2418,953,2978,0.1,0.15,45
20,10,false,,0.08779685468342166,0.36698996168042125,0.278155359175289,15,16,2.0,19.0,0.8008948545861297,0.0,0.272,954,2979,0.1,0.15,45
30,15,false,,0.10002665662382669,0.16188755091636342,0.06961257288851538,21,26,3.0,29.0,0.6630222569308863,0.0,0.2684,954,2979,0.1,0.15,45
40,20,false,,0.17445338309428224,0.08492590865678591,-0.095867257552014,6,1,1.0,37.0,0.2475022706630336,0.0,0.2004,954,2979,0.1,0.15,45
50,25,false,,0.09673713873775111,0.22772239214815068,0.12013735199377296,46,46,35.0,49.0,0.7072477498815727,0.6906679298910469,0.1508,954,2979,0.1,0.15,45
60,30,false,,0.12540103990919133,0.09964949057251887,-0.020553065546124613,10,2,1.0,58.0,0.45384218669417226,0.02527075812274368,0.1122,954,2979,0.1,0.15,45
20,10,false,,0.13383204022752387,0.14274058502548814,0.006482731733435776,9,4,1.0,19.0,0.5172199813838039,0.0,0.3276,955,2980,0.1,0.15,45
30,15,false,,0.12196196792215827,0.11398772787694268,-0.015222621295641448,18,3,1.0,28.0,0.46353610814656704,0.0,0.2742,955,2980,0.1,0.15,45
40,20,false,,0.3398257386507756,0.086775139785616,-0.24936410832287256,4,3,1.0,17.65000000000009,0.09726315789473684,0.0,0.2202,955,2980,0.1,0.15,45
50,25,false,,0.12023502403374385,0.11525926923290794,0.003732213322600493,33,40,6.0,48.0,0.5136932707355243,0.20422535211267606,0.2888,955,2980,0.1,0.15,45
60,30,false,,0.17220533085752254,0.10857721553031231,-0.06551791174676119,9,2,1.0,56.0,0.3202955236853542,0.05997392438070404,0.2182,955,2980,0.1,0.15,45
20,10,false,,0.08436781894728636,0.3310274409393904,0.2275161360161446,15,16,3.0,19.0,0.7975524475524476,0.0,0.3006,956,2981,0.1,0.15,45
30,15,false,,0.0860681046911115,0.4985816379063816,0.4174257304594249,25,25,5.0,29.0,0.929345470307759,0.0,0.2226,956,2981,0.1,0.15,45
40,20,false,,0.1885166103285068,0.09764875605703972,-0.103853306912316,8,1,1.0,34.0,0.3221343873517787,0.0,0.2618,956,2981,0.1,0.15,45
50,25,false,,0.12598289938878707,0.12297908595943655,-0.0015274789037739572,21,35,4.0,46.0,0.48953809711804186,0.09751283063560995,0.2754,956,2981,0.1,0.15,45
60,30,true,,0.45771170303545,0.5294535651409347,0.07174186210548467,16,16,16.0,16.0,1.0,0.0,0.0002,956,2981,0.1,0.15,45
20,10,false,,0.14499271117030882,0.10808033900151319,-0.05568763556046582,7,1,1.0,19.0,0.41753731343283584,0.0,0.2574,957,2982,0.1,0.15,45
30,15,true,,0.10828165925526421,0.47110225563498337,0.36125078540548766,24,24,3.0,29.0,0.8619336425258651,0.0,0.2816,957,2982,0.1,0.15,45
20,10,true,,0.1023639183648983,0.24046062379932734,0.14341652632934299,13,16,1.0,19.0,0.7322348094747683,0.0,0.2914,958,2983,0.1,0.15,45
20,10,false,,0.1156914050060503,0.15368680976157736,0.04040026103007266,12,16,1.0,19.0,0.5886683738796414,0.0,0.3244,959,2984,0.1,0.15,45
30,15,false,,0.09892504740340376,0.18368144942964404,0.0907547449150355,22,26,2.0,29.0,0.6806625577812019,0.0,0.2464,959,2984,0.1,0.15,45
40,20,false,,0.16402924725683385,0.1257776971385021,-0.03996616574109699,9,3,1.0,39.0,0.46727423363711684,0.0,0.253,959,2984,0.1,0.15,45
50,25,false,,0.11383354097590744,0.20467135725182678,0.09455588928422524,38,45,4.0,49.0,0.6953346855983773,0.35496957403651114,0.2724,959,2984,0.1,0.15,45
60,30,true,,0.117581552714274,0.30210787556423285,0.1836275234400151,51,52,31.0,59.0,0.8023598820058997,0.20452310717797442,0.1666,959,2984,0.1,0.15,45
20,10,true,,0.07241955843471243,0.3306383506639204,0.25039276113201137,14,16,2.0,19.0,0.8048117966627862,0.0,0.276,960,2985,0.1,0.15,45
20,10,true,,0.11760538770884517,0.2932577573887911,0.2050765183046201,14,17,1.0,19.0,0.7256637168141593,0.0,0.2666,961,2986,0.1,0.15,45
20,10,false,,0.3359691204196788,0.07858487287271768,-0.27351736050562564,3,1,1.0,18.0,0.30800990916597853,0.0,0.2054,962,2987,0.1,0.15,45
30,15,true,,0.10144755490185245,0.19548761326151248,0.11174542428933484,19,27,2.0,29.0,0.7174076865109269,0.0,0.2848,962,2987,0.1,0.15,45
20,10,false,,0.12192282831762732,0.22062957822879917,0.12221112203903153,13,15,2.0,19.0,0.6776252792850304,0.0,0.3226,963,2988,0.1,0.15,45
30,15,false,,0.12517746692148074,0.11431048193681506,-0.015071660273160203,17,26,1.0,29.0,0.4571129707112971,0.0,0.2702,963,2988,0.1,0.15,45
40,20,false,,0.15108523987518818,0.10904003687989053,-0.07017791426258972,23,1,1.0,39.0,0.4147171416418545,0.0,0.1888,963,2988,0.1,0.15,45
50,25,false,,0.16876180328604595,0.10640489681514047,-0.07162187683469212,8,3,1.0,49.0,0.3647506339814032,0.20540997464074387,0.221,963,2988,0.1,0.15,45
60,30,false,,0.12651814512312648,0.1279263565839626,-0.003064884707503275,34,2,1.0,58.0,0.4896437448218724,0.1516155758077879,0.1898,963,2988,0.1,0.15,45
20,10,false,,0.14305543652457559,0.11988611830458053,-0.027700726513864474,7,1,1.0,19.0,0.4186200066028392,0.0,0.2884,964,2989,0.1,0.15,45
30,15,true,,0.10454432993751078,0.25587623307728063,0.16539409228632196,24,26,3.700000000000003,29.0,0.7454615681730398,0.0,0.2694,964,2989,0.1,0.15,45
20,10,false,,0.1385260042471013,0.3729502596344493,0.2431011865959004,14,18,1.0,19.0,0.6288194444444445,0.0,0.2654,965,2990,0.1,0.15,45
30,15,false,,0.13275744187716013,0.10297502047137713,-0.027502497465391643,12,2,1.0,28.0,0.4429678848283499,0.0,0.2638,965,2990,0.1,0.15,45
40,20,true,,0.1061869666236257,0.22807750199876733,0.12400116199603231,32,36,2.0,39.0,0.7591868647380766,0.0,0.2726,965,2990,0.1,0.15,45
20,10,false,,0.12963977185128023,0.08297021744514863,-0.03731898972983523,9,3,1.0,19.0,0.3913354815610455,0.0,0.2592,966,2991,0.1,0.15,45
30,15,false,,0.13984781910937338,0.11203207921745786,-0.03278438447026113,10,3,1.0,28.0,0.4436004557538929,0.0,0.2828,966,2991,0.1,0.15,45
40,20,false,,0.11237396238674922,0.16030409141877702,0.06502333868067584,26,35,2.0,39.0,0.6443418013856813,0.0,0.2922,966,2991,0.1,0.15,45
50,25,false,,0.249209510091192,0.10249805834036337,-0.14770082755597327,6,1,1.0,48.0,0.23113207547169812,0.07761578044596913,0.227,966,2991,0.1,0.15,45
60,30,false,,0.11514186986038694,0.14246796878396534,0.038722605157921045,43,56,1.0,58.0,0.6340464269458352,0.12744651797906237,0.1822,966,2991,0.1,0.15,45
20,10,false,,0.07821214759706074,0.1881096739412201,0.1115418740111348,15,16,2.0,19.0,0.7426112981668537,0.0,0.2734,967,2992,0.1,0.15,45
30,15,false,,0.094574694582162,0.1501706815198964,0.07055060781108398,15,6,2.0,29.0,0.6862215360864531,0.0,0.3038,967,2992,0.1,0.15,45
40,20,true,,0.10588601363082527,0.2293314895293888,0.1291833361726061,33,36,2.0,39.0,0.7313242784380306,0.0,0.2554,967,2992,0.1,0.15,45
20,10,false,,0.1541662234315516,0.12057436165217042,-0.044532540892385813,6,2,1.0,19.0,0.42032492222606294,0.0,0.2748,968,2993,0.1,0.15,45
30,15,false,,0.10387656332745163,0.22982400186512572,0.12588929766549833,25,27,8.0,29.0,0.6574694521087899,0.0,0.2424,968,2993,0.1,0.15,45
40,20,false,,0.10062531859702764,0.19473253478848146,0.11649064204868295,32,36,2.0,39.0,0.6026827012025902,0.0,0.1796,968,2993,0.1,0.15,45
50,25,false,,0.09611654595897046,0.10950559323743032,0.007635911452318178,40,44,14.0,49.0,0.5365251727541954,0.40819348469891414,0.145,968,2993,0.1,0.15,45
60,30,false,,0.28031157784794536,0.0987019244189741,-0.18133476966205392,7,4,1.0,31.125,0.15884861407249468,0.0031982942430703624,0.1604,968,2993,0.1,0.15,45
20,10,false,,0.3008989507660306,0.08348659149373751,-0.23497483138202113,3,1,1.0,19.0,0.2786885245901639,0.0,0.1868,969,2994,0.1,0.15,45
30,15,false,,0.382029238330419,0.08617360605304296,-0.3083733929496769,4,1,1.0,28.0,0.23379339188624007,0.0,0.236,969,2994,0.1,0.15,45
40,20,false,,0.23775576954852726,0.1020883427907837,-0.14335536253809386,5,2,1.0,26.0,0.21694637740483014,0.0,0.2434,969,2994,0.1,0.15,45
50,25,false,,0.12098124311524373,0.13210052152925947,0.014125554851735875,29,36,2.0,45.0,0.5609325326739668,0.10031790886612504,0.2652,969,2994,0.1,0.15,45
60,30,true,,0.12604995171093106,0.20945415695420175,0.08480963479896261,51,56,4.0,59.0,0.7668930997497319,0.12799427958526993,0.2262,969,2994,0.1,0.15,45
20,10,false,,0.11256552040887786,0.11257372780030597,0.0016365245949428592,11,17,1.0,19.0,0.5056179775280899,0.0,0.2762,970,2995,0.1,0.15,45
30,15,false,,0.13597603374866712,0.07894182514412719,-0.07587485322138218,8,2,1.0,28.0,0.3241498062849763,0.0,0.2046,970,2995,0.1,0.15,45
40,20,false,,0.21432897324756858,0.09956726917262718,-0.12674675436637453,5,1,1.0,33.0,0.27254013997529847,0.0,0.2578,970,2995,0.1,0.15,45
50,25,false,,0.1284243543836111,0.13027415517417812,0.00265142681656777,36,42,1.0,48.0,0.5064579256360078,0.2645792563600783,0.2578,970,2995,0.1,0.15,45
60,30,false,,0.12363382299016114,0.1445124528209143,0.03342833284486685,41,55,2.0,58.0,0.5897016755210461,0.06497752349816101,0.2116,970,2995,0.1,0.15,45
20,10,false,,0.14725736373254747,0.22077934802426089,0.10982387582737077,13,17,2.0,19.0,0.6641033528145186,0.0,0.3012,971,2996,0.1,0.15,45
30,15,false,,0.15769412346743103,0.11733594182798411,-0.06327707472422284,11,4,1.0,29.0,0.34469576298184135,0.0,0.254,971,2996,0.1,0.15,45
40,20,false,,0.15343151263167001,0.0927324407522989,-0.08239972443967711,13,6,2.0,38.0,0.2750565184626978,0.0,0.225,971,2996,0.1,0.15,45
50,25,false,,0.1623949207426488,0.08350569759565411,-0.08869193559872685,12,3,2.0,48.0,0.19798234552332913,0.08701134930643127,0.1796,971,2996,0.1,0.15,45
60,30,false,,0.10263938514726795,0.1966525119714356,0.0897886560036068,55,56,46.0,59.0,0.687539531941809,0.09487666034155598,0.0914,971,2996,0.1,0.15,45
20,10,false,,0.12775453661221003,0.27224301821009217,0.16517946662960248,15,16,1.0,19.0,0.6870794078061911,0.0,0.2796,972,2997,0.1,0.15,45
30,15,false,,0.5895683731070577,0.10224467617958574,-0.5015105738532393,3,1,1.0,29.0,0.26587947882736157,0.0,0.181,972,2997,0.1,0.15,45
40,20,false,,0.21478193241758492,0.09735017485722369,-0.12672371677406297,6,2,1.0,25.0,0.21471927162367224,0.0,0.2356,972,2997,0.1,0.15,45
50,25,false,,0.12419145555323288,0.12485207020197284,0.0014275761072826548,32,46,2.0,49.0,0.5043238993710691,0.26257861635220126,0.2484,972,2997,0.1,0.15,45
60,30,true,,0.12335751086957877,0.26563501685254587,0.14210817433799489,53,55,33.0,59.0,0.7190051967334818,0.14625092798812175,0.2148,972,2997,0.1,0.15,45
20,10,false,,0.10820902955195434,0.7162078862841689,0.6017228340025703,16,18,2.0,19.0,0.8377331925378388,0.0,0.2762,973,2998,0.1,0.15,45
30,15,false,,0.1206351250479459,0.1252293064809387,0.011255082377872136,11,3,1.0,29.0,0.5215827338129496,0.0,0.2792,973,2998,0.1,0.15,45
40,20,false,,0.13922269041515722,0.10642592960407829,-0.039733435371104214,8,4,1.0,37.0,0.38005390835579517,0.0,0.2672,973,2998,0.1,0.15,45
50,25,true,,0.11472211912339471,0.20369088634913404,0.08683009345783405,41,46,18.0,49.0,0.7192842942345924,0.43658051689860833,0.2596,973,2998,0.1,0.15,45
20,10,false,,0.17579849831779473,0.10018943340635937,-0.08853207156799084,8,2,1.0,19.0,0.31778984350047906,0.0,0.282,974,2999,0.1,0.15,45
30,15,false,,0.11969770646765604,0.17960407133381787,0.09146471669717918,22,25,1.0,29.0,0.6277495769881557,0.0,0.2764,974,2999,0.1,0.15,45
40,20,false,,0.12388966681903896,0.11942189548621837,-0.007545335508485587,28,37,2.0,39.0,0.47151898734177217,0.0,0.2768,974,2999,0.1,0.15,45
50,25,false,,0.28362207178268756,0.10435609159318172,-0.18114291818627137,5,3,1.0,27.0,0.1675309134423614,0.0,0.218,974,2999,0.1,0.15,45
60,30,false,,0.1586447036202933,0.11784601936419108,-0.04624695654190575,9,1,1.0,41.0,0.3261121856866538,0.022050290135396517,0.2286,974,2999,0.1,0.15,45
20,10,false,,0.1125152562281661,0.4626376947338057,0.3559148301529656,15,16,1.0,19.0,0.6746499631540163,0.0,0.2804,975,3000,0.1,0.15,45
30,15,false,,0.13531604647359807,0.09835746381241868,-0.048443626787458005,11,2,1.0,29.0,0.4314056563951034,0.0,0.213,975,3000,0.1,0.15,45
40,20,false,,0.09643566101476436,0.11384649065140659,0.0302077803804459,27,28,2.0,39.0,0.5890221402214022,0.0,0.182,975,3000,0.1,0.15,45
50,25,true,,0.08720354232886683,0.41444764814953394,0.33369274562613943,44,46,29.0,49.0,0.9333333333333333,0.665625,0.118,975,3000,0.1,0.15,45
20,10,false,,0.12299291590600017,0.24641463186638723,0.14023166758365163,15,18,1.0,19.0,0.68517909957279,0.0,0.2804,976,3001,0.1,0.15,45
30,15,false,,0.12059709433180676,0.1165196152423785,-0.002176334298845964,19,26,1.0,29.0,0.488941816944539,0.0,0.2788,976,3001,0.1,0.15,45
40,20,false,,0.1436122783188258,0.09667970679216449,-0.057656833976256344,11,7,1.0,34.0,0.3177219932559011,0.0,0.267,976,3001,0.1,0.15,45
50,25,false,,0.11328337794366554,0.15976034138811585,0.04320455326093156,43,43,20.0,49.0,0.6331130975514964,0.5122425184609405,0.2536,976,3001,0.1,0.15,45
60,30,false,,0.11970443983699058,0.11742101866500847,-0.003045782532170277,40,41,7.0,58.0,0.4867986798679868,0.19306930693069307,0.1788,976,3001,0.1,0.15,45
20,10,false,,0.12384265774998791,0.4378197440130451,0.311800954139642,16,18,3.0,19.0,0.8397915988277435,0.0,0.2752,977,3002,0.1,0.15,45
30,15,false,,0.1214149094425816,0.19603443470361567,0.09434382112331746,23,25,3.0,29.0,0.6945845946855028,0.0,0.2748,977,3002,0.1,0.15,45
40,20,false,,0.11802861394903405,0.18049074170003065,0.08047706345101985,33,37,3.0,39.0,0.6648106904231625,0.0,0.2452,977,3002,0.1,0.15,45
50,25,true,,0.11879876629245878,0.37651075815340507,0.26332094853988497,39,46,4.0,49.0,0.7432330827067669,0.424812030075188,0.2502,977,3002,0.1,0.15,45
20,10,true,,0.08225051838767151,0.35359983381788496,0.28646578349982543,14,16,1.0,19.0,0.8397506417308398,0.0,0.2934,978,3003,0.1,0.15,45
20,10,false,,0.09647472647858421,0.14527903477550608,0.06755251393846176,13,17,1.0,19.0,0.6486988847583643,0.0,0.2832,979,3004,0.1,0.15,45
30,15,false,,0.08705103059125015,0.11229902437181653,0.03114410125918192,19,23,2.0,29.0,0.5721304153640018,0.0,0.1794,979,3004,0.1,0.15,45
40,20,true,,0.0816367388671005,0.25725772275735875,0.18577680181207382,34,34,24.0,39.0,0.868771583621115,0.0,0.1156,979,3004,0.1,0.15,45
20,10,false,,0.14126940455636555,0.19957280436708627,0.09505848868611719,12,16,1.0,19.0,0.6354037267080745,0.0,0.3066,980,3005,0.1,0.15,45
30,15,false,,0.1911178301606737,0.11632521942101351,-0.09761052368965147,7,4,1.0,28.0,0.30849332899446796,0.0,0.2676,980,3005,0.1,0.15,45
40,20,true,,0.1217529099875855,0.5016565365650908,0.3770904008752329,34,36,6.0,39.0,0.7842639593908629,0.0,0.2586,980,3005,0.1,0.15,45
20,10,false,,0.13823346719229276,0.1885281731510935,0.0775664147557183,13,18,1.0,19.0,0.6348641655886158,0.0,0.2986,981,3006,0.1,0.15,45
30,15,false,,0.128157361788455,0.1843307208854395,0.0775571423795815,20,26,1.0,29.0,0.6277591973244148,0.0,0.2812,981,3006,0.1,0.15,45
40,20,false,,0.11911021106440085,0.19504608434317872,0.08550567496048948,31,35,1.0,39.0,0.6345864661654136,0.0,0.251,981,3006,0.1,0.15,45
50,25,true,,0.11773909281820927,0.3370458732696423,0.21305987041043323,42,46,26.950000000000003,49.0,0.8101553618794998,0.47480106100795755,0.242,981,3006,0.1,0.15,45
20,10,true,,0.11242499274795917,0.2129125211469964,0.11836880174632393,14,16,2.0,19.0,0.7251385718943593,0.0,0.3116,982,3007,0.1,0.15,45
20,10,false,,0.08714398658661664,0.4613737427303691,0.38554891313563,15,16,4.0,19.0,0.8395989974937343,0.0,0.282,983,3008,0.1,0.15,45
30,15,true,,0.10851313691047729,0.18681452251473993,0.09824778734719473,21,27,1.0,29.0,0.7083946980854198,0.0,0.2654,983,3008,0.1,0.15,45
20,10,false,,0.10387288772195383,0.1540987276649096,0.05774995713603283,13,16,1.0,19.0,0.6264150943396226,0.0,0.2898,984,3009,0.1,0.15,45
30,15,false,,0.1293091815849291,0.11478930189149017,-0.021337289432682066,12,3,1.0,28.0,0.4197832925550507,0.0,0.2694,984,3009,0.1,0.15,45
40,20,false,,0.11994327870827902,0.19908725813460837,0.091327877173313,30,32,4.0,38.0,0.6871829556983429,0.0,0.2704,984,3009,0.1,0.15,45
50,25,false,,0.1267166866056941,0.14878353873293731,0.039781099391368965,30,44,2.0,49.0,0.5822557471264368,0.3020833333333333,0.2378,984,3009,0.1,0.15,45
60,30,true,,0.12554545822251892,0.4153690057769076,0.28982354755438866,54,57,8.0,59.0,0.7911344853493614,0.035687453042824946,0.1934,984,3009,0.1,0.15,45
20,10,false,,0.12779054796479364,0.15033526111870854,0.031933504440191135,13,15,2.0,19.0,0.5728908188585607,0.0,0.3196,985,3010,0.1,0.15,45
30,15,false,,0.1541433252705522,0.10371081080125806,-0.0670980140281013,7,3,1.0,28.0,0.3319011815252417,0.0,0.2654,985,3010,0.1,0.15,45
40,20,false,,0.14810061319302395,0.114313108461114,-0.049679692579710874,9,1,1.0,38.0,0.37724322260404736,0.0,0.2472,985,3010,0.1,0.15,45
50,25,false,,0.1792559607242833,0.10560774066529391,-0.08794556143908551,7,2,1.0,42.0,0.2432321575061526,0.02871205906480722,0.2156,985,3010,0.1,0.15,45
60,30,false,,0.13967490857894105,0.13138755510072256,-0.0013296618893371276,22,2,1.0,58.0,0.4952076677316294,0.04712460063897764,0.2162,985,3010,0.1,0.15,45
20,10,false,,0.10139135205676796,0.2832525985120479,0.19420600993913056,15,17,2.0,19.0,0.7549353301565691,0.0,0.2912,986,3011,0.1,0.15,45
30,15,false,,0.134097521863375,0.17355844085769787,0.07412313164805859,16,1,1.0,29.0,0.5386666666666666,0.0,0.265,986,3011,0.1,0.15,45
40,20,true,,0.10990866141685283,0.650272228383775,0.5312379060424645,33,37,1.0,39.0,0.7074025405168638,0.0,0.214,986,3011,0.1,0.15,45
20,10,false,,0.17390487114210504,0.15526685144419528,-0.02231379624002522,8,2,1.0,19.0,0.4657534246575342,0.0,0.283,987,3012,0.1,0.15,45
30,15,false,,0.12341273711532898,0.6830644891795259,0.5614360265118763,25,27,5.0,29.0,0.8280141843971631,0.0,0.261,987,3012,0.1,0.15,45
40,20,false,,0.19303192893167553,0.0942088416980266,-0.10698518000557189,9,4,1.0,36.0,0.20867614061331338,0.0,0.2388,987,3012,0.1,0.15,45
50,25,false,,0.45686122415777597,0.10065890225151605,-0.3675370029848276,4,2,1.0,18.300000000000182,0.06966383151073309,0.0,0.2072,987,3012,0.1,0.15,45
60,30,true,,0.12026407577468894,0.3090626122871175,0.17674187767441604,54,56,42.0,59.0,0.8287968441814596,0.0903353057199211,0.2046,987,3012,0.1,0.15,45
20,10,false,,0.1378033453583211,0.15808085975991426,0.03411888702228555,11,15,1.0,19.0,0.5614360878984834,0.0,0.2966,988,3013,0.1,0.15,45
30,15,false,,0.20021918624119545,0.10695359813683193,-0.1052164929194694,5,2,1.0,27.0,0.2649603460706561,0.0,0.2518,988,3013,0.1,0.15,45
40,20,false,,0.1056903018114095,0.1856164210169903,0.08175063318224839,33,36,8.0,39.0,0.6543942992874109,0.0,0.2312,988,3013,0.1,0.15,45
50,25,false,,0.12285726979451428,0.08524367538952222,-0.05403866462371132,24,2,1.0,46.600000000000136,0.26561754887935146,0.10157367668097282,0.1634,988,3013,0.1,0.15,45
60,30,false,,0.3749795208646819,0.10244945699918562,-0.2737261600490841,5,4,1.0,33.5,0.16073840612336784,0.00045024763619990995,0.1678,988,3013,0.1,0.15,45
20,10,false,,0.04278509102634283,0.6116801469743325,0.5557488981363082,16,17,5.0,19.0,0.9320083682008368,0.0,0.1326,989,3014,0.1,0.15,45
30,15,false,,0.07639970006478265,0.06507245688419952,-0.015132552876898322,12,3,1.0,29.0,0.4205158968206359,0.0,0.0726,989,3014,0.1,0.15,45
40,20,false,,0.04950615073295543,0.5515567244998361,0.5283422717856064,36,36,32.0,39.0,1.0,0.0,0.0412,989,3014,0.1,0.15,45
50,25,true,,0.012034821758228733,0.06039256778138519,0.048357746023156456,16,16,16.0,16.0,1.0,0.0,0.0042,989,3014,0.1,0.15,45
20,10,true,,0.11185309885956943,0.3095708612737277,0.2064875047107226,14,17,2.0,19.0,0.8075072184793071,0.0,0.3134,990,3015,0.1,0.15,45
20,10,false,,0.09267142241013374,0.12141565689907287,0.037012164927648486,9,1,1.0,19.0,0.5958240119313944,0.0,0.2558,991,3016,0.1,0.15,45
30,15,true,,0.08920431021015142,0.32726679872910724,0.23705424145011583,24,26,4.0,29.0,0.8112970711297071,0.0,0.2266,991,3016,0.1,0.15,45
20,10,false,,0.06984573533385235,0.41158665124089766,0.3376829397671177,15,17,2.0,19.0,0.865399534522886,0.0,0.2956,992,3017,0.1,0.15,45
30,15,false,,0.1305757281454203,0.09324729362984667,-0.047141423023278985,8,1,1.0,25.0,0.3956228956228956,0.0,0.259,992,3017,0.1,0.15,45
40,20,false,,0.1296575657290097,0.11178729368346768,-0.02286206786428001,12,3,1.0,35.0,0.43775262732417136,0.0,0.2742,992,3017,0.1,0.15,45
50,25,false,,0.12991653193270047,0.10563651569400187,-0.033198097226324746,21,2,1.0,48.0,0.3996789727126806,0.1653290529695024,0.2548,992,3017,0.1,0.15,45
60,30,false,,0.1673832741939465,0.1134925514676945,-0.0534718067749987,8,4,1.0,22.0,0.3016759776536313,0.0,0.163,992,3017,0.1,0.15,45
20,10,false,,0.13846673494902467,0.22001824711426482,0.10475852899215843,15,16,3.0,19.0,0.6670754138565297,0.0,0.3124,993,3018,0.1,0.15,45
30,15,false,,0.2126454518988328,0.11070792425352773,-0.12697319829824275,6,2,1.0,27.0,0.25811965811965815,0.0,0.2168,993,3018,0.1,0.15,45
40,20,false,,0.1412596675912119,0.10489600953822314,-0.05267068093804894,23,33,1.0,38.0,0.29534565366187543,0.0,0.2514,993,3018,0.1,0.15,45
50,25,false,,0.14613308057203675,0.10257682427650165,-0.0642552047596756,11,4,2.0,47.0,0.2519394163280384,0.09309198374584411,0.2128,993,3018,0.1,0.15,45
60,30,false,,0.12567608997641763,0.22625202922684473,0.10285942381715296,53,56,15.0,59.0,0.6817803660565723,0.0324459234608985,0.1726,993,3018,0.1,0.15,45
20,10,true,,0.0873529215044647,0.24712876294689007,0.15970930262955807,13,16,1.0,19.0,0.7103132699753608,0.0,0.293,994,3019,0.1,0.15,45
20,10,false,,0.15566943655904908,0.09136184199873955,-0.07389481996018699,8,2,1.0,19.0,0.29645027182603134,0.0,0.2924,995,3020,0.1,0.15,45
30,15,false,,0.11122029066355825,0.09592506098779134,-0.0126648087417491,19,26,3.0,29.0,0.45871559633027525,0.0,0.23,995,3020,0.1,0.15,45
40,20,false,,0.09199874691965937,0.09903694025092383,0.01429523426750448,30,36,4.0,39.0,0.5551041137633317,0.0,0.1248,995,3020,0.1,0.15,45
50,25,false,,0.24633186467761503,0.06491772699506464,-0.16506092294658667,5,4,1.0,21.0,0.08614668218859138,0.0,0.066,995,3020,0.1,0.15,45
60,30,false,,0.08602318759713465,0.6247574889045079,0.5309716367667454,56,56,50.0,59.0,0.928529238038984,0.010632014176018901,0.0536,995,3020,0.1,0.15,45
20,10,false,,0.0986652381027511,0.13205731515608143,0.04321822567922428,12,16,1.0,19.0,0.5832196452933152,0.0,0.295,996,3021,0.1,0.15,45
30,15,false,,0.1374484475000505,0.10938690823268118,-0.029521721065482114,7,1,1.0,29.0,0.42664551942902457,0.0,0.26,996,3021,0.1,0.15,45
40,20,false,,0.39220948628616986,0.08741013369312621,-0.3061655064071723,3,1,1.0,36.0,0.11196736174070716,0.0,0.2044,996,3021,0.1,0.15,45
50,25,true,,0.11199492132128878,0.5672997171022935,0.4594784071825957,43,46,7.0,49.0,0.9062624650977263,0.5372955723972876,0.2688,996,3021,0.1,0.15,45
20,10,false,,0.12103024513105193,0.5919203098056932,0.45821366673861413,16,17,4.0,19.0,0.9196882412741444,0.0,0.2912,997,3022,0.1,0.15,45
30,15,false,,0.2036607095343272,0.11801447824347683,-0.11331653811290754,6,1,1.0,27.0,0.290144727773949,0.0,0.2442,997,3022,0.1,0.15,45
40,20,false,,0.15207290307417837,0.11028884563729556,-0.05875061375364905,16,3,1.0,35.72499999999991,0.31880733944954126,0.0,0.2534,997,3022,0.1,0.15,45
50,25,false,,0.4910991792654541,0.1004907867577874,-0.38518135763885797,3,2,1.0,16.0,0.0818337617823479,0.0,0.1486,997,3022,0.1,0.15,45
60,30,false,,0.6939513774648178,0.09957153278965508,-0.6015815986665201,3,2,1.0,18.0,0.02538787023977433,0.0,0.1208,997,3022,0.1,0.15,45
20,10,false,,0.07639969782924275,0.2734720348329923,0.20834368509226495,15,17,2.0,19.0,0.7710987261146497,0.0,0.25,998,3023,0.1,0.15,45
30,15,true,,0.10191307965410472,0.46817605581561345,0.36846595882682964,24,26,10.0,29.0,0.8967488388710254,0.0,0.2884,998,3023,0.1,0.15,45
20,10,false,,0.17947093045638146,0.12606549065497846,-0.06864132047413471,8,4,1.0,19.0,0.3523142509135201,0.0,0.3146,999,3024,0.1,0.15,45
30,15,false,,0.17147205758415607,0.07600275298499704,-0.11240599174526746,8,3,1.0,27.0,0.1987346483066617,0.0,0.2314,999,3024,0.1,0.15,45
40,20,false,,0.28499237601574173,0.06625280286386975,-0.22177995604182987,5,5,1.0,16.0,0.06617982656321314,0.0,0.1394,999,3024,0.1,0.15,45
50,25,false,,0.15595991360493225,0.0690013444755049,-0.09271935035255974,12,10,2.0,29.0,0.1175,0.0,0.1032,999,3024,0.1,0.15,45
60,30,false,,0.15196579771336421,0.07848393074773324,-0.08268099571672718,9,5,2.0,58.0,0.2650862068965517,0.036637931034482756,0.0846,999,3024,0.1,0.15,45
20,10,true,,0.12359275835323251,0.25498729985688173,0.14531103510480436,13,18,1.0,19.0,0.7205196535642905,0.0,0.3096,1000,3025,0.1,0.15,45
