analysis_day,n_observations,detected,elapsed_seconds,theta1_median,theta2_median,theta_diff_median,tau_median,tau_map,tau_q025,tau_q975,p_positive_effect,p_tau_near_truth,accepted_rate,rep,seed,true_theta1,true_theta2,true_t_star
20,10,false,,0.10164185270355294,0.24627967968401204,0.15876442211884217,15,16,2.0,19.0,0.7242926155969635,0.6107660455486542,0.2902,1,2026,0.1,0.15,15
30,15,false,,0.12929294217697002,0.1556351884359772,0.04457086959830742,21,26,1.0,29.0,0.5798856374032964,0.1503531786074672,0.2668,1,2026,0.1,0.15,15
40,20,false,,0.1327047426197978,0.15433507599090843,0.045851768728534664,15,3,1.0,38.0,0.6039070394072078,0.17413270461434827,0.2726,1,2026,0.1,0.15,15
50,25,false,,0.14008931972835706,0.13750347088476206,0.002638096117922581,7,2,1.0,29.0,0.510060007059654,0.19166960818919873,0.221,1,2026,0.1,0.15,15
60,30,true,,0.13872901098014218,0.1904868935590731,0.07208920834386746,45,56,3.5999999999999943,58.0,0.7660685154975531,0.0734094616639478,0.1764,1,2026,0.1,0.15,15
20,10,false,,0.12632365349651514,0.13878073930163182,0.02133466812175433,12,17,1.0,19.0,0.5354923127248937,0.45600261694471705,0.2848,2,2027,0.1,0.15,15
30,15,true,,0.10822380931266551,0.17089456105324538,0.0898705106502262,19,26,2.0,29.0,0.7103786816269285,0.13359046283309958,0.2702,2,2027,0.1,0.15,15
20,10,false,,0.11247095367246582,0.22833679988548647,0.1413163962357615,13,16,1.0,19.0,0.6989430617115582,0.5069894306171155,0.2898,3,2028,0.1,0.15,15
30,15,true,,0.10917818822487602,0.2563839784558223,0.160846991738493,24,27,3.0,29.0,0.8004451038575667,0.142433234421365,0.2824,3,2028,0.1,0.15,15
20,10,false,,0.13536949816799534,0.17360447687512992,0.05216931862887264,11,15,1.0,19.0,0.5949764521193093,0.43422291993720563,0.3218,4,2029,0.1,0.15,15
30,15,false,,0.1526936995481844,0.12253223445519351,-0.04244181907198902,10,3,1.0,28.0,0.3775178687459389,0.21215074723846652,0.28,4,2029,0.1,0.15,15
40,20,false,,0.15025450438376148,0.13307791058331242,-0.01851708287886203,13,2,1.0,39.0,0.48108703635695926,0.08813808299669482,0.2206,4,2029,0.1,0.15,15
50,25,false,,0.1404189940462298,0.17862436667897874,0.058733326807335784,39,46,2.0,49.0,0.630449141347424,0.00891677675033025,0.2048,4,2029,0.1,0.15,15
60,30,true,,0.1400462689614658,0.35227767868128684,0.20166041313464703,53,56,29.0,59.0,0.772253946926436,0.0,0.1744,4,2029,0.1,0.15,15
20,10,true,,0.09428368699492982,0.21010599421484796,0.12605548239029346,14,16,2.0,19.0,0.7129661306876497,0.6110160793705097,0.3024,5,2030,0.1,0.15,15
20,10,false,,0.12388813460884818,0.4099882680911862,0.29491088202612104,15,16,2.0,19.0,0.812804679883003,0.6922326941826454,0.2892,6,2031,0.1,0.15,15
30,15,false,,0.14608634021753242,0.11057474902155298,-0.05179354543887657,10,4,1.0,28.0,0.3605236656596173,0.11278952668680765,0.2782,6,2031,0.1,0.15,15
40,20,false,,0.1343124768620865,0.2027860309478489,0.09812894289679706,29,36,2.0,39.0,0.6957118353344769,0.06106346483704974,0.2466,6,2031,0.1,0.15,15
50,25,false,,0.13328016964786715,0.559349011384292,0.42739913951460495,45,46,24.0,49.0,0.8939658179281479,0.0,0.2232,6,2031,0.1,0.15,15
60,30,false,,0.13953246166471353,0.17262459483394496,0.07399617939485677,17,8,2.0,58.0,0.7,0.11114754098360656,0.2112,6,2031,0.1,0.15,15
20,10,false,,0.11879518525120011,0.21073160596841295,0.1015289571091203,14,16,1.0,19.0,0.5983321751216122,0.5441278665740097,0.2754,7,2032,0.1,0.15,15
30,15,false,,0.12650218658015586,0.1312324491203418,0.012298537460184167,15,6,1.0,28.0,0.5266798418972332,0.22957839262187088,0.2828,7,2032,0.1,0.15,15
40,20,true,,0.1252457780100206,0.2594399033281541,0.14710907539140822,32,36,3.0,39.0,0.7985733695652174,0.04483695652173913,0.274,7,2032,0.1,0.15,15
20,10,false,,0.1138979783442828,0.29186160992228105,0.18746428720520297,14,16,1.0,19.0,0.6923603973963686,0.5608084960602946,0.2914,8,2033,0.1,0.15,15
30,15,true,,0.11669993516810115,0.2554759331171436,0.13738252636217255,24,28,2.0,29.0,0.7511391517700666,0.10620399579390116,0.2742,8,2033,0.1,0.15,15
20,10,false,,0.12259476935270225,0.2021574081070269,0.08742082281059435,13,16,1.0,19.0,0.6570972886762361,0.5205741626794258,0.2828,9,2034,0.1,0.15,15
30,15,false,,0.13558847893997095,0.14450089076026507,0.014810001285259389,10,4,1.0,28.0,0.5575221238938053,0.1997471554993679,0.2888,9,2034,0.1,0.15,15
40,20,false,,0.13388242199146974,0.14428218830536624,0.011014248367774815,26,34,3.0,38.0,0.5427590511860175,0.17166042446941324,0.2666,9,2034,0.1,0.15,15
50,25,false,,0.2569871324790758,0.13457843062795766,-0.13193159352647243,4,2,1.0,20.0,0.2635311683463979,0.12019410227696901,0.1718,9,2034,0.1,0.15,15
60,30,true,,0.141544967284686,0.23213395816897064,0.09707757026893657,53,55,29.0,59.0,0.7460110713122762,0.0,0.1866,9,2034,0.1,0.15,15
20,10,false,,0.12739064665415273,0.12631107630958727,-0.004945606677582676,9,2,1.0,19.0,0.49193282844912745,0.38491932828449127,0.2906,10,2035,0.1,0.15,15
30,15,false,,0.5558606768442026,0.10020572021098739,-0.44949920733093185,3,1,1.0,28.0,0.2423500611995104,0.1036311709506324,0.1896,10,2035,0.1,0.15,15
40,20,false,,0.15017408805903001,0.13232107139873012,-0.015914917676162987,13,1,1.0,36.0,0.459546925566343,0.10320028766630708,0.2314,10,2035,0.1,0.15,15
50,25,true,,0.13872281734921016,0.24735314722024712,0.15951485950283023,41,45,2.0,49.0,0.7384776536312849,0.10614525139664804,0.227,10,2035,0.1,0.15,15
20,10,false,,0.16005304017814342,0.13683352675211422,-0.037315765865671535,10,3,1.0,19.0,0.4229390681003584,0.37962962962962965,0.313,11,2036,0.1,0.15,15
30,15,false,,0.17124221087240646,0.1289745178164474,-0.07904479896823943,12,2,1.0,29.0,0.3721316927169937,0.08879281676089125,0.2634,11,2036,0.1,0.15,15
40,20,false,,0.1454113204015615,0.18454694477685718,0.05496668499430943,27,35,4.0,39.0,0.6649670065986802,0.16886622675464907,0.265,11,2036,0.1,0.15,15
50,25,false,,0.18759949404682297,0.141303332555322,-0.07048341776192993,8,2,1.0,46.0,0.23852295409181637,0.08848968729208251,0.1786,11,2036,0.1,0.15,15
60,30,true,,0.1534758068995821,0.26240889577197307,0.1112477127234422,54,56,38.224999999999994,59.0,0.7411764705882353,0.001384083044982699,0.1444,11,2036,0.1,0.15,15
20,10,false,,0.17734810156871395,0.10014768223011611,-0.08232525720467167,5,2,1.0,18.0,0.38090166844160456,0.20056798012069577,0.265,12,2037,0.1,0.15,15
30,15,false,,0.14940475366959596,0.14496569771511417,0.01778061654167709,10,2,1.0,28.0,0.5281566981462049,0.11192724728926198,0.2654,12,2037,0.1,0.15,15
40,20,false,,0.13689997133789805,0.11963648472605089,-0.027062510460733477,18,2,1.0,37.55000000000018,0.40888422525358514,0.13885974116824065,0.2744,12,2037,0.1,0.15,15
50,25,true,,0.12771842867498423,0.4472265136769201,0.31517714866289726,43,45,21.0,49.0,0.8392603129445235,0.012446657183499289,0.2376,12,2037,0.1,0.15,15
20,10,true,,0.071842616141126,0.5310033401883709,0.4524462917894882,14,17,1.0,19.0,0.8010429201764941,0.6498194945848376,0.2668,13,2038,0.1,0.15,15
20,10,false,,0.10790425045177544,0.14234741594030004,0.05574371704025252,9,3,1.0,19.0,0.61530577382986,0.39323539460198154,0.2984,14,2039,0.1,0.15,15
30,15,true,,0.1214770899380725,0.23482981605123932,0.14749880769793128,21,26,2.0,29.0,0.7842069434989789,0.11436351259360109,0.2914,14,2039,0.1,0.15,15
20,10,false,,0.12319452935719963,0.288120108232516,0.19411684867036022,15,16,3.0,19.0,0.7669964889881903,0.6654963293967443,0.2986,15,2040,0.1,0.15,15
30,15,false,,0.13444946869414884,0.21276178049565825,0.1012511682224099,22,28,2.0,29.0,0.686829268292683,0.16585365853658537,0.292,15,2040,0.1,0.15,15
40,20,false,,0.20072076292935992,0.13504573604115042,-0.08107626308362187,5,3,1.0,34.0,0.32261410788381745,0.1441908713692946,0.227,15,2040,0.1,0.15,15
50,25,false,,0.1390111129847974,0.5403952187106661,0.40324009490966484,46,46,34.0,49.0,0.9475833900612661,0.0,0.2066,15,2040,0.1,0.15,15
60,30,false,,0.14304292103245675,0.2117885818580354,0.06929993200286516,53,54,33.0,59.0,0.6895657809462087,0.0,0.1668,15,2040,0.1,0.15,15
20,10,false,,0.1050574315022822,0.3011516334741126,0.2097486035252774,15,17,2.0,19.0,0.7582597317631665,0.6368989205103042,0.3054,16,2041,0.1,0.15,15
30,15,false,,0.11742698815398825,0.4688713215130821,0.3441442593046545,25,25,7.0,29.0,0.8697916666666666,0.10659722222222222,0.286,16,2041,0.1,0.15,15
40,20,false,,0.12650097087252818,0.16369133658937718,0.057572342911381094,31,35,3.0,39.0,0.6715571857285761,0.05901967322440813,0.2688,16,2041,0.1,0.15,15
50,25,true,,0.12869852211170496,0.2617292057272152,0.14474997673939408,43,46,26.0,49.0,0.7400558269364969,0.0,0.2246,16,2041,0.1,0.15,15
20,10,false,,0.1642988917203283,0.1683858351192713,0.014406684103227457,12,16,1.0,19.0,0.5215979214030529,0.4654108476778175,0.2838,17,2042,0.1,0.15,15
30,15,true,,0.1434781078617403,0.22488887187621343,0.08963141890575949,24,26,3.0,29.0,0.702711124961047,0.11810532876285447,0.2708,17,2042,0.1,0.15,15
20,10,false,,0.1696518539479186,0.17405898845849455,0.007989744274448957,11,16,2.0,19.0,0.5142521304731119,0.43020863943579196,0.2956,18,2043,0.1,0.15,15
30,15,false,,0.1732550533185778,0.14365414281299088,-0.031244798799095752,10,3,1.0,28.0,0.4142640364188164,0.20364188163884675,0.2828,18,2043,0.1,0.15,15
40,20,false,,0.15987413635335357,0.1357929072004225,-0.04162908440741203,20,2,1.0,38.0,0.40574447012215253,0.03961703532518983,0.225,18,2043,0.1,0.15,15
50,25,false,,0.14458059134193132,0.5534545669687355,0.4049070648981013,45,46,3.0,49.0,0.8342837973834284,0.0278430057027843,0.1928,18,2043,0.1,0.15,15
60,30,false,,0.4324114015673708,0.13722294860728593,-0.2833322334256194,3,2,1.0,8.0,0.12679315131883387,0.01064322073114299,0.0872,18,2043,0.1,0.15,15
20,10,false,,0.1408896835016752,0.14063735704434305,0.008073249827013934,11,17,1.0,19.0,0.5105143966353931,0.4160465868650922,0.3044,19,2044,0.1,0.15,15
30,15,true,,0.11795094440145566,0.24504007072500616,0.14156289223902702,22,27,3.0,29.0,0.732806052269601,0.1433975240715268,0.281,19,2044,0.1,0.15,15
20,10,false,,0.06684522952223344,0.22474396227554688,0.15747900488702687,15,17,2.0,19.0,0.762753036437247,0.6396761133603239,0.2254,20,2045,0.1,0.15,15
30,15,false,,0.10054118207011414,0.1809724562391687,0.09877969785604188,20,25,2.0,29.0,0.6708074534161491,0.16187888198757763,0.2862,20,2045,0.1,0.15,15
40,20,false,,0.1388322449343502,0.08894483049929691,-0.05655027539259075,10,2,1.0,37.0,0.32675814751286447,0.13850771869639794,0.2162,20,2045,0.1,0.15,15
50,25,false,,0.23778873855171284,0.08457545922659672,-0.1684866916683442,5,4,1.0,21.0,0.1581196581196581,0.11918328584995251,0.1532,20,2045,0.1,0.15,15
60,30,false,,0.1710659608604779,0.09775967670522286,-0.06959171195001276,7,1,1.0,31.0,0.31103948428686545,0.1651893634165995,0.0692,20,2045,0.1,0.15,15
20,10,false,,0.13026084125248055,0.11076167918647822,-0.025773600987524327,7,1,1.0,18.0,0.44760820045558086,0.3120728929384966,0.255,21,2046,0.1,0.15,15
30,15,false,,0.13423633676856084,0.11685060485792916,-0.011786315743271963,7,4,1.0,29.0,0.4734126984126984,0.07658730158730159,0.2528,21,2046,0.1,0.15,15
40,20,false,,0.10858784728422163,0.6357927103461566,0.5328714842976389,35,37,26.0,39.0,0.9390842191332788,0.0,0.2548,21,2046,0.1,0.15,15
50,25,false,,0.12026804236180637,0.1375742001026519,0.027451457787158517,19,5,2.0,48.02500000000009,0.6029411764705882,0.11727941176470588,0.2464,21,2046,0.1,0.15,15
60,30,false,,0.13658394623354575,0.13060687756617256,-0.011816587753122165,26,57,2.0,57.0,0.46869983948635635,0.12306046013911183,0.1176,21,2046,0.1,0.15,15
20,10,false,,0.08760589737122013,0.5516086430709092,0.4673556186298826,15,15,1.0,19.0,0.8498669707335614,0.6328392246294184,0.274,22,2047,0.1,0.15,15
30,15,true,,0.11538442419858823,0.4062810618289576,0.29407452821795244,23,26,3.0,29.0,0.8609972677595629,0.1711065573770492,0.2842,22,2047,0.1,0.15,15
20,10,false,,0.11015599062691658,0.11059580554344366,0.01279112779372614,10,1,1.0,19.0,0.5287846481876333,0.3791755508173419,0.2692,23,2048,0.1,0.15,15
30,15,true,,0.10294785364110015,0.19917020816640707,0.1105362187009998,21,24,3.0,29.0,0.7566892615055298,0.20121298608633606,0.2916,23,2048,0.1,0.15,15
20,10,false,,0.08389675589542464,0.3170705176278742,0.23294091788513394,15,16,1.0,19.0,0.7762081784386617,0.6111524163568773,0.2744,24,2049,0.1,0.15,15
30,15,false,,0.2513563038652341,0.09700706287946775,-0.17392736751243626,4,1,1.0,29.0,0.33084267330842676,0.14528850145288502,0.2302,24,2049,0.1,0.15,15
40,20,true,,0.1122290824988147,0.2554983067725162,0.14785279626846415,30,35,5.0,39.0,0.7855093256814921,0.09469153515064563,0.281,24,2049,0.1,0.15,15
20,10,false,,0.11195297127675696,0.5143425852120246,0.4081154051535868,15,16,2.0,19.0,0.8532378782948259,0.6931337455255451,0.3082,25,2050,0.1,0.15,15
30,15,false,,0.12808352934044728,0.16466545687879516,0.055851723446536744,18,23,2.0,29.0,0.6694058154235145,0.17193426042983564,0.2862,25,2050,0.1,0.15,15
40,20,false,,0.14540539611706638,0.14312724411995745,-0.0025406805149997547,16,3,1.0,38.0,0.4864688620802087,0.17052494294098466,0.252,25,2050,0.1,0.15,15
50,25,false,,0.14166818459341193,0.1382332157865617,-0.007285031490494226,24,46,3.0,49.0,0.45495495495495497,0.1364221364221364,0.238,25,2050,0.1,0.15,15
60,30,false,,0.148028408012837,0.16989801660026943,0.033997559827228865,44,2,1.0,59.0,0.5629067245119306,0.0777295733911786,0.1526,25,2050,0.1,0.15,15
20,10,false,,0.1188195989435589,0.07620350044034876,-0.04320307607299481,7,4,1.0,19.0,0.38590245639017445,0.30580277678889284,0.2624,26,2051,0.1,0.15,15
30,15,false,,0.11356842570352393,0.11104030239937562,-0.002580266338851972,12,4,1.0,29.0,0.4938508839354343,0.22521137586471945,0.2658,26,2051,0.1,0.15,15
40,20,false,,0.11462880019457662,0.12806459205341703,0.025674920626210837,24,29,2.0,38.0,0.5822833142420771,0.09851088201603665,0.2788,26,2051,0.1,0.15,15
50,25,true,,0.11565536566673223,0.2584969611800444,0.15659098548623587,42,46,16.0,49.0,0.8012048192771084,0.041792168674698794,0.2688,26,2051,0.1,0.15,15
20,10,false,,0.1717482175952399,0.1565257074438209,-0.01033832528991896,10,2,1.0,19.0,0.483851494114096,0.4207666767280411,0.319,27,2052,0.1,0.15,15
30,15,false,,0.1613835464268994,0.1401533497425968,-0.03856735135263564,16,1,1.0,29.0,0.4033533691869661,0.11325529895602657,0.238,27,2052,0.1,0.15,15
40,20,false,,0.14901187953947065,0.16112815487329832,0.024603006384443016,27,35,4.0,39.0,0.5658655308792212,0.11621539397627015,0.2616,27,2052,0.1,0.15,15
50,25,false,,0.14819742269250247,0.3645648962551135,0.22046257101940805,45,47,26.0,49.0,0.7608274078862314,0.0,0.1972,27,2052,0.1,0.15,15
60,30,false,,0.1518825313332698,0.5313157914833933,0.3747756174449845,55,56,42.0,59.0,0.966804979253112,0.0,0.2092,27,2052,0.1,0.15,15
20,10,false,,0.08247275766209743,0.39377076602898015,0.30409093576385615,15,18,2.0,19.0,0.8767123287671232,0.6753054424287301,0.2758,28,2053,0.1,0.15,15
30,15,false,,0.1357996555462077,0.09671399268669775,-0.05086769091314551,7,1,1.0,28.0,0.36827421283379835,0.1335193304105221,0.2622,28,2053,0.1,0.15,15
40,20,false,,0.11514064284873145,0.10400398536373862,-0.010025432526657649,21,31,2.0,36.0,0.4585461689587426,0.1324165029469548,0.2738,28,2053,0.1,0.15,15
50,25,false,,0.11231886714136502,0.1346370219497835,0.03200493248125037,26,16,6.0,47.0,0.6111753371868979,0.19691714836223506,0.284,28,2053,0.1,0.15,15
60,30,true,,0.11872774418110084,0.6798208728299943,0.5620808115613912,54,55,33.0,59.0,0.8554913294797688,0.0,0.2138,28,2053,0.1,0.15,15
20,10,false,,0.1351188263630121,0.16956156704695247,0.06450151099818757,12,15,1.0,19.0,0.5691647408385606,0.46880158468141303,0.2736,29,2054,0.1,0.15,15
30,15,false,,0.15694501346450443,0.13387467789523594,-0.02842812256689753,10,2,1.0,29.0,0.45392723563413806,0.15198911934716083,0.2682,29,2054,0.1,0.15,15
40,20,false,,0.13106030837094906,0.6918345538919037,0.5481596767926262,36,37,22.125,39.0,0.9583036350677121,0.018175338560228082,0.2316,29,2054,0.1,0.15,15
50,25,false,,0.1377345099853008,0.14857466728713623,0.014191618206696788,37,47,3.0,49.0,0.5430748840291584,0.014910536779324055,0.228,29,2054,0.1,0.15,15
60,30,false,,0.13923244854204542,0.13816020334403945,-0.00035409394205374034,30,56,2.0,58.0,0.4985123966942149,0.1140495867768595,0.2042,29,2054,0.1,0.15,15
20,10,false,,0.09174734423640227,0.5989017232330587,0.5112461572103193,16,17,6.0,19.0,0.9578682030968672,0.7958228303925099,0.2854,30,2055,0.1,0.15,15
30,15,false,,0.10613783171144248,0.13639920215515522,0.04164811649505623,16,11,2.0,28.0,0.6162123385939742,0.27941176470588236,0.2904,30,2055,0.1,0.15,15
40,20,false,,0.11611940687723535,0.14238847836721819,0.037092704962298446,29,36,3.0,38.0,0.5975473801560758,0.08547008547008547,0.273,30,2055,0.1,0.15,15
50,25,false,,0.1268177260965907,0.1548469390420177,0.053345732516854635,26,46,2.0,48.0,0.6486988847583643,0.11226765799256505,0.2378,30,2055,0.1,0.15,15
60,30,false,,0.13939358185277148,0.12841251536131615,-0.00938163288171881,6,1,1.0,26.0,0.4671968190854871,0.18250497017892645,0.176,30,2055,0.1,0.15,15
20,10,false,,0.1701447200231104,0.20578780355463439,0.05572773197996915,12,16,1.0,19.0,0.5757211538461539,0.4618389423076923,0.3154,31,2056,0.1,0.15,15
30,15,false,,0.2250743040313186,0.11776799991845581,-0.12606350902754335,7,2,1.0,28.0,0.18509393286110257,0.13427779488758854,0.2586,31,2056,0.1,0.15,15
40,20,false,,0.3436091310235395,0.12284876571377151,-0.23512132271872013,4,2,1.0,21.0,0.11248285322359397,0.12688614540466392,0.2038,31,2056,0.1,0.15,15
50,25,false,,0.1433535649914434,0.20359339638802068,0.08763729305367303,41,44,3.0,49.0,0.6489397509256143,0.07909794681925278,0.2134,31,2056,0.1,0.15,15
60,30,false,,0.14249897307295295,0.5450216283266345,0.4057469186728585,55,57,10.0,59.0,0.7613676418752203,0.017624250969333802,0.182,31,2056,0.1,0.15,15
20,10,true,,0.08997659567615121,0.2250059323803137,0.15395788726082782,12,15,1.0,19.0,0.7820600272851296,0.5044338335607094,0.3154,32,2057,0.1,0.15,15
20,10,false,,0.05817159942073694,0.739577198598419,0.6903674842284198,16,17,8.0,19.0,0.9587873045949786,0.808147797252487,0.1972,33,2058,0.1,0.15,15
30,15,true,,0.10207781400188366,0.3127608661880936,0.213471643190283,23,25,3.0,29.0,0.7961977186311787,0.11330798479087452,0.283,33,2058,0.1,0.15,15
20,10,false,,0.10507427185240022,0.5368610695464856,0.43317129044454883,16,17,6.0,19.0,0.9106657608695652,0.7221467391304348,0.29,34,2059,0.1,0.15,15
30,15,false,,0.13191636596001619,0.14894676286730674,0.020536212123913364,17,28,1.0,29.0,0.5682182985553772,0.18362760834670946,0.2902,34,2059,0.1,0.15,15
40,20,false,,0.1350057046284163,0.16830990742624247,0.05001664995897612,15,15,1.0,38.0,0.6782363977485929,0.2604752970606629,0.2524,34,2059,0.1,0.15,15
50,25,false,,0.1488505006268313,0.17620951290908582,0.04302095909301243,34,38,2.0,48.0,0.6711549970077798,0.16367444643925794,0.2506,34,2059,0.1,0.15,15
60,30,false,,0.14852918321495023,0.16411766811358985,0.015365027966649736,29,34,15.0,41.0,0.6655092592592593,0.09259259259259259,0.048,34,2059,0.1,0.15,15
20,10,false,,0.13628416558026746,0.11946133737604094,-0.02756295445817565,9,1,1.0,19.0,0.4407810499359795,0.3447503201024328,0.3144,35,2060,0.1,0.15,15
30,15,false,,0.12074498961029503,0.171617913377522,0.0631487717520322,22,26,1.0,29.0,0.595776213412375,0.09818451278251204,0.2552,35,2060,0.1,0.15,15
40,20,false,,0.1200043896205643,0.48742165430144313,0.36552602119423544,35,36,23.0,39.0,0.9722120658135284,0.005850091407678245,0.2472,35,2060,0.1,0.15,15
50,25,false,,0.16314572237303346,0.12686407262544713,-0.05533885713266942,8,1,1.0,47.0,0.3764705882352941,0.12352941176470589,0.2248,35,2060,0.1,0.15,15
60,30,true,,0.13623996048846634,0.24928789439941823,0.13757682961298331,52,55,2.0,58.0,0.7435119649477587,0.022918773171553757,0.1864,35,2060,0.1,0.15,15
20,10,false,,0.08494152403523998,0.41260779087696414,0.3348559784875197,15,16,5.0,19.0,0.8535262206148282,0.7128390596745027,0.2878,36,2061,0.1,0.15,15
30,15,true,,0.11028301723484299,0.3492025357285663,0.25274840714267177,22,26,4.0,29.0,0.8676066024759285,0.19601100412654746,0.2886,36,2061,0.1,0.15,15
20,10,false,,0.1262656195502809,0.3156380902966776,0.20121591112965787,15,16,3.0,19.0,0.759294265910523,0.6644612476370511,0.2976,37,2062,0.1,0.15,15
30,15,false,,0.13361804357301202,0.15124271495246933,0.02524003463211663,17,25,1.0,29.0,0.5761699303020246,0.21805509459010952,0.2678,37,2062,0.1,0.15,15
40,20,true,,0.1238951949338929,0.2476373505425064,0.13620594357488838,32,35,4.0,39.0,0.7600136939404314,0.0578568983224923,0.2542,37,2062,0.1,0.15,15
20,10,false,,0.08040044114911651,0.12604112407589832,0.047016445922524464,13,16,2.0,19.0,0.6119180633147113,0.5337057728119181,0.2496,38,2063,0.1,0.15,15
30,15,false,,0.4481022486150374,0.06799015116829711,-0.37878342349103883,3,1,1.0,21.0,0.12958551691281564,0.08099094807050977,0.187,38,2063,0.1,0.15,15
40,20,false,,0.11873203109950824,0.1632637997437108,0.06047609256765438,29,35,1.0,39.0,0.6242729740209384,0.09616130283055448,0.2898,38,2063,0.1,0.15,15
50,25,false,,0.11725301511649992,0.13330509371506838,0.024824543306721514,25,21,3.0,48.0,0.5915813424345847,0.12931361395525218,0.2872,38,2063,0.1,0.15,15
60,30,false,,0.1324428167766943,0.11306728120757749,-0.01607407866473079,13,4,1.0,56.0,0.4304274937133277,0.15590947191953058,0.2534,38,2063,0.1,0.15,15
20,10,true,,0.09813317977368279,0.2262648491405597,0.13285524941460025,14,17,2.0,19.0,0.7108061749571184,0.5571183533447684,0.2986,39,2064,0.1,0.15,15
20,10,false,,0.15615736343629455,0.1604092256322106,0.012797139677446286,10,2,1.0,19.0,0.5154602951510893,0.4072382290934645,0.2404,40,2065,0.1,0.15,15
30,15,false,,0.1375674660404703,0.13734253330089355,0.000926393073958337,9,2,1.0,28.0,0.5051249199231262,0.14702114029468288,0.2762,40,2065,0.1,0.15,15
40,20,false,,0.1390435871368101,0.6608095219243748,0.5185813669883563,35,36,21.0,39.0,0.9192734611503531,0.006727211570803902,0.2218,40,2065,0.1,0.15,15
50,25,true,,0.14751882163970467,0.23385166038566416,0.09926749759189196,42,44,19.0,48.0,0.8018923713778829,0.01744529863985807,0.2352,40,2065,0.1,0.15,15
20,10,false,,0.1135073180844681,0.12650476110271797,0.021717702583797384,10,4,1.0,19.0,0.5465587044534413,0.3738191632928475,0.276,41,2066,0.1,0.15,15
30,15,false,,0.11278228915409239,0.15596802995256398,0.05575780343586409,22,24,3.0,29.0,0.6571428571428571,0.14181184668989547,0.2742,41,2066,0.1,0.15,15
40,20,false,,0.12534965746401078,0.13477032963038788,0.01888782005847993,21,2,1.0,39.0,0.5380597014925373,0.06343283582089553,0.2452,41,2066,0.1,0.15,15
50,25,false,,0.14884945957201884,0.11789411681138982,-0.0416673754086055,9,1,1.0,48.0,0.3586153247763516,0.057954103461688056,0.2304,41,2066,0.1,0.15,15
60,30,false,,0.1239562511239937,0.15010120026240661,0.027847411276795492,45,47,6.0,58.0,0.6205182818601349,0.027689030883919063,0.239,41,2066,0.1,0.15,15
20,10,false,,0.11225367097513328,0.08576490163986944,-0.02625772490766025,6,1,1.0,19.0,0.4428735192969048,0.2651891478792511,0.2434,42,2067,0.1,0.15,15
30,15,false,,0.11117603931579739,0.20716176098937145,0.13818522515762244,17,2,1.0,29.0,0.6433021806853583,0.11721183800623053,0.2702,42,2067,0.1,0.15,15
40,20,false,,0.10702737173746243,0.6892390395255434,0.5792866305205943,35,36,26.0,39.0,0.9521649484536082,0.0,0.2428,42,2067,0.1,0.15,15
50,25,false,,0.11466750074234676,0.1631478330193471,0.05707001802268502,31,1,1.0,48.0,0.6965828013518588,0.10401802478407811,0.2562,42,2067,0.1,0.15,15
60,30,false,,0.14156641187439165,0.11754841840949572,-0.033820393624437894,14,4,1.0,55.0,0.37712344280860705,0.058512646281615704,0.1966,42,2067,0.1,0.15,15
20,10,false,,0.10697336504697824,0.39121586941149805,0.29218606366985517,15,18,1.0,19.0,0.7593303104290199,0.6567840948726892,0.2776,43,2068,0.1,0.15,15
30,15,false,,0.1194234128989204,0.3977214222343135,0.27771708069685574,25,26,9.0,29.0,0.8415941058271935,0.09377093101138648,0.2722,43,2068,0.1,0.15,15
40,20,false,,0.1467482089806421,0.13579238946838612,-0.02275825949570745,17,1,1.0,39.0,0.45169252468265164,0.13504936530324402,0.2312,43,2068,0.1,0.15,15
50,25,false,,0.13298998166224485,0.19497097841448235,0.07461439303462272,42,45,1.0,49.0,0.6389185343294201,0.018498754891497687,0.2154,43,2068,0.1,0.15,15
60,30,true,,0.1327731968695369,0.34592530994244197,0.2112595242596667,53,55,31.0,59.0,0.8479916897506925,0.0,0.2064,43,2068,0.1,0.15,15
20,10,true,,0.10288199849509583,0.3935310569444929,0.3070339004213834,14,16,3.0,19.0,0.8918480025982461,0.6791165962974992,0.309,44,2069,0.1,0.15,15
20,10,false,,0.07441258053691456,0.6558481373751702,0.5885714336531578,16,17,4.0,19.0,0.9071343164607414,0.776404942208051,0.2468,45,2070,0.1,0.15,15
30,15,true,,0.10258027351135603,0.38928184528514415,0.28006865889645116,23,26,4.0,29.0,0.8273244781783681,0.1791271347248577,0.2928,45,2070,0.1,0.15,15
20,10,false,,0.13495460852570995,0.14765529316278098,0.02770002829676694,10,16,1.0,19.0,0.5327225130890052,0.41459424083769636,0.2934,46,2071,0.1,0.15,15
30,15,false,,0.12383667241227447,0.2610225472031754,0.15661239365075483,22,26,3.0,29.0,0.6662303664921466,0.1174738219895288,0.2846,46,2071,0.1,0.15,15
40,20,true,,0.1294233182269324,0.2186583709917268,0.1339784697984026,31,37,2.0,39.0,0.7561997904296193,0.11107230178134823,0.242,46,2071,0.1,0.15,15
20,10,true,,0.11709282468494273,0.23811130709112097,0.13747249498077643,14,18,2.0,19.0,0.7539735099337749,0.5794701986754967,0.2988,47,2072,0.1,0.15,15
20,10,false,,0.12957132502614765,0.21483845056376685,0.10706044093525825,14,18,3.0,19.0,0.651685393258427,0.5546192259675405,0.32,48,2073,0.1,0.15,15
30,15,false,,0.14421529744285122,0.6601936947755189,0.5162052242119438,25,26,1.0,29.0,0.8327814569536424,0.0870860927152318,0.2674,48,2073,0.1,0.15,15
40,20,false,,0.1654600103494723,0.1539004934985398,-0.015551342849242394,9,2,1.0,30.0,0.4361766485178463,0.1820931639443436,0.2278,48,2073,0.1,0.15,15
50,25,false,,0.15494225197135597,0.14957645734611355,-0.008682235691418155,42,48,2.0,49.0,0.4791732909379968,0.02098569157392687,0.1778,48,2073,0.1,0.15,15
60,30,false,,0.1612117247640315,0.15252317328229176,-0.0110051611131958,20,3,1.0,57.0,0.4347961406784936,0.11546840958605664,0.1658,48,2073,0.1,0.15,15
20,10,false,,0.13773114980223583,0.1387758388774377,0.005397710736661246,13,16,1.0,19.0,0.5099275133942641,0.4658052316419792,0.2948,49,2074,0.1,0.15,15
30,15,true,,0.12553188153453815,0.377324978994828,0.2578030016403893,24,26,2.0,29.0,0.8065173116089613,0.12321792260692464,0.2644,49,2074,0.1,0.15,15
20,10,false,,0.14454592426304963,0.11229117967021791,-0.03579123188439565,8,1,1.0,19.0,0.43709065839365735,0.3133402275077559,0.2574,50,2075,0.1,0.15,15
30,15,false,,0.12477198343962993,0.18577234053520625,0.06223084438662295,23,26,6.0,29.0,0.6544702513522113,0.18930957683741648,0.289,50,2075,0.1,0.15,15
40,20,false,,0.13527746805554125,0.12496060854990686,-0.010639502447014948,12,3,1.0,38.0,0.47292035398230087,0.20212389380530973,0.2522,50,2075,0.1,0.15,15
50,25,false,,0.1294981581308264,0.17343207802347183,0.06618424607307274,30,46,2.0,48.0,0.6997026759167493,0.12025107367030063,0.2446,50,2075,0.1,0.15,15
60,30,true,,0.13723136923911172,0.60491716060437,0.4607541441148405,54,54,8.0,59.0,0.825218023255814,0.046511627906976744,0.1586,50,2075,0.1,0.15,15
20,10,true,,0.10317445785148972,0.4652769599770234,0.3720320279184318,14,15,2.0,19.0,0.8616742969260955,0.6612164813603663,0.3056,51,2076,0.1,0.15,15
20,10,true,,0.09320594364783989,0.19890063435463384,0.11634575158952123,14,17,2.0,19.0,0.7252785515320335,0.5637186629526463,0.2896,52,2077,0.1,0.15,15
20,10,false,,0.08642427987913504,0.0702670124572213,0.0006161662176258353,9,1,1.0,19.0,0.5053554040895814,0.36952288218111,0.1554,53,2078,0.1,0.15,15
30,15,false,,0.07845071714395824,0.0736502320942869,-0.00012181310639728521,7,2,1.0,28.225000000000136,0.4925799086757991,0.1404109589041096,0.1094,53,2078,0.1,0.15,15
40,20,false,,0.2760716629624684,0.06667543713230804,-0.21615103361252078,3,1,1.0,35.0,0.3927536231884058,0.07681159420289856,0.0408,53,2078,0.1,0.15,15
50,25,false,,0.0814266897453624,0.07958686683572264,-0.007131688584164242,8,4,1.0,18.0,0.48538409245411285,0.23793337865397687,0.053,53,2078,0.1,0.15,15
60,30,false,,0.07903877694150897,0.08996730725600013,0.010043239889229692,24,23,14.0,43.0,0.6138448707256047,0.18265221017514596,0.0346,53,2078,0.1,0.15,15
20,10,false,,0.11152496738348266,0.20758234510851276,0.1121265740812448,14,16,2.0,19.0,0.6584553928095872,0.5539280958721704,0.2908,54,2079,0.1,0.15,15
30,15,true,,0.12180850040191678,0.20472338639465779,0.10741215071966186,20,26,2.0,29.0,0.7870071105365223,0.2081447963800905,0.2984,54,2079,0.1,0.15,15
20,10,false,,0.12483205197055475,0.1352655781452659,0.01700944807970252,8,8,1.0,18.0,0.551176096630642,0.3194532739987285,0.3026,55,2080,0.1,0.15,15
30,15,false,,0.11770744962620208,0.13199768252624922,0.018821729243235913,18,27,2.0,29.0,0.5428190603132289,0.20226591136287905,0.2992,55,2080,0.1,0.15,15
40,20,true,,0.11745446339069156,0.299341287550161,0.18379876956485036,33,36,5.599999999999994,39.0,0.7467652495378928,0.036968576709796676,0.2548,55,2080,0.1,0.15,15
20,10,false,,0.1240416551984893,0.161760317437936,0.05152306857564304,10,1,1.0,19.0,0.5720178755586112,0.41285665177036784,0.291,56,2081,0.1,0.15,15
30,15,true,,0.12347289617022057,0.2564411564641023,0.1416079602344641,22,27,2.0,29.0,0.7568681318681318,0.14972527472527472,0.2844,56,2081,0.1,0.15,15
20,10,false,,0.084343737280119,0.5408178466353146,0.45252271084564066,16,16,8.0,19.0,0.9553903345724907,0.7836431226765799,0.2874,57,2082,0.1,0.15,15
30,15,false,,0.16981608343519103,0.09268475009016958,-0.090402501312788,6,1,1.0,28.0,0.36419249592169656,0.14233278955954323,0.2478,57,2082,0.1,0.15,15
40,20,false,,0.12058577089669835,0.13732357244195753,0.021144079075859412,24,3,1.0,38.0,0.549489395129615,0.07776904948939513,0.2812,57,2082,0.1,0.15,15
50,25,true,,0.11414995465734222,0.38384195873603605,0.2673442260322341,43,44,30.0,49.0,0.864406779661017,0.0,0.2716,57,2082,0.1,0.15,15
20,10,false,,0.09835590074405662,0.06637083103482262,-0.02888181812617867,8,2,1.0,19.0,0.41370869033047736,0.30966952264381886,0.209,58,2083,0.1,0.15,15
30,15,false,,0.07640764143173145,0.10543412252306793,0.041715020712188945,13,3,1.0,28.0,0.6399801093983093,0.19691695673794132,0.1342,58,2083,0.1,0.15,15
40,20,false,,0.15881027689217367,0.14018230149108363,-0.0019876671897522125,15,1,1.0,38.0,0.49669457910973996,0.05112384310268841,0.2496,58,2083,0.1,0.15,15
50,25,false,,0.11802216664102679,0.18163147349937286,0.09653391529688113,38,43,2.0,49.0,0.686988543371522,0.04214402618657938,0.2666,58,2083,0.1,0.15,15
60,30,false,,0.26341300717889526,0.10740815446101018,-0.1559161471833506,6,2,1.0,56.0,0.2181913774973712,0.0694006309148265,0.1546,58,2083,0.1,0.15,15
20,10,false,,0.10796380220773234,0.40668339318780766,0.2885555409350226,15,16,2.0,19.0,0.776242184929253,0.6574531095755183,0.3112,59,2084,0.1,0.15,15
30,15,false,,0.2559684903741939,0.10776518062271259,-0.16210786314940487,4,1,1.0,28.0,0.28189792663476876,0.06977671451355662,0.2254,59,2084,0.1,0.15,15
40,20,false,,0.11477203053183505,0.7318914111212778,0.6215543325016673,36,36,29.0,39.0,1.0,0.0,0.228,59,2084,0.1,0.15,15
50,25,false,,0.14453993216596028,0.11619035976961063,-0.055393363888536065,8,2,1.0,46.0,0.3346627991298042,0.0772298767222625,0.2352,59,2084,0.1,0.15,15
60,30,false,,0.17803691827079293,0.12054947590137709,-0.05781085433744604,6,5,1.0,16.0,0.2971996386630533,0.17344173441734417,0.079,59,2084,0.1,0.15,15
20,10,false,,0.10811647100529594,0.12084907335923596,0.028895768342241848,10,2,1.0,19.0,0.5594528235706769,0.3956506488951245,0.2528,60,2085,0.1,0.15,15
30,15,false,,0.0986516508550443,0.09805287561994973,0.0029026303110668283,14,10,2.0,29.0,0.5104379860826852,0.21162505116659844,0.2206,60,2085,0.1,0.15,15
40,20,true,,0.1052167444576345,0.25649730844507074,0.1490019925686797,31,35,2.0,39.0,0.7862149532710281,0.06191588785046729,0.296,60,2085,0.1,0.15,15
20,10,false,,0.10227082569392604,0.12149424371525178,0.022383331042926682,9,1,1.0,18.0,0.5706022456617897,0.31303164341612794,0.2868,61,2086,0.1,0.15,15
30,15,false,,0.11323348166851308,0.14466660225218908,0.05678916027611554,19,26,1.0,29.0,0.6354166666666666,0.13864942528735633,0.2774,61,2086,0.1,0.15,15
40,20,true,,0.1150963970099867,0.18671839645921193,0.09453893648006173,28,36,3.0,39.0,0.7184827073261435,0.14131647452584603,0.2614,61,2086,0.1,0.15,15
20,10,false,,0.08237139550970891,0.3708090321550118,0.29103837507081276,16,16,1.0,19.0,0.7590216519647153,0.6267040898155574,0.2288,62,2087,0.1,0.15,15
30,15,false,,0.09506096017832605,0.3970557155790625,0.2939528479892067,25,26,6.0,29.0,0.8277511961722488,0.11562998405103668,0.263,62,2087,0.1,0.15,15
40,20,true,,0.10686978840390966,0.33551674621509575,0.2417824795844547,32,37,14.0,39.0,0.808234845596645,0.05871139916126573,0.2716,62,2087,0.1,0.15,15
20,10,false,,0.15419773850441887,0.0867443022372418,-0.08351973943232366,6,1,1.0,19.0,0.34014598540145985,0.27445255474452557,0.2702,63,2088,0.1,0.15,15
30,15,true,,0.11003575046936324,0.30444943546058506,0.203436618146105,24,25,5.0,29.0,0.8056348074179743,0.15263908701854492,0.281,63,2088,0.1,0.15,15
20,10,false,,0.1437716140624663,0.13312878071128362,-0.015805171149801595,8,1,1.0,18.0,0.474067046173308,0.3450347881087919,0.3076,64,2089,0.1,0.15,15
30,15,false,,0.1367914161849622,0.13091181845786112,-0.01079499404739001,15,2,1.0,29.0,0.47806868412104725,0.180550833049983,0.275,64,2089,0.1,0.15,15
40,20,true,,0.1308138924035122,0.23265845160459547,0.12374822417251086,34,37,4.0,39.0,0.7478381182981667,0.06364579730197163,0.2348,64,2089,0.1,0.15,15
20,10,false,,0.12822279290229682,0.21122747747651952,0.10770217299612982,14,17,1.0,19.0,0.6395197923426347,0.517845554834523,0.2898,65,2090,0.1,0.15,15
30,15,false,,0.12195239856524877,0.16596054854362277,0.049469040160451394,20,27,1.0,29.0,0.5989141499830336,0.13878520529351884,0.2888,65,2090,0.1,0.15,15
40,20,false,,0.13561903958218446,0.12910143556070247,-0.011225670271503785,16,4,1.0,38.0,0.450016716817118,0.15212303577398864,0.2674,65,2090,0.1,0.15,15
50,25,false,,0.13570463773464572,0.14180985355951792,0.02508014806200619,20,2,2.0,48.0,0.5671288468041934,0.13493405478525533,0.2214,65,2090,0.1,0.15,15
60,30,false,,0.5583829621260219,0.12721375395098583,-0.4225017719229098,3,1,1.0,36.5,0.12267657992565056,0.06650144568360182,0.1478,65,2090,0.1,0.15,15
20,10,false,,0.08639948808756118,0.11941741322936439,0.04166866312329707,11,16,1.0999999999999943,19.0,0.6433275563258232,0.4363951473136915,0.3154,66,2091,0.1,0.15,15
30,15,true,,0.1038929847353906,0.3704633381273754,0.2766026195224941,22,25,2.0,29.0,0.8531690140845071,0.18028169014084508,0.2968,66,2091,0.1,0.15,15
20,10,false,,0.1037840447033079,0.14089397398050582,0.05182202460953325,11,16,1.0,19.0,0.5788727401630628,0.4321162708259482,0.291,67,2092,0.1,0.15,15
30,15,false,,0.1625730725352911,0.07982449971821891,-0.11141615844480554,7,1,1.0,28.0,0.3182616330114135,0.07594381035996488,0.1814,67,2092,0.1,0.15,15
40,20,false,,0.0872418723152742,0.6086290691364542,0.5145236731183022,35,36,20.0,39.0,0.9630856601987695,0.014671083767155703,0.1686,67,2092,0.1,0.15,15
50,25,false,,0.14936929859082695,0.08176222791211593,-0.0749019874783025,7,4,1.0,34.0,0.2394736842105263,0.06210526315789474,0.123,67,2092,0.1,0.15,15
60,30,true,,0.09085274718548494,0.22013558911636452,0.1340260898779289,52,54,41.0,58.0,0.7403846153846154,0.0,0.106,67,2092,0.1,0.15,15
20,10,true,,0.10844599958263243,0.1935090239473439,0.10089334049208895,13,16,1.0,19.0,0.7027925531914894,0.5076462765957447,0.3164,68,2093,0.1,0.15,15
20,10,true,,0.08294576514484982,0.3046805765082995,0.22885139056891127,14,15,1.0,19.0,0.8228873239436619,0.6338028169014085,0.3048,69,2094,0.1,0.15,15
20,10,false,,0.17207703263037494,0.19465400360622775,0.04148432262009105,11,15,1.0,19.0,0.5470922882427307,0.4310998735777497,0.291,70,2095,0.1,0.15,15
30,15,false,,0.1524581208841974,0.1711693432997682,0.03431083476528484,22,26,3.0,29.0,0.5936573799644339,0.17990515708358032,0.2876,70,2095,0.1,0.15,15
40,20,false,,0.15733538921525086,0.6867421991550646,0.5257170922538505,35,36,21.0,39.0,0.9481754063170806,0.015639374425023,0.2174,70,2095,0.1,0.15,15
50,25,false,,0.16077138312726552,0.16104052480004,0.001234047017606238,39,45,3.0,48.0,0.502210433244916,0.04538756262894194,0.2192,70,2095,0.1,0.15,15
60,30,false,,0.16600990038021596,0.15920115950259603,-0.0116920572266416,15,4,1.0,35.0,0.43021766965428937,0.16293213828425096,0.1596,70,2095,0.1,0.15,15
20,10,false,,0.12985998921346986,0.2302773868631347,0.11216926431263594,13,16,1.0,19.0,0.6148225469728601,0.49965205288796105,0.267,71,2096,0.1,0.15,15
30,15,true,,0.13048537834949758,0.19698441075207973,0.08512860375147571,21,26,3.2249999999999943,29.0,0.7353312302839117,0.15772870662460567,0.2766,71,2096,0.1,0.15,15
20,10,false,,0.09484750846363417,0.11458911618111296,0.028668409831431915,11,16,1.0,19.0,0.5680919870643191,0.4358605821056414,0.2858,72,2097,0.1,0.15,15
30,15,false,,0.10926197399718032,0.1198413873114877,0.011800178653284699,14,25,1.0,29.0,0.5497118155619597,0.17687319884726224,0.2946,72,2097,0.1,0.15,15
40,20,false,,0.6591296065278631,0.10863960315012587,-0.5545309347824184,2,1,1.0,18.0,0.0953355155482815,0.06423895253682488,0.1636,72,2097,0.1,0.15,15
50,25,false,,0.13156255502265882,0.14897492183888492,0.04161202100137126,11,5,1.0,48.0,0.6273249915454853,0.09536692593845113,0.2442,72,2097,0.1,0.15,15
60,30,false,,0.14441411119863193,0.14928708861043244,0.00666706482886098,13,4,1.0,34.0,0.5184687709872398,0.145063801208865,0.0994,72,2097,0.1,0.15,15
20,10,false,,0.06138535289085709,0.12720911271435437,0.06769042235284686,14,17,2.0,19.0,0.6957637997432606,0.5507060333761232,0.2158,73,2098,0.1,0.15,15
30,15,false,,0.10605239122377215,0.22827510664170564,0.13678772619781945,20,25,1.0,29.0,0.6843309187952726,0.1505909264201296,0.2744,73,2098,0.1,0.15,15
40,20,false,,0.11989967235267449,0.14434603161309376,0.03639365110052073,22,35,1.0,39.0,0.5818389927508585,0.13010301411674932,0.2918,73,2098,0.1,0.15,15
50,25,false,,0.12052451401435983,0.1490254047145762,0.052803050461023265,22,4,1.0,48.0,0.6446153846153846,0.06769230769230769,0.2466,73,2098,0.1,0.15,15
60,30,false,,0.12482957883520547,0.156804478970752,0.03732320175323808,42,52,13.0,58.0,0.6438746438746439,0.08440170940170941,0.2462,73,2098,0.1,0.15,15
20,10,true,,0.07971540455352517,0.16527127578381978,0.08896254407847094,14,16,1.0,19.0,0.727504553734062,0.5792349726775956,0.285,74,2099,0.1,0.15,15
20,10,false,,0.4216361515262579,0.08556815112288539,-0.3323662756210247,3,3,1.0,10.0,0.07022953066118534,0.00856457690990065,0.2592,75,2100,0.1,0.15,15
30,15,false,,0.15886905697616244,0.14282183598064718,-0.02025156901271996,14,2,1.0,29.0,0.4557823129251701,0.09394233884029803,0.258,75,2100,0.1,0.15,15
40,20,true,,0.1365110647800431,0.49093141003528856,0.3661080010533981,34,37,3.0,39.0,0.8638760711931444,0.0975609756097561,0.225,75,2100,0.1,0.15,15
20,10,false,,0.7723843207064756,0.1089697955834977,-0.6865956146396994,2,1,1.0,16.0,0.06907761072734661,0.036164160910199104,0.1814,76,2101,0.1,0.15,15
30,15,false,,0.14929281145733642,0.13751037213289022,-0.01898798168115101,15,2,1.0,29.0,0.47316430688179123,0.1705630556470201,0.2506,76,2101,0.1,0.15,15
40,20,false,,0.1536314665260029,0.16895686434495594,0.02426738537438522,30,36,1.0,39.0,0.5357364822871349,0.024860161591050343,0.2496,76,2101,0.1,0.15,15
50,25,false,,0.14308494118406861,0.5093789343901585,0.3689784177079102,46,46,37.0,49.0,0.7926624032312353,0.0,0.1974,76,2101,0.1,0.15,15
60,30,true,,0.1469371100846241,0.251078570361555,0.11089893265676828,53,54,23.0,59.0,0.8488846999685831,0.00471253534401508,0.1926,76,2101,0.1,0.15,15
20,10,false,,0.08812068851595316,0.15733845076252162,0.08965685387934995,12,14,2.0,19.0,0.6889574759945131,0.4948559670781893,0.3178,77,2102,0.1,0.15,15
30,15,true,,0.10618156832787917,0.17691411212368038,0.08528402305205607,23,27,4.0,29.0,0.7250356633380884,0.1875891583452211,0.293,77,2102,0.1,0.15,15
20,10,false,,0.08224794293907928,0.3199289008101621,0.2394663569757609,15,18,3.0,19.0,0.8308851224105461,0.6331450094161959,0.2742,78,2103,0.1,0.15,15
30,15,false,,0.1052701494058765,0.11976415691592585,0.02641276593808661,13,8,2.0,28.0,0.5730253353204173,0.2533532041728763,0.3022,78,2103,0.1,0.15,15
40,20,false,,0.10577270332627564,0.546890684085424,0.429130663194338,35,36,22.0,39.0,0.9226361031518625,0.006958657388456815,0.2686,78,2103,0.1,0.15,15
50,25,true,,0.11250581170181341,0.27297650585275723,0.1598562198405887,40,47,5.424999999999997,49.0,0.7936384794414275,0.02404965089216447,0.2676,78,2103,0.1,0.15,15
20,10,false,,0.08810389480610016,0.10760231191534504,0.027063021748231122,9,16,1.0,18.0,0.592,0.3923809523809524,0.2768,79,2104,0.1,0.15,15
30,15,false,,0.10190155630634562,0.1706506649561068,0.09478208901062665,21,26,1.0,29.0,0.6467348544453186,0.1077891424075531,0.28,79,2104,0.1,0.15,15
40,20,true,,0.11009527504430683,0.3795646868181773,0.2704015575224861,33,36,2.0,39.0,0.833266210229561,0.060008054772452676,0.2786,79,2104,0.1,0.15,15
20,10,false,,0.14231558165513453,0.12448947190156515,-0.02049387148481889,8,1,1.0,19.0,0.45909398242055444,0.34110885733603785,0.2938,80,2105,0.1,0.15,15
30,15,false,,0.12513969932457808,0.11110989834127392,-0.020061441392565216,10,3,1.0,29.0,0.4369230769230769,0.1641025641025641,0.2724,80,2105,0.1,0.15,15
40,20,true,,0.12187993736256751,0.45601212770168037,0.3165743464178655,32,35,2.0,39.0,0.7427075542258789,0.09835452505609574,0.2536,80,2105,0.1,0.15,15
20,10,false,,0.1377063612065436,0.11774901293091126,-0.016397210225817166,9,1,1.0,19.0,0.4633298574904414,0.37851929092805003,0.2778,81,2106,0.1,0.15,15
30,15,false,,0.1253384019938581,0.15765641736478134,0.052132550282291565,12,2,1.0,28.0,0.6171671018276762,0.17656657963446476,0.2946,81,2106,0.1,0.15,15
40,20,false,,0.13171238900322363,0.543230731440282,0.4122839560367456,35,35,15.0,39.0,0.9406836461126006,0.057640750670241284,0.245,81,2106,0.1,0.15,15
50,25,true,,0.14405300184889608,0.20499434513949957,0.06604333789871225,41,44,29.0,49.0,0.7268869354349803,0.0,0.2246,81,2106,0.1,0.15,15
20,10,false,,0.13911102424743763,0.11606156737187642,-0.030965935460709693,9,1,1.0,19.0,0.4166946027489105,0.35668789808917195,0.2894,82,2107,0.1,0.15,15
30,15,true,,0.11864768547800046,0.2568475055311623,0.15322398078174504,22,26,1.0,29.0,0.773083475298126,0.1557069846678024,0.2634,82,2107,0.1,0.15,15
20,10,false,,0.15764190789638505,0.18819685017131194,0.03621031204296152,13,16,1.0,19.0,0.5526566974228444,0.5173401209035953,0.2948,83,2108,0.1,0.15,15
30,15,false,,0.16123070018466273,0.1574940283866202,-0.006906737383622713,12,2,1.0,28.0,0.48205280332245626,0.16997923464847225,0.2768,83,2108,0.1,0.15,15
40,20,false,,0.16138559444821723,0.1713982863803399,0.014661393714555257,20,21,1.0,39.0,0.544437904649794,0.19011183048852265,0.2272,83,2108,0.1,0.15,15
50,25,false,,0.16580039067017635,0.15815007117837782,-0.0103590135577179,23,2,1.0,48.0,0.4613333333333333,0.12681481481481482,0.211,83,2108,0.1,0.15,15
60,30,false,,0.16402583287519276,0.16976781722012455,0.006057834109131605,26,56,4.0,58.0,0.5160087037612683,0.21883742617345353,0.1704,83,2108,0.1,0.15,15
20,10,false,,0.07646900722304478,0.617256922661064,0.5397595028473001,16,16,8.0,19.0,0.9699687987519501,0.782371294851794,0.2806,84,2109,0.1,0.15,15
30,15,false,,0.10693896685129618,0.13012597115216074,0.03299559126012372,16,27,1.0,29.0,0.5741857659831122,0.1463610776035384,0.2718,84,2109,0.1,0.15,15
40,20,false,,0.09677799249982785,0.12502061422451802,0.03229749823593751,29,30,9.0,39.0,0.609375,0.14569256756756757,0.2276,84,2109,0.1,0.15,15
50,25,false,,0.09945143935676562,0.10592276163847948,0.0036415708765102223,31,45,14.0,48.0,0.5069316081330869,0.14048059149722736,0.1666,84,2109,0.1,0.15,15
60,30,false,,0.15605901857242752,0.08726202722963543,-0.0713761541884421,10,3,2.0,36.0,0.2560446373217607,0.22194668319900807,0.081,84,2109,0.1,0.15,15
20,10,false,,0.10014274512403429,0.09073042126733971,-0.005584233043166395,10,2,1.0,19.0,0.4895238095238095,0.41295238095238096,0.2428,85,2110,0.1,0.15,15
30,15,false,,0.30275783709443954,0.11806767728414232,-0.18508487652178215,4,1,1.0,27.0,0.344035023713973,0.09886902590295513,0.2404,85,2110,0.1,0.15,15
40,20,true,,0.12678278625151068,0.33987456302383257,0.2216094652394536,33,36,18.599999999999994,39.0,0.8203098106712564,0.02512908777969019,0.2708,85,2110,0.1,0.15,15
20,10,false,,0.08509562584003091,0.14576072738070775,0.060336321740104934,13,16,1.0,19.0,0.64953095684803,0.551594746716698,0.283,86,2111,0.1,0.15,15
30,15,true,,0.09786516853239789,0.3687575585946944,0.27131815738168535,23,25,11.0,29.0,0.8208728652751424,0.18785578747628084,0.2868,86,2111,0.1,0.15,15
20,10,false,,0.20367728857944375,0.11890625800266738,-0.10793673537419596,5,1,1.0,19.0,0.38549481957842086,0.29617720614505183,0.237,87,2112,0.1,0.15,15
30,15,false,,0.12019911701173797,0.1598596719111454,0.040153483017420596,22,26,5.0,29.0,0.6250405449237756,0.2445669802140772,0.2964,87,2112,0.1,0.15,15
40,20,false,,0.13507724022605977,0.13471818382741113,0.009046205663450962,18,3,1.0,38.0,0.5303547066848567,0.167462482946794,0.262,87,2112,0.1,0.15,15
50,25,false,,0.1314089816468962,0.13492902595711156,0.009962966758254824,18,6,2.0,48.0,0.5440134907251265,0.16627318718381112,0.249,87,2112,0.1,0.15,15
60,30,false,,0.13166466580771272,0.5196750609317268,0.38779790048976504,55,54,45.0,59.0,0.9189655172413793,0.0,0.1412,87,2112,0.1,0.15,15
20,10,false,,0.20362150447359761,0.12976528461749895,-0.09279894554539311,7,1,1.0,19.0,0.4203523912261776,0.3707299532542251,0.2316,88,2113,0.1,0.15,15
30,15,false,,0.1668549318290852,0.20217862457753036,0.04616466586867758,22,27,2.0,29.0,0.6152737752161384,0.14783861671469742,0.27,88,2113,0.1,0.15,15
40,20,false,,0.25103480234959813,0.15046149966013858,-0.11443145300199761,5,2,1.0,35.0,0.2820102432778489,0.162291933418694,0.2122,88,2113,0.1,0.15,15
50,25,false,,0.1686873098997175,0.1690299088791887,0.00042256379942129385,36,46,1.0,49.0,0.5035439137134052,0.025269645608628658,0.1858,88,2113,0.1,0.15,15
60,30,false,,0.17614692843993604,0.1593109403758628,-0.01923413682471986,9,4,1.0,58.0,0.46248037676609105,0.08351648351648351,0.1626,88,2113,0.1,0.15,15
20,10,false,,0.15460502639724083,0.13359668588771983,-0.034918284041115216,9,1,1.0,18.0,0.42547257514719555,0.3142237372172296,0.305,89,2114,0.1,0.15,15
30,15,false,,0.13999211119864227,0.1519446976882169,0.02318188894251047,21,25,1.0,29.0,0.5460806821908822,0.11446375860938013,0.2676,89,2114,0.1,0.15,15
40,20,false,,0.1287385515337039,0.5945621052374105,0.47554932217390466,35,36,20.0,39.0,0.8830801836806782,0.015188979159307664,0.2442,89,2114,0.1,0.15,15
50,25,true,,0.13823887420299513,0.2569786579868593,0.12594445464181453,41,44,9.224999999999994,49.0,0.8280757097791798,0.026498422712933754,0.23,89,2114,0.1,0.15,15
20,10,false,,0.12709497329244823,0.12543633072770582,0.0018109306446647822,10,16,1.0,19.0,0.5015311330384484,0.39979584892820685,0.2802,90,2115,0.1,0.15,15
30,15,false,,0.11971568170924188,0.1600084014191168,0.05271772814521711,20,24,3.0,29.0,0.6306892067620286,0.2048114434330299,0.2738,90,2115,0.1,0.15,15
40,20,true,,0.12664151256412962,0.3908350625704488,0.27073913193594784,33,36,4.0,39.0,0.8343621399176955,0.06584362139917696,0.2566,90,2115,0.1,0.15,15
20,10,false,,0.10841230114383849,0.18300450390786632,0.10920352509044329,12,1,1.0,19.0,0.6554242002781642,0.4704450625869263,0.2686,91,2116,0.1,0.15,15
30,15,true,,0.10715524559931994,0.2674720193448478,0.16764652076208839,23,26,1.0,29.0,0.7261490923136346,0.09578988026264967,0.2758,91,2116,0.1,0.15,15
20,10,false,,0.13645732825206905,0.12019228440253135,-0.025234852469367602,8,8,1.0,19.0,0.43175487465181056,0.2890745899102445,0.3148,92,2117,0.1,0.15,15
30,15,true,,0.13168530589743288,0.32063778471991133,0.21718416141584876,22,26,2.0,29.0,0.7496827411167513,0.1640228426395939,0.2814,92,2117,0.1,0.15,15
20,10,false,,0.1248089901453444,0.4814265372853524,0.3532870639415707,15,16,2.0,19.0,0.7909002904162633,0.6692481445627622,0.295,93,2118,0.1,0.15,15
30,15,true,,0.13907619962107326,0.3512862228755455,0.21946705414495876,23,26,2.0,29.0,0.7395038167938931,0.10782442748091603,0.2728,93,2118,0.1,0.15,15
20,10,true,,0.0995517680208234,0.33031060390552186,0.2430513705554949,14,17,1.0,19.0,0.840886536553093,0.6040357260999007,0.3116,94,2119,0.1,0.15,15
20,10,false,,0.08948373821404848,0.13099639219732487,0.052288661980202246,13,15,1.0,19.0,0.5893865261573202,0.4949190816710576,0.2576,95,2120,0.1,0.15,15
30,15,true,,0.09807043081892701,0.2569692633729608,0.16707089677521467,22,26,3.0,29.0,0.7543655413271245,0.20023282887077998,0.2796,95,2120,0.1,0.15,15
20,10,false,,0.09685276169921742,0.133361373173313,0.049311311844323025,10,11,1.0,19.0,0.6257411928845483,0.3550749912800837,0.3022,96,2121,0.1,0.15,15
30,15,false,,0.11724520890373466,0.13221221814257672,0.022066835237620777,14,2,1.0,28.0,0.5661815661815662,0.22522522522522523,0.2842,96,2121,0.1,0.15,15
40,20,false,,0.7566327725449742,0.10590538259940162,-0.662641322482111,2,1,1.0,6.0,0.0034497628288055198,0.0,0.1516,96,2121,0.1,0.15,15
50,25,false,,0.1311562417165132,0.5439320435880375,0.41098476393621874,45,47,33.925,49.0,0.857646229739253,0.0,0.2198,96,2121,0.1,0.15,15
60,30,false,,0.46849820449631685,0.13078796699426126,-0.3208166654947246,3,1,1.0,22.0,0.23459326211996714,0.1372226787181594,0.1284,96,2121,0.1,0.15,15
20,10,false,,0.5590546589934285,0.06467012633870504,-0.4922482505403462,2,1,1.0,15.0,0.1637852593266606,0.07279344858962693,0.1482,97,2122,0.1,0.15,15
30,15,true,,0.10413817596507283,0.2597144845439305,0.170833287160595,19,26,2.0,28.75,0.7398051245037892,0.1974016600505233,0.297,97,2122,0.1,0.15,15
20,10,false,,0.14641157543875372,0.18424162840134145,0.06269984844532167,13,17,1.0,19.0,0.5851472471190781,0.49167733674775926,0.285,98,2123,0.1,0.15,15
30,15,true,,0.13544137926965266,0.25770260081002466,0.1390707387044615,23,25,3.0,29.0,0.817629179331307,0.14620060790273556,0.2872,98,2123,0.1,0.15,15
20,10,false,,0.1428382576858815,0.13382700799233324,-0.017576357779732744,8,1,1.0,19.0,0.4666883327916802,0.3080922976925577,0.2928,99,2124,0.1,0.15,15
30,15,false,,0.13108934839900183,0.13648510408780173,0.013741485445863094,17,24,1.0,28.0,0.5348546420756486,0.1978743357299156,0.2956,99,2124,0.1,0.15,15
40,20,true,,0.13513553285414454,0.25285352043729636,0.13287540603398545,32,35,1.0,39.0,0.7029634734665747,0.1019986216402481,0.2164,99,2124,0.1,0.15,15
20,10,false,,0.12249442012778435,0.22288165839861662,0.12096270016912306,11,16,1.0,19.0,0.6717384266752995,0.43509226286824215,0.3174,100,2125,0.1,0.15,15
30,15,false,,0.13886045327393465,0.09975133916433555,-0.04842958111910384,13,1,1.0,29.0,0.38883034773445735,0.1552511415525114,0.233,100,2125,0.1,0.15,15
40,20,false,,0.12425096740883337,0.12557709203518455,0.013861745724077779,15,5,2.0,38.0,0.5550342836521112,0.1815229159148322,0.2666,100,2125,0.1,0.15,15
50,25,false,,0.12814841666279903,0.1502771681117349,0.03051711262069931,41,45,18.0,49.0,0.5797450912848777,0.022735101619014812,0.2442,100,2125,0.1,0.15,15
60,30,false,,0.1352293327736952,0.18384360784150072,0.06287949629208756,34,1,1.0,58.0,0.6766917293233082,0.037218045112781956,0.1604,100,2125,0.1,0.15,15
20,10,true,,0.08953394620704941,0.43463598966234035,0.34454290826216555,14,16,2.0,19.0,0.8271044359063919,0.6164862032832693,0.2982,101,2126,0.1,0.15,15
20,10,true,,0.11582604179652574,0.2157042058478283,0.11470068957677468,14,16,2.0,19.0,0.7191912708600771,0.5818356867779204,0.3166,102,2127,0.1,0.15,15
20,10,false,,0.10574574656183182,0.6308337900290111,0.5211170614095375,16,16,5.0,19.0,0.8701431492842536,0.7474437627811861,0.2996,103,2128,0.1,0.15,15
30,15,false,,0.14825811557142873,0.12801056533117253,-0.027907883704707148,7,2,1.0,29.0,0.4170298357358364,0.14247401944351323,0.2516,103,2128,0.1,0.15,15
40,20,false,,0.13433964616808117,0.1538936708297519,0.036251752980506,24,36,2.0,39.0,0.6060606060606061,0.1457269322437862,0.2502,103,2128,0.1,0.15,15
50,25,false,,0.1369499278797364,0.15683926389573166,0.04717590429623027,30,44,2.0,49.0,0.6340273259596617,0.13044892648015616,0.2404,103,2128,0.1,0.15,15
60,30,true,,0.14332247210792026,0.21960341297169786,0.07772901645306637,49,48,33.0,59.0,0.789086450030656,0.0,0.1976,103,2128,0.1,0.15,15
20,10,true,,0.09468272595204243,0.4724103573875558,0.3819957745064607,14,16,2.0,19.0,0.8785591766723843,0.6360205831903946,0.3038,104,2129,0.1,0.15,15
20,10,true,,0.11501733376553908,0.33053948061311134,0.2279872134949659,14,16,2.0,19.0,0.7435054258467609,0.5850049325879645,0.3094,105,2130,0.1,0.15,15
20,10,false,,0.1255925919983656,0.10347446280347519,-0.028003133242875983,6,2,1.0,17.0,0.4254032258064516,0.20094086021505375,0.298,106,2131,0.1,0.15,15
30,15,false,,0.1336760883877025,0.13571599833724315,9.298318815659234e-5,12,4,1.0,28.0,0.500161342368506,0.2852533075185544,0.2946,106,2131,0.1,0.15,15
40,20,false,,0.12790018332255007,0.12708137842821965,0.0009441583337715387,20,36,1.0,39.0,0.5019565990750623,0.18392031305585202,0.2604,106,2131,0.1,0.15,15
50,25,true,,0.11987574982106117,0.3883683218279237,0.27511956808976307,44,45,33.0,49.0,0.8110850897736144,0.0,0.2386,106,2131,0.1,0.15,15
20,10,false,,0.13374606889899515,0.1360603947829792,0.011763413917963955,11,17,1.0,19.0,0.5203197868087941,0.4300466355762825,0.2952,107,2132,0.1,0.15,15
30,15,true,,0.11533619810430462,0.31278758852545924,0.20688343363860673,22,25,4.0,29.0,0.8022950819672131,0.17508196721311475,0.2974,107,2132,0.1,0.15,15
20,10,false,,0.22203463469280496,0.051479964894715124,-0.19774221714620563,4,1,1.0,18.0,0.2591866731994121,0.24693777560019597,0.1428,108,2133,0.1,0.15,15
30,15,true,,0.1013185680612507,0.19225345758576748,0.10028659964084605,20,25,2.0,29.0,0.7226222053808261,0.1693823417961349,0.295,108,2133,0.1,0.15,15
20,10,false,,0.28711296371302064,0.0913511498843356,-0.18335011226680648,4,2,1.0,16.0,0.19112165367671977,0.09725516773974924,0.2598,109,2134,0.1,0.15,15
30,15,false,,0.14981221864403535,0.13344329873798386,-0.017174870771569567,12,4,1.0,29.0,0.4534697793412216,0.19763351455068756,0.2864,109,2134,0.1,0.15,15
40,20,false,,0.14562985887544558,0.1268566996985213,-0.032746467385935535,18,3,2.0,37.0,0.39503026441541894,0.17202930869703728,0.2608,109,2134,0.1,0.15,15
50,25,false,,0.14380095512242397,0.14418437098826611,0.016923203511069573,15,2,1.0,49.0,0.5308853809196981,0.15305422100205904,0.2178,109,2134,0.1,0.15,15
60,30,false,,0.14103574573623437,0.5584532322890214,0.41983069751081836,56,56,26.39999999999999,59.0,0.8853390131345403,0.008164714235001775,0.1928,109,2134,0.1,0.15,15
20,10,false,,0.1118988871915445,0.12470137435568744,0.018328340330254267,9,6,1.0,18.050000000000182,0.5508281909710945,0.35206235790841184,0.3078,110,2135,0.1,0.15,15
30,15,true,,0.1257333300248913,0.5302535145449606,0.41568607840099747,24,26,4.0,29.0,0.8736807387862797,0.1487467018469657,0.2816,110,2135,0.1,0.15,15
20,10,false,,0.29097367554759906,0.08295854658584632,-0.2157445285649268,4,1,1.0,18.0,0.2735775526110678,0.1979734996102884,0.2026,111,2136,0.1,0.15,15
30,15,false,,0.14545949872216743,0.12463731710292575,-0.036188438272917095,9,1,1.0,26.0,0.4024592888002659,0.18178796942505815,0.2762,111,2136,0.1,0.15,15
40,20,false,,0.12119439852470143,0.619176644745422,0.49747470941654837,35,36,8.0,39.0,0.8728597449908926,0.0848816029143898,0.254,111,2136,0.1,0.15,15
50,25,true,,0.1275743279223008,0.23268138324681956,0.10739750479663027,39,46,10.274999999999991,49.0,0.7721300138312587,0.025242047026279392,0.2324,111,2136,0.1,0.15,15
20,10,false,,0.11033418452590296,0.49916300314134526,0.38867807436772167,15,16,2.0,19.0,0.8403865378207265,0.6857714095301566,0.313,112,2137,0.1,0.15,15
30,15,false,,0.13015524746848525,0.5702722644849438,0.45009959475548433,25,26,5.0,29.0,0.8985208118335053,0.06260749914000688,0.2642,112,2137,0.1,0.15,15
40,20,false,,0.12992868003110494,0.580206181238101,0.4567466686201963,35,37,9.0,39.0,0.8989534464092386,0.03356189101407434,0.2422,112,2137,0.1,0.15,15
50,25,false,,0.13849927527417374,0.4762499079515462,0.3459906077602834,45,45,37.0,49.0,0.9118361679972232,0.0,0.2174,112,2137,0.1,0.15,15
60,30,true,,0.14408808945428433,0.4308624048433246,0.28225956773744854,54,54,40.0,59.0,0.8574720210664911,0.0,0.1986,112,2137,0.1,0.15,15
20,10,false,,0.12241958185368386,0.08972798840727728,-0.0411053103717183,7,1,1.0,19.0,0.40841683366733467,0.33186372745490983,0.2508,113,2138,0.1,0.15,15
30,15,false,,0.10282702366390006,0.13228216131787998,0.04031583523472232,21,27,1.0,29.0,0.5918287937743191,0.1404669260700389,0.2834,113,2138,0.1,0.15,15
40,20,true,,0.1143342707877596,0.329709333965131,0.23089645051528196,32,35,2.0,39.0,0.7330798479087453,0.04068441064638783,0.2748,113,2138,0.1,0.15,15
20,10,false,,0.15094823040274744,0.16983161567488017,0.038738829742238856,10,2,1.0,19.0,0.5794985718819422,0.3998730561726436,0.297,114,2139,0.1,0.15,15
30,15,false,,0.15782896361273555,0.17488859150621544,0.028072066112398,17,26,2.0,29.0,0.5639853747714808,0.19195612431444242,0.2948,114,2139,0.1,0.15,15
40,20,false,,0.15263595866617202,0.15189379645451534,-0.005116245872513359,33,36,20.0,39.0,0.4737958194486519,0.02150863374734929,0.2476,114,2139,0.1,0.15,15
50,25,false,,0.15552480413359102,0.15218385559250447,-0.005361411106895017,13,4,1.0,48.0,0.48067776456599287,0.12455410225921522,0.2156,114,2139,0.1,0.15,15
60,30,false,,0.15315476146813298,0.17921425097993662,0.036888785800885185,51,54,5.0,59.0,0.6477832512315271,0.021243842364532018,0.1952,114,2139,0.1,0.15,15
20,10,true,,0.08653226671608814,0.25292387309565406,0.1674932638401753,14,16,1.0,19.0,0.7049981210071402,0.5697106350995866,0.2782,115,2140,0.1,0.15,15
20,10,true,,0.0996785232732435,0.2923494123473428,0.1942140757229613,14,15,1.0,19.0,0.7356281050390348,0.5986515259048971,0.2756,116,2141,0.1,0.15,15
20,10,false,,0.15162423851314852,0.14985214969022967,0.00010091983330584586,11,1,1.0,19.0,0.5001627074520013,0.4321509925154572,0.2866,117,2142,0.1,0.15,15
30,15,true,,0.13178612129283984,0.2569532054417798,0.13599283306248938,21,26,2.0,29.0,0.7414880201765448,0.17370744010088274,0.2846,117,2142,0.1,0.15,15
20,10,true,,0.10096742525259075,0.2576728626061047,0.15646351919990117,13,16,2.0,19.0,0.7955569864777849,0.5444301352221507,0.2824,118,2143,0.1,0.15,15
20,10,false,,0.10669155231253435,0.21679572498215827,0.1512840364873042,13,1,1.0,19.0,0.6204889406286379,0.46216530849825377,0.2618,119,2144,0.1,0.15,15
30,15,true,,0.09827322751614372,0.18829312659997172,0.09554283655404842,21,26,4.0,29.0,0.7335043988269795,0.17851906158357772,0.3112,119,2144,0.1,0.15,15
20,10,false,,0.07626110670623898,0.5889862903001543,0.5050412593967397,16,16,8.0,19.0,0.9726081778483525,0.7757046447002779,0.2668,120,2145,0.1,0.15,15
30,15,true,,0.09953271368185726,0.18277503107157314,0.09661344665257998,22,26,3.0,29.0,0.7169881305637982,0.1925074183976261,0.2956,120,2145,0.1,0.15,15
20,10,false,,0.09122247955766898,0.14520020556917537,0.06320867088588206,12,16,1.0,19.0,0.6221653255303584,0.5113386978785662,0.2618,121,2146,0.1,0.15,15
30,15,true,,0.09940215875869453,0.22340922281010792,0.1365439564545671,24,26,6.0,29.0,0.7076620825147347,0.1449901768172888,0.283,121,2146,0.1,0.15,15
20,10,false,,0.2672480729284248,0.08872707886468213,-0.16864867532560743,5,1,1.0,19.0,0.2687569988801792,0.23217618514371033,0.2558,122,2147,0.1,0.15,15
30,15,false,,0.11982993706358237,0.20162395549128856,0.08278086233296633,22,26,5.0,29.0,0.6884469696969697,0.2342171717171717,0.3096,122,2147,0.1,0.15,15
40,20,false,,0.12912873042388134,0.5759616556599222,0.45437766507403554,35,36,29.0,39.0,0.9778016469745793,0.0,0.2244,122,2147,0.1,0.15,15
50,25,true,,0.13338024005167445,0.19879512089574586,0.09598828360381848,36,46,3.0,49.0,0.7484620642515379,0.05263157894736842,0.2312,122,2147,0.1,0.15,15
20,10,false,,0.15005122122130485,0.14922746599949913,0.0031025862089561485,10,1,1.0,19.0,0.515359477124183,0.4013071895424837,0.2838,123,2148,0.1,0.15,15
30,15,false,,0.15676859433068185,0.14667656791989464,-0.013766601031056938,9,2,1.0,28.0,0.4658735128365686,0.18065122103944897,0.2752,123,2148,0.1,0.15,15
40,20,false,,0.1729899356874514,0.1372117158242346,-0.05548944499427358,11,4,1.0,39.0,0.36726926736441484,0.10053916904535364,0.2534,123,2148,0.1,0.15,15
50,25,false,,0.18657910933969998,0.13965340934152626,-0.05345435401753429,6,2,1.0,20.0,0.3569261880687563,0.15672396359959556,0.2082,123,2148,0.1,0.15,15
60,30,true,,0.14761084100631572,0.19137072929199575,0.06992842978647354,49,57,4.0,59.0,0.7073331141072016,0.07727721144360408,0.1768,123,2148,0.1,0.15,15
20,10,false,,0.1714130373934259,0.24257468285221942,0.12299331929485335,11,1,1.0,19.0,0.6160130718954249,0.4303921568627451,0.268,124,2149,0.1,0.15,15
30,15,true,,0.15478098036657054,0.3534318975406694,0.21112585607896195,24,26,1.0,29.0,0.7994167206740117,0.10920285158781594,0.246,124,2149,0.1,0.15,15
20,10,false,,0.12596636525087196,0.13143550017607272,0.005600575602438609,9,3,1.0,18.0,0.5118110236220472,0.3674540682414698,0.2988,125,2150,0.1,0.15,15
30,15,false,,0.15073010811984414,0.20784912574922315,0.08148648604705029,21,25,3.0,29.0,0.6670655100209393,0.2049057732575531,0.2952,125,2150,0.1,0.15,15
40,20,false,,0.1541976516230767,0.24368581378009488,0.08721346827995868,34,35,22.0,39.0,0.662613033988151,0.0015590894917368258,0.2272,125,2150,0.1,0.15,15
50,25,false,,0.16138375864093446,0.16450544777356912,0.024874033643160293,17,45,2.0,49.0,0.5561081753186198,0.07460366801367734,0.2036,125,2150,0.1,0.15,15
60,30,false,,0.1605043734956394,0.166155143059252,0.018653332423953284,18,14,1.0,57.0,0.5857760691975012,0.19846227775108122,0.1242,125,2150,0.1,0.15,15
20,10,false,,0.12262475696278576,0.45132687640920943,0.317708123357613,15,15,2.0,19.0,0.8043899289864429,0.60458360232408,0.3056,126,2151,0.1,0.15,15
30,15,false,,0.12352000613052452,0.12776061043253764,0.008214257645203754,19,26,1.0,29.0,0.5189504373177842,0.15451895043731778,0.2736,126,2151,0.1,0.15,15
40,20,false,,0.2304807309372956,0.10373062271165193,-0.13354723542079028,5,1,1.0,21.0,0.2135774218154081,0.17467581998474446,0.2434,126,2151,0.1,0.15,15
50,25,true,,0.12128021446187758,0.4237670198216984,0.3020727753828132,44,46,30.0,49.0,0.8173258003766478,0.0,0.2436,126,2151,0.1,0.15,15
20,10,false,,0.4708939919235232,0.07108574009857205,-0.40051405905185083,3,1,1.0,18.0,0.23192645215211033,0.19348098620977852,0.2132,127,2152,0.1,0.15,15
30,15,true,,0.09804250536567656,0.19739583147423226,0.11216301501575236,17,26,1.0,28.0,0.741447891805887,0.2398568019093079,0.2766,127,2152,0.1,0.15,15
20,10,true,,0.09697725069093471,0.250744147369656,0.15303957648650382,13,14,2.0,19.0,0.7917205692108668,0.544954721862872,0.3172,128,2153,0.1,0.15,15
20,10,false,,0.07401883099588806,0.6078920935918466,0.5255986702803325,16,17,1.0,19.0,0.7902187902187903,0.6151866151866152,0.2056,129,2154,0.1,0.15,15
30,15,true,,0.10671698508920273,0.2144384064076554,0.1237345319241385,21,26,1.0,29.0,0.7091911764705883,0.16727941176470587,0.2854,129,2154,0.1,0.15,15
20,10,false,,0.6040847905494643,0.06434209221801633,-0.5661751351921299,2,1,1.0,18.0,0.23041709053916581,0.20396744659206512,0.1352,130,2155,0.1,0.15,15
30,15,false,,0.10040773072223583,0.10295439983609429,0.012799345299233426,14,2,1.0,29.0,0.544263775971093,0.12330623306233063,0.2104,130,2155,0.1,0.15,15
40,20,false,,0.09465620770859617,0.10505536029501741,0.022158404827009148,26,36,2.0,38.0,0.5604761904761905,0.07714285714285714,0.1652,130,2155,0.1,0.15,15
50,25,false,,0.09607478492644177,0.09778919917786842,0.002672700936786232,34,45,8.0,49.0,0.509062661833247,0.13412739513205593,0.1272,130,2155,0.1,0.15,15
60,30,false,,0.1293689519097715,0.08087053117981635,-0.049626158217892805,5,5,1.0,15.0,0.22678718159408381,0.09942481511914544,0.0406,130,2155,0.1,0.15,15
20,10,false,,0.11535772466846508,0.09995306261181283,-0.018239732553538016,11,1,1.0,19.0,0.4679216288897426,0.4306569343065693,0.2454,131,2156,0.1,0.15,15
30,15,false,,0.12013183823918365,0.11954118619261338,0.003386026802987982,9,4,1.0,28.0,0.5125987213238059,0.15456938698758932,0.2692,131,2156,0.1,0.15,15
40,20,false,,0.11222263334163386,0.16603894369849428,0.07542321398377996,21,29,2.0,37.0,0.6938488576449913,0.1680140597539543,0.2822,131,2156,0.1,0.15,15
50,25,false,,0.1327281713782066,0.1488440773955999,0.019183633861721866,35,1,1.0,49.0,0.5644927536231884,0.017391304347826087,0.2142,131,2156,0.1,0.15,15
60,30,false,,0.13269474881269006,0.17376436126732955,0.04600248380523167,50,58,29.775000000000002,58.22499999999991,0.6176470588235294,0.0,0.0538,131,2156,0.1,0.15,15
20,10,false,,0.0937782210993057,0.20460246131412677,0.11108656514643077,13,16,2.0,19.0,0.6564885496183206,0.5470737913486005,0.277,132,2157,0.1,0.15,15
30,15,false,,0.10304876122255145,0.10131364050334674,0.0022550648755604863,14,4,2.0,28.0,0.5030745580322828,0.23443504996156803,0.2736,132,2157,0.1,0.15,15
40,20,false,,0.10278688228452523,0.1288027483864092,0.03350672068247626,23,1,1.0,38.0,0.5935659265971908,0.07838695061169007,0.1994,132,2157,0.1,0.15,15
50,25,false,,0.23246543544243808,0.10137354454427792,-0.14654549887384813,6,4,1.0,47.0,0.25608732157850544,0.08018471872376154,0.2162,132,2157,0.1,0.15,15
60,30,true,,0.1160356303992197,0.3562180677386221,0.2448910900971396,52,57,23.0,59.0,0.8044265593561368,0.0,0.2684,132,2157,0.1,0.15,15
20,10,true,,0.08774100848375642,0.45437749396539273,0.36581164337650807,14,15,2.0,19.0,0.797180043383948,0.631236442516269,0.2876,133,2158,0.1,0.15,15
20,10,true,,0.15962941368248848,0.26015316242845377,0.1298423897102368,12,16,2.0,19.0,0.7189062040576301,0.4669214936783299,0.3304,134,2159,0.1,0.15,15
20,10,false,,0.14413603982627524,0.47090111089615394,0.33558097822449084,15,16,2.0,19.0,0.832820197044335,0.687192118226601,0.2976,135,2160,0.1,0.15,15
30,15,false,,0.1759228269899604,0.12022249212899527,-0.07963520771400391,12,3,1.0,28.0,0.28949771689497716,0.1878234398782344,0.269,135,2160,0.1,0.15,15
40,20,false,,0.16095478615111758,0.12782211463307944,-0.057154352609489825,15,2,1.0,38.0,0.32082670906200317,0.07503974562798092,0.2306,135,2160,0.1,0.15,15
50,25,false,,0.16805399592826148,0.1327259470012886,-0.04918657781228071,9,5,1.0,47.0,0.3330134357005758,0.1036468330134357,0.2134,135,2160,0.1,0.15,15
60,30,false,,0.1561725573446172,0.1395284533208975,-0.03766926064944119,12,2,1.0,58.0,0.39897435897435896,0.037264957264957266,0.1714,135,2160,0.1,0.15,15
20,10,false,,0.08522212461680065,0.3910537032972161,0.30586630585899366,15,16,2.0,19.0,0.805736137667304,0.6715105162523901,0.2742,136,2161,0.1,0.15,15
30,15,true,,0.10296853683887772,0.6788464364079942,0.5785321574028032,23,26,1.0,29.0,0.7387057387057387,0.11884411884411884,0.2534,136,2161,0.1,0.15,15
20,10,true,,0.09399484101066881,0.174535395014985,0.10072657769874988,12,15,1.0,19.0,0.7151263412945656,0.476981654551748,0.2984,137,2162,0.1,0.15,15
20,10,false,,0.07966538852513708,0.32282627543473463,0.24814700389705152,15,16,4.0,19.0,0.806499813223758,0.6712738139708629,0.2734,138,2163,0.1,0.15,15
30,15,false,,0.11055467859390444,0.11698135090770773,0.006752170582632638,7,3,1.0,26.0,0.5222551928783383,0.15875370919881307,0.294,138,2163,0.1,0.15,15
40,20,false,,0.11825164845737265,0.17216992971153475,0.07866968639083984,27,33,2.0,39.0,0.699607563325009,0.07063860149839457,0.274,138,2163,0.1,0.15,15
50,25,false,,0.12150397862052659,0.5937683703827457,0.471220875647558,46,46,36.0,49.0,0.9344841114162417,0.0,0.223,138,2163,0.1,0.15,15
60,30,true,,0.12337166181491108,0.35217307475511705,0.23689619685975774,53,56,3.0,59.0,0.7930127723516154,0.04169797145003756,0.2086,138,2163,0.1,0.15,15
20,10,false,,0.08456482838906032,0.12968423774638868,0.06060495753159816,11,13,1.0,19.0,0.6621373485126698,0.4528094013955197,0.2972,139,2164,0.1,0.15,15
30,15,true,,0.10238669557556214,0.22848597764370077,0.13932940672104321,20,25,3.0,29.0,0.8271423317396102,0.20669363736667892,0.2802,139,2164,0.1,0.15,15
20,10,true,,0.09587938482619131,0.40845492381728893,0.3115423507889007,14,17,1.0,19.0,0.8156862745098039,0.5932263814616756,0.2918,140,2165,0.1,0.15,15
20,10,false,,0.07857407282290899,0.3023407875150494,0.21566890734601157,15,16,2.0,19.0,0.7835564053537285,0.6298279158699809,0.2672,141,2166,0.1,0.15,15
30,15,false,,0.31338781956925243,0.08428177076230424,-0.24099123643010179,4,1,1.0,27.0,0.2502081598667777,0.10199833472106577,0.2426,141,2166,0.1,0.15,15
40,20,false,,0.12314397497315586,0.12034399593071131,-0.00475541897791211,11,4,1.0,37.0,0.4892802450229709,0.18453292496171517,0.2704,141,2166,0.1,0.15,15
50,25,false,,0.1512302813385925,0.11246618794354274,-0.04880645929925774,8,3,1.0,46.0,0.3802083333333333,0.15384615384615385,0.2534,141,2166,0.1,0.15,15
60,30,false,,0.12284182222379818,0.15371930110103965,0.04833864229351818,47,55,3.500000000000007,59.0,0.6340721425467188,0.03911342894393742,0.171,141,2166,0.1,0.15,15
20,10,false,,0.1552696769176232,0.1915833020199629,0.06350960870639547,12,16,1.0,19.0,0.6105495893872395,0.45578016424510426,0.2696,142,2167,0.1,0.15,15
30,15,false,,0.15016119557009405,0.13451705491921592,-0.025089191095294866,16,4,1.0,28.0,0.4128580134064595,0.21267519804996954,0.2836,142,2167,0.1,0.15,15
40,20,false,,0.14501437937233563,0.5821892834213116,0.4496912877073242,35,36,4.0,39.0,0.8213457076566125,0.08485250248591315,0.2408,142,2167,0.1,0.15,15
50,25,false,,0.15161159738034796,0.21824133189664796,0.06670043077711138,44,44,29.0,49.0,0.6819691935971006,0.0,0.2254,142,2167,0.1,0.15,15
60,30,true,,0.1558059858818095,0.27139677498501097,0.12046893182907942,54,57,36.0,59.0,0.8052681091251176,0.0,0.1928,142,2167,0.1,0.15,15
20,10,true,,0.09329473376483102,0.24534431872807064,0.15856885446329183,13,16,1.0,19.0,0.7415844950697041,0.5732743964637879,0.3006,143,2168,0.1,0.15,15
20,10,false,,0.12366742548141063,0.18729820032685038,0.08190072884849686,12,16,2.0,19.0,0.6489262371615313,0.5014005602240896,0.3354,144,2169,0.1,0.15,15
30,15,false,,0.12153647411106104,0.14242985537301123,0.033806236122231936,18,26,1.0,29.0,0.586113919784294,0.1722278395685878,0.2754,144,2169,0.1,0.15,15
40,20,false,,0.1263040134130603,0.12119180362648585,-0.0050291263615575565,19,37,1.0,39.0,0.4830540037243948,0.09013035381750466,0.2406,144,2169,0.1,0.15,15
50,25,false,,0.13193497825799813,0.13532828631532298,0.017567213875529675,23,2,1.0,49.0,0.5549199084668193,0.05186880244088482,0.2216,144,2169,0.1,0.15,15
60,30,false,,0.12659432641640367,0.6092352171163752,0.47841594161308476,55,56,45.0,59.0,0.9021577380952381,0.0,0.1872,144,2169,0.1,0.15,15
20,10,false,,0.14032873565929743,0.1701281513541748,0.031872550219045226,13,19,1.0,19.0,0.5407431551499348,0.4726205997392438,0.283,145,2170,0.1,0.15,15
30,15,false,,0.1620986756982233,0.11437309722005537,-0.070042030743033,10,1,1.0,28.0,0.35995921142080217,0.18966689326988442,0.265,145,2170,0.1,0.15,15
40,20,false,,0.14135278043144248,0.15813690514359974,0.02625489766548758,28,1,1.0,39.0,0.5652030373060416,0.12215252558600198,0.2388,145,2170,0.1,0.15,15
50,25,false,,0.150151390777023,0.15163083191117183,0.012935090279030004,17,8,2.0,48.0,0.5479278709269219,0.18728250553622272,0.2192,145,2170,0.1,0.15,15
60,30,true,,0.1502434819347548,0.25313065387289263,0.11153071074546957,50,56,2.0,59.0,0.7741935483870968,0.013957816377171216,0.2116,145,2170,0.1,0.15,15
20,10,false,,0.16978610787314816,0.09441206244661064,-0.08738466780094278,7,1,1.0,19.0,0.3708582834331337,0.34530938123752497,0.223,146,2171,0.1,0.15,15
30,15,false,,0.09851267357235673,0.13474165123339463,0.06088589711518586,14,26,1.0,29.0,0.6676852559205501,0.19977081741787625,0.2814,146,2171,0.1,0.15,15
40,20,false,,0.102394075039888,0.15133518381383962,0.06563897900941465,23,36,4.0,38.0,0.6894001643385373,0.17296631059983567,0.2598,146,2171,0.1,0.15,15
50,25,false,,0.11034655280887974,0.1350115808825693,0.035982191306039746,33,46,2.0,48.0,0.6024400504838031,0.08329827513672697,0.2132,146,2171,0.1,0.15,15
60,30,false,,0.11835017815542781,0.18300553321673363,0.07713780339054258,47,56,1.0,59.0,0.6561787505699954,0.017783857729138167,0.142,146,2171,0.1,0.15,15
20,10,false,,0.12435144978854032,0.10352270270321799,-0.01884366167056549,8,1,1.0,18.0,0.4579638169563675,0.28236963462220643,0.278,147,2172,0.1,0.15,15
30,15,true,,0.10493283265295762,0.2373433823316786,0.15739206384310286,19,26,1.0,29.0,0.7236551215917465,0.11348563006632277,0.2876,147,2172,0.1,0.15,15
20,10,false,,0.14610992619512306,0.1650956274876421,0.021707231719672874,9,4,1.0,19.0,0.5444410034066275,0.3688448436048312,0.3134,148,2173,0.1,0.15,15
30,15,false,,0.5213865306220368,0.12659223128531805,-0.4062048343000608,3,1,1.0,26.0,0.19387755102040816,0.07252186588921283,0.1838,148,2173,0.1,0.15,15
40,20,false,,0.147266631940266,0.22111911877100618,0.08693701370155751,32,37,2.0,39.0,0.6997121842021107,0.06395906619763352,0.2504,148,2173,0.1,0.15,15
50,25,false,,0.1510694122475722,0.19648235824048876,0.04806846278504187,40,44,22.0,49.0,0.6596552731522056,0.004966403739409875,0.2206,148,2173,0.1,0.15,15
60,30,false,,0.14899251691767318,0.16141915739905788,0.012727303071590618,30,26,3.0,54.0,0.619486504279131,0.09084924292297564,0.0756,148,2173,0.1,0.15,15
20,10,true,,0.0770214151866631,0.14497965622724027,0.08177345292172558,13,17,2.0,19.0,0.7125475285171102,0.5243346007604562,0.2786,149,2174,0.1,0.15,15
20,10,true,,0.08825703545935062,0.24687842896978784,0.16032196096571213,13,16,1.0,19.0,0.7145985401459855,0.5291970802919708,0.2764,150,2175,0.1,0.15,15
20,10,false,,0.14834409701782741,0.14845817720839216,0.010382505528653468,13,16,1.0,19.0,0.5202035318766837,0.5414546542951212,0.3064,151,2176,0.1,0.15,15
30,15,false,,0.13985131870688824,0.2143172655607385,0.1047126990482618,23,26,2.0,29.0,0.6271685761047463,0.1332242225859247,0.2642,151,2176,0.1,0.15,15
40,20,false,,0.13701859364825766,0.16660105746198386,0.07145254664786813,18,35,1.0,39.0,0.6569843342036553,0.1866840731070496,0.2418,151,2176,0.1,0.15,15
50,25,false,,0.1418602372178181,0.5708029382876195,0.43240002780659204,45,46,15.0,49.0,0.8977084025240784,0.024244437064098307,0.2188,151,2176,0.1,0.15,15
60,30,false,,0.16166218843761362,0.15276674198842635,-0.0017483196017122338,8,1,1.0,56.0,0.4885290148448043,0.12010796221322537,0.1922,151,2176,0.1,0.15,15
20,10,false,,0.09090663313803281,0.15883038834079766,0.06999900330010353,13,16,1.0,19.0,0.6708904109589041,0.5178082191780822,0.2908,152,2177,0.1,0.15,15
30,15,true,,0.10837429704922237,0.4619872392235027,0.34628864777020485,23,26,2.0,29.0,0.8510329829648423,0.1130844508880029,0.291,152,2177,0.1,0.15,15
20,10,false,,0.10687081842475932,0.4320843824536415,0.341709585638032,15,16,1.0,19.0,0.7813570938999315,0.6668951336531871,0.292,153,2178,0.1,0.15,15
30,15,false,,0.13705895422387993,0.10503250816846463,-0.045987102343302874,9,1,1.0,28.0,0.39097744360902253,0.21127819548872181,0.2632,153,2178,0.1,0.15,15
40,20,false,,0.11558799852634036,0.18945646732712246,0.08749422941435353,32,37,6.0,39.0,0.6669161676646707,0.11489520958083832,0.2574,153,2178,0.1,0.15,15
50,25,false,,0.14319197038127712,0.10410934395128739,-0.049790786671748105,11,6,1.0,46.0,0.32963671128107075,0.09598470363288719,0.2504,153,2178,0.1,0.15,15
60,30,false,,0.13181848407430552,0.12729685891326198,0.0002915066043652492,16,5,1.0,58.0,0.5023148148148148,0.04282407407407408,0.1982,153,2178,0.1,0.15,15
20,10,false,,0.1282626755470747,0.12293447835766548,0.005518233320337226,7,1,1.0,19.0,0.5057599405425492,0.3441099962839093,0.2682,154,2179,0.1,0.15,15
30,15,false,,0.127703931171042,0.15957795190335392,0.04763441426486556,16,20,2.0,28.0,0.6234587417009169,0.2858046158710085,0.3064,154,2179,0.1,0.15,15
40,20,true,,0.13309133165803444,0.316331922437463,0.19246787260024648,33,36,4.0,39.0,0.7683968462549278,0.06208935611038108,0.2604,154,2179,0.1,0.15,15
20,10,false,,0.1291058348970762,0.5424002782913551,0.41690163117875045,16,17,2.0,19.0,0.7851159793814433,0.6871778350515464,0.2858,155,2180,0.1,0.15,15
30,15,true,,0.12652868665514605,0.28669757305824334,0.16654837789299368,24,26,3.0,29.0,0.7140987896630684,0.11808963035655871,0.2704,155,2180,0.1,0.15,15
20,10,false,,0.11939731943039199,0.1514559172057273,0.041334110067503704,13,16,2.0,19.0,0.6155073388640715,0.4891512444160817,0.3022,156,2181,0.1,0.15,15
30,15,false,,0.3413295070854273,0.09319520362987273,-0.24880563677090273,4,1,1.0,19.0,0.14705882352941177,0.1010061919504644,0.2236,156,2181,0.1,0.15,15
40,20,true,,0.11722313073851318,0.5742839958724508,0.4499068198762118,34,36,12.0,39.0,0.8932791728212703,0.07828655834564253,0.2548,156,2181,0.1,0.15,15
20,10,false,,0.1479932765554171,0.2020433524394554,0.07070056675936015,12,17,1.0,19.0,0.6229758631225175,0.4867094408799267,0.3184,157,2182,0.1,0.15,15
30,15,false,,0.14834170517718298,0.1503260177980732,0.0005923225166548501,22,26,1.0,29.0,0.5010033444816053,0.13478260869565217,0.262,157,2182,0.1,0.15,15
40,20,false,,0.1422212650454957,0.2564137663350443,0.11056601835427035,35,36,16.0,39.0,0.7046979865771812,0.029082774049217,0.2396,157,2182,0.1,0.15,15
50,25,false,,0.14797254252610595,0.484352295981123,0.34071625218275703,45,46,13.0,49.0,0.9027498323272971,0.03990610328638498,0.2052,157,2182,0.1,0.15,15
60,30,false,,0.1549579204156991,0.1483728289880948,-0.010925256207921619,11,5,1.0,37.0,0.4410146699266504,0.21485330073349634,0.2168,157,2182,0.1,0.15,15
20,10,false,,0.1009838919837152,0.20346863050789046,0.11365669829565384,15,17,2.0,19.0,0.7448103078024337,0.6098783106657122,0.297,158,2183,0.1,0.15,15
30,15,false,,0.11641696753612756,0.1421263231029331,0.04561868288463863,14,5,1.0,28.0,0.5875,0.20392857142857143,0.2804,158,2183,0.1,0.15,15
40,20,true,,0.11789847210866565,0.2097374004441056,0.10807279644592829,29,32,3.0,39.0,0.7753273604410751,0.09372846312887664,0.2836,158,2183,0.1,0.15,15
20,10,true,,0.10651037913335196,0.29048672498600536,0.20300385361904819,13,14,2.0,19.0,0.8502175264139217,0.5612181479179614,0.2994,159,2184,0.1,0.15,15
20,10,false,,0.08601183487123688,0.4631945540450896,0.3590144572152342,15,16,2.0,19.0,0.8054945054945055,0.6717948717948717,0.2852,160,2185,0.1,0.15,15
30,15,false,,0.11334085891971969,0.12913803558201314,0.03294846630279938,14,1,1.0,29.0,0.6102292768959435,0.27019400352733686,0.2768,160,2185,0.1,0.15,15
40,20,true,,0.11590003123555777,0.326369150518925,0.22110283972778394,33,35,16.0,39.0,0.8138869005010737,0.050465282748747314,0.2554,160,2185,0.1,0.15,15
20,10,false,,0.12692204702213267,0.10723395187688262,-0.018956998347818027,10,17,1.0,19.0,0.4589339591015756,0.3942339926248743,0.2894,161,2186,0.1,0.15,15
30,15,false,,0.10880792030606938,0.08909754504649492,-0.0300900801719883,16,1,1.0,29.0,0.4482456140350877,0.19166666666666668,0.1926,161,2186,0.1,0.15,15
40,20,false,,0.09370805965028747,0.07984612162727775,-0.012451558172393472,13,7,1.0,35.0,0.43610144206862256,0.20139234211834908,0.1404,161,2186,0.1,0.15,15
50,25,false,,0.17079755719593295,0.06782627214431762,-0.10509061023769216,6,3,1.0,17.0,0.1373762376237624,0.14294554455445543,0.0698,161,2186,0.1,0.15,15
60,30,true,,0.0807256239797878,0.2736424418532091,0.19895707489958403,53,54,44.0,58.0,0.9204610951008646,0.0,0.0526,161,2186,0.1,0.15,15
20,10,false,,0.15453820349593536,0.14758755571897922,-0.011281869005946688,8,1,1.0,18.0,0.4630374265388184,0.3031240334055057,0.2962,162,2187,0.1,0.15,15
30,15,false,,0.14399562890832934,0.1288353265468876,-0.025514593649797523,19,19,1.0,28.0,0.43751937984496125,0.2297674418604651,0.2848,162,2187,0.1,0.15,15
40,20,false,,0.13464553800495066,0.176906839550653,0.05996587303612205,30,37,1.0,39.0,0.6073228081961707,0.07423580786026202,0.2516,162,2187,0.1,0.15,15
50,25,true,,0.1362441179292742,0.5885239182304116,0.447224230820904,44,45,30.0,49.0,0.9187990446946435,0.0,0.2242,162,2187,0.1,0.15,15
20,10,false,,0.0950745191502372,0.15708313570623011,0.07902481661193884,9,4,1.0,19.0,0.6985294117647058,0.3245320855614973,0.3224,163,2188,0.1,0.15,15
30,15,true,,0.11738382787108538,0.24216357687870185,0.1441719148117409,21,26,2.0,29.0,0.7697390155269244,0.17938553022794845,0.2898,163,2188,0.1,0.15,15
20,10,false,,0.15354005912268584,0.17372645527033448,0.05108292656708119,13,1,1.0,19.0,0.5523401214719542,0.48981779206859594,0.2488,164,2189,0.1,0.15,15
30,15,false,,0.14766145933589736,0.17308032572815926,0.05127763908992031,15,26,2.0,29.0,0.5786340852130326,0.150062656641604,0.2734,164,2189,0.1,0.15,15
40,20,false,,0.1416500070470148,0.20624882069265563,0.0673309398774893,35,37,20.0,39.0,0.610699865410498,0.006729475100942127,0.2316,164,2189,0.1,0.15,15
50,25,false,,0.14390913324269977,0.17985175670213038,0.050641256335020826,29,46,4.0,49.0,0.6666666666666666,0.20446570972886763,0.211,164,2189,0.1,0.15,15
60,30,false,,0.7002139681901968,0.1305309050310616,-0.5801148255372661,2,1,1.0,6.0,0.0,0.0,0.092,164,2189,0.1,0.15,15
20,10,false,,0.13898397483852074,0.09399131645256119,-0.05100748033568271,7,2,1.0,19.0,0.4189239332096475,0.32690166975881263,0.2604,165,2190,0.1,0.15,15
30,15,false,,0.11795875509346622,0.14823287821785378,0.05563406013613835,13,4,1.0,29.0,0.6281047975501871,0.19904729499829873,0.2982,165,2190,0.1,0.15,15
40,20,false,,0.13844762922871262,0.16888526247907235,0.04565298682103447,32,35,1.0,39.0,0.5614583333333333,0.009375,0.22,165,2190,0.1,0.15,15
50,25,false,,0.133122645438463,0.151576085375121,0.03717149862995078,13,6,1.0,48.0,0.6234422364432469,0.17143819467834287,0.2348,165,2190,0.1,0.15,15
60,30,true,,0.1380118501282641,0.18563528457099346,0.04688573125318565,50,53,29.0,59.0,0.7146164021164021,0.0,0.1822,165,2190,0.1,0.15,15
20,10,false,,0.1051805749305749,0.48724664136037493,0.37324749333908774,16,17,2.0,19.0,0.8083647583133357,0.728830990743915,0.3054,166,2191,0.1,0.15,15
30,15,false,,0.12122679494059846,0.5404744923082135,0.4215755599931282,26,27,13.0,29.0,0.9107883817427386,0.08644536652835408,0.2748,166,2191,0.1,0.15,15
40,20,false,,0.1348996381810693,0.58839097495103,0.45330798327782634,36,36,26.825000000000003,39.0,0.9588194921070693,0.0,0.238,166,2191,0.1,0.15,15
50,25,false,,0.14245130968628403,0.15014994743636773,0.007671925980258995,32,1,1.0,48.0,0.52324431256182,0.05901747444774151,0.206,166,2191,0.1,0.15,15
60,30,false,,0.7052459603616485,0.13776927306218217,-0.5622242744230733,2,1,1.0,26.0,0.13132075471698113,0.052075471698113204,0.047,166,2191,0.1,0.15,15
20,10,false,,0.09609301093277886,0.12054609355114533,0.0463258799208717,12,16,1.0,19.0,0.5886123680241327,0.4604072398190045,0.26,167,2192,0.1,0.15,15
30,15,false,,0.5247540955647457,0.07948684759533055,-0.4451857053263491,3,1,1.0,20.0,0.11596063329054343,0.09114249037227215,0.227,167,2192,0.1,0.15,15
40,20,true,,0.10781896735683402,0.3129351332209632,0.2095257881261643,33,34,13.0,39.0,0.8192724458204335,0.0696594427244582,0.2728,167,2192,0.1,0.15,15
20,10,false,,0.08554972031567012,0.15335926991956406,0.08951903865565149,13,16,1.0,19.0,0.6582077716098335,0.4940523394131642,0.2714,168,2193,0.1,0.15,15
30,15,false,,0.09997898023447324,0.1301266460472385,0.04623138143886335,13,4,1.0,29.0,0.6346153846153846,0.18730769230769231,0.29,168,2193,0.1,0.15,15
40,20,false,,0.11065098283385047,0.12516073130811273,0.02204341808533683,18,9,2.0,37.0,0.5714820359281437,0.18937125748502995,0.304,168,2193,0.1,0.15,15
50,25,false,,0.11518510056815842,0.15752885191650196,0.058148197294175835,24,13,3.0,49.0,0.6919894697254607,0.1993230537796164,0.2772,168,2193,0.1,0.15,15
60,30,false,,0.1410320228662417,0.11357236357572295,-0.026271001344531544,12,5,1.0,37.0,0.4107142857142857,0.21103896103896103,0.2132,168,2193,0.1,0.15,15
20,10,false,,0.1599191196057469,0.07135160299419244,-0.08961338434440695,7,4,1.0,18.0,0.289482253337675,0.24454575056984695,0.2882,169,2194,0.1,0.15,15
30,15,true,,0.10753200906274288,0.3443479457752041,0.24193770578894536,23,26,3.0,29.0,0.8024691358024691,0.1503267973856209,0.2906,169,2194,0.1,0.15,15
20,10,false,,0.34560873946969134,0.08667849176090997,-0.2864123622232146,4,1,1.0,19.0,0.24380466472303208,0.19715743440233235,0.2396,170,2195,0.1,0.15,15
30,15,false,,0.1444093796867924,0.10592980247782173,-0.04725639845746887,9,4,1.0,28.0,0.34017207147584383,0.19523494374586367,0.2818,170,2195,0.1,0.15,15
40,20,true,,0.11827663251045865,0.1813395795710457,0.09150779390769036,24,37,3.0,38.0,0.7343479764787271,0.16361120719474231,0.267,170,2195,0.1,0.15,15
20,10,false,,0.22675757704474236,0.09422998322034196,-0.14329473171251494,5,1,1.0,18.0,0.22059800664451829,0.14850498338870433,0.2738,171,2196,0.1,0.15,15
30,15,false,,0.12909283319218728,0.11804396660251006,-0.021327003138473077,16,22,2.0,28.0,0.4361461364371161,0.23892660847074038,0.2992,171,2196,0.1,0.15,15
40,20,false,,0.2757538760133332,0.10916254645733735,-0.1642826007599115,5,1,1.0,38.0,0.2693061544492356,0.031752254018032146,0.21,171,2196,0.1,0.15,15
50,25,true,,0.12225752280369097,0.32265720590851804,0.19749068430292022,44,47,27.0,49.0,0.792943692088382,0.0,0.2476,171,2196,0.1,0.15,15
20,10,false,,0.1496487740301904,0.4485620069208309,0.3111033042887792,16,18,3.0,19.0,0.7803105384869508,0.6950776346217377,0.2798,172,2197,0.1,0.15,15
30,15,false,,0.14148163337806519,0.19021934979758587,0.09491986985202142,20,26,1.0,29.0,0.6720288903479974,0.042350623768877216,0.2774,172,2197,0.1,0.15,15
40,20,false,,0.1391605008989324,0.19954716677782267,0.06721552822014604,33,36,16.0,39.0,0.6333015570384494,0.057515093740069904,0.2384,172,2197,0.1,0.15,15
50,25,false,,0.14421833280614302,0.14966783286008475,0.014239626499838093,37,47,2.0,48.0,0.541588492808005,0.03533458411507192,0.2088,172,2197,0.1,0.15,15
60,30,false,,0.1551772869816149,0.14011845676503637,-0.03271285243679842,13,4,1.0,58.0,0.37841439040639574,0.1229180546302465,0.1918,172,2197,0.1,0.15,15
20,10,true,,0.07836013974257912,0.2821367251248202,0.2092339282648639,14,18,1.0,19.0,0.7032503165892782,0.5175179400590967,0.2258,173,2198,0.1,0.15,15
20,10,false,,0.06276474135326293,0.3624245414282043,0.30039215983682094,15,17,1.0,19.0,0.6908362989323843,0.5885231316725978,0.2068,174,2199,0.1,0.15,15
30,15,false,,0.10895852673499197,0.14599096276296344,0.048697528603119905,22,26,3.0,29.0,0.6331111890564715,0.16906348649596634,0.2902,174,2199,0.1,0.15,15
40,20,true,,0.12345568639787852,0.24695060838019997,0.13972389599986654,32,37,1.0,39.0,0.7086092715231788,0.02832965415746873,0.2466,174,2199,0.1,0.15,15
20,10,false,,0.07779271733741937,0.3555772128057942,0.2838902793673693,15,16,4.0,19.0,0.8304182509505703,0.6844106463878327,0.2772,175,2200,0.1,0.15,15
30,15,false,,0.10615737614316259,0.1985111408321224,0.12329726878150664,19,25,1.0,29.0,0.6705516705516705,0.13752913752913754,0.2576,175,2200,0.1,0.15,15
40,20,false,,0.12430327128627114,0.6531036650739516,0.5501493781095953,31,1,1.0,39.0,0.6406181015452539,0.024282560706401765,0.249,175,2200,0.1,0.15,15
50,25,true,,0.11958564784262564,0.2028998540540441,0.08984117378820757,41,45,4.0,49.0,0.7390007457121551,0.0436241610738255,0.2556,175,2200,0.1,0.15,15
20,10,false,,0.17043824886944753,0.1674113812369394,0.02296230057389942,11,1,1.0,19.0,0.539311241065627,0.4152046783625731,0.2848,176,2201,0.1,0.15,15
30,15,true,,0.1493534303582887,0.24167672582607624,0.11364972105338754,23,27,2.0,29.0,0.753690036900369,0.1838868388683887,0.2644,176,2201,0.1,0.15,15
20,10,true,,0.04817661522145837,0.1348302028870745,0.08829729647701487,13,14,3.0,19.0,0.7644001732351667,0.5643135556517973,0.193,177,2202,0.1,0.15,15
20,10,false,,0.09375114688236591,0.3127281592756095,0.23458399999076285,15,16,3.0,19.0,0.7740333451578574,0.7006030507272082,0.2974,178,2203,0.1,0.15,15
30,15,true,,0.11867280721802272,0.24590974356308926,0.14405990223443352,19,25,2.0,29.0,0.7622679045092838,0.2503315649867374,0.2974,178,2203,0.1,0.15,15
20,10,false,,0.1577279630244385,0.23388092580382505,0.10909862664394332,12,16,2.0,19.0,0.6222154409520904,0.4693317058285017,0.3128,179,2204,0.1,0.15,15
30,15,false,,0.15508707701555263,0.13727324199002156,-0.02603206827736007,9,6,1.0,28.0,0.44705513784461154,0.14567669172932332,0.2586,179,2204,0.1,0.15,15
40,20,true,,0.13558025490635112,0.33510454418782953,0.19174935276667804,34,36,9.0,39.0,0.7093297406534187,0.08521387672617042,0.2326,179,2204,0.1,0.15,15
20,10,true,,0.11564078414737533,0.31077683043900006,0.21059952034704865,13,17,2.0,19.0,0.8375241779497099,0.5551257253384912,0.3092,180,2205,0.1,0.15,15
20,10,false,,0.12836121203171685,0.4167937986627272,0.28702339997761883,14,16,1.0,19.0,0.6313932980599647,0.5326278659611993,0.2642,181,2206,0.1,0.15,15
30,15,false,,0.14418473642120835,0.18686181566443685,0.06839907699971692,21,26,1.0,29.0,0.614165890027959,0.18856787822305063,0.261,181,2206,0.1,0.15,15
40,20,false,,0.15165822707399426,0.2227039582158955,0.08523752618128899,33,35,9.0,39.0,0.6946053032612008,0.0920451081987199,0.265,181,2206,0.1,0.15,15
50,25,false,,0.1605457290811166,0.1670430380932481,0.023284104871862187,31,1,1.0,49.0,0.5656697009102731,0.008452535760728219,0.2004,181,2206,0.1,0.15,15
60,30,false,,0.16091511888582044,0.15272981611132008,-0.020015007095593507,35,58,2.0,58.0,0.4371239470517449,0.04632972322503008,0.185,181,2206,0.1,0.15,15
20,10,true,,0.11665982829101566,0.2865298732615088,0.19325726226841938,14,17,1.0,19.0,0.8265207595751529,0.5651754103636949,0.2984,182,2207,0.1,0.15,15
20,10,false,,0.1744440174683735,0.08504206775642484,-0.10147097333046887,4,1,1.0,18.0,0.25572246065808296,0.18240343347639484,0.264,183,2208,0.1,0.15,15
30,15,false,,0.1297414455762778,0.14630694934447072,0.034422527977780434,13,1,1.0,29.0,0.5656041512231282,0.11008154188287621,0.2656,183,2208,0.1,0.15,15
40,20,false,,0.12669112248122058,0.14345204186850502,0.03410186314340391,19,36,1.0,39.0,0.5833634719710669,0.19349005424954793,0.2484,183,2208,0.1,0.15,15
50,25,true,,0.12444381596411432,0.3355797158796574,0.21585461864333122,44,45,24.0,49.0,0.8318213538032101,0.006629448709002094,0.2316,183,2208,0.1,0.15,15
20,10,false,,0.09675139732801419,0.21252126754449133,0.1254079711078141,14,16,1.0,19.0,0.6911447084233261,0.5676745860331174,0.2894,184,2209,0.1,0.15,15
30,15,false,,0.3310562529205018,0.06782187797922974,-0.26868223015179205,3,1,1.0,15.0,0.11943127962085308,0.05639810426540284,0.1546,184,2209,0.1,0.15,15
40,20,true,,0.10506943646126868,0.32684930825777486,0.2200373051735588,33,36,12.0,39.0,0.8249896565990897,0.06661150186181217,0.2628,184,2209,0.1,0.15,15
20,10,false,,0.12856558077538227,0.471149471987637,0.34050202981621364,15,17,3.0,19.0,0.8838226108682073,0.6758276077451593,0.303,185,2210,0.1,0.15,15
30,15,false,,0.16268234854387395,0.16127076174807073,-0.00010803463539774127,14,26,1.0,29.0,0.4998546934030805,0.21679744260389422,0.3016,185,2210,0.1,0.15,15
40,20,false,,0.15382301853748506,0.17879625968482085,0.05324108225122426,22,36,2.0,39.0,0.6123788683963739,0.1519224757736793,0.247,185,2210,0.1,0.15,15
50,25,false,,0.154579973247401,0.16660553425613775,0.021148338443941983,32,44,2.0,48.0,0.5824208345664398,0.11127552530334418,0.2164,185,2210,0.1,0.15,15
60,30,false,,0.15792462562441606,0.5678423332926791,0.408916508356955,55,55,46.0,59.0,0.8732131758856433,0.0,0.1876,185,2210,0.1,0.15,15
20,10,false,,0.19993714402112261,0.11187719618212838,-0.09207995331679243,4,1,1.0,18.0,0.376984126984127,0.2593795093795094,0.2674,186,2211,0.1,0.15,15
30,15,true,,0.11815476585101321,0.19100481298254818,0.09861551328443954,21,26,1.0,29.0,0.7393061636914786,0.17143819467834287,0.2574,186,2211,0.1,0.15,15
20,10,false,,0.09849583193862063,0.2139549862691042,0.13324356748472352,13,15,1.0,19.0,0.6650141643059491,0.5555949008498584,0.287,187,2212,0.1,0.15,15
30,15,false,,0.11081706626585408,0.17089001720370334,0.07874694531394273,21,24,3.0,29.0,0.6291578202406228,0.1464968152866242,0.303,187,2212,0.1,0.15,15
40,20,false,,0.11550370065789928,0.17370402494470086,0.07296160597983693,27,31,3.0,38.0,0.6673976608187134,0.13267543859649122,0.2802,187,2212,0.1,0.15,15
50,25,true,,0.12475858337492998,0.2610756359853948,0.15424097886569885,36,46,6.0,48.0,0.8369378647442499,0.10058359079986269,0.265,187,2212,0.1,0.15,15
20,10,false,,0.16079975642820488,0.14880077592049756,-0.01664405280526865,8,1,1.0,18.0,0.4671956057369545,0.3487946292340555,0.305,188,2213,0.1,0.15,15
30,15,false,,0.13725558510623842,0.24501213178150433,0.13250609905373828,24,26,1.0,29.0,0.6353704335950836,0.08603618982587914,0.2566,188,2213,0.1,0.15,15
40,20,false,,0.14471912130417275,0.18792981709457357,0.05824815426407426,32,37,6.0,39.0,0.677683349071451,0.0906515580736544,0.2476,188,2213,0.1,0.15,15
50,25,false,,0.1479142908672508,0.15687041029189994,0.013607146025708589,35,47,2.0,49.0,0.5481528260183138,0.07830754657404483,0.2258,188,2213,0.1,0.15,15
60,30,false,,0.14965323082283477,0.18799898295308962,0.04192841211909129,53,57,16.375,59.0,0.6328715365239295,0.02392947103274559,0.1736,188,2213,0.1,0.15,15
20,10,false,,0.1612259533268535,0.17986338006307429,0.035753062615615894,12,16,1.0,19.0,0.5719227443067166,0.5102334966849236,0.3312,189,2214,0.1,0.15,15
30,15,false,,0.16470703854688518,0.16864101636239676,0.017357929229886673,18,28,1.0,29.0,0.532540675844806,0.07133917396745933,0.2728,189,2214,0.1,0.15,15
40,20,false,,0.14837744724245344,0.17691687709123613,0.05781321408353636,31,35,2.0,39.0,0.6631511665068712,0.035794183445190156,0.2358,189,2214,0.1,0.15,15
50,25,false,,0.1797265272569983,0.15373811111582394,-0.031739513458970345,8,3,1.0,46.0,0.4077888638558095,0.11683295783714194,0.201,189,2214,0.1,0.15,15
60,30,true,,0.15532109097257674,0.3893919582363194,0.2319292976732791,54,57,43.0,59.0,0.7814631122132673,0.0,0.1748,189,2214,0.1,0.15,15
20,10,false,,0.1045199043955665,0.12949121671365837,0.0342230016730523,8,1,1.0,18.0,0.5648967551622419,0.30936578171091444,0.277,190,2215,0.1,0.15,15
30,15,false,,0.1029435968088214,0.4744417894474354,0.38002257249060195,25,28,2.0,29.0,0.8201603665521191,0.07636502481863307,0.2676,190,2215,0.1,0.15,15
40,20,true,,0.12037227226961307,0.4787275960415624,0.36271886835388156,32,35,1.0,39.0,0.7156549520766773,0.04153354632587859,0.253,190,2215,0.1,0.15,15
20,10,false,,0.08209506995679228,0.6704916405683798,0.5934393775133576,16,18,1.0,19.0,0.8333333333333334,0.7071197411003236,0.2438,191,2216,0.1,0.15,15
30,15,true,,0.11064706414765016,0.415063985632502,0.31629338201122387,23,25,1.0,29.0,0.78,0.10150943396226415,0.2576,191,2216,0.1,0.15,15
20,10,true,,0.1355780056092611,0.2877583658114959,0.17474031723068514,14,15,2.0,19.0,0.8048038917604134,0.594709638187899,0.318,192,2217,0.1,0.15,15
20,10,true,,0.08521231014974735,0.2434085064179051,0.17370248204383787,14,17,1.0,19.0,0.7176781002638523,0.5582359592913683,0.253,193,2218,0.1,0.15,15
20,10,false,,0.17183989399502547,0.13180935163748084,-0.04622344941577012,7,2,1.0,18.0,0.38077858880778587,0.2427007299270073,0.3092,194,2219,0.1,0.15,15
30,15,false,,0.17234449985372507,0.13330836427606962,-0.05866563111583807,11,1,1.0,28.0,0.3424657534246575,0.18306351183063513,0.2712,194,2219,0.1,0.15,15
40,20,false,,0.13971331200842815,0.1446313693776307,0.007413805197534332,30,37,3.0,38.0,0.5208784410763996,0.08969996906897618,0.2646,194,2219,0.1,0.15,15
50,25,false,,0.16294607685971696,0.13918946213827327,-0.033869322198100515,10,4,1.0,44.0,0.3596923076923077,0.10738461538461538,0.2232,194,2219,0.1,0.15,15
60,30,false,,0.14587149256255924,0.7326924451048228,0.589357488880408,56,56,51.0,59.0,0.985032074126871,0.0,0.163,194,2219,0.1,0.15,15
20,10,false,,0.11071599650399107,0.18282597331634476,0.09615739744112292,12,16,1.0,19.0,0.6453388372893016,0.4613003095975232,0.2878,195,2220,0.1,0.15,15
30,15,true,,0.12789443564204753,0.38164939243336343,0.27555534503621526,23,27,1.0,29.0,0.7789581905414668,0.10589444825222755,0.2804,195,2220,0.1,0.15,15
20,10,false,,0.11385015348653046,0.4676829557507159,0.36200558680622774,15,17,2.0,19.0,0.7729894808279606,0.6009501187648456,0.2978,196,2221,0.1,0.15,15
30,15,false,,0.12083648142410623,0.6491810009829743,0.5257575504767482,26,27,8.0,29.0,0.8415666901905434,0.08997882851093861,0.2394,196,2221,0.1,0.15,15
40,20,false,,0.14028616455373666,0.1422730919630726,0.00469126833255934,20,1,1.0,37.0,0.5072414954530144,0.08656113169417312,0.2636,196,2221,0.1,0.15,15
50,25,true,,0.13696235928902178,0.2320219421630462,0.1057062569888628,43,47,22.0,49.0,0.7540389053742169,0.0023079459281239697,0.2276,196,2221,0.1,0.15,15
20,10,false,,0.07709605667390379,0.6800133813810944,0.595704837479273,16,17,6.0,19.0,0.9228989976869699,0.7417116422513492,0.2738,197,2222,0.1,0.15,15
30,15,true,,0.10473799768458679,0.26820780653401594,0.1669209091314714,22,25,3.0,29.0,0.8057790782735919,0.17629846378931968,0.2942,197,2222,0.1,0.15,15
20,10,false,,0.07277413810864997,0.6134790365586029,0.5514088663584233,15,16,2.0,19.0,0.862370723945903,0.6157517899761337,0.2822,198,2223,0.1,0.15,15
30,15,true,,0.0984854475778526,0.17380041029274207,0.08637719114513281,16,24,2.0,28.0,0.7597286683327383,0.2067118886112103,0.2928,198,2223,0.1,0.15,15
20,10,true,,0.13530882042485207,0.25240998226867917,0.14597166065274253,14,16,2.0,19.0,0.710776788455634,0.6005526558182377,0.3104,199,2224,0.1,0.15,15
20,10,false,,0.11955550562076739,0.08408391500027082,-0.04518351159401902,7,1,1.0,19.0,0.4147963424771405,0.3420615128844555,0.2182,200,2225,0.1,0.15,15
30,15,false,,0.12407720505903096,0.1054105947811413,-0.012466554089200013,12,3,1.0,29.0,0.4665062174087445,0.10108303249097472,0.2636,200,2225,0.1,0.15,15
40,20,true,,0.11060917076524852,0.4451221176253906,0.33138230020529125,32,35,7.0,39.0,0.8269828926905132,0.09447900466562986,0.2786,200,2225,0.1,0.15,15
20,10,false,,0.2311186556631386,0.07842791232807567,-0.17141918106657084,4,2,1.0,18.0,0.23114869626497533,0.1434108527131783,0.259,201,2226,0.1,0.15,15
30,15,false,,0.19462211144860958,0.12420496199694588,-0.09298369847934788,6,1,1.0,25.0,0.3539518900343643,0.19896907216494844,0.2404,201,2226,0.1,0.15,15
40,20,false,,0.1588007524018936,0.1412309897660161,-0.024395216567370454,8,2,1.0,27.0,0.4396058486967578,0.1719643992371265,0.273,201,2226,0.1,0.15,15
50,25,true,,0.14334760271785943,0.31616227324666196,0.1838676642718949,43,46,9.0,49.0,0.8140373893079699,0.06493932436864545,0.2104,201,2226,0.1,0.15,15
20,10,false,,0.1024977963879346,0.14920207361153978,0.07247264105802091,13,16,1.0,19.0,0.5676618844513377,0.449398991857309,0.2454,202,2227,0.1,0.15,15
30,15,false,,0.1422324214444422,0.10339033448140016,-0.04052773541208354,7,1,1.0,27.0,0.3900493733383973,0.17242688947968096,0.271,202,2227,0.1,0.15,15
40,20,true,,0.11794534566380235,0.23118523736664762,0.1504725203812938,27,37,2.0,39.0,0.7763061074319353,0.159308314937454,0.2658,202,2227,0.1,0.15,15
20,10,false,,0.12306156163530099,0.1410454327282905,0.027412145175436525,11,14,1.0,19.0,0.5733755942947703,0.4380348652931854,0.3154,203,2228,0.1,0.15,15
30,15,false,,0.1264991788934029,0.11773987379905673,-0.011166189815288899,18,1,1.0,29.0,0.45987438939288205,0.1674808094905792,0.2738,203,2228,0.1,0.15,15
40,20,true,,0.1154515286595512,0.31133975898419036,0.20647173297696716,34,37,21.0,39.0,0.7636161541311597,0.009262689885142646,0.2654,203,2228,0.1,0.15,15
20,10,false,,0.13449334069515673,0.20684186959940204,0.08708765564429637,13,16,1.0,19.0,0.6402833384662766,0.5106251924853711,0.3152,204,2229,0.1,0.15,15
30,15,false,,0.16489233825574298,0.12769776082015138,-0.05445559556621162,7,2,1.0,28.0,0.37093690248565964,0.1462715105162524,0.2768,204,2229,0.1,0.15,15
40,20,false,,0.13923092144619767,0.3770602938524492,0.2386326127373503,35,37,18.0,39.0,0.8770174306003874,0.029696578437701744,0.2436,204,2229,0.1,0.15,15
50,25,false,,0.5006421679248336,0.13882958067583503,-0.3641046509923556,3,1,1.0,24.0,0.15071054599850411,0.035153328347045626,0.1694,204,2229,0.1,0.15,15
60,30,false,,0.15957161413847687,0.15649523582179978,-0.004440963629925826,12,3,1.0,57.0,0.4926751592356688,0.07643312101910828,0.1936,204,2229,0.1,0.15,15
20,10,true,,0.13599306283069906,0.27925332522453516,0.16764023194296743,14,17,1.0,19.0,0.7005225342913128,0.5359242325277597,0.2778,205,2230,0.1,0.15,15
20,10,false,,0.1329525107448412,0.2020685321565802,0.09766868275491547,14,15,2.0,19.0,0.6586733104951729,0.5935845530987232,0.2912,206,2231,0.1,0.15,15
30,15,false,,0.15200986958303625,0.7124341850133434,0.5624936137556575,26,27,4.0,29.0,0.9264511873350924,0.05408970976253298,0.2328,206,2231,0.1,0.15,15
40,20,false,,0.15215358412529245,0.2907076063362124,0.15480494811285317,34,36,1.0,39.0,0.6918831168831169,0.03831168831168831,0.2218,206,2231,0.1,0.15,15
50,25,false,,0.16392310064037807,0.1411505562341794,-0.04617489577958439,14,4,1.0,48.0,0.3591549295774648,0.0906307409675444,0.2108,206,2231,0.1,0.15,15
60,30,false,,0.15128272214623747,0.25155040662766043,0.10810622506050672,53,58,33.0,59.0,0.6631326949384405,0.0,0.1458,206,2231,0.1,0.15,15
20,10,false,,0.10744874748401848,0.10658779909314445,0.0011412586696590565,11,17,1.0,19.0,0.5010578279266573,0.4322990126939351,0.2914,207,2232,0.1,0.15,15
30,15,false,,0.11219129300277166,0.16880258175689736,0.06919466556628902,18,25,1.0,28.40000000000009,0.650261780104712,0.17521815008726002,0.2934,207,2232,0.1,0.15,15
40,20,false,,0.12737729618852073,0.13215671005897112,0.01208099883008263,16,15,1.0,37.0,0.5446366782006921,0.2685121107266436,0.2802,207,2232,0.1,0.15,15
50,25,true,,0.12386371095526363,0.43157956638587136,0.30221328075041376,44,46,33.0,49.0,0.9249271137026239,0.0,0.2348,207,2232,0.1,0.15,15
20,10,false,,0.1493508408014945,0.1357077891893553,-0.022421571735256114,10,1,1.0,19.0,0.479108635097493,0.39275766016713093,0.2388,208,2233,0.1,0.15,15
30,15,false,,0.14473419547791463,0.1679437497955873,0.03201888107000189,22,26,2.0,29.0,0.5847813061713601,0.17615338526063512,0.284,208,2233,0.1,0.15,15
40,20,false,,0.14297455589980174,0.14064478280718734,-0.00806368679198663,11,9,1.0,32.0,0.4678362573099415,0.22745460141582025,0.2648,208,2233,0.1,0.15,15
50,25,true,,0.14617597442621527,0.399005939306191,0.2683301398362824,42,46,26.0,49.0,0.9087366027931146,0.0022734654108476776,0.216,208,2233,0.1,0.15,15
20,10,false,,0.11595949921488552,0.2177195338267328,0.11125658866571188,14,16,2.0,19.0,0.6939961265332473,0.6410587475790833,0.2962,209,2234,0.1,0.15,15
30,15,true,,0.12270875953357727,0.2165261991158951,0.10809893416333231,22,26,3.0,29.0,0.7415621986499518,0.15814850530376084,0.2934,209,2234,0.1,0.15,15
20,10,true,,0.08019696870497586,0.26893075847406944,0.18350272837411727,13,14,2.0,19.0,0.7832167832167832,0.5844681634155319,0.2976,210,2235,0.1,0.15,15
20,10,false,,0.0959561942578823,0.11835604910815144,0.04050322764207441,11,15,1.0,19.0,0.5741430700447094,0.43107302533532044,0.2548,211,2236,0.1,0.15,15
30,15,false,,0.10598347705457863,0.12826278503509111,0.03239073265586706,13,3,1.0,29.0,0.5797812146359864,0.1810637495284798,0.2812,211,2236,0.1,0.15,15
40,20,false,,0.10397736119254326,0.11098452168771221,0.014280047732483592,20,28,2.0,38.0,0.5519728468392023,0.17819261773440814,0.2234,211,2236,0.1,0.15,15
50,25,false,,0.12338978266622365,0.11842463640474982,-0.011810174291027431,16,3,1.0,48.0,0.45747316267547483,0.14616019818331957,0.2728,211,2236,0.1,0.15,15
60,30,true,,0.11539691345519185,0.32074700235371945,0.2014395573896563,52,55,13.0,59.0,0.8182947019867549,0.027317880794701987,0.263,211,2236,0.1,0.15,15
20,10,true,,0.11080321839372766,0.19764579487586495,0.1094649597813701,13,16,1.0,19.0,0.7105093488072212,0.534816247582205,0.3128,212,2237,0.1,0.15,15
20,10,false,,0.05995470028348546,0.09988964642020481,0.04494300813977058,12,16,1.0,19.0,0.6579747935680139,0.45154280747501085,0.2012,213,2238,0.1,0.15,15
30,15,true,,0.10391320644742896,0.22934073887930262,0.14503319588958605,20,25,2.0,29.0,0.7612809315866085,0.2492721979621543,0.29,213,2238,0.1,0.15,15
20,10,true,,0.10848195189438685,0.2824225862265426,0.17541922521174835,13,16,1.0,19.0,0.7277141866111689,0.557058619493583,0.2838,214,2239,0.1,0.15,15
20,10,false,,0.08274902481659185,0.16496656570099652,0.08898617773963789,13,1,1.0,19.0,0.6208039784500622,0.4852880232076254,0.2296,215,2240,0.1,0.15,15
30,15,true,,0.10159591578083385,0.21398217463913244,0.12007218645344914,21,27,1.0,29.0,0.7458832335329342,0.2062125748502994,0.3074,215,2240,0.1,0.15,15
20,10,false,,0.06673763805053366,0.48419399064933916,0.4201600824833061,16,16,5.0,19.0,0.8996852871754524,0.7328874901652243,0.2414,216,2241,0.1,0.15,15
30,15,true,,0.10313083428665876,0.2111490699479229,0.12083979551173327,19,26,2.0,29.0,0.764,0.20727272727272728,0.2996,216,2241,0.1,0.15,15
20,10,false,,0.057699127010854695,0.6066511387892123,0.5531304845429498,15,15,1.0,19.0,0.8091468777484608,0.7185576077396658,0.1922,217,2242,0.1,0.15,15
30,15,false,,0.08097825840678438,0.44949382407007743,0.3539706083431443,26,26,16.0,29.0,0.8887841658812441,0.07351555136663525,0.2136,217,2242,0.1,0.15,15
40,20,false,,0.10645506489570193,0.14675957055770283,0.050421139439854254,31,36,3.0,39.0,0.621727237202032,0.0933958577569363,0.2698,217,2242,0.1,0.15,15
50,25,true,,0.11705034928361294,0.2886309834640532,0.1694872313708899,43,45,22.0,49.0,0.7864701436130007,0.009070294784580499,0.268,217,2242,0.1,0.15,15
20,10,false,,0.12004897292111151,0.16146304229511607,0.04824420974544835,12,18,1.0,19.0,0.6098159509202454,0.47607361963190187,0.3088,218,2243,0.1,0.15,15
30,15,true,,0.12474296940628431,0.36647353480173384,0.24439347829947033,22,26,3.0,29.0,0.8458333333333333,0.2128205128205128,0.2848,218,2243,0.1,0.15,15
20,10,false,,0.12157513830358965,0.06939018420841028,-0.05901289221347261,7,1,1.0,19.0,0.41919191919191917,0.36455463728191,0.1648,219,2244,0.1,0.15,15
30,15,false,,0.07165718116719869,0.08869292773450828,0.022348366076105762,14,3,1.0,28.0,0.5973045822102426,0.29595687331536386,0.1204,219,2244,0.1,0.15,15
40,20,true,,0.06569848286830288,0.2619096376824091,0.19207302867188963,30,34,13.0,39.0,0.8661645422943222,0.04171494785631518,0.0756,219,2244,0.1,0.15,15
20,10,true,,0.11216672537989553,0.25068841176195067,0.14559532756571772,13,15,2.0,19.0,0.834705702958219,0.5602317779810918,0.3358,220,2245,0.1,0.15,15
20,10,true,,0.09904451456497472,0.2743169798796452,0.18579770050099628,14,18,2.0,19.0,0.7998667998667999,0.5877455877455877,0.3192,221,2246,0.1,0.15,15
20,10,false,,0.10556642223078098,0.06831288473721693,-0.030585487808570365,7,2,1.0,18.0,0.403960396039604,0.2697029702970297,0.196,222,2247,0.1,0.15,15
30,15,true,,0.0999923823758844,0.2739466074565036,0.20262340576852295,19,28,1.0,29.0,0.7439771335238873,0.1800734993875051,0.2774,222,2247,0.1,0.15,15
20,10,false,,0.08091540379004743,0.6136349302932468,0.5232649751523466,16,16,3.0,19.0,0.9072048283666541,0.7710298000754432,0.28,223,2248,0.1,0.15,15
30,15,false,,0.12029967651856531,0.44810141007821885,0.34145545374862074,22,1,1.0,29.0,0.6364734299516909,0.0644122383252818,0.221,223,2248,0.1,0.15,15
40,20,false,,0.11876934086450909,0.13927358178661384,0.036789311728344015,16,12,2.0,38.0,0.6118969894813203,0.2005803409503083,0.2912,223,2248,0.1,0.15,15
50,25,false,,0.12210777507422411,0.15387553613832938,0.05114794666651268,18,10,2.0,47.0,0.6555195972671701,0.19273642574613448,0.274,223,2248,0.1,0.15,15
60,30,false,,0.1273561979141009,0.5977720275451759,0.46858662149302055,55,56,43.0,59.0,0.992584352984798,0.0,0.2042,223,2248,0.1,0.15,15
20,10,false,,0.11400225366960963,0.19950826075043562,0.11158066821628769,14,17,1.0,19.0,0.6258086482805584,0.5097037793667007,0.2802,224,2249,0.1,0.15,15
30,15,false,,0.11372158361737945,0.184783178273805,0.08782505536339619,20,26,1.0,29.0,0.6673699015471167,0.17616033755274263,0.2934,224,2249,0.1,0.15,15
40,20,false,,0.12714573003923715,0.14673360633103863,0.05111097251950224,18,36,2.0,38.0,0.5771428571428572,0.0860952380952381,0.2654,224,2249,0.1,0.15,15
50,25,false,,0.11985739198060176,0.18309510690284653,0.08687180034742899,28,47,4.0,48.0,0.6832229580573952,0.12251655629139073,0.2546,224,2249,0.1,0.15,15
60,30,false,,0.14874830824529872,0.11893073881984982,-0.02881609162294657,7,2,1.0,21.0,0.37640683618174237,0.23092955398082535,0.2024,224,2249,0.1,0.15,15
20,10,true,,0.08912606843424933,0.29382583668715867,0.21105799548573875,14,16,1.0,19.0,0.7266134880348079,0.5638143582306019,0.2942,225,2250,0.1,0.15,15
20,10,true,,0.1416164052517261,0.3668251915244193,0.2361630583294046,14,17,2.0,19.0,0.7394578313253012,0.5942771084337349,0.308,226,2251,0.1,0.15,15
20,10,false,,0.1584307134278249,0.10631085909489404,-0.05969573601255289,7,3,1.0,18.0,0.38143322475570035,0.29739413680781757,0.291,227,2252,0.1,0.15,15
30,15,false,,0.17488305907933327,0.1109979024031029,-0.10249098753639141,12,1,1.0,29.0,0.3251285819250551,0.13482733284349743,0.23,227,2252,0.1,0.15,15
40,20,true,,0.12593290111055672,0.2545227574635225,0.13313854895874766,34,36,21.0,39.0,0.7128240109140518,0.002728512960436562,0.2532,227,2252,0.1,0.15,15
20,10,false,,0.11685747907905354,0.1687984148849287,0.06132147794814426,11,13,2.0,19.0,0.6655311241870548,0.4475069681015794,0.32,228,2253,0.1,0.15,15
30,15,false,,0.27188351953649315,0.10971741784745269,-0.1716186507171329,4,1,1.0,29.0,0.33900928792569657,0.04992260061919505,0.2282,228,2253,0.1,0.15,15
40,20,false,,0.12049840710310046,0.19544977774834352,0.09813365227718013,30,36,2.0,39.0,0.6701856570804514,0.09246450673461959,0.2692,228,2253,0.1,0.15,15
50,25,false,,0.14319514644518155,0.11848187725935076,-0.03301059437432735,8,4,1.0,45.0,0.3763756419662509,0.13536316947909025,0.226,228,2253,0.1,0.15,15
60,30,false,,0.12623200832565248,0.345284347403451,0.22741105590476096,55,55,45.89999999999999,59.0,0.7993932499051953,0.0,0.1788,228,2253,0.1,0.15,15
20,10,false,,0.12036075376616667,0.14589103313381852,0.034597925872133097,10,17,1.0,19.0,0.5784855378615534,0.39226519337016574,0.3118,229,2254,0.1,0.15,15
30,15,true,,0.1123346208890579,0.28570882203541775,0.17630482511078538,23,26,4.0,29.0,0.8251892635925671,0.14246386785960083,0.2954,229,2254,0.1,0.15,15
20,10,false,,0.1820958272839255,0.11354033846122226,-0.08846032541693974,7,4,1.0,18.0,0.33807716635041113,0.28874130297280204,0.3098,230,2255,0.1,0.15,15
30,15,true,,0.11842214418758754,0.3758133227255959,0.27365463480347774,23,26,3.0,29.0,0.7296522050914306,0.16995338831122267,0.2732,230,2255,0.1,0.15,15
20,10,false,,0.12700338902222064,0.3340640700842294,0.2265512962670975,15,16,2.0,19.0,0.786783042394015,0.7110349127182045,0.3158,231,2256,0.1,0.15,15
30,15,false,,0.143547906101624,0.1624755353111463,0.044674053015914594,15,2,1.0,29.0,0.5843489416292496,0.1177036561898653,0.274,231,2256,0.1,0.15,15
40,20,true,,0.14008784935226593,0.24528301405705885,0.10667636701820318,34,35,19.775000000000006,39.0,0.737146529562982,0.012532133676092546,0.244,231,2256,0.1,0.15,15
20,10,false,,0.15323324480037928,0.08986765580230247,-0.06955050103060004,5,1,1.0,19.0,0.37937668333974606,0.28818776452481726,0.2242,232,2257,0.1,0.15,15
30,15,false,,0.08882713031513643,0.49287896229754474,0.3918215867728603,25,26,17.0,29.0,0.8384424192212097,0.0463960231980116,0.237,232,2257,0.1,0.15,15
40,20,false,,0.1136649993442503,0.17411439092094536,0.076895020150273,27,34,3.0,39.0,0.676051051051051,0.14752252252252251,0.2944,232,2257,0.1,0.15,15
50,25,true,,0.11823615717122092,0.33698011597179856,0.2251690225231159,43,46,4.0,49.0,0.7806576402321083,0.06847195357833656,0.2632,232,2257,0.1,0.15,15
20,10,false,,0.06849340248225055,0.27279145380080067,0.20715804832845425,15,16,3.0,19.0,0.7999212288302481,0.677432059866089,0.2418,233,2258,0.1,0.15,15
30,15,false,,0.07728293636136874,0.10200598769400823,0.027000117293560732,19,20,2.0,29.0,0.6242038216560509,0.233219010289074,0.1548,233,2258,0.1,0.15,15
40,20,false,,0.11061396395948075,0.2104596195174641,0.12568585774824087,30,36,3.0,39.0,0.6925133689839572,0.11382734912146678,0.2944,233,2258,0.1,0.15,15
50,25,false,,0.12125216185649608,0.12733907409092998,0.018304690752230644,31,3,2.0,48.0,0.5508209538702111,0.07349491790461297,0.2592,233,2258,0.1,0.15,15
60,30,true,,0.11785108162436594,0.22989788654771617,0.11739724709230799,50,56,35.0,59.0,0.7780364765230888,0.0,0.2144,233,2258,0.1,0.15,15
20,10,false,,0.10087108834146849,0.12185443389548863,0.027059431103129545,13,15,2.0,19.0,0.5700136612021858,0.5409836065573771,0.2912,234,2259,0.1,0.15,15
30,15,false,,0.10292712913878667,0.12414608908379476,0.03365384567593155,18,22,2.0,29.0,0.6009852216748769,0.17127699886320577,0.3024,234,2259,0.1,0.15,15
40,20,false,,0.1173405865615522,0.1546177994330659,0.05486619621152643,16,10,2.0,37.0,0.6720356408498972,0.22686771761480465,0.2986,234,2259,0.1,0.15,15
50,25,true,,0.12259782043883248,0.21544173562634616,0.09598265928391739,40,46,12.0,48.19999999999982,0.7726791387222026,0.09106953759265796,0.2418,234,2259,0.1,0.15,15
20,10,false,,0.08073302155523468,0.1566382005041456,0.08362238658120422,14,16,2.0,19.0,0.6814456035767511,0.5890461997019374,0.2886,235,2260,0.1,0.15,15
30,15,false,,0.08841743774154803,0.19296753724364926,0.10867086854977095,19,24,1.0,29.0,0.6792770071458596,0.13324926439680537,0.2258,235,2260,0.1,0.15,15
40,20,false,,0.09672164771143418,0.1309675148200546,0.039434982886310865,28,35,2.0,38.0,0.6059618071727992,0.07312529110386586,0.1656,235,2260,0.1,0.15,15
50,25,true,,0.09518624163932266,0.22459541796438712,0.13054291623458866,40,45,21.0,49.0,0.7364117364117364,0.006253006253006253,0.1394,235,2260,0.1,0.15,15
20,10,false,,0.09972180372753041,0.14110617709324708,0.06560094584177434,13,17,1.0,19.0,0.5811823480432973,0.5,0.2268,236,2261,0.1,0.15,15
30,15,true,,0.07744204137340004,0.26698725027018616,0.22019140624614697,22,26,3.0,29.0,0.7104283054003724,0.1857541899441341,0.1738,236,2261,0.1,0.15,15
20,10,false,,0.08944401782441994,0.47174004100642825,0.39155268426388345,15,16,2.0,19.0,0.7981220657276995,0.6579992777175876,0.2846,237,2262,0.1,0.15,15
30,15,false,,0.12395374782204488,0.10003797913325464,-0.03820150506888118,13,2,1.0,28.0,0.4046797084771768,0.19140774836977367,0.2666,237,2262,0.1,0.15,15
40,20,false,,0.15451356435248784,0.11599028977684045,-0.05050805229057993,8,1,1.0,38.0,0.41420361247947457,0.1444991789819376,0.2246,237,2262,0.1,0.15,15
50,25,false,,0.13199705234738668,0.1353649258029849,0.004154712879873845,16,2,1.0,48.0,0.5179198875614898,0.15038650737877723,0.244,237,2262,0.1,0.15,15
60,30,true,,0.13598557452008248,0.47903549407346346,0.342562486876833,54,56,1.0,59.0,0.7656727828746177,0.014908256880733946,0.15,237,2262,0.1,0.15,15
20,10,true,,0.0876742762382663,0.23378765910333876,0.15199046120251491,13,15,1.0,19.0,0.7031638819765375,0.5172413793103449,0.3012,238,2263,0.1,0.15,15
20,10,false,,0.513498739389885,0.1009354566850569,-0.43252570514216404,2,1,1.0,18.0,0.3006586594343278,0.18519953506392872,0.2016,239,2264,0.1,0.15,15
30,15,false,,0.12032501096844474,0.12191081576650534,0.00041398088661552535,10,1,1.0,27.0,0.5014357501794687,0.16870064608758076,0.2816,239,2264,0.1,0.15,15
40,20,true,,0.12090265682328853,0.508512358451367,0.39752742608016955,34,36,7.0,39.0,0.8935935198821797,0.05743740795287187,0.2688,239,2264,0.1,0.15,15
20,10,false,,0.13977002059660806,0.12772997209739295,-0.0014599059785544155,11,17,1.0,19.0,0.4961071317346621,0.42354406726876365,0.318,240,2265,0.1,0.15,15
30,15,true,,0.12911356589521228,0.22930370711646753,0.12226124571728086,21,25,2.0,29.0,0.7029401824940859,0.15579587698546807,0.273,240,2265,0.1,0.15,15
20,10,false,,0.13329035214096754,0.15798340736364602,0.04360577091986878,11,16,1.0,19.0,0.6083638583638583,0.42277167277167277,0.3144,241,2266,0.1,0.15,15
30,15,false,,0.14202829708072617,0.15015998949637732,0.025860357034501527,16,1,1.0,29.0,0.5407407407407407,0.12794612794612795,0.2722,241,2266,0.1,0.15,15
40,20,false,,0.1289103558837861,0.1546078888789536,0.03883921557401946,27,34,3.0,38.0,0.6398847631241997,0.1437259923175416,0.2712,241,2266,0.1,0.15,15
50,25,true,,0.13669362318610753,0.26273669288895185,0.13714194742869806,42,45,18.0,49.0,0.780387178673437,0.026975563313233895,0.22,241,2266,0.1,0.15,15
20,10,false,,0.09077196148602303,0.48962819617159004,0.4012527508383553,15,16,2.0,19.0,0.8577586206896551,0.6447557471264368,0.2868,242,2267,0.1,0.15,15
30,15,false,,0.09905608602419787,0.1065211499513049,0.006727322484604073,16,2,1.0,28.0,0.5146103896103896,0.174512987012987,0.2392,242,2267,0.1,0.15,15
40,20,false,,0.12778971342612364,0.10536468170244087,-0.01927543482683103,14,3,1.0,37.0,0.4433030422757803,0.1999209798498617,0.2694,242,2267,0.1,0.15,15
50,25,true,,0.11534055681485886,0.31132398368618425,0.18977008456399025,41,46,2.0,49.0,0.7475422729060165,0.06999606763664963,0.2616,242,2267,0.1,0.15,15
20,10,false,,0.17648532367789765,0.09764893544035186,-0.09736070726971452,6,1,1.0,19.0,0.3048694424841214,0.26605504587155965,0.2584,243,2268,0.1,0.15,15
30,15,false,,0.11115366049028876,0.20276998227850218,0.1084007578757201,21,26,2.0,29.0,0.6708860759493671,0.1532671912418748,0.2938,243,2268,0.1,0.15,15
40,20,false,,0.11469678106524635,0.28195781170837514,0.16813212991861032,35,36,17.0,39.0,0.7799043062200957,0.032756716967243284,0.2522,243,2268,0.1,0.15,15
50,25,false,,0.17640130761192502,0.10779163649027651,-0.07068138880873892,6,2,1.0,37.0,0.2785515320334262,0.14842817349781137,0.2338,243,2268,0.1,0.15,15
60,30,false,,0.12090481727888616,0.14361179192741672,0.030306298797830505,42,54,3.0,59.0,0.5942028985507246,0.04462242562929062,0.2302,243,2268,0.1,0.15,15
20,10,false,,0.10493654288673362,0.5002538682579178,0.39339378781365675,15,16,2.0,19.0,0.8177189409368636,0.6520706042090971,0.2936,244,2269,0.1,0.15,15
30,15,true,,0.10986975644217813,0.2704070590885958,0.1593945328828359,24,26,5.0,29.0,0.7576503693281744,0.1698909602532536,0.2872,244,2269,0.1,0.15,15
20,10,false,,0.1510861499719276,0.08928328067648211,-0.07490448658828389,8,1,1.0,19.0,0.3465643762508339,0.32121414276184124,0.2372,245,2270,0.1,0.15,15
30,15,true,,0.13111071631568363,0.21751337752809555,0.10199416641215617,20,24,2.0,29.0,0.7179407176287051,0.21310452418096723,0.291,245,2270,0.1,0.15,15
20,10,false,,0.1082674000307654,0.3535513266457896,0.25981441336222194,15,16,2.0,19.0,0.7702307442313943,0.6522586935326616,0.3046,246,2271,0.1,0.15,15
30,15,true,,0.12465091577696936,0.22791137537927694,0.11494437940953099,20,26,2.0,29.0,0.7172050098879367,0.13447593935398813,0.2934,246,2271,0.1,0.15,15
20,10,false,,0.09353329426578737,0.15318183410534408,0.06358241631056843,11,16,1.0,19.0,0.6724738675958188,0.4369337979094077,0.3014,247,2272,0.1,0.15,15
30,15,true,,0.10442012715396191,0.43249149968156364,0.32410940677972455,24,25,14.0,29.0,0.9350036310820624,0.11038489469862019,0.2948,247,2272,0.1,0.15,15
20,10,false,,0.07742590742706598,0.35735730574966024,0.276272978530015,16,16,3.0,19.0,0.8573021181716833,0.7985878855444073,0.267,248,2273,0.1,0.15,15
30,15,false,,0.11606597740648975,0.12193150177535374,0.014150560105824356,13,8,1.0999999999999943,28.0,0.5435804701627487,0.19602169981916817,0.2848,248,2273,0.1,0.15,15
40,20,false,,0.11939496696718062,0.1357934022182085,0.031600193755487394,22,3,1.0,39.0,0.5571041424699962,0.10994967092528068,0.27,248,2273,0.1,0.15,15
50,25,false,,0.14209519306706703,0.119190540915338,-0.025654701455929296,10,1,1.0,48.0,0.44936204146730463,0.08054226475279107,0.2274,248,2273,0.1,0.15,15
60,30,false,,0.2344047790416018,0.11994604182034627,-0.12090720994239187,4,1,1.0,14.0,0.2524190155658393,0.08329827513672697,0.1506,248,2273,0.1,0.15,15
20,10,false,,0.10266524783665687,0.18047354840647029,0.09195922807064905,13,17,1.0,19.0,0.6819397993311037,0.5381270903010034,0.3094,249,2274,0.1,0.15,15
30,15,false,,0.10320717368044048,0.6126569968193418,0.5078333826070337,25,26,3.0,29.0,0.8961538461538462,0.07807692307692307,0.2794,249,2274,0.1,0.15,15
40,20,true,,0.10833094864218469,0.2743336490313882,0.16595294296581595,33,37,11.0,39.0,0.8268219383921863,0.06273478587528174,0.287,249,2274,0.1,0.15,15
20,10,false,,0.12974535754125938,0.16544006319489385,0.0429753209455018,13,1,1.0,19.0,0.5597173144876325,0.5014134275618375,0.2584,250,2275,0.1,0.15,15
30,15,false,,0.11646755373515565,0.19747612085539495,0.11545690185707774,17,26,2.0,29.0,0.6788575409265064,0.16300940438871472,0.2874,250,2275,0.1,0.15,15
40,20,false,,0.14717984876163379,0.11319408111997825,-0.04221811514037996,7,1,1.0,37.0,0.37371134020618557,0.12297496318114874,0.2568,250,2275,0.1,0.15,15
50,25,false,,0.12814155656694404,0.15200178883828888,0.04644556329848984,35,47,4.0,48.0,0.6421952957947256,0.09800427655024947,0.2512,250,2275,0.1,0.15,15
60,30,false,,0.12881340610998804,0.3791324324693836,0.2539507925791218,55,55,34.0,59.0,0.8264342774146696,0.0,0.204,250,2275,0.1,0.15,15
20,10,false,,0.18065867123697318,0.10886550515483706,-0.10141968003631956,6,1,1.0,19.0,0.2917222963951936,0.24566088117489987,0.2744,251,2276,0.1,0.15,15
30,15,false,,0.12789014461790585,0.16050767485034786,0.044298120545818234,22,25,3.0,29.0,0.6184990125082291,0.2011191573403555,0.2696,251,2276,0.1,0.15,15
40,20,true,,0.12954577490555555,0.5871324615789328,0.458269551288247,34,35,18.0,39.0,0.8793969849246231,0.02948073701842546,0.2524,251,2276,0.1,0.15,15
20,10,false,,0.16363962243018362,0.08775904903334397,-0.09514176740241508,4,1,1.0,19.0,0.33066666666666666,0.17447619047619048,0.2472,252,2277,0.1,0.15,15
30,15,false,,0.12085860584418592,0.2192522751747614,0.10577314357626047,21,25,1.0,29.0,0.6647461289160965,0.12747569319409435,0.2822,252,2277,0.1,0.15,15
40,20,false,,0.12517647840834153,0.15734631796262372,0.03994556472296246,29,37,2.0,38.0,0.6185951815405497,0.1377672209026128,0.2522,252,2277,0.1,0.15,15
50,25,false,,0.1481817911657025,0.13318485842706929,-0.018459302966944355,13,3,1.0,33.375,0.4253224711473184,0.19042769857433808,0.2342,252,2277,0.1,0.15,15
60,30,true,,0.13614565455577926,0.37180022050170364,0.2395476653035142,52,54,35.0,59.0,0.876775685497192,0.0,0.1978,252,2277,0.1,0.15,15
20,10,false,,0.15589116138561523,0.2705301916138669,0.13127257120090888,13,16,1.0,19.0,0.6176848874598071,0.49485530546623796,0.294,253,2278,0.1,0.15,15
30,15,false,,0.14988026929977682,0.18967797151654964,0.06280445634689774,24,26,2.0,29.0,0.6430348258706468,0.10665422885572139,0.2668,253,2278,0.1,0.15,15
40,20,false,,0.1547446792952512,0.16628617829176218,0.024223162207817464,18,36,1.0,38.0,0.557910447761194,0.18507462686567164,0.2434,253,2278,0.1,0.15,15
50,25,false,,0.16255617458351965,0.1596086639458488,-0.010227055762921183,17,4,1.0,46.0,0.455079271873165,0.10833822665883734,0.2288,253,2278,0.1,0.15,15
60,30,false,,0.16765768361720967,0.16154031862064588,-0.0018376261634757973,13,2,1.0,58.0,0.4873871068203052,0.04796013702896294,0.191,253,2278,0.1,0.15,15
20,10,false,,0.07830613519259062,0.2907603383146158,0.2089966018291745,15,17,1.0,19.0,0.7876494023904382,0.5828685258964144,0.2534,254,2279,0.1,0.15,15
30,15,false,,0.10240011931821759,0.6356320222772999,0.5190684285630282,25,26,5.0,29.0,0.8735029940119761,0.08645209580838323,0.2832,254,2279,0.1,0.15,15
40,20,false,,0.12235328861298289,0.14134455056713252,0.02824384471570962,21,33,3.0,38.0,0.6022192333557498,0.17451244115669132,0.2784,254,2279,0.1,0.15,15
50,25,false,,0.34746622135980054,0.11593028580561227,-0.23686920736124367,3,1,1.0,13.0,0.12459016393442623,0.05450819672131148,0.1832,254,2279,0.1,0.15,15
60,30,false,,0.12794718056675364,0.42250216964766135,0.2964790852538811,55,56,40.0,59.0,0.8565708045140152,0.0,0.184,254,2279,0.1,0.15,15
20,10,false,,0.05294973422595551,0.15943341660119717,0.10327706177673086,12,11,2.0,19.0,0.6970397779833487,0.5272895467160037,0.1528,255,2280,0.1,0.15,15
30,15,false,,0.05153285106302217,0.5052257339795876,0.46011092473671356,26,26,12.0,29.0,0.8743424897720631,0.061367621274108705,0.068,255,2280,0.1,0.15,15
40,20,false,,0.3500339004159384,0.05850678050096484,-0.28242710581810626,2,1,1.0,15.0,0.14556962025316456,0.06724683544303797,0.04,255,2280,0.1,0.15,15
50,25,false,,0.7744694683531743,0.04526444226964228,-0.7345508861413867,1,1,1.0,3.0,0.0,0.0,0.014,255,2280,0.1,0.15,15
60,30,false,,0.05443692540280142,0.6811407272088266,0.6267038018060251,56,58,48.0,59.0,1.0,0.0,0.012,255,2280,0.1,0.15,15
20,10,false,,0.09655785340593331,0.6198644173730689,0.5137264776468781,15,17,3.0,19.0,0.8761339846475925,0.6964410327983251,0.2928,256,2281,0.1,0.15,15
30,15,false,,0.11270266169584127,0.09671936457355905,-0.027076068268920173,12,4,1.0,28.0,0.40919037199124725,0.2224653537563822,0.2996,256,2281,0.1,0.15,15
40,20,false,,0.2420200416034084,0.12292040512545126,-0.14441177703045482,6,1,1.0,39.0,0.39373776908023483,0.04853228962818004,0.2338,256,2281,0.1,0.15,15
50,25,true,,0.12355544982956727,0.4584798576414152,0.3376018983655922,42,46,17.0,49.0,0.8601955813111192,0.021369069177834116,0.258,256,2281,0.1,0.15,15
20,10,true,,0.10510797197435695,0.2596037045108538,0.1674675061109236,14,16,2.0,19.0,0.7976501305483029,0.5949738903394256,0.304,257,2282,0.1,0.15,15
20,10,false,,0.09816760924528657,0.38930473276620614,0.2965518236003548,15,17,3.0,19.0,0.8366336633663366,0.6729372937293729,0.3036,258,2283,0.1,0.15,15
30,15,true,,0.12400392794500205,0.3450516247935893,0.22907326532761976,24,26,14.0,29.0,0.826792085630879,0.11222834901070386,0.2796,258,2283,0.1,0.15,15
20,10,false,,0.12248665436229066,0.22109428319088653,0.11484186821324706,14,16,1.0,19.0,0.6825767690253671,0.5420560747663551,0.29,259,2284,0.1,0.15,15
30,15,false,,0.11632523543598945,0.1789145141286391,0.07808630795248447,20,25,2.0,29.0,0.6717791411042945,0.1956373551465576,0.276,259,2284,0.1,0.15,15
40,20,false,,0.1273261891481596,0.5049743081169159,0.3702209697291982,35,36,4.0,39.0,0.8048433048433048,0.019586894586894586,0.2384,259,2284,0.1,0.15,15
50,25,true,,0.13089507207387607,0.25372852262980505,0.12482671401546389,42,44,26.0,49.0,0.7811158798283262,0.003301419610432486,0.2232,259,2284,0.1,0.15,15
20,10,true,,0.09794263416602712,0.19805215709837604,0.11872316354262698,13,15,1.0,19.0,0.7180086869361845,0.549615770130304,0.2986,260,2285,0.1,0.15,15
20,10,false,,0.11682090986030248,0.16827331982872912,0.06321519575346701,12,17,2.0,19.0,0.6499526963103122,0.48975086723431094,0.3158,261,2286,0.1,0.15,15
30,15,false,,0.11928614844887428,0.15650314000726395,0.05279896731724204,17,27,1.0,29.0,0.620774647887324,0.21725352112676055,0.281,261,2286,0.1,0.15,15
40,20,true,,0.1161696259172058,0.19839027919281688,0.08978123170943868,33,36,8.724999999999994,39.0,0.7200716845878136,0.05448028673835126,0.2658,261,2286,0.1,0.15,15
20,10,false,,0.08333238876108523,0.3733320140321532,0.29864870804629945,15,16,2.0,19.0,0.8008982035928144,0.6268712574850299,0.2926,262,2287,0.1,0.15,15
30,15,false,,0.10467859801442617,0.12391740373819786,0.026010701852379664,14,5,2.0,29.0,0.5956077243468383,0.2082544490723211,0.3012,262,2287,0.1,0.15,15
40,20,false,,0.1151468541242869,0.1867222375695049,0.10701660735515126,27,36,1.0,39.0,0.6869158878504673,0.0689252336448598,0.2776,262,2287,0.1,0.15,15
50,25,false,,0.13313410357794758,0.1254270571379212,0.0014881202406458183,12,7,1.0,47.0,0.5075841657417685,0.11838697743248243,0.2714,262,2287,0.1,0.15,15
60,30,false,,0.248106795819236,0.11102648550449626,-0.1416781353275427,4,1,1.0,23.0,0.2126736111111111,0.08723958333333333,0.1572,262,2287,0.1,0.15,15
20,10,false,,0.516598857253135,0.045971463240534,-0.46365589525396134,2,1,1.0,12.0,0.06034912718204489,0.026932668329177057,0.1318,263,2288,0.1,0.15,15
30,15,true,,0.10227649057685886,0.16900848251194628,0.08227324534375872,21,26,2.0,29.0,0.7075867327487609,0.19100266869996188,0.275,263,2288,0.1,0.15,15
20,10,false,,0.10330361711609767,0.5665260329408988,0.4523875697440757,15,15,3.0,19.0,0.8828478964401294,0.7210355987055016,0.306,264,2289,0.1,0.15,15
30,15,false,,0.14779664810329898,0.14499274560016862,-0.0023603535110794382,10,4,1.0,28.0,0.49386985224772084,0.21974221942785288,0.2838,264,2289,0.1,0.15,15
40,20,false,,0.15032292270082848,0.13909076568064452,-0.01433164817659649,20,2,1.0,38.0,0.44570901261150414,0.10550599815441403,0.2476,264,2289,0.1,0.15,15
50,25,true,,0.14513301183688906,0.3515530871046298,0.20872238298695267,44,46,30.0,49.0,0.8062360801781737,0.0,0.218,264,2289,0.1,0.15,15
20,10,false,,0.10976487800712975,0.13266345358793977,0.019548206983899863,11,16,1.0,19.0,0.5396557543030712,0.43806952413094835,0.296,265,2290,0.1,0.15,15
30,15,false,,0.13481187125027017,0.14091408407536826,0.018829113518761008,12,1,1.0,29.0,0.5283478260869565,0.13182608695652173,0.2666,265,2290,0.1,0.15,15
40,20,true,,0.1368464560671835,0.27780211899608775,0.1476653606203244,33,37,2.0,39.0,0.7804303967720242,0.05043712172158709,0.2398,265,2290,0.1,0.15,15
20,10,false,,0.16077119938283246,0.4454755705445575,0.3054008395388603,15,17,2.0,19.0,0.7204169221336604,0.6198651134273452,0.3,266,2291,0.1,0.15,15
30,15,false,,0.13987611529605212,0.15761183367833304,0.03900774610239273,21,26,3.0,29.0,0.5736284889316651,0.16233557908245108,0.2868,266,2291,0.1,0.15,15
40,20,false,,0.14088603594919233,0.16222731544883132,0.02664495190318622,31,35,4.0,39.0,0.5790653008962868,0.11875800256081946,0.2482,266,2291,0.1,0.15,15
50,25,true,,0.13831365938673,0.24021757111320435,0.1142844259586395,42,44,23.0,49.0,0.7472107108702583,0.007013069811922219,0.2194,266,2291,0.1,0.15,15
20,10,false,,0.0877102247676555,0.41880982136012906,0.33861646672638557,15,16,1.0,19.0,0.7696946852619676,0.6558612891066717,0.2704,267,2292,0.1,0.15,15
30,15,false,,0.0864879809707917,0.14682533501532447,0.06741553279049545,22,26,3.0,29.0,0.6604460628129267,0.10696404187528448,0.2014,267,2292,0.1,0.15,15
40,20,false,,0.12201340075319286,0.11407691401266754,-0.012835095080788783,17,3,1.0,37.0,0.4647713226205192,0.14874330449114131,0.272,267,2292,0.1,0.15,15
50,25,false,,0.1452792869163489,0.11093495400870693,-0.04544576850804805,9,2,1.0,46.0,0.3668300653594771,0.09681372549019608,0.2682,267,2292,0.1,0.15,15
60,30,true,,0.11706015037034728,0.6287337793964107,0.49624936371106654,53,55,37.0,59.0,0.9099041533546326,0.0,0.13,267,2292,0.1,0.15,15
20,10,false,,0.0946927824439272,0.28616748282907706,0.1945992607871289,15,16,1.0,19.0,0.7594012413289521,0.6871120847024461,0.2844,268,2293,0.1,0.15,15
30,15,false,,0.10467476321830778,0.16331506492436507,0.07361019469093502,19,25,2.0,29.0,0.6810344827586207,0.23132183908045978,0.2978,268,2293,0.1,0.15,15
40,20,false,,0.12370622087332461,0.14199076647390307,0.036503177796773215,23,1,1.0,38.0,0.5587076438140268,0.08274231678486997,0.2684,268,2293,0.1,0.15,15
50,25,true,,0.11576532151056382,0.27677446246908155,0.16178312195273462,43,48,27.0,49.0,0.8161189358372457,0.0,0.2524,268,2293,0.1,0.15,15
20,10,false,,0.08496600521587376,0.22343846718427085,0.14690946178015474,15,16,1.0,19.0,0.7608930500540151,0.6290961469211379,0.285,269,2294,0.1,0.15,15
30,15,false,,0.1649974353851809,0.11332442171233434,-0.04949828599015388,6,2,1.0,27.0,0.404178674351585,0.14985590778097982,0.2772,269,2294,0.1,0.15,15
40,20,true,,0.11707625835223234,0.26140971031586835,0.15591963780972748,32,37,2.0,39.0,0.7198806415516599,0.08168593808280493,0.268,269,2294,0.1,0.15,15
20,10,false,,0.10884880044648684,0.6226756576297068,0.510922599070215,16,16,10.0,19.0,0.9768471229145387,0.8495062989445011,0.28,270,2295,0.1,0.15,15
30,15,false,,0.5331094678290693,0.130458233000413,-0.4125603368015455,3,1,1.0,29.0,0.3395918367346939,0.05102040816326531,0.2026,270,2295,0.1,0.15,15
40,20,false,,0.16216745838373228,0.14003472609164647,-0.024791676034094504,7,1,1.0,35.0,0.40926766040181467,0.161049902786779,0.2468,270,2295,0.1,0.15,15
50,25,false,,0.16928629720091837,0.14246846359417165,-0.042703227716795036,7,1,1.0,47.0,0.41446028513238287,0.08520027155465038,0.1994,270,2295,0.1,0.15,15
60,30,false,,0.14542894012682164,0.3620301269829278,0.22239007930923516,56,56,47.0,59.0,0.7458256029684601,0.0,0.1446,270,2295,0.1,0.15,15
20,10,false,,0.12916888215946046,0.1405082238167943,0.01994317979193179,9,1,1.0,18.0,0.5388064849948258,0.3439116936874784,0.269,271,2296,0.1,0.15,15
30,15,false,,0.13884946809326773,0.429638919577774,0.3159641795942359,25,26,5.0,29.0,0.8503225806451613,0.08741935483870968,0.2816,271,2296,0.1,0.15,15
40,20,true,,0.1441615392873929,0.21043364648113475,0.09682650536444556,33,36,2.0,39.0,0.7018158649251354,0.1083147499203568,0.2368,271,2296,0.1,0.15,15
20,10,false,,0.058792301556375354,0.5373157959015331,0.4947832977840286,15,17,2.0,19.0,0.8225128444652032,0.6646426903316207,0.1868,272,2297,0.1,0.15,15
30,15,false,,0.2681887262531282,0.05277416536081677,-0.21873488859817092,3,2,1.0,14.0,0.1767189384800965,0.07237635705669482,0.079,272,2297,0.1,0.15,15
40,20,true,,0.06432541557665053,0.4373518800831221,0.3655808551314745,34,36,30.0,39.0,0.906764168190128,0.0,0.0666,272,2297,0.1,0.15,15
20,10,true,,0.09545788192492642,0.34990161768323774,0.2594502030649643,14,16,2.0,19.0,0.7817418677859391,0.6239944036376356,0.2972,273,2298,0.1,0.15,15
20,10,false,,0.18926694730666158,0.21894237464097543,0.06354979599143773,13,17,1.0,19.0,0.5652962515114873,0.529322853688029,0.3022,274,2299,0.1,0.15,15
30,15,false,,0.1789617884174629,0.1474854978716216,-0.049699243847607544,14,19,1.0,29.0,0.35493037794828075,0.2557544757033248,0.286,274,2299,0.1,0.15,15
40,20,false,,0.17572842144112705,0.1588913886253251,-0.014241005957908504,15,5,2.0,38.0,0.45244290257299796,0.10291991905174906,0.255,274,2299,0.1,0.15,15
50,25,false,,0.16662359492132917,0.3617462528199974,0.20547852393707308,44,46,2.0,49.0,0.6992199687987519,0.090795631825273,0.214,274,2299,0.1,0.15,15
60,30,false,,0.16087176867724906,0.700277676751134,0.5407358255734063,55,57,45.0,59.0,0.9551901998710509,0.0,0.1944,274,2299,0.1,0.15,15
20,10,false,,0.12734649800160922,0.15444288224677608,0.04214050773079061,11,14,1.0,19.0,0.5833878351863964,0.39633747547416615,0.3022,275,2300,0.1,0.15,15
30,15,true,,0.14785258926221684,0.29356153066308,0.1552139395973937,23,26,2.0,29.0,0.7085488287191969,0.1329479768786127,0.2836,275,2300,0.1,0.15,15
20,10,true,,0.09067676569556161,0.39895112081617673,0.3049923549509995,14,16,2.0,19.0,0.8800675675675675,0.6016891891891892,0.307,276,2301,0.1,0.15,15
20,10,false,,0.11669298013712699,0.49834853739451274,0.39082007047629713,15,16,1.0,19.0,0.7410458452722063,0.6031518624641834,0.2296,277,2302,0.1,0.15,15
30,15,true,,0.11643941981279622,0.3984702664690361,0.28945173671739033,24,26,4.0,29.0,0.7592528536838464,0.13801452784503632,0.2898,277,2302,0.1,0.15,15
20,10,false,,0.11525721546634396,0.18662893922291987,0.0831715851304749,13,15,2.0,19.0,0.6754245434155719,0.505927587311759,0.3098,278,2303,0.1,0.15,15
30,15,true,,0.13692551887205887,0.22070569249544245,0.11933747330811267,18,27,2.0,29.0,0.7257503949447077,0.22843601895734597,0.2922,278,2303,0.1,0.15,15
20,10,false,,0.10043968414245139,0.3612476462548526,0.27153210615022716,15,15,6.0,19.0,0.8606662395900064,0.7190903267136451,0.3224,279,2304,0.1,0.15,15
30,15,true,,0.12929965471487753,0.3379215304824107,0.2155150287496097,24,27,3.0,29.0,0.746995994659546,0.1184913217623498,0.278,279,2304,0.1,0.15,15
20,10,false,,0.08782443648829508,0.2864442154712469,0.19873019937544925,15,16,3.0,19.0,0.7305585980284776,0.6162833150784958,0.2954,280,2305,0.1,0.15,15
30,15,false,,0.12237629252963803,0.1193716606825459,0.002860594885746033,11,2,1.0,28.0,0.5080291970802919,0.23394160583941606,0.2598,280,2305,0.1,0.15,15
40,20,true,,0.1253457450523517,0.41501179574453123,0.2950598336569774,31,35,1.0,39.0,0.7488438278192814,0.055140519388118106,0.2654,280,2305,0.1,0.15,15
20,10,false,,0.12450435463669801,0.16538638166224068,0.06550202658423011,11,14,1.0,19.0,0.6489527977492967,0.4288840262582057,0.3144,281,2306,0.1,0.15,15
30,15,false,,0.11593780089591886,0.5866455671488223,0.47408461879789865,25,26,3.0,29.0,0.9035603180089872,0.08745247148288973,0.2714,281,2306,0.1,0.15,15
40,20,false,,0.13679123263884158,0.14032009045429392,0.01329221709749627,18,35,2.0,38.0,0.5351105331599479,0.14596879063719115,0.2752,281,2306,0.1,0.15,15
50,25,false,,0.12661205026218642,0.5062757835952535,0.3849150299721818,45,46,27.0,49.0,0.9250826294528094,0.006243114212265883,0.224,281,2306,0.1,0.15,15
60,30,true,,0.1328439217502724,0.25852997852321014,0.1322107691482598,49,49,9.0,58.0,0.8446538836529087,0.017874553136171596,0.2274,281,2306,0.1,0.15,15
20,10,true,,0.09698594452634064,0.3540957612670234,0.26339601387183503,14,16,3.0,19.0,0.8534712950600801,0.5984646194926568,0.3136,282,2307,0.1,0.15,15
20,10,true,,0.10756566868213485,0.24362305194965728,0.14815756685315715,13,16,2.0,19.0,0.7076175040518639,0.5166936790923825,0.3248,283,2308,0.1,0.15,15
20,10,false,,0.13952104793911682,0.09874368544592767,-0.0542039345846035,5,1,1.0,18.0,0.4287956061200471,0.24637112593173793,0.2556,284,2309,0.1,0.15,15
30,15,true,,0.1027990020969901,0.20880568527393473,0.13412741300718145,22,26,2.0,29.0,0.7201465201465201,0.19047619047619047,0.2898,284,2309,0.1,0.15,15
20,10,false,,0.0952715147234494,0.4247113720510204,0.345682657930662,15,16,2.0,19.0,0.8019972451790633,0.6466942148760331,0.2912,285,2310,0.1,0.15,15
30,15,false,,0.11350758636808164,0.1626252558015967,0.07098623501597741,21,26,1.0,29.0,0.6723549488054608,0.15426621160409557,0.2904,285,2310,0.1,0.15,15
40,20,true,,0.1179177389356462,0.1797780944753606,0.08890987416470339,28,35,4.0,39.0,0.7493840197113693,0.13621964097148892,0.2832,285,2310,0.1,0.15,15
20,10,true,,0.08751394667004066,0.18505591829046944,0.10757034370969296,13,16,2.0,19.0,0.7028097982708934,0.5507925072046109,0.3032,286,2311,0.1,0.15,15
20,10,true,,0.08200490144266853,0.1971304943340889,0.12158450727129883,12,15,1.0,19.0,0.7110945644080418,0.4851079672375279,0.2858,287,2312,0.1,0.15,15
20,10,false,,0.10616191850301301,0.14901625971594204,0.05600565313351205,13,16,1.0,19.0,0.6368733509234829,0.554419525065963,0.3042,288,2313,0.1,0.15,15
30,15,false,,0.13127016072717337,0.19579749161823098,0.11117852547137493,15,1,1.0,28.90000000000009,0.6327150084317033,0.17807757166947724,0.2848,288,2313,0.1,0.15,15
40,20,false,,0.13122601774463566,0.1378945242134309,0.017459434521114467,15,17,1.5750000000000028,37.0,0.5697751322751323,0.2566137566137566,0.2686,288,2313,0.1,0.15,15
50,25,false,,0.1384946575496979,0.1462480996646607,0.016586400597404516,17,4,1.0,48.0,0.5606820461384152,0.16817118020728852,0.2386,288,2313,0.1,0.15,15
60,30,false,,0.17917512300882663,0.14287549048317985,-0.03566521226067962,6,1,1.0,39.0,0.3946502057613169,0.11851851851851852,0.1396,288,2313,0.1,0.15,15
20,10,true,,0.08467432186311545,0.4402163966574695,0.3618528519288189,14,15,3.0,19.0,0.8760126805213103,0.6653751320887636,0.3172,289,2314,0.1,0.15,15
20,10,false,,0.12904309720512228,0.1763369257174956,0.06479962977197129,12,17,1.0,19.0,0.5964169381107491,0.45635179153094463,0.2972,290,2315,0.1,0.15,15
30,15,false,,0.12395554626287411,0.1692980526848753,0.06557951552866693,18,26,1.0,29.0,0.6342438374417055,0.18954030646235842,0.2936,290,2315,0.1,0.15,15
40,20,false,,0.13611872727820815,0.5301497760062994,0.386495476594374,35,35,22.0,39.0,0.9407850964737192,0.00033266799733865603,0.243,290,2315,0.1,0.15,15
50,25,false,,0.1548812044247909,0.16980618086499571,0.04089779446599273,21,4,1.0,49.0,0.6208398133748056,0.08771384136858476,0.2374,290,2315,0.1,0.15,15
60,30,true,,0.15358386922684691,0.2233123889151853,0.07848719101443208,50,52,23.0,59.0,0.7852742739806395,0.009386916984452919,0.209,290,2315,0.1,0.15,15
20,10,false,,0.08883100522154963,0.2790188003711934,0.19690747480445697,15,15,3.0,19.0,0.7876997915218902,0.6831132731063239,0.3038,291,2316,0.1,0.15,15
30,15,false,,0.10864346963839376,0.145982998139904,0.05875916853364664,16,26,1.0,29.0,0.6118197278911565,0.15136054421768708,0.2544,291,2316,0.1,0.15,15
40,20,false,,0.37429419803385267,0.09715018624977394,-0.2788895910601121,4,1,1.0,38.0,0.23738005840634127,0.052565707133917394,0.2502,291,2316,0.1,0.15,15
50,25,false,,0.13576582841918544,0.10783985311910665,-0.04221493484672788,19,2,1.0,48.0,0.3793522267206478,0.12753036437246965,0.2426,291,2316,0.1,0.15,15
60,30,true,,0.12018210407230438,0.25757549278437664,0.12963700208346293,47,49,23.0,58.0,0.8350217076700435,0.001447178002894356,0.237,291,2316,0.1,0.15,15
20,10,false,,0.14915014878753846,0.47900297727756797,0.35120791415228303,15,17,1.0,19.0,0.7219814241486068,0.6253869969040248,0.2926,292,2317,0.1,0.15,15
30,15,false,,0.15138055270923015,0.13668621548863488,-0.027104794375170535,13,1,1.0,28.0,0.4548440065681445,0.17832512315270935,0.2566,292,2317,0.1,0.15,15
40,20,false,,0.13976938995765145,0.23640368065780556,0.11025477497969494,33,37,3.0,39.0,0.6791955159907682,0.06231454005934718,0.236,292,2317,0.1,0.15,15
50,25,false,,0.14584467763471942,0.15966822696052976,0.025722975771145767,40,46,2.0,49.0,0.5496499045194144,0.09293443666454487,0.2216,292,2317,0.1,0.15,15
60,30,false,,0.14427559325319256,0.18452095614487082,0.042042751984746385,52,54,34.0,59.0,0.688655194391332,0.0,0.1716,292,2317,0.1,0.15,15
20,10,false,,0.09182985214928785,0.185628491426911,0.10934187126647217,12,1,1.0,19.0,0.6344045368620038,0.47448015122873344,0.273,293,2318,0.1,0.15,15
30,15,false,,0.10520104520391792,0.1722330309201727,0.08012500454108513,18,24,2.0,29.0,0.6967445152158528,0.24769992922859166,0.3066,293,2318,0.1,0.15,15
40,20,false,,0.11557462499073627,0.589086396673375,0.46976888469165484,35,36,23.0,39.0,0.8766519823788547,0.006607929515418502,0.2618,293,2318,0.1,0.15,15
50,25,true,,0.11880199598413212,0.1742746771238739,0.07716540072175715,35,46,2.0,49.0,0.7446187522801897,0.04633345494345129,0.2466,293,2318,0.1,0.15,15
20,10,false,,0.11211798497882272,0.4518351561976949,0.33540428533723615,15,16,3.0,19.0,0.8388907230108947,0.695939253879168,0.3048,294,2319,0.1,0.15,15
30,15,false,,0.1552605491210128,0.09580326763016529,-0.06553526184976198,6,2,1.0,27.0,0.28900642236494145,0.16698148847752173,0.2524,294,2319,0.1,0.15,15
40,20,false,,0.11326978681992655,0.4500439244198026,0.3429344018929266,35,36,4.0,39.0,0.8539499036608863,0.018882466281310212,0.2674,294,2319,0.1,0.15,15
50,25,false,,0.1436741814628168,0.12360046667484594,-0.02042611705001622,9,4,1.0,47.44999999999982,0.462253193960511,0.14440572977158342,0.2296,294,2319,0.1,0.15,15
60,30,false,,0.5268519904449543,0.12438675226765951,-0.4009363902668002,3,2,1.0,19.0,0.10959454034524288,0.07226013649136893,0.1728,294,2319,0.1,0.15,15
20,10,false,,0.15978942067918822,0.1252782074141653,-0.04897747506325177,9,2,1.0,18.0,0.4226152874289324,0.3414403032217309,0.301,295,2320,0.1,0.15,15
30,15,false,,0.15979354201807106,0.12126156965955975,-0.05782963724785142,7,3,1.0,28.0,0.3453573814295257,0.16132264529058116,0.2594,295,2320,0.1,0.15,15
40,20,false,,0.12250687985400208,0.12600460586318932,0.0020419343230533155,26,31,4.0,39.0,0.5033135681897454,0.1569584931984653,0.2608,295,2320,0.1,0.15,15
50,25,false,,0.17999685789332898,0.11397731143614859,-0.06582027815657474,7,3,1.0,30.0,0.28581713462922964,0.17386609071274298,0.238,295,2320,0.1,0.15,15
60,30,true,,0.12734142200009652,0.3511856488022707,0.22601304469012276,52,54,9.0,59.0,0.8374331550802139,0.044563279857397504,0.2132,295,2320,0.1,0.15,15
20,10,false,,0.11301725321242335,0.22283217703773545,0.11792878749422325,15,16,1.2749999999999915,19.0,0.721399730820996,0.5336473755047106,0.2966,296,2321,0.1,0.15,15
30,15,true,,0.12308534149745057,0.18458420646220514,0.08245129347041776,19,25,1.0,29.0,0.7038025350233489,0.1734489659773182,0.2966,296,2321,0.1,0.15,15
20,10,false,,0.1583709514861564,0.20437513462642098,0.06119316036292333,13,16,2.0,19.0,0.6155866900175131,0.5023350846468184,0.3344,297,2322,0.1,0.15,15
30,15,false,,0.5564591450985528,0.11912225335927418,-0.4450252510600303,3,2,1.0,25.0,0.1322845906328209,0.06721487307829818,0.2016,297,2322,0.1,0.15,15
40,20,true,,0.14407576950317597,0.23156323242263188,0.10395996800473492,33,37,7.0,39.0,0.7354134165366615,0.044617784711388456,0.2528,297,2322,0.1,0.15,15
20,10,true,,0.10009894333330879,0.19970745519195912,0.10849874566790112,14,16,2.0,19.0,0.746031746031746,0.5996112730806609,0.3098,298,2323,0.1,0.15,15
20,10,false,,0.09197778673213282,0.2364734968201579,0.16217206875921472,15,16,3.0,19.0,0.7655024946543122,0.6963649322879544,0.2816,299,2324,0.1,0.15,15
30,15,false,,0.1118963472218687,0.23721787320036125,0.1383294542105371,22,26,1.0,29.0,0.658102766798419,0.08498023715415019,0.2714,299,2324,0.1,0.15,15
40,20,false,,0.1855408967312754,0.1005727808083052,-0.09482700093650213,7,2,1.0,35.17500000000018,0.2862176977290525,0.09318715740015662,0.2334,299,2324,0.1,0.15,15
50,25,false,,0.12109087739704899,0.20705738461764478,0.09213517266688576,39,46,2.0,49.0,0.6774193548387096,0.0777302759424796,0.2498,299,2324,0.1,0.15,15
60,30,false,,0.11953195880713949,0.7757851168053238,0.6525586985771857,55,56,46.0,59.0,0.9395973154362416,0.0,0.2006,299,2324,0.1,0.15,15
20,10,false,,0.09090072947356174,0.10343459260137791,0.02231047995858422,12,15,1.0,19.0,0.5627923713566031,0.4667146455559554,0.2844,300,2325,0.1,0.15,15
30,15,false,,0.10541861568730997,0.1631180405247395,0.07674351404355315,16,26,2.0,29.0,0.6130653266331658,0.2234248163896405,0.2938,300,2325,0.1,0.15,15
40,20,false,,0.13295095067356574,0.0934158075260542,-0.04532277906809344,9,3,1.0,36.0,0.3589076723016905,0.16384915474642392,0.2308,300,2325,0.1,0.15,15
50,25,false,,0.11045738690612421,0.18314228006283229,0.07378554649780453,39,42,2.0,48.0,0.6390398550724637,0.024003623188405796,0.1822,300,2325,0.1,0.15,15
60,30,false,,0.12433236362363692,0.09652765440112838,-0.029663290589453946,20,6,2.0,55.0,0.4064145524174246,0.07754906653901389,0.1222,300,2325,0.1,0.15,15
20,10,false,,0.13890584928630786,0.13673011376870867,0.0031435050668095765,9,2,1.0,19.0,0.5075684380032206,0.3600644122383253,0.2874,301,2326,0.1,0.15,15
30,15,false,,0.12992711226393241,0.14198436432579792,0.02118968606024982,14,5,1.0,28.0,0.5650224215246636,0.20435618193465727,0.2844,301,2326,0.1,0.15,15
40,20,false,,0.13266920399575408,0.1870790254876571,0.07008764445953439,32,36,5.0,39.0,0.6949635730123535,0.06873614190687362,0.2682,301,2326,0.1,0.15,15
50,25,false,,0.1456488945162597,0.1552173969271088,0.026145533191615722,18,4,1.0,47.0,0.5753894080996885,0.10903426791277258,0.2466,301,2326,0.1,0.15,15
60,30,false,,0.32096874443447687,0.1448136332238067,-0.1786585328208997,3,1,1.0,41.0,0.31876412961567446,0.03089675960813866,0.146,301,2326,0.1,0.15,15
20,10,false,,0.14210706820012897,0.16471113352028544,0.02851332847273,10,15,1.0,19.0,0.5758754863813229,0.4010775217000898,0.3276,302,2327,0.1,0.15,15
30,15,false,,0.14655645095042916,0.1384101788920547,-0.007007584573012149,12,3,1.0,28.0,0.49057187017001547,0.19350850077279752,0.2846,302,2327,0.1,0.15,15
40,20,true,,0.13773017145931782,0.2286807074204769,0.11469907332398921,30,39,3.0,39.0,0.7564817853626518,0.07614046603216278,0.2556,302,2327,0.1,0.15,15
20,10,false,,0.1877468334177576,0.09194593009865973,-0.11200237853881745,7,2,1.0,18.0,0.18769325912183055,0.22912801484230055,0.2756,303,2328,0.1,0.15,15
30,15,false,,0.16448616754073414,0.1120826098140807,-0.06805878513762907,7,3,1.0,28.0,0.35064059339177345,0.10923803101820634,0.2668,303,2328,0.1,0.15,15
40,20,false,,0.13540241649922402,0.1503198155214972,0.020926856988725276,28,34,1.0,39.0,0.5619170151174011,0.125120617561917,0.2548,303,2328,0.1,0.15,15
50,25,false,,0.13805140072688232,0.14664411187098175,0.018340509616134634,26,45,2.0,49.0,0.5923588039867109,0.12857142857142856,0.2386,303,2328,0.1,0.15,15
60,30,false,,0.1433789655621846,0.6035492390223962,0.45792945447363886,55,55,16.0,59.0,0.9496575342465754,0.02636986301369863,0.1914,303,2328,0.1,0.15,15
20,10,true,,0.07724878477328052,0.19099668954270477,0.1070061561259121,13,17,1.0,19.0,0.7582577132486389,0.5437386569872958,0.279,304,2329,0.1,0.15,15
20,10,false,,0.13052859263098057,0.23578087031230233,0.13419516158784733,14,17,1.0,19.0,0.6502749919120026,0.498220640569395,0.3022,305,2330,0.1,0.15,15
30,15,true,,0.11352407758604036,0.2938772841384409,0.17380661423199323,24,26,5.0,29.0,0.7292110874200426,0.1677327647476901,0.2834,305,2330,0.1,0.15,15
20,10,false,,0.14388573398590465,0.18798814201677336,0.05539114114432114,13,17,1.0,19.0,0.5822950819672131,0.4786885245901639,0.288,306,2331,0.1,0.15,15
30,15,false,,0.15192124437099616,0.24840707054635414,0.13519620965543294,21,26,2.0,29.0,0.6871088861076345,0.1304755944931164,0.2714,306,2331,0.1,0.15,15
40,20,false,,0.16163022183979908,0.1634980638745269,0.007847319673805864,23,35,1.0,38.0,0.5191913272780545,0.17843539408145326,0.2554,306,2331,0.1,0.15,15
50,25,false,,0.15834077066812766,0.40436464881784867,0.24954062120920306,46,46,8.0,49.0,0.7848744836352082,0.04671115347950429,0.2038,306,2331,0.1,0.15,15
60,30,false,,0.17022615059775398,0.1588703537103371,-0.0191723565689203,10,6,1.0,26.0,0.3971690258118235,0.29725228975853457,0.072,306,2331,0.1,0.15,15
20,10,false,,0.09536734134952998,0.11408094889005801,0.02488825805569899,10,16,1.0,19.0,0.5621836587129428,0.37020968908170643,0.271,307,2332,0.1,0.15,15
30,15,true,,0.10089320560626164,0.18226312391572264,0.09169928450479509,21,21,5.0,29.0,0.7507407407407407,0.2074074074074074,0.2954,307,2332,0.1,0.15,15
20,10,false,,0.05081801216686365,0.389742974791696,0.3440292277987621,15,15,1.0,19.0,0.7897940074906367,0.6502808988764045,0.1426,308,2333,0.1,0.15,15
30,15,true,,0.04284183497535499,0.18668215497481658,0.1406239330953352,19,17,10.0,29.0,0.879375,0.38875,0.0692,308,2333,0.1,0.15,15
20,10,false,,0.06319241753516795,0.1068707639393687,0.04684313977591022,13,16,2.0,19.0,0.6563403552251136,0.49979347377116895,0.204,309,2334,0.1,0.15,15
30,15,false,,0.14862240880238542,0.06270716052788639,-0.105652227816452,3,2,1.0,19.0,0.30219435736677114,0.1987460815047022,0.0852,309,2334,0.1,0.15,15
40,20,false,,0.03935249248397725,0.2645432286105947,0.22519073612661744,36,37,32.0,39.0,0.9849246231155779,0.0,0.0348,309,2334,0.1,0.15,15
50,25,false,,0.0659756496434006,0.06882439368456629,-0.03472309967683551,6,5,2.0,35.0,0.3438368860055607,0.03985171455050973,0.0316,309,2334,0.1,0.15,15
60,30,false,,0.4580548144439536,0.06611499321349087,-0.4186015761634004,2,1,1.0,8.0,0.14142335766423358,0.0,0.0122,309,2334,0.1,0.15,15
20,10,false,,0.15082662899234797,0.133957956796531,-0.029599471118842535,9,18,1.0,19.0,0.44737659112076994,0.36603539273517544,0.266,310,2335,0.1,0.15,15
30,15,false,,0.14392073867835026,0.15057858287937287,0.014576701807715226,12,8,1.0,28.0,0.5488358028424554,0.18899304505594194,0.2916,310,2335,0.1,0.15,15
40,20,false,,0.15846659672314267,0.15970267855020376,0.009178588709832708,14,3,1.0,38.0,0.5199516324062878,0.07073760580411124,0.2582,310,2335,0.1,0.15,15
50,25,false,,0.1542297112509381,0.16133236950708635,0.009085462440125092,41,44,16.0,49.0,0.5410414827890556,0.026772580170638424,0.2258,310,2335,0.1,0.15,15
60,30,false,,0.18528136203874757,0.1518546749278957,-0.04831086059015133,9,3,1.0,54.0,0.3731530965105313,0.08645080163470607,0.1744,310,2335,0.1,0.15,15
20,10,false,,0.17846010861604739,0.14186030075986225,-0.05181076669470794,7,3,1.0,18.0,0.3585189644792294,0.2727272727272727,0.3058,311,2336,0.1,0.15,15
30,15,false,,0.14093444712247158,0.15614625090976267,0.02738919743591231,21,25,3.0,29.0,0.5585949642524091,0.1771837115324837,0.2866,311,2336,0.1,0.15,15
40,20,false,,0.14012083961096378,0.19244817952424817,0.06873933640130064,29,35,2.0,39.0,0.6331243813922798,0.09930715935334873,0.2496,311,2336,0.1,0.15,15
50,25,false,,0.21413735584735227,0.14193855358254043,-0.08680749297849702,7,1,1.0,47.0,0.34813614262560777,0.08492706645056726,0.1886,311,2336,0.1,0.15,15
60,30,false,,0.1553355635715684,0.16167334668256758,0.023273365113001473,25,55,1.0,59.0,0.5458015267175572,0.05534351145038168,0.1936,311,2336,0.1,0.15,15
20,10,true,,0.1176319592539875,0.2655575389557376,0.16327841331798001,14,16,2.0,19.0,0.7493548387096775,0.5764516129032258,0.3132,312,2337,0.1,0.15,15
20,10,false,,0.1227327331622624,0.0968631088984871,-0.02934948444740995,8,4,1.0,19.0,0.4097657538766084,0.29858132629495215,0.2964,313,2338,0.1,0.15,15
30,15,true,,0.09513287535174189,0.30185097446918013,0.2101467428457826,21,26,3.0,29.0,0.749513807856865,0.22170361726954493,0.2882,313,2338,0.1,0.15,15
20,10,true,,0.09966422743954356,0.15074335242425926,0.06407001196730101,11,16,2.0,19.0,0.7041247158168237,0.45371873985060085,0.318,314,2339,0.1,0.15,15
20,10,false,,0.21681873435694282,0.12988191105172164,-0.09708855037674802,5,2,1.0,18.0,0.3341764147960797,0.23363895036357887,0.3046,315,2340,0.1,0.15,15
30,15,true,,0.1448249242035389,0.4699421310509116,0.346443906516264,24,26,1.0,29.0,0.7186091435930457,0.07694784288473921,0.236,315,2340,0.1,0.15,15
20,10,true,,0.08177714848411173,0.14297576160486186,0.07420542668059016,12,14,2.0,19.0,0.7281315605318405,0.4727081875437369,0.304,316,2341,0.1,0.15,15
20,10,false,,0.10613537227045153,0.4794079541422489,0.381407678253164,16,16,3.0,19.0,0.8573859768550034,0.679714091218516,0.286,317,2342,0.1,0.15,15
30,15,false,,0.13496930204967467,0.18647080082404943,0.06172857029105478,21,25,1.0,29.0,0.6245123537061118,0.1570221066319896,0.2802,317,2342,0.1,0.15,15
40,20,false,,0.14502348238840176,0.14288211156714106,-0.0015723332932201795,19,1,1.0,38.0,0.49047465288989345,0.11139812721989022,0.2508,317,2342,0.1,0.15,15
50,25,false,,0.14579810588760206,0.16973031956089063,0.04759758583350657,27,45,1.0,49.0,0.6558310991957105,0.11729222520107238,0.2094,317,2342,0.1,0.15,15
60,30,true,,0.1483901596855406,0.18026146845876995,0.068024072298115,46,56,3.0,58.0,0.714548802946593,0.06261510128913444,0.1836,317,2342,0.1,0.15,15
20,10,true,,0.09405048838201487,0.2141310731780561,0.11256541977239902,14,15,2.0,19.0,0.7060869565217391,0.5965217391304348,0.3086,318,2343,0.1,0.15,15
20,10,false,,0.12500989678896485,0.1229995401588733,0.003581647103432936,9,1,1.0,19.0,0.5095733960362782,0.33087000335908634,0.2602,319,2344,0.1,0.15,15
30,15,true,,0.11525632573004696,0.36515741909483734,0.25212116081577896,24,27,1.0,29.0,0.790416971470373,0.07571324067300658,0.2732,319,2344,0.1,0.15,15
20,10,false,,0.14230693931306068,0.09086658417711,-0.057640651663330156,6,4,1.0,19.0,0.33155969404722313,0.23079481210508812,0.2982,320,2345,0.1,0.15,15
30,15,true,,0.12892760084106725,0.26874105533516807,0.15945488519255108,19,24,1.0,29.0,0.7295162882527148,0.16913458374465284,0.2842,320,2345,0.1,0.15,15
20,10,false,,0.10096173894743862,0.15466979217900212,0.07023106602643749,12,16,2.0,19.0,0.673884938590821,0.49547511312217196,0.3056,321,2346,0.1,0.15,15
30,15,false,,0.14262235118215053,0.13989702760786377,-0.010480458276963311,12,2,1.0,29.0,0.4881550610193826,0.09404163675520459,0.2528,321,2346,0.1,0.15,15
40,20,false,,0.13795737325021082,0.12323679720261152,-0.026452244397744323,23,1,1.0,38.0,0.43140243902439024,0.09946646341463415,0.1964,321,2346,0.1,0.15,15
50,25,true,,0.12530466844369886,0.5519170219785419,0.4210181217137834,44,47,3.799999999999997,49.0,0.8724659049023221,0.015481017323995577,0.2216,321,2346,0.1,0.15,15
20,10,false,,0.1589080665571999,0.12302261830502924,-0.04040591430452493,6,1,1.0,19.0,0.45860566448801743,0.32933914306463324,0.2484,322,2347,0.1,0.15,15
30,15,true,,0.11112565346246382,0.1805653387555466,0.08969740644823368,20,26,2.0,29.0,0.717966573816156,0.2538300835654596,0.3132,322,2347,0.1,0.15,15
20,10,false,,0.22204699670444653,0.10987740828080664,-0.13494979734303936,7,1,1.0,19.0,0.284044233807267,0.26224328593996843,0.2802,323,2348,0.1,0.15,15
30,15,false,,0.15529032184853644,0.15847733846864598,0.017014900855259696,16,26,2.0,29.0,0.5321314335562664,0.186972957255016,0.2912,323,2348,0.1,0.15,15
40,20,false,,0.16640432368341354,0.13782940240772432,-0.051836835325624026,12,1,1.0,39.0,0.37292464878671777,0.11590038314176246,0.2412,323,2348,0.1,0.15,15
50,25,false,,0.2359465598096518,0.13780752730823995,-0.10229573563682148,5,1,1.0,21.0,0.2076271186440678,0.0635593220338983,0.209,323,2348,0.1,0.15,15
60,30,false,,0.16438671890602694,0.1520309573069414,-0.020634731427261216,15,1,1.0,55.0,0.408615774469433,0.12195121951219512,0.1954,323,2348,0.1,0.15,15
20,10,false,,0.10376046569087945,0.5048238010648045,0.3934960038185915,15,16,2.0,19.0,0.8365287588294652,0.6441305079044736,0.2994,324,2349,0.1,0.15,15
30,15,false,,0.1281100939933303,0.1698361410424982,0.05945264653748425,21,26,2.0,29.0,0.6157362063336598,0.15475024485798236,0.285,324,2349,0.1,0.15,15
40,20,false,,0.14327261806820896,0.16101245690439867,0.02606981980581044,26,36,1.0,39.0,0.5610494450050454,0.08005381769256643,0.253,324,2349,0.1,0.15,15
50,25,false,,0.13902137301254403,0.1473250657633653,0.02242686782610387,22,48,2.0,49.0,0.5625619016176956,0.1772862330802245,0.2202,324,2349,0.1,0.15,15
60,30,true,,0.13546016672867822,0.2472618649468814,0.10836648396963933,52,56,37.0,59.0,0.7266977363515313,0.0,0.1722,324,2349,0.1,0.15,15
20,10,false,,0.16484016917470998,0.14736930198226555,-0.029436471206235576,10,15,1.0,19.0,0.4453391142768659,0.38401982037782595,0.299,325,2350,0.1,0.15,15
30,15,false,,0.1469089832782,0.23101032924724718,0.1173930783205182,23,26,1.4500000000000028,29.0,0.6798967408841562,0.08163923846402066,0.2544,325,2350,0.1,0.15,15
40,20,false,,0.16944692137624165,0.1317826361700397,-0.07170763410922014,6,2,1.0,36.0,0.3392330383480826,0.07014093739757457,0.2346,325,2350,0.1,0.15,15
50,25,true,,0.15103313216449185,0.24552048859513684,0.10990320067027823,41,46,1.0,49.0,0.7141457040182947,0.02319503430251552,0.206,325,2350,0.1,0.15,15
20,10,false,,0.10126648691074257,0.12842327517495103,0.03260165820460069,12,16,1.0,19.0,0.5715815780078544,0.4573366654766155,0.2854,326,2351,0.1,0.15,15
30,15,true,,0.10945916354169757,0.2966540950010163,0.18890366202023984,22,25,2.0,29.0,0.8082051282051282,0.10256410256410256,0.299,326,2351,0.1,0.15,15
20,10,false,,0.07077863110387483,0.2940769610085349,0.21971987231027912,15,17,3.0,19.0,0.8169710806697108,0.6537290715372908,0.2468,327,2352,0.1,0.15,15
30,15,false,,0.09559139910827445,0.17587141024665823,0.0798607782798484,22,26,4.0,29.0,0.6970621900038153,0.2159481114078596,0.2892,327,2352,0.1,0.15,15
40,20,false,,0.2065203903950467,0.09243499806204847,-0.12101623054060552,5,3,1.0,22.0,0.27887571365832237,0.11638120333772507,0.2206,327,2352,0.1,0.15,15
50,25,false,,0.13428108510309084,0.1276415319235072,0.004117495063584109,21,6,1.0,47.0,0.5133519330410522,0.13750498206456754,0.2732,327,2352,0.1,0.15,15
60,30,true,,0.1156397126648548,0.3823992301878642,0.255699964531211,52,57,30.0,59.0,0.8494400663625051,0.0,0.2102,327,2352,0.1,0.15,15
20,10,false,,0.1474688527690035,0.12392064269165948,-0.04107032596571782,8,2,1.0,19.0,0.42363751584283904,0.2915082382762991,0.3096,328,2353,0.1,0.15,15
30,15,false,,0.11721421272489524,0.12891474730321908,0.027865811629758874,20,25,2.0,29.0,0.5555555555555556,0.1350210970464135,0.2816,328,2353,0.1,0.15,15
40,20,false,,0.12984897865229467,0.11936687301099586,-0.019962469971883168,16,3,1.0,38.0,0.441438234247063,0.1153435386258455,0.2464,328,2353,0.1,0.15,15
50,25,true,,0.12623151894615575,0.2532973758065953,0.12727527709488673,43,46,17.0,49.0,0.8101933216168717,0.0383128295254833,0.238,328,2353,0.1,0.15,15
20,10,false,,0.1414567050271492,0.44209289963211573,0.30483518563095163,15,16,1.0,19.0,0.7016233766233766,0.6,0.2902,329,2354,0.1,0.15,15
30,15,false,,0.14221423385512943,0.14221151835028067,0.00043324659324917025,10,6,1.0,28.0,0.5003196930946292,0.15025575447570333,0.2776,329,2354,0.1,0.15,15
40,20,false,,0.15318432899701764,0.12322513826562292,-0.039581747814101224,13,3,1.0,33.0,0.34942084942084944,0.23455598455598456,0.2618,329,2354,0.1,0.15,15
50,25,false,,0.16562418230685766,0.13660687825221618,-0.03879765395855142,8,4,1.0,46.0,0.3608144192256342,0.10213618157543392,0.2248,329,2354,0.1,0.15,15
60,30,true,,0.14480836129712796,0.1892249277211225,0.06685895995340349,47,53,5.0,58.0,0.7265064002497659,0.05807055885107711,0.1988,329,2354,0.1,0.15,15
20,10,false,,0.11147455230163972,0.2576424507272401,0.16124655073387759,15,17,2.0,19.0,0.7484602917341977,0.6807131280388979,0.2978,330,2355,0.1,0.15,15
30,15,false,,0.14359691879903505,0.1527374070591256,0.016709690063016452,16,26,1.0,29.0,0.5304262935242434,0.16823950536934593,0.2822,330,2355,0.1,0.15,15
40,20,false,,0.5013512585473812,0.12695449846802165,-0.3680797957513303,3,1,1.0,35.0,0.1750943396226415,0.05509433962264151,0.1884,330,2355,0.1,0.15,15
50,25,false,,0.14865282180358305,0.1380534639766763,-0.026839456080883548,34,2,1.0,49.0,0.44318584070796463,0.013097345132743363,0.1874,330,2355,0.1,0.15,15
60,30,false,,0.1616972590291779,0.13272365756117463,-0.04784321566778432,8,2,1.0,58.0,0.34238208347472004,0.05632846963013234,0.1672,330,2355,0.1,0.15,15
20,10,false,,0.11389014370821879,0.12775817991179636,0.005254832228020367,13,16,1.0,19.0,0.507410021171489,0.4929428369795342,0.2714,331,2356,0.1,0.15,15
30,15,false,,0.1451713610573043,0.12757289231738908,-0.011564472488028055,12,1,1.0,29.0,0.4648318042813456,0.20829085966700644,0.296,331,2356,0.1,0.15,15
40,20,false,,0.23144113609715897,0.1251835345269641,-0.12017854657538789,4,1,1.0,37.0,0.36553524804177545,0.08317791868705707,0.22,331,2356,0.1,0.15,15
50,25,false,,0.14709858326314829,0.13478413941061623,-0.0191391850688111,8,2,1.0,41.0,0.4328835227272727,0.15411931818181818,0.2366,331,2356,0.1,0.15,15
60,30,true,,0.13822189841088245,0.2313016788556987,0.10038257894984556,50,56,25.0,59.0,0.8035363457760314,0.006221349050425672,0.2134,331,2356,0.1,0.15,15
20,10,false,,0.1538456326678043,0.20534643087926077,0.07620652359145484,11,16,1.0,19.0,0.611024602927437,0.4459669884771099,0.3046,332,2357,0.1,0.15,15
30,15,false,,0.1400416855833985,0.29106802093570106,0.16836545105418918,23,26,2.0,29.0,0.6861173453029817,0.13369669765950626,0.271,332,2357,0.1,0.15,15
40,20,false,,0.15091792776670745,0.2036507658091591,0.0885034835248136,30,37,1.0,39.0,0.5877133105802048,0.050853242320819114,0.2242,332,2357,0.1,0.15,15
50,25,false,,0.1794023030021746,0.14224807088550548,-0.058819252673354264,9,2,1.0,46.0,0.3630636604774536,0.09084880636604775,0.1898,332,2357,0.1,0.15,15
60,30,false,,0.1500987313673918,0.2997505953268212,0.15140276532760094,55,56,38.0,59.0,0.7473579920739762,0.0,0.169,332,2357,0.1,0.15,15
20,10,false,,0.0527965181844686,0.35484029729616956,0.31715451843339904,15,16,1.0,19.0,0.8206997084548106,0.6457725947521866,0.1436,333,2358,0.1,0.15,15
30,15,false,,0.05737692350190612,0.09654540575967227,0.045142719813749725,14,18,2.0,28.0,0.6927744070601214,0.2272476558190844,0.0982,333,2358,0.1,0.15,15
40,20,true,,0.04837930090814316,0.46675264632989566,0.40106844329570196,34,35,13.0,39.0,0.9761015683345781,0.14339058999253174,0.0454,333,2358,0.1,0.15,15
20,10,false,,0.10987260149187486,0.14103307436567236,0.04528503084182983,12,16,1.0,19.0,0.5914458984998404,0.5011171401212895,0.303,334,2359,0.1,0.15,15
30,15,false,,0.13714650187996505,0.10007042050653496,-0.049152259493583594,10,2,1.0,28.0,0.3708108108108108,0.18846846846846846,0.2686,334,2359,0.1,0.15,15
40,20,false,,0.17002209697216894,0.11060755504676505,-0.07051507109687195,7,1,1.0,38.94999999999982,0.3310511478050745,0.09947643979057591,0.2,334,2359,0.1,0.15,15
50,25,false,,0.12579723083415914,0.14077187049100998,0.030340094247288688,33,46,2.0,48.34999999999991,0.6039315617036768,0.09828904259191845,0.2492,334,2359,0.1,0.15,15
60,30,true,,0.12798620564166052,0.3700838617344441,0.22673823984957853,51,55,24.0,59.0,0.8876204067070995,0.0067784516589368534,0.217,334,2359,0.1,0.15,15
20,10,true,,0.12833614470828014,0.2025625729774529,0.097234735804595,13,16,2.0,19.0,0.7391437308868501,0.5143730886850153,0.3354,335,2360,0.1,0.15,15
20,10,false,,0.14108741045633988,0.1941714648385856,0.08487239466575805,13,17,1.0,19.0,0.6297792974821262,0.5088591855766241,0.3116,336,2361,0.1,0.15,15
30,15,false,,0.13899916843701324,0.1434517771339497,0.004126451017977845,13,4,1.0,28.0,0.5095785440613027,0.20306513409961685,0.2896,336,2361,0.1,0.15,15
40,20,true,,0.13929437165187822,0.40694793541707136,0.27420077267533616,33,36,1.0,39.0,0.7266643184219795,0.03134906657273688,0.227,336,2361,0.1,0.15,15
20,10,false,,0.10603243488925815,0.1570627703182489,0.06217617779741646,13,16,3.0,19.0,0.6758555133079848,0.4847908745247148,0.2902,337,2362,0.1,0.15,15
30,15,false,,0.13357165987582986,0.12247966367355455,-0.02428877991627193,9,6,1.0,27.0,0.4169164169164169,0.20845820845820845,0.2596,337,2362,0.1,0.15,15
40,20,false,,0.12989526040210636,0.3490529089563119,0.21709362980069136,35,36,15.0,39.0,0.8303957432657133,0.05320917858330562,0.2694,337,2362,0.1,0.15,15
50,25,true,,0.13496248546762696,0.22015318234320272,0.10896418624377849,37,46,2.0,49.0,0.7696724079702804,0.04626815265113138,0.2298,337,2362,0.1,0.15,15
20,10,false,,0.10179170920505555,0.1678896293764897,0.07430304021743324,13,16,1.0,19.0,0.6415989159891599,0.540650406504065,0.294,338,2363,0.1,0.15,15
30,15,false,,0.12060069980372383,0.11885119351160876,0.0037113628511117325,11,3,1.0,28.0,0.5089316987740805,0.1957968476357268,0.2924,338,2363,0.1,0.15,15
40,20,true,,0.11208968279259193,0.16938206848649182,0.06947183778931892,24,33,5.0,38.0,0.7340720221606648,0.1956371191135734,0.2956,338,2363,0.1,0.15,15
20,10,true,,0.13319437463577577,0.28605975506141773,0.16457901434916583,14,16,2.0,19.0,0.80984825023227,0.579746051409105,0.3114,339,2364,0.1,0.15,15
20,10,false,,0.09032332061488887,0.15511660713085354,0.07364405674930909,12,13,1.0,19.0,0.6804951488792238,0.47975911676145866,0.3166,340,2365,0.1,0.15,15
30,15,false,,0.1282323974473923,0.10589904125603995,-0.02981503601904996,10,4,1.0,27.0,0.4061232017705644,0.20029509406123203,0.275,340,2365,0.1,0.15,15
40,20,false,,0.12052836334416903,0.16278919849387583,0.09828820484585778,12,1,1.0,39.0,0.624502784407319,0.09466984884645982,0.255,340,2365,0.1,0.15,15
50,25,false,,0.12207742815813427,0.17471305909266255,0.06053694569162843,38,45,15.0,49.0,0.6973304473304474,0.020562770562770564,0.247,340,2365,0.1,0.15,15
60,30,false,,0.2214836559332102,0.1276876945927605,-0.09550261109174588,8,1,1.0,36.0,0.33061420345489445,0.1420345489443378,0.137,340,2365,0.1,0.15,15
20,10,true,,0.08545964257774114,0.3324879149682007,0.24783776976113858,14,16,3.0,19.0,0.8213793103448276,0.6444827586206896,0.3176,341,2366,0.1,0.15,15
20,10,false,,0.08220380619024095,0.13623855745905172,0.06131690385525325,11,15,1.0,19.0,0.67012151536812,0.43352394567548247,0.2974,342,2367,0.1,0.15,15
30,15,false,,0.10997137240018998,0.12159243677151063,0.019925702441320886,16,2,1.0,28.875,0.549089469517023,0.11401425178147269,0.287,342,2367,0.1,0.15,15
40,20,true,,0.10559167454781396,0.3015229282938354,0.20432003220680633,31,35,4.0,39.0,0.7504740235115662,0.06408797876374668,0.2818,342,2367,0.1,0.15,15
20,10,false,,0.11041819075106893,0.4216758968645519,0.3180058584353668,15,16,2.0,19.0,0.8012670890296766,0.6372124041347116,0.2916,343,2368,0.1,0.15,15
30,15,false,,0.13152055083730183,0.12820553089429992,-0.006390192803395506,18,1,1.0,28.0,0.4886561954624782,0.1549738219895288,0.2618,343,2368,0.1,0.15,15
40,20,false,,0.1391282489837262,0.35146331292600697,0.2226114573871062,31,34,1.0,39.0,0.6944050991501416,0.012393767705382436,0.229,343,2368,0.1,0.15,15
50,25,false,,0.14872939976571378,0.14772997781388655,-0.004083056345465574,9,2,1.0,34.0,0.4857796665576986,0.21804511278195488,0.2512,343,2368,0.1,0.15,15
60,30,true,,0.14328887402100318,0.18873530463337984,0.06556909059690036,44,54,2.0,58.0,0.767426273458445,0.0492627345844504,0.1696,343,2368,0.1,0.15,15
20,10,false,,0.1151834890831603,0.15262385718194912,0.05207214469086166,11,17,2.0,19.0,0.6521739130434783,0.46685168054270737,0.3282,344,2369,0.1,0.15,15
30,15,true,,0.120954247029645,0.18508946154892136,0.09297090225538943,16,27,1.0,29.0,0.7030598052851182,0.15681502086230875,0.2894,344,2369,0.1,0.15,15
20,10,false,,0.09392566870028894,0.32368816070934286,0.23204353410229042,15,15,3.0,19.0,0.832774798927614,0.7305630026809652,0.305,345,2370,0.1,0.15,15
30,15,false,,0.12308101919103634,0.18176833162110156,0.08899141061744612,20,1,1.0,29.0,0.6557852738483859,0.14290895901342038,0.281,345,2370,0.1,0.15,15
40,20,false,,0.12463050705492222,0.1519031815971799,0.043167194195834514,28,36,2.0,39.0,0.6224561403508772,0.07929824561403509,0.2598,345,2370,0.1,0.15,15
50,25,false,,0.13093535764680828,0.14511364303166435,0.03821572524672637,25,46,1.0,49.0,0.6168421052631579,0.09228070175438596,0.234,345,2370,0.1,0.15,15
60,30,false,,0.4875613184844507,0.4703027235710422,-0.01725859491340853,20,20,19.025,19.974999999999998,0.0,0.0,0.0004,345,2370,0.1,0.15,15
20,10,false,,0.1284912572260603,0.13715595272148393,0.020463833732114356,9,1,1.0,19.0,0.5274247491638796,0.34013377926421406,0.2848,346,2371,0.1,0.15,15
30,15,false,,0.11619520446851128,0.12497177720005229,0.01320056838840536,14,11,1.0,28.0,0.5428668248051508,0.23822433073534396,0.3078,346,2371,0.1,0.15,15
40,20,true,,0.11673011969945286,0.4027128910766774,0.29121001767497817,33,36,5.0,39.0,0.8177727784026997,0.02249718785151856,0.265,346,2371,0.1,0.15,15
20,10,true,,0.09139620382282015,0.30867402450839604,0.22884474253975307,14,15,1.0,19.0,0.7546481954064892,0.5898651111921254,0.2636,347,2372,0.1,0.15,15
20,10,false,,0.12077664935418929,0.22969347948209515,0.12554870728831452,13,1,1.0,19.0,0.6132335565183143,0.5037416305632139,0.2346,348,2373,0.1,0.15,15
30,15,false,,0.1282856287689195,0.10432452984432566,-0.029215796640237567,18,25,1.0,29.0,0.45300751879699247,0.09924812030075188,0.2754,348,2373,0.1,0.15,15
40,20,true,,0.11334536856739642,0.2930082067592035,0.17247913436324652,34,34,21.0,39.0,0.7622377622377622,0.013986013986013986,0.2624,348,2373,0.1,0.15,15
20,10,false,,0.1648886986979646,0.14371901906243378,-0.029156466437614076,10,16,1.0,19.0,0.4491525423728814,0.38457042665108127,0.3154,349,2374,0.1,0.15,15
30,15,true,,0.1376930634976612,0.25505893853407885,0.12764748149909866,24,25,12.0,29.0,0.7161910669975186,0.15818858560794044,0.2804,349,2374,0.1,0.15,15
20,10,false,,0.11720430160805528,0.5292191583228046,0.4059067049260324,15,16,2.0,19.0,0.8779296875,0.6819661458333334,0.3052,350,2375,0.1,0.15,15
30,15,false,,0.11636618365575674,0.2821248297873141,0.16663316030369246,25,26,4.0,29.0,0.7756680731364276,0.08227848101265822,0.2678,350,2375,0.1,0.15,15
40,20,true,,0.13322158312316626,0.24072423595954365,0.12280130994899047,30,37,2.0,39.0,0.7330466424082037,0.12007939133311281,0.2406,350,2375,0.1,0.15,15
20,10,false,,0.11311088545042473,0.1348288487433386,0.0259020700600113,10,11,1.0,18.0,0.5471994965387036,0.3892385147891756,0.327,351,2376,0.1,0.15,15
30,15,true,,0.1173582934893062,0.26990097939671315,0.1630445332154351,21,26,1.0,29.0,0.7392387050871576,0.13625044468160796,0.2774,351,2376,0.1,0.15,15
20,10,false,,0.08308488766009489,0.29377769820756394,0.2033915894903723,15,16,3.0,19.0,0.7868245743893413,0.6528497409326425,0.2778,352,2377,0.1,0.15,15
30,15,false,,0.18866051786994634,0.1022795446143708,-0.10223110143022003,5,2,1.0,28.0,0.32910388580491673,0.08723235527359238,0.2418,352,2377,0.1,0.15,15
40,20,true,,0.12035181731915315,0.2654883777854362,0.16306275055993494,32,37,5.0,39.0,0.778951201747997,0.09650400582665696,0.2746,352,2377,0.1,0.15,15
20,10,false,,0.09855716795207763,0.20351525742073986,0.12423027844985485,15,17,2.0,19.0,0.717903622933521,0.6640872317973971,0.2682,353,2378,0.1,0.15,15
30,15,true,,0.11018836953365257,0.24277110878633132,0.1456825195877512,23,26,3.0,29.0,0.7924462924462925,0.1891891891891892,0.2896,353,2378,0.1,0.15,15
20,10,false,,0.1108920258792932,0.17928535884404814,0.08638103377344246,11,15,1.0,19.0,0.6863199735011594,0.44120569725074527,0.3066,354,2379,0.1,0.15,15
30,15,false,,0.16702262147968425,0.10979839923844095,-0.06684093708366373,7,1,1.0,28.0,0.3139194139194139,0.12564102564102564,0.2566,354,2379,0.1,0.15,15
40,20,true,,0.12801087699121358,0.31412455979559667,0.19139100921750973,34,36,2.0,39.0,0.7398697539797395,0.06331403762662807,0.2502,354,2379,0.1,0.15,15
20,10,false,,0.13924792864132082,0.3852239823918687,0.2493827579905735,15,15,2.0,19.0,0.8604006163328197,0.6588597842835131,0.303,355,2380,0.1,0.15,15
30,15,false,,0.14313392394920035,0.17710310670032725,0.06593993294707359,19,25,1.0,29.0,0.5868183338909334,0.11876881900301103,0.2632,355,2380,0.1,0.15,15
40,20,false,,0.14348092099746212,0.14445177393188383,-0.0025310588309769844,27,35,3.0,38.0,0.48787878787878786,0.12303030303030303,0.2614,355,2380,0.1,0.15,15
50,25,false,,0.15091204717688106,0.17147884650494816,0.026000324724064883,34,42,2.0,48.0,0.6203814064362336,0.10131108462455304,0.236,355,2380,0.1,0.15,15
60,30,false,,0.16758867140954553,0.15346439612444238,-0.016153533501051948,7,1,1.0,27.0,0.41997851772287864,0.1251342642320086,0.0982,355,2380,0.1,0.15,15
20,10,false,,0.08962914069841467,0.16177360404268917,0.07154682504326626,14,16,2.0,19.0,0.6316956039896564,0.5581824898411526,0.2806,356,2381,0.1,0.15,15
30,15,false,,0.10883628126123711,0.18722799431006004,0.08752042882701226,20,24,1.0,29.0,0.6841913106973347,0.15443592552026286,0.2838,356,2381,0.1,0.15,15
40,20,true,,0.11055641359515657,0.30277811297123647,0.1993676622222057,28,34,4.0,39.0,0.8152373941847626,0.1291866028708134,0.2888,356,2381,0.1,0.15,15
20,10,false,,0.08562374697691624,0.7294724827464539,0.6410328069751946,16,18,2.0,19.0,0.913093415007657,0.7576569678407351,0.2742,357,2382,0.1,0.15,15
30,15,false,,0.13076724687131663,0.1682834146363182,0.05674856133648507,18,26,1.0,29.0,0.589103690685413,0.10826010544815466,0.2668,357,2382,0.1,0.15,15
40,20,true,,0.13038685176291487,0.24259366837943352,0.12296565742002792,33,35,10.0,39.0,0.7235038448679372,0.10297559344700769,0.265,357,2382,0.1,0.15,15
20,10,false,,0.2087429406472499,0.13443036439757772,-0.09376189443495973,6,2,1.0,19.0,0.3476476160404168,0.3198610672560783,0.2878,358,2383,0.1,0.15,15
30,15,false,,0.16707367321795,0.1478812246709926,-0.031189757127704887,14,1,1.0,29.0,0.4213740458015267,0.17465648854961832,0.2672,358,2383,0.1,0.15,15
40,20,false,,0.14087012712421304,0.19024265323098336,0.09938922847873731,28,35,2.0,39.0,0.6678536743282616,0.10456458400776951,0.234,358,2383,0.1,0.15,15
50,25,false,,0.2151641713210828,0.13377430172925228,-0.10190200319713409,6,1,1.0,42.0,0.22903453136011276,0.1613812544045102,0.1738,358,2383,0.1,0.15,15
60,30,true,,0.14550328458457973,0.38899167686582836,0.24466072120702287,54,56,32.0,59.0,0.7937817258883249,0.008248730964467006,0.1836,358,2383,0.1,0.15,15
20,10,false,,0.0984408543224997,0.179074600742092,0.08463314509980026,14,16,2.0,19.0,0.6418685121107266,0.5397923875432526,0.278,359,2384,0.1,0.15,15
30,15,false,,0.12835049553124778,0.1748111950309639,0.06137652548723274,22,28,1.0,29.0,0.6371049949031601,0.12470268433571186,0.2574,359,2384,0.1,0.15,15
40,20,false,,0.1333682452862168,0.16155810122285524,0.05154168209592823,21,35,2.0,38.0,0.642338177014531,0.14696169088507266,0.2696,359,2384,0.1,0.15,15
50,25,false,,0.13817692300717663,0.19294784464767756,0.06986457043309238,40,47,2.0,49.0,0.642024642024642,0.029637029637029636,0.2164,359,2384,0.1,0.15,15
60,30,false,,0.1436006948486297,0.14076346747412927,-0.0008518834770163963,10,3,1.0,24.0,0.494199535962877,0.27046735167384817,0.2302,359,2384,0.1,0.15,15
20,10,false,,0.11352756172747433,0.09325154062965034,-0.028321542568301147,10,16,1.0,19.0,0.4179351422898743,0.4133024487094639,0.3068,360,2385,0.1,0.15,15
30,15,false,,0.13436628411440005,0.1324388206500325,0.00817639690560222,10,1,1.0,29.0,0.5257548845470693,0.16873889875666073,0.262,360,2385,0.1,0.15,15
40,20,false,,0.11804821747777362,0.1512060473987271,0.04251772666145323,29,38,9.450000000000003,39.0,0.6188389923329682,0.10697334793720335,0.2592,360,2385,0.1,0.15,15
50,25,false,,0.12459231293754207,0.13969803929019647,0.027164082955612207,24,22,3.0,47.0,0.5802512212142359,0.10711793440334962,0.2686,360,2385,0.1,0.15,15
60,30,false,,0.14251403853969477,0.13115843679297015,-0.012697777295428897,22,1,1.0,57.0,0.46927578639356254,0.1119239209948793,0.1866,360,2385,0.1,0.15,15
20,10,false,,0.10008759699825627,0.18864267624228628,0.101659379210782,12,1,1.0,19.0,0.5909816440542698,0.46009577015163605,0.2222,361,2386,0.1,0.15,15
30,15,false,,0.13528891041589416,0.13570999345492435,-0.005022920380033796,16,1,1.0,28.0,0.4892966360856269,0.2144070676180768,0.2898,361,2386,0.1,0.15,15
40,20,false,,0.13907715895536155,0.196996550393514,0.07568326790008739,29,33,1.0,38.0,0.6300541228907991,0.054122890799108564,0.2466,361,2386,0.1,0.15,15
50,25,false,,0.14246377870103438,0.556836946041099,0.4197692630303652,45,46,30.0,49.0,0.9280719280719281,0.001665001665001665,0.2142,361,2386,0.1,0.15,15
60,30,true,,0.1471292291118242,0.27412589910024066,0.12801163998136197,53,56,23.575000000000003,59.0,0.7748138957816377,0.017369727047146403,0.1782,361,2386,0.1,0.15,15
20,10,false,,0.12098250973994189,0.7428248463568925,0.6206602586192952,16,17,7.0,19.0,0.9529248875043268,0.7978539286950502,0.2756,362,2387,0.1,0.15,15
30,15,true,,0.12895765608260226,0.28108154612264474,0.16651666823029637,22,26,1.0,29.0,0.7406434668417596,0.11293499671700591,0.2864,362,2387,0.1,0.15,15
20,10,false,,0.16383334966649774,0.13529786339752303,-0.03797541803244281,8,1,1.0,18.0,0.4307219662058372,0.2780337941628264,0.3126,363,2388,0.1,0.15,15
30,15,false,,0.14338323099894373,0.17127078656730457,0.05013010749052821,20,26,2.0,29.0,0.5931167577999357,0.10710839498230942,0.2764,363,2388,0.1,0.15,15
40,20,true,,0.13842833436259544,0.25326260435988146,0.14487716946033274,34,37,3.0,39.0,0.7454068241469817,0.06758530183727034,0.242,363,2388,0.1,0.15,15
20,10,true,,0.11428537409192419,0.22889749734792417,0.13199644417980336,14,16,1.0,19.0,0.7490992466426466,0.5319358008516214,0.3094,364,2389,0.1,0.15,15
20,10,false,,0.10436725563127303,0.2712189149622914,0.19056529840171615,15,17,1.0,19.0,0.689568345323741,0.5640287769784172,0.2766,365,2390,0.1,0.15,15
30,15,true,,0.10002610075710286,0.21931953282191233,0.11985073976115963,22,26,5.0,29.0,0.7548199345216442,0.17315387413604946,0.3038,365,2390,0.1,0.15,15
20,10,true,,0.11668302273740729,0.28286385097642414,0.17023896701791835,13,16,1.0,19.0,0.7066235864297253,0.5444264943457189,0.3162,366,2391,0.1,0.15,15
20,10,false,,0.09523723915921811,0.6079767646809211,0.5105805832756893,16,17,2.0,19.0,0.8649685973482205,0.7330774598743894,0.2834,367,2392,0.1,0.15,15
30,15,true,,0.11357184862781505,0.19956684039247574,0.09001383110700328,22,24,7.0,29.0,0.7225201072386059,0.1554959785522788,0.2844,367,2392,0.1,0.15,15
20,10,false,,0.15884633128347384,0.14469455744303994,-0.03564882480987194,10,1,1.0,19.0,0.4536115569823435,0.42407704654895667,0.293,368,2393,0.1,0.15,15
30,15,false,,0.13533297711748474,0.16593259321763207,0.039098198228356404,21,23,2.0,28.0,0.5927215189873418,0.18259493670886076,0.2722,368,2393,0.1,0.15,15
40,20,false,,0.1339535286297515,0.24135234353329474,0.12865736803003547,31,36,1.0,39.0,0.6474941136898755,0.06559031281533804,0.2478,368,2393,0.1,0.15,15
50,25,true,,0.13929797053822832,0.23676587540646973,0.0989215596347854,44,46,32.0,49.0,0.7140528203456146,0.0,0.2346,368,2393,0.1,0.15,15
20,10,false,,0.13274468993581492,0.11933601000890526,-0.00576183488376545,10,17,1.0,19.0,0.4893203883495146,0.41003236245954694,0.3134,369,2394,0.1,0.15,15
30,15,false,,0.16022499169667878,0.117213918921742,-0.05933627527837192,8,1,1.0,29.0,0.4376742333731581,0.09000398247710076,0.2182,369,2394,0.1,0.15,15
40,20,false,,0.13508445392196,0.13783984647590147,0.019776768529849983,21,1,1.0,38.32499999999982,0.5300658978583196,0.05930807248764415,0.2294,369,2394,0.1,0.15,15
50,25,true,,0.11826091484116483,0.20657327265128028,0.0964119020707009,40,46,10.0,49.0,0.7554368561617704,0.038916444105303316,0.2482,369,2394,0.1,0.15,15
20,10,false,,0.13213137286144147,0.11695087149389681,-0.00024362387165570432,8,1,1.0,19.0,0.4985538684020246,0.36550976138828634,0.2838,370,2395,0.1,0.15,15
30,15,false,,0.1104514797655903,0.11901771510575578,0.01986783723294476,11,8,1.0,28.0,0.5607613469985359,0.21266471449487556,0.2916,370,2395,0.1,0.15,15
40,20,false,,0.10946847416335702,0.16120725616589887,0.05320278056333405,33,33,17.0,39.0,0.6221302220549492,0.04742190440346255,0.2666,370,2395,0.1,0.15,15
50,25,false,,0.13393119761862554,0.1390615935416522,0.02398101452926224,25,3,1.0,49.0,0.5440126883425852,0.05194290245836638,0.2364,370,2395,0.1,0.15,15
60,30,true,,0.12169932350673554,0.47872274836870476,0.3542897662942376,54,55,40.0,59.0,0.877812257564003,0.0,0.2258,370,2395,0.1,0.15,15
20,10,false,,0.09164151338462952,0.16189318204125713,0.08310699832896166,12,1,1.0,19.0,0.6731950844854071,0.4827188940092166,0.2426,371,2396,0.1,0.15,15
30,15,true,,0.10345411576694391,0.19205114187480193,0.1091834949865961,16,26,1.0,29.0,0.7631289019463827,0.1872934263679765,0.3038,371,2396,0.1,0.15,15
20,10,false,,0.09679427807375313,0.22411193862674558,0.1326999699995338,13,16,1.0,19.0,0.6879159369527146,0.5260945709281961,0.291,372,2397,0.1,0.15,15
30,15,true,,0.1131970684934387,0.25439908243519577,0.1592840928299739,19,26,2.0,29.0,0.7962085308056872,0.21631685849695328,0.279,372,2397,0.1,0.15,15
20,10,false,,0.18866260596581189,0.11656602291114275,-0.08272737863295024,9,5,1.0,18.0,0.3468013468013468,0.34465870829507195,0.2824,373,2398,0.1,0.15,15
30,15,false,,0.1385818786172291,0.20266965332663234,0.09062559009212308,20,24,1.0,29.0,0.6886821705426357,0.1413953488372093,0.2726,373,2398,0.1,0.15,15
40,20,false,,0.21263789171729555,0.14167684520494117,-0.0824850566256139,8,1,1.0,39.0,0.4367732558139535,0.06686046511627906,0.2074,373,2398,0.1,0.15,15
50,25,false,,0.1399056040127772,0.1625483221922084,0.021076561431928625,38,41,19.0,48.0,0.6113685511275873,0.02440531356194007,0.2362,373,2398,0.1,0.15,15
60,30,false,,0.18473779278002764,0.13994551266611313,-0.04222241344791036,6,1,1.0,33.0,0.3351473922902494,0.11882086167800454,0.1164,373,2398,0.1,0.15,15
20,10,true,,0.08014013306808186,0.1572819465332137,0.08259645917817152,12,15,1.0,19.0,0.7032306536438768,0.5060105184072127,0.2714,374,2399,0.1,0.15,15
20,10,false,,0.11458044453509389,0.4563719538555007,0.3512318933603601,16,16,1.0,19.0,0.8336157234835649,0.6743476787529651,0.2958,375,2400,0.1,0.15,15
30,15,false,,0.11385008926903117,0.2569978539473179,0.16228227935339432,23,26,2.0,29.0,0.6964477933261571,0.11948331539289558,0.271,375,2400,0.1,0.15,15
40,20,false,,0.13994555857549917,0.11560684120582689,-0.03681516611603816,16,1,1.0,38.0,0.4103139013452915,0.09828101644245142,0.2334,375,2400,0.1,0.15,15
50,25,true,,0.1233129595823366,0.2203508139529418,0.11099997306356554,33,1,1.0,48.0,0.7824074074074074,0.08333333333333333,0.248,375,2400,0.1,0.15,15
20,10,false,,0.061114710403954775,0.09804946036540274,0.046894250407966326,11,2,1.0,19.0,0.5953379953379954,0.45594405594405596,0.148,376,2401,0.1,0.15,15
30,15,false,,0.7752023212902066,0.041663370661763253,-0.7343039697151761,1,1,1.0,6.0,0.05196850393700787,0.0,0.0406,376,2401,0.1,0.15,15
40,20,false,,0.12922063123277372,0.046480760632693435,-0.08906785961020168,3,1,1.0,12.0,0.27120315581854043,0.045364891518737675,0.0264,376,2401,0.1,0.15,15
50,25,false,,0.5763874042322292,0.04005398704313527,-0.5397518027157153,2,2,1.0,4.0,0.0,0.0,0.0158,376,2401,0.1,0.15,15
60,30,false,,0.47351545833534814,0.4980188551464982,0.024503396811150074,15,15,15.0,15.0,0.5,1.0,0.0002,376,2401,0.1,0.15,15
20,10,false,,0.10884339253359715,0.3543397544330869,0.24231432821911003,14,16,1.0,19.0,0.6896914446002805,0.5445301542776999,0.286,377,2402,0.1,0.15,15
30,15,false,,0.15925049583508885,0.09838319003263303,-0.06346541451503687,8,4,1.0,28.0,0.3912380952380952,0.07771428571428571,0.2698,377,2402,0.1,0.15,15
40,20,false,,0.15621522560168905,0.11625900122011112,-0.023967282782930963,8,4,1.0,39.0,0.4695973705834018,0.03492193919474117,0.25,377,2402,0.1,0.15,15
50,25,false,,0.1148579107639546,0.16157726004986572,0.057744018071683986,35,44,6.0,48.0,0.6288343558282209,0.03144171779141104,0.2698,377,2402,0.1,0.15,15
60,30,false,,0.11715508965242287,0.1506094394571103,0.04466578645184545,35,34,3.0,58.0,0.6755786113328013,0.08180367118914605,0.2388,377,2402,0.1,0.15,15
20,10,false,,0.09655939876859254,0.12100851524035208,0.03505502822607337,11,16,1.0,19.0,0.5915738161559888,0.4220055710306407,0.3026,378,2403,0.1,0.15,15
30,15,false,,0.11523315316193485,0.1280804389084188,0.04330994353261572,17,3,1.0,29.0,0.5566318926974665,0.15387481371087927,0.2878,378,2403,0.1,0.15,15
40,20,false,,0.11265338755039266,0.668667543231843,0.5501412230900794,35,35,19.0,39.0,0.9080911233307148,0.01728201099764336,0.257,378,2403,0.1,0.15,15
50,25,false,,0.12739018216747294,0.15003212847426542,0.042795953276183615,21,45,1.0,49.0,0.6317715959004392,0.13396778916544655,0.2536,378,2403,0.1,0.15,15
60,30,true,,0.13146957834404618,0.4751453445271537,0.3451745270410254,53,56,33.0,59.0,0.867064188004209,0.0,0.197,378,2403,0.1,0.15,15
20,10,false,,0.10030181025584686,0.5683308249366995,0.4688404539021873,16,16,10.0,19.0,0.9603786816269285,0.8387096774193549,0.2972,379,2404,0.1,0.15,15
30,15,false,,0.15393991244999236,0.12018360364498326,-0.05474559811147782,11,1,1.0,28.0,0.40905923344947737,0.11010452961672473,0.248,379,2404,0.1,0.15,15
40,20,false,,0.1357811229940266,0.2031477297191008,0.10183812167391086,30,36,3.0,38.0,0.6913619167717528,0.13240857503152584,0.2706,379,2404,0.1,0.15,15
50,25,true,,0.1427038819392101,0.20725096149783342,0.12279296780655091,32,47,1.0,49.0,0.724510465901418,0.11715057393652938,0.2254,379,2404,0.1,0.15,15
20,10,false,,0.23921219133754465,0.13337770095870458,-0.13271653122087407,5,2,1.0,18.0,0.28973143759873615,0.16903633491311215,0.2918,380,2405,0.1,0.15,15
30,15,false,,0.14987868056929968,0.5458119485661614,0.3946988937316982,25,26,3.0,29.0,0.8707953473750393,0.09022320025149325,0.2556,380,2405,0.1,0.15,15
40,20,false,,0.1743371000747698,0.1560668885165075,-0.02902518503699522,10,4,1.0,36.0,0.4015499425947187,0.18398392652123996,0.2626,380,2405,0.1,0.15,15
50,25,false,,0.16863528235852387,0.16714190480952268,0.007100045319630016,13,5,1.0,48.0,0.5262681159420289,0.10929951690821256,0.219,380,2405,0.1,0.15,15
60,30,true,,0.16164546898609536,0.2788461854586945,0.1140721019589771,53,53,19.0,59.0,0.7087667161961367,0.023476968796433878,0.178,380,2405,0.1,0.15,15
20,10,false,,0.12550473300762566,0.2178922082323259,0.10756511611410767,14,18,2.0,19.0,0.685325743200506,0.6204933586337761,0.3086,381,2406,0.1,0.15,15
30,15,false,,0.12145907296912462,0.3054197072907505,0.1908801005141443,25,26,4.0,29.0,0.825728987993139,0.06758147512864494,0.281,381,2406,0.1,0.15,15
40,20,false,,0.1338777750052113,0.13098780165259155,-0.006182781812646129,23,2,1.0,39.0,0.48541023000343286,0.07621009268795056,0.251,381,2406,0.1,0.15,15
50,25,false,,0.1336274019629694,0.14650881318736228,0.028711666503459576,19,4,1.0,48.0,0.6208547008547008,0.08136752136752137,0.2374,381,2406,0.1,0.15,15
60,30,true,,0.139681141854269,0.22898225303638114,0.10290284282097392,47,56,3.0,59.0,0.7971116590348715,0.0943994364212751,0.1682,381,2406,0.1,0.15,15
20,10,false,,0.08075462270090535,0.18158036071130088,0.11846488959708985,12,17,1.0,19.0,0.6467619848612279,0.4373423044575273,0.205,382,2407,0.1,0.15,15
30,15,false,,0.10456063559698932,0.15697832871437076,0.06789510631877482,17,27,1.0,29.0,0.6319498825371965,0.15700861393891935,0.2818,382,2407,0.1,0.15,15
40,20,false,,0.10920254616391642,0.12262772659453006,0.025246715594501284,9,3,1.0,32.0,0.5700598802395209,0.14850299401197606,0.2636,382,2407,0.1,0.15,15
50,25,true,,0.11636068756668122,0.5300916478975041,0.41019127295399394,42,45,20.0,49.0,0.8387832699619772,0.023574144486692015,0.27,382,2407,0.1,0.15,15
20,10,false,,0.08093204429840052,0.5012839186791103,0.4212438591690319,16,16,3.674999999999997,19.0,0.8314307458143074,0.7328767123287672,0.2836,383,2408,0.1,0.15,15
30,15,false,,0.11347920877351986,0.15637216276761498,0.04729750236321769,17,2,1.0,29.0,0.6191322901849218,0.17816500711237554,0.2904,383,2408,0.1,0.15,15
40,20,false,,0.1169602318601295,0.1253484791339219,0.016028124719502768,13,4,2.0,37.0,0.5571889566152743,0.26461097167443526,0.2992,383,2408,0.1,0.15,15
50,25,true,,0.12188216330250316,0.29085772814652355,0.16595093395851498,43,46,6.0,49.0,0.7822641509433962,0.04679245283018868,0.2484,383,2408,0.1,0.15,15
20,10,false,,0.11085512286579415,0.20069790162174564,0.09811692391499927,13,17,2.0,19.0,0.6961690885072656,0.4963672391017173,0.3258,384,2409,0.1,0.15,15
30,15,true,,0.11595047163859606,0.3708780411062187,0.27543817609566706,24,26,7.0,29.0,0.8275978407557355,0.15384615384615385,0.2868,384,2409,0.1,0.15,15
20,10,false,,0.1233308853766959,0.11940766043096104,-0.009949463239733974,11,17,1.0,19.0,0.4917201757350456,0.4481243663399797,0.2936,385,2410,0.1,0.15,15
30,15,false,,0.10756708190377601,0.19550151414497174,0.11342830636674416,20,25,1.0,29.0,0.6751810903545559,0.18147159740754862,0.2776,385,2410,0.1,0.15,15
40,20,false,,0.16390696265833135,0.10361354668345196,-0.07615910117360869,6,4,1.0,32.0,0.33671811535337126,0.12956945572705117,0.2272,385,2410,0.1,0.15,15
50,25,true,,0.11613193166591845,0.530333018025348,0.40559387253507106,43,45,34.0,49.0,0.9673659673659674,0.0,0.2526,385,2410,0.1,0.15,15
20,10,false,,0.10746851527313143,0.14549874768969231,0.05334412150941994,14,17,1.0,19.0,0.5841480446927374,0.5446927374301676,0.2762,386,2411,0.1,0.15,15
30,15,false,,0.11386693821694625,0.11421736467040859,0.005603194286590993,18,1,1.0,29.0,0.5104043973301924,0.14448370632116214,0.2716,386,2411,0.1,0.15,15
40,20,false,,0.11094793766625452,0.15975513182736353,0.05657473474795427,27,35,4.0,38.0,0.6679884643114636,0.14527757750540735,0.2866,386,2411,0.1,0.15,15
50,25,true,,0.12146171888242753,0.18889467535998192,0.08122261695601755,32,45,4.0,49.0,0.7102536620221508,0.09074669524830296,0.2708,386,2411,0.1,0.15,15
20,10,false,,0.10632004383222242,0.14854226085043604,0.06370532157866218,15,16,1.0,19.0,0.6154653603918825,0.5692792162351294,0.2852,387,2412,0.1,0.15,15
30,15,true,,0.10645145519408929,0.26169917769631623,0.16835012503667365,24,25,4.0,29.0,0.7780566511294371,0.11724632484761563,0.2922,387,2412,0.1,0.15,15
20,10,false,,0.12943889505155576,0.10392089730155947,-0.04006157665597594,10,1,1.0,19.0,0.3940804788826073,0.38244097106750913,0.2782,388,2413,0.1,0.15,15
30,15,false,,0.11140623144337033,0.12002931655767704,0.01130729489070037,18,23,1.0,28.0,0.528261642374689,0.19089939566299324,0.297,388,2413,0.1,0.15,15
40,20,true,,0.11954341667751223,0.24258718975667226,0.12981358869276022,29,34,2.0,39.0,0.7495633950401677,0.06671323786238212,0.2706,388,2413,0.1,0.15,15
20,10,false,,0.16805018797482413,0.11821956930116558,-0.06046168297837215,7,3,1.0,19.0,0.3965785381026439,0.25505443234836706,0.3072,389,2414,0.1,0.15,15
30,15,false,,0.18958709576642535,0.13593911287267813,-0.05549583019708265,5,1,1.0,28.0,0.4197054698457223,0.06732117812061711,0.2342,389,2414,0.1,0.15,15
40,20,true,,0.1469356422205217,0.33302516447308783,0.19377534023422652,33,36,9.075000000000003,39.0,0.8215166461159062,0.09895191122071517,0.2444,389,2414,0.1,0.15,15
20,10,true,,0.13512865495311407,0.26851562468453427,0.15094216450297998,13,17,1.0,19.0,0.7280228498889242,0.5271342430974294,0.316,390,2415,0.1,0.15,15
20,10,false,,0.09114765683733471,0.1701181487110555,0.08471690944511091,13,15,2.0,19.0,0.637065637065637,0.5475605475605475,0.2924,391,2416,0.1,0.15,15
30,15,true,,0.11380163833324103,0.3492533651436043,0.23389127723060277,24,26,8.0,29.0,0.8661948095719582,0.12504213009774182,0.2828,391,2416,0.1,0.15,15
20,10,false,,0.15809576296258196,0.1653632158059255,0.013180908264902008,12,16,1.0,19.0,0.5169340463458111,0.4756387403446227,0.318,392,2417,0.1,0.15,15
30,15,false,,0.16075830861214296,0.17039191162062425,0.021262031272921644,17,4,1.0,29.0,0.5321797207043109,0.13387978142076504,0.2896,392,2417,0.1,0.15,15
40,20,true,,0.15181013864425016,0.24862945009618853,0.12177654840164692,33,36,6.950000000000003,39.0,0.7449830194504476,0.04445816610064835,0.226,392,2417,0.1,0.15,15
20,10,false,,0.18330855356321019,0.12758685823638377,-0.06268435108333974,6,5,1.0,18.0,0.34354888139748696,0.2215752375114925,0.2946,393,2418,0.1,0.15,15
30,15,false,,0.1422335003817164,0.12434851545465747,-0.02203052442666137,20,27,1.0,29.0,0.43982855258819653,0.08044840092317837,0.2636,393,2418,0.1,0.15,15
40,20,false,,0.131093099255507,0.25506465960326863,0.14506065955083092,29,36,1.0,39.0,0.6994985673352435,0.10601719197707736,0.229,393,2418,0.1,0.15,15
50,25,false,,0.1610841093407269,0.11886138774246603,-0.05379244981073897,8,2,1.0,30.0,0.2848695652173913,0.19791304347826086,0.2034,393,2418,0.1,0.15,15
60,30,true,,0.1329941331953411,0.6546375606516778,0.5138625699876496,54,56,33.0,59.0,0.9147506190307747,0.0,0.1848,393,2418,0.1,0.15,15
20,10,true,,0.10385292887030816,0.24833839436155158,0.16178711399149798,14,16,1.0,19.0,0.7319119189094722,0.5746242572527088,0.2894,394,2419,0.1,0.15,15
20,10,false,,0.1353196831601101,0.18815225211249964,0.07099783216227182,12,16,1.0,19.0,0.6271604938271605,0.4604938271604938,0.3162,395,2420,0.1,0.15,15
30,15,true,,0.11488032331823718,0.27967294839064005,0.17138313456043963,22,26,3.0,29.0,0.8092038965401411,0.20624790057104467,0.2848,395,2420,0.1,0.15,15
20,10,true,,0.1354070900703798,0.23769201853736086,0.12237065212508019,14,15,2.0,19.0,0.7119808783985658,0.5799223184941739,0.321,396,2421,0.1,0.15,15
20,10,false,,0.08913418184199681,0.12188995537689601,0.03924791966846963,14,16,3.0,19.0,0.5846206659800892,0.6045314109165808,0.2722,397,2422,0.1,0.15,15
30,15,false,,0.09619708161604801,0.16450880912977592,0.07721600037442505,18,27,2.0,29.0,0.6659983961507618,0.2169206094627105,0.2856,397,2422,0.1,0.15,15
40,20,true,,0.10474020290262419,0.2085330640220218,0.10901658087938612,31,36,15.0,39.0,0.736639753940792,0.07996924259900039,0.2632,397,2422,0.1,0.15,15
20,10,false,,0.3697406924020071,0.09123974434928966,-0.29713320578490454,4,1,1.0,19.0,0.32949750671269656,0.2899884925201381,0.2242,398,2423,0.1,0.15,15
30,15,true,,0.12937489041274342,0.20027951006830416,0.08109569408156034,21,26,3.0,29.0,0.7011564211807669,0.2355447352404139,0.2882,398,2423,0.1,0.15,15
20,10,false,,0.0975720974975266,0.13854418386522724,0.04697844883335288,10,2,1.0,19.0,0.6161001788908765,0.3828264758497317,0.3024,399,2424,0.1,0.15,15
30,15,true,,0.09664700831413103,0.18536347896443972,0.10326167662891925,17,26,1.0,29.0,0.700398406374502,0.19721115537848605,0.2662,399,2424,0.1,0.15,15
20,10,false,,0.1488671456983329,0.25382532021886073,0.14656526496848646,13,16,1.0,19.0,0.6546042003231017,0.5066235864297254,0.2784,400,2425,0.1,0.15,15
30,15,false,,0.14971728210629187,0.14637791457895688,-0.008085684274762445,21,26,1.0,29.0,0.48443337484433374,0.10242839352428394,0.2638,400,2425,0.1,0.15,15
40,20,false,,0.1576938140220388,0.14347694932413846,-0.017877922661426585,12,2,1.0,38.0,0.4730745147150908,0.14339386349405134,0.2536,400,2425,0.1,0.15,15
50,25,false,,0.14912285772972214,0.1484125620677219,0.001706345584896185,30,45,1.0,48.0,0.5054196345617838,0.06782285537318056,0.2238,400,2425,0.1,0.15,15
60,30,false,,0.19736906826535947,0.14337681757228182,-0.056560161855113256,6,4,1.0,21.0,0.3222902412675549,0.17068779258192293,0.1342,400,2425,0.1,0.15,15
20,10,false,,0.14803697349387065,0.36709502810067474,0.23548319620774552,15,17,1.0,19.0,0.6500829187396352,0.5422885572139303,0.2786,401,2426,0.1,0.15,15
30,15,true,,0.13120297658583518,0.3389694820863701,0.21243560041720666,24,27,3.0,29.0,0.7832786885245901,0.13442622950819672,0.2856,401,2426,0.1,0.15,15
20,10,false,,0.09728804151228339,0.3637324973337793,0.29242730747918844,14,17,1.0,19.0,0.6928233438485805,0.5319400630914827,0.2292,402,2427,0.1,0.15,15
30,15,false,,0.10657979487460495,0.19199092775261056,0.10176894166474912,19,26,2.0,29.0,0.6548262548262548,0.17876447876447876,0.278,402,2427,0.1,0.15,15
40,20,false,,0.1289303801008926,0.10914087255975631,-0.019872375882235692,7,4,1.0,36.0,0.4296267496111975,0.13180404354587869,0.2658,402,2427,0.1,0.15,15
50,25,false,,0.12076168652775418,0.17483502126808123,0.057779201797345275,36,42,3.0,49.0,0.6629874908020603,0.06769683590875644,0.2616,402,2427,0.1,0.15,15
60,30,true,,0.12385001043486943,0.3097356384665124,0.1880076306030266,53,56,40.0,59.0,0.8159554730983303,0.0,0.2306,402,2427,0.1,0.15,15
20,10,false,,0.07810199009172822,0.08621797631799447,0.014573135084905278,11,14,2.0,19.0,0.547112462006079,0.44832826747720367,0.2264,403,2428,0.1,0.15,15
30,15,false,,0.18842311623775138,0.09596958919276949,-0.10468089443279077,7,3,1.0,28.0,0.38495398159263705,0.13085234093637454,0.2536,403,2428,0.1,0.15,15
40,20,false,,0.11996171354015475,0.1845943072211391,0.08510819701756413,31,35,1.0,39.0,0.5813552006905481,0.05179110919292188,0.242,403,2428,0.1,0.15,15
50,25,false,,0.14711025969876426,0.09956101255023635,-0.0590580832488026,15,3,1.0,47.0,0.3383280757097792,0.21253943217665616,0.2612,403,2428,0.1,0.15,15
60,30,false,,0.12286660326826589,0.15284441302851073,0.04491618229775554,42,55,1.0,59.0,0.6065306122448979,0.0163265306122449,0.241,403,2428,0.1,0.15,15
20,10,false,,0.15522250463433918,0.16617531097437702,0.01442520385967297,11,16,1.0,19.0,0.5254879114477133,0.42033207107486165,0.3226,404,2429,0.1,0.15,15
30,15,false,,0.14759088752125732,0.2254078660468533,0.10803073146841022,23,26,2.0,29.0,0.670846394984326,0.12601880877742946,0.2858,404,2429,0.1,0.15,15
40,20,false,,0.15430691241959948,0.1411900812910036,-0.016569263839515846,26,36,1.0,39.0,0.45784615384615385,0.072,0.2402,404,2429,0.1,0.15,15
50,25,false,,0.1436367241973842,0.22502199505543857,0.08043698763357218,43,45,27.0,49.0,0.6801400381922342,0.0,0.2142,404,2429,0.1,0.15,15
60,30,false,,0.1454290047190862,0.370266367704453,0.22598585423673292,55,56,40.0,59.0,0.8405029781601588,0.0,0.1952,404,2429,0.1,0.15,15
20,10,false,,0.16972137304638238,0.11279371516717386,-0.07315450872782985,7,4,1.0,18.0,0.3398985377499254,0.26589077887197854,0.3234,405,2430,0.1,0.15,15
30,15,false,,0.15048763819301295,0.12907118272752713,-0.024284594920012767,12,4,1.0,29.0,0.45332050048123196,0.22906641000962463,0.278,405,2430,0.1,0.15,15
40,20,false,,0.20286922738571406,0.1389853337557373,-0.06955732525901634,6,3,1.0,35.0,0.33278795811518325,0.15543193717277487,0.248,405,2430,0.1,0.15,15
50,25,false,,0.1444065460407935,0.584495425984939,0.437044990561616,45,45,33.0,49.0,0.8371400198609732,0.0,0.2092,405,2430,0.1,0.15,15
60,30,true,,0.14746812738402057,0.1821381507480054,0.04031988872173023,43,53,5.0,57.44999999999982,0.7340711935387376,0.014358360753813939,0.2142,405,2430,0.1,0.15,15
20,10,false,,0.21477165524391198,0.08724806975300575,-0.13575172303355879,5,2,1.0,17.0,0.25948304800268546,0.14367237327962404,0.2782,406,2431,0.1,0.15,15
30,15,false,,0.12839181163158017,0.11275801134460946,-0.025460435141189924,18,1,1.0,28.0,0.4170419120193973,0.12261863526151714,0.2788,406,2431,0.1,0.15,15
40,20,true,,0.1263808330759826,0.24162302530240554,0.13482587470763463,31,36,3.0,39.0,0.7199155524278676,0.11013370865587614,0.2778,406,2431,0.1,0.15,15
20,10,false,,0.11157894684576858,0.2742481869112257,0.164605444246288,15,17,2.0,19.0,0.7744510978043913,0.6117764471057884,0.3094,407,2432,0.1,0.15,15
30,15,false,,0.11593117584417531,0.21736405602689332,0.1326559515685063,21,26,1.0,29.0,0.6277735271614384,0.10252486610558531,0.2666,407,2432,0.1,0.15,15
40,20,false,,0.11819668990160236,0.13679440501989118,0.0335765965140091,21,36,1.0,38.0,0.5585085283617612,0.13367711225704085,0.267,407,2432,0.1,0.15,15
50,25,false,,0.18119064022452339,0.10616316356252162,-0.07797754441435772,7,4,1.0,43.0,0.32289628180039137,0.14129158512720155,0.2416,407,2432,0.1,0.15,15
60,30,false,,0.11898859793692536,0.15093921036130215,0.03826686604697904,45,53,10.0,57.0,0.6694884063305115,0.04490246595509753,0.2626,407,2432,0.1,0.15,15
20,10,false,,0.08879258576212166,0.3309543419586947,0.2562414728777592,14,1,1.0,19.0,0.6440536013400335,0.5536013400335008,0.1892,408,2433,0.1,0.15,15
30,15,false,,0.10303772805356874,0.10078090024944729,0.0016676839472945099,15,17,2.0,27.0,0.5040650406504065,0.2686798296554394,0.2946,408,2433,0.1,0.15,15
40,20,true,,0.10810092499920991,0.39963154859571065,0.29376207947242794,33,36,3.0,39.0,0.7979035639412998,0.023060796645702306,0.2496,408,2433,0.1,0.15,15
20,10,false,,0.12158694118433165,0.15461233622056236,0.03537853305171784,13,16,2.0,19.0,0.6090409285277948,0.5546731826511913,0.3236,409,2434,0.1,0.15,15
30,15,true,,0.11564300362323275,0.43972554144468334,0.33199222335302037,24,26,8.0,29.0,0.8729607775078098,0.10586601874349184,0.289,409,2434,0.1,0.15,15
20,10,false,,0.1056749005672729,0.2737979319924768,0.19613367872314494,15,18,2.0,19.0,0.7730082417582418,0.5573489010989011,0.2932,410,2435,0.1,0.15,15
30,15,false,,0.12582482778724824,0.08231536452503806,-0.046238564255490125,9,8,1.0,27.0,0.3195458231954582,0.19708029197080293,0.2486,410,2435,0.1,0.15,15
40,20,false,,0.08770166835272884,0.6969535311275762,0.6064358152532665,36,36,26.0,39.0,0.9813976872800402,0.0,0.1428,410,2435,0.1,0.15,15
50,25,true,,0.0882005247364616,0.4742489420209786,0.390014529569884,44,45,26.0,49.0,0.9654295882053889,0.0,0.1246,410,2435,0.1,0.15,15
20,10,false,,0.1467906533772605,0.12658550564763463,-0.019829867720419656,9,16,1.0,19.0,0.4628626075868664,0.3414089894803953,0.3016,411,2436,0.1,0.15,15
30,15,true,,0.12060200788570803,0.29412385458370416,0.17586562364685054,24,26,1.0,29.0,0.7178822658274713,0.07737874861162532,0.2606,411,2436,0.1,0.15,15
20,10,false,,0.11269771561008503,0.13937413074013538,0.026554813784443604,12,15,2.0,19.0,0.5793081956995949,0.47055157369897166,0.3184,412,2437,0.1,0.15,15
30,15,false,,0.1347251228201444,0.12437543688159408,-0.008142629081508812,13,1,1.0,29.0,0.4842639593908629,0.1790186125211506,0.2824,412,2437,0.1,0.15,15
40,20,false,,0.23110174275831039,0.12289207016864723,-0.11518322942038745,4,2,1.0,29.0,0.3419497784342688,0.14401772525849335,0.2234,412,2437,0.1,0.15,15
50,25,true,,0.13773233014078323,0.21288271902522274,0.09989688083822965,37,46,1.0,49.0,0.7178381962864722,0.09880636604774536,0.2266,412,2437,0.1,0.15,15
20,10,false,,0.1186757144717325,0.09834731056611283,-0.026987433785032964,11,16,2.0,19.0,0.4407443682664055,0.44205027750571335,0.2878,413,2438,0.1,0.15,15
30,15,false,,0.12080655267694287,0.12570208049929382,0.0067873709242219915,14,25,2.0,29.0,0.5314226519337016,0.1805939226519337,0.2984,413,2438,0.1,0.15,15
40,20,false,,0.11941041813620244,0.12823398775240236,0.013963922168009707,9,6,2.0,29.0,0.5670175438596491,0.1792982456140351,0.2856,413,2438,0.1,0.15,15
50,25,true,,0.12670715832106266,0.30663689448225584,0.17938638569461995,39,43,14.0,49.0,0.8210808996307486,0.045988586774085266,0.2632,413,2438,0.1,0.15,15
20,10,false,,0.15359265370353525,0.1354913715459348,-0.035940558385214344,10,1,1.0,19.0,0.44139489828866646,0.40555376170487567,0.2902,414,2439,0.1,0.15,15
30,15,false,,0.1448700282773228,0.17079001227659454,0.05699506079080703,15,5,2.0,29.0,0.6267627702914447,0.11563773111877154,0.2872,414,2439,0.1,0.15,15
40,20,false,,0.16076497130198464,0.17860393491584875,0.04631081241631754,28,1,1.0,39.0,0.5606975184439973,0.04493628437290409,0.2216,414,2439,0.1,0.15,15
50,25,true,,0.14983963404769873,0.5545428026228908,0.4030517765987948,44,47,2.0,49.0,0.8340879689521346,0.09896507115135834,0.2108,414,2439,0.1,0.15,15
20,10,false,,0.18799605297260602,0.10632972254060617,-0.10011674619801317,7,1,1.0,19.0,0.30062561738557786,0.27428383272966744,0.2592,415,2440,0.1,0.15,15
30,15,true,,0.12859493591328905,0.22290304441727232,0.10838730311989249,24,26,4.0,29.0,0.7317152103559871,0.1789644012944984,0.2786,415,2440,0.1,0.15,15
20,10,false,,0.15831212275163392,0.3532862817792949,0.19776990999467473,15,16,1.0,19.0,0.8041396354649367,0.603336422613531,0.2936,416,2441,0.1,0.15,15
30,15,false,,0.15343771387767602,0.1749779620702759,0.03751743685443129,22,27,2.0,29.0,0.5742070616397367,0.15200478755236385,0.2648,416,2441,0.1,0.15,15
40,20,false,,0.17181708692967498,0.16540127206988556,0.0030978808655234835,10,36,1.0,38.0,0.5068319034000636,0.051159834763266604,0.2194,416,2441,0.1,0.15,15
50,25,false,,0.15636338154779666,0.15258864493511828,-0.008639310751512058,34,47,1.0,49.0,0.47527472527472525,0.06532356532356533,0.2186,416,2441,0.1,0.15,15
60,30,true,,0.15444959187283075,0.3061274222616598,0.1455202225072174,47,57,22.0,59.0,0.738255033557047,0.006711409395973154,0.0256,416,2441,0.1,0.15,15
20,10,false,,0.08511238821710956,0.502559128476748,0.4175965091999322,15,16,2.0,19.0,0.8871540099361249,0.7083037615330021,0.292,417,2442,0.1,0.15,15
30,15,false,,0.11661420729021695,0.5789667592843217,0.4628294776758876,25,26,5.0,29.0,0.89798087141339,0.12221041445270989,0.284,417,2442,0.1,0.15,15
40,20,false,,0.1328304139260709,0.153584794938006,0.029022837421061917,17,7,2.0,37.0,0.5906637027627818,0.16068593204191806,0.2838,417,2442,0.1,0.15,15
50,25,false,,0.14193723880423456,0.18324189065453322,0.05397209098099576,37,45,1.0,48.0,0.6879162702188392,0.06533460196638123,0.2326,417,2442,0.1,0.15,15
60,30,false,,0.14331056125619107,0.17587425831947737,0.039485244067617276,46,57,17.0,59.0,0.6863664790494058,0.04534083802376485,0.2198,417,2442,0.1,0.15,15
20,10,false,,0.27864720394711584,0.09861334456726067,-0.21096368150856176,5,2,1.0,19.0,0.22162883845126835,0.20861148197596796,0.2512,418,2443,0.1,0.15,15
30,15,true,,0.13758528559896172,0.2542303859512424,0.13156241029183868,24,25,5.0,29.0,0.7464700345152181,0.1490429871352369,0.2836,418,2443,0.1,0.15,15
20,10,false,,0.1819307681053296,0.12034251345745353,-0.06635871812166691,7,1,1.0,19.0,0.3721399730820996,0.30484522207267833,0.2722,419,2444,0.1,0.15,15
30,15,false,,0.12717744931615677,0.20766433581560478,0.09134916553491598,23,26,2.0,29.0,0.6439754935330156,0.12355343771272975,0.27,419,2444,0.1,0.15,15
40,20,false,,0.13256783512341072,0.11766373425796693,-0.013038180166317054,18,4,2.0,36.0,0.4560327198364008,0.22358554873892297,0.2692,419,2444,0.1,0.15,15
50,25,true,,0.12109246028987164,0.22179072537207503,0.11041387505412631,40,45,19.0,49.0,0.7322834645669292,0.015748031496062992,0.2502,419,2444,0.1,0.15,15
20,10,false,,0.1499152771077397,0.17399723698958516,0.028097268334016295,13,16,1.0,19.0,0.5829355608591885,0.5176014319809069,0.3206,420,2445,0.1,0.15,15
30,15,false,,0.14856813048586345,0.5061683637475894,0.3644169125896981,25,28,7.0,29.0,0.8410123296560675,0.11842959117456198,0.2634,420,2445,0.1,0.15,15
40,20,false,,0.1569147446146757,0.14526491814114578,-0.01924302518751006,28,35,2.0,39.0,0.4447415329768271,0.09566250742721331,0.2346,420,2445,0.1,0.15,15
50,25,false,,0.15041788432383754,0.1703314430466758,0.042847791855487205,30,46,1.0,49.0,0.6433544303797468,0.13481012658227848,0.21,420,2445,0.1,0.15,15
60,30,false,,0.16348668336218172,0.142418456480849,-0.04733410407417418,23,2,1.0,59.0,0.3485041374920433,0.04328453214513049,0.1618,420,2445,0.1,0.15,15
20,10,false,,0.10540804814313345,0.18772195731205907,0.1031270431876439,14,16,1.0,19.0,0.6926877470355731,0.5589591567852438,0.294,421,2446,0.1,0.15,15
30,15,true,,0.1248703243786465,0.19678537015660924,0.08372904729796907,22,27,4.0,29.0,0.7130044843049327,0.17648942985265856,0.2928,421,2446,0.1,0.15,15
20,10,false,,0.1489759836273629,0.09010543254367193,-0.07914142945591776,9,2,1.0,19.0,0.325402144772118,0.38036193029490617,0.2722,422,2447,0.1,0.15,15
30,15,false,,0.2432432708247343,0.07165932520683474,-0.17275417390009562,4,2,1.0,26.0,0.17289313640312773,0.12510860121633363,0.1958,422,2447,0.1,0.15,15
40,20,false,,0.13442793838744915,0.07733425031108235,-0.07120313640635577,11,8,1.0,37.0,0.3310217290799815,0.14794267221451687,0.1704,422,2447,0.1,0.15,15
50,25,false,,0.08456941188896386,0.7966963942012181,0.7141109154918678,45,47,33.0,49.0,0.967706013363029,0.0,0.1,422,2447,0.1,0.15,15
60,30,false,,0.1971269453714159,0.1011907270164584,-0.11034047787296514,9,3,1.0,36.72499999999991,0.21596858638743455,0.16230366492146597,0.1874,422,2447,0.1,0.15,15
20,10,false,,0.1281177391776923,0.247130616260699,0.11894935301362376,14,16,1.0,19.0,0.6346972176759411,0.5957446808510638,0.28,423,2448,0.1,0.15,15
30,15,true,,0.10069568504638972,0.31653087256812684,0.23306891017904033,24,27,3.0,29.0,0.7695358984529949,0.0872669575565252,0.2554,423,2448,0.1,0.15,15
20,10,false,,0.15538726601659256,0.2138951389701309,0.07651298783130601,12,17,2.0,19.0,0.6473699676755804,0.48516015280634733,0.334,424,2449,0.1,0.15,15
30,15,false,,0.17750574293050247,0.13439066858033819,-0.08289095851661571,9,2,1.0,29.0,0.4166948293342345,0.048327137546468404,0.2376,424,2449,0.1,0.15,15
40,20,false,,0.13627285998408975,0.13198702380297647,-0.008047656452630725,25,33,2.0,38.0,0.47406936048361437,0.13935730194082088,0.2436,424,2449,0.1,0.15,15
50,25,false,,0.14541421416922695,0.14007730765709037,-0.008164128374523627,22,48,1.0,49.0,0.47646657571623463,0.10538881309686221,0.2266,424,2449,0.1,0.15,15
60,30,false,,0.13770024650562596,0.19120281256356028,0.05118552965297708,53,56,37.0,59.0,0.6677729837371391,0.0,0.185,424,2449,0.1,0.15,15
20,10,false,,0.08772866902191655,0.3900804434228232,0.30974314487857596,15,16,2.0,19.0,0.8460431654676259,0.6017985611510791,0.2868,425,2450,0.1,0.15,15
30,15,false,,0.12851997197788245,0.22150214180220207,0.11848910564481768,20,26,2.0,29.0,0.6938010899182562,0.2016348773841962,0.2786,425,2450,0.1,0.15,15
40,20,false,,0.12803544664643574,0.17143069036537206,0.05297427633028966,30,36,3.0,39.0,0.6617063492063492,0.10449735449735449,0.2678,425,2450,0.1,0.15,15
50,25,false,,0.13478477421347787,0.1697375351484492,0.03826109251873294,34,45,12.0,48.0,0.6556456643792888,0.053025577043044295,0.2502,425,2450,0.1,0.15,15
60,30,false,,0.14298327016399248,0.16478500002733984,0.032771553028553294,43,53,1.0,58.0,0.619032047089601,0.03172007848266841,0.1974,425,2450,0.1,0.15,15
20,10,false,,0.16210144653136754,0.11362139200773914,-0.051571877908333175,11,15,1.0,19.0,0.3923430321592649,0.44165390505359875,0.307,426,2451,0.1,0.15,15
30,15,false,,0.1330425639377843,0.11559423946040936,-0.020105549720111943,19,24,2.0,29.0,0.44839030866246266,0.22336541652837702,0.2862,426,2451,0.1,0.15,15
40,20,true,,0.1239622306115383,0.36917970427263397,0.2557236330339714,33,36,2.0,39.0,0.7066813509544787,0.0671806167400881,0.2518,426,2451,0.1,0.15,15
20,10,false,,0.07044618661684011,0.2679864215763394,0.1984134790893511,13,16,1.0,19.0,0.6993963782696178,0.5054325955734407,0.238,427,2452,0.1,0.15,15
30,15,false,,0.11070352319048857,0.14597492991713024,0.05437693189521764,13,3,1.0,29.0,0.6540676745860331,0.15658747300215983,0.3016,427,2452,0.1,0.15,15
40,20,false,,0.1611196621128434,0.11963822328723267,-0.05286166993215605,7,1,1.0,39.0,0.4100747737111374,0.06847697756788666,0.2178,427,2452,0.1,0.15,15
50,25,true,,0.1257558679270681,0.19756657094949445,0.09819202797311705,28,45,3.0,48.0,0.727177334732424,0.14900314795383002,0.2298,427,2452,0.1,0.15,15
20,10,true,,0.09122189969678843,0.39056960203216334,0.30646530671536,14,16,1.0,19.0,0.7370229007633587,0.5400763358778626,0.2732,428,2453,0.1,0.15,15
20,10,true,,0.08523593290484008,0.28647304954127306,0.21508030310262502,14,16,1.0,19.0,0.8014705882352942,0.5639705882352941,0.2926,429,2454,0.1,0.15,15
20,10,false,,0.13083807400530834,0.16114151318147957,0.0422845202072198,13,16,2.0,19.0,0.5899723162103968,0.5078437403875731,0.3124,430,2455,0.1,0.15,15
30,15,false,,0.1351324678183575,0.24122389064535088,0.13292526072218874,22,26,4.0,29.0,0.6739269698910955,0.19730941704035873,0.2868,430,2455,0.1,0.15,15
40,20,false,,0.13148408821967014,0.38882363048703145,0.2575933649553124,35,36,24.0,39.0,0.7729856235372785,0.00033433634236041456,0.2348,430,2455,0.1,0.15,15
50,25,false,,0.15534328079284065,0.12664592382093431,-0.04120155132361125,17,3,1.0,47.0,0.32368775235531627,0.12617765814266488,0.2154,430,2455,0.1,0.15,15
60,30,false,,0.13690921791692653,0.17834041031904518,0.04874164096124993,47,56,21.0,58.0,0.6763732627399074,0.011912640635340834,0.1892,430,2455,0.1,0.15,15
20,10,false,,0.0883780922541328,0.1355088648575127,0.05982687210820791,12,17,1.0,19.0,0.6514538093485462,0.4744203165255797,0.2952,431,2456,0.1,0.15,15
30,15,false,,0.10629437950040908,0.15721993634520548,0.07322282597577193,15,26,1.0,29.0,0.6797642436149313,0.17681728880157171,0.284,431,2456,0.1,0.15,15
40,20,false,,0.3451780597749443,0.11661843587570327,-0.22370704686961668,5,1,1.0,38.0,0.35003885003885005,0.06837606837606838,0.2342,431,2456,0.1,0.15,15
50,25,false,,0.1182012970705695,0.7091675196688391,0.5856488166848135,45,47,37.0,49.0,0.9846091535034427,0.0,0.2286,431,2456,0.1,0.15,15
60,30,false,,0.25956645481991486,0.12265802765512746,-0.1560944426706336,4,1,1.0,22.0,0.2585571353343865,0.14428646656134808,0.1032,431,2456,0.1,0.15,15
20,10,false,,0.09387768333804199,0.11544596335381481,0.02699787904778276,13,16,1.0,19.0,0.5472034200213751,0.48984681154257215,0.241,432,2457,0.1,0.15,15
30,15,false,,0.1885271143923346,0.08769487588541078,-0.11230446701960699,6,1,1.0,26.0,0.2673775671406003,0.15165876777251186,0.2508,432,2457,0.1,0.15,15
40,20,false,,0.10669433000865775,0.4651522503316399,0.3512373582087075,35,37,26.0,39.0,0.8499591169255928,0.0,0.256,432,2457,0.1,0.15,15
50,25,true,,0.11954197295530683,0.272935430692105,0.15870590970350545,40,44,3.0,49.0,0.7161845191555903,0.09382329945269742,0.2588,432,2457,0.1,0.15,15
20,10,false,,0.1359956199651054,0.1869139206034205,0.05712120050234154,12,15,1.0,19.0,0.6058641975308642,0.4638888888888889,0.3198,433,2458,0.1,0.15,15
30,15,true,,0.1351470278643991,0.4542205500027036,0.32736885540398314,24,27,4.0,29.0,0.7928338762214984,0.12117263843648209,0.2676,433,2458,0.1,0.15,15
20,10,false,,0.1406640900870539,0.11347572042370851,-0.038963347683388175,9,1,1.0,19.0,0.4424809424809425,0.352044352044352,0.2684,434,2459,0.1,0.15,15
30,15,false,,0.13542621008185218,0.14200948651799394,0.02220829776485217,16,1,1.0,29.0,0.5499664654594232,0.1659959758551308,0.2832,434,2459,0.1,0.15,15
40,20,false,,0.13494436513659197,0.15313080829322906,0.04702410826039283,17,37,1.0,39.0,0.5937391304347827,0.13773913043478261,0.2534,434,2459,0.1,0.15,15
50,25,true,,0.13140825040112364,0.19489617448663432,0.09739088979813651,37,45,3.0,49.0,0.7062521830247992,0.12783793223891024,0.2328,434,2459,0.1,0.15,15
20,10,false,,0.2991353012955096,0.06257087426772463,-0.23780210578013183,4,2,1.0,18.0,0.0880415944540728,0.0831889081455806,0.2284,435,2460,0.1,0.15,15
30,15,false,,0.10321471617581084,0.12022509540566194,0.03186079633906633,21,24,2.0,29.0,0.5442122186495176,0.08721864951768489,0.21,435,2460,0.1,0.15,15
40,20,false,,0.11855590585505552,0.1881922643365067,0.07440393697161449,31,36,2.0,39.0,0.6385214007782101,0.023735408560311283,0.272,435,2460,0.1,0.15,15
50,25,true,,0.11444513106897204,0.25451308560846575,0.14470610003987588,39,46,2.0,48.0,0.7259316770186336,0.047748447204968944,0.2552,435,2460,0.1,0.15,15
20,10,false,,0.2990141689759297,0.08324677292761123,-0.22638255455478523,4,1,1.0,18.0,0.23897739903668025,0.2093367914042238,0.244,436,2461,0.1,0.15,15
30,15,false,,0.13047990990909697,0.16172522683563953,0.04509015106069916,21,26,1.0,29.0,0.6043705153294194,0.16764514024787996,0.2662,436,2461,0.1,0.15,15
40,20,false,,0.13639665004435012,0.15383931469725257,0.028669670823628243,17,15,1.0,38.0,0.5971956660293181,0.21765455704270237,0.2534,436,2461,0.1,0.15,15
50,25,false,,0.1393210826105602,0.4094179571842179,0.2711302920598265,46,46,38.0,49.0,0.854251012145749,0.0,0.2216,436,2461,0.1,0.15,15
60,30,false,,0.16729093339914117,0.1428989719192766,-0.04847550649958267,9,1,1.0,56.0,0.3542776002839901,0.047213347532836354,0.174,436,2461,0.1,0.15,15
20,10,true,,0.08117132027022468,0.17077348429124933,0.10173313122423981,12,16,2.0,19.0,0.7223880597014926,0.4973880597014925,0.2826,437,2462,0.1,0.15,15
20,10,false,,0.08885445813607419,0.2571119317416805,0.17906492932148926,15,16,4.0,19.0,0.7769835596854896,0.679771265189421,0.3074,438,2463,0.1,0.15,15
30,15,false,,0.10707302396505564,0.7082695332045094,0.6005537173399522,25,25,5.0,29.0,0.9606953892668179,0.023809523809523808,0.2616,438,2463,0.1,0.15,15
40,20,false,,0.11582705145755867,0.15857081863109113,0.08523244289925427,22,37,1.0,39.0,0.6855690262025812,0.09346890887759093,0.2594,438,2463,0.1,0.15,15
50,25,false,,0.12030606805416585,0.26875117881104826,0.14857914084195817,45,45,30.0,49.0,0.716607213634562,0.0,0.2316,438,2463,0.1,0.15,15
60,30,false,,0.2514672492066507,0.1225439479207844,-0.13723397445644148,4,3,1.0,14.0,0.1804927099044746,0.06184012066365008,0.117,438,2463,0.1,0.15,15
20,10,false,,0.14600106837046406,0.13827800856368264,-0.00461813155338793,9,16,1.0,19.0,0.4903876457611094,0.3863851244878664,0.3084,439,2464,0.1,0.15,15
30,15,false,,0.14230691565117326,0.15288727387074583,0.033027538378634036,11,4,1.0,29.0,0.5675587467362925,0.11618798955613577,0.272,439,2464,0.1,0.15,15
40,20,false,,0.13783682383223625,0.1456769687564282,0.019132543210466438,23,36,1.0,39.0,0.5532544378698225,0.11341222879684418,0.2534,439,2464,0.1,0.15,15
50,25,false,,0.2421889543368249,0.12782279336998514,-0.12100624968988788,5,2,1.0,25.0,0.21928038017651053,0.11744738628649015,0.2156,439,2464,0.1,0.15,15
60,30,false,,0.1420532865948989,0.40238703427019296,0.2618501393844841,55,56,42.0,59.0,0.828719723183391,0.0,0.1866,439,2464,0.1,0.15,15
20,10,true,,0.09411408595709865,0.334141527861037,0.24782877417168991,14,15,3.0,19.0,0.8485430675632405,0.6929234710214537,0.3152,440,2465,0.1,0.15,15
20,10,false,,0.11567479535873847,0.4321226491297919,0.33497903661744477,15,16,2.0,19.0,0.84,0.6586885245901639,0.3072,441,2466,0.1,0.15,15
30,15,false,,0.11671296035276353,0.1636756475284417,0.07630257816488048,19,25,1.0,29.0,0.661134163208852,0.21161825726141079,0.281,441,2466,0.1,0.15,15
40,20,false,,0.12712164100724113,0.15714578806490848,0.04185374903424938,30,33,2.0,39.0,0.6129032258064516,0.07963709677419355,0.267,441,2466,0.1,0.15,15
50,25,true,,0.1321585717984536,0.2961776662514983,0.1660752196676562,44,46,5.0,49.0,0.8300873069173942,0.027871054398925454,0.2316,441,2466,0.1,0.15,15
20,10,true,,0.08228377085838903,0.4584444649475571,0.38887090855353174,14,16,1.0,19.0,0.7721036585365854,0.6147103658536586,0.2764,442,2467,0.1,0.15,15
20,10,false,,0.11847923496923456,0.25856608657626357,0.16594360740136024,14,16,1.0,19.0,0.6742627345844504,0.5516085790884718,0.3042,443,2468,0.1,0.15,15
30,15,false,,0.12000786822456778,0.1477472708333012,0.041664301601177484,23,26,2.0,29.0,0.5899684321290776,0.09645738337425465,0.28,443,2468,0.1,0.15,15
40,20,false,,0.12037452241494842,0.4529725319379615,0.3302117964466068,35,36,23.0,39.0,0.9086330935251798,0.002158273381294964,0.2544,443,2468,0.1,0.15,15
50,25,true,,0.12762872348303378,0.30630132893484174,0.18236642717173485,44,47,29.0,49.0,0.7769121813031161,0.000708215297450425,0.236,443,2468,0.1,0.15,15
20,10,false,,0.18314350198966126,0.11560135434521092,-0.08989284940921559,5,1,1.0,19.0,0.3855932203389831,0.2877824858757062,0.2632,444,2469,0.1,0.15,15
30,15,false,,0.12294615706988929,0.10551853230390738,-0.021561320492550107,10,2,1.0,28.0,0.4510766905931243,0.16849263316962598,0.26,444,2469,0.1,0.15,15
40,20,false,,0.12108736470264903,0.11608966087989075,-0.0038652300659790667,10,8,2.0,37.0,0.4856278366111952,0.14826021180030258,0.2812,444,2469,0.1,0.15,15
50,25,true,,0.11504805862263541,0.45128081491456673,0.3221397163039174,43,45,18.0,49.0,0.906437425029988,0.028388644542183126,0.253,444,2469,0.1,0.15,15
20,10,false,,0.09111054214300818,0.1461774478471463,0.07557706508011533,10,9,1.0,19.0,0.677319587628866,0.359106529209622,0.3006,445,2470,0.1,0.15,15
30,15,false,,0.10521747744144382,0.1354079630900959,0.047605242673879805,14,6,2.0,29.0,0.6312056737588653,0.18829787234042553,0.296,445,2470,0.1,0.15,15
40,20,true,,0.1232503956117363,0.2448812865156884,0.1447143497938185,31,35,7.5249999999999915,39.0,0.7826961770623743,0.1448692152917505,0.281,445,2470,0.1,0.15,15
20,10,false,,0.12201829501036916,0.23549293917808425,0.12514641811195096,14,16,2.0,19.0,0.6772418258336032,0.5396568468760117,0.2888,446,2471,0.1,0.15,15
30,15,false,,0.10143495915081352,0.44459023819485277,0.3388838727156423,25,26,11.0,29.0,0.8162790697674419,0.07248062015503876,0.2548,446,2471,0.1,0.15,15
40,20,false,,0.12042273924682834,0.13112206460835663,0.020179732143689483,24,35,3.0,38.0,0.5451428571428572,0.1996190476190476,0.2846,446,2471,0.1,0.15,15
50,25,false,,0.11824328058768463,0.16280743113607624,0.0533323890907397,37,46,7.0,49.0,0.639686684073107,0.06229019022752704,0.2754,446,2471,0.1,0.15,15
60,30,false,,0.13223906366005356,0.12937847664509516,-0.0004219104863545514,26,3,1.0,49.0,0.4984859954579864,0.08856926570779712,0.2058,446,2471,0.1,0.15,15
20,10,true,,0.10285348334540319,0.23432113037881624,0.13383251538476698,14,17,2.0,19.0,0.7261273209549072,0.580238726790451,0.3104,447,2472,0.1,0.15,15
20,10,false,,0.13085128812872035,0.18121284854700012,0.09501534471451481,13,16,1.0,19.0,0.6014568158168574,0.4831772459243843,0.2864,448,2473,0.1,0.15,15
30,15,false,,0.12924739900143212,0.1703956133549591,0.056870342946415214,18,26,2.0,28.0,0.6646744259201006,0.22994652406417113,0.2914,448,2473,0.1,0.15,15
40,20,true,,0.13254744400025673,0.26920974287151994,0.15072081161726394,34,35,14.0,39.0,0.7111267111267111,0.07406107406107407,0.2298,448,2473,0.1,0.15,15
20,10,true,,0.10115113011884873,0.23913970426572026,0.1498715187399505,14,15,2.0,19.0,0.7309578293559987,0.5789473684210527,0.3092,449,2474,0.1,0.15,15
20,10,false,,0.11141180489251458,0.1284975831605723,0.01629107493978138,11,17,1.0,19.0,0.5348602222970698,0.404513304142809,0.2932,450,2475,0.1,0.15,15
30,15,true,,0.11676256108069023,0.2530191925541373,0.14100985210390315,21,21,4.0,29.0,0.8086359175662414,0.21524370297677461,0.3084,450,2475,0.1,0.15,15
20,10,false,,0.12040253423185955,0.22304154465425619,0.12768789993077384,14,16,2.0,19.0,0.6501639344262296,0.5498360655737705,0.282,451,2476,0.1,0.15,15
30,15,false,,0.13455545031882507,0.17133702052150007,0.0652852370609768,14,1,1.0,28.0,0.646329837940896,0.182713695583095,0.2872,451,2476,0.1,0.15,15
40,20,false,,0.14115276028578855,0.1884571683039168,0.06347660915675013,28,31,3.0,38.0,0.673463268365817,0.12383808095952024,0.2648,451,2476,0.1,0.15,15
50,25,false,,0.14734282204862367,0.17833436650461384,0.04392478564342811,34,43,7.0,49.0,0.681079423489727,0.06685065930696106,0.2366,451,2476,0.1,0.15,15
60,30,true,,0.1494581723084582,0.19471891500384308,0.07272025365103099,50,57,4.0,59.0,0.7494996664442962,0.0713809206137425,0.1522,451,2476,0.1,0.15,15
20,10,false,,0.37462014102850666,0.09969287141132065,-0.28696475535809324,3,1,1.0,18.0,0.3128032848077641,0.24001493094438223,0.2452,452,2477,0.1,0.15,15
30,15,true,,0.10759772700358042,0.4663867871580326,0.35531885593534174,24,26,3.0,29.0,0.8477157360406091,0.13995649021029732,0.2832,452,2477,0.1,0.15,15
20,10,false,,0.12405304663032043,0.24031692944819436,0.1363497816816572,12,16,1.0,19.0,0.659967585089141,0.45413290113452187,0.3086,453,2478,0.1,0.15,15
30,15,false,,0.12465399237273289,0.20938033904260958,0.12271008064293211,22,27,2.0,29.0,0.6755829903978052,0.1498628257887517,0.2776,453,2478,0.1,0.15,15
40,20,false,,0.13057378797707714,0.12933908163128444,-0.0006150480802405156,29,37,1.0,38.0,0.4968944099378882,0.09420289855072464,0.2444,453,2478,0.1,0.15,15
50,25,false,,0.13621041476550336,0.14224411390791009,0.022434954522811926,25,46,1.0,49.0,0.5531914893617021,0.07703595011005136,0.224,453,2478,0.1,0.15,15
60,30,true,,0.13067711532460224,0.47820631137511344,0.34429392274303294,54,56,43.0,59.0,0.9130589070262598,0.0,0.2026,453,2478,0.1,0.15,15
20,10,true,,0.06356022524780075,0.18127286683239013,0.11490904979555552,13,15,2.0,19.0,0.7410569105691057,0.5345528455284553,0.2292,454,2479,0.1,0.15,15
20,10,false,,0.10211287704110945,0.22184038062600112,0.12951320227294805,15,17,2.0,19.0,0.7261781905744754,0.6886824905400757,0.2776,455,2480,0.1,0.15,15
30,15,true,,0.12570511508390989,0.2333297472782221,0.13223855895509576,20,25,1.0,29.0,0.7226666666666667,0.16866666666666666,0.2854,455,2480,0.1,0.15,15
20,10,true,,0.10995476790905118,0.18525225411664395,0.08263606727474586,13,14,1.2750000000000057,19.0,0.7001915708812261,0.5609833971902938,0.3106,456,2481,0.1,0.15,15
20,10,true,,0.0831131006269324,0.2649010182281733,0.177969217636597,14,16,3.0,19.0,0.7815482502651113,0.6405090137857901,0.3014,457,2482,0.1,0.15,15
20,10,false,,0.12260537024715641,0.2622715748270792,0.15368564522859446,15,17,2.0,19.0,0.6885676741130092,0.6415900131406045,0.291,458,2483,0.1,0.15,15
30,15,false,,0.11479955415002277,0.11090099511027929,-0.013441213140271718,17,1,1.0,29.0,0.4659646483640466,0.1681083113952614,0.255,458,2483,0.1,0.15,15
40,20,false,,0.11881965116307076,0.1315288937806826,0.03214074330217832,19,35,2.0,38.0,0.5770491803278689,0.16393442622950818,0.2732,458,2483,0.1,0.15,15
50,25,false,,0.12125251212501315,0.12818650589970917,0.024798791539882237,25,46,1.0,48.0,0.5668986852281516,0.10363495746326373,0.2618,458,2483,0.1,0.15,15
60,30,false,,0.16783835911072187,0.11901339379656137,-0.06890218984980875,8,4,1.0,57.0,0.3403235470341522,0.10964649490713002,0.1182,458,2483,0.1,0.15,15
20,10,false,,0.09815083167285073,0.176278288653061,0.08715479707985598,13,17,1.0,19.0,0.6727338915180197,0.4848926101201311,0.2842,459,2484,0.1,0.15,15
30,15,false,,0.12868320201136133,0.2551905861153807,0.15143490579163502,21,26,1.0,29.0,0.6964162646450723,0.12405237767057202,0.26,459,2484,0.1,0.15,15
40,20,false,,0.12857836885524668,0.215081413435906,0.11774209929932686,32,35,2.0,39.0,0.6991672449687717,0.0520471894517696,0.2544,459,2484,0.1,0.15,15
50,25,true,,0.1338127995011509,0.19713667503186552,0.06810361027487521,40,45,20.0,49.0,0.7138643067846607,0.018682399213372666,0.259,459,2484,0.1,0.15,15
20,10,false,,0.10586289491867432,0.4831106737661019,0.38146626624236857,16,16,4.0,19.0,0.8236078692897633,0.683894631543848,0.3082,460,2485,0.1,0.15,15
30,15,false,,0.11673482785898076,0.12188654481235164,0.015963159335636593,14,5,2.0,28.0,0.5370817523283891,0.2114522249051397,0.2748,460,2485,0.1,0.15,15
40,20,false,,0.12507557762375834,0.1439369576321246,0.03892929570887159,24,36,1.0,39.0,0.5945066859414528,0.06505240332490062,0.2564,460,2485,0.1,0.15,15
50,25,false,,0.1308023860052044,0.22899625650093897,0.10362917129279439,41,43,2.0,49.0,0.6980283638879281,0.038395019024558975,0.2502,460,2485,0.1,0.15,15
60,30,false,,0.19865727480836753,0.13467166265679814,-0.07363164669369973,4,2,1.0,52.0,0.40597805524025726,0.0851305334846765,0.1388,460,2485,0.1,0.15,15
20,10,false,,0.11545571462212116,0.4228471944638275,0.3023991079015604,15,16,4.0,19.0,0.8377483443708609,0.6817880794701987,0.2986,461,2486,0.1,0.15,15
30,15,false,,0.166503995733516,0.11491297288214361,-0.05995677756594321,6,1,1.0,28.0,0.3810760667903525,0.13766233766233765,0.225,461,2486,0.1,0.15,15
40,20,false,,0.1246924788605727,0.14270560761820628,0.029071086600675894,10,4,1.0,35.0,0.610699865410498,0.1695827725437416,0.2604,461,2486,0.1,0.15,15
50,25,true,,0.13885583844115817,0.37812210942033125,0.2376002083733459,42,43,7.0,49.0,0.8698412698412699,0.06380952380952382,0.2408,461,2486,0.1,0.15,15
20,10,false,,0.07499807974658433,0.6064867686127071,0.5276319706042981,16,16,4.0,19.0,0.912379421221865,0.7467845659163987,0.2612,462,2487,0.1,0.15,15
30,15,false,,0.12113830650136127,0.12086671682507008,0.0026122414896420434,13,2,1.0,29.0,0.5038461538461538,0.15115384615384617,0.2798,462,2487,0.1,0.15,15
40,20,false,,0.1331032845925645,0.11718724275451206,-0.011085457092607734,13,3,1.0,38.0,0.466188137514167,0.19040423120513789,0.2758,462,2487,0.1,0.15,15
50,25,false,,0.8020282550298121,0.10144187808991265,-0.7065782496000338,2,2,1.0,9.0,0.025870178739416744,0.008466603951081843,0.1418,462,2487,0.1,0.15,15
60,30,false,,0.125878925330563,0.15521899989710866,0.047712172151331944,45,46,4.0,58.0,0.6349795766802823,0.0415893056071296,0.225,462,2487,0.1,0.15,15
20,10,false,,0.19320931697738966,0.1799059627965303,-0.002013705900466123,12,16,1.0,19.0,0.4956869993838571,0.45625385089340725,0.2908,463,2488,0.1,0.15,15
30,15,false,,0.15173209550368105,0.20797395610337624,0.08992384488122172,19,27,2.0,29.0,0.5515014530190507,0.14433322570229254,0.2726,463,2488,0.1,0.15,15
40,20,false,,0.21155889333276845,0.12880201149217743,-0.09023471588931482,8,4,1.0,38.0,0.37078283655420896,0.055027841467409105,0.234,463,2488,0.1,0.15,15
50,25,false,,0.1355138003549963,0.5680791920466733,0.4338281309743336,46,46,33.0,49.0,0.8462618462618463,0.0,0.1948,463,2488,0.1,0.15,15
60,30,false,,0.1538070846413888,0.14013897124329106,-0.014692805019790325,8,4,1.0,32.0,0.4392523364485981,0.15680166147455868,0.1866,463,2488,0.1,0.15,15
20,10,false,,0.17243221612012372,0.12488398054726267,-0.0794202798097482,6,1,1.0,19.0,0.40786152181752616,0.3530472412549585,0.25,464,2489,0.1,0.15,15
30,15,false,,0.1525785253415616,0.12544905400975764,-0.04529713390536588,9,4,1.0,28.0,0.4131697869593286,0.13266623628147192,0.2864,464,2489,0.1,0.15,15
40,20,false,,0.14943746538512465,0.13250545575041214,-0.03145090600367484,15,3,1.0,39.0,0.40886536553092956,0.12239497188223619,0.2164,464,2489,0.1,0.15,15
50,25,true,,0.13813528319893598,0.3068826485812405,0.17994228631105558,43,45,3.0,49.0,0.7862114683460392,0.02717931720251906,0.201,464,2489,0.1,0.15,15
20,10,false,,0.08004868991685438,0.5563301748770675,0.4739810059820826,15,16,1.0,19.0,0.7159983464241422,0.5791649441918147,0.2438,465,2490,0.1,0.15,15
30,15,false,,0.11527182284907653,0.15489796364911507,0.05131851080132829,15,1,1.0,28.0,0.6073514256269323,0.2432153899003779,0.2986,465,2490,0.1,0.15,15
40,20,false,,0.11856964768848782,0.2002087976279121,0.10375657816499395,32,36,1.0,39.0,0.6955030487804879,0.08231707317073171,0.245,465,2490,0.1,0.15,15
50,25,true,,0.1207122672238711,0.16740235848954482,0.06310492639185324,31,23,5.0,48.0,0.7236657303370787,0.10077247191011236,0.263,465,2490,0.1,0.15,15
20,10,true,,0.10391785307061821,0.3469370667092333,0.25168471391983294,14,14,3.0,19.0,0.817385663314953,0.6905611417450536,0.3,466,2491,0.1,0.15,15
20,10,true,,0.08432589865159018,0.1889903973074335,0.11614309728310485,13,13,2.0,19.0,0.7413379073756432,0.6291595197255575,0.299,467,2492,0.1,0.15,15
20,10,false,,0.1271550403300589,0.1953196033988926,0.09381605922695277,14,17,2.0,19.0,0.6265560165975104,0.5378231726779444,0.2958,468,2493,0.1,0.15,15
30,15,false,,0.11905130703677104,0.13499065071064098,0.03516828886653933,19,24,1.0,28.0,0.5602936036350926,0.1457532331352674,0.2936,468,2493,0.1,0.15,15
40,20,false,,0.11794474694615487,0.6506837020679787,0.5301401419593267,35,37,2.0,39.0,0.8653846153846154,0.019230769230769232,0.249,468,2493,0.1,0.15,15
50,25,false,,0.12566348522276893,0.14521877257362675,0.03622308530024172,27,47,2.0,48.0,0.6096845194424064,0.08584005869405723,0.2578,468,2493,0.1,0.15,15
60,30,false,,0.1409938382085923,0.1259240340685811,-0.02041766844693342,26,1,1.0,58.0,0.46011787819253436,0.03457760314341847,0.183,468,2493,0.1,0.15,15
20,10,false,,0.14713830378687393,0.13980601181235036,-0.009867401143316079,10,16,1.0,19.0,0.4839650145772595,0.4042759961127308,0.2964,469,2494,0.1,0.15,15
30,15,false,,0.14450270866543538,0.11635557206347848,-0.04560161278884911,11,2,1.0,27.0,0.39362831858407077,0.18442477876106195,0.247,469,2494,0.1,0.15,15
40,20,false,,0.12626578679853812,0.43132025921347406,0.31332674933827703,35,35,19.0,39.0,0.7882947976878613,0.021315028901734104,0.2498,469,2494,0.1,0.15,15
50,25,true,,0.13311660758507485,0.38343573395935354,0.24815695614640043,44,46,5.0,49.0,0.8307372793354102,0.01973001038421599,0.2292,469,2494,0.1,0.15,15
20,10,false,,0.12840776228328335,0.36431417956936035,0.22749605999811204,15,16,3.0,19.0,0.6921174652241113,0.6488408037094281,0.2934,470,2495,0.1,0.15,15
30,15,false,,0.13230652369652363,0.1980730348722889,0.0805981270995555,22,28,3.0,29.0,0.6871827411167513,0.1690989847715736,0.2906,470,2495,0.1,0.15,15
40,20,false,,0.20811928783799993,0.1288292578610503,-0.07951069854032031,5,4,1.0,37.0,0.37559483344663497,0.07545887151597552,0.2344,470,2495,0.1,0.15,15
50,25,true,,0.14742104499993056,0.20476712451388893,0.07569970518091658,36,46,2.0,49.0,0.7002583979328165,0.06459948320413436,0.2252,470,2495,0.1,0.15,15
20,10,true,,0.09482339141256055,0.29507278357690303,0.22085360396288956,13,16,2.0,19.0,0.7922787837376153,0.5128117526477622,0.3026,471,2496,0.1,0.15,15
20,10,false,,0.1795880774153454,0.12360076606144181,-0.06196193088264446,9,7,2.0,19.0,0.37448800468110005,0.30544177881802226,0.325,472,2497,0.1,0.15,15
30,15,false,,0.140042230708753,0.21435619132069494,0.09341223186835998,22,25,1.0,29.0,0.666030534351145,0.16793893129770993,0.238,472,2497,0.1,0.15,15
40,20,false,,0.1573459457473977,0.18057293641537506,0.04867773855964164,25,36,1.0,39.0,0.5967591149890932,0.05110626363353069,0.2462,472,2497,0.1,0.15,15
50,25,false,,0.261414260478259,0.13903989957993967,-0.1259719172225784,5,2,1.0,48.0,0.22962226640159045,0.06494367130550033,0.1724,472,2497,0.1,0.15,15
60,30,false,,0.15081744061855154,0.6143602565821676,0.46306211471600944,56,57,44.0,59.0,0.9758874748827864,0.0,0.1958,472,2497,0.1,0.15,15
20,10,false,,0.07003492755058933,0.553548957273182,0.4871789868654941,16,16,7.0,19.0,0.9083536090835361,0.7944038929440389,0.2398,473,2498,0.1,0.15,15
30,15,false,,0.10358367555515213,0.20987516994059993,0.1184075423534901,21,26,1.0,29.0,0.6752041573867854,0.1340014847809948,0.285,473,2498,0.1,0.15,15
40,20,true,,0.10892017197753201,0.24238729240417523,0.14234284249312346,29,33,3.0,39.0,0.7961666052340582,0.10283818650939919,0.2964,473,2498,0.1,0.15,15
20,10,true,,0.05652671139925638,0.35386371512676845,0.29568920754139594,14,16,2.0,19.0,0.8341441839893853,0.6457319770013269,0.1916,474,2499,0.1,0.15,15
20,10,false,,0.08825642450609654,0.23527380395245484,0.16143740112453642,15,1,1.0,19.0,0.6290322580645161,0.533106960950764,0.1772,475,2500,0.1,0.15,15
30,15,true,,0.10870936046564393,0.382902267474124,0.27447519088825145,21,26,2.0,29.0,0.7808219178082192,0.14960346070656091,0.304,475,2500,0.1,0.15,15
20,10,false,,0.1135732906433252,0.1555980350412733,0.05524413314652385,11,17,2.0,19.0,0.6549951814969482,0.41953099903629937,0.309,476,2501,0.1,0.15,15
30,15,false,,0.12455176704249644,0.13361513799421107,0.012155117069383659,20,26,2.0,29.0,0.5299117358613926,0.18470088264138607,0.293,476,2501,0.1,0.15,15
40,20,true,,0.12198748780208199,0.24720855151644225,0.12885903051869718,31,36,4.0,39.0,0.7611377655928718,0.03666895133653187,0.2772,476,2501,0.1,0.15,15
20,10,false,,0.0704683973121597,0.5611222956918761,0.4908606129290355,16,16,2.0,19.0,0.810090237899918,0.6821164889253486,0.2252,477,2502,0.1,0.15,15
30,15,false,,0.12830224641964935,0.11019888377533764,-0.020117056876166592,11,4,1.0,28.0,0.4617737003058104,0.12805810397553516,0.2846,477,2502,0.1,0.15,15
40,20,false,,0.13355126179132965,0.11990201901159007,-0.013831751330320385,12,1,1.0,39.0,0.4751506024096386,0.08998493975903614,0.2476,477,2502,0.1,0.15,15
50,25,false,,0.11997230154001824,0.17145411090866006,0.06554476333504694,41,47,5.0,49.0,0.6648976497346475,0.0640636846095527,0.2418,477,2502,0.1,0.15,15
60,30,false,,0.12267492444342908,0.17367697456666897,0.05251659766465942,43,43,23.0,56.975000000000136,0.695137976346912,0.000657030223390276,0.1112,477,2502,0.1,0.15,15
20,10,true,,0.1190254776690538,0.3928990882087108,0.3015382714207908,14,15,3.0,19.0,0.8911264946507237,0.63058527375708,0.3066,478,2503,0.1,0.15,15
20,10,false,,0.068043793276622,0.39552279509825683,0.320991216737287,15,15,6.0,19.0,0.8910533910533911,0.7012987012987013,0.302,479,2504,0.1,0.15,15
30,15,false,,0.14676043871152336,0.09183794275248847,-0.052859755932120916,6,1,1.0,27.0,0.37982565379825656,0.12702366127023662,0.2196,479,2504,0.1,0.15,15
40,20,false,,0.1226550351058622,0.14199404655037406,0.04775873582270876,23,3,1.0,39.0,0.5736932305055699,0.042416452442159386,0.2792,479,2504,0.1,0.15,15
50,25,true,,0.11047104213097403,0.2553568204578643,0.15991414928149353,38,45,2.0,48.40000000000009,0.7533468559837728,0.08356997971602434,0.2768,479,2504,0.1,0.15,15
20,10,false,,0.11362127054211212,0.5877277542912689,0.4957172370942697,15,16,1.0,19.0,0.6776341558950255,0.5440658049353702,0.2192,480,2505,0.1,0.15,15
30,15,false,,0.11351402553679749,0.13460075807633806,0.02819738098106759,20,25,2.0,29.0,0.6025819958129798,0.21109560362875088,0.288,480,2505,0.1,0.15,15
40,20,true,,0.1200060865691562,0.20830013634347283,0.10986843479188008,28,36,2.0,39.0,0.7908054169636494,0.11190306486101212,0.2462,480,2505,0.1,0.15,15
20,10,true,,0.09942973992855238,0.1865728669572644,0.10019369397898199,12,16,1.0,19.0,0.727743271221532,0.47653554175293306,0.3072,481,2506,0.1,0.15,15
20,10,false,,0.08833967020883499,0.14220306886023182,0.06395843228295224,12,16,2.0,19.0,0.6189069423929099,0.46270310192023634,0.258,482,2507,0.1,0.15,15
30,15,false,,0.09804377547385972,0.1486500176234296,0.0678232637825268,17,26,2.0,29.0,0.6282527881040892,0.21189591078066913,0.263,482,2507,0.1,0.15,15
40,20,true,,0.10511877299937766,0.2504840093261372,0.14211665023272407,32,32,4.0,39.0,0.8018539976825029,0.05639242950946311,0.3004,482,2507,0.1,0.15,15
20,10,false,,0.06272826737603066,0.27754206109165647,0.20908244383677596,15,15,6.0,19.0,0.8195519348268839,0.6993890020366599,0.2276,483,2508,0.1,0.15,15
30,15,true,,0.10667760965043246,0.448944652500177,0.3535730462696818,22,26,1.0,29.0,0.7387529597474349,0.07813733228097869,0.2676,483,2508,0.1,0.15,15
20,10,true,,0.09813907003942762,0.2562706195899492,0.18171136462521587,14,17,1.0,19.0,0.7337192474674384,0.5376266280752533,0.292,484,2509,0.1,0.15,15
20,10,false,,0.16818376872201266,0.12958184651294496,-0.06848017842883924,7,1,1.0,19.0,0.35857321652065083,0.30287859824780977,0.2962,485,2510,0.1,0.15,15
30,15,false,,0.16971872654100545,0.1874223259489686,0.05233936579959969,10,3,1.0,29.0,0.5559055118110237,0.045984251968503934,0.268,485,2510,0.1,0.15,15
40,20,false,,0.20134173397331823,0.15329316949594798,-0.05704547656135148,9,3,1.0,36.0,0.35369871218927823,0.15633423180592992,0.2516,485,2510,0.1,0.15,15
50,25,false,,0.18639406302696937,0.15722182446045682,-0.03160154358172529,9,9,1.0,24.0,0.3770053475935829,0.21984551396316102,0.2076,485,2510,0.1,0.15,15
60,30,false,,0.16046414707791096,0.1898094682489367,0.027697989568685077,52,54,30.0,59.0,0.5908952959028831,0.0,0.1996,485,2510,0.1,0.15,15
20,10,false,,0.14812705029340997,0.18458607493738285,0.05750501689470357,13,16,2.0,19.0,0.5965548504079783,0.5134481716530674,0.3148,486,2511,0.1,0.15,15
30,15,true,,0.1378693877626607,0.37834204583648356,0.25734699571096536,23,25,2.0,29.0,0.8311195445920304,0.1419987349778621,0.3044,486,2511,0.1,0.15,15
20,10,false,,0.09827600644380684,0.5395499043641134,0.4297496018267628,16,17,2.0,19.0,0.8452380952380952,0.7061011904761905,0.2524,487,2512,0.1,0.15,15
30,15,false,,0.10533147044278152,0.17944023091390537,0.09746649604375174,21,25,1.0,29.0,0.6881638846737481,0.16350531107739,0.2654,487,2512,0.1,0.15,15
40,20,false,,0.13494389236914145,0.12441796282719073,-0.006704654067535926,16,35,1.0,39.0,0.47717996289424863,0.11317254174397032,0.2326,487,2512,0.1,0.15,15
50,25,true,,0.12085287928174748,0.23480267653793613,0.1222209448646922,42,48,18.0,49.0,0.745945945945946,0.03166023166023166,0.2388,487,2512,0.1,0.15,15
20,10,true,,0.100023321274927,0.46985028760053327,0.38734672199280157,14,17,2.0,19.0,0.7055279943302623,0.572289156626506,0.2808,488,2513,0.1,0.15,15
20,10,false,,0.19014506481017218,0.12054188814386096,-0.08248864605643363,7,3,1.0,19.0,0.33627481878348564,0.2845887173022376,0.2938,489,2514,0.1,0.15,15
30,15,false,,0.2639146361673617,0.10952477800104232,-0.16386889812256727,5,2,1.0,27.0,0.21083304765169694,0.12135755913609873,0.2388,489,2514,0.1,0.15,15
40,20,false,,0.14448645177694755,0.13392494217888193,-0.014997257594902363,22,1,1.0,39.0,0.4395714763977235,0.0780046869768999,0.2292,489,2514,0.1,0.15,15
50,25,true,,0.13825112006282578,0.17332301913877107,0.059975035074484345,30,42,2.0,48.0,0.7305236270753512,0.11621966794380588,0.239,489,2514,0.1,0.15,15
20,10,true,,0.1304732734629649,0.3520745109866913,0.24045589560563135,14,16,2.0,19.0,0.8123654260227622,0.6065825899723162,0.3304,490,2515,0.1,0.15,15
20,10,false,,0.15158180557134068,0.13758487640553885,-0.01432891423933897,10,1,1.0,19.0,0.47297297297297297,0.3875,0.2774,491,2516,0.1,0.15,15
30,15,false,,0.14921784497320897,0.17865896253633984,0.04578793031746863,18,1,1.0,29.0,0.6115960099750624,0.1399625935162095,0.2548,491,2516,0.1,0.15,15
40,20,false,,0.1555005750806779,0.1592589216343523,0.009767501664817851,19,2,1.0,37.0,0.5346260387811634,0.10680209295167743,0.2484,491,2516,0.1,0.15,15
50,25,false,,0.15506507685729895,0.17169798154202842,0.028783233470935615,35,40,2.0,49.0,0.6398305084745762,0.07294188861985472,0.2206,491,2516,0.1,0.15,15
60,30,false,,0.15584300261858025,0.18241666583322946,0.03497153619156125,48,56,9.0,58.0,0.6400584795321638,0.024269005847953218,0.1958,491,2516,0.1,0.15,15
20,10,false,,0.11889387463730494,0.17043686273281394,0.07097723331603475,13,16,1.0,19.0,0.5559729526671675,0.48534936138241924,0.2512,492,2517,0.1,0.15,15
30,15,true,,0.10140407896720963,0.2236848053276706,0.162053528533518,19,25,2.0,29.0,0.707345971563981,0.09597156398104266,0.2628,492,2517,0.1,0.15,15
20,10,false,,0.15802576792171322,0.2423915709584239,0.11428181438111776,14,18,1.0,19.0,0.5936190783113117,0.5101514663229133,0.2906,493,2518,0.1,0.15,15
30,15,false,,0.17728419409919413,0.14023537426269025,-0.055325042954906645,7,1,1.0,28.0,0.38665358194308147,0.10565914295060516,0.258,493,2518,0.1,0.15,15
40,20,false,,0.15660556346165588,0.19433987559847013,0.08022924293513625,32,38,1.0,39.0,0.6180805764821488,0.05306256141500164,0.225,493,2518,0.1,0.15,15
50,25,false,,0.15121689711238753,0.20242019716757054,0.05022085978815144,43,44,24.0,49.0,0.6957948106173576,0.012227855651655234,0.22,493,2518,0.1,0.15,15
60,30,false,,0.16093813382138233,0.15530358285615697,-0.009278416436454162,16,5,1.0,57.0,0.43646915088576665,0.05803298717165547,0.1988,493,2518,0.1,0.15,15
20,10,false,,0.15898206071028323,0.10337204315245123,-0.08426687886400896,7,1,1.0,19.0,0.36710570753123944,0.25295508274231676,0.278,494,2519,0.1,0.15,15
30,15,false,,0.11995609467113262,0.16845354986240849,0.06909879807009287,17,28,1.0,29.0,0.5843465045592705,0.09574468085106383,0.247,494,2519,0.1,0.15,15
40,20,false,,0.12754190648360317,0.14662718275506967,0.04841874438717053,21,1,1.0,39.0,0.6121700879765396,0.04032258064516129,0.2542,494,2519,0.1,0.15,15
50,25,true,,0.12717936346401215,0.30271904630002805,0.17552956367695619,44,45,20.0,49.0,0.8001456133964324,0.015653440116490717,0.2358,494,2519,0.1,0.15,15
20,10,false,,0.11513240039061612,0.17277962969110824,0.06679067144027162,13,15,1.0,19.0,0.6644758462044036,0.49260598093986196,0.29,495,2520,0.1,0.15,15
30,15,false,,0.14062403773763074,0.1675403511939683,0.06234796397157711,15,1,1.0,29.0,0.5628930817610063,0.06743535988819008,0.2726,495,2520,0.1,0.15,15
40,20,true,,0.12944025768660983,0.2282574190615961,0.10695619348604657,33,36,14.0,39.0,0.7451841838458939,0.08009462656302806,0.244,495,2520,0.1,0.15,15
20,10,false,,0.09679344162309533,0.41880389445576266,0.32020193307302824,15,16,3.875,19.0,0.881935047361299,0.668809201623816,0.298,496,2521,0.1,0.15,15
30,15,false,,0.135125011385301,0.16479644004430652,0.056481998970448324,13,1,1.0,29.0,0.5716852317642831,0.15630614444843693,0.2516,496,2521,0.1,0.15,15
40,20,true,,0.13034873459278679,0.18689824695120377,0.08875237952068867,23,36,2.0,39.0,0.7303262955854126,0.11548304542546385,0.2884,496,2521,0.1,0.15,15
20,10,false,,0.1327373278500173,0.1565042601205681,0.053344213600064055,12,17,1.0,19.0,0.5785576303927882,0.4488087572440438,0.2758,497,2522,0.1,0.15,15
30,15,false,,0.11218255117881647,0.1391951615048187,0.037170831107795566,22,27,2.0,29.0,0.6010507880910683,0.15096322241681262,0.2886,497,2522,0.1,0.15,15
40,20,true,,0.11557924859081949,0.26719663371476227,0.15003953814140375,33,37,21.0,39.0,0.7601166605905942,0.005468465184104995,0.263,497,2522,0.1,0.15,15
20,10,false,,0.15755923171447872,0.14787688439245122,-0.019405006187205392,8,2,1.0,19.0,0.44154266626176736,0.326753720012147,0.3282,498,2523,0.1,0.15,15
30,15,false,,0.13868575528277013,0.5941865117321498,0.4574065374835275,25,27,2.0,29.0,0.826043068640646,0.08344549125168237,0.2424,498,2523,0.1,0.15,15
40,20,false,,0.1437701027751346,0.151710627964657,0.012907195740596789,28,36,3.0,39.0,0.5360983102918587,0.09493087557603687,0.2536,498,2523,0.1,0.15,15
50,25,true,,0.1457800723875443,0.3480610108303978,0.20102166139668812,44,46,17.0,49.0,0.8408163265306122,0.027001569858712715,0.2174,498,2523,0.1,0.15,15
20,10,true,,0.05614770031023352,0.2522311926303396,0.20950582443537627,14,17,2.0,19.0,0.7417818008575512,0.5483563601715102,0.1592,499,2524,0.1,0.15,15
20,10,false,,0.15694972488489764,0.11502470688097689,-0.047695216235257715,9,1,1.0,19.0,0.4383975812547241,0.3688586545729403,0.2438,500,2525,0.1,0.15,15
30,15,false,,0.11639351356840942,0.7558002240672087,0.6348533594406236,26,26,6.0,29.0,0.8946608946608947,0.0652958152958153,0.2712,500,2525,0.1,0.15,15
40,20,false,,0.14307021539636197,0.21691016793704126,0.12964927266160206,23,36,1.0,39.0,0.6814488828706838,0.10900473933649289,0.2532,500,2525,0.1,0.15,15
50,25,false,,0.16578704375140252,0.15099140371991107,-0.01548754456578258,6,1,1.0,44.0,0.4711840726510653,0.11177086971707999,0.2076,500,2525,0.1,0.15,15
60,30,false,,0.176964532957607,0.15310179880400254,-0.024954713478024027,6,1,1.0,27.40000000000009,0.44543889845094664,0.1576592082616179,0.1568,500,2525,0.1,0.15,15
20,10,false,,0.1411663515416679,0.15553207600234742,0.02078138854304106,11,2,1.0,19.0,0.5404871626069783,0.4229756418696511,0.2962,501,2526,0.1,0.15,15
30,15,false,,0.1304127823753513,0.19183747886819408,0.08132562670369456,24,27,3.0,29.0,0.6386001386001386,0.14934164934164934,0.2668,501,2526,0.1,0.15,15
40,20,false,,0.1598002179867907,0.14252280028973263,-0.024954943467196317,10,2,1.0,37.0,0.4542672560353621,0.10914654879292758,0.2356,501,2526,0.1,0.15,15
50,25,true,,0.1433127159804803,0.2514634755540136,0.11429540519008907,43,45,21.0,49.0,0.7881040892193308,0.007125154894671623,0.2092,501,2526,0.1,0.15,15
20,10,false,,0.7875966865333308,0.08039730010788491,-0.6999971815144862,2,1,1.0,10.0,0.02356902356902357,0.013047138047138047,0.1454,502,2527,0.1,0.15,15
30,15,false,,0.17193709592381562,0.09859936579840006,-0.0882947045156701,7,4,1.0,26.0,0.25970787317420735,0.13644460277876735,0.2714,502,2527,0.1,0.15,15
40,20,false,,0.1665431952051914,0.10286564110040403,-0.07836788208156557,8,3,1.0,35.0,0.2479068074262832,0.1314160902803058,0.2574,502,2527,0.1,0.15,15
50,25,true,,0.12291191152253532,0.2052289907346876,0.08815628989284346,37,32,8.0,48.0,0.7193042291950886,0.03137789904502047,0.2592,502,2527,0.1,0.15,15
20,10,false,,0.10993185588988483,0.16888098965163512,0.07757499919419356,12,16,1.0,19.0,0.6690073412065113,0.47813597191190554,0.3136,503,2528,0.1,0.15,15
30,15,false,,0.24636220150092597,0.10169011687531582,-0.15299974404441072,3,1,1.0,27.0,0.18946098149637972,0.06717618664521319,0.2102,503,2528,0.1,0.15,15
40,20,true,,0.11715564910920365,0.2702415943964706,0.15149629982726714,33,35,3.0,39.0,0.7782577393808495,0.024838012958963283,0.2742,503,2528,0.1,0.15,15
20,10,false,,0.1069922715719271,0.18236889709168957,0.10057487712636698,13,17,1.0,19.0,0.6169397002439875,0.48588358313001045,0.2654,504,2529,0.1,0.15,15
30,15,true,,0.10258690689069576,0.38286276766563027,0.2895752393757776,23,24,5.0,29.0,0.8405156537753223,0.13627992633517497,0.287,504,2529,0.1,0.15,15
20,10,false,,0.06813613620601962,0.5186904725663556,0.44041892962839624,15,16,4.0,19.0,0.9157410953657602,0.6928379931060896,0.273,505,2530,0.1,0.15,15
30,15,false,,0.09728082845190131,0.6467398699213932,0.5477129212559675,25,26,18.0,29.0,0.968497576736672,0.033521809369951534,0.29,505,2530,0.1,0.15,15
40,20,false,,0.11657478744816523,0.1356404027658552,0.03900885253463485,23,35,1.0,39.0,0.5707565660525284,0.07487259898079185,0.2504,505,2530,0.1,0.15,15
50,25,false,,0.12149362264807567,0.15196720538060837,0.03548807595701731,32,44,2.0,48.0,0.6205661053385884,0.0920816911501254,0.2758,505,2530,0.1,0.15,15
60,30,true,,0.12435574263298374,0.1697282262513247,0.0596403579970452,37,56,6.0,58.0,0.7178002894356006,0.10238784370477569,0.2328,505,2530,0.1,0.15,15
20,10,true,,0.12437641943400618,0.23450687151414015,0.13114035703000632,13,15,2.0,19.0,0.7038834951456311,0.5655339805825242,0.3296,506,2531,0.1,0.15,15
20,10,false,,0.15361011042559172,0.27272684898127575,0.14599735773374325,11,14,1.0,19.0,0.6880706025562995,0.4217894096165551,0.3254,507,2532,0.1,0.15,15
30,15,false,,0.14790108050314735,0.18863863595384647,0.05662297294346125,21,26,2.0,29.0,0.6378186129223473,0.18375815056312983,0.2936,507,2532,0.1,0.15,15
40,20,true,,0.13949367526286902,0.2181720556615742,0.1032481768100218,33,36,3.0,39.0,0.787281399046105,0.05627980922098569,0.2612,507,2532,0.1,0.15,15
20,10,false,,0.0715402384537266,0.4482638039430625,0.3764057858470999,16,16,6.0,19.0,0.8552845528455284,0.7556910569105691,0.2448,508,2533,0.1,0.15,15
30,15,false,,0.06323001388695047,0.39833692627701517,0.3234213502518361,26,25,15.0,29.0,0.9222520107238605,0.05522788203753351,0.1198,508,2533,0.1,0.15,15
40,20,false,,0.19752414887791633,0.05720374906801527,-0.13981891012394793,3,1,1.0,8.0,0.10076923076923076,0.003076923076923077,0.0426,508,2533,0.1,0.15,15
50,25,false,,0.0864295631498698,0.07494750815000444,-0.014917608572142381,8,3,1.0,28.0,0.3684879288437103,0.13532401524777637,0.0492,508,2533,0.1,0.15,15
60,30,true,,0.0759126831799832,0.2067858806072573,0.1328673210805793,42,42,29.0,57.0,0.8407494145199064,0.0,0.0168,508,2533,0.1,0.15,15
20,10,false,,0.13584329897582925,0.12327047220095727,-0.02610056353073012,10,1,1.0,19.0,0.4513707571801567,0.3720626631853786,0.2702,509,2534,0.1,0.15,15
30,15,false,,0.12346130653247737,0.22005708020037998,0.11150087881709966,23,25,2.0,29.0,0.6937624419376244,0.10451227604512275,0.291,509,2534,0.1,0.15,15
40,20,false,,0.1297993217447142,0.16390073876215064,0.05484676738401337,24,36,2.0,38.0,0.6506960181288443,0.1453544836516672,0.2728,509,2534,0.1,0.15,15
50,25,false,,0.138692851122054,0.46868648283929043,0.33266145802257047,45,45,36.0,49.0,0.925999339279815,0.0,0.2308,509,2534,0.1,0.15,15
60,30,true,,0.14365352205194837,0.26809786477691594,0.13182924255438158,51,53,24.0,59.0,0.8584935392373149,0.00441222817522849,0.196,509,2534,0.1,0.15,15
20,10,false,,0.11748057129282825,0.17866940025073677,0.07405761736314499,13,16,1.0,19.0,0.6575520833333334,0.5546875,0.3208,510,2535,0.1,0.15,15
30,15,true,,0.13058877706999583,0.3738176571633748,0.25477510034690115,24,27,2.0,29.0,0.8314387788242936,0.13673270542383892,0.2766,510,2535,0.1,0.15,15
20,10,false,,0.10201977018459685,0.44964162616143544,0.3344937699761692,15,17,2.0,19.0,0.8490371389270976,0.6368638239339752,0.3018,511,2536,0.1,0.15,15
30,15,true,,0.11051483579395331,0.23724829496558344,0.1317213776797546,23,26,3.0,29.0,0.7776238309664011,0.16106685140284033,0.2872,511,2536,0.1,0.15,15
20,10,false,,0.15411032178552228,0.08755060935264654,-0.07553173133819592,6,1,1.0,17.0,0.3139091224419008,0.21436004162330904,0.2786,512,2537,0.1,0.15,15
30,15,true,,0.10681629107915076,0.3472402700256878,0.2679278328323656,21,26,2.0,29.0,0.7706214689265537,0.1743879472693032,0.2778,512,2537,0.1,0.15,15
20,10,false,,0.16882602385831502,0.15934113021492347,-0.020867413592541878,12,2,1.0,19.0,0.47608489071903703,0.49509027557808044,0.2778,513,2538,0.1,0.15,15
30,15,false,,0.1593033632715529,0.14024994374726535,-0.017099541641438808,9,7,1.0,28.0,0.45775497887748945,0.15328907664453834,0.2918,513,2538,0.1,0.15,15
40,20,false,,0.14510479112345462,0.32425171899293165,0.1902927840646543,33,36,3.0,39.0,0.664440203562341,0.04643765903307888,0.2404,513,2538,0.1,0.15,15
50,25,false,,0.17135665409987622,0.1412830559667493,-0.04723051773418509,15,2,1.0,49.0,0.38646829613885936,0.12150194828196953,0.1886,513,2538,0.1,0.15,15
60,30,false,,0.6246819704821623,0.1352945499732199,-0.48298182851233784,2,2,1.0,7.0,0.042359461599366585,0.00435471100554236,0.105,513,2538,0.1,0.15,15
20,10,false,,0.13744698105859596,0.12972961833598928,-0.011469996131163784,9,2,1.0,19.0,0.48133198789101916,0.3625967036663303,0.2792,514,2539,0.1,0.15,15
30,15,false,,0.13867084011767822,0.18432049642196865,0.06596158436844998,18,24,1.3499999999999943,29.0,0.5981102362204724,0.15338582677165355,0.2784,514,2539,0.1,0.15,15
40,20,false,,0.16883999574007055,0.1322588174124536,-0.047916170782832654,7,2,1.0,39.0,0.41502808988764045,0.030547752808988762,0.2162,514,2539,0.1,0.15,15
50,25,false,,0.15484337989948285,0.13637433009525807,-0.032462740052576905,20,1,1.0,49.0,0.4244926040591675,0.07602339181286549,0.2032,514,2539,0.1,0.15,15
60,30,false,,0.14105919253886334,0.40907314229520364,0.26844177293583693,55,56,44.0,59.0,0.7714479484571041,0.0,0.1866,514,2539,0.1,0.15,15
20,10,true,,0.10451160029799149,0.22484403642087872,0.1355094460241396,14,17,2.0,19.0,0.7789336801040312,0.5835500650195059,0.3218,515,2540,0.1,0.15,15
20,10,false,,0.24770173555544733,0.06228648597542988,-0.20348731386698593,3,1,1.0,18.0,0.2451394759087067,0.19146238377007607,0.1934,516,2541,0.1,0.15,15
30,15,false,,0.1327688397260623,0.1077367341032011,-0.02749081507133859,9,3,1.0,27.0,0.4193786982248521,0.24334319526627218,0.294,516,2541,0.1,0.15,15
40,20,true,,0.11504529692527682,0.18924274339900815,0.07226421513038025,33,35,17.0,39.0,0.7192788815305372,0.03200883002207505,0.2686,516,2541,0.1,0.15,15
20,10,false,,0.15350307904636712,0.11430761722323074,-0.059449413111828636,9,1,1.0,19.0,0.4502262443438914,0.4042232277526395,0.2026,517,2542,0.1,0.15,15
30,15,false,,0.12992432748219862,0.13053744551416976,0.0021630822418171325,12,4,1.0,28.0,0.5055165496489469,0.19157472417251756,0.2868,517,2542,0.1,0.15,15
40,20,false,,0.1315750119523209,0.2008150623473469,0.09412645330069835,29,36,2.0,39.0,0.6938035596572182,0.08206987475280159,0.265,517,2542,0.1,0.15,15
50,25,true,,0.13602485971459363,0.2475977191345539,0.11451434544819739,43,46,6.0,49.0,0.7562970232253844,0.007196597971867844,0.227,517,2542,0.1,0.15,15
20,10,false,,0.1252952276846938,0.6548177473937714,0.5247068586091069,16,16,3.0,19.0,0.8098897427330438,0.7200133645172068,0.2888,518,2543,0.1,0.15,15
30,15,true,,0.14146004554122216,0.24289429373972726,0.120171581958008,23,26,2.625,29.0,0.7162586315128688,0.16917765222849968,0.2804,518,2543,0.1,0.15,15
20,10,true,,0.0832630423411234,0.33309540113235064,0.2510609249921507,13,15,2.0,19.0,0.8928939237899073,0.5956059045657398,0.3024,519,2544,0.1,0.15,15
20,10,false,,0.1722311441275031,0.14084842453486632,-0.05102885780696553,8,2,1.0,19.0,0.3973717146433041,0.3498122653316646,0.2978,520,2545,0.1,0.15,15
30,15,false,,0.15514707892678248,0.15584792831587493,0.005192988488819494,16,26,1.0,29.0,0.5104004967401428,0.19962744489289042,0.2782,520,2545,0.1,0.15,15
40,20,false,,0.1432128842287215,0.6170299080146147,0.4794114245302291,36,36,2.0,39.0,0.8508498092265002,0.07318765175164758,0.2134,520,2545,0.1,0.15,15
50,25,false,,0.1487527509233824,0.18397344093923612,0.03707441663022035,42,45,2.0,49.0,0.6228448275862069,0.015701970443349755,0.2114,520,2545,0.1,0.15,15
60,30,false,,0.1529167248221742,0.20275118980927292,0.052765203911692454,50,56,18.0,59.0,0.6949409269918206,0.017570433202059983,0.1672,520,2545,0.1,0.15,15
20,10,false,,0.11883134946166533,0.12997095815995663,0.006084205194672648,11,14,1.0,19.0,0.512241653418124,0.4314785373608903,0.3158,521,2546,0.1,0.15,15
30,15,false,,0.12612801715375146,0.17116891187618075,0.07205844352117291,18,25,1.0,29.0,0.661437908496732,0.17973856209150327,0.294,521,2546,0.1,0.15,15
40,20,false,,0.5407346775601354,0.12570910568302746,-0.42164992323376604,4,1,1.0,39.0,0.32282521947326415,0.06464485235434957,0.1906,521,2546,0.1,0.15,15
50,25,false,,0.14543103706875252,0.746763693732602,0.600395266767838,45,45,29.0,49.0,0.9046164290563475,0.0,0.2104,521,2546,0.1,0.15,15
60,30,true,,0.1519683190463693,0.2373311205544944,0.0912740234575421,51,56,29.0,59.0,0.7941984732824428,0.0,0.2144,521,2546,0.1,0.15,15
20,10,false,,0.10336602158269703,0.09835726520452391,-0.00038359352509069293,9,2,1.0,19.0,0.49850968703427717,0.3073770491803279,0.2542,522,2547,0.1,0.15,15
30,15,false,,0.11197737893907372,0.6693400636235666,0.549458073161855,25,26,4.0,29.0,0.9207339449541284,0.10128440366972477,0.278,522,2547,0.1,0.15,15
40,20,false,,0.12996336891361018,0.14525920872553894,0.035949733627575434,12,8,1.0,37.0,0.6213910761154856,0.25426509186351703,0.2876,522,2547,0.1,0.15,15
50,25,true,,0.13953958597720373,0.31647449898939056,0.19217676532109765,43,46,19.0,49.0,0.8391631252043151,0.010787839163125205,0.2352,522,2547,0.1,0.15,15
20,10,false,,0.13620554634371626,0.6139272187281491,0.4742649286845993,16,17,4.0,19.0,0.837149306675266,0.726539825862625,0.2982,523,2548,0.1,0.15,15
30,15,false,,0.1252181592042141,0.16926483842382486,0.07916223395463073,24,27,2.0,29.0,0.6615229788661523,0.0637370010063737,0.2572,523,2548,0.1,0.15,15
40,20,false,,0.13821901542312004,0.10843107949241147,-0.04135373551300695,15,4,1.0,38.0,0.3490566037735849,0.19566736547868624,0.2656,523,2548,0.1,0.15,15
50,25,false,,0.13366974245848082,0.11611621762548711,-0.024934916721704503,19,6,2.0,48.0,0.4163688348820586,0.14045746962115796,0.2434,523,2548,0.1,0.15,15
60,30,false,,0.12560324413358945,0.18933811318454918,0.0700225025630576,46,56,4.0,59.0,0.6986947063089195,0.032632342277012324,0.2312,523,2548,0.1,0.15,15
20,10,false,,0.09110977809493351,0.6507223112278128,0.5541123342097672,15,17,2.0,19.0,0.8191751850546352,0.6471624955939372,0.2842,524,2549,0.1,0.15,15
30,15,false,,0.36384469943719067,0.10114915422192787,-0.26748148416924333,3,1,1.0,25.0,0.19749596122778676,0.04079159935379645,0.2368,524,2549,0.1,0.15,15
40,20,false,,0.12000245189745931,0.16552668900982725,0.0784267365795947,21,34,1.0,38.0,0.6528329123060267,0.1068206423673764,0.2742,524,2549,0.1,0.15,15
50,25,false,,0.14733255919219737,0.1060872634852336,-0.05384886176728086,14,3,1.0,43.0,0.3011320754716981,0.13358490566037737,0.2478,524,2549,0.1,0.15,15
60,30,false,,0.15365227623648356,0.12340289068284992,-0.030371773232442487,11,4,1.0,46.0,0.3964723926380368,0.18788343558282208,0.1816,524,2549,0.1,0.15,15
20,10,false,,0.08349231671202859,0.3379097929707181,0.2532777510776829,15,16,1.0,19.0,0.7365449755363191,0.6529920963492661,0.276,525,2550,0.1,0.15,15
30,15,true,,0.1066633926760056,0.2618647661621637,0.16593292775460866,20,19,7.0,29.0,0.8607760026084121,0.25432018258884903,0.32,525,2550,0.1,0.15,15
20,10,false,,0.1463409172151019,0.11626687135377661,-0.02656898040630746,8,2,1.0,19.0,0.4523131672597865,0.33523131672597867,0.275,526,2551,0.1,0.15,15
30,15,true,,0.11077832962947416,0.43407696961479864,0.3215198805427655,24,26,5.0,29.0,0.8358956024311762,0.10690025026814444,0.283,526,2551,0.1,0.15,15
20,10,true,,0.09235116879086665,0.22021451510177195,0.1294276946877529,13,16,2.0,19.0,0.7694378996970717,0.583641871423763,0.2992,527,2552,0.1,0.15,15
20,10,false,,0.1830753253866405,0.06896005831466323,-0.11886349328900835,3,1,1.0,13.0,0.2575503355704698,0.05285234899328859,0.2186,528,2553,0.1,0.15,15
30,15,true,,0.1019309681595343,0.2251603458114897,0.13646942579197988,20,26,1.0,29.0,0.7115975422427036,0.15629800307219663,0.2622,528,2553,0.1,0.15,15
20,10,false,,0.13750234473829973,0.4435024534580497,0.31459556233339436,15,16,4.0,19.0,0.8716175586289837,0.7399278412507516,0.315,529,2554,0.1,0.15,15
30,15,true,,0.13653557607953495,0.18383198320417818,0.07963519762910228,16,25,2.0,28.0,0.7202881152460985,0.21788715486194477,0.2834,529,2554,0.1,0.15,15
20,10,false,,0.18232194608732583,0.1272683326039354,-0.0776901664018188,9,3,1.0,19.0,0.40056109725685785,0.35785536159601,0.284,530,2555,0.1,0.15,15
30,15,false,,0.13645308275289167,0.17886665865818313,0.08771871770245865,17,26,1.0,29.0,0.576068376068376,0.13811965811965812,0.2618,530,2555,0.1,0.15,15
40,20,false,,0.13492604320639087,0.22888948692167083,0.11701431016891922,32,36,4.0,39.0,0.6895861148197597,0.12216288384512683,0.2456,530,2555,0.1,0.15,15
50,25,false,,0.13626531041528384,0.15297591870784605,0.028370191340917728,33,44,4.0,48.0,0.5917271866119356,0.1796652983896432,0.2462,530,2555,0.1,0.15,15
60,30,false,,0.14101329176500246,0.1450521038712075,0.005756729491631307,32,32,8.0,53.0,0.5269262634631318,0.16901408450704225,0.0638,530,2555,0.1,0.15,15
20,10,false,,0.08668779816623241,0.4658180772817821,0.38017834878935614,15,16,2.0,19.0,0.8562568405691353,0.6037942356804086,0.2806,531,2556,0.1,0.15,15
30,15,true,,0.11526171850697015,0.5126193630788676,0.40558180670862853,23,27,1.0,29.0,0.76008804108584,0.09427732942039618,0.2676,531,2556,0.1,0.15,15
20,10,false,,0.16217499341814812,0.12639381929384721,-0.04479777231120569,10,2,1.0,19.0,0.42357673267326734,0.36448019801980197,0.306,532,2557,0.1,0.15,15
30,15,false,,0.15719526048111798,0.10249288687790946,-0.06576179897812064,6,3,1.0,26.0,0.3027198869657365,0.15047686329918758,0.2744,532,2557,0.1,0.15,15
40,20,false,,0.13009536269424996,0.15348291170106723,0.03417216965549073,32,36,2.0,39.0,0.5856063095629314,0.04173512980611239,0.2632,532,2557,0.1,0.15,15
50,25,false,,0.14829607636865796,0.1294843504230154,-0.016549048428755667,10,9,2.0,33.0,0.4067466753162504,0.21277975997405124,0.2542,532,2557,0.1,0.15,15
60,30,false,,0.13473659240790542,0.16519173370209275,0.04294694954720853,46,52,2.0,59.0,0.6600763093999307,0.061394380853277836,0.2088,532,2557,0.1,0.15,15
20,10,false,,0.12410417191357732,0.1666099563513936,0.06777440385027844,11,1,1.0,19.0,0.5951724137931035,0.41344827586206895,0.2654,533,2558,0.1,0.15,15
30,15,false,,0.11455850443049495,0.1847352252198578,0.0850648300182689,21,25,2.0,29.0,0.688227241615332,0.14921286789869953,0.2558,533,2558,0.1,0.15,15
40,20,false,,0.1323000443106726,0.13922218338581757,0.020494360025029634,16,3,1.0,39.0,0.5535652772993455,0.11849810540819841,0.2694,533,2558,0.1,0.15,15
50,25,false,,0.13198787574758467,0.533864637629271,0.3933489246285241,45,46,37.0,49.0,0.8871831488754016,0.0,0.2206,533,2558,0.1,0.15,15
60,30,true,,0.13671777803774832,0.35291887358927637,0.21613778977693823,53,54,29.0,59.0,0.8869565217391304,0.0,0.2032,533,2558,0.1,0.15,15
20,10,false,,0.11035658467924092,0.7824785863192317,0.6623024233081881,16,16,10.0,19.0,0.9561522773623385,0.8405846363018354,0.2794,534,2559,0.1,0.15,15
30,15,false,,0.1456321570623087,0.13746982552159498,0.006738310286030003,7,2,1.0,29.0,0.5082142857142857,0.04964285714285714,0.256,534,2559,0.1,0.15,15
40,20,false,,0.16669905420213774,0.11006994252908801,-0.08663661944462195,10,1,1.0,38.0,0.33256616800920596,0.1031837360951285,0.2264,534,2559,0.1,0.15,15
50,25,false,,0.12709556047808238,0.14790726468967957,0.04445938870800564,28,42,2.0,48.0,0.6153572698186989,0.08851759687166726,0.2418,534,2559,0.1,0.15,15
60,30,false,,0.12822407873596764,0.3599664542509451,0.23180740517284737,55,56,14.0,59.0,0.7660753880266076,0.037694013303769404,0.188,534,2559,0.1,0.15,15
20,10,false,,0.09996744779274935,0.18509432171329737,0.08635369788173741,13,15,1.0,19.0,0.6664411366711772,0.5334912043301759,0.2984,535,2560,0.1,0.15,15
30,15,false,,0.1222482371319209,0.15765896478546285,0.05009801936615395,18,28,1.0,29.0,0.6293218085106383,0.18184840425531915,0.2852,535,2560,0.1,0.15,15
40,20,false,,0.11981015924641934,0.3854399602224088,0.26795473176700635,35,36,16.0,39.0,0.8409513192121888,0.02489780750650316,0.2398,535,2560,0.1,0.15,15
50,25,false,,0.12559028568782657,0.1546696641720018,0.03933790566581026,30,36,2.0,48.0,0.6771361026680176,0.1111111111111111,0.2564,535,2560,0.1,0.15,15
60,30,false,,0.14118684090212885,0.15984852220801904,0.04677480329538343,27,3,1.0,59.0,0.63998613998614,0.058212058212058215,0.173,535,2560,0.1,0.15,15
20,10,false,,0.09547752782843497,0.09907408275893463,0.00581627694454046,11,16,1.0,19.0,0.5137420718816068,0.43868921775898523,0.292,536,2561,0.1,0.15,15
30,15,false,,0.10050390405548654,0.16508320790465114,0.07589312140300103,21,26,1.0,29.0,0.6552114803625377,0.16729607250755288,0.2818,536,2561,0.1,0.15,15
40,20,false,,0.11145715923248689,0.13169482081455086,0.027207089978019544,26,36,3.0,39.0,0.6059678653404744,0.1568477429227238,0.2902,536,2561,0.1,0.15,15
50,25,false,,0.1304708698006779,0.10374883565740164,-0.030673369834872774,11,8,1.0,44.0,0.38051323175621493,0.2301523656776263,0.2692,536,2561,0.1,0.15,15
60,30,true,,0.11487662151399605,0.2828406013946584,0.158711040744955,53,56,37.0,59.0,0.7794994040524433,0.0,0.2498,536,2561,0.1,0.15,15
20,10,false,,0.09965285450573301,0.6249581443610361,0.5117340279520555,16,16,2.0,19.0,0.7592174567343868,0.6753197893152746,0.2592,537,2562,0.1,0.15,15
30,15,false,,0.11310456570909166,0.09705105583394766,-0.022663037401697006,13,5,1.0,29.0,0.4192581491195204,0.25515174222555265,0.2834,537,2562,0.1,0.15,15
40,20,false,,0.11995412700737217,0.1430458522326716,0.0304449203929172,27,36,3.0,39.0,0.593638313080772,0.06433166547533953,0.2714,537,2562,0.1,0.15,15
50,25,true,,0.12117290412808351,0.22425553095925044,0.12109341700493004,38,44,2.0,49.0,0.7394678492239468,0.09682187730968218,0.2466,537,2562,0.1,0.15,15
20,10,false,,0.11422536290150147,0.48065252924452867,0.35871391889184184,16,16,2.0,19.0,0.7902192242833053,0.666779089376054,0.287,538,2563,0.1,0.15,15
30,15,false,,0.13305159191299198,0.13000063819290664,-0.008349664711009862,15,26,1.0,29.0,0.47927807486631013,0.16143048128342247,0.2942,538,2563,0.1,0.15,15
40,20,true,,0.11804955428343125,0.2515296549054845,0.1385185104625075,31,36,2.0,39.0,0.7322424693194496,0.08181480104127929,0.2558,538,2563,0.1,0.15,15
20,10,false,,0.10191026936226007,0.12408789217783019,0.02424979293012068,9,1,1.0,19.0,0.5760202239075478,0.37883712531599856,0.276,539,2564,0.1,0.15,15
30,15,false,,0.13133408040030728,0.09862132577739299,-0.03927057383630943,8,2,1.0,28.0,0.41867704280155643,0.09455252918287937,0.2766,539,2564,0.1,0.15,15
40,20,false,,0.11914584185484532,0.10688923256243567,-0.013792072006977837,14,7,1.0,36.0,0.4412354592860008,0.2663457681508223,0.2804,539,2564,0.1,0.15,15
50,25,true,,0.10901498290854487,0.6463657661861508,0.5301116762371896,44,44,36.0,49.0,0.9966457023060796,0.0,0.2664,539,2564,0.1,0.15,15
20,10,false,,0.11984945708636853,0.11854850747126032,0.007142078577780792,11,16,1.0,19.0,0.5274621212121212,0.41035353535353536,0.307,540,2565,0.1,0.15,15
30,15,false,,0.1291747515700301,0.3631255965075719,0.241756651599428,25,26,2.0,29.0,0.74580910023948,0.04789599726308587,0.2748,540,2565,0.1,0.15,15
40,20,false,,0.13739032558212907,0.19825066729867527,0.09171426829650878,31,36,4.0,39.0,0.6818757921419518,0.0944233206590621,0.2508,540,2565,0.1,0.15,15
50,25,false,,0.1434415963397035,0.1654008089694502,0.034046487965992606,29,45,2.0,49.0,0.6205673758865248,0.11960025789813024,0.2322,540,2565,0.1,0.15,15
60,30,false,,0.16596702442108105,0.14679275680013254,-0.036806768074714724,9,5,1.0,58.0,0.3962512331469911,0.10917461361394278,0.208,540,2565,0.1,0.15,15
20,10,false,,0.04703155815221766,0.6418208693983143,0.5820691838898087,17,17,11.0,19.0,0.9850597609561753,0.8386454183266933,0.1374,541,2566,0.1,0.15,15
30,15,false,,0.17607772086938367,0.09987958469361508,-0.08616383766146299,6,1,1.0,28.0,0.36371033360455657,0.0951993490642799,0.2572,541,2566,0.1,0.15,15
40,20,false,,0.10543118797150011,0.15445570586626983,0.0641040459691972,28,37,3.0,39.0,0.6462063086104007,0.0907928388746803,0.2248,541,2566,0.1,0.15,15
50,25,false,,0.1228622338931775,0.09367859414362335,-0.02975615879787938,16,19,2.0,40.0,0.35498220640569395,0.2775800711743772,0.1868,541,2566,0.1,0.15,15
60,30,false,,0.18380260454658817,0.09557238224668504,-0.10172274757951708,11,2,1.0,58.0,0.35365853658536583,0.07051961823966066,0.102,541,2566,0.1,0.15,15
20,10,false,,0.118760603164482,0.1647310524054233,0.05289256277900391,13,15,1.0,19.0,0.6256281407035176,0.5238693467336684,0.3298,542,2567,0.1,0.15,15
30,15,false,,0.12681797248382454,0.1751964454013076,0.06881596507596136,18,25,2.0,29.0,0.6834690043832186,0.2636192861615529,0.2814,542,2567,0.1,0.15,15
40,20,false,,0.144691738335139,0.18112203697337184,0.049523676022373286,32,2,1.0,39.0,0.5547091412742382,0.061980609418282546,0.2254,542,2567,0.1,0.15,15
50,25,false,,0.1368914624237601,0.5352674608550245,0.3959276988049265,45,47,33.0,49.0,0.9165223415310011,0.0,0.2238,542,2567,0.1,0.15,15
60,30,true,,0.14064362256624752,0.18344101485978564,0.04690956929373866,43,56,2.0,59.0,0.7121573301549463,0.025029797377830752,0.0896,542,2567,0.1,0.15,15
20,10,false,,0.28452536116734056,0.059418936018255,-0.22629681705844606,3,1,1.0,18.0,0.2113676731793961,0.17317939609236235,0.1968,543,2568,0.1,0.15,15
30,15,false,,0.11716784595650195,0.15182726804475855,0.04605021472673573,20,24,2.0,29.0,0.6382907133243607,0.13593539703903096,0.2962,543,2568,0.1,0.15,15
40,20,false,,0.12963653690811278,0.1522081457517291,0.03307153141229284,26,27,4.0,39.0,0.6027088036117382,0.13769751693002258,0.2756,543,2568,0.1,0.15,15
50,25,true,,0.13402550210470363,0.3253660622067734,0.19764862996764393,44,46,29.0,49.0,0.7970179600135547,0.0,0.22,543,2568,0.1,0.15,15
20,10,true,,0.12701222567739215,0.23371876847583412,0.1292935127639167,13,18,2.0,19.0,0.7676166614469151,0.5245850297525838,0.3252,544,2569,0.1,0.15,15
20,10,false,,0.07365511448015331,0.10947563912495518,0.042214412317580406,11,11,1.0,18.0,0.6222479721900348,0.406720741599073,0.244,545,2570,0.1,0.15,15
30,15,false,,0.09794206682236929,0.5380787019626604,0.4426133655656147,25,26,11.0,29.0,0.9136500754147813,0.11085972850678733,0.3018,545,2570,0.1,0.15,15
40,20,false,,0.10852573500829472,0.15100506986104653,0.0589560518519736,25,33,5.0,38.0,0.6650805270863837,0.18265007320644217,0.2928,545,2570,0.1,0.15,15
50,25,false,,0.22327005049234624,0.10353964022338993,-0.11946381330569016,5,3,1.0,42.0,0.271483539974348,0.05258657545959812,0.2416,545,2570,0.1,0.15,15
60,30,false,,0.11615095308617564,0.16206235145879772,0.06587552371725577,39,57,4.0,59.0,0.6878202601497833,0.0953882538431218,0.2162,545,2570,0.1,0.15,15
20,10,false,,0.15349835770762268,0.1884446259535158,0.06675597391411534,11,3,1.0,19.0,0.5740564541706311,0.4227719632096416,0.281,546,2571,0.1,0.15,15
30,15,false,,0.14719303585644927,0.15306021980697318,0.018586280452384488,13,4,1.0,29.0,0.5367441860465116,0.2158139534883721,0.2806,546,2571,0.1,0.15,15
40,20,false,,0.1476430474882988,0.154154844663359,0.003865194231276431,13,4,1.0,38.0,0.5146508728179551,0.1736284289276808,0.2528,546,2571,0.1,0.15,15
50,25,false,,0.15304334352690555,0.17885427582269098,0.04419732197775342,40,45,3.0,49.0,0.6368974042027195,0.05377008652657602,0.2334,546,2571,0.1,0.15,15
60,30,false,,0.15365600550480724,0.654674805122974,0.49352780246664313,56,56,47.0,59.0,0.9461178045515395,0.0,0.1632,546,2571,0.1,0.15,15
20,10,false,,0.19927749836025868,0.10879059003913348,-0.10525946901030842,5,1,1.0,19.0,0.2877250409165303,0.2006546644844517,0.291,547,2572,0.1,0.15,15
30,15,true,,0.12592148644759582,0.30745176436566335,0.18561203659652628,24,26,3.0,29.0,0.7839789888378201,0.14543663821405123,0.283,547,2572,0.1,0.15,15
20,10,false,,0.1134538661572028,0.17680153508372962,0.06716956407189888,13,15,1.0,19.0,0.6393494897959183,0.5290178571428571,0.323,548,2573,0.1,0.15,15
30,15,false,,0.14169929813750212,0.12960716945873638,-0.013338868483838126,11,2,1.0,28.0,0.4838270343888321,0.19782090568607422,0.2698,548,2573,0.1,0.15,15
40,20,false,,0.13702927430697776,0.13062111703053567,-0.0060811120251394735,16,2,1.0,36.52500000000009,0.4850340136054422,0.17414965986394557,0.263,548,2573,0.1,0.15,15
50,25,false,,0.1446421217594382,0.13791649469354778,0.0050731170222033245,27,2,1.0,49.0,0.5038112522686026,0.022141560798548093,0.2064,548,2573,0.1,0.15,15
60,30,true,,0.13337972222405808,0.27205718577845955,0.1462428356322934,54,56,38.0,59.0,0.7820069204152249,0.0,0.1964,548,2573,0.1,0.15,15
20,10,false,,0.08322157581410625,0.405776224708272,0.3250368638579717,16,18,3.0,19.0,0.8335837716003005,0.6679188580015026,0.26,549,2574,0.1,0.15,15
30,15,false,,0.10071247487510795,0.15735026426168855,0.06656331309975382,22,26,2.0,29.0,0.6456571867794004,0.17755572636433511,0.2648,549,2574,0.1,0.15,15
40,20,true,,0.11416166203687317,0.3334214296445375,0.22702452971115417,33,36,2.0,39.0,0.7908124525436598,0.06492027334851937,0.2654,549,2574,0.1,0.15,15
20,10,false,,0.07193521692359539,0.0694024179464915,-0.001461914439200629,9,6,1.0,19.0,0.49279538904899134,0.3211198023878139,0.2112,550,2575,0.1,0.15,15
30,15,false,,0.08623988465560652,0.06745181939426032,-0.03036119105887801,15,2,1.0,27.125,0.4160839160839161,0.16375291375291376,0.0758,550,2575,0.1,0.15,15
40,20,false,,0.06688473215016366,0.12763185833186308,0.07197506834538864,28,1,1.0,38.0,0.6141078838174274,0.022821576763485476,0.0474,550,2575,0.1,0.15,15
50,25,false,,0.7690441200473054,0.0540387297550602,-0.7177114450347295,1,1,1.0,3.0,0.0,0.0,0.0198,550,2575,0.1,0.15,15
60,30,true,,0.06659320751694803,0.21001216621131566,0.1443351263645002,52,47,42.0,58.0,0.8773281952472703,0.0,0.0258,550,2575,0.1,0.15,15
20,10,false,,0.10950189122240021,0.4449003955896108,0.3438281210292038,15,16,1.0,19.0,0.7598357851522408,0.6664385904892234,0.2668,551,2576,0.1,0.15,15
30,15,false,,0.11854454973065055,0.20335609437039923,0.09819103141886855,20,24,1.0,29.0,0.698771172367984,0.19661242112255065,0.3026,551,2576,0.1,0.15,15
40,20,true,,0.12412100566026144,0.41922183145875874,0.2945691984413843,34,37,5.0,39.0,0.8087676907145323,0.050396962374870555,0.253,551,2576,0.1,0.15,15
20,10,true,,0.09379378306382817,0.28541156435395315,0.19000523181868118,13,15,2.0,19.0,0.7772277227722773,0.6036303630363037,0.3172,552,2577,0.1,0.15,15
20,10,false,,0.10259979002928357,0.1944835092230008,0.09981534510018035,13,17,2.0,19.0,0.6641714869003063,0.5328342973800613,0.2928,553,2578,0.1,0.15,15
30,15,false,,0.10096888577926211,0.5822343149596401,0.46884052219742195,25,27,2.0,29.0,0.9014423076923077,0.04927884615384615,0.268,553,2578,0.1,0.15,15
40,20,false,,0.16240515086490678,0.10774222084733343,-0.0690215956181045,8,2,1.0,39.0,0.3684210526315789,0.09642105263157895,0.2308,553,2578,0.1,0.15,15
50,25,false,,0.128955835951318,0.13020504276948758,0.010151290120909671,15,4,1.0,48.0,0.5422053231939163,0.15095057034220533,0.253,553,2578,0.1,0.15,15
60,30,true,,0.12655133638127533,0.5578425850485467,0.4318375804025783,54,56,41.0,59.0,0.9732948394081559,0.0,0.22,553,2578,0.1,0.15,15
20,10,false,,0.0913365155031127,0.40212355003346234,0.32610721489671873,15,16,1.0,19.0,0.6884028064382997,0.5728435823359471,0.2454,554,2579,0.1,0.15,15
30,15,false,,0.11357453618567409,0.21137086112423392,0.11512486875063863,18,1,1.0,28.22499999999991,0.6177184466019418,0.1488673139158576,0.2676,554,2579,0.1,0.15,15
40,20,false,,0.14640777946471376,0.11601125282252707,-0.03372500840577278,7,5,1.0,26.0,0.39748799408939783,0.1518285925378648,0.27,554,2579,0.1,0.15,15
50,25,false,,0.12872769597186678,0.1671705933361525,0.06401642252050599,28,1,1.0,48.0,0.6629910406616126,0.0616815988973122,0.2498,554,2579,0.1,0.15,15
60,30,true,,0.14034447337183298,0.3421603046516858,0.20527183436232413,53,57,38.0,59.0,0.8207273897650467,0.0,0.2216,554,2579,0.1,0.15,15
20,10,false,,0.14581549100009394,0.18815689454138473,0.08069723308517068,13,17,1.0,19.0,0.5923862581244197,0.5298669142680285,0.2748,555,2580,0.1,0.15,15
30,15,false,,0.15126850223675922,0.15285540243852952,0.011828259756652401,9,4,1.0,29.0,0.5267993874425727,0.1335375191424196,0.271,555,2580,0.1,0.15,15
40,20,false,,0.1517295664943717,0.16587204613466955,0.01708238397947079,30,35,2.4000000000000057,39.0,0.5561148948771099,0.11963281018655611,0.25,555,2580,0.1,0.15,15
50,25,false,,0.16014902013690294,0.1690293529507919,0.025188389360552607,11,4,1.0,47.0,0.583134684147795,0.10280095351609059,0.2278,555,2580,0.1,0.15,15
60,30,true,,0.16032973983191615,0.20424259845828355,0.07026317137760293,51,56,2.0,59.0,0.7103338632750398,0.045151033386327505,0.1842,555,2580,0.1,0.15,15
20,10,false,,0.11734428406057881,0.19414912476418988,0.09190529068222034,12,14,1.0,19.0,0.6986692015209125,0.4550063371356147,0.3248,556,2581,0.1,0.15,15
30,15,false,,0.12858068244589466,0.2793223690600983,0.1781406835056475,20,1,1.0,29.0,0.636501325255585,0.0715638015903067,0.245,556,2581,0.1,0.15,15
40,20,false,,0.13751246278636303,0.14506225890245417,0.02414462869421094,16,5,2.0,38.0,0.5562091503267974,0.1604575163398693,0.254,556,2581,0.1,0.15,15
50,25,false,,0.13323291879410348,0.2424442505005473,0.10738141353118497,44,47,33.0,49.0,0.6833613445378152,0.0,0.2298,556,2581,0.1,0.15,15
60,30,false,,0.16045704809549657,0.13272794950096825,-0.03287720916824857,8,2,1.0,36.0,0.33972602739726027,0.18938356164383563,0.1938,556,2581,0.1,0.15,15
20,10,false,,0.11507023457976825,0.1233338034394547,0.014284497617376546,9,7,1.0,19.0,0.5248883216336949,0.3455647734524569,0.2932,557,2582,0.1,0.15,15
30,15,false,,0.12875610283535874,0.16951236762700686,0.06633023132341107,20,25,1.0,29.0,0.6558677685950414,0.14578512396694215,0.2822,557,2582,0.1,0.15,15
40,20,false,,0.18898277426099036,0.12049380136929468,-0.08545996142345498,7,1,1.0,35.0,0.31511976047904194,0.15830838323353294,0.2278,557,2582,0.1,0.15,15
50,25,true,,0.13200225470161056,0.4173612306387374,0.2913555351208956,43,45,5.0,49.0,0.7771739130434783,0.04653532608695652,0.233,557,2582,0.1,0.15,15
20,10,false,,0.099478892051808,0.14264829069476942,0.05041956655237553,10,9,1.0,19.0,0.6341463414634146,0.3661924119241192,0.309,558,2583,0.1,0.15,15
30,15,true,,0.11832946423513058,0.2720609273534975,0.16961595691020898,23,26,2.0,29.0,0.7222996515679443,0.12822299651567945,0.2756,558,2583,0.1,0.15,15
20,10,false,,0.10750583930749266,0.1477243038744806,0.040387294412730715,11,15,1.0,19.0,0.6072784810126582,0.42753164556962026,0.335,559,2584,0.1,0.15,15
30,15,false,,0.12366493631520846,0.1731373412560441,0.06948729836240841,19,26,1.0,29.0,0.6137859369587807,0.14825077935573258,0.2494,559,2584,0.1,0.15,15
40,20,false,,0.12796559824829074,0.15944493728728099,0.042648397541656724,25,36,3.0,39.0,0.6117263843648209,0.13811074918566776,0.2706,559,2584,0.1,0.15,15
50,25,false,,0.6065557772431351,0.12411489758390278,-0.4884932840958493,2,1,1.0,48.0,0.06658692185007975,0.030303030303030304,0.1432,559,2584,0.1,0.15,15
60,30,false,,0.14155810655213644,0.1504956310928296,0.010478826337125963,11,8,1.0,42.0,0.542427153378162,0.15113672750560359,0.2018,559,2584,0.1,0.15,15
20,10,false,,0.1160172133276882,0.20245459322222364,0.10759007734872349,12,16,1.0,19.0,0.6662157592154211,0.45789651673993914,0.2972,560,2585,0.1,0.15,15
30,15,false,,0.1308710091270522,0.1377186038457988,0.005420025805173034,13,27,1.0,29.0,0.5180523352103346,0.19145412388208016,0.2968,560,2585,0.1,0.15,15
40,20,false,,0.13185170801925422,0.13981582075540752,0.01169252511033625,25,33,1.0,38.0,0.5418636056718433,0.08237677245104659,0.2556,560,2585,0.1,0.15,15
50,25,false,,0.13922717226644074,0.14033626788366024,0.0054785609637853505,18,18,1.0,48.0,0.5186653452262967,0.2385199867855963,0.237,560,2585,0.1,0.15,15
60,30,false,,0.13974335155884052,0.39352890006424024,0.26144729984769155,55,54,43.0,59.0,0.8578119772499163,0.0,0.1786,560,2585,0.1,0.15,15
20,10,false,,0.10961230703612046,0.23423113725928685,0.13108861236734537,13,1,1.0,19.0,0.5720858895705522,0.5034509202453987,0.2494,561,2586,0.1,0.15,15
30,15,false,,0.13980192495550145,0.11473724808224724,-0.022269681930523894,8,1,1.0,28.0,0.44867060561299854,0.10524372230428361,0.2724,561,2586,0.1,0.15,15
40,20,false,,0.12580520375266735,0.13363070818318543,0.019202022886999764,14,4,1.0,38.0,0.5673321234119783,0.1647912885662432,0.2664,561,2586,0.1,0.15,15
50,25,false,,0.13924924144663514,0.1519240922913084,0.03472325192695483,23,3,1.0,48.0,0.5772301284276293,0.11176674765706351,0.2482,561,2586,0.1,0.15,15
60,30,false,,0.1625280297493819,0.12938063212773976,-0.04022103417622641,7,1,1.0,24.0,0.38257386079118677,0.21382073109664496,0.1342,561,2586,0.1,0.15,15
20,10,false,,0.09862130784655547,0.32837025467590103,0.24781855210016795,15,16,2.0,19.0,0.7753378378378378,0.6101351351351352,0.2956,562,2587,0.1,0.15,15
30,15,false,,0.11355954193263618,0.18522648440226358,0.09960727031724148,17,26,1.0,29.0,0.6638091688408498,0.14088706671636228,0.2634,562,2587,0.1,0.15,15
40,20,true,,0.11447458753777502,0.22575242628982023,0.12600777784271802,32,36,4.0,39.0,0.7360855141909326,0.098046443051972,0.2802,562,2587,0.1,0.15,15
20,10,true,,0.11796836619038835,0.31583063922243626,0.21936640084350162,14,17,2.0,19.0,0.7901587301587302,0.6031746031746031,0.3142,563,2588,0.1,0.15,15
20,10,false,,0.09589080436362538,0.34384729105345263,0.25762415463233296,15,16,2.0,19.0,0.80083857442348,0.6205450733752621,0.272,564,2589,0.1,0.15,15
30,15,true,,0.10533052736995156,0.40145420012787386,0.28159803082271306,24,26,4.0,29.0,0.7656995960337862,0.1226588321704003,0.3014,564,2589,0.1,0.15,15
20,10,false,,0.14860070846203244,0.13964339174759935,-0.0018320768446567215,8,1,1.0,19.0,0.4951393389500972,0.3172391445236552,0.268,565,2590,0.1,0.15,15
30,15,false,,0.14913336260017054,0.13231023560884952,-0.01887807802438296,9,2,1.0,28.0,0.42981326464906633,0.22311654861558275,0.2738,565,2590,0.1,0.15,15
40,20,true,,0.13965511749884504,0.21403554263062166,0.1143936690578407,29,36,2.0,39.0,0.7386934673366834,0.1490787269681742,0.2456,565,2590,0.1,0.15,15
20,10,false,,0.10679219635753444,0.5204883663436959,0.4100308217813333,15,15,2.0,19.0,0.856819650937298,0.748868778280543,0.307,566,2591,0.1,0.15,15
30,15,false,,0.12469173088935903,0.17936662791586394,0.07796249330866845,21,25,3.0,29.0,0.6716081211730583,0.17982597486303578,0.3088,566,2591,0.1,0.15,15
40,20,false,,0.13370595469523566,0.6239596106462264,0.48871602441316214,35,37,5.0,39.0,0.9111737751145577,0.014804370814240395,0.203,566,2591,0.1,0.15,15
50,25,false,,0.14206956768417953,0.49436946943612825,0.35772607914604515,45,45,36.0,49.0,0.9640939597315437,0.0,0.2018,566,2591,0.1,0.15,15
60,30,false,,0.16159703329000233,0.14654686291101113,-0.021693027727391317,7,3,1.0,26.0,0.4160645983850404,0.1483212919677008,0.1208,566,2591,0.1,0.15,15
20,10,false,,0.15254646836762356,0.16169522800221917,0.011763400309319133,9,4,1.0,19.0,0.5201384518565135,0.3804279421019509,0.2686,567,2592,0.1,0.15,15
30,15,false,,0.15098480903455863,0.15840137093408824,0.018052604864818134,19,26,2.0,29.0,0.5338735818476499,0.16693679092382496,0.2796,567,2592,0.1,0.15,15
40,20,false,,0.25987692552538677,0.12611821188839345,-0.13161724415879972,4,3,1.0,18.0,0.22954866008462624,0.12129760225669958,0.2024,567,2592,0.1,0.15,15
50,25,false,,0.19086302327687454,0.13676152038902595,-0.06553832067900614,10,2,1.0,42.0,0.25910543130990416,0.15782747603833866,0.2104,567,2592,0.1,0.15,15
60,30,false,,0.15817579812865856,0.14755151960194665,-0.007049323160175036,10,1,1.0,32.0,0.4664057403783431,0.22765818656229614,0.18,567,2592,0.1,0.15,15
20,10,false,,0.1101858789884968,0.43099847948338754,0.3330063167349142,15,16,2.0,19.0,0.8317369093231162,0.6500638569604087,0.3148,568,2593,0.1,0.15,15
30,15,true,,0.12247751518938134,0.2617784576112821,0.16133693618394565,22,25,3.0,29.0,0.719543973941368,0.149185667752443,0.2812,568,2593,0.1,0.15,15
20,10,false,,0.12279609935287421,0.158995411816587,0.05175503845058342,12,17,1.0,19.0,0.6444374209860936,0.47439949431099876,0.3134,569,2594,0.1,0.15,15
30,15,true,,0.12590653027586093,0.36952219066713043,0.2584976058239875,23,26,1.0,29.0,0.7563055062166962,0.10408525754884547,0.2684,569,2594,0.1,0.15,15
20,10,false,,0.12103441711607822,0.15335723604951657,0.04103240839759785,13,16,1.0,19.0,0.5790866975512905,0.5115817339510258,0.2914,570,2595,0.1,0.15,15
30,15,false,,0.12226679551641459,0.14989718082697978,0.043477076101659434,15,26,2.0,29.0,0.6225985021165744,0.28492347769456206,0.3082,570,2595,0.1,0.15,15
40,20,false,,0.24118348890209268,0.12362471978155025,-0.12591353798277788,5,3,1.0,37.0,0.28887353144436767,0.054941257774706286,0.2342,570,2595,0.1,0.15,15
50,25,true,,0.1354496334879485,0.42454823332808744,0.29427100980523757,44,46,2.0,49.0,0.8362676056338029,0.060211267605633806,0.2078,570,2595,0.1,0.15,15
20,10,true,,0.08094679165360058,0.14448894484009941,0.06832527049905182,12,16,2.0,19.0,0.7026062120671189,0.5044626918957515,0.2908,571,2596,0.1,0.15,15
20,10,false,,0.1013724515611342,0.2568339044349023,0.1683236336263097,14,15,1.0,19.0,0.6749813849590469,0.5387192851824274,0.2936,572,2597,0.1,0.15,15
30,15,true,,0.11861559408931237,0.20924009208547092,0.10324784051636324,22,26,2.0,29.0,0.7307434695244475,0.16175485599464165,0.2936,572,2597,0.1,0.15,15
20,10,false,,0.10140702647025945,0.13142146424950574,0.042366376211366075,12,16,1.0,19.0,0.5900556328233658,0.4558414464534075,0.2916,573,2598,0.1,0.15,15
30,15,false,,0.1127058880051268,0.1164753656783171,0.012347217804315278,17,1,1.0,29.0,0.5425690814040328,0.20687079910380882,0.268,573,2598,0.1,0.15,15
40,20,false,,0.1458979207378297,0.11416882780487486,-0.04161543404523377,8,2,1.0,28.0,0.3775778027746532,0.1803524559430071,0.2422,573,2598,0.1,0.15,15
50,25,false,,0.14415446258174242,0.12611637445726764,-0.027717101942958386,15,2,1.0,46.82499999999982,0.4302147239263804,0.05598159509202454,0.2166,573,2598,0.1,0.15,15
60,30,false,,0.14407842866017564,0.13179789392186048,-0.013708943331633756,8,6,1.0,25.0,0.4443717277486911,0.24738219895287958,0.1094,573,2598,0.1,0.15,15
20,10,true,,0.10977071525274686,0.24942747986550218,0.14513750656155464,14,17,1.0,19.0,0.7169428474805546,0.5793033479878255,0.2952,574,2599,0.1,0.15,15
20,10,false,,0.15053527063047775,0.13776829339864924,-0.019942851709214962,8,2,1.0,19.0,0.46577137242056993,0.29446446118571895,0.2774,575,2600,0.1,0.15,15
30,15,false,,0.14720882697805163,0.12428872151536893,-0.030655171745461757,11,3,1.0,28.0,0.42735879856349984,0.23996082272282077,0.2652,575,2600,0.1,0.15,15
40,20,false,,0.1349016303447765,0.17817245631038497,0.07417766369083725,28,36,2.0,39.0,0.6427867236279987,0.07985540584949063,0.247,575,2600,0.1,0.15,15
50,25,true,,0.13706526799666224,0.2151798446665068,0.08649932139230793,41,46,9.0,49.0,0.7268292682926829,0.025040650406504064,0.239,575,2600,0.1,0.15,15
20,10,false,,0.13964435441347048,0.14366041014703215,0.018979219935546646,11,1,1.0,19.0,0.5373423860329777,0.43129647591335274,0.2866,576,2601,0.1,0.15,15
30,15,false,,0.146274802487886,0.11924239746126145,-0.034870201083811087,12,1,1.0,29.0,0.42534595775673706,0.12272396212672979,0.2218,576,2601,0.1,0.15,15
40,20,false,,0.12889742603682816,0.15552949718850212,0.044141426946509826,23,36,1.0,39.0,0.642051282051282,0.09914529914529914,0.2438,576,2601,0.1,0.15,15
50,25,true,,0.13052070492424062,0.2577072218880764,0.13371142309440048,42,44,10.0,49.0,0.7505819753907549,0.006318589956767542,0.2308,576,2601,0.1,0.15,15
20,10,false,,0.12176490153609983,0.3550888658180926,0.26163020534384934,15,16,2.0,19.0,0.8131868131868132,0.6047188106011635,0.302,577,2602,0.1,0.15,15
30,15,false,,0.14452240022782128,0.13312397881282886,-0.025387186323998015,7,1,1.0,29.0,0.4526597524255604,0.07293409166945466,0.2778,577,2602,0.1,0.15,15
40,20,false,,0.13192607468859419,0.14664335562912204,0.03110200981074364,17,4,2.0,38.0,0.5672077922077922,0.1253246753246753,0.2634,577,2602,0.1,0.15,15
50,25,false,,0.17456750537260685,0.13732061914872892,-0.03421168151166498,6,2,1.0,23.0,0.3894481082957306,0.17493925720236028,0.2024,577,2602,0.1,0.15,15
60,30,true,,0.14146707781898882,0.19080341531702863,0.057766236147572134,48,56,10.0,59.0,0.7085099445712423,0.08020867297032931,0.1916,577,2602,0.1,0.15,15
20,10,false,,0.12300099748869572,0.12076652633683344,0.005439919955245162,9,1,1.0,19.0,0.5036855036855037,0.38738738738738737,0.2018,578,2603,0.1,0.15,15
30,15,true,,0.10356159857862396,0.1964587397580888,0.10201222002096655,18,21,2.0,28.0,0.7282377919320594,0.25230007077140837,0.308,578,2603,0.1,0.15,15
20,10,false,,0.09493896993124469,0.07206244217514615,-0.01699255220260211,8,2,1.0,19.0,0.4623200677392041,0.3039796782387807,0.2112,579,2604,0.1,0.15,15
30,15,true,,0.10070952042214225,0.21320484607202583,0.12051097397804827,21,27,2.0,29.0,0.7431561996779388,0.13285024154589373,0.28,579,2604,0.1,0.15,15
20,10,false,,0.10690181754737238,0.4576736218807794,0.35614379094566434,15,16,1.0,19.0,0.7754542338018512,0.648954405210833,0.2926,580,2605,0.1,0.15,15
30,15,true,,0.1385080824457773,0.36013558450732575,0.24479895487255723,22,25,1.0,29.0,0.7678686413393432,0.0956213779781069,0.2908,580,2605,0.1,0.15,15
20,10,false,,0.18629554055977302,0.09756909892818619,-0.10134053336798425,7,4,1.0,19.0,0.2887566551832133,0.17225180081428124,0.3032,581,2606,0.1,0.15,15
30,15,false,,0.1923399967211806,0.11548223858752212,-0.08839070282049352,6,2,1.0,28.0,0.400750469043152,0.05891181988742964,0.2554,581,2606,0.1,0.15,15
40,20,false,,0.11910646644632689,0.6094351089948351,0.48664517165028953,35,35,20.0,39.0,0.8519626168224299,0.016074766355140185,0.2496,581,2606,0.1,0.15,15
50,25,false,,0.15563302089870573,0.1294996128403818,-0.02175412123221461,10,4,1.0,48.0,0.4305750350631136,0.1276297335203366,0.2474,581,2606,0.1,0.15,15
60,30,true,,0.13360317157713475,0.45239330516692916,0.3194660476067079,53,55,24.0,59.0,0.9484607402282947,0.01176063645797302,0.2242,581,2606,0.1,0.15,15
20,10,false,,0.0998998443591699,0.16043771637110277,0.0727546966190869,13,17,2.0,19.0,0.610705596107056,0.5172054223149114,0.2874,582,2607,0.1,0.15,15
30,15,true,,0.12078290323099922,0.17440308129143928,0.0802473242333502,20,26,2.0,29.0,0.7147617460846385,0.17560813062312564,0.2912,582,2607,0.1,0.15,15
20,10,false,,0.135234228134287,0.1962619980767349,0.07511865729054323,12,14,1.0,19.0,0.6406015037593985,0.5233082706766917,0.285,583,2608,0.1,0.15,15
30,15,false,,0.1564633781138888,0.12027578539230814,-0.04888449094443473,7,2,1.0,27.0,0.3725235466060409,0.1971419291977915,0.2576,583,2608,0.1,0.15,15
40,20,true,,0.13592400460815146,0.2071129619177666,0.07423590747849054,34,36,19.0,39.0,0.704582385440364,0.020474488137796554,0.2392,583,2608,0.1,0.15,15
20,10,false,,0.09148700539255657,0.12846068001686656,0.049473472711324934,10,1,1.0,19.0,0.550658978583196,0.42792421746293247,0.2152,584,2609,0.1,0.15,15
30,15,false,,0.1052841192442055,0.11625173132005329,0.01536005646771793,20,26,1.0,29.0,0.5327494287890328,0.1667936024371668,0.2876,584,2609,0.1,0.15,15
40,20,false,,0.11829047409175666,0.1625921958164103,0.055583021365517585,25,36,1.0,38.0,0.6218809980806143,0.08598848368522073,0.2766,584,2609,0.1,0.15,15
50,25,true,,0.11403494694817749,0.2469569143187395,0.12992631869862203,43,47,4.0,49.0,0.7585803432137286,0.04875195007800312,0.2624,584,2609,0.1,0.15,15
20,10,false,,0.09289003620325213,0.17641859642678437,0.10162509894443787,14,17,2.0,19.0,0.6445850390770376,0.5396352809825083,0.2636,585,2610,0.1,0.15,15
30,15,false,,0.11643391218464964,0.23832759365098477,0.12912058175791305,20,24,1.0,28.0,0.6982728234050053,0.187169545294325,0.2944,585,2610,0.1,0.15,15
40,20,true,,0.12166518719509171,0.2869418560251542,0.15876683980816586,30,35,2.0,38.0,0.7156185210780927,0.05355908776779544,0.2702,585,2610,0.1,0.15,15
20,10,false,,0.11243386102902213,0.3549708680709277,0.23903905654870733,15,17,2.0,19.0,0.801930758988016,0.6138482023968043,0.2936,586,2611,0.1,0.15,15
30,15,true,,0.12710137255340553,0.26815628930074487,0.14538224157432153,23,26,7.0,29.0,0.7795079414512613,0.20024914356898163,0.301,586,2611,0.1,0.15,15
20,10,false,,0.11764818909705749,0.09898286147096286,-0.019700127282400032,9,4,1.0,18.0,0.44116693679092384,0.33225283630470015,0.3062,587,2612,0.1,0.15,15
30,15,true,,0.1063822655923504,0.2033346433615306,0.1102274408045685,22,26,3.0,29.0,0.7507012622720898,0.16479663394109398,0.2972,587,2612,0.1,0.15,15
20,10,true,,0.098749724000565,0.2443680267826964,0.15551964811522123,13,16,2.0,19.0,0.7367889599461461,0.554695388757994,0.3086,588,2613,0.1,0.15,15
20,10,false,,0.11673022515099335,0.093797024272825,-0.0320976929318675,8,1,1.0,19.0,0.41576560865015694,0.31042901988140914,0.2804,589,2614,0.1,0.15,15
30,15,false,,0.14212891379215375,0.12529918212139982,-0.025940488541445372,9,1,1.0,28.0,0.44720938499822255,0.15961606825453253,0.287,589,2614,0.1,0.15,15
40,20,false,,0.1279932627965959,0.12770559661215422,-0.0010871495688252464,23,38,1.0,38.0,0.49744114636642783,0.065165472534971,0.2628,589,2614,0.1,0.15,15
50,25,true,,0.12895306261518333,0.1897405094959719,0.09743080832163911,37,44,3.0,49.0,0.714,0.097,0.2556,589,2614,0.1,0.15,15
20,10,true,,0.09611152995162711,0.23254219157442013,0.1445851717624569,12,15,1.0,19.0,0.7315303430079155,0.46866754617414247,0.311,590,2615,0.1,0.15,15
20,10,false,,0.10954316998744446,0.596936470876567,0.49785268524196746,16,16,2.0,19.0,0.9068278805120911,0.7357752489331437,0.2858,591,2616,0.1,0.15,15
30,15,true,,0.1146424011088796,0.22499536153215793,0.12206399519538072,22,25,3.0,29.0,0.7506078499478985,0.22750955192775268,0.2816,591,2616,0.1,0.15,15
20,10,false,,0.17478851947144225,0.12085693288486961,-0.05960972428139305,4,1,1.0,19.0,0.43622920517560076,0.29279112754158965,0.251,592,2617,0.1,0.15,15
30,15,true,,0.11448775519582402,0.335445664450719,0.24076566128214794,22,26,4.0,29.0,0.871471272002657,0.20890069744271006,0.282,592,2617,0.1,0.15,15
20,10,false,,0.10938368023433638,0.11142210693568196,0.01166233514943768,13,16,1.0,19.0,0.5296005706134094,0.4925106990014265,0.2728,593,2618,0.1,0.15,15
30,15,false,,0.10038666504213747,0.09617065938465683,0.006937034312919491,13,1,1.0,29.0,0.5137111517367459,0.1156307129798903,0.1902,593,2618,0.1,0.15,15
40,20,false,,0.10430227230237706,0.08729432261526233,-0.03008181126650153,20,1,1.0,39.0,0.4419689119170985,0.12435233160621761,0.118,593,2618,0.1,0.15,15
50,25,false,,0.12778819947500694,0.10840050497640936,-0.02368282546875533,11,3,2.0,31.0,0.416910841356216,0.23901213897028045,0.2606,593,2618,0.1,0.15,15
60,30,false,,0.4876316174059287,0.0991352171676149,-0.3965440316371335,4,3,1.0,55.0,0.17909090909090908,0.026818181818181817,0.1916,593,2618,0.1,0.15,15
20,10,false,,0.143269722671715,0.15178977360614415,0.028139810207581044,8,1,1.0,19.0,0.5469750889679715,0.38042704626334517,0.2622,594,2619,0.1,0.15,15
30,15,false,,0.13663546042867308,0.125886539035244,-0.00994608391092179,17,1,1.0,29.0,0.4672297297297297,0.14662162162162162,0.2638,594,2619,0.1,0.15,15
40,20,false,,0.1376484980462612,0.1486784699106103,0.024023315755449096,24,36,1.0,39.0,0.5436827956989247,0.13306451612903225,0.2562,594,2619,0.1,0.15,15
50,25,true,,0.13744585237214862,0.40107644027322753,0.2597977555313095,44,44,27.0,49.0,0.8099201065246339,0.005659121171770972,0.2158,594,2619,0.1,0.15,15
20,10,true,,0.08962396337740543,0.26894436524916043,0.19171592368899024,13,17,2.0,19.0,0.8128249566724437,0.5632582322357019,0.2944,595,2620,0.1,0.15,15
20,10,false,,0.11177392957891638,0.22174655265048723,0.12236699865287987,14,17,2.0,19.0,0.6928316574764839,0.5530327602984106,0.3118,596,2621,0.1,0.15,15
30,15,false,,0.10720637440658677,0.15583141991343505,0.05605750143102481,21,20,3.3499999999999943,29.0,0.6231433506044906,0.17616580310880828,0.311,596,2621,0.1,0.15,15
40,20,false,,0.12157041406899304,0.1596451145501416,0.053591162526819405,24,36,3.0,39.0,0.6374955531839203,0.1376734258271078,0.278,596,2621,0.1,0.15,15
50,25,true,,0.1260995639887217,0.333653747791097,0.20752949492156236,42,46,2.0,49.0,0.7803907380607815,0.07091172214182344,0.2414,596,2621,0.1,0.15,15
20,10,false,,0.16592952648853138,0.1793396080853742,0.018186022864954354,11,17,1.0,19.0,0.538824269097768,0.429110342659541,0.2854,597,2622,0.1,0.15,15
30,15,false,,0.13353880162329346,0.5471783552593362,0.4085090463686719,26,26,5.0,29.0,0.863483523873571,0.06825823806321453,0.2564,597,2622,0.1,0.15,15
40,20,false,,0.14110504164895116,0.2526959442476799,0.13564161107136577,32,35,2.0,39.0,0.6764894298526586,0.05957719410634209,0.2506,597,2622,0.1,0.15,15
50,25,false,,0.14804975324939484,0.18579630297956456,0.07782209217364106,31,46,1.0,49.0,0.6741268226517464,0.12241437775517125,0.1992,597,2622,0.1,0.15,15
60,30,false,,0.14801367485999073,0.18270254139326692,0.03912645501312878,50,57,30.125,59.0,0.6361339229311433,0.0,0.1938,597,2622,0.1,0.15,15
20,10,false,,0.12526884896126275,0.15890581478792926,0.05693066251922475,11,16,1.0,19.0,0.6027131782945736,0.4312015503875969,0.3054,598,2623,0.1,0.15,15
30,15,true,,0.1308012431024373,0.3544007844238791,0.23832026606320186,23,25,1.0,29.0,0.8155751058976866,0.14173998044965788,0.2654,598,2623,0.1,0.15,15
20,10,false,,0.14033316501186768,0.12229636962390213,-0.02486561990649097,7,1,1.0,19.0,0.4654987486592778,0.33893457275652483,0.266,599,2624,0.1,0.15,15
30,15,true,,0.1122296053192839,0.30918794130602595,0.20751938562643402,24,25,8.0,29.0,0.8025956284153005,0.09631147540983606,0.2772,599,2624,0.1,0.15,15
20,10,false,,0.16164871493122598,0.08299994414181745,-0.09226887121657312,5,1,1.0,18.0,0.2922895357985838,0.23524783634933125,0.233,600,2625,0.1,0.15,15
30,15,false,,0.10395259881996448,0.15376690189132444,0.06493253251028161,19,27,1.0,29.0,0.593089430894309,0.18495934959349594,0.2438,600,2625,0.1,0.15,15
40,20,false,,0.7461571423520268,0.08913844008774946,-0.6549247091361208,3,1,1.0,12.0,0.09195933456561922,0.027264325323475048,0.1944,600,2625,0.1,0.15,15
50,25,false,,0.32975282441674886,0.09905170982699182,-0.2383320927243992,5,2,1.0,47.0,0.2534722222222222,0.08072916666666667,0.2054,600,2625,0.1,0.15,15
60,30,false,,0.12709094952514702,0.2757256570190874,0.16768098759320366,52,55,2.0,59.0,0.6883996613039797,0.028789161727349702,0.2332,600,2625,0.1,0.15,15
20,10,false,,0.06276688317173518,0.5002530907823637,0.42888414475958064,16,17,2.0,19.0,0.8552960800667223,0.6930775646371977,0.2226,601,2626,0.1,0.15,15
30,15,true,,0.10536437210933018,0.2241494563182621,0.13161545987464657,20,24,3.0,29.0,0.7533427163969036,0.15869106263194932,0.3006,601,2626,0.1,0.15,15
20,10,false,,0.17190191193238472,0.26917662192616715,0.12081362070766852,14,16,2.0,19.0,0.6612038140643623,0.5441001191895113,0.2926,602,2627,0.1,0.15,15
30,15,false,,0.14941817030086071,0.20286812628836748,0.07181174672035495,22,26,2.0,29.0,0.6601190476190476,0.13392857142857142,0.2856,602,2627,0.1,0.15,15
40,20,false,,0.1930555494684338,0.1360144503148129,-0.08014337976152726,9,3,1.0,37.0,0.2936802973977695,0.16387856257744735,0.2446,602,2627,0.1,0.15,15
50,25,false,,0.15685141026773522,0.17142035753080412,0.03329837142919986,27,2,1.0,49.0,0.5743574051407588,0.09210526315789473,0.2058,602,2627,0.1,0.15,15
60,30,false,,0.1620227848578656,0.16243722599983104,0.005503603762835346,19,5,1.0,56.0,0.5253927658019729,0.08622579466569237,0.1516,602,2627,0.1,0.15,15
20,10,false,,0.11122080135455008,0.09597269682804133,-0.00830867087519771,9,1,1.0,18.0,0.490104772991851,0.3833915405510283,0.269,603,2628,0.1,0.15,15
30,15,false,,0.10461322331561514,0.1585176603460912,0.06340218278102817,14,25,1.0,28.0,0.6731833271855404,0.18369605311693102,0.266,603,2628,0.1,0.15,15
40,20,true,,0.11698376277113187,0.2719477388233142,0.1632633238362925,31,32,6.0,39.0,0.8516876917831572,0.059665871121718374,0.2824,603,2628,0.1,0.15,15
20,10,false,,0.13176612966345636,0.3053592440576329,0.1937444197742765,14,17,1.0,19.0,0.6621710526315789,0.5171052631578947,0.286,604,2629,0.1,0.15,15
30,15,false,,0.15090930926939283,0.12315166891036185,-0.04401576212375634,10,2,1.0,27.0,0.38620245003223724,0.19987105093488072,0.279,604,2629,0.1,0.15,15
40,20,true,,0.13633942034269497,0.26235850371854524,0.14430045793971616,32,35,2.0,39.0,0.7511643379906853,0.021290751829673986,0.2452,604,2629,0.1,0.15,15
20,10,false,,0.10862821041609559,0.17765267495839246,0.08866585507753706,12,16,1.0,19.0,0.6604792440094499,0.49510631117111037,0.3102,605,2630,0.1,0.15,15
30,15,false,,0.12458994235548687,0.120367402959774,0.0019921078118930666,12,7,1.0,29.0,0.5103847463398025,0.2223357167177392,0.297,605,2630,0.1,0.15,15
40,20,false,,0.19895353667753043,0.12510623608027174,-0.09065498686670312,7,2,1.0,35.0,0.33380782918149465,0.10249110320284698,0.2238,605,2630,0.1,0.15,15
50,25,true,,0.13336235953005213,0.29144726317549713,0.16409523264351622,43,44,10.0,49.0,0.8014730498828255,0.05088717777033813,0.24,605,2630,0.1,0.15,15
20,10,true,,0.11836262235464433,0.2763667102398091,0.16653732162935747,12,16,1.0,19.0,0.7927509293680297,0.5136307311028501,0.3132,606,2631,0.1,0.15,15
20,10,false,,0.13450274826951936,0.17391100253619532,0.05646300345964765,12,17,1.0,19.0,0.6200248756218906,0.4608208955223881,0.3182,607,2632,0.1,0.15,15
30,15,false,,0.13885057961607128,0.14282909197550883,0.0017000628424928554,23,26,2.0,29.0,0.5036174897766593,0.15476564957533814,0.274,607,2632,0.1,0.15,15
40,20,false,,0.40487264961284264,0.13398792428542583,-0.27798105930144473,3,1,1.0,13.0,0.2223024178996752,0.03789245759653555,0.175,607,2632,0.1,0.15,15
50,25,false,,0.148030932940488,0.4559013197034852,0.2983834551944876,45,46,27.0,49.0,0.7562599049128368,0.0,0.1864,607,2632,0.1,0.15,15
60,30,false,,0.1506694286340762,0.16287983206194842,0.01109207782499072,50,54,17.599999999999994,59.0,0.5798839458413927,0.021663442940038684,0.1258,607,2632,0.1,0.15,15
20,10,false,,0.12816822378203724,0.09179416888003257,-0.04567768700487508,5,1,1.0,19.0,0.41608662026295434,0.22273781902552203,0.2534,608,2633,0.1,0.15,15
30,15,false,,0.12048743198818017,0.1196735573358464,0.007248657288963442,9,2,1.0,29.0,0.5159235668789809,0.13750468340202324,0.274,608,2633,0.1,0.15,15
40,20,false,,0.10949357024924762,0.6846678437256256,0.5810228955557062,35,36,21.0,39.0,0.9576271186440678,0.005246166263115416,0.2628,608,2633,0.1,0.15,15
50,25,true,,0.11593982699026475,0.19376650140685908,0.09893623729574458,39,46,2.0,48.0,0.7187254130605822,0.06018882769472856,0.2678,608,2633,0.1,0.15,15
20,10,false,,0.09922587021481932,0.19376158008814823,0.10823896575159858,14,16,1.0,19.0,0.694321659299558,0.5732743964637879,0.2974,609,2634,0.1,0.15,15
30,15,false,,0.11467644897203637,0.13351609554485186,0.03357065863615079,11,6,1.0,28.0,0.5806561859193438,0.18967874231032125,0.2968,609,2634,0.1,0.15,15
40,20,false,,0.1280623309139045,0.16844232125922867,0.06665922355997764,17,13,2.0,38.0,0.6873324396782842,0.2262064343163539,0.2678,609,2634,0.1,0.15,15
50,25,false,,0.14075641626644556,0.1738645157823226,0.054152673656829645,33,45,2.0,48.0,0.6414556962025316,0.061708860759493674,0.2422,609,2634,0.1,0.15,15
60,30,false,,0.15016494472721734,0.1564555596901244,0.019461214120738965,14,5,1.0,58.0,0.5398083911463495,0.04195573174760489,0.2006,609,2634,0.1,0.15,15
20,10,false,,0.0794976121975611,0.43717148849197235,0.36496818910760287,15,15,3.0,19.0,0.8323874385168369,0.70261066969353,0.2822,610,2635,0.1,0.15,15
30,15,false,,0.11411737355270614,0.15274834459595155,0.07283035152693267,17,26,1.0,29.0,0.6410071942446043,0.1474820143884892,0.289,610,2635,0.1,0.15,15
40,20,true,,0.11818101701457479,0.32952851973964337,0.21646262611620887,33,36,10.0,39.0,0.8489968321013728,0.05737416402675114,0.284,610,2635,0.1,0.15,15
20,10,false,,0.10903374755206931,0.457718526308981,0.34793712393785764,15,16,2.0,19.0,0.8569057104913679,0.6952191235059761,0.2816,611,2636,0.1,0.15,15
30,15,false,,0.1221482345067363,0.13731993914497076,0.028721435826992464,11,2,1.0,28.0,0.5827242524916944,0.16312292358803987,0.286,611,2636,0.1,0.15,15
40,20,false,,0.13231363167647733,0.3794425774145674,0.24773869296134815,35,36,23.0,39.0,0.7936016511867905,0.0006879944960440316,0.2414,611,2636,0.1,0.15,15
50,25,false,,0.13748917748974399,0.1573501694582442,0.027064593541071658,34,46,4.0,49.0,0.6017088399605652,0.08051265198816956,0.2482,611,2636,0.1,0.15,15
60,30,false,,0.13748342366912766,0.16964017361562314,0.037543080394595085,39,49,8.0,56.0,0.6846683581007611,0.06705328017397608,0.17,611,2636,0.1,0.15,15
20,10,false,,0.09396050891389297,0.10973084480288962,0.023379216999963717,11,16,1.0,19.0,0.5663430420711975,0.414599065084502,0.2822,612,2637,0.1,0.15,15
30,15,true,,0.10626441668553267,0.494895905700776,0.3876077172250209,22,26,3.0,29.0,0.8142805625676163,0.1568698160836639,0.2846,612,2637,0.1,0.15,15
20,10,false,,0.17187726693845878,0.10437193241548084,-0.08595140403929306,6,2,1.0,19.0,0.410092395167022,0.2828713574982232,0.2564,613,2638,0.1,0.15,15
30,15,true,,0.12497042763460321,0.2710023085833401,0.16387659214659434,24,27,1.0,29.0,0.7048951048951049,0.044405594405594405,0.2744,613,2638,0.1,0.15,15
20,10,false,,0.10770038720108333,0.13344052825329383,0.0436173084850179,9,1,1.0,19.0,0.5751565762004175,0.3736951983298539,0.3044,614,2639,0.1,0.15,15
30,15,false,,0.12248730360524955,0.16954606734756447,0.07328307959014452,17,1,1.0,29.0,0.6210029069767442,0.19840116279069767,0.2698,614,2639,0.1,0.15,15
40,20,false,,0.11323932608804836,0.162543170668323,0.0540012605962361,32,36,8.0,39.0,0.6491862567811935,0.07269439421338156,0.274,614,2639,0.1,0.15,15
50,25,false,,0.1251449505787722,0.16859391161371562,0.06144977376111124,39,45,7.0,49.0,0.6706783369803063,0.07221006564551423,0.2334,614,2639,0.1,0.15,15
60,30,false,,0.12686741840846572,0.16374679275107015,0.05267535744035233,44,56,2.0,59.0,0.6585973656105376,0.10430758276966892,0.2134,614,2639,0.1,0.15,15
20,10,false,,0.12569299832281966,0.08719169409149834,-0.04637274267639757,7,2,1.0,19.0,0.4190902311707681,0.3202833706189411,0.246,615,2640,0.1,0.15,15
30,15,false,,0.815276182528273,0.05373321120730533,-0.7617505916546511,2,1,1.0,12.950000000000273,0.0149812734082397,0.0149812734082397,0.0878,615,2640,0.1,0.15,15
40,20,false,,0.19344779562666553,0.06804310720286952,-0.12282880196730563,4,4,1.0,18.0,0.12304120719674985,0.09460243760882182,0.1036,615,2640,0.1,0.15,15
50,25,true,,0.07772168512433103,0.3621394744807453,0.3036508483540592,44,46,35.0,49.0,0.926205694363742,0.0,0.059,615,2640,0.1,0.15,15
20,10,false,,0.1924009091124254,0.11324636643001497,-0.09552225294866944,5,2,1.0,19.0,0.34366840731070497,0.24216710182767623,0.2812,616,2641,0.1,0.15,15
30,15,false,,0.15867340467551316,0.1987474715875507,0.07451667166279691,17,2,1.0,29.0,0.6500618811881188,0.10550742574257425,0.2566,616,2641,0.1,0.15,15
40,20,false,,0.15594634838128502,0.4401762339855563,0.2906076386900853,35,36,6.0,39.0,0.8260025873221216,0.0407503234152652,0.2304,616,2641,0.1,0.15,15
50,25,false,,0.17830785283651523,0.1556234892221995,-0.025129008929276844,6,6,1.0,18.0,0.4175306314797361,0.1112158341187559,0.2168,616,2641,0.1,0.15,15
60,30,false,,0.15925277975164592,0.5181148982388691,0.35604457632312103,55,57,36.0,59.0,0.8229095853161115,0.0,0.1476,616,2641,0.1,0.15,15
20,10,true,,0.10377579634675729,0.2631377700102564,0.17499250633464425,14,15,2.0,19.0,0.801778070464274,0.5436285808363517,0.3078,617,2642,0.1,0.15,15
20,10,false,,0.11084915432506175,0.263996296481691,0.173700031710756,15,17,2.0,19.0,0.6422145328719723,0.6252595155709343,0.2892,618,2643,0.1,0.15,15
30,15,false,,0.11431217756599647,0.13678429842469086,0.02958218227763594,17,26,1.0,29.0,0.5603738317757009,0.13158878504672897,0.2902,618,2643,0.1,0.15,15
40,20,false,,0.11212629090653871,0.14740415410491267,0.06290132975230245,21,36,2.0,39.0,0.658971243418388,0.1121911705143783,0.2762,618,2643,0.1,0.15,15
50,25,false,,0.3004117314812345,0.09891731585744232,-0.19841051697545486,5,3,1.0,30.0,0.19437652811735942,0.12469437652811736,0.2224,618,2643,0.1,0.15,15
60,30,true,,0.11815741046760879,0.5523044619050937,0.42639120868122654,54,55,36.0,59.0,0.9421323820848196,0.0,0.2494,618,2643,0.1,0.15,15
20,10,false,,0.13476535383208735,0.16702847965149736,0.03878706025666276,10,8,2.0,19.0,0.5771308523409364,0.3187274909963986,0.333,619,2644,0.1,0.15,15
30,15,false,,0.1349960752436472,0.18947686563159608,0.0816912673302133,23,26,2.0,29.0,0.6689081011847583,0.11591418507845021,0.2902,619,2644,0.1,0.15,15
40,20,false,,0.17572674771425648,0.13153847873782104,-0.0716183469589924,5,3,1.0,38.0,0.30578788892606223,0.06390097022415524,0.2132,619,2644,0.1,0.15,15
50,25,false,,0.156160342459084,0.13837868919479257,-0.021952762191006794,10,7,1.0,26.0,0.378343949044586,0.2605095541401274,0.23,619,2644,0.1,0.15,15
60,30,false,,0.14182570857772125,0.2247336558200054,0.0792373899599195,53,56,34.0,59.0,0.6812723141837066,0.0,0.1934,619,2644,0.1,0.15,15
20,10,false,,0.4717963503863702,0.1092968066457319,-0.37625842945382126,3,1,1.0,19.0,0.32539992196644557,0.2442450253609052,0.2228,620,2645,0.1,0.15,15
30,15,true,,0.13022273350505245,0.19603103429581611,0.08557688216144978,19,27,3.0,29.0,0.7010598503740648,0.24096009975062344,0.2912,620,2645,0.1,0.15,15
20,10,false,,0.31596962165527115,0.11110441443499255,-0.2294532334611999,3,1,1.0,18.0,0.3232974910394265,0.1935483870967742,0.251,621,2646,0.1,0.15,15
30,15,false,,0.19463353964905833,0.13275618032361777,-0.07485418613859465,6,1,1.0,29.0,0.4171328671328671,0.05,0.2528,621,2646,0.1,0.15,15
40,20,true,,0.13534474955057427,0.21188158201143528,0.12149332619634205,30,36,4.0,39.0,0.7136608344549125,0.09858681022880215,0.2452,621,2646,0.1,0.15,15
20,10,false,,0.10831987745961665,0.14636494212940732,0.05319611619857612,13,17,1.0,19.0,0.5817869415807561,0.49072164948453606,0.2722,622,2647,0.1,0.15,15
30,15,false,,0.11279557605395236,0.13961931752965814,0.04087786126277872,17,26,2.0,29.0,0.6189649183744356,0.18617575547064952,0.2786,622,2647,0.1,0.15,15
40,20,false,,0.1238007176362519,0.1228856630484412,6.937505378590281e-5,15,2,1.0,38.0,0.5019748653500897,0.15368043087971275,0.261,622,2647,0.1,0.15,15
50,25,false,,0.124151885047669,0.1475765961491021,0.04583681364557951,26,45,1.0,48.0,0.6154704351059873,0.11044998140572704,0.27,622,2647,0.1,0.15,15
60,30,true,,0.12001902012599414,0.2551075183069856,0.1361539097764466,50,56,6.0,59.0,0.7372127501853225,0.04262416604892513,0.2086,622,2647,0.1,0.15,15
20,10,false,,0.13911172777021824,0.16560079471432285,0.03206895206880611,12,17,2.0,19.0,0.5728476821192053,0.50842865743528,0.3198,623,2648,0.1,0.15,15
30,15,false,,0.13435423576165467,0.1343271669430718,-9.37311626652837e-5,17,23,1.0,28.0,0.4993666877770741,0.22229259024699177,0.2918,623,2648,0.1,0.15,15
40,20,true,,0.12656860577948326,0.2369853484064901,0.1297347850390589,32,35,4.0,39.0,0.7718886279771888,0.06675612210667561,0.2526,623,2648,0.1,0.15,15
20,10,false,,0.18144360965158374,0.10589692406183593,-0.10423664219469525,7,2,1.0,18.0,0.26687306501547986,0.2897832817337461,0.3,624,2649,0.1,0.15,15
30,15,false,,0.21444652625559454,0.1045879228568746,-0.11882067771513512,5,2,1.0,28.0,0.2807720320466133,0.09104151493080845,0.2484,624,2649,0.1,0.15,15
40,20,false,,0.1327985025163724,0.12286762543240078,-0.0072658332489996535,14,7,2.0,39.0,0.4842632331902718,0.1301859799713877,0.2546,624,2649,0.1,0.15,15
50,25,false,,0.20592788380496313,0.12045377259767709,-0.08558917124748427,6,4,1.0,21.0,0.26954368588609834,0.1492748496639547,0.224,624,2649,0.1,0.15,15
60,30,true,,0.13326346580698423,0.18818388820860377,0.06206828285107495,48,52,15.0,58.0,0.7094072164948454,0.04349226804123711,0.2262,624,2649,0.1,0.15,15
20,10,false,,0.14901434756448745,0.12512120038904645,-0.02451287043015371,7,2,1.0,18.0,0.42797960484384956,0.23868706182281707,0.3094,625,2650,0.1,0.15,15
30,15,false,,0.1529205693648325,0.18692867431836413,0.05440611649891344,18,1,1.0,29.0,0.5841584158415841,0.12805280528052806,0.2574,625,2650,0.1,0.15,15
40,20,false,,0.14495697654752843,0.12459628039276358,-0.026956317545125147,22,1,1.0,38.0,0.4002582311168496,0.15138799225306648,0.2438,625,2650,0.1,0.15,15
50,25,false,,0.13351200012044281,0.29636605962223156,0.16849338649656204,42,46,6.0,49.0,0.6758241758241759,0.025755494505494504,0.232,625,2650,0.1,0.15,15
60,30,false,,0.13252196415006337,0.18467319435313606,0.05401051738751672,52,55,28.0,59.0,0.6791867677463818,0.0,0.2088,625,2650,0.1,0.15,15
20,10,false,,0.0964904655128194,0.11342359233065322,0.028772388618226986,9,6,1.0,19.0,0.5907202216066482,0.3843490304709141,0.2896,626,2651,0.1,0.15,15
30,15,true,,0.09797026652013703,0.5747277511690958,0.4754215477275022,23,25,2.0,29.0,0.8749055177626606,0.15570672713529857,0.272,626,2651,0.1,0.15,15
20,10,false,,0.12293890769237956,0.14209804396381537,0.015603175176381517,10,12,1.0,19.0,0.5163987138263666,0.3787781350482315,0.303,627,2652,0.1,0.15,15
30,15,false,,0.12481429505551546,0.18771386995276637,0.08878788802522423,17,26,3.0,29.0,0.6846081208687441,0.24519987409505822,0.2966,627,2652,0.1,0.15,15
40,20,true,,0.14178247183728568,0.28854391476989205,0.15325802067398764,32,35,2.0,39.0,0.7919056724028043,0.03441682600382409,0.266,627,2652,0.1,0.15,15
20,10,false,,0.13287470166452917,0.13231625114158557,0.02047223292927655,9,16,1.0,19.0,0.5332693538067819,0.39859245041586694,0.2776,628,2653,0.1,0.15,15
30,15,false,,0.11678498277251939,0.10657275071773413,-0.009185431969864266,18,24,2.0,29.0,0.4794520547945205,0.1828952239911144,0.2482,628,2653,0.1,0.15,15
40,20,false,,0.1128242228892143,0.18683807061728694,0.08580190917747849,24,36,3.0,39.0,0.6788990825688074,0.1551987767584098,0.284,628,2653,0.1,0.15,15
50,25,false,,0.3945356619362171,0.0970317518850991,-0.29813970588754446,4,2,1.0,20.0,0.10967741935483871,0.11566820276497695,0.2006,628,2653,0.1,0.15,15
60,30,true,,0.11856096286364316,0.2305695287528575,0.10838504190928909,53,54,29.0,59.0,0.7232630757220921,0.0,0.2608,628,2653,0.1,0.15,15
20,10,false,,0.17750129429921294,0.0876867578768435,-0.10164597358776598,6,3,1.0,19.0,0.25977835723598436,0.16916558018252933,0.298,629,2654,0.1,0.15,15
30,15,false,,0.10971700995100016,0.3733479623683925,0.26131436938992975,25,26,2.0,29.0,0.7057444314185228,0.09691285658460336,0.264,629,2654,0.1,0.15,15
40,20,false,,0.20299180916367351,0.10268382745696385,-0.10644582286654278,6,3,1.0,31.0,0.26323529411764707,0.13786764705882354,0.2688,629,2654,0.1,0.15,15
50,25,true,,0.12145527715686553,0.26356253627323645,0.15024446087727153,42,44,5.0,49.0,0.8405691353520612,0.05290040131338927,0.251,629,2654,0.1,0.15,15
20,10,false,,0.10387673399424484,0.0874049187585023,-0.015056227670459388,9,1,1.0,19.0,0.4493623405851463,0.3402100525131283,0.2574,630,2655,0.1,0.15,15
30,15,true,,0.10537343173575575,0.3306203808119256,0.23165067939904982,23,25,2.0,29.0,0.8173532628508932,0.11374407582938388,0.2758,630,2655,0.1,0.15,15
20,10,false,,0.20773782605009902,0.1825162349264792,-0.02098734210204134,9,2,1.0,19.0,0.46434991012582383,0.3547034152186938,0.325,631,2656,0.1,0.15,15
30,15,false,,0.1881713159551701,0.14445384497286323,-0.0571877644410379,21,25,4.0,29.0,0.35449299258037925,0.14399560318768892,0.2792,631,2656,0.1,0.15,15
40,20,false,,0.2079361318498906,0.14235265075525527,-0.08762915959552664,14,5,2.0,35.0,0.1733661471151217,0.2499316379546076,0.2684,631,2656,0.1,0.15,15
50,25,false,,0.20439899366970032,0.15380200114159703,-0.06591336725561997,9,3,1.0,48.0,0.2496204069237777,0.09383540844215002,0.2066,631,2656,0.1,0.15,15
60,30,false,,0.16838857696825488,0.577662559365585,0.4086535986862808,55,57,43.0,59.0,0.9028301886792452,0.0,0.195,631,2656,0.1,0.15,15
20,10,false,,0.14625477100632756,0.33631792273798294,0.1971385536199581,15,16,1.0,19.0,0.6708133971291866,0.5620414673046252,0.2644,632,2657,0.1,0.15,15
30,15,false,,0.13981225684618942,0.16246601642125014,0.029680089190393402,16,17,2.0,29.0,0.5978883861236802,0.2521870286576169,0.2988,632,2657,0.1,0.15,15
40,20,false,,0.1313991833353585,0.7354931464694184,0.5986173972402951,36,36,24.0,39.0,0.9230182926829268,0.0019054878048780487,0.229,632,2657,0.1,0.15,15
50,25,false,,0.13868282723078318,0.5870877552335868,0.44988369221851193,45,45,34.0,49.0,0.9384353741496598,0.0,0.21,632,2657,0.1,0.15,15
60,30,true,,0.14213985058641349,0.22204671355774916,0.09241797419475045,52,55,24.450000000000003,59.0,0.7460471119716038,0.0,0.1882,632,2657,0.1,0.15,15
20,10,false,,0.10891720214105421,0.1768895568686235,0.08035618477980948,12,15,1.0,19.0,0.6495894909688014,0.44794745484400655,0.3034,633,2658,0.1,0.15,15
30,15,false,,0.131518525950279,0.5998507717843997,0.4588833340792904,25,25,16.0,29.0,0.9007608336089977,0.0903076414158121,0.275,633,2658,0.1,0.15,15
40,20,false,,0.14336773759429844,0.16148703621362803,0.03676479787341466,20,36,2.0,38.0,0.6189015035286898,0.18103712795335994,0.2598,633,2658,0.1,0.15,15
50,25,false,,0.14838976742288912,0.2595911466134288,0.10933336315102996,46,46,26.625,49.0,0.73694646397885,0.010244547257105089,0.2044,633,2658,0.1,0.15,15
60,30,true,,0.4046292412202271,0.5715305934871808,0.16690135226695374,23,23,23.0,23.0,1.0,0.0,0.0002,633,2658,0.1,0.15,15
20,10,true,,0.1207406595218933,0.25718764200986893,0.1624383111716315,14,18,2.0,19.0,0.7972758948368704,0.5555907507127019,0.2996,634,2659,0.1,0.15,15
20,10,false,,0.09403965761131103,0.13309274296572474,0.048243482077816674,15,16,2.0,19.0,0.6244972577696527,0.586471663619744,0.272,635,2660,0.1,0.15,15
30,15,false,,0.09243917622177099,0.10471174539768356,0.012229510362556414,17,27,1.0,29.0,0.5373936408419167,0.19390953873712494,0.201,635,2660,0.1,0.15,15
40,20,false,,0.11925758551139924,0.15021696464211926,0.045929260244443076,20,5,2.0,38.0,0.584460765365288,0.14109006571318128,0.2808,635,2660,0.1,0.15,15
50,25,false,,0.14211397092705658,0.10461220294838612,-0.047826166050255206,17,7,1.0,47.0,0.3607719574635683,0.13666797951949586,0.2532,635,2660,0.1,0.15,15
60,30,true,,0.11886034485053278,0.27730433399386745,0.14747727189278728,50,48,25.0,59.0,0.7259206798866855,0.0,0.1212,635,2660,0.1,0.15,15
20,10,false,,0.1081000258598458,0.25477441605416556,0.15181490161661557,14,16,1.0,19.0,0.6862385321100918,0.5625688073394496,0.2762,636,2661,0.1,0.15,15
30,15,true,,0.08882302832585397,0.24988007199015216,0.1674497134521667,23,25,2.0,29.0,0.7272727272727273,0.13908671973188103,0.2042,636,2661,0.1,0.15,15
20,10,false,,0.1478262088582327,0.23754645192520502,0.11571095785156509,14,15,1.0,19.0,0.6963414634146341,0.5935975609756098,0.324,637,2662,0.1,0.15,15
30,15,false,,0.1579166069356725,0.13400596182987323,-0.030806516967114728,10,4,1.0,28.0,0.4036234036234036,0.19869319869319868,0.2896,637,2662,0.1,0.15,15
40,20,false,,0.13957999661449938,0.23372119738610173,0.11913430969370108,33,38,5.0,39.0,0.6461487820934826,0.07735352205398288,0.2392,637,2662,0.1,0.15,15
50,25,false,,0.14079645854469505,0.18533535755682706,0.05160632938237483,40,45,6.0,49.0,0.6416510318949343,0.10037523452157598,0.2172,637,2662,0.1,0.15,15
60,30,false,,0.14070223030882278,0.1720274437207476,0.03288555957822792,50,56,6.950000000000003,59.0,0.6566207117665919,0.004168002564924655,0.2068,637,2662,0.1,0.15,15
20,10,false,,0.08128195314475208,0.40913905992372,0.3404934265984939,16,16,2.0,19.0,0.8273524720893142,0.7037480063795853,0.2428,638,2663,0.1,0.15,15
30,15,false,,0.7956851655638013,0.053962795510788183,-0.7483277114484428,1,1,1.0,4.0,0.0,0.0,0.0606,638,2663,0.1,0.15,15
40,20,true,,0.07015034063347089,0.21678740323267712,0.14235455443669925,34,37,22.0,39.0,0.8319088319088319,0.003418803418803419,0.0756,638,2663,0.1,0.15,15
20,10,false,,0.13179383932756228,0.33445986098544644,0.21979651618618895,15,16,1.0,19.0,0.6679168087282645,0.5939311285373338,0.2396,639,2664,0.1,0.15,15
30,15,false,,0.177518467591067,0.08311125858319016,-0.10810729034063249,9,2,1.0,28.0,0.21236076176787638,0.18792669780812074,0.2362,639,2664,0.1,0.15,15
40,20,false,,0.2489799421355664,0.09579577678496701,-0.15888134842707174,6,3,1.0,38.0,0.25426550145651267,0.09446525176862255,0.2334,639,2664,0.1,0.15,15
50,25,true,,0.11703566128908403,0.19258094847513435,0.08380769509561008,38,46,16.0,49.0,0.7096897740329375,0.03600153198008426,0.2572,639,2664,0.1,0.15,15
20,10,true,,0.12156344189831027,0.27722658807838707,0.17693480609981366,13,16,2.0,19.0,0.7430706944876986,0.5372158206166303,0.3216,640,2665,0.1,0.15,15
20,10,true,,0.04354141750766365,0.15685481841332582,0.12093355168618956,14,16,1.0,19.0,0.7256763170384433,0.6506881822496441,0.1354,641,2666,0.1,0.15,15
20,10,false,,0.12967603792041227,0.16716992381792617,0.053559197856980136,11,16,1.0,19.0,0.5995561192136969,0.4292961318960051,0.292,642,2667,0.1,0.15,15
30,15,false,,0.2666983821228196,0.1020059240135786,-0.1759944861847605,4,1,1.0,23.0,0.1989010989010989,0.07838827838827839,0.2358,642,2667,0.1,0.15,15
40,20,false,,0.1362514705024951,0.14089066653271518,0.013760044484517911,12,10,1.0,38.0,0.5395730706075533,0.22725779967159276,0.2722,642,2667,0.1,0.15,15
50,25,false,,0.15349203739146908,0.14028129307306822,-0.01790059026505611,13,3,1.0,45.0,0.4295103516266842,0.18468616496878082,0.2412,642,2667,0.1,0.15,15
60,30,true,,0.13957452479181498,0.17563359103254897,0.047467710337972535,28,54,3.0,59.0,0.730817610062893,0.14937106918238993,0.2272,642,2667,0.1,0.15,15
20,10,false,,0.0829752718871032,0.5947204315259342,0.5084296842631867,16,16,3.0,19.0,0.8035645098798915,0.6772568771793879,0.2494,643,2668,0.1,0.15,15
30,15,false,,0.11386187919622268,0.12166008547640307,0.0024826102561075203,15,19,2.0,28.0,0.5080728272071453,0.2785984197870148,0.3074,643,2668,0.1,0.15,15
40,20,true,,0.11328960225353749,0.19113980778784453,0.0792454825173501,32,35,16.0,39.0,0.720112517580872,0.0450070323488045,0.2594,643,2668,0.1,0.15,15
20,10,false,,0.10565374613978229,0.16296445820577016,0.0783084187174174,13,18,2.0,19.0,0.6283095723014257,0.551255940257977,0.3036,644,2669,0.1,0.15,15
30,15,false,,0.10632882006567083,0.08966961785503452,-0.018621848759458645,13,2,1.0,28.0,0.4335378323108384,0.15664621676891616,0.2144,644,2669,0.1,0.15,15
40,20,true,,0.10760895398935959,0.2468005149356982,0.14144868657949275,31,36,3.0,39.0,0.8063286313381625,0.050705299275638584,0.2964,644,2669,0.1,0.15,15
20,10,false,,0.1007520650885289,0.14194560329211078,0.0607978913363192,10,15,1.0,19.0,0.6414825374198146,0.41304347826086957,0.2692,645,2670,0.1,0.15,15
30,15,true,,0.11389781206679275,0.24780801948035236,0.1526463863320433,19,19,3.0,29.0,0.7944137707047743,0.2728158493017213,0.302,645,2670,0.1,0.15,15
20,10,true,,0.1172437350186931,0.22926856139895394,0.1360795314691206,13,16,2.0,19.0,0.7512870012870013,0.5556628056628057,0.3134,646,2671,0.1,0.15,15
20,10,false,,0.10926636380216842,0.20045966044377425,0.11361014677629624,14,16,1.0,19.0,0.6844444444444444,0.5302564102564102,0.2962,647,2672,0.1,0.15,15
30,15,true,,0.1039309272591041,0.31176655207678894,0.2129146841952314,21,25,3.0,29.0,0.7341445427728613,0.17994100294985252,0.293,647,2672,0.1,0.15,15
20,10,false,,0.11475340803452999,0.23841208560634158,0.1575328795732575,13,17,1.0,19.0,0.6715916722632639,0.4717931497649429,0.2842,648,2673,0.1,0.15,15
30,15,false,,0.1353939351920041,0.10779252285425811,-0.03620715039806816,12,1,1.0,27.0,0.4031432748538012,0.20796783625730994,0.2678,648,2673,0.1,0.15,15
40,20,true,,0.11526463432201496,0.22630947724130182,0.12840459529478476,29,33,2.0,39.0,0.7632884479092842,0.10524450744153083,0.2836,648,2673,0.1,0.15,15
20,10,false,,0.08701324758576146,0.13516147039559498,0.06098764725046087,11,17,1.0,19.0,0.6427007299270073,0.42445255474452553,0.2608,649,2674,0.1,0.15,15
30,15,true,,0.081468801042561,0.3026758489969073,0.21379643397994158,23,26,2.0,29.0,0.7175090252707581,0.09476534296028881,0.1646,649,2674,0.1,0.15,15
20,10,false,,0.31478726104016813,0.08133115957540053,-0.23268771043410094,4,3,1.0,14.0,0.13178036605657237,0.053577371048252914,0.2614,650,2675,0.1,0.15,15
30,15,false,,0.30795094084460306,0.11353931344482285,-0.21306469622916474,4,2,1.0,29.0,0.2961567445365486,0.0493594574227581,0.2102,650,2675,0.1,0.15,15
40,20,false,,0.1452545935765078,0.13663641214409544,-0.007467090397313136,15,2,1.0,39.0,0.47983014861995754,0.11323425336164189,0.2262,650,2675,0.1,0.15,15
50,25,true,,0.13210659015010168,0.28309005458768555,0.1610134851212754,44,48,30.0,49.0,0.789419795221843,0.0,0.2174,650,2675,0.1,0.15,15
20,10,false,,0.15604060257353758,0.18470704598281237,0.0373990571691859,10,7,1.0,19.0,0.5773464658169177,0.3496523754345307,0.3352,651,2676,0.1,0.15,15
30,15,false,,0.6149741265064347,0.14009847636990908,-0.49347344923931963,3,1,1.0,28.0,0.2,0.09228007181328546,0.1962,651,2676,0.1,0.15,15
40,20,false,,0.16628903698031522,0.1720964093872557,0.012329021909718435,16,8,1.0,37.0,0.5416666666666666,0.22590702947845806,0.26,651,2676,0.1,0.15,15
50,25,true,,0.17002339470339872,0.44871331339613235,0.2767797635525038,44,44,10.0,49.0,0.8489380795692492,0.04367334729285073,0.2162,651,2676,0.1,0.15,15
20,10,true,,0.06494218076600729,0.20344055119699597,0.14508993955232724,14,15,2.0,19.0,0.7785315243415802,0.6300877893056664,0.2226,652,2677,0.1,0.15,15
20,10,false,,0.1576538835840717,0.19343413370596954,0.04839485129915069,12,16,1.0,19.0,0.5881116781747223,0.46952867006904836,0.307,653,2678,0.1,0.15,15
30,15,false,,0.14051462911816398,0.1635844855456468,0.04177228166173204,22,26,1.0,29.0,0.5875866414618778,0.1275992438563327,0.256,653,2678,0.1,0.15,15
40,20,false,,0.139327298144125,0.17644655078361757,0.053404367676036485,31,38,5.0,39.0,0.6902927580893683,0.14699537750385208,0.2524,653,2678,0.1,0.15,15
50,25,true,,0.14596356811079256,0.22697537034974666,0.09971495874486552,39,46,4.0,49.0,0.7663316582914573,0.1253140703517588,0.225,653,2678,0.1,0.15,15
20,10,false,,0.14347486605478818,0.1755661523318654,0.04677647469251392,11,16,1.0,19.0,0.6019945602901179,0.4487760652765186,0.3224,654,2679,0.1,0.15,15
30,15,false,,0.1419479670170996,0.19631365836454595,0.07463340804214041,20,27,2.0,29.0,0.6593337523570082,0.16279069767441862,0.2556,654,2679,0.1,0.15,15
40,20,false,,0.1462029593261175,0.18869422558400303,0.05369573138063331,34,36,6.450000000000003,39.0,0.6204642039882314,0.08957175547564564,0.2262,654,2679,0.1,0.15,15
50,25,false,,0.15223043664572575,0.14551594514739263,-0.009395386423522528,20,4,2.875,47.0,0.4499396863691194,0.19149577804583837,0.2326,654,2679,0.1,0.15,15
60,30,false,,0.15480209734297865,0.16254128041452778,0.011109712108887698,44,1,1.0,58.0,0.519502353732347,0.01546738399462004,0.1818,654,2679,0.1,0.15,15
20,10,true,,0.09962476165033633,0.18255687955831962,0.08636588367094986,11,16,1.0,19.0,0.725340418465626,0.4307539023580206,0.3204,655,2680,0.1,0.15,15
20,10,false,,0.09995836314130288,0.1844655789362452,0.09163342315481388,13,16,1.0,19.0,0.6472128694350917,0.49756827534605313,0.2826,656,2681,0.1,0.15,15
30,15,true,,0.10901758429548529,0.2039292029009355,0.11823637511764062,20,26,1.0,29.0,0.7152698048220436,0.14695752009184845,0.265,656,2681,0.1,0.15,15
20,10,false,,0.1365372164000786,0.12876995273259834,0.0034856930284731663,9,2,1.0,19.0,0.5091697232410803,0.3867955985328443,0.2692,657,2682,0.1,0.15,15
30,15,true,,0.12790579302798905,0.28595084727320774,0.17112208061340128,24,27,2.0,29.0,0.7632532104050049,0.15772143562726373,0.2672,657,2682,0.1,0.15,15
20,10,false,,0.13247180863508978,0.1619860501289531,0.03137570729880304,12,16,1.0,19.0,0.5700149925037481,0.46116941529235383,0.324,658,2683,0.1,0.15,15
30,15,false,,0.13203731031270555,0.18535615211215756,0.07852593132093458,20,24,1.0,28.0,0.6824432363287496,0.12216181643748002,0.2612,658,2683,0.1,0.15,15
40,20,false,,0.1418102572332675,0.15498699483761033,0.02180444204276307,20,35,2.0,38.0,0.5846059865607819,0.17745876603543068,0.265,658,2683,0.1,0.15,15
50,25,false,,0.16820680392246412,0.1430856446205374,-0.03360502808632232,10,3,1.0,40.0,0.36706102117061024,0.19582814445828145,0.2212,658,2683,0.1,0.15,15
60,30,false,,0.34204288877315375,0.14350824101979034,-0.19620524176807286,4,2,1.0,13.0,0.18413496051687006,0.049174443646805455,0.1818,658,2683,0.1,0.15,15
20,10,false,,0.1251195115159032,0.10925068816488642,-0.02584055234290364,8,4,1.0,19.0,0.44127296587926507,0.3218503937007874,0.2886,659,2684,0.1,0.15,15
30,15,false,,0.16122631678369695,0.11062604662998354,-0.07328479491027928,8,1,1.0,29.0,0.40634556574923547,0.11200305810397554,0.2434,659,2684,0.1,0.15,15
40,20,false,,0.1299071019434214,0.13777759293679157,0.0009694999717922564,30,36,1.0,39.0,0.5046664362253716,0.08745247148288973,0.2578,659,2684,0.1,0.15,15
50,25,false,,0.20291124180510414,0.1236260635591846,-0.08471474608129505,6,1,1.0,30.0,0.2585438335809807,0.12704309063893016,0.2074,659,2684,0.1,0.15,15
60,30,true,,0.1374704800250948,0.5688293527634565,0.4359162882437798,54,54,41.0,59.0,0.955,0.0,0.2168,659,2684,0.1,0.15,15
20,10,true,,0.09751427191675803,0.16659156523502913,0.09684991617724698,11,16,1.0,19.0,0.7029982363315697,0.4444444444444444,0.3118,660,2685,0.1,0.15,15
20,10,false,,0.08786375573871535,0.12921938794780083,0.046405334589712285,12,15,1.0,19.0,0.619951674145668,0.5181221953745254,0.3074,661,2686,0.1,0.15,15
30,15,true,,0.09941243041968514,0.2894361786775871,0.19606326315350942,23,26,2.0,29.0,0.7640324963072378,0.1912850812407681,0.303,661,2686,0.1,0.15,15
20,10,false,,0.11816651587608433,0.17985414398289304,0.07870619550383277,13,16,1.0,19.0,0.6291812679197196,0.5160879260911119,0.2986,662,2687,0.1,0.15,15
30,15,true,,0.12675646416465877,0.2677762717366406,0.15507178358064422,22,25,3.0,29.0,0.7926829268292683,0.21630295250320924,0.2906,662,2687,0.1,0.15,15
20,10,false,,0.08311307391364116,0.23154429675808635,0.15003065178054223,13,16,1.0,19.0,0.6662749706227967,0.5072463768115942,0.2212,663,2688,0.1,0.15,15
30,15,false,,0.11404119592273054,0.11954826124089432,0.010422650055202223,14,3,1.0,28.0,0.5288709084222141,0.2522986392055903,0.3044,663,2688,0.1,0.15,15
40,20,true,,0.11547246469106812,0.3789697970884101,0.26136961691920946,33,36,13.0,39.0,0.8313384113166485,0.06238665215814291,0.286,663,2688,0.1,0.15,15
20,10,true,,0.11156249515762887,0.23016087230720345,0.15568437308349758,13,16,1.0,19.0,0.7249592169657423,0.49787928221859706,0.2934,664,2689,0.1,0.15,15
20,10,false,,0.13321253502642685,0.15545327137559287,0.029912047444634687,8,1,1.0,19.0,0.5699713101689512,0.2798852406758049,0.3128,665,2690,0.1,0.15,15
30,15,true,,0.1342652368320989,0.310564181913101,0.18694994360222783,23,28,5.0,29.0,0.7696434206374251,0.175765225623225,0.283,665,2690,0.1,0.15,15
20,10,false,,0.10890953996283091,0.08324059927178115,-0.030262259001729994,8,1,1.0,19.0,0.43150397989107664,0.3523250942605781,0.1948,666,2691,0.1,0.15,15
30,15,true,,0.07307439321693324,0.31004339065171616,0.24304284440839022,23,25,7.0,29.0,0.8373831775700935,0.10981308411214953,0.175,666,2691,0.1,0.15,15
20,10,false,,0.1269912756123877,0.18362397810382436,0.071944137741491,13,15,1.0,19.0,0.6312378483473753,0.4896305897602074,0.2896,667,2692,0.1,0.15,15
30,15,false,,0.13972264608966473,0.15335064424089664,0.019179289923201975,18,1,1.0,29.0,0.5312061711079944,0.12622720897615708,0.2466,667,2692,0.1,0.15,15
40,20,true,,0.13483489004478655,0.18312171164699614,0.0639786882936724,26,36,4.0,39.0,0.7053710027941633,0.11176653213287799,0.2684,667,2692,0.1,0.15,15
20,10,false,,0.12256358296276185,0.14226227846134734,0.04118409316353418,9,2,1.0,19.0,0.5379928315412187,0.4053763440860215,0.2804,668,2693,0.1,0.15,15
30,15,false,,0.12735580322171308,0.16843383774074597,0.0632574179555507,16,25,1.0,29.0,0.6404020752269779,0.16731517509727625,0.2934,668,2693,0.1,0.15,15
40,20,true,,0.13429243287556522,0.33399808816174476,0.19640330405522757,34,35,21.0,39.0,0.832308190352865,0.005827128520556815,0.2634,668,2693,0.1,0.15,15
20,10,false,,0.15605911591998683,0.1680173745817689,0.023189847991980123,10,16,1.0,19.0,0.5402157164869029,0.40308166409861323,0.3048,669,2694,0.1,0.15,15
30,15,false,,0.1451710665410926,0.17129692090589843,0.03682583355541962,22,28,5.0,29.0,0.5829984544049459,0.19598145285935084,0.2652,669,2694,0.1,0.15,15
40,20,false,,0.14352862694586827,0.31357268283225453,0.17783174229350973,35,36,16.775000000000006,39.0,0.7493573264781491,0.018316195372750643,0.2276,669,2694,0.1,0.15,15
50,25,false,,0.14562389414095808,0.17899642739617716,0.05798173488723399,32,45,2.0,48.0,0.6702719406674907,0.14276885043263288,0.2364,669,2694,0.1,0.15,15
60,30,true,,0.1483722452742986,0.31563861241907376,0.16445060455578414,53,55,38.0,59.0,0.8232181761593527,0.0,0.1946,669,2694,0.1,0.15,15
20,10,false,,0.14177511687612196,0.15729763445996026,0.026462008347882593,13,16,2.0,19.0,0.5530094714329361,0.5007638252367859,0.3022,670,2695,0.1,0.15,15
30,15,false,,0.17990425053747297,0.128963012259963,-0.06809572791917706,6,1,1.0,27.0,0.37241838774150565,0.15856095936042638,0.255,670,2695,0.1,0.15,15
40,20,false,,0.1458555029318199,0.1595870862782227,0.025932609474303564,20,36,2.0,39.0,0.5723704866562009,0.13343799058084774,0.2584,670,2695,0.1,0.15,15
50,25,false,,0.14522569695126858,0.48763669521015734,0.33966523123464765,46,47,34.0,49.0,0.8503195425496132,0.0,0.1876,670,2695,0.1,0.15,15
60,30,true,,0.14805897604477083,0.30239581175125535,0.14992640620604564,52,55,34.0,59.0,0.8539781591263651,0.0,0.2032,670,2695,0.1,0.15,15
20,10,false,,0.11997076939986522,0.15273675936583456,0.05331740599278756,11,16,1.0,19.0,0.607570365577483,0.42639922355224846,0.3056,671,2696,0.1,0.15,15
30,15,false,,0.11924278836022471,0.1824466869479324,0.07479049161097358,21,25,2.0,29.0,0.6926797807158981,0.19413092550790068,0.3052,671,2696,0.1,0.15,15
40,20,false,,0.1210374230326575,0.2026087836046024,0.10871393307102763,26,36,3.0,39.0,0.6998943289890807,0.14336033814723495,0.2664,671,2696,0.1,0.15,15
50,25,false,,0.13102892758419935,0.4990133032740442,0.3739490897807739,45,46,36.0,49.0,0.9123619522622016,0.0,0.2204,671,2696,0.1,0.15,15
60,30,false,,0.13776153367886806,0.684864975438682,0.5464986626800382,56,56,46.0,59.0,0.9376979936642027,0.0,0.1748,671,2696,0.1,0.15,15
20,10,true,,0.11343724442474763,0.2846860018535581,0.18479237825567021,14,17,1.0,19.0,0.7045157068062827,0.600130890052356,0.288,672,2697,0.1,0.15,15
20,10,false,,0.1248929586139692,0.1542682329670707,0.014430290070614568,13,15,1.0,19.0,0.5234544889717303,0.5256290773532153,0.3256,673,2698,0.1,0.15,15
30,15,false,,0.13261514679139955,0.12837288046104378,-0.0040846525608653345,19,27,2.0,29.0,0.491430454845089,0.15985497692814765,0.271,673,2698,0.1,0.15,15
40,20,true,,0.12844720236218654,0.23281630261534347,0.12593268269695085,32,37,6.0,39.0,0.7531311799604482,0.07251153592617007,0.2598,673,2698,0.1,0.15,15
20,10,false,,0.09639602443231877,0.28983940481894976,0.20698768996852349,15,17,2.0,19.0,0.7384393063583815,0.6015173410404624,0.2888,674,2699,0.1,0.15,15
30,15,false,,0.10573764432247632,0.22129499637691852,0.11697721235765876,22,26,1.0,29.0,0.6690763052208836,0.12650602409638553,0.2588,674,2699,0.1,0.15,15
40,20,false,,0.13410581833607688,0.11509360971307392,-0.021829240081410045,10,2,1.0,37.0,0.4446902654867257,0.11688790560471976,0.2834,674,2699,0.1,0.15,15
50,25,true,,0.11491889744588299,0.2674283330747206,0.15501874429445442,39,44,18.0,49.0,0.7916358253145818,0.03441894892672095,0.2778,674,2699,0.1,0.15,15
20,10,false,,0.2224126119462285,0.10818040674011124,-0.13359819488127755,5,2,1.0,18.0,0.26250833889259506,0.1827885256837892,0.2758,675,2700,0.1,0.15,15
30,15,false,,0.12891795682890733,0.14474726734718363,0.03878720814912063,15,27,1.0,29.0,0.5687074829931973,0.24285714285714285,0.2818,675,2700,0.1,0.15,15
40,20,false,,0.13403460697877495,0.1408361891356898,0.008050817376095809,28,37,2.0,39.0,0.5207719986915277,0.09519136408243375,0.2648,675,2700,0.1,0.15,15
50,25,false,,0.13580441676566918,0.16211685756163785,0.03681228884329024,38,45,4.0,49.0,0.6137998691955526,0.08633093525179857,0.2206,675,2700,0.1,0.15,15
60,30,false,,0.3004050174190167,0.1337565830560879,-0.16801262727951055,4,4,1.0,16.0,0.21392190152801357,0.12020373514431239,0.2,675,2700,0.1,0.15,15
20,10,false,,0.12564078062336012,0.15772142431863642,0.047594435998043305,9,5,1.0,19.0,0.6175802789490755,0.38339279922153746,0.2972,676,2701,0.1,0.15,15
30,15,false,,0.13995104782701562,0.19007776384427424,0.0638046977516134,22,25,2.0,29.0,0.6547330097087378,0.16140776699029127,0.2792,676,2701,0.1,0.15,15
40,20,false,,0.14216381918193904,0.14525240144910997,0.013324591519068105,20,2,1.0,38.0,0.5436328377504848,0.11635423400129283,0.236,676,2701,0.1,0.15,15
50,25,true,,0.14111980220316558,0.23887439209737643,0.10712420330639438,42,47,11.0,49.0,0.7117380025940337,0.04734111543450065,0.2264,676,2701,0.1,0.15,15
20,10,false,,0.16048631829037152,0.17019677123627228,0.03404827221818153,9,2,1.0,18.0,0.529559748427673,0.3889937106918239,0.2958,677,2702,0.1,0.15,15
30,15,false,,0.19066198700299453,0.11767810465461946,-0.12373374482121817,6,1,1.0,28.0,0.2950647532376619,0.14770738536926847,0.2092,677,2702,0.1,0.15,15
40,20,false,,0.4111255800801082,0.12136442459516279,-0.285028034635369,4,1,1.0,35.0,0.19236159775753328,0.1212333566923616,0.1916,677,2702,0.1,0.15,15
50,25,false,,0.13484287499047312,0.31171777351446595,0.1750205512122827,45,47,28.0,49.0,0.7888695652173913,0.0,0.2074,677,2702,0.1,0.15,15
60,30,true,,0.13419224241508695,0.25057782733067213,0.11841898789248372,54,55,23.0,59.0,0.7345102111457251,0.0,0.1962,677,2702,0.1,0.15,15
20,10,false,,0.15105797499612444,0.11858562770860162,-0.02990566771332842,8,2,1.0,19.0,0.44011976047904194,0.31603459747172324,0.2946,678,2703,0.1,0.15,15
30,15,false,,0.11506883259258777,0.32942004671902936,0.2214284990768635,25,26,3.0,29.0,0.8350442477876107,0.1079646017699115,0.269,678,2703,0.1,0.15,15
40,20,false,,0.1312445763310146,0.13694192103761163,0.017940009682309313,19,37,1.0750000000000028,38.0,0.5666894664842681,0.216484268125855,0.271,678,2703,0.1,0.15,15
50,25,true,,0.13122856970803717,0.4557213371200478,0.32859338492453083,44,46,15.0,49.0,0.9098417068134893,0.04301445285615967,0.2408,678,2703,0.1,0.15,15
20,10,false,,0.10953997443514676,0.10943637490596413,0.00039553345277597296,9,2,1.0,19.0,0.502865329512894,0.36891117478510027,0.2418,679,2704,0.1,0.15,15
30,15,true,,0.11843374379644903,0.2309289791454006,0.1325727063318401,20,25,2.0,29.0,0.7365554799183118,0.15520762423417292,0.298,679,2704,0.1,0.15,15
20,10,false,,0.12868879204536732,0.09563826250385955,-0.04023144382327605,9,10,1.0,19.0,0.3939393939393939,0.3377104377104377,0.2868,680,2705,0.1,0.15,15
30,15,false,,0.10411747452247376,0.24674274389025525,0.15475612272062264,24,26,1.0,29.0,0.6637519872813991,0.09737678855325914,0.2572,680,2705,0.1,0.15,15
40,20,true,,0.11450243098398703,0.22951384897079116,0.1393072372247675,26,35,3.0,39.0,0.7229420731707317,0.17797256097560976,0.273,680,2705,0.1,0.15,15
20,10,false,,0.11586884925940144,0.21340163296572,0.11471941399349683,13,17,1.0,19.0,0.6103588354773188,0.508801624915369,0.2974,681,2706,0.1,0.15,15
30,15,false,,0.14064847888259435,0.09723549520018962,-0.05029185801813274,7,3,1.0,26.0,0.3490909090909091,0.17854545454545453,0.2988,681,2706,0.1,0.15,15
40,20,false,,0.1872070238646611,0.09319896534569852,-0.11257899830515002,8,2,1.0,37.0,0.28024948024948027,0.1525987525987526,0.2368,681,2706,0.1,0.15,15
50,25,false,,0.2165210055975892,0.09986050442974975,-0.12082617063632255,6,2,1.0,25.0,0.2336911643270025,0.09950454170107349,0.2426,681,2706,0.1,0.15,15
60,30,false,,0.1261580581784925,0.14170277199821898,0.02104558072435679,36,3,1.0,58.0,0.5529736116581331,0.052776683733753445,0.239,681,2706,0.1,0.15,15
20,10,false,,0.12809082292220378,0.21145735737277646,0.10637019790527738,13,16,2.0,19.0,0.6938900828983727,0.5013816395455941,0.3164,682,2707,0.1,0.15,15
30,15,true,,0.1370865255364519,0.21107961141901588,0.08988198653559562,22,26,2.0,29.0,0.7011070110701108,0.15252152521525214,0.2812,682,2707,0.1,0.15,15
20,10,false,,0.14181023340928028,0.15572118669822066,0.019800593393867888,12,17,1.0,19.0,0.5434375,0.4778125,0.3064,683,2708,0.1,0.15,15
30,15,false,,0.13503265725214292,0.15302335325435473,0.03110987513149488,19,27,2.0,29.0,0.5981109079829372,0.19134673979280925,0.2848,683,2708,0.1,0.15,15
40,20,false,,0.1454272079284432,0.13679537845193093,-0.015651534104172027,22,34,1.0,38.0,0.45377624569100594,0.1303666562206205,0.2478,683,2708,0.1,0.15,15
50,25,true,,0.1379203551712371,0.22468543029249655,0.10516501450955014,44,46,11.0,49.0,0.7390268798911195,0.041850969717591016,0.2198,683,2708,0.1,0.15,15
20,10,true,,0.14134616505545225,0.24849758271340902,0.13416892534599423,12,16,1.0,19.0,0.7361278648974668,0.47738238841978287,0.3406,684,2709,0.1,0.15,15
20,10,true,,0.10932027301978632,0.23770411851328987,0.14881079450385484,14,16,2.0,19.0,0.721119427269769,0.549625772860397,0.3084,685,2710,0.1,0.15,15
20,10,false,,0.08633647091696976,0.43024640721504276,0.3497727833434741,15,17,4.0,19.0,0.8389499822632139,0.6963462220645619,0.2894,686,2711,0.1,0.15,15
30,15,false,,0.10943161310958982,0.12037952077766936,0.027844789101843112,11,3,1.0,27.0,0.5877726135144798,0.26671433678941725,0.3048,686,2711,0.1,0.15,15
40,20,false,,0.11955830397648341,0.3806300495167003,0.2663914741468686,29,36,1.0,39.0,0.6897929531420269,0.07301126044315293,0.2832,686,2711,0.1,0.15,15
50,25,false,,0.12124521827980529,0.1311723478858312,0.02822711516038169,14,9,1.0,49.0,0.5681050656660412,0.18198874296435272,0.2478,686,2711,0.1,0.15,15
60,30,false,,0.12464848911524327,0.5195570303061112,0.40575222770620095,55,57,46.0,59.0,0.9607541362062332,0.0,0.2218,686,2711,0.1,0.15,15
20,10,false,,0.09631185306697855,0.3745541869809562,0.30103688695703457,15,16,3.0,19.0,0.7621326042378674,0.6428571428571429,0.2894,687,2712,0.1,0.15,15
30,15,false,,0.10936801830407618,0.1671305125002161,0.07580673735694181,21,27,2.0,29.0,0.6576444769568398,0.1686174103877103,0.2708,687,2712,0.1,0.15,15
40,20,false,,0.11595613930449819,0.1616756892466184,0.06475885067023963,27,36,2.0,39.0,0.6891117478510028,0.1070916905444126,0.2742,687,2712,0.1,0.15,15
50,25,false,,0.1357412160829396,0.13897401063740206,0.023744703925804703,11,2,1.0,49.0,0.5647321428571429,0.07924107142857142,0.2424,687,2712,0.1,0.15,15
60,30,false,,0.8348161071628246,0.12115303564502221,-0.7215348678403648,2,1,1.0,12.0,0.07680491551459294,0.026625704045058884,0.08,687,2712,0.1,0.15,15
20,10,false,,0.16729459642069094,0.11036684148838366,-0.0738006571792215,8,1,1.0,19.0,0.406456091634849,0.35855605692467896,0.2622,688,2713,0.1,0.15,15
30,15,false,,0.13050724227520966,0.17869387328238176,0.06951180022693945,19,27,1.0,29.0,0.6796522858982614,0.1310367031551835,0.2936,688,2713,0.1,0.15,15
40,20,false,,0.13983693098625571,0.1845944844206973,0.05768536664210128,26,35,2.0,39.0,0.6595879556259905,0.12424722662440571,0.2598,688,2713,0.1,0.15,15
50,25,false,,0.20452418088191765,0.13729900108721838,-0.0760651497828585,4,1,1.0,35.0,0.2996415770609319,0.08028673835125448,0.1764,688,2713,0.1,0.15,15
60,30,false,,0.5768810086437711,0.13751910521453317,-0.44590473711143563,2,1,1.0,11.0,0.060397243615727604,0.018240778273206325,0.1382,688,2713,0.1,0.15,15
20,10,false,,0.22054464027873794,0.09951307610772081,-0.1294326382180661,5,3,1.0,18.0,0.23814295257181028,0.1743486973947896,0.283,689,2714,0.1,0.15,15
30,15,false,,0.15200372964078884,0.1540369388444027,-0.004100883330099253,16,4,1.0,29.0,0.49286600496277916,0.1805210918114144,0.2758,689,2714,0.1,0.15,15
40,20,false,,0.1419132766317771,0.14875514002818388,0.018390544184136902,24,4,1.0,39.0,0.5450928381962865,0.058355437665782495,0.2388,689,2714,0.1,0.15,15
50,25,false,,0.14220290878759148,0.1384261449944758,-0.011474716500914889,17,4,2.0,49.0,0.4643564356435644,0.13795379537953795,0.2278,689,2714,0.1,0.15,15
60,30,true,,0.14344501514258073,0.25213102216416344,0.1129261496074993,53,55,29.0,59.0,0.7620294599018004,0.0,0.1794,689,2714,0.1,0.15,15
20,10,false,,0.1609165679720539,0.14138328737885703,-0.02142090537570418,9,4,2.0,19.0,0.4350479511769834,0.34176111595466435,0.3208,690,2715,0.1,0.15,15
30,15,false,,0.15518658141026834,0.14168645313234082,-0.024713797045579522,16,18,1.0,28.0,0.40713224368499257,0.23179791976225855,0.2878,690,2715,0.1,0.15,15
40,20,false,,0.14827734434104445,0.17353643998541235,0.050974395586811105,27,36,2.0,39.0,0.6655405405405406,0.11087223587223587,0.2528,690,2715,0.1,0.15,15
50,25,false,,0.15293091474854964,0.4219085039248586,0.2674873143903381,45,46,35.0,49.0,0.8260038240917782,0.0,0.2036,690,2715,0.1,0.15,15
60,30,false,,0.16551554642447683,0.15305403458749117,-0.010799146887683103,6,3,1.0,28.0,0.43263122701437645,0.11166833834837847,0.1538,690,2715,0.1,0.15,15
20,10,true,,0.1204876659921142,0.32472667042068715,0.2092626247429849,14,15,2.0,19.0,0.8330188679245283,0.6349056603773585,0.312,691,2716,0.1,0.15,15
20,10,false,,0.16505718286213086,0.10162382516333014,-0.08039090242908828,8,2,1.0,18.0,0.2800618238021638,0.3239567233384853,0.3014,692,2717,0.1,0.15,15
30,15,false,,0.13620871098662818,0.1552411450509435,0.03465385619778759,17,26,1.0,29.0,0.6039572864321608,0.1884422110552764,0.3026,692,2717,0.1,0.15,15
40,20,false,,0.15029996651742966,0.1509642395366212,0.009928688449439504,9,4,1.0,36.0,0.523320895522388,0.18874378109452736,0.247,692,2717,0.1,0.15,15
50,25,false,,0.1524591358936296,0.41862245600305137,0.2708017117662733,45,46,22.0,49.0,0.8917981072555206,0.007570977917981073,0.2026,692,2717,0.1,0.15,15
60,30,true,,0.15523184337477536,0.23077176058480847,0.09191989238058029,52,56,5.0,59.0,0.7387630956404191,0.0577897938492734,0.1582,692,2717,0.1,0.15,15
20,10,false,,0.1075509920749292,0.3394068974363612,0.2314817053803382,15,16,1.0,19.0,0.7084345713293995,0.6098576883026727,0.2812,693,2718,0.1,0.15,15
30,15,false,,0.12234434688221309,0.10553793649531869,-0.027838404652297834,14,4,1.0,29.0,0.42629179331306993,0.09080547112462006,0.2642,693,2718,0.1,0.15,15
40,20,true,,0.12191238861510449,0.3219076148847256,0.20042209173885267,33,36,1.0,39.0,0.770140428677014,0.04212860310421286,0.2598,693,2718,0.1,0.15,15
20,10,false,,0.10651741116393977,0.23464959225354357,0.137927489580723,14,16,1.0,19.0,0.6792058516196448,0.5576454197143852,0.2862,694,2719,0.1,0.15,15
30,15,false,,0.10857444615875192,0.07622790960071629,-0.03846204397203029,15,23,1.0,29.0,0.37225333907798364,0.18440327445066781,0.199,694,2719,0.1,0.15,15
40,20,false,,0.10181590846367237,0.09678004761714323,0.0018807448340129873,27,2,1.0,38.0,0.5026680896478122,0.04535752401280683,0.0964,694,2719,0.1,0.15,15
50,25,false,,0.07622711188128371,0.11692155393105218,0.03949317471747847,45,46,38.0,49.0,0.6736905478627333,0.0,0.0808,694,2719,0.1,0.15,15
60,30,false,,0.07918191619982642,0.08662933134584114,0.0018580272221535715,55,57,44.0,59.0,0.5054313099041533,0.0,0.0308,694,2719,0.1,0.15,15
20,10,true,,0.13260295340167258,0.31438103457058414,0.20862839142583164,13,14,2.0,19.0,0.8015243902439024,0.5682926829268292,0.3076,695,2720,0.1,0.15,15
20,10,false,,0.10358154554300157,0.0788210601388274,-0.03323949938891119,7,2,1.0,18.0,0.39008941877794334,0.22801788375558868,0.2712,696,2721,0.1,0.15,15
30,15,false,,0.15792105923345506,0.09662500345520099,-0.05977428705855445,8,2,1.0,26.0,0.3735700197238659,0.20907297830374755,0.266,696,2721,0.1,0.15,15
40,20,true,,0.11285189228484264,0.22093927188060164,0.12032751643331485,27,29,4.0,38.0,0.7823445318084346,0.17548248749106504,0.2888,696,2721,0.1,0.15,15
20,10,false,,0.09621930322053733,0.5335647306719706,0.44061654494777935,15,17,2.0,19.0,0.7148203592814372,0.5565119760479041,0.257,697,2722,0.1,0.15,15
30,15,true,,0.10839384028297527,0.36444785858281126,0.25631087379103296,24,27,3.0,29.0,0.7537993920972644,0.10752279635258359,0.2802,697,2722,0.1,0.15,15
20,10,true,,0.10436646005358988,0.22814533194429273,0.1406683683070734,13,15,2.0,19.0,0.7430291508238276,0.5494296577946768,0.3314,698,2723,0.1,0.15,15
20,10,false,,0.09704685548528304,0.38278307026235797,0.2791386952708905,15,16,2.0,19.0,0.7953456536618754,0.608145106091718,0.2996,699,2724,0.1,0.15,15
30,15,false,,0.12882522108978456,0.19021798187312552,0.0975028848745145,15,25,2.0,29.0,0.6926590538336053,0.15073409461663947,0.286,699,2724,0.1,0.15,15
40,20,false,,0.13763379744067314,0.14908401800234286,0.018048720114339237,25,28,2.0,38.0,0.563813107557228,0.11947318908748825,0.2722,699,2724,0.1,0.15,15
50,25,false,,0.22367613755646312,0.1400409235799335,-0.09377806510187532,5,1,1.0,25.0,0.36789056875449966,0.08171346292296616,0.1754,699,2724,0.1,0.15,15
60,30,true,,0.1444815610195678,0.20582055785995362,0.06630817173673514,49,51,29.0,59.0,0.7203821656050955,0.0003184713375796178,0.1714,699,2724,0.1,0.15,15
20,10,false,,0.18095628365509694,0.11529904611928994,-0.08847892477945435,6,1,1.0,19.0,0.4002142092109961,0.2641913602284898,0.2596,700,2725,0.1,0.15,15
30,15,false,,0.12012108119081377,0.14200308781568094,0.045229686371148194,9,4,1.0,29.0,0.6133518776077886,0.11926286509040333,0.277,700,2725,0.1,0.15,15
40,20,false,,0.131946368709311,0.16787645393585252,0.05520903966422408,28,35,2.0,39.0,0.6613636363636364,0.11136363636363636,0.2638,700,2725,0.1,0.15,15
50,25,false,,0.13461483431200866,0.7446983621118621,0.6034684742753837,45,46,5.0,49.0,0.9194402420574886,0.0340393343419062,0.1958,700,2725,0.1,0.15,15
60,30,true,,0.1404147543418602,0.3147654845826093,0.1813475443867884,53,55,3.0,59.0,0.80863989200135,0.030037124535943302,0.1808,700,2725,0.1,0.15,15
20,10,false,,0.14886350896913422,0.13901342660190164,-0.01092868400924532,9,5,1.0,19.0,0.4690346083788707,0.35792349726775957,0.3182,701,2726,0.1,0.15,15
30,15,false,,0.19914275387529332,0.13541860177336207,-0.07919293143258402,5,1,1.0,28.0,0.3482604202549087,0.11436445056837755,0.224,701,2726,0.1,0.15,15
40,20,false,,0.14399866040957762,0.1511075866316844,0.010157593568227041,30,36,3.0,39.0,0.5347906403940886,0.12038177339901478,0.2728,701,2726,0.1,0.15,15
50,25,false,,0.13506863808494146,0.7940630653094802,0.6609325318028942,46,46,39.0,49.0,0.9409073579870377,0.0,0.1756,701,2726,0.1,0.15,15
60,30,false,,0.14820281179632086,0.1318811798299263,-0.03518839433684182,39,52,1.0,59.0,0.37525286581254214,0.08462575859743762,0.1752,701,2726,0.1,0.15,15
20,10,false,,0.11213054016743072,0.11467376877150666,0.015388125383512308,10,16,1.0,19.0,0.5362581580855692,0.383248730964467,0.2526,702,2727,0.1,0.15,15
30,15,true,,0.11665968096316436,0.1969436264343819,0.10091336602416631,21,25,2.424999999999997,29.0,0.7365805168986084,0.16269052352551358,0.3086,702,2727,0.1,0.15,15
20,10,false,,0.18309764507347376,0.13842977489863315,-0.05840979381426763,9,3,1.0,19.0,0.4067592033796017,0.3442969221484611,0.3104,703,2728,0.1,0.15,15
30,15,false,,0.239559022922935,0.10932350201742179,-0.13511262077401906,5,2,1.0,28.0,0.21765704584040746,0.05025466893039049,0.2638,703,2728,0.1,0.15,15
40,20,true,,0.1274126813080234,0.4129910339585642,0.2862337969241627,34,36,17.0,39.0,0.8065292096219931,0.0429553264604811,0.2496,703,2728,0.1,0.15,15
20,10,false,,0.07668058384160295,0.098822105765362,0.024458772704850164,13,15,1.0,19.0,0.5457999155761925,0.5006331785563529,0.1964,704,2729,0.1,0.15,15
30,15,false,,0.0916807438240147,0.07828722652249896,-0.016865233767786092,12,1,1.0,27.0,0.47962867457452296,0.2490974729241877,0.107,704,2729,0.1,0.15,15
40,20,true,,0.06326315071993054,0.24950306571660585,0.1854995228549313,32,34,20.0,38.0,0.9249408983451537,0.00591016548463357,0.0618,704,2729,0.1,0.15,15
20,10,false,,0.1360234822455916,0.05427513151171862,-0.07798027234724295,5,3,1.0,19.0,0.28278513455788123,0.18923536950021358,0.201,705,2730,0.1,0.15,15
30,15,false,,0.6899535891474092,0.04936888583683915,-0.6547188975659222,2,1,1.0,24.0,0.17263843648208468,0.019543973941368076,0.0574,705,2730,0.1,0.15,15
40,20,false,,0.07789391905392408,0.08029164755364461,0.009706169319087823,10,11,1.0,24.0,0.5703225806451613,0.22903225806451613,0.069,705,2730,0.1,0.15,15
50,25,true,,0.06727491981670734,0.09639693192290723,0.03630946941484185,30,36,10.0,40.0,0.7008166295471417,0.07126948775055679,0.04,705,2730,0.1,0.15,15
20,10,false,,0.07827845604992853,0.244418453750258,0.16579115760330188,15,15,1.0,19.0,0.8011516314779271,0.6476007677543186,0.2762,706,2731,0.1,0.15,15
30,15,true,,0.09730593812322973,0.5047850595874276,0.41600464845870927,23,26,3.0,29.0,0.8092621664050236,0.17543171114599687,0.3066,706,2731,0.1,0.15,15
20,10,true,,0.09030292210202205,0.25565847265998404,0.17215727566338276,14,17,2.0,19.0,0.8044572250179727,0.5276779295470885,0.3008,707,2732,0.1,0.15,15
20,10,true,,0.08863286882852933,0.29918263709418186,0.2236798246508083,12,16,1.0,19.0,0.7697787776527935,0.49268841394825647,0.2658,708,2733,0.1,0.15,15
20,10,false,,0.14291731012579315,0.13251770560748985,-0.01753165256445055,9,6,1.0,19.0,0.45329249617151607,0.3225114854517611,0.3238,709,2734,0.1,0.15,15
30,15,false,,0.1360948990666751,0.14149886550569907,0.01497647184391776,17,1,1.0,29.0,0.5377673796791443,0.14739304812834225,0.258,709,2734,0.1,0.15,15
40,20,true,,0.129373643987376,0.32373505322739865,0.20834494026234596,30,38,12.0,39.0,0.8758389261744967,0.10067114093959731,0.256,709,2734,0.1,0.15,15
20,10,false,,0.17458543055472955,0.1525422475529021,-0.026033946089704524,8,1,1.0,19.0,0.46929238985313754,0.39218958611481974,0.2518,710,2735,0.1,0.15,15
30,15,false,,0.12886394088296504,0.3048347266833395,0.17901552085212794,25,26,3.0,29.0,0.8296757287913528,0.06976744186046512,0.267,710,2735,0.1,0.15,15
40,20,false,,0.1457127519623384,0.13471438693701188,-0.01569408410170106,10,3,1.0,39.0,0.45544554455445546,0.07656765676567656,0.2468,710,2735,0.1,0.15,15
50,25,false,,0.5759686144550705,0.12878809168558655,-0.44537983110430013,3,1,1.0,27.824999999999818,0.15381619937694704,0.11370716510903427,0.176,710,2735,0.1,0.15,15
60,30,false,,0.3849343201023737,0.1376831595688375,-0.24450355535248822,3,1,1.0,15.0,0.2373519913885899,0.06566200215285253,0.0778,710,2735,0.1,0.15,15
20,10,false,,0.6449195603931104,0.07980913544094198,-0.5587080756379453,2,1,1.0,9.0,0.12759515570934257,0.006920415224913495,0.1962,711,2736,0.1,0.15,15
30,15,false,,0.1292115479325784,0.13776023394005277,0.011917706113947983,15,25,1.0,28.0,0.5211267605633803,0.16666666666666666,0.294,711,2736,0.1,0.15,15
40,20,false,,0.1291123127264227,0.16531501035169197,0.05425395796587121,25,36,3.0,39.0,0.6404120970422067,0.15785975407111996,0.2588,711,2736,0.1,0.15,15
50,25,false,,0.13499603573604632,0.15174703234122316,0.021290113037008424,23,23,4.0,41.0,0.5873314518657886,0.2148008780181875,0.248,711,2736,0.1,0.15,15
60,30,false,,0.14840839408992018,0.1664544789318886,0.03936314245019054,35,3,1.0,57.0,0.6424131627056673,0.0643510054844607,0.1566,711,2736,0.1,0.15,15
20,10,false,,0.16314319428878252,0.14438084475173055,-0.014065176930528861,11,16,1.0,19.0,0.4773246329526917,0.4172920065252855,0.285,712,2737,0.1,0.15,15
30,15,false,,0.16431447002651853,0.1600218643243655,-0.008121195189994407,21,25,1.0,29.0,0.46948640483383686,0.12416918429003021,0.277,712,2737,0.1,0.15,15
40,20,false,,0.18311356972719411,0.13590258272397643,-0.07064030962329167,9,4,1.0,34.0,0.28537025888019263,0.1333534015653221,0.2434,712,2737,0.1,0.15,15
50,25,false,,0.1486338993370078,0.6002300349539444,0.4446862879948132,46,46,30.0,49.0,0.913302448709464,0.0,0.1854,712,2737,0.1,0.15,15
60,30,true,,0.15161591338887823,0.2716008322873251,0.12329817697043619,53,55,39.0,59.0,0.8038307074451653,0.0,0.1912,712,2737,0.1,0.15,15
20,10,false,,0.22593913084728576,0.08583343860523188,-0.14097861273585074,4,1,1.0,18.0,0.3602258975393304,0.2843888664784187,0.2386,713,2738,0.1,0.15,15
30,15,true,,0.10009184794639023,0.23828486162349555,0.15417510652565725,19,26,2.0,29.0,0.7617602427921093,0.20182094081942337,0.3096,713,2738,0.1,0.15,15
20,10,false,,0.08521109511468639,0.07984787608325655,-0.0018418080111750612,9,1,1.0,19.0,0.4957191780821918,0.3377568493150685,0.192,714,2739,0.1,0.15,15
30,15,true,,0.05963247491310643,0.31386170857519896,0.2387888194175815,22,26,2.0,29.0,0.8525714285714285,0.14971428571428572,0.0986,714,2739,0.1,0.15,15
20,10,false,,0.14267406728659926,0.21317019674870202,0.09796817402237559,15,17,1.0,19.0,0.6079048618398041,0.5197621545995104,0.2864,715,2740,0.1,0.15,15
30,15,false,,0.13151060663609768,0.1342315622028016,0.004860201633021449,14,14,1.0,28.0,0.5158371040723982,0.3031674208144796,0.2932,715,2740,0.1,0.15,15
40,20,false,,0.12205083673673794,0.1385384160913189,0.03136108045059166,28,37,3.0,39.0,0.5935392261270855,0.09407170749023784,0.2618,715,2740,0.1,0.15,15
50,25,false,,0.1273680870029048,0.5286629758969724,0.3984679984257408,45,46,30.0,49.0,0.8844621513944223,0.0,0.2234,715,2740,0.1,0.15,15
60,30,true,,0.1341407061932529,0.19648244260297898,0.07932787551644103,49,56,15.599999999999994,59.0,0.7564489112227806,0.01641541038525963,0.22,715,2740,0.1,0.15,15
20,10,true,,0.08172275622868487,0.36839175209411157,0.2856919966686221,14,15,2.0,19.0,0.8208072372999304,0.6210855949895616,0.3016,716,2741,0.1,0.15,15
20,10,true,,0.11567678444736577,0.2720451350530229,0.16036831520171801,13,16,1.0,19.0,0.7899027908435247,0.5688303543430543,0.3176,717,2742,0.1,0.15,15
20,10,false,,0.06535123039521314,0.33176019318955335,0.27176411251226096,15,17,1.0,19.0,0.7994062765055131,0.6306191687871077,0.1994,718,2743,0.1,0.15,15
30,15,true,,0.09391881026800038,0.255455574127061,0.17334651365365716,23,26,2.0,29.0,0.7295678219940094,0.14848095849379547,0.2278,718,2743,0.1,0.15,15
20,10,true,,0.07534224822970426,0.3262270304616187,0.25644855115800413,14,16,4.0,19.0,0.8272589217919514,0.5971905846621108,0.2958,719,2744,0.1,0.15,15
20,10,false,,0.07100399400673774,0.09870732118625311,0.033456838711121366,11,16,1.0,19.0,0.6013787510137875,0.42700729927007297,0.2592,720,2745,0.1,0.15,15
30,15,false,,0.09264771420931485,0.07556042323001992,-0.024944411552436208,12,1,1.0,26.0,0.3909217230199166,0.2107457156090783,0.176,720,2745,0.1,0.15,15
40,20,false,,0.1573136184397033,0.06939098226675625,-0.09232606369902588,5,1,1.0,23.0,0.24058823529411766,0.09411764705882353,0.0974,720,2745,0.1,0.15,15
50,25,true,,0.07961909588835228,0.19244949445689452,0.116718593288041,40,42,24.0,48.0,0.8048780487804879,0.008672086720867209,0.0952,720,2745,0.1,0.15,15
20,10,false,,0.10669225088541115,0.13781105340194066,0.03845816850399959,11,16,1.0,19.0,0.6074120603015075,0.41865577889447236,0.3302,721,2746,0.1,0.15,15
30,15,true,,0.11027212809173682,0.24449786041607877,0.15333971720581685,23,26,2.0,29.0,0.7179767103347889,0.13209606986899564,0.282,721,2746,0.1,0.15,15
20,10,true,,0.09089098061743921,0.24426350798307755,0.1668275797127684,13,16,1.0,19.0,0.801953519703604,0.5234085550690468,0.2792,722,2747,0.1,0.15,15
20,10,true,,0.05054528763940934,0.19284304398159635,0.14568752548691197,14,16,1.0,19.0,0.731638418079096,0.5451977401129944,0.1606,723,2748,0.1,0.15,15
20,10,false,,0.1435190985366412,0.124527847299604,-0.026735037604478526,10,1,1.0,19.0,0.45276653171390013,0.4149797570850202,0.2894,724,2749,0.1,0.15,15
30,15,false,,0.13526854212794195,0.15077402865818698,0.018796642357157875,20,26,2.0,29.0,0.5559451705451068,0.1759642970991393,0.2806,724,2749,0.1,0.15,15
40,20,false,,0.13284827098212476,0.13063371069839197,-0.0037984450147836857,30,33,6.0,39.0,0.48998060762766643,0.04783451842275371,0.2416,724,2749,0.1,0.15,15
50,25,true,,0.12832868868544234,0.28618611979224096,0.1662685005147801,44,47,10.0,49.0,0.809368191721133,0.014524328249818447,0.2232,724,2749,0.1,0.15,15
20,10,false,,0.1208536412205432,0.16199823651933648,0.05994039969223486,9,1,1.0,19.0,0.626529937148528,0.3575917962289117,0.3046,725,2750,0.1,0.15,15
30,15,false,,0.13378329456224392,0.4021877382703744,0.2727452139294647,25,27,2.0,29.0,0.8293413173652695,0.08882235528942116,0.2648,725,2750,0.1,0.15,15
40,20,false,,0.13517537311692351,0.13029454239038388,-0.00759499628442567,14,6,2.0,37.0,0.47726539825862624,0.23476297968397292,0.256,725,2750,0.1,0.15,15
50,25,false,,0.1367214012656841,0.15670483501509228,0.05066904520559656,36,45,2.625,49.0,0.6226040978189028,0.04196959682749504,0.2258,725,2750,0.1,0.15,15
60,30,true,,0.13910668552009559,0.2763815249736692,0.14887161052144432,53,54,2.0,59.0,0.7333333333333333,0.1029059829059829,0.1966,725,2750,0.1,0.15,15
20,10,false,,0.08834193808767944,0.157100020236395,0.07201957519038092,12,17,1.0,19.0,0.6139552521805082,0.49905195297686766,0.2634,726,2751,0.1,0.15,15
30,15,false,,0.11757019442879628,0.19332397850251207,0.11253722096899235,19,3,1.0,29.0,0.6220411331005045,0.09507178890182383,0.2908,726,2751,0.1,0.15,15
40,20,false,,0.11854315688922032,0.14815192499978627,0.053130879889034754,29,36,1.0,39.0,0.5829650462032945,0.09120128565689031,0.2574,726,2751,0.1,0.15,15
50,25,true,,0.11413911889904171,0.5448840795452511,0.43612057272437704,44,46,32.0,49.0,0.9523241954707986,0.0,0.2564,726,2751,0.1,0.15,15
20,10,false,,0.04316696098103269,0.36576514012187367,0.34159710920482794,16,17,2.0,19.0,0.8575788402848423,0.6790437436419126,0.1402,727,2752,0.1,0.15,15
30,15,false,,0.060588697598423974,0.6789171594011378,0.6263163853131116,25,26,2.0,29.0,0.8888245512449334,0.0225825130283729,0.084,727,2752,0.1,0.15,15
40,20,false,,0.6334868903409141,0.051927689591286096,-0.5886623647162892,1,1,1.0,4.0,0.0,0.0,0.0356,727,2752,0.1,0.15,15
50,25,false,,0.06265001937007288,0.7773151164385598,0.7005226340597879,45,48,38.0,49.0,1.0,0.0,0.0246,727,2752,0.1,0.15,15
60,30,true,,0.19508655295793043,0.2494297939520353,0.06300534936122217,27,27,19.15,32.849999999999994,0.8181818181818182,0.0,0.0042,727,2752,0.1,0.15,15
20,10,false,,0.14963104442365957,0.16126393544891188,0.014767304351989322,10,1,1.0,19.0,0.5171328671328671,0.40314685314685317,0.2634,728,2753,0.1,0.15,15
30,15,false,,0.1133579453388062,0.613340985545616,0.5071563543031452,25,26,6.375,29.0,0.8830532212885154,0.11204481792717087,0.2686,728,2753,0.1,0.15,15
40,20,false,,0.13393601462134463,0.13190009323418883,-0.0018998495829469497,13,3,1.0,36.0,0.4982554082344731,0.1612002791346825,0.2388,728,2753,0.1,0.15,15
50,25,false,,0.17385388786552128,0.12466900885572314,-0.06572721933644494,11,2,1.0,46.0,0.31919406150583246,0.04383174266525274,0.2084,728,2753,0.1,0.15,15
60,30,true,,0.13209914708895976,0.3263035062610054,0.21244861368818252,47,55,4.0,59.0,0.7531740104555639,0.12285287528005974,0.1928,728,2753,0.1,0.15,15
20,10,false,,0.10071891928444376,0.19322901747411234,0.09896129957324634,15,16,2.0,19.0,0.6808803301237965,0.6444291609353507,0.273,729,2754,0.1,0.15,15
30,15,false,,0.11600014215679755,0.1299852399281558,0.0349418739025279,19,26,1.0,29.0,0.563028594442207,0.13370922271445831,0.2532,729,2754,0.1,0.15,15
40,20,false,,0.18001471748477957,0.10127426316152699,-0.08977608188740555,9,4,1.0,36.0,0.3179168286047415,0.1550719005052468,0.263,729,2754,0.1,0.15,15
50,25,false,,0.11489130329946051,0.14337158150790272,0.03465865723479469,36,45,7.0,49.0,0.6326776395022079,0.15736651947009234,0.254,729,2754,0.1,0.15,15
60,30,false,,0.11973507550221642,0.14481636110474194,0.04423828419856937,19,11,3.0,58.0,0.6431663574520717,0.15893630179344465,0.1304,729,2754,0.1,0.15,15
20,10,true,,0.09054049884546876,0.20909790295991165,0.12435911907965283,13,16,1.0,19.0,0.7871270533020449,0.5172644988266846,0.3216,730,2755,0.1,0.15,15
20,10,false,,0.18425865297291733,0.1533024895014596,-0.038842442401028146,7,1,1.0,19.0,0.4728819567529245,0.34774902516838,0.2586,731,2756,0.1,0.15,15
30,15,true,,0.12653933597721162,0.2263353607136808,0.13393116299615845,23,26,1.0,29.0,0.7037931034482758,0.04172413793103448,0.269,731,2756,0.1,0.15,15
20,10,true,,0.10592698929751525,0.2390920604546511,0.1695685722422012,13,17,1.0,19.0,0.762614290551981,0.4828987470369116,0.3064,732,2757,0.1,0.15,15
20,10,true,,0.08986512503191085,0.1970547388929173,0.10708966776913995,12,16,1.0,19.0,0.7160110420979986,0.4665286404416839,0.303,733,2758,0.1,0.15,15
20,10,false,,0.09995918565331664,0.12412419377955995,0.042839806378191306,12,16,1.0,19.0,0.5821325648414986,0.46397694524495675,0.2704,734,2759,0.1,0.15,15
30,15,false,,0.13187889222263424,0.12671369491094914,-0.0043941455359439024,9,4,1.0,26.0,0.48818365968939903,0.21471978392977717,0.2924,734,2759,0.1,0.15,15
40,20,false,,0.11739192836766665,0.6226753749577111,0.4982358517837437,35,36,7.0,39.0,0.9108512970405553,0.027767628790646693,0.254,734,2759,0.1,0.15,15
50,25,false,,0.1317299227177347,0.13535601897944485,0.010016304399706202,19,8,1.0,47.0,0.5488773747841106,0.153713298791019,0.2466,734,2759,0.1,0.15,15
60,30,true,,0.12805935542274338,0.23984849483862897,0.13393853425824281,50,57,3.0,59.0,0.8043724085940445,0.036939313984168866,0.2174,734,2759,0.1,0.15,15
20,10,false,,0.09284664352371322,0.09420847721817346,0.0011934470143038084,10,1,1.0,19.0,0.5039184952978056,0.43573667711598746,0.2336,735,2760,0.1,0.15,15
30,15,false,,0.10771598270265989,0.12261384837790532,0.029052498530319992,18,26,1.0,29.0,0.5679442508710801,0.21331784746418891,0.2814,735,2760,0.1,0.15,15
40,20,false,,0.10988754717906087,0.19442537933109266,0.09650882334928576,31,36,7.0,39.0,0.6921296296296297,0.06635802469135803,0.2752,735,2760,0.1,0.15,15
50,25,false,,0.1389707182822912,0.10719392105216625,-0.03874578842245946,8,5,1.0,41.0,0.35190495698484225,0.10528471937730438,0.2432,735,2760,0.1,0.15,15
60,30,false,,0.14163311971350556,0.14734930487007042,0.023600688417353875,26,3,1.0,58.0,0.5458640458640459,0.033169533169533166,0.2326,735,2760,0.1,0.15,15
20,10,false,,0.05182018323988447,0.10830850181070661,0.05107809360884493,14,14,2.0,19.0,0.6871609403254972,0.6211573236889693,0.1718,736,2761,0.1,0.15,15
30,15,false,,0.09663913147412219,0.18718944665922696,0.09854767932574637,21,26,2.0,29.0,0.6751721344673957,0.1433778857837181,0.265,736,2761,0.1,0.15,15
40,20,false,,0.13233573777996613,0.10983514043483851,-0.0227494338253839,9,4,1.0,35.0,0.44022391043582565,0.16073570571771292,0.2856,736,2761,0.1,0.15,15
50,25,true,,0.11673427167375429,0.45929727356403083,0.3455249882952717,43,45,16.0,49.0,0.9037787300350604,0.007401636151149201,0.2778,736,2761,0.1,0.15,15
20,10,false,,0.1460651105159613,0.20471553954484042,0.07813760861381605,13,17,1.0,19.0,0.6745742092457421,0.5197688564476886,0.317,737,2762,0.1,0.15,15
30,15,false,,0.14522914648625565,0.162120932508433,0.03479092700021205,22,25,2.0,29.0,0.5694275274056029,0.17082825822168088,0.2774,737,2762,0.1,0.15,15
40,20,true,,0.1470466221658328,0.3579806975941035,0.23346257159846828,34,35,17.0,39.0,0.7670384138785625,0.0362453531598513,0.238,737,2762,0.1,0.15,15
20,10,false,,0.18162278190199724,0.13362671280832011,-0.057801778262364184,6,1,1.0,18.0,0.41598427775958075,0.22633475270226008,0.2746,738,2763,0.1,0.15,15
30,15,false,,0.13226267529349472,0.1996745147373086,0.09462761243477,23,27,2.0,29.0,0.6700590938936309,0.11129349967170059,0.2802,738,2763,0.1,0.15,15
40,20,false,,0.14644048701252171,0.1295579279313765,-0.03695987289889921,30,35,1.0,39.0,0.43028322440087147,0.03522149600580973,0.2236,738,2763,0.1,0.15,15
50,25,false,,0.14159364581877315,0.159900211845471,0.035912527780581904,39,46,2.0,49.0,0.6253687315634219,0.04031465093411996,0.2084,738,2763,0.1,0.15,15
60,30,true,,0.14463333463023592,0.1991220530061471,0.0732308477332529,48,56,6.0,59.0,0.7455696202531645,0.08860759493670886,0.2032,738,2763,0.1,0.15,15
20,10,false,,0.11029019938929545,0.11235224677357812,0.0017792606692632607,8,1,1.0,19.0,0.503993914035755,0.3571700266260936,0.2534,739,2764,0.1,0.15,15
30,15,false,,0.0848375746858728,0.34692028348142595,0.26460596717636514,25,26,5.0,29.0,0.7809322033898305,0.1016949152542373,0.2166,739,2764,0.1,0.15,15
40,20,false,,0.10850745173396002,0.17655778274087242,0.08344099047210694,23,35,2.0,38.0,0.6677165354330709,0.13700787401574804,0.275,739,2764,0.1,0.15,15
50,25,false,,0.11579131455475315,0.15098182078303832,0.045078159567772044,33,47,4.0,48.0,0.6387201296071284,0.15309842041312272,0.2722,739,2764,0.1,0.15,15
60,30,false,,0.1320556525195363,0.12084908433045963,-0.004982407100719538,10,4,1.0,57.0,0.4641235240690282,0.1271571298819255,0.1952,739,2764,0.1,0.15,15
20,10,false,,0.07612733056414817,0.508204476732319,0.4248275118294474,15,17,3.0,19.0,0.843144848954299,0.7083656080557708,0.276,740,2765,0.1,0.15,15
30,15,false,,0.1437715032432899,0.1003587200216829,-0.062278245247323914,7,1,1.0,26.0,0.3859992178333985,0.20219006648416113,0.2748,740,2765,0.1,0.15,15
40,20,false,,0.17834523599237628,0.11675870450890148,-0.0980184590454158,5,1,1.0,37.0,0.3774127310061602,0.02217659137577002,0.2174,740,2765,0.1,0.15,15
50,25,true,,0.12394929214189152,0.2058191603401224,0.09155692505213966,40,46,9.0,49.0,0.7300853485064012,0.029871977240398292,0.2608,740,2765,0.1,0.15,15
20,10,false,,0.09035049644829093,0.10835757813639812,0.02421474946850613,10,15,1.0,19.0,0.5659635323560959,0.4154451197711834,0.3006,741,2766,0.1,0.15,15
30,15,false,,0.10252094486524295,0.0933948994113115,-0.00990176752033109,12,1,1.0,29.0,0.47713342762847716,0.12494106553512493,0.1832,741,2766,0.1,0.15,15
40,20,true,,0.10453057597885082,0.5741449585145352,0.4848391053708337,34,35,14.950000000000003,39.0,0.9003751563151313,0.04710295956648604,0.2694,741,2766,0.1,0.15,15
20,10,false,,0.09384566706561562,0.20881342472269485,0.11664615144523256,14,16,1.0,19.0,0.5904836193447738,0.515990639625585,0.238,742,2767,0.1,0.15,15
30,15,false,,0.10139475376806681,0.15019239882213123,0.06102865212419738,21,24,3.0,29.0,0.6647251547142337,0.20276665453221696,0.2946,742,2767,0.1,0.15,15
40,20,true,,0.11801281725046596,0.30754039442026954,0.19771352115493612,33,36,2.0,39.0,0.7514769594328475,0.02993304450571091,0.2604,742,2767,0.1,0.15,15
20,10,true,,0.07052660103997131,0.29483370948416276,0.23459016174981018,14,16,1.0,19.0,0.725774024929634,0.5577000402090873,0.237,743,2768,0.1,0.15,15
20,10,true,,0.11220405802793817,0.3404961325464148,0.22760792177551042,14,15,1.0,19.0,0.7824254215304799,0.5911154345006485,0.3094,744,2769,0.1,0.15,15
20,10,false,,0.12916813976501926,0.2359541412666737,0.12771222997793324,14,16,2.0,19.0,0.6504666881235919,0.522690698422916,0.3034,745,2770,0.1,0.15,15
30,15,false,,0.1477238356959126,0.1292566584806576,-0.009358100827889404,13,6,1.0,29.0,0.4813129671758206,0.12479688007799805,0.2584,745,2770,0.1,0.15,15
40,20,true,,0.12421095022912122,0.5066286349103828,0.38645075117172667,33,36,3.0,39.0,0.8162839248434238,0.11830201809324982,0.2626,745,2770,0.1,0.15,15
20,10,true,,0.11257430491531087,0.25142273006047083,0.14530945956914276,13,16,2.0,19.0,0.808148861084376,0.5431504651908887,0.3142,746,2771,0.1,0.15,15
20,10,false,,0.13588998269011032,0.12270945532589897,-0.00944797993066545,9,5,1.0,18.0,0.479404309252218,0.37484157160963244,0.3108,747,2772,0.1,0.15,15
30,15,false,,0.13239571469795758,0.13168696720867623,-0.004706475556200115,17,26,1.0,29.0,0.4817708333333333,0.16015625,0.2858,747,2772,0.1,0.15,15
40,20,false,,0.13135556627149275,0.15743116979463365,0.04633284876641332,30,36,2.0,39.0,0.5892088712346905,0.04932141674942072,0.2538,747,2772,0.1,0.15,15
50,25,true,,0.12621110252116072,0.26955046452351417,0.14374940366960004,42,47,9.0,49.0,0.7436338609772883,0.028217481073640742,0.244,747,2772,0.1,0.15,15
20,10,false,,0.1436501848095459,0.05541472614950407,-0.09961895740918969,4,1,1.0,18.0,0.26025032369443246,0.17393180837289599,0.1748,748,2773,0.1,0.15,15
30,15,false,,0.06463616318236289,0.11648027414104849,0.06011243563755813,13,28,1.0,29.0,0.6177351707609346,0.18873576992210905,0.1032,748,2773,0.1,0.15,15
40,20,true,,0.07116995605048296,0.16196896213006118,0.09571772892565636,27,6,3.0,38.575000000000045,0.7057613168724279,0.021262002743484224,0.049,748,2773,0.1,0.15,15
20,10,false,,0.11826623273952552,0.11135734167252992,0.007007598297136944,13,16,2.0,19.0,0.5078226857887875,0.5189048239895697,0.3022,749,2774,0.1,0.15,15
30,15,false,,0.11987094192475851,0.13197254989955426,0.01980363743020845,18,26,1.0,28.0,0.5518756336600202,0.16762419736397433,0.3006,749,2774,0.1,0.15,15
40,20,true,,0.12122268771499965,0.22376873527102417,0.12030083920718743,32,36,2.0,39.0,0.7021353601158161,0.11545421643141512,0.238,749,2774,0.1,0.15,15
20,10,false,,0.1264715384625811,0.1459553082177979,0.03027563777988465,10,3,1.0,19.0,0.5559833172922682,0.3804940648059031,0.318,750,2775,0.1,0.15,15
30,15,false,,0.13944326671168988,0.1727389941458438,0.07390615157145122,17,1,1.0,29.0,0.614883401920439,0.11042524005486969,0.2478,750,2775,0.1,0.15,15
40,20,false,,0.15625461731347587,0.13011142496967365,-0.033554137405173365,7,1,1.0,38.0,0.4318983768525053,0.10091743119266056,0.2484,750,2775,0.1,0.15,15
50,25,false,,0.13671538119402596,0.1853718266711379,0.05567589528594438,37,46,2.0,48.0,0.6500167616493463,0.03184713375796178,0.2374,750,2775,0.1,0.15,15
60,30,false,,0.14624600585737338,0.14362848008823145,-0.0023408832982244054,7,2,1.0,44.0,0.49189419795221845,0.16851535836177475,0.132,750,2775,0.1,0.15,15
20,10,true,,0.10380476200964692,0.2159304227846335,0.12244336820168511,12,15,1.0,19.0,0.7614046603216278,0.4922874958976042,0.324,751,2776,0.1,0.15,15
20,10,false,,0.14198243618910023,0.12878471124465937,-0.014061272397194013,10,2,1.0,19.0,0.4806421152030217,0.40321057601510857,0.2918,752,2777,0.1,0.15,15
30,15,true,,0.11127889383352081,0.28766087034034893,0.17959159401391783,23,26,3.0,29.0,0.7334739803094233,0.16736990154711673,0.2514,752,2777,0.1,0.15,15
20,10,true,,0.10930852023599802,0.20350127765673398,0.11390557494573575,13,16,1.0,19.0,0.7440982058545798,0.5577588920365124,0.3134,753,2778,0.1,0.15,15
20,10,true,,0.10694932281956854,0.29443346447947893,0.2123949813240374,13,14,2.0,19.0,0.795583596214511,0.5873817034700315,0.327,754,2779,0.1,0.15,15
20,10,false,,0.12922284651955826,0.11974570514629358,-0.007002496363790037,10,15,1.0,19.0,0.49554308352591614,0.411687025420931,0.2852,755,2780,0.1,0.15,15
30,15,false,,0.11665278660613963,0.13747845825681906,0.028744715055334838,16,25,1.0,29.0,0.5587334014300307,0.2254000680966973,0.2934,755,2780,0.1,0.15,15
40,20,true,,0.12140826924403693,0.39838747886944886,0.2708186397828046,34,36,9.0,39.0,0.8489945155393053,0.03363802559414991,0.2678,755,2780,0.1,0.15,15
20,10,true,,0.14301531617380764,0.3798924713227252,0.2366920083661181,14,15,2.0,19.0,0.8482278097546199,0.609512269009391,0.3212,756,2781,0.1,0.15,15
20,10,false,,0.16550902172548726,0.12264512727819671,-0.06545571233483177,7,1,1.0,19.0,0.4019573575672842,0.2904578818594897,0.2518,757,2782,0.1,0.15,15
30,15,false,,0.1318760979801044,0.124589670099137,-0.004488230810349297,17,22,2.0,28.0,0.4858739521887612,0.2558211735485874,0.2936,757,2782,0.1,0.15,15
40,20,false,,0.1597172267460526,0.1290881636555523,-0.04429149575889618,10,2,1.0,38.0,0.3920265780730897,0.08471760797342193,0.2604,757,2782,0.1,0.15,15
50,25,false,,0.13651041804812725,0.16360207862174664,0.04239617746247827,34,44,3.0,49.0,0.6230744018354638,0.11045558833169453,0.239,757,2782,0.1,0.15,15
60,30,false,,0.13910243449176185,0.32650547991418055,0.19560040733944078,55,56,43.0,59.0,0.8070761014686249,0.0,0.1888,757,2782,0.1,0.15,15
20,10,false,,0.15326514295944701,0.15366564089235457,0.006183144870982871,11,16,1.0,19.0,0.5132558832290736,0.42091152815013405,0.3174,758,2783,0.1,0.15,15
30,15,false,,0.13301827574255803,0.1466173610613089,0.021864452582809696,17,27,2.0,29.0,0.5534388117533097,0.14820794317081046,0.2902,758,2783,0.1,0.15,15
40,20,false,,0.14366280619380653,0.14703919178183963,0.008679661984056536,21,4,2.0,37.0,0.5268487266032525,0.13992022092666462,0.2628,758,2783,0.1,0.15,15
50,25,false,,0.1459964876507877,0.40449686604160084,0.27124429765438857,45,47,2.0,49.0,0.781102891728312,0.004034969737726967,0.196,758,2783,0.1,0.15,15
60,30,true,,0.14990264833313552,0.2328334219168118,0.09499654451558064,52,55,2.0,59.0,0.7759604412324077,0.06922784328642069,0.128,758,2783,0.1,0.15,15
20,10,true,,0.08778283250329755,0.340015958767384,0.23976848908415213,14,15,1.0,19.0,0.8184691011235955,0.65625,0.3078,759,2784,0.1,0.15,15
20,10,false,,0.055012416914115445,0.10790880502010468,0.045472933834725164,10,13,1.0,18.0,0.6307550644567219,0.40239410681399634,0.16,760,2785,0.1,0.15,15
30,15,false,,0.10806193727746985,0.0635608107298413,-0.041678430324297716,5,1,1.0,23.0,0.3589905362776025,0.09779179810725552,0.078,760,2785,0.1,0.15,15
40,20,false,,0.1625323873962271,0.05949800701894226,-0.113306732417331,3,2,1.0,8.0,0.21168501270110077,0.0,0.0396,760,2785,0.1,0.15,15
50,25,true,,0.0642313787408752,0.4446233092693369,0.3865375428003802,44,44,43.0,49.0,1.0,0.0,0.0212,760,2785,0.1,0.15,15
20,10,false,,0.0374510369345255,0.5910800880428977,0.5402934150948275,16,16,4.0,19.0,0.9156812339331619,0.7655526992287918,0.1274,761,2786,0.1,0.15,15
30,15,false,,0.05205407339290077,0.08781280454555272,0.03364023158603674,23,26,6.0,29.0,0.6603098927294399,0.15137067938021453,0.0702,761,2786,0.1,0.15,15
40,20,true,,0.032196919462770854,0.11850885691984935,0.08088477306528963,25,19,7.0,30.0,0.9213085764809903,0.07427055702917772,0.0382,761,2786,0.1,0.15,15
20,10,true,,0.10494248629496372,0.27464551446036845,0.16334104458428733,14,19,2.0,19.0,0.7271801832371904,0.511706820495419,0.297,762,2787,0.1,0.15,15
20,10,false,,0.1880220990640268,0.11789058573905802,-0.07533631276379482,6,1,1.0,19.0,0.3757082152974504,0.30771954674220964,0.2764,763,2788,0.1,0.15,15
30,15,false,,0.1324694794338477,0.1811072505114311,0.05762188758763587,21,24,2.0,29.0,0.6462413139608338,0.21099178774478838,0.2732,763,2788,0.1,0.15,15
40,20,false,,0.158766450380092,0.14580643061175796,0.00678217695546765,8,4,1.0,39.0,0.5115810674723061,0.05572339711312521,0.2446,763,2788,0.1,0.15,15
50,25,false,,0.1467041474408247,0.15610846413781257,0.020856970454637108,17,2,1.0,49.0,0.5538261997405967,0.13553826199740596,0.2272,763,2788,0.1,0.15,15
60,30,false,,0.141502577599739,0.15517951300382202,0.04217726518488671,11,4,1.0,57.0,0.6459731543624161,0.15704697986577182,0.1968,763,2788,0.1,0.15,15
20,10,false,,0.11473770240297793,0.18125427228075036,0.07824851417086487,15,16,3.0,19.0,0.6515822784810127,0.6731012658227848,0.306,764,2789,0.1,0.15,15
30,15,false,,0.1447056120517871,0.13971768887001712,0.003854070150127481,13,1,1.0,28.0,0.5063913470993117,0.17797443461160276,0.2726,764,2789,0.1,0.15,15
40,20,false,,0.13305809797644857,0.16309381915554672,0.03980376540341577,26,32,3.0,38.0,0.6352357320099256,0.10856079404466501,0.2664,764,2789,0.1,0.15,15
50,25,false,,0.13846168382244883,0.4776438644234079,0.34686508696809387,45,47,22.0,49.0,0.8769175882982518,0.0049946485907955765,0.196,764,2789,0.1,0.15,15
60,30,true,,0.1435230934297252,0.17380943559029763,0.05925873673920551,28,57,1.0,58.0,0.7260940032414911,0.06580226904376013,0.1768,764,2789,0.1,0.15,15
20,10,false,,0.11987507711069363,0.15874507886699812,0.04947516781357016,13,15,1.0,19.0,0.6073910296904611,0.5066329753632344,0.3176,765,2790,0.1,0.15,15
30,15,false,,0.15425984101950094,0.15748111150021507,0.02063245510849454,12,1,1.0,29.0,0.5250913924891991,0.13492854769026255,0.2236,765,2790,0.1,0.15,15
40,20,false,,0.15451913392535024,0.14500613955624006,-0.010434688081269211,17,36,2.0,39.0,0.4583592293349907,0.1678060907395898,0.2508,765,2790,0.1,0.15,15
50,25,true,,0.15086392718358296,0.20943336737533794,0.07913978747376753,43,46,4.0,49.0,0.7036253776435045,0.06646525679758308,0.2162,765,2790,0.1,0.15,15
20,10,true,,0.10030729438728658,0.3373941281055909,0.24504746800608568,13,15,1.1749999999999972,19.0,0.8157383419689119,0.5887305699481865,0.2984,766,2791,0.1,0.15,15
20,10,false,,0.11094814890017968,0.20561813638707438,0.10669561062556818,13,16,1.0,19.0,0.6767479674796748,0.5411382113821138,0.3134,767,2792,0.1,0.15,15
30,15,false,,0.2500791685476844,0.11756953984663822,-0.14197995837718924,4,1,1.0,18.0,0.2889210716871832,0.14409847936278058,0.2428,767,2792,0.1,0.15,15
40,20,false,,0.1438257765566533,0.14906440394694923,0.020752290285325548,17,1,1.0,38.0,0.5538617886178862,0.13143631436314362,0.2186,767,2792,0.1,0.15,15
50,25,false,,0.13470723361440956,0.1547059027582266,0.026470713123082065,34,34,10.0,48.0,0.6152866242038216,0.03980891719745223,0.2532,767,2792,0.1,0.15,15
60,30,false,,0.14804367705523547,0.14567929442930397,-0.001215109327143915,7,4,1.0,53.0,0.49514563106796117,0.07432206226983595,0.1912,767,2792,0.1,0.15,15
20,10,false,,0.06706061222492289,0.23989580747363332,0.17482270796881105,15,17,1.0,19.0,0.8047001620745543,0.6478930307941653,0.2538,768,2793,0.1,0.15,15
30,15,true,,0.0919375230538494,0.151451559901521,0.06977029406299456,20,26,3.0,29.0,0.7134052388289677,0.21687211093990755,0.2796,768,2793,0.1,0.15,15
20,10,false,,0.0635595216689966,0.5801297864729767,0.5138617067685569,16,16,3.0,19.0,0.8941029900332226,0.757890365448505,0.2302,769,2794,0.1,0.15,15
30,15,false,,0.06433774810125438,0.07889969028425067,0.002075187512650234,18,25,1.0,28.0,0.5087336244541485,0.20578602620087336,0.0924,769,2794,0.1,0.15,15
40,20,true,,0.06134774707830194,0.35170685865897805,0.3055600735364719,33,33,27.0,39.0,0.9623621025308241,0.0,0.053,769,2794,0.1,0.15,15
20,10,false,,0.09705316030166883,0.08202693859454124,-0.008027515667019786,9,2,1.0,19.0,0.48346636259977194,0.3200304066894717,0.2358,770,2795,0.1,0.15,15
30,15,false,,0.12085142184894769,0.12649382217526667,-0.0006003029225752354,17,1,1.0,29.0,0.4961397805770012,0.11905729378301504,0.2514,770,2795,0.1,0.15,15
40,20,false,,0.11637263714355628,0.1305455323108922,0.024602897540820214,17,2,2.0,38.0,0.5648518815052042,0.18494795836669337,0.2688,770,2795,0.1,0.15,15
50,25,false,,0.11688396421754049,0.1614962569149576,0.05860722435405792,33,43,2.0,48.0,0.6631736526946108,0.10366766467065869,0.2788,770,2795,0.1,0.15,15
60,30,true,,0.11980674250533191,0.3580624906781702,0.24605077613972576,52,54,11.0,59.0,0.844474761255116,0.045020463847203276,0.106,770,2795,0.1,0.15,15
20,10,false,,0.10103265722321261,0.3036180670578381,0.20774155620350104,15,17,2.0,19.0,0.7222412025965153,0.6163307140416809,0.2904,771,2796,0.1,0.15,15
30,15,true,,0.11352433424656211,0.33313822484157685,0.23535215956002856,24,25,3.0,29.0,0.793006004945249,0.12398445778876722,0.2714,771,2796,0.1,0.15,15
20,10,false,,0.1164809362656864,0.3471243757044304,0.23561851187710417,15,17,1.0,19.0,0.7505858721124874,0.6240374958151992,0.2788,772,2797,0.1,0.15,15
30,15,true,,0.11632183129189767,0.4080126903572993,0.293170881543831,24,26,8.0,29.0,0.8199932455251604,0.14285714285714285,0.2734,772,2797,0.1,0.15,15
20,10,false,,0.0961953726693567,0.14390815200968524,0.06021830121487837,13,14,1.0,19.0,0.6454896454896455,0.5131625131625132,0.2928,773,2798,0.1,0.15,15
30,15,false,,0.10506253291201637,0.6702039882426359,0.5632052423120533,25,26,15.0,29.0,0.9445668135095447,0.07599118942731277,0.2946,773,2798,0.1,0.15,15
40,20,false,,0.12230586331841307,0.1252925857836138,0.005291028665153942,12,2,1.0,34.0,0.5200583515681984,0.24215900802334062,0.2822,773,2798,0.1,0.15,15
50,25,true,,0.12304262150105011,0.250524466766908,0.13331110141952052,41,46,7.0,49.0,0.7867332382310984,0.08808844507845934,0.2404,773,2798,0.1,0.15,15
20,10,true,,0.107583262540026,0.19099088477748005,0.1100490726107133,12,15,1.0,19.0,0.710006373486297,0.4786488209050351,0.3098,774,2799,0.1,0.15,15
20,10,false,,0.1262463203430227,0.1897812719500379,0.06506009262847934,11,15,1.0,19.0,0.6435156730178242,0.4354640442532268,0.3212,775,2800,0.1,0.15,15
30,15,true,,0.13586158856302627,0.442226183823209,0.32081921432395466,23,26,1.0,29.0,0.7346801346801347,0.1468013468013468,0.241,775,2800,0.1,0.15,15
20,10,false,,0.09308213943003096,0.11412011110966595,0.029221680931148415,13,16,2.0,19.0,0.5687022900763359,0.5374739764052742,0.2884,776,2801,0.1,0.15,15
30,15,false,,0.11259142352557809,0.11424986839681825,0.005254335867996472,11,5,1.0,28.0,0.50997150997151,0.1801994301994302,0.2944,776,2801,0.1,0.15,15
40,20,true,,0.1147133426116777,0.27501304177705355,0.17166090089525132,31,37,1.7999999999999972,39.0,0.7939678809244026,0.11711711711711711,0.259,776,2801,0.1,0.15,15
20,10,false,,0.11674848041938996,0.18409188317529596,0.09221327837686341,11,14,1.0,19.0,0.6872204472843451,0.44824281150159745,0.3028,777,2802,0.1,0.15,15
30,15,false,,0.1392385380190036,0.208758114798509,0.1117735309135532,15,2,1.0,29.0,0.5793226381461676,0.07985739750445633,0.253,777,2802,0.1,0.15,15
40,20,false,,0.13007448235700633,0.1687786767932971,0.046339843204667386,26,36,5.0,39.0,0.6517739816031537,0.14553219448094612,0.2706,777,2802,0.1,0.15,15
50,25,false,,0.13640130985985666,0.1690668345200285,0.0484567909063858,35,43,2.0,49.0,0.6264783180026281,0.07982917214191852,0.2236,777,2802,0.1,0.15,15
60,30,true,,0.14251334436807106,0.2889718710528802,0.15604388666934133,51,56,3.0,59.0,0.7283653846153846,0.06971153846153846,0.19,777,2802,0.1,0.15,15
20,10,false,,0.11248773365168711,0.12185376004728328,0.0183633970027541,10,4,1.0,19.0,0.5473647950396142,0.37719600413365484,0.301,778,2803,0.1,0.15,15
30,15,false,,0.11096076756931078,0.15980559226064706,0.05661135911642759,18,24,2.0,28.0,0.6428571428571429,0.2254355400696864,0.2998,778,2803,0.1,0.15,15
40,20,true,,0.12063032772115026,0.3760377717269019,0.2627407007910281,31,36,4.0,39.0,0.8367203924316748,0.07182901191310441,0.2744,778,2803,0.1,0.15,15
20,10,false,,0.11996335139736332,0.2547048262533241,0.16831434520727473,12,1,1.0,19.0,0.6983909619993153,0.48784662786716876,0.2814,779,2804,0.1,0.15,15
30,15,false,,0.12764879740994772,0.17112826338024253,0.07100544216345658,16,17,2.0,28.0,0.6729500471253534,0.27835375431982406,0.2982,779,2804,0.1,0.15,15
40,20,false,,0.14352982475262502,0.16264159083596563,0.03397007637482841,17,5,1.0,39.0,0.6126494650723726,0.13876651982378854,0.2672,779,2804,0.1,0.15,15
50,25,false,,0.14556259461254545,0.17585788472624986,0.032552769890927424,34,46,7.0,48.0,0.6708454810495627,0.06559766763848396,0.2408,779,2804,0.1,0.15,15
60,30,false,,0.1597580352887557,0.15515121838923096,-0.005010546087335088,8,3,1.0,37.0,0.478882184820578,0.18005716100349317,0.1966,779,2804,0.1,0.15,15
20,10,false,,0.2481886678866262,0.10262812066814572,-0.17805102966154593,4,1,1.0,18.0,0.23310580204778156,0.15017064846416384,0.2622,780,2805,0.1,0.15,15
30,15,true,,0.12232283131339673,0.29800416595913903,0.18808378599730038,23,24,5.0,29.0,0.7823363607892264,0.17507046664578765,0.2712,780,2805,0.1,0.15,15
20,10,false,,0.12994478829104705,0.1847389247342252,0.0688592628440009,13,16,2.0,19.0,0.6438106796116505,0.5922330097087378,0.3178,781,2806,0.1,0.15,15
30,15,true,,0.1252335943168123,0.29439116613131655,0.19044007348825526,23,27,2.0,29.0,0.7550118926265715,0.12130479102956167,0.2684,781,2806,0.1,0.15,15
20,10,false,,0.10386857067881525,0.4080070731118351,0.29820078907451375,15,16,5.0,19.0,0.9093635454848384,0.704431856047984,0.3146,782,2807,0.1,0.15,15
30,15,false,,0.13138653604469006,0.1587848804956378,0.047612857871360374,18,21,1.0,29.0,0.6148867313915858,0.1563106796116505,0.2934,782,2807,0.1,0.15,15
40,20,false,,0.136478350207865,0.144877755076028,0.01266013215152735,23,37,2.0,38.0,0.5383411580594679,0.22097026604068856,0.2734,782,2807,0.1,0.15,15
50,25,false,,0.16008578415720764,0.13681126606884608,-0.029049931343702512,9,5,1.0,48.0,0.4005270092226614,0.16666666666666666,0.2294,782,2807,0.1,0.15,15
60,30,true,,0.1394732550181176,0.22304633824155498,0.09649579372528116,46,56,11.0,58.0,0.8317880794701987,0.09470198675496688,0.2084,782,2807,0.1,0.15,15
20,10,false,,0.12345967020110858,0.11930214347077685,0.0021274160815680787,10,16,1.0,19.0,0.5058860960865416,0.39325485205217947,0.3134,783,2808,0.1,0.15,15
30,15,false,,0.11133308133562955,0.11209098723721823,0.0026875238344514704,16,22,1.0,28.0,0.5121689334287759,0.15211166785969935,0.2742,783,2808,0.1,0.15,15
40,20,false,,0.1362154672634781,0.12410762034752851,-0.0032555439086361104,16,2,1.0,37.0,0.4922164566345441,0.10303928836174944,0.2794,783,2808,0.1,0.15,15
50,25,true,,0.11712998300023116,0.2463741148627665,0.12917407632116304,42,46,20.0,49.0,0.7702599388379205,0.017966360856269112,0.2628,783,2808,0.1,0.15,15
20,10,true,,0.11582136439859692,0.2130112047084982,0.11242771501630355,11,14,1.0,19.0,0.7316770186335404,0.43788819875776397,0.3186,784,2809,0.1,0.15,15
20,10,true,,0.08628066903124877,0.25489243256577165,0.1807535615375565,13,16,1.0,19.0,0.7818574514038877,0.5554355651547876,0.2732,785,2810,0.1,0.15,15
20,10,false,,0.13805579462571924,0.5783723735015357,0.43593493211961903,15,16,2.0,19.0,0.7795765877957659,0.651307596513076,0.2928,786,2811,0.1,0.15,15
30,15,false,,0.17025048278598476,0.14247379426934248,-0.04105359865812511,11,2,1.0,28.0,0.4210691823899371,0.19402515723270441,0.238,786,2811,0.1,0.15,15
40,20,false,,0.14407509995201906,0.4390918554435832,0.29911887808960713,35,36,3.0,39.0,0.8016611295681063,0.05714285714285714,0.2226,786,2811,0.1,0.15,15
50,25,false,,0.14773789479451727,0.17363227841307463,0.03607016437865854,41,44,1.0,49.0,0.6092423766111286,0.006601697579377554,0.1992,786,2811,0.1,0.15,15
60,30,false,,0.2352321142081456,0.14592998369266183,-0.10610271083784334,5,2,1.0,51.0,0.2905785123966942,0.020165289256198347,0.162,786,2811,0.1,0.15,15
20,10,false,,0.08832959127669533,0.19283510073100202,0.11415833971327521,15,17,2.0,19.0,0.7222027358821466,0.6373202385128025,0.2956,787,2812,0.1,0.15,15
30,15,false,,0.34126527297551157,0.10039388701068933,-0.2396883779987844,5,1,1.0,28.0,0.36374896779521054,0.09248554913294797,0.2426,787,2812,0.1,0.15,15
40,20,false,,0.11799286609412955,0.12059272996196024,0.005297243166986154,15,3,1.0,37.0,0.5330812854442344,0.24083175803402646,0.2878,787,2812,0.1,0.15,15
50,25,false,,0.16833390680714236,0.10947849535498735,-0.06557540029977979,6,3,1.0,41.0,0.3000801282051282,0.12459935897435898,0.2408,787,2812,0.1,0.15,15
60,30,false,,0.16528922150493827,0.10900082762370757,-0.08356706266792215,7,2,1.0,57.0,0.2581011938601478,0.10801591813530415,0.119,787,2812,0.1,0.15,15
20,10,false,,0.14244478298214322,0.14242666118992175,0.002429485006203387,11,14,1.0,19.0,0.5036674816625917,0.4180929095354523,0.3106,788,2813,0.1,0.15,15
30,15,false,,0.13668467934798395,0.16026470409266966,0.039886173683069015,13,4,1.0,28.0,0.6069527090510491,0.16943313498277482,0.299,788,2813,0.1,0.15,15
40,20,true,,0.14770678128500037,0.21184462759486067,0.08290968192412426,33,35,4.0,39.0,0.7003687768899816,0.051014136447449294,0.2494,788,2813,0.1,0.15,15
20,10,false,,0.14790225239107413,0.14831705645129173,0.011001418832061294,11,15,2.0,19.0,0.5247467438494935,0.45875542691751087,0.327,789,2814,0.1,0.15,15
30,15,false,,0.14120222302599103,0.16130727017257268,0.040808135196997025,17,26,1.0,28.0,0.5684738326543404,0.13005327483547477,0.2792,789,2814,0.1,0.15,15
40,20,false,,0.14677112459441846,0.135486604558651,-0.009168395226462456,15,13,2.0,37.0,0.4507042253521127,0.25226917057902976,0.263,789,2814,0.1,0.15,15
50,25,false,,0.14083450856588303,0.3530173086033196,0.22496981994614162,45,46,22.0,49.0,0.8466688985604285,0.008704385671242048,0.204,789,2814,0.1,0.15,15
60,30,true,,0.14511033069734647,0.43003526032120126,0.28645112647071824,53,55,29.0,59.0,0.9025928521373511,0.00350385423966363,0.1522,789,2814,0.1,0.15,15
20,10,false,,0.1767878339570319,0.12223009840310457,-0.06575623008679608,8,3,1.0,19.0,0.4470588235294118,0.36678200692041524,0.2738,790,2815,0.1,0.15,15
30,15,false,,0.1511169670099752,0.09654848116803592,-0.07680832811575516,9,2,1.0,28.0,0.35291887793783167,0.12661106899166036,0.2432,790,2815,0.1,0.15,15
40,20,false,,0.12954625164332287,0.1359953870510787,0.02203654779685954,13,2,1.0,38.0,0.5534156976744186,0.09193313953488372,0.2128,790,2815,0.1,0.15,15
50,25,false,,0.14689604607232232,0.142417321161426,-0.0058408016509305105,14,1,1.0,48.0,0.48552020021451553,0.11011798355380766,0.196,790,2815,0.1,0.15,15
60,30,false,,0.13323685284337658,0.15760320766079816,0.04298379577153487,28,2,1.0,57.0,0.6884283246977547,0.12089810017271158,0.208,790,2815,0.1,0.15,15
20,10,false,,0.0948562017718894,0.13508201948669313,0.05485527398639549,13,16,1.0,19.0,0.5880819366852886,0.5199255121042831,0.2748,791,2816,0.1,0.15,15
30,15,false,,0.11147105335750929,0.17671128342759818,0.08870404321663389,19,26,1.0,29.0,0.6391152502910361,0.1354287931703531,0.292,791,2816,0.1,0.15,15
40,20,false,,0.11593321852156947,0.1633689738215092,0.07296062332238643,27,3,1.0,38.0,0.6565315315315315,0.059684684684684686,0.2812,791,2816,0.1,0.15,15
50,25,false,,0.1307414252886914,0.1212356490559612,-0.00999393442317982,19,3,1.0,45.0,0.4652545522110739,0.11334076551467856,0.2688,791,2816,0.1,0.15,15
60,30,false,,0.12272560777119759,0.1373625788033772,0.019878721496424438,18,21,1.0,33.0,0.5937896070975919,0.20342205323193915,0.1248,791,2816,0.1,0.15,15
20,10,true,,0.04406060904172096,0.14850534011940456,0.10017805874506086,14,15,2.0,19.0,0.7532019704433498,0.583743842364532,0.1466,792,2817,0.1,0.15,15
20,10,false,,0.1237246979471119,0.16757935038623098,0.06274051967367342,12,16,1.0,19.0,0.6005048911328494,0.5011044493531083,0.3034,793,2818,0.1,0.15,15
30,15,false,,0.1336311244226481,0.17960989135633623,0.06234182891305687,20,1,1.0,29.0,0.5954171142141067,0.10204081632653061,0.2532,793,2818,0.1,0.15,15
40,20,false,,0.13708843343915236,0.13327431997769604,-0.015102560814031836,14,1,1.0,38.0,0.4536152796725784,0.12346521145975443,0.2486,793,2818,0.1,0.15,15
50,25,false,,0.13605366143315484,0.15689601855753593,0.041377487754906433,16,5,2.0,46.0,0.6287289234760052,0.17931258106355383,0.2476,793,2818,0.1,0.15,15
60,30,true,,0.14112566016130682,0.22643899370997747,0.0957474522679531,47,58,18.0,59.0,0.8311504424778761,0.03185840707964602,0.1626,793,2818,0.1,0.15,15
20,10,false,,0.1029022070040909,0.3911271783034167,0.2839872696714876,15,16,3.0,19.0,0.8079866888519135,0.7088186356073212,0.3056,794,2819,0.1,0.15,15
30,15,false,,0.13723345864299882,0.11316527773055729,-0.031448923522050365,14,2,1.0,29.0,0.4335216572504708,0.10772128060263654,0.2482,794,2819,0.1,0.15,15
40,20,false,,0.12912409028510624,0.12762663999484739,0.003166138840951696,10,7,1.0,37.0,0.5068783068783069,0.08747795414462081,0.2734,794,2819,0.1,0.15,15
50,25,false,,0.12801449186383534,0.16845315420676274,0.04635557777925754,36,45,4.0,48.0,0.6650374714890844,0.07787552948843271,0.267,794,2819,0.1,0.15,15
60,30,true,,0.1345909780965754,0.46262227670250455,0.32349604745617,54,56,41.0,59.0,0.8856848609680742,0.0,0.1656,794,2819,0.1,0.15,15
20,10,true,,0.08346086320133826,0.3952128830737039,0.2943992173590428,14,17,1.0,19.0,0.7218364197530864,0.5733024691358025,0.2746,795,2820,0.1,0.15,15
20,10,true,,0.11503659463753951,0.32039109977954255,0.21952428721995307,14,17,2.0,19.0,0.7457133613717244,0.6014234875444839,0.3144,796,2821,0.1,0.15,15
20,10,true,,0.05604894631907915,0.23055120819211486,0.1863985759852128,14,16,1.0,19.0,0.7080858839652809,0.5842850616719963,0.1798,797,2822,0.1,0.15,15
20,10,true,,0.09258136031435459,0.2706944486429462,0.1818587056876188,14,15,3.0,19.0,0.8106489184692179,0.6522462562396006,0.3136,798,2823,0.1,0.15,15
20,10,false,,0.11580197429710479,0.17628239039832969,0.0808638744963043,14,16,1.0,19.0,0.6253697009530069,0.5287545185672035,0.28,799,2824,0.1,0.15,15
30,15,false,,0.11332315423912007,0.16203293317973427,0.0837725098637688,15,25,2.0,29.0,0.6758595988538681,0.20916905444126074,0.2764,799,2824,0.1,0.15,15
40,20,true,,0.12989574212147395,0.24307855816252294,0.12260108652716645,33,37,9.0,39.0,0.7435636856368564,0.07926829268292683,0.2534,799,2824,0.1,0.15,15
20,10,false,,0.10537724582311278,0.2684541598477638,0.1701064076151984,15,17,3.0,19.0,0.7722408026755853,0.6220735785953178,0.3034,800,2825,0.1,0.15,15
30,15,false,,0.11650751108920303,0.08581727204665866,-0.03409188182591753,14,5,1.0,28.0,0.3735170302334481,0.1385380788365863,0.2176,800,2825,0.1,0.15,15
40,20,false,,0.1262896973893498,0.1523294125389517,0.03970403465083869,25,1,1.0,38.0,0.5884876653557383,0.09438684304612084,0.2592,800,2825,0.1,0.15,15
50,25,false,,0.15382957070522843,0.11270867302378433,-0.047879825379296345,10,2,1.0,47.0,0.36370539104024296,0.18147304479878512,0.2274,800,2825,0.1,0.15,15
60,30,false,,0.12198362378926035,0.16805433426619548,0.05008393987241397,50,56,7.0,59.0,0.6611418047882136,0.06482504604051566,0.195,800,2825,0.1,0.15,15
20,10,false,,0.12277915969195576,0.09321856487347813,-0.044856211020864,8,1,1.0,19.0,0.42709132770529545,0.35149654643131234,0.2412,801,2826,0.1,0.15,15
30,15,false,,0.07586804622635675,0.705012734632211,0.6226072524973514,26,26,20.0,29.0,1.0,0.009528346831824679,0.1616,801,2826,0.1,0.15,15
40,20,true,,0.07556647197682678,0.15735218839253873,0.08045932808954015,32,29,17.0,39.0,0.8041025641025641,0.036923076923076927,0.1088,801,2826,0.1,0.15,15
20,10,false,,0.21618522689725744,0.10520530699998613,-0.12698847243471767,5,1,1.0,18.0,0.2524104683195592,0.22830578512396693,0.2564,802,2827,0.1,0.15,15
30,15,false,,0.36015553785733073,0.12944786847905415,-0.24530815139212653,6,1,1.0,29.0,0.4095406360424028,0.0558303886925795,0.2194,802,2827,0.1,0.15,15
40,20,true,,0.14501489000702486,0.6289431269946726,0.49071884057477466,34,36,2.200000000000003,39.0,0.811413578222368,0.06034765496884224,0.2198,802,2827,0.1,0.15,15
20,10,false,,0.053378795859368076,0.704788549533828,0.6355095456629696,17,17,7.225000000000001,19.0,0.988780487804878,0.7902439024390244,0.1752,803,2828,0.1,0.15,15
30,15,false,,0.05261991958477556,0.10243486172264227,0.04152085193729067,20,18,8.0,29.0,0.6612802983219391,0.32877563704164076,0.0764,803,2828,0.1,0.15,15
40,20,false,,0.20458992552149097,0.05275797232295965,-0.14144480220830136,2,1,1.0,19.0,0.15751575157515751,0.032403240324032405,0.0278,803,2828,0.1,0.15,15
50,25,false,,0.07212517337089981,0.06479835801542079,0.0024707843258681694,8,9,2.0,14.0,0.5441176470588235,0.14479638009049775,0.0252,803,2828,0.1,0.15,15
60,30,true,,0.05033998944708766,0.18746425277776052,0.14195986577096803,45,47,32.0,50.0,0.9678899082568807,0.0,0.017,803,2828,0.1,0.15,15
20,10,false,,0.09064061776149764,0.2541664105556624,0.16787109765668218,15,17,2.0,19.0,0.7651382569128456,0.6678333916695834,0.295,804,2829,0.1,0.15,15
30,15,false,,0.12681822311922053,0.12842321010266686,0.009296848386980097,10,2,1.0,27.0,0.5218598195697433,0.22970159611380986,0.2642,804,2829,0.1,0.15,15
40,20,false,,0.14166924539738568,0.1388634063773096,-0.0013824138447098983,26,1,1.0,39.0,0.49636711281070744,0.07609942638623327,0.2184,804,2829,0.1,0.15,15
50,25,false,,0.14013310410310167,0.18085518211865134,0.06303493325976733,33,46,1.0,49.0,0.634376051126808,0.0753447695930037,0.2256,804,2829,0.1,0.15,15
60,30,false,,0.14224231995453415,0.1541003526912084,0.026219297286188298,22,2,1.0,58.0,0.6022456617897244,0.07077237155495067,0.1686,804,2829,0.1,0.15,15
20,10,false,,0.23296774878129753,0.08782304381652609,-0.16789064034935391,6,1,1.0,19.0,0.25837651122625216,0.21105354058721934,0.2602,805,2830,0.1,0.15,15
30,15,false,,0.11987996224268464,0.12940231568023808,0.022890757383999358,13,4,1.0,29.0,0.5415294548115623,0.14489571899012074,0.2788,805,2830,0.1,0.15,15
40,20,false,,0.11468385400313849,0.15915524075483875,0.0556530560267392,29,36,4.0,39.0,0.6430180180180181,0.10998498498498499,0.268,805,2830,0.1,0.15,15
50,25,true,,0.11640970377141618,0.2091344714873688,0.09892272758129755,37,40,2.0,49.0,0.7064112587959344,0.03635652853792025,0.2738,805,2830,0.1,0.15,15
20,10,true,,0.1183754050738158,0.24995272463588658,0.14887297850677828,14,16,2.0,19.0,0.757787666878576,0.5750158931977114,0.3052,806,2831,0.1,0.15,15
20,10,true,,0.09578055966843181,0.3179362290236763,0.2214436642047314,14,15,2.0,19.0,0.7124915139171758,0.5865580448065173,0.2864,807,2832,0.1,0.15,15
20,10,false,,0.08960939708757887,0.11760314347269846,0.03593004356949791,12,16,1.0,19.0,0.589086859688196,0.4521158129175947,0.2866,808,2833,0.1,0.15,15
30,15,false,,0.07819201927112766,0.21248531817456268,0.14001088558244626,20,26,2.0,29.0,0.6966779008184882,0.14492055849783342,0.1814,808,2833,0.1,0.15,15
40,20,true,,0.08285107529696889,0.1770602425844586,0.10403852551286051,32,37,2.0,39.0,0.7548005908419497,0.0310192023633678,0.1114,808,2833,0.1,0.15,15
20,10,true,,0.12072887990331964,0.24041357981048078,0.1469997668242392,13,15,2.0,19.0,0.7581000314564328,0.5083359547027367,0.3134,809,2834,0.1,0.15,15
20,10,false,,0.1442415059215049,0.29997365177209245,0.18610894189927446,13,16,1.0,19.0,0.6372518121651434,0.5171761739678538,0.3014,810,2835,0.1,0.15,15
30,15,false,,0.14919161407548034,0.1929915231952254,0.05696602296344047,19,26,1.0,28.0,0.6332046332046332,0.1695871695871696,0.3006,810,2835,0.1,0.15,15
40,20,false,,0.16635766697985677,0.19077080117924144,0.05189390920775819,29,35,1.0,39.0,0.5923334347429267,0.061758442348646185,0.2278,810,2835,0.1,0.15,15
50,25,false,,0.16524768074309365,0.18059822753250065,0.02255996925840062,41,47,3.0,49.0,0.5976401179941003,0.041002949852507374,0.2306,810,2835,0.1,0.15,15
60,30,false,,0.16640240226230876,0.16794809579822054,0.001663617574095555,47,56,6.0,59.0,0.5063451776649747,0.044416243654822336,0.1584,810,2835,0.1,0.15,15
20,10,false,,0.12153831667548762,0.4101387010389699,0.29309298659597927,15,16,1.0,19.0,0.7597024579560155,0.6610608020698577,0.3106,811,2836,0.1,0.15,15
30,15,false,,0.19368407196159967,0.11907053830306685,-0.10200358720325625,6,1,1.0,28.0,0.3402900601344181,0.14644499469402192,0.2212,811,2836,0.1,0.15,15
40,20,true,,0.13525877242307122,0.20011867575031403,0.0785335004644995,30,34,1.7249999999999943,39.0,0.7091205211726385,0.06058631921824104,0.2544,811,2836,0.1,0.15,15
20,10,false,,0.5949118353688556,0.09484529636288479,-0.4990448662271645,2,1,1.0,17.0,0.141796875,0.122265625,0.1686,812,2837,0.1,0.15,15
30,15,false,,0.1330520230267921,0.15211225293387126,0.036349147824978806,15,24,1.0,28.0,0.577741935483871,0.19870967741935483,0.2908,812,2837,0.1,0.15,15
40,20,false,,0.13130668939364754,0.16055469498072764,0.04382498863835253,28,36,5.0,39.0,0.5938411669367909,0.15170178282009725,0.2544,812,2837,0.1,0.15,15
50,25,true,,0.13490112715473562,0.18837324771288813,0.06967469086950293,41,45,4.0,49.0,0.72920759659463,0.10609037328094302,0.235,812,2837,0.1,0.15,15
20,10,false,,0.1272666296860605,0.19028501798140632,0.08929488760118232,12,18,1.0,19.0,0.6278295605858855,0.4663781624500666,0.2924,813,2838,0.1,0.15,15
30,15,false,,0.14785716069864818,0.08382471271487177,-0.07544322843534905,11,2,1.0,27.0,0.22665229885057472,0.2744252873563218,0.2538,813,2838,0.1,0.15,15
40,20,false,,0.3523010084658576,0.10508120741156732,-0.2514927232547421,4,2,1.0,33.0,0.19153846153846155,0.08192307692307692,0.2376,813,2838,0.1,0.15,15
50,25,false,,0.12113552260111701,0.16791891503018588,0.0667757215284705,32,45,3.0,49.0,0.6497890295358649,0.12581511315688532,0.2564,813,2838,0.1,0.15,15
60,30,false,,0.12119309390089221,0.13668968822708918,0.02313334966366421,17,6,2.0,42.0,0.6018450184501845,0.2114391143911439,0.243,813,2838,0.1,0.15,15
20,10,true,,0.07810803534766493,0.1526261107500869,0.09244299319042967,12,17,1.0,19.0,0.700260319821495,0.4377091855708442,0.2882,814,2839,0.1,0.15,15
20,10,true,,0.08904854887956291,0.27432450169515754,0.18907617581554964,14,17,1.0,19.0,0.7790368271954674,0.5910056657223796,0.2994,815,2840,0.1,0.15,15
20,10,false,,0.0985163196967873,0.14966695878472594,0.059103502469585914,13,16,1.0,19.0,0.646584938704028,0.4896672504378284,0.3128,816,2841,0.1,0.15,15
30,15,false,,0.11493377503770473,0.22380559033545308,0.13573219626911787,20,27,1.0,29.0,0.658518239939827,0.132380594208349,0.2738,816,2841,0.1,0.15,15
40,20,false,,0.12068137566104782,0.16399428506373354,0.05974793633154431,27,37,1.0,39.0,0.64,0.09490909090909092,0.2616,816,2841,0.1,0.15,15
50,25,true,,0.12479678444282652,0.38257218821114447,0.26068034816160635,44,45,33.0,49.0,0.833579335793358,0.002952029520295203,0.223,816,2841,0.1,0.15,15
20,10,false,,0.15812181334653497,0.1355065315194607,-0.05534084332452313,7,1,1.0,19.0,0.45585585585585586,0.3772972972972973,0.2302,817,2842,0.1,0.15,15
30,15,false,,0.12570503877545658,0.172635451672405,0.06238426434745467,21,27,2.0,29.0,0.6514003294892916,0.19373970345963756,0.2796,817,2842,0.1,0.15,15
40,20,true,,0.13554472545348803,0.4011615550216614,0.2820077546444476,34,35,20.0,39.0,0.8323510150622135,0.009823182711198428,0.2484,817,2842,0.1,0.15,15
20,10,false,,0.6694437197149018,0.08059640094971685,-0.598867546695679,2,1,1.0,19.0,0.2890625,0.3103298611111111,0.1602,818,2843,0.1,0.15,15
30,15,false,,0.10682053702546665,0.17680489564988236,0.09056369867436466,19,26,1.0,29.0,0.6230740323186772,0.20030063885757235,0.2506,818,2843,0.1,0.15,15
40,20,false,,0.12073868645179175,0.12621900517622078,0.015026548659552899,12,4,1.0,38.0,0.5332343111771258,0.09468993687337542,0.2716,818,2843,0.1,0.15,15
50,25,false,,0.2413535407795011,0.11070339018806875,-0.141131357528186,5,1,1.0,33.0,0.26375,0.11333333333333333,0.2268,818,2843,0.1,0.15,15
60,30,false,,0.19400573336092616,0.11798402473497031,-0.083476280844064,6,3,1.0,48.0,0.2902746844840386,0.11210096510764662,0.1974,818,2843,0.1,0.15,15
20,10,true,,0.09229584952553069,0.21666227997709722,0.13650879766013393,13,14,2.0,19.0,0.7415435139573071,0.5816091954022988,0.3102,819,2844,0.1,0.15,15
20,10,false,,0.1297091188752978,0.1732102954888473,0.0688305506545929,10,2,1.0,19.0,0.6039905309435238,0.4294893473114643,0.2888,820,2845,0.1,0.15,15
30,15,false,,0.13748655839111362,0.22838659666920977,0.10887087105820076,23,26,1.0,29.0,0.6618777146675576,0.07484129635816907,0.2678,820,2845,0.1,0.15,15
40,20,false,,0.1412146549413362,0.17231806913651307,0.04635085592036728,28,36,4.0,39.0,0.609013011742304,0.11044112980006347,0.2366,820,2845,0.1,0.15,15
50,25,false,,0.14735364261681583,0.19196622262034096,0.08431681723739756,34,2,1.0,48.0,0.6872401662935721,0.05244643428205948,0.2026,820,2845,0.1,0.15,15
60,30,false,,0.1539490786555048,0.15360854287486023,-0.001804338665507943,17,2,1.0,39.0,0.48952155001977066,0.166073546856465,0.1446,820,2845,0.1,0.15,15
20,10,false,,0.07133598173180891,0.08218784759522389,0.008486608675269826,12,1,1.0,19.0,0.5366084081247048,0.4747283892300425,0.1618,821,2846,0.1,0.15,15
30,15,false,,0.05412924379610249,0.8522399050014774,0.7836043128161427,27,28,22.0,29.0,1.0,0.0,0.0668,821,2846,0.1,0.15,15
40,20,false,,0.06830835349952975,0.07846033133818918,0.02748696617524881,11,6,1.0,26.0,0.6157082748948106,0.2650771388499299,0.055,821,2846,0.1,0.15,15
50,25,false,,0.05952678196690762,0.08909361078363094,0.032197844536971595,18,18,8.0,25.0,0.665296052631579,0.46792763157894735,0.0414,821,2846,0.1,0.15,15
60,30,false,,0.7695210062285293,0.05847795162738219,-0.7101786566703391,1,1,1.0,5.0,0.0,0.0,0.0128,821,2846,0.1,0.15,15
20,10,false,,0.09261722322497377,0.11195620574290287,0.025888855238491562,10,15,1.0,19.0,0.567516879219805,0.3968492123030758,0.2884,822,2847,0.1,0.15,15
30,15,true,,0.09445129570445997,0.16054384424501206,0.07833985775767693,16,27,3.0,29.0,0.7242921013412816,0.26639344262295084,0.2922,822,2847,0.1,0.15,15
20,10,false,,0.11962427397397567,0.16163982898725884,0.06951198609561057,13,1,1.0,19.0,0.5933484504913077,0.4652305366591081,0.2672,823,2848,0.1,0.15,15
30,15,false,,0.08431432659475825,0.6358958382843501,0.5552181932001798,26,26,4.0,29.0,0.8583828232069438,0.036089538602101415,0.1882,823,2848,0.1,0.15,15
40,20,true,,0.0868044861862366,0.2009349591008193,0.12191678640962615,31,36,2.0,39.0,0.7003027245206862,0.04490413723511604,0.146,823,2848,0.1,0.15,15
20,10,false,,0.12603288580080074,0.1640340040474912,0.04855129299119941,11,16,1.0,19.0,0.6196240841032176,0.41605606881172347,0.2806,824,2849,0.1,0.15,15
30,15,false,,0.1456819472828655,0.1789461691728927,0.06577412174639038,20,2,1.0,29.0,0.5659208261617901,0.09259896729776247,0.2606,824,2849,0.1,0.15,15
40,20,false,,0.14555285340997295,0.15149646867945138,0.00582377916635668,29,2,1.0,39.0,0.5062630480167014,0.03931802366040362,0.2314,824,2849,0.1,0.15,15
50,25,false,,0.14844428245743993,0.1404864950859265,-0.0042725185275480915,10,4,1.0,46.0,0.49421869838123555,0.19061777337297656,0.2376,824,2849,0.1,0.15,15
60,30,false,,0.14223687840465807,0.5338544560039333,0.39382791197345124,55,56,32.0,59.0,0.90619650804519,0.0,0.177,824,2849,0.1,0.15,15
20,10,false,,0.07607471629890084,0.3011699362426199,0.21966886863585366,15,16,6.0,19.0,0.8767025089605734,0.7132616487455197,0.2972,825,2850,0.1,0.15,15
30,15,false,,0.10489446213215595,0.15484210290322964,0.06289834906259238,22,26,3.0,29.0,0.6775735294117647,0.1761029411764706,0.2948,825,2850,0.1,0.15,15
40,20,false,,0.11659762833350276,0.1116009870334673,-0.006418003804702713,20,35,2.0,38.0,0.47412801839785357,0.14143349942506708,0.2894,825,2850,0.1,0.15,15
50,25,true,,0.11727858000390826,0.21867808823448634,0.10269566316112139,40,46,5.0,49.0,0.7413343272456205,0.051062243756988444,0.2688,825,2850,0.1,0.15,15
20,10,true,,0.14309773520838387,0.28887491536482685,0.15439385737178501,14,17,2.0,19.0,0.7549357568160451,0.5540582889376371,0.3094,826,2851,0.1,0.15,15
20,10,false,,0.09024387358631598,0.1411631266619888,0.07190513667291358,11,16,1.0,19.0,0.6260519575557995,0.442371020856202,0.282,827,2852,0.1,0.15,15
30,15,false,,0.1092188202495315,0.14213049649072476,0.04416498209715154,16,2,1.0,29.0,0.5832418587632638,0.21917306988657154,0.2936,827,2852,0.1,0.15,15
40,20,false,,0.11455724221661119,0.1487974529400143,0.042825064887577514,29,36,3.0,39.0,0.6241970021413277,0.10314061384725197,0.2802,827,2852,0.1,0.15,15
50,25,true,,0.12077208906801135,0.567115242980997,0.44457184303375474,44,47,22.0,49.0,0.9098422238918107,0.009767092411720512,0.2472,827,2852,0.1,0.15,15
20,10,false,,0.101252835311064,0.140505018304647,0.05146306653454477,11,16,1.0,19.0,0.6381206264578474,0.4255248250583139,0.3138,828,2853,0.1,0.15,15
30,15,false,,0.11972398473778666,0.19839369007521365,0.10093922746035705,22,25,1.0,29.0,0.6731843575418994,0.1473463687150838,0.2594,828,2853,0.1,0.15,15
40,20,true,,0.12721965922398418,0.34757828695473586,0.21962272931864357,33,36,8.200000000000003,39.0,0.8433816099696868,0.051532502526103065,0.2614,828,2853,0.1,0.15,15
20,10,false,,0.10115164469651858,0.17236916573058997,0.08608939416686018,12,16,2.0,19.0,0.6724704336399474,0.47864651773981604,0.304,829,2854,0.1,0.15,15
30,15,false,,0.12373904255581543,0.1467338928017893,0.02837812045838159,16,24,1.0,29.0,0.5867795506349723,0.19537609899055683,0.293,829,2854,0.1,0.15,15
40,20,true,,0.13781668586120416,0.26182749746114153,0.14319377651114146,31,34,1.0,39.0,0.7243421052631579,0.0700657894736842,0.2462,829,2854,0.1,0.15,15
20,10,false,,0.0812054469247926,0.33944411097824634,0.26274682804562494,15,16,1.0,19.0,0.7643571693219711,0.6187476843275287,0.2872,830,2855,0.1,0.15,15
30,15,true,,0.10950713931914846,0.16729375380734102,0.07674813854300593,20,26,2.0,29.0,0.7042057698992006,0.16127911018421967,0.3012,830,2855,0.1,0.15,15
20,10,true,,0.09192176597191752,0.292153077397416,0.20459744184534956,14,16,1.0,19.0,0.762631770265358,0.5281715739731007,0.2678,831,2856,0.1,0.15,15
20,10,false,,0.07167677862639135,0.12041626391722107,0.04653393834247843,13,16,3.0,19.0,0.660856384994316,0.5585449033724896,0.2554,832,2857,0.1,0.15,15
30,15,true,,0.10084753457503065,0.31633293560298176,0.2271429266645719,22,26,5.0,29.0,0.8311784263021795,0.1625415589213151,0.3098,832,2857,0.1,0.15,15
20,10,false,,0.1551607347701365,0.11162344029017023,-0.06244899653730528,9,1,1.0,18.0,0.3348475016223232,0.3393900064892927,0.2766,833,2858,0.1,0.15,15
30,15,false,,0.13537718001356283,0.17986573158278804,0.0659391572827415,21,25,1.0,29.0,0.667996317888923,0.17152500767106474,0.3038,833,2858,0.1,0.15,15
40,20,false,,0.1402065482525095,0.14162531940986095,0.006256166364420834,15,5,2.0,38.0,0.5289855072463768,0.1429512516469038,0.2564,833,2858,0.1,0.15,15
50,25,false,,0.14014597179321395,0.15347002479014799,0.031862353746259675,23,46,2.0,48.0,0.6227544910179641,0.12953041285849354,0.238,833,2858,0.1,0.15,15
60,30,false,,0.14343707426317076,0.15861766473011657,0.020813748414891947,28,55,3.0,59.0,0.6263565891472869,0.13674418604651162,0.186,833,2858,0.1,0.15,15
20,10,false,,0.12859304044827768,0.15056082940353788,0.0442307506366151,11,1,1.0,19.0,0.5555167597765364,0.4123603351955307,0.272,834,2859,0.1,0.15,15
30,15,true,,0.1257204367861866,0.2520040455419413,0.14691197009660373,22,26,2.0,29.0,0.7753361757953428,0.16661200393571662,0.2862,834,2859,0.1,0.15,15
20,10,false,,0.11009194631292347,0.1906071776508329,0.09967005313100448,13,16,1.0,19.0,0.6814891416752844,0.4874181316787315,0.2954,835,2860,0.1,0.15,15
30,15,false,,0.11571324237836167,0.34264880172770645,0.23268892928122376,25,26,3.0,29.0,0.8169705469845723,0.10694249649368864,0.2866,835,2860,0.1,0.15,15
40,20,false,,0.2676112926719248,0.10938349791776444,-0.16904794875402623,5,1,1.0,38.0,0.3192261185006046,0.09068923821039904,0.2182,835,2860,0.1,0.15,15
50,25,false,,0.12178904118806712,0.4081339897457739,0.2821953997901507,45,46,10.0,49.0,0.8682080924855491,0.023121387283236993,0.2276,835,2860,0.1,0.15,15
60,30,false,,0.12613877832321013,0.14906607798905633,0.03132367138212121,32,29,4.0,57.0,0.6779603011635866,0.03593429158110883,0.2238,835,2860,0.1,0.15,15
20,10,false,,0.06714211524875922,0.40282594748634176,0.3333956920630901,15,16,5.0,19.0,0.8831013916500994,0.6902584493041749,0.2572,836,2861,0.1,0.15,15
30,15,true,,0.07161627148521217,0.26838919320822524,0.2026873886953216,22,18,5.625000000000007,29.0,0.8371454711802379,0.24382433668801465,0.182,836,2861,0.1,0.15,15
20,10,true,,0.05632378341361491,0.2169957680148591,0.17443734889999504,13,16,1.0,19.0,0.7850262697022767,0.5621716287215411,0.2044,837,2862,0.1,0.15,15
20,10,false,,0.18090864890654262,0.11976208157783484,-0.07906839217198024,7,3,1.0,19.0,0.3249922767995057,0.2431263515600865,0.3122,838,2863,0.1,0.15,15
30,15,true,,0.15835929152024017,0.2636875235081843,0.12236940357206597,24,26,2.0,29.0,0.7044570744839964,0.10888423571642238,0.2496,838,2863,0.1,0.15,15
20,10,true,,0.10897118364657198,0.2199000399972991,0.12388307131272382,11,10,1.0,19.0,0.7252958106811641,0.4090182283338663,0.3128,839,2864,0.1,0.15,15
20,10,true,,0.09855987013114646,0.20224494884196667,0.10950159928145155,12,16,2.0,19.0,0.7706779111255271,0.4638339279922154,0.3208,840,2865,0.1,0.15,15
20,10,false,,0.08543363937663086,0.1603689258514596,0.0812098098821168,11,16,1.0,19.0,0.6297619047619047,0.4142857142857143,0.2508,841,2866,0.1,0.15,15
30,15,true,,0.09286270731049398,0.6073604464243967,0.5115752203537605,23,25,3.0,29.0,0.8858954041204438,0.11568938193343899,0.2646,841,2866,0.1,0.15,15
20,10,true,,0.08407549059288982,0.18933254833834495,0.12157744102396684,14,16,2.0,19.0,0.7486515641855448,0.5706580366774542,0.288,842,2867,0.1,0.15,15
20,10,true,,0.07489981594986199,0.32367974967658847,0.2541399839821739,13,16,2.0,19.0,0.8257433195333083,0.560030109145653,0.2852,843,2868,0.1,0.15,15
20,10,true,,0.08998852265322076,0.23816852070175268,0.16722383696143758,13,16,2.0,19.0,0.8053359683794467,0.5569828722002635,0.305,844,2869,0.1,0.15,15
20,10,false,,0.10984913424968167,0.5055407578434886,0.40578100723825694,16,16,3.0,19.0,0.8212100611828688,0.738613188307274,0.2734,845,2870,0.1,0.15,15
30,15,false,,0.12235577238727383,0.24650146195443307,0.1462089343052228,21,26,1.0,29.0,0.6653313911143481,0.11762563729060452,0.2694,845,2870,0.1,0.15,15
40,20,false,,0.13712860762671958,0.11005774012046965,-0.039001041339594755,14,1,1.0,37.32499999999982,0.36484490398818314,0.09084194977843427,0.2634,845,2870,0.1,0.15,15
50,25,false,,0.12272952541465934,0.1988849402930159,0.0829532792619836,44,46,29.674999999999997,49.0,0.6484257871064468,0.003373313343328336,0.2388,845,2870,0.1,0.15,15
60,30,true,,0.12634038259486285,0.22520842544634465,0.09971480850455558,53,52,34.0,59.0,0.7857931542142068,0.0,0.2004,845,2870,0.1,0.15,15
20,10,false,,0.09288601401706816,0.1524404560985697,0.05925229473212072,14,17,2.0,19.0,0.6322451698867422,0.6009327115256495,0.303,846,2871,0.1,0.15,15
30,15,true,,0.10886223298134264,0.5493638096051154,0.4531649755786281,24,26,1.0,29.0,0.7676413255360623,0.08732943469785576,0.264,846,2871,0.1,0.15,15
20,10,true,,0.0975736783844864,0.2141052623568318,0.13230179302262746,13,16,1.0,19.0,0.7856191744340879,0.5396138482023968,0.315,847,2872,0.1,0.15,15
20,10,false,,0.08537444065237584,0.2899291696980108,0.21495294057503178,15,16,3.0,19.0,0.8363957597173145,0.6508833922261484,0.3106,848,2873,0.1,0.15,15
30,15,true,,0.1106190099854378,0.4632618052500879,0.35685689036530643,24,26,6.0,29.0,0.9040438656614119,0.17614804660726524,0.2884,848,2873,0.1,0.15,15
20,10,false,,0.06218297620715668,0.36105964073348235,0.29295168564143104,15,17,2.0,19.0,0.8244435111297774,0.6514069718605627,0.204,849,2874,0.1,0.15,15
30,15,true,,0.0973677756933937,0.17712617595825972,0.0971503453608249,18,25,1.0,28.0,0.7181335356600911,0.2515174506828528,0.2844,849,2874,0.1,0.15,15
20,10,false,,0.13242040611223485,0.1300647946445457,0.002745260471611527,8,3,1.0,19.0,0.5083853995396251,0.3130549161460046,0.2902,850,2875,0.1,0.15,15
30,15,false,,0.13957037654633192,0.13370852037211736,-0.005580115847326053,20,1,1.0,29.0,0.48792270531400966,0.09178743961352658,0.2362,850,2875,0.1,0.15,15
40,20,false,,0.13042321453233285,0.6600568285240663,0.5236396988229828,35,36,22.0,39.0,0.9282828282828283,0.007070707070707071,0.2398,850,2875,0.1,0.15,15
50,25,true,,0.13901940573496088,0.23191611732551615,0.09542340322447326,44,45,15.0,49.0,0.7086435739721593,0.03690514729685983,0.2124,850,2875,0.1,0.15,15
20,10,false,,0.23832896024968828,0.05904616642414827,-0.18848015548079453,5,3,1.0,15.0,0.12796208530805686,0.08666215301286391,0.2542,851,2876,0.1,0.15,15
30,15,false,,0.13105420471042276,0.13512486554690842,0.0038401633923254574,16,1,1.0,27.0,0.5087719298245614,0.15620782726045884,0.2888,851,2876,0.1,0.15,15
40,20,true,,0.12889289184989125,0.6727366143249476,0.557218045650099,34,37,1.0,39.0,0.713454827452501,0.07910042652190771,0.233,851,2876,0.1,0.15,15
20,10,false,,0.12254192537743948,0.19885732895010388,0.09249115885357992,13,16,1.0,19.0,0.6626728110599078,0.565284178187404,0.3082,852,2877,0.1,0.15,15
30,15,false,,0.14254122841562258,0.17123832017575355,0.04382016725568233,14,10,2.0,28.0,0.6054135338345865,0.203609022556391,0.3052,852,2877,0.1,0.15,15
40,20,false,,0.1580053032805638,0.2371253830166723,0.09170613157248819,32,36,1.0,39.0,0.5870599429115129,0.016809387884554394,0.22,852,2877,0.1,0.15,15
50,25,false,,0.15676631795183385,0.14806755180477563,-0.013692495754703798,19,3,1.0,49.0,0.456875,0.143125,0.2234,852,2877,0.1,0.15,15
60,30,true,,0.15283689463418335,0.2915020736371747,0.14083997426626127,50,56,21.0,59.0,0.7998157813939207,0.013202333435677003,0.1846,852,2877,0.1,0.15,15
20,10,false,,0.1504825934739577,0.17174299604291854,0.021734679606034785,12,17,1.0,19.0,0.541058394160584,0.4470802919708029,0.3144,853,2878,0.1,0.15,15
30,15,false,,0.1736636148870287,0.12294588764306998,-0.07820894847241273,10,3,1.0,28.0,0.30434782608695654,0.2243732148524278,0.2332,853,2878,0.1,0.15,15
40,20,false,,0.14061605481523332,0.209248472216176,0.08379474180145732,28,34,4.0,38.0,0.6705955334987593,0.07971464019851117,0.2618,853,2878,0.1,0.15,15
50,25,false,,0.15039946333580553,0.15736424458773932,0.02163991196665238,26,44,1.0,49.0,0.5621128138245843,0.10694489729377242,0.2162,853,2878,0.1,0.15,15
60,30,true,,0.14972024716683874,0.26465421216108986,0.11314090211433714,51,56,36.0,58.0,0.8311298076923077,0.0,0.2266,853,2878,0.1,0.15,15
20,10,false,,0.10318868508285332,0.3646783985920147,0.26661592340498363,15,15,3.0,19.0,0.7925757082383589,0.6844676001302508,0.31,854,2879,0.1,0.15,15
30,15,false,,0.1329132956833673,0.1272977590823235,-0.011681962446378896,10,2,1.0,28.0,0.47528641571194763,0.17315875613747955,0.2778,854,2879,0.1,0.15,15
40,20,false,,0.12862081755504548,0.16858778457432533,0.0780719054373235,22,36,2.0,39.0,0.6846264367816092,0.16235632183908047,0.2592,854,2879,0.1,0.15,15
50,25,true,,0.12953079560404887,0.21529948383653383,0.09139197392926324,39,41,21.0,49.0,0.7683690280065898,0.015485996705107084,0.2248,854,2879,0.1,0.15,15
20,10,false,,0.07348513591568595,0.557349179059187,0.4734589811568184,15,15,2.0,19.0,0.9099170288423548,0.6969577242196761,0.2692,855,2880,0.1,0.15,15
30,15,true,,0.1031495729655025,0.3935807795396214,0.2872566038729765,24,26,5.0,29.0,0.8514115898959881,0.15267459138187223,0.2804,855,2880,0.1,0.15,15
20,10,true,,0.1021188405046151,0.20968232859547967,0.12006125630707001,14,17,2.0,19.0,0.7285336856010568,0.6096433289299867,0.3124,856,2881,0.1,0.15,15
20,10,false,,0.103369404026934,0.1712711854925681,0.09000311144405579,12,16,2.0,19.0,0.6439246263807668,0.50909681611436,0.3108,857,2882,0.1,0.15,15
30,15,false,,0.126924007588365,0.14779219855333817,0.036815805739264934,21,24,2.0,29.0,0.5845070422535211,0.1351441985244802,0.2786,857,2882,0.1,0.15,15
40,20,true,,0.12173786737549996,0.22281442338940427,0.1138941756618011,30,36,2.0,39.0,0.7272727272727273,0.10648315827598696,0.2624,857,2882,0.1,0.15,15
20,10,true,,0.1002306177894189,0.4648074730069614,0.3919397265836445,14,15,1.0,19.0,0.717035960770069,0.6091536505630222,0.2804,858,2883,0.1,0.15,15
20,10,false,,0.1521208624334559,0.0705232729059451,-0.10131304875899981,4,2,1.0,18.0,0.30057096247960846,0.17210440456769985,0.24,859,2884,0.1,0.15,15
30,15,false,,0.10048866930315718,0.18101332996931024,0.08668894912880476,18,25,1.0,29.0,0.656686626746507,0.12934131736526946,0.2854,859,2884,0.1,0.15,15
40,20,false,,0.11881532653841317,0.11358209022357416,-0.006184685754229743,20,37,2.0,38.0,0.4803846153846154,0.19923076923076924,0.284,859,2884,0.1,0.15,15
50,25,false,,0.12866347788333315,0.11952112148730692,0.0027171162118737463,13,1,1.0,48.0,0.5066666666666667,0.15676767676767678,0.2652,859,2884,0.1,0.15,15
60,30,false,,0.14743644042728413,0.11205546664216529,-0.04014729814862654,16,4,1.0,37.0,0.34089917066783065,0.18550851156700132,0.1866,859,2884,0.1,0.15,15
20,10,false,,0.11303334592540336,0.13562091398510423,0.022343034905058887,10,18,1.0,19.0,0.5920634920634921,0.40095238095238095,0.332,860,2885,0.1,0.15,15
30,15,false,,0.15529570224424394,0.1084718442573624,-0.0710938204531284,6,2,1.0,28.0,0.3790262172284644,0.12097378277153559,0.271,860,2885,0.1,0.15,15
40,20,true,,0.11796889321783931,0.22161102242867103,0.11588460062987685,32,36,3.0,39.0,0.7095588235294118,0.12683823529411764,0.2644,860,2885,0.1,0.15,15
20,10,true,,0.1124517528528142,0.2976658873084646,0.192104775081741,14,16,2.0,19.0,0.7927672955974843,0.6515723270440251,0.3152,861,2886,0.1,0.15,15
20,10,false,,0.23710661901417385,0.11125702930749037,-0.13547493494099877,5,2,1.0,18.0,0.3408570493948315,0.25580634609093883,0.285,862,2887,0.1,0.15,15
30,15,false,,0.11952354540261445,0.17783232326856271,0.0796579445885033,22,27,1.0,29.0,0.6146323795726186,0.099601593625498,0.277,862,2887,0.1,0.15,15
40,20,false,,0.1782321091871833,0.13374379912123643,-0.07235130982180184,8,1,1.0,39.0,0.4352517985611511,0.06330935251798561,0.235,862,2887,0.1,0.15,15
50,25,false,,0.13592958776114308,0.13650359773956894,-0.00015204423683989887,32,34,3.0,46.0,0.493831066118317,0.10344827586206896,0.2388,862,2887,0.1,0.15,15
60,30,true,,0.14166345101056532,0.4412625780925142,0.3023841865222793,53,57,18.0,59.0,0.9023825281270682,0.021508934480476506,0.2166,862,2887,0.1,0.15,15
20,10,false,,0.09221806524332574,0.18404263639037782,0.11760568790891676,12,16,1.0,19.0,0.6929432013769363,0.4867469879518072,0.2994,863,2888,0.1,0.15,15
30,15,false,,0.10501650114154387,0.13460721995743954,0.04327026450538751,15,4,1.0,28.0,0.6446587537091988,0.18879821958456974,0.2802,863,2888,0.1,0.15,15
40,20,false,,0.12392923113129656,0.12179025381781115,-0.003735574004818998,18,2,1.0,36.0,0.4851341551849166,0.18745467730239304,0.2682,863,2888,0.1,0.15,15
50,25,false,,0.12248981699088729,0.13259916741647862,0.01860734334418132,19,6,2.0,48.0,0.577023498694517,0.09250279746363298,0.2638,863,2888,0.1,0.15,15
60,30,true,,0.1260233847643772,0.2683675424284222,0.14215013060226814,54,55,42.0,59.0,0.7498210450966356,0.0,0.1944,863,2888,0.1,0.15,15
20,10,false,,0.1278109760197828,0.1368642601749539,0.019230069232818836,10,14,1.0,19.0,0.5442879499217528,0.3918622848200313,0.3252,864,2889,0.1,0.15,15
30,15,false,,0.13617119413134782,0.2075544110180616,0.10466227823487048,23,26,1.0,29.0,0.6589726918075423,0.10078023407022106,0.2718,864,2889,0.1,0.15,15
40,20,false,,0.13498702827913142,0.15319895040126896,0.02545867563852014,21,38,1.0,39.0,0.5828822733423545,0.12381596752368065,0.2524,864,2889,0.1,0.15,15
50,25,false,,0.14281200027893973,0.16164119917215478,0.029957465721061033,21,4,1.0,47.0,0.6189102564102564,0.08846153846153847,0.227,864,2889,0.1,0.15,15
60,30,false,,0.14761556336795734,0.1684871055312478,0.05208009974027571,15,3,1.0,58.0,0.6847112860892388,0.08923884514435695,0.1854,864,2889,0.1,0.15,15
20,10,false,,0.07928319790474771,0.1259425068503408,0.056137099828092646,11,14,1.0,19.0,0.665945165945166,0.42568542568542567,0.2956,865,2890,0.1,0.15,15
30,15,false,,0.116630739044965,0.14238483436382804,0.045063091404665856,14,26,1.0,28.0,0.6129471890971039,0.2061328790459966,0.2846,865,2890,0.1,0.15,15
40,20,false,,0.12774158825379817,0.15131808580973785,0.042588478503787885,20,31,3.0,38.0,0.6322944297082228,0.1952917771883289,0.2702,865,2890,0.1,0.15,15
50,25,false,,0.2874064780850256,0.13074348306358585,-0.17098812902374966,4,1,1.0,43.05000000000018,0.24501758499413834,0.12231340367330988,0.1728,865,2890,0.1,0.15,15
60,30,false,,0.13737310074767184,0.15372687196795878,0.028538908847743516,20,4,1.0,57.0,0.643594009983361,0.1048252911813644,0.2002,865,2890,0.1,0.15,15
20,10,false,,0.10949138441980884,0.33450764404884564,0.2377346220090718,15,17,2.0,19.0,0.7222029788708001,0.6376861794250087,0.2766,866,2891,0.1,0.15,15
30,15,false,,0.1347476162792718,0.12091933260954253,-0.02071366755638049,11,3,1.0,27.0,0.45789663895916155,0.21431152873147813,0.2658,866,2891,0.1,0.15,15
40,20,true,,0.116923429753782,0.518854355667073,0.39220648272465497,33,36,7.0,39.0,0.8793230316409124,0.1008094186902134,0.2762,866,2891,0.1,0.15,15
20,10,true,,0.13694952209788386,0.24462086117106757,0.12524738824171838,14,17,1.0,19.0,0.7101673899566026,0.5551766893986361,0.2906,867,2892,0.1,0.15,15
20,10,true,,0.10045207724769219,0.19121199536890118,0.10874249586749554,13,15,2.0,19.0,0.7456685191238966,0.5217391304347826,0.3116,868,2893,0.1,0.15,15
20,10,false,,0.11852133435978468,0.14829215427838918,0.04625954485534137,11,16,1.0,19.0,0.6156572164948454,0.41527061855670105,0.3182,869,2894,0.1,0.15,15
30,15,false,,0.1706765177830773,0.12197952407487152,-0.0506584081804206,8,1,1.0,29.0,0.4550713459313536,0.07250289240262245,0.231,869,2894,0.1,0.15,15
40,20,true,,0.12760682900497475,0.1977080817685104,0.10974430917766671,29,37,1.0,39.0,0.7078770752384317,0.08583539385376192,0.258,869,2894,0.1,0.15,15
20,10,false,,0.12902983448212998,0.15883519791785303,0.046579245164830224,12,16,1.0,19.0,0.5714285714285714,0.4769532526969598,0.3192,870,2895,0.1,0.15,15
30,15,false,,0.12115824022187474,0.19180347282935997,0.10026689652363988,20,25,2.0,29.0,0.6905559276624247,0.22973878097789685,0.2842,870,2895,0.1,0.15,15
40,20,true,,0.13034807455584868,0.3030967244183172,0.18903844915535953,32,34,3.0,39.0,0.7812181013950323,0.021776114324600204,0.243,870,2895,0.1,0.15,15
20,10,false,,0.08498451069817192,0.12268930254018379,0.04341334573523993,12,16,2.0,19.0,0.618421052631579,0.5024238227146814,0.296,871,2896,0.1,0.15,15
30,15,false,,0.09441850737666937,0.6753309931753556,0.5726026160843676,25,27,14.0,29.0,0.9396657154504688,0.0631879331430901,0.2662,871,2896,0.1,0.15,15
40,20,false,,0.10958087495394679,0.10443260448965791,0.0026162159338666002,17,2,1.0,39.0,0.5109326193663543,0.12628290941543954,0.202,871,2896,0.1,0.15,15
50,25,false,,0.21154228843399345,0.08242028845948088,-0.1342108276040036,5,2,1.0,21.0,0.20297283444387493,0.11788826242952333,0.1318,871,2896,0.1,0.15,15
60,30,false,,0.09950158265676322,0.7986709111356944,0.6947714302630028,56,56,43.0,59.0,0.8929313929313929,0.0,0.1114,871,2896,0.1,0.15,15
20,10,true,,0.05324528582481763,0.16458188267277493,0.10917515604302418,13,18,1.0,19.0,0.7057902973395931,0.486697965571205,0.1448,872,2897,0.1,0.15,15
20,10,false,,0.1397666216897942,0.12302000627202778,-0.01910600739209317,11,13,2.0,19.0,0.4551074477480129,0.4539299381807477,0.3122,873,2898,0.1,0.15,15
30,15,false,,0.12701460823867355,0.13833245341214434,0.03719471372498927,20,26,1.0,29.0,0.563765541740675,0.10692717584369449,0.2704,873,2898,0.1,0.15,15
40,20,false,,0.13045326003190427,0.11326872262960834,-0.018618533891336927,16,3,1.0,38.0,0.4326215022091311,0.08431516936671576,0.2548,873,2898,0.1,0.15,15
50,25,false,,0.15866232893244775,0.1241623824260911,-0.0495830359758314,14,3,1.0,48.0,0.40277271068952936,0.05363006202116016,0.218,873,2898,0.1,0.15,15
60,30,false,,0.13042481610558498,0.6057816070047956,0.47983105949244353,55,55,42.0,59.0,0.9393042190969653,0.0,0.1654,873,2898,0.1,0.15,15
20,10,false,,0.12970765242066656,0.20333584898922993,0.08888946956424629,13,16,2.0,19.0,0.6534318251769775,0.5595567867036011,0.3194,874,2899,0.1,0.15,15
30,15,false,,0.14241755732461878,0.14392510343880188,0.0018842057844837001,12,9,2.0,28.0,0.5110361741263029,0.21183323114653588,0.3028,874,2899,0.1,0.15,15
40,20,false,,0.1493661321717061,0.1588882448107297,0.021465751575272723,22,38,1.0,39.0,0.5596733668341709,0.13724874371859297,0.2418,874,2899,0.1,0.15,15
50,25,false,,0.284276364426253,0.14315988927629347,-0.15128272702613282,4,1,1.0,22.0,0.2677809388335704,0.07467994310099574,0.181,874,2899,0.1,0.15,15
60,30,false,,0.15184538092177446,0.42938887979998286,0.2775754265963968,55,56,47.0,59.0,0.8104511522233041,0.0,0.155,874,2899,0.1,0.15,15
20,10,false,,0.12303467005987603,0.10517399873754014,-0.023785361908234534,8,2,1.0,19.0,0.45276653171390013,0.32388663967611336,0.2826,875,2900,0.1,0.15,15
30,15,false,,0.13890086107086694,0.13771312423486617,0.01161669085326937,10,1,1.0,28.0,0.5194942044257113,0.13101510361784335,0.258,875,2900,0.1,0.15,15
40,20,true,,0.12292384370377749,0.23120250998481806,0.12954207068608226,31,34,8.0,39.0,0.7521754263835712,0.07970762269404803,0.2608,875,2900,0.1,0.15,15
20,10,true,,0.11109541569382933,0.24332356928146645,0.14892611351013807,13,15,2.0,19.0,0.7691576947435086,0.5528815706143129,0.3282,876,2901,0.1,0.15,15
20,10,false,,0.11651399658328056,0.1519197885681829,0.04912177905368495,12,15,1.0,19.0,0.6259223612447866,0.4959897337183189,0.2984,877,2902,0.1,0.15,15
30,15,false,,0.1245710607552087,0.20735937557755854,0.09745792321982721,24,26,2.0,29.0,0.6741689750692521,0.14127423822714683,0.2776,877,2902,0.1,0.15,15
40,20,false,,0.5513062242112148,0.12809797474996057,-0.43700040534536405,4,1,1.0,39.0,0.3742063492063492,0.015873015873015872,0.1742,877,2902,0.1,0.15,15
50,25,false,,0.14912919655618445,0.12832674161819768,-0.028707848379334377,11,1,1.0,42.0,0.3935483870967742,0.2037351443123939,0.2326,877,2902,0.1,0.15,15
60,30,false,,0.1357172809800102,0.4276836273533075,0.29306694930692556,55,56,47.0,59.0,0.9162339910003462,0.0,0.1682,877,2902,0.1,0.15,15
20,10,true,,0.04416680187286983,0.17304506200822029,0.1322110015229183,14,16,2.0,19.0,0.7673883003224321,0.5688622754491018,0.143,878,2903,0.1,0.15,15
20,10,false,,0.07085702398744022,0.1260287862035021,0.06259063083460782,13,15,1.7000000000000028,19.0,0.6452770027899561,0.5253088880031885,0.2106,879,2904,0.1,0.15,15
30,15,false,,0.22577805055330946,0.08181353093679608,-0.15412438792583238,5,1,1.0,28.0,0.2732506643046944,0.10451727192205491,0.2292,879,2904,0.1,0.15,15
40,20,false,,0.11635932438317209,0.12192998314906141,0.004347805663063281,13,4,2.0,34.0,0.5159613956941351,0.24870081662954716,0.3174,879,2904,0.1,0.15,15
50,25,true,,0.11303205898807464,0.23047360317755158,0.12054375841398651,41,46,5.0,49.0,0.7468503937007874,0.06811023622047244,0.2886,879,2904,0.1,0.15,15
20,10,false,,0.517813617623788,0.07253398164793014,-0.443302217741603,2,1,1.0,18.0,0.1632996632996633,0.08627946127946128,0.2194,880,2905,0.1,0.15,15
30,15,false,,0.13648674000116146,0.129517135284311,-0.014766765392046327,9,2,1.0,28.0,0.47805059523809523,0.10416666666666667,0.2494,880,2905,0.1,0.15,15
40,20,false,,0.12529279560824497,0.1976266601771449,0.11146842468262058,30,37,2.0,39.0,0.6889504676134396,0.07551091098025632,0.2536,880,2905,0.1,0.15,15
50,25,false,,0.13224892393225268,0.13523492749184274,0.005081792076908148,11,6,2.0,34.0,0.5215488215488215,0.23265993265993265,0.2472,880,2905,0.1,0.15,15
60,30,false,,0.14814240338339818,0.14192750433021084,-0.007213867807981528,8,2,1.0,27.0,0.47105719237435006,0.19653379549393415,0.2132,880,2905,0.1,0.15,15
20,10,false,,0.16674757470625323,0.12086191440916957,-0.057721702829688554,8,1,1.0,19.0,0.4159042927515834,0.3434201266713582,0.2752,881,2906,0.1,0.15,15
30,15,false,,0.11406525870314188,0.09644788879043963,-0.02433950044235198,14,4,1.0,28.0,0.41220238095238093,0.25558035714285715,0.266,881,2906,0.1,0.15,15
40,20,true,,0.10994170758161383,0.45958291752530406,0.3485845171247163,33,36,14.0,39.0,0.8867924528301887,0.0712360415864459,0.261,881,2906,0.1,0.15,15
20,10,false,,0.1102676233852679,0.10893880384976135,0.003587547398250554,10,1,1.0,19.0,0.507236145428874,0.4006353688669255,0.2886,882,2907,0.1,0.15,15
30,15,true,,0.09702980968827403,0.5376416752259174,0.4289839257145188,24,26,9.924999999999997,29.0,0.8922247882986913,0.11855273287143957,0.2856,882,2907,0.1,0.15,15
20,10,false,,0.11314578535055654,0.17834298501855464,0.07583503955607886,12,16,2.0,19.0,0.677896725440806,0.5072418136020151,0.3078,883,2908,0.1,0.15,15
30,15,false,,0.13382390188821108,0.16054375117812364,0.048701089112160534,16,2,1.0,29.0,0.5966793497059841,0.1421653407125562,0.2404,883,2908,0.1,0.15,15
40,20,false,,0.14313014220483689,0.15155824996425787,0.02953560574507616,8,6,1.0,37.0,0.5664087685364281,0.08349451966473243,0.2428,883,2908,0.1,0.15,15
50,25,false,,0.14616594641128902,0.16182951800381445,0.021279585863457323,38,45,3.0,49.0,0.5688158710477371,0.08338499690018598,0.2434,883,2908,0.1,0.15,15
60,30,true,,0.14666220344943864,0.27018348472461307,0.12602631773000972,51,56,39.0,59.0,0.7975670617592014,0.0,0.201,883,2908,0.1,0.15,15
20,10,false,,0.15105979350100793,0.1531136632892638,0.022771634220293616,10,1,1.0,19.0,0.5363030515608559,0.42441248684672045,0.2606,884,2909,0.1,0.15,15
30,15,false,,0.12838177590710775,0.5705701683951018,0.4470280881053537,25,26,11.0,29.0,0.9148306478132193,0.11640907596185465,0.2882,884,2909,0.1,0.15,15
40,20,false,,0.15909894912917313,0.1460487060374469,-0.013141992669520167,10,3,2.0,32.0,0.4701086956521739,0.20108695652173914,0.2486,884,2909,0.1,0.15,15
50,25,true,,0.15263353152269885,0.26790712306354036,0.12150822367027239,42,44,27.0,49.0,0.7804656788630179,0.0,0.2196,884,2909,0.1,0.15,15
20,10,false,,0.061163361725900506,0.1312497915351299,0.07694419465295133,12,16,1.0,19.0,0.6593406593406593,0.46505494505494505,0.1782,885,2910,0.1,0.15,15
30,15,false,,0.1397069547193285,0.0990468476837478,-0.051812566907311355,6,1,1.0,28.0,0.42555831265508687,0.1827956989247312,0.2434,885,2910,0.1,0.15,15
40,20,true,,0.11243727400453873,0.29925879445994436,0.19310283313537632,29,35,2.0,39.0,0.7728170683524299,0.06677202686685105,0.2876,885,2910,0.1,0.15,15
20,10,true,,0.0943177303711066,0.33592209027551423,0.26241934863520183,14,16,2.0,19.0,0.7559633027522936,0.5115596330275229,0.2666,886,2911,0.1,0.15,15
20,10,true,,0.09589356148630118,0.25183339416496187,0.17296857427121531,13,15,3.0,19.0,0.7978585334198572,0.5973393900064893,0.3144,887,2912,0.1,0.15,15
20,10,false,,0.11928281769368775,0.1753875359375538,0.07049986499812705,12,17,1.0,19.0,0.6120255290560968,0.4816929795095734,0.2828,888,2913,0.1,0.15,15
30,15,true,,0.1304312723248477,0.19004179277281705,0.0910853547373965,19,26,1.0,29.0,0.7153870864118214,0.17089624156761965,0.2896,888,2913,0.1,0.15,15
20,10,false,,0.15577622822045764,0.15155042039941696,-0.0035101005159542953,14,16,2.0,19.0,0.4903047091412742,0.5081563558017852,0.2964,889,2914,0.1,0.15,15
30,15,false,,0.1840390018729577,0.11967531941388247,-0.08735287771693395,6,4,1.0,24.0,0.2398260329294812,0.15346380863622244,0.2942,889,2914,0.1,0.15,15
40,20,false,,0.14341839307309479,0.23672498314647356,0.12243127208062235,28,36,1.0,39.0,0.6892071952031978,0.0899400399733511,0.2484,889,2914,0.1,0.15,15
50,25,true,,0.14394050999755786,0.1901544001793701,0.06290305769443247,38,46,4.0,48.0,0.7058100215185982,0.04334460498001844,0.2324,889,2914,0.1,0.15,15
20,10,false,,0.1511170745608884,0.0887811740773557,-0.08900525154908659,6,1,1.0,19.0,0.3767313019390582,0.3407202216066482,0.2224,890,2915,0.1,0.15,15
30,15,false,,0.1427498138485596,0.10727904700434424,-0.04112035860705485,8,3,1.0,28.0,0.41729174891433085,0.14844058428740622,0.2824,890,2915,0.1,0.15,15
40,20,false,,0.10980491166745569,0.13946109127795991,0.042538967196062,24,36,2.0,39.0,0.615866388308977,0.1336116910229645,0.2364,890,2915,0.1,0.15,15
50,25,false,,0.12685056964452188,0.11703603551564495,0.003349964754428933,16,4,1.0,48.0,0.5037006578947368,0.11595394736842106,0.2624,890,2915,0.1,0.15,15
60,30,false,,0.12126656109765192,0.13203979415648934,0.022604881079295633,33,5,1.0,58.0,0.5703580349708576,0.06078268109908409,0.2674,890,2915,0.1,0.15,15
20,10,false,,0.07555439116468143,0.5908615866146817,0.51523133374497,16,15,9.0,19.0,0.9363704819277109,0.8057228915662651,0.2794,891,2916,0.1,0.15,15
30,15,false,,0.10194852155333518,0.15330501515854855,0.06522285649117138,17,22,1.0,28.0,0.6703890489913544,0.20317002881844382,0.2862,891,2916,0.1,0.15,15
40,20,false,,0.14095757628565816,0.5264817216677987,0.3929495464648641,32,1,1.0,39.0,0.6092884533446954,0.02386024712398807,0.2218,891,2916,0.1,0.15,15
50,25,false,,0.13429668493897923,0.12888735651996727,0.001431721950209474,19,46,1.0,49.0,0.5023980815347722,0.19664268585131894,0.2462,891,2916,0.1,0.15,15
60,30,true,,0.11979046950637375,0.4129569367262255,0.2872333205269939,53,58,41.0,59.0,0.7985418265541059,0.0,0.2336,891,2916,0.1,0.15,15
20,10,false,,0.13710281370724203,0.20920230345003557,0.09765578821601975,14,16,1.0,19.0,0.6262055204522781,0.4822081809112072,0.2804,892,2917,0.1,0.15,15
30,15,false,,0.13188494335046727,0.16557316291992474,0.05904509786632993,18,26,2.0,28.0,0.6365930599369085,0.2192429022082019,0.2842,892,2917,0.1,0.15,15
40,20,false,,0.15224119321668336,0.1381290300310435,-0.013964751170746137,22,1,1.0,39.0,0.4733984799131379,0.08469055374592833,0.2198,892,2917,0.1,0.15,15
50,25,false,,0.14036224998922553,0.15546482973539436,0.02663796597208938,18,4,1.0,48.0,0.6234843650287173,0.1419910657306956,0.24,892,2917,0.1,0.15,15
60,30,true,,0.1438111558047976,0.24755996512641482,0.12070859786853912,51,54,12.0,59.0,0.8185353208036293,0.11406351263771873,0.184,892,2917,0.1,0.15,15
20,10,false,,0.10453099236935871,0.16463309366457102,0.0763261787574791,12,16,1.0,19.0,0.6803196803196803,0.46653346653346656,0.3172,893,2918,0.1,0.15,15
30,15,false,,0.1387761763117917,0.09847259546512376,-0.05756173551958024,11,1,1.0,28.0,0.3829357056207036,0.16376870198139912,0.2258,893,2918,0.1,0.15,15
40,20,true,,0.12105717273983567,0.3930555198640035,0.26703873848250065,33,35,6.0,39.0,0.8313891834570519,0.0431247790738777,0.2692,893,2918,0.1,0.15,15
20,10,false,,0.10397602393234062,0.3875683732673124,0.2872922207745412,15,16,2.0,19.0,0.8060257278266757,0.6973595125253893,0.295,894,2919,0.1,0.15,15
30,15,true,,0.11516653408806989,0.4430664641361487,0.32097674982220803,24,25,8.0,29.0,0.8987813134732566,0.1083276912660799,0.2906,894,2919,0.1,0.15,15
20,10,false,,0.09870328843696732,0.3805250353260855,0.27755320018365276,15,16,1.0,19.0,0.7347083926031295,0.5700568990042674,0.2812,895,2920,0.1,0.15,15
30,15,false,,0.11177067017878765,0.16209600978523717,0.06295310885040362,17,25,2.0,29.0,0.6472841225626741,0.1737465181058496,0.2922,895,2920,0.1,0.15,15
40,20,true,,0.12134772899325759,0.47614572124101506,0.3532259508025086,34,37,13.0,39.0,0.8554519368723099,0.08536585365853659,0.2612,895,2920,0.1,0.15,15
20,10,false,,0.12973747345465264,0.11897126727638634,-0.00898328338915591,8,1,1.0,18.0,0.48368055555555556,0.30833333333333335,0.2768,896,2921,0.1,0.15,15
30,15,false,,0.1082684814107057,0.16010105475156108,0.07429690661196127,18,25,2.0,29.0,0.6867512332628611,0.23009161381254403,0.2824,896,2921,0.1,0.15,15
40,20,true,,0.11631812231596708,0.33416187166901123,0.21778527203249443,32,36,3.0,39.0,0.8000733675715334,0.09317681584739546,0.2522,896,2921,0.1,0.15,15
20,10,false,,0.08991538408727545,0.19377168895766358,0.1157857827496085,15,17,2.0,19.0,0.6823051348356114,0.5958625785001848,0.2726,897,2922,0.1,0.15,15
30,15,false,,0.07828117278634682,0.616803621811609,0.518875049346879,26,26,16.0,29.0,0.9834123222748815,0.05023696682464455,0.194,897,2922,0.1,0.15,15
40,20,false,,0.12264901804004504,0.12353996589501888,0.0010895033787038724,16,4,1.0,38.0,0.501498127340824,0.15393258426966291,0.2922,897,2922,0.1,0.15,15
50,25,true,,0.11927643025791354,0.24266773735783242,0.14482993218399673,38,46,2.0,49.0,0.7755581668625147,0.08225616921269095,0.2608,897,2922,0.1,0.15,15
20,10,false,,0.14595036170319559,0.26022044534859434,0.13155418190249435,15,16,2.0,19.0,0.7062386432465173,0.6783767413688674,0.318,898,2923,0.1,0.15,15
30,15,false,,0.15218901925793007,0.1694541622977854,0.032220489981611686,18,24,3.0,28.0,0.5706821480406387,0.20725689404934688,0.2884,898,2923,0.1,0.15,15
40,20,false,,0.15894206915104844,0.19268791852713676,0.050615647313527745,29,35,2.0,39.0,0.6340236686390532,0.09526627218934912,0.2388,898,2923,0.1,0.15,15
50,25,false,,0.16074231619848986,0.5680298266960725,0.4145776188670074,46,46,26.0,49.0,0.8418187640089657,0.002561639449247518,0.203,898,2923,0.1,0.15,15
60,30,false,,0.16176725086063865,0.1800308079013266,0.0429203636394003,45,56,2.0,59.0,0.6872894333843798,0.15068912710566615,0.1836,898,2923,0.1,0.15,15
20,10,false,,0.09650104611412733,0.7146378818752464,0.6117440541985263,16,16,5.0,19.0,0.9662802950474183,0.7987355110642782,0.2848,899,2924,0.1,0.15,15
30,15,true,,0.11077728922145333,0.5043427167233181,0.3905421346248667,24,26,3.0,29.0,0.8509789702683104,0.12835387962291517,0.282,899,2924,0.1,0.15,15
20,10,false,,0.19046483753477528,0.15289625720164288,-0.0337463669656031,6,1,1.0,18.0,0.4459240012991231,0.2585254952906788,0.2796,900,2925,0.1,0.15,15
30,15,false,,0.14080626252952305,0.5130885760336054,0.38770948262435534,25,26,2.0,29.0,0.7094133697135061,0.07264665757162346,0.249,900,2925,0.1,0.15,15
40,20,false,,0.13813921567386256,0.14473633208101774,0.005734947663498302,32,36,6.0,39.0,0.5261006289308177,0.04119496855345912,0.25,900,2925,0.1,0.15,15
50,25,true,,0.1424848589718443,0.20178287443194776,0.0845983478970575,41,44,3.0,49.0,0.7006389776357828,0.06613418530351438,0.2352,900,2925,0.1,0.15,15
20,10,false,,0.1489445275366552,0.23036574958622988,0.09515107635659598,15,17,3.0,19.0,0.6215716486902928,0.6338983050847458,0.3172,901,2926,0.1,0.15,15
30,15,false,,0.24745973304865793,0.12062961104576302,-0.139321070171916,5,2,1.0,27.0,0.24454003970880211,0.157180675049636,0.253,901,2926,0.1,0.15,15
40,20,false,,0.30039441941270256,0.12705630725837563,-0.17307057023527506,5,1,1.0,25.0,0.13208805870580387,0.07838559039359573,0.2226,901,2926,0.1,0.15,15
50,25,false,,0.1534980670928987,0.14213426969232673,-0.014047337071692367,12,8,1.0,41.0,0.45701357466063347,0.12428355957767723,0.2286,901,2926,0.1,0.15,15
60,30,true,,0.14423791690386342,0.19681621225879947,0.0520103117242028,51,54,28.0,59.0,0.7261306532663316,0.0,0.1918,901,2926,0.1,0.15,15
20,10,false,,0.1380548513631102,0.16947346472522554,0.03899474952582492,11,16,1.0,19.0,0.6112272320095551,0.4296805016422813,0.3084,902,2927,0.1,0.15,15
30,15,false,,0.1389755204753073,0.14825567924384098,0.011543561890834941,14,26,1.0,29.0,0.5482005141388174,0.12853470437017994,0.287,902,2927,0.1,0.15,15
40,20,false,,0.13223400346549907,0.20006523396673243,0.07812853455212027,33,35,15.0,39.0,0.664306404892179,0.059221113614419056,0.267,902,2927,0.1,0.15,15
50,25,false,,0.13654680332672856,0.17821870293044045,0.05149128957704771,39,46,6.0,49.0,0.6590038314176245,0.10217113665389528,0.232,902,2927,0.1,0.15,15
60,30,true,,0.14009039179393173,0.23387618136749921,0.10557761104251062,52,55,25.0,59.0,0.7607482769937643,0.0,0.1982,902,2927,0.1,0.15,15
20,10,false,,0.1671309188503171,0.07485300150456237,-0.11155104554852158,7,3,1.0,18.0,0.24983119513841998,0.23700202565833897,0.2662,903,2928,0.1,0.15,15
30,15,false,,0.12512125871054042,0.15513058644863856,0.0610195389487405,20,1,1.0,29.0,0.5769230769230769,0.08653846153846154,0.2456,903,2928,0.1,0.15,15
40,20,false,,0.16169277017847888,0.101592251942062,-0.07324281548571654,8,3,1.0,34.0,0.2677716390423573,0.15027624309392265,0.2704,903,2928,0.1,0.15,15
50,25,false,,0.13780737004677845,0.11324591634167981,-0.024833545401940035,14,6,2.0,47.0,0.40131578947368424,0.22843567251461988,0.259,903,2928,0.1,0.15,15
60,30,true,,0.12120518746735016,0.27738707687238906,0.14638584903881363,53,54,39.0,58.0,0.733358547655068,0.0,0.2202,903,2928,0.1,0.15,15
20,10,true,,0.1431734681742036,0.27437352131689613,0.15363077789646085,13,16,2.0,19.0,0.7610890180483328,0.5344141939431019,0.2988,904,2929,0.1,0.15,15
20,10,true,,0.10045235743007569,0.2381559192311682,0.15273737207999022,13,16,2.0,19.0,0.7281901041666666,0.5911458333333334,0.3226,905,2930,0.1,0.15,15
20,10,false,,0.11246926939277735,0.18765300443760266,0.09283699592964148,14,16,1.0,19.0,0.6618181818181819,0.5636363636363636,0.296,906,2931,0.1,0.15,15
30,15,false,,0.13590798871684195,0.16126008853973392,0.054220473990707854,11,6,2.0,28.0,0.6251939187092771,0.1492398386596339,0.2842,906,2931,0.1,0.15,15
40,20,true,,0.1364118281902707,0.2495569827438401,0.12633254136339833,33,36,4.0,39.0,0.7716510903426791,0.04454828660436137,0.2518,906,2931,0.1,0.15,15
20,10,false,,0.11061960424005977,0.14973526086224548,0.05429095464595901,11,17,1.0,19.0,0.6306457009033122,0.41920374707259955,0.3008,907,2932,0.1,0.15,15
30,15,false,,0.12802464824786136,0.17249026851612836,0.07126848456725204,18,1,1.0,29.0,0.5946343256155825,0.1447997059904447,0.2696,907,2932,0.1,0.15,15
40,20,false,,0.38639768641330086,0.10958747469190347,-0.2971820268480557,4,1,1.0,22.0,0.18080888183980967,0.0753370340999207,0.2074,907,2932,0.1,0.15,15
50,25,true,,0.12548544294196912,0.22886071622154244,0.11818866305145803,42,46,2.0,49.0,0.7312180889861415,0.055433989788475566,0.245,907,2932,0.1,0.15,15
20,10,false,,0.144765078630586,0.2315686323119732,0.10810049768101432,15,16,1.0,19.0,0.6371401455235685,0.6254349889275546,0.2962,908,2933,0.1,0.15,15
30,15,false,,0.6999538274085781,0.10408861032949812,-0.5977545843919254,2,1,1.0,14.0,0.07591933570581258,0.06445235270858046,0.191,908,2933,0.1,0.15,15
40,20,false,,0.12752702708031977,0.4609616804069129,0.3308517758773475,35,35,3.0,39.0,0.8212153143659993,0.0273972602739726,0.2392,908,2933,0.1,0.15,15
50,25,false,,0.14488285539695764,0.1449295743772689,-0.0028744790428840497,37,1,1.0,49.0,0.4972470750172058,0.05333792154163799,0.2166,908,2933,0.1,0.15,15
60,30,false,,0.15124428678762586,0.14645649369744004,-0.0016403816285910922,18,2,1.0,57.0,0.49500384319754037,0.05226748654880861,0.1444,908,2933,0.1,0.15,15
20,10,false,,0.10812207919048115,0.13813540089000476,0.03703251907444019,12,16,1.0,19.0,0.5964673913043478,0.499320652173913,0.2988,909,2934,0.1,0.15,15
30,15,false,,0.10899391482398779,0.532699979264874,0.42324148198214695,25,27,2.0,29.0,0.9464613127979464,0.08617528419508617,0.2738,909,2934,0.1,0.15,15
40,20,false,,0.13260842053311242,0.1376686622655232,0.010374665189241822,15,3,2.0,38.0,0.5282763291567897,0.19911953945140534,0.2774,909,2934,0.1,0.15,15
50,25,false,,0.12930680329350036,0.17525505295312452,0.052545680694158256,42,45,19.0,49.0,0.6493197278911564,0.022789115646258504,0.228,909,2934,0.1,0.15,15
60,30,true,,0.1306703712680337,0.19806584120547463,0.0894851946355551,37,53,3.0,58.0,0.7919371370003416,0.06867099419200547,0.2246,909,2934,0.1,0.15,15
20,10,false,,0.1155717146117165,0.5175672725882526,0.4085270032462684,16,16,3.0,19.0,0.8137188971082717,0.7481506388702085,0.2884,910,2935,0.1,0.15,15
30,15,false,,0.19009649952270133,0.10097264139684066,-0.09709712933177463,5,3,1.0,24.0,0.24644381223328593,0.10170697012802275,0.2826,910,2935,0.1,0.15,15
40,20,false,,0.16591289787865401,0.11758598612696013,-0.0644672600331752,9,1,1.0,38.0,0.3768230193141506,0.049270792274339774,0.2274,910,2935,0.1,0.15,15
50,25,false,,0.13998152744153067,0.1337879429136733,0.0028196459924961365,10,2,1.0,47.0,0.5063649222065064,0.10113154172560113,0.2352,910,2935,0.1,0.15,15
60,30,false,,0.13828896196469856,0.1329111928490018,-0.002953484040928628,19,4,1.0,58.0,0.4898107714701601,0.07714701601164484,0.1986,910,2935,0.1,0.15,15
20,10,false,,0.14706100026212704,0.4493688939791724,0.30341193906653613,15,16,1.0,19.0,0.7413846631480907,0.6476249611921764,0.2988,911,2936,0.1,0.15,15
30,15,false,,0.142174151411333,0.16040944300587312,0.025404997931919665,20,26,2.0,29.0,0.5433489827856025,0.18466353677621283,0.2666,911,2936,0.1,0.15,15
40,20,true,,0.13605590053894764,0.4938288468068487,0.36346896315221466,34,35,3.0,39.0,0.7995860641600552,0.031045187995860642,0.23,911,2936,0.1,0.15,15
20,10,false,,0.11206797134839543,0.21113781572696053,0.10493373836218275,15,18,2.0,19.0,0.6904370686822215,0.6056523167926389,0.3038,912,2937,0.1,0.15,15
30,15,false,,0.15746118723212704,0.09188850703691807,-0.08923068961159111,8,3,1.0,28.0,0.31536697247706424,0.16934250764525993,0.2716,912,2937,0.1,0.15,15
40,20,false,,0.29351984192219,0.10083137533122911,-0.19244233449650036,4,2,1.0,17.0,0.21893744644387317,0.11053984575835475,0.2224,912,2937,0.1,0.15,15
50,25,false,,0.11881694958053837,0.15902355135733884,0.06583380439740877,20,17,3.0,48.0,0.6965245431744894,0.2096022930849158,0.2708,912,2937,0.1,0.15,15
60,30,true,,0.1251177974246978,0.4984299040476122,0.3753444560849724,54,55,42.0,59.0,0.9565052950075643,0.0,0.2158,912,2937,0.1,0.15,15
20,10,false,,0.1421977532243346,0.11794582988979946,-0.023757488619302755,9,4,1.0,19.0,0.4699074074074074,0.3687169312169312,0.2866,913,2938,0.1,0.15,15
30,15,false,,0.11052685956933968,0.16931057389407342,0.0791632335147759,21,26,3.0,29.0,0.6672707502718376,0.1866618339978253,0.2804,913,2938,0.1,0.15,15
40,20,true,,0.12059439466326059,0.29606057967153765,0.19908313600783034,30,34,2.0,39.0,0.8185552892844916,0.07086614173228346,0.2666,913,2938,0.1,0.15,15
20,10,false,,0.14703141408676357,0.37244129837756285,0.24234101675492253,15,16,1.0,19.0,0.7517822423849644,0.5641607258587168,0.3062,914,2939,0.1,0.15,15
30,15,false,,0.14115438004256137,0.16216518238474176,0.0385180303716431,20,27,2.0,29.0,0.5681818181818182,0.1851965601965602,0.2762,914,2939,0.1,0.15,15
40,20,false,,0.13564689629737683,0.21899102667418752,0.10830048198806291,32,35,4.0,39.0,0.6647116324535679,0.061909416748126424,0.2406,914,2939,0.1,0.15,15
50,25,true,,0.13932667904289794,0.2985257934766418,0.16996926537672266,44,46,11.0,49.0,0.7907276239536382,0.04410817772054089,0.212,914,2939,0.1,0.15,15
20,10,false,,0.08213320574412782,0.16067834217516508,0.0854122181562969,14,17,1.0,19.0,0.6698741672834937,0.6169504071058475,0.2592,915,2940,0.1,0.15,15
30,15,true,,0.1019461865316606,0.27073754505049236,0.1799101007165054,21,27,2.0,29.0,0.718961625282167,0.21030850263355907,0.2814,915,2940,0.1,0.15,15
20,10,false,,0.11748890431184252,0.1684607194767983,0.055295015295797806,14,17,1.0,19.0,0.5910013531799729,0.5223274695534507,0.2952,916,2941,0.1,0.15,15
30,15,true,,0.097351531784619,0.44228992991698013,0.3387256220788352,24,26,5.0,29.0,0.9130943102104443,0.10795011691348402,0.286,916,2941,0.1,0.15,15
20,10,true,,0.10333261875854842,0.2518629680058379,0.1634842341541646,14,15,2.0,19.0,0.806151874399231,0.6382569689202179,0.3146,917,2942,0.1,0.15,15
20,10,false,,0.15158103757122093,0.3356757280997874,0.19852138518310566,15,17,1.0,19.0,0.7197909862834748,0.5218811234487263,0.2624,918,2943,0.1,0.15,15
30,15,false,,0.13974563651544622,0.20167877187686062,0.08731329673534732,22,26,2.0,29.0,0.6678244395326808,0.11240922008209663,0.295,918,2943,0.1,0.15,15
40,20,false,,0.14400333324019501,0.19261576569199584,0.08895330353722998,23,36,1.0,39.0,0.6758534293767616,0.13529595991230817,0.253,918,2943,0.1,0.15,15
50,25,false,,0.16185159948307193,0.14749628361406716,-0.016069928473887413,9,5,1.0,46.0,0.450046685340803,0.14441332088390912,0.2206,918,2943,0.1,0.15,15
60,30,true,,0.14856842517430827,0.2296374256271908,0.07708712867199835,53,53,34.05,59.0,0.7077739619107087,0.0,0.1992,918,2943,0.1,0.15,15
20,10,false,,0.07795604606846676,0.2176860624990904,0.15009965861185726,14,16,1.0,19.0,0.6538931920097839,0.5254790052996331,0.2194,919,2944,0.1,0.15,15
30,15,false,,0.08174734184473322,0.08433475078177485,0.002316154205803927,15,2,1.0,28.0,0.5066666666666667,0.24615384615384617,0.1174,919,2944,0.1,0.15,15
40,20,false,,0.05880407352290639,0.12588228052890127,0.061654560905759936,28,30,10.0,37.0,0.6597593582887701,0.0748663101604278,0.0618,919,2944,0.1,0.15,15
50,25,true,,0.05376551932974579,0.07975865222492111,0.038010622459720325,31,34,25.0,35.0,0.7980561555075594,0.0,0.026,919,2944,0.1,0.15,15
20,10,false,,0.12652976187544943,0.2012190992775747,0.08132700110863897,14,16,1.0,19.0,0.6488188976377953,0.567244094488189,0.3152,920,2945,0.1,0.15,15
30,15,false,,0.161672612473677,0.14641786978035337,-0.014748357716087152,7,3,1.0,29.0,0.45629820051413883,0.09479434447300772,0.2874,920,2945,0.1,0.15,15
40,20,false,,0.14870653455090252,0.13519880061752226,-0.015977943736710215,14,1,1.0,34.0,0.43556701030927836,0.2496778350515464,0.264,920,2945,0.1,0.15,15
50,25,false,,0.14025404988185264,0.35814576579745894,0.21647170123912152,43,46,3.0,49.0,0.6964520367936925,0.06110381077529566,0.228,920,2945,0.1,0.15,15
60,30,false,,0.14218462847812957,0.16081002556482893,0.026172542599853577,51,56,10.0,59.0,0.6087095741274415,0.06628242074927954,0.1966,920,2945,0.1,0.15,15
20,10,false,,0.0950934802612954,0.14409703567568816,0.06241556663658586,11,1,1.0,19.0,0.6032357473035439,0.412557781201849,0.2642,921,2946,0.1,0.15,15
30,15,true,,0.10204414179744238,0.26653401335353205,0.17490755660874274,23,26,5.0,29.0,0.7671641791044777,0.13582089552238805,0.308,921,2946,0.1,0.15,15
20,10,false,,0.1423291897729111,0.11892684250407974,-0.037588502836112536,7,1,1.0,18.0,0.44783247612049965,0.31227038941954444,0.2602,922,2947,0.1,0.15,15
30,15,true,,0.11104970958434399,0.19107515780071113,0.10257241972064296,21,26,1.0,29.0,0.7119205298013245,0.13134657836644592,0.2864,922,2947,0.1,0.15,15
20,10,false,,0.15983157519508137,0.13305220277314928,-0.031938236782582924,8,1,1.0,19.0,0.4499514091350826,0.3556851311953353,0.3,923,2948,0.1,0.15,15
30,15,false,,0.29435588987874944,0.11001280584171932,-0.19403190169597512,4,2,1.0,28.0,0.32034322488380407,0.10833035395066143,0.205,923,2948,0.1,0.15,15
40,20,true,,0.1333478889562549,0.3866526658657831,0.25486653475648824,34,36,24.0,39.0,0.8490566037735849,0.0009930486593843098,0.2568,923,2948,0.1,0.15,15
20,10,false,,0.1231958846371816,0.2875727394112966,0.17818317083751434,15,16,2.0,19.0,0.7113076437144662,0.6238155401137081,0.316,924,2949,0.1,0.15,15
30,15,false,,0.13534716906753916,0.17509128384846434,0.04689456956091133,22,27,1.0,29.0,0.5938337801608579,0.10857908847184987,0.2504,924,2949,0.1,0.15,15
40,20,false,,0.15917121706764142,0.1320594099513669,-0.04796811202900697,12,1,1.0,39.0,0.4138918725384891,0.12137486573576799,0.2262,924,2949,0.1,0.15,15
50,25,true,,0.13671019975750368,0.3121026305615196,0.18570703109981418,44,46,8.0,49.0,0.7564489112227806,0.09949748743718594,0.2122,924,2949,0.1,0.15,15
20,10,false,,0.13565477321031075,0.1536763571152552,0.03218309069549789,13,16,1.0,19.0,0.5509001636661212,0.5230769230769231,0.2856,925,2950,0.1,0.15,15
30,15,false,,0.3185391899403987,0.09620131812052729,-0.23067006008179108,3,1,1.0,25.0,0.1410105757931845,0.06854680767724246,0.2048,925,2950,0.1,0.15,15
40,20,false,,0.14005670362659683,0.13366381857393778,-0.0077018515113018715,16,3,1.0,39.0,0.48056042031523644,0.10087565674255691,0.2438,925,2950,0.1,0.15,15
50,25,false,,0.12834906912137248,0.1629114889214679,0.034876317182716374,35,46,6.0,48.0,0.6284584980237155,0.031291172595520424,0.2506,925,2950,0.1,0.15,15
60,30,true,,0.13466667617052866,0.3851037296535674,0.2529364203236934,54,55,43.0,59.0,0.8491639985770189,0.0,0.163,925,2950,0.1,0.15,15
20,10,false,,0.10208154230854068,0.13555897855403795,0.036280840954648896,14,16,1.0,19.0,0.5819306080384747,0.5822741326004809,0.2944,926,2951,0.1,0.15,15
30,15,true,,0.10992022537052229,0.26028792167630593,0.15307237879760355,23,27,3.0,29.0,0.7009345794392523,0.09981308411214954,0.2854,926,2951,0.1,0.15,15
20,10,false,,0.10177592993488588,0.3907886296875195,0.2835485456270873,15,17,2.0,19.0,0.8193612774451098,0.699268130405855,0.3006,927,2952,0.1,0.15,15
30,15,true,,0.11950583208717261,0.22821474791571242,0.11615663895948718,20,25,4.0,29.0,0.7411960132890365,0.22524916943521595,0.3018,927,2952,0.1,0.15,15
20,10,false,,0.15464495000545403,0.1529906626405883,-0.0024594049668109214,11,16,1.0,19.0,0.4952621604548326,0.4399873657612129,0.267,928,2953,0.1,0.15,15
30,15,false,,0.1376846059526797,0.16699621855902197,0.04014592706971344,20,25,3.0,29.0,0.6054004295796257,0.1890150352868978,0.2766,928,2953,0.1,0.15,15
40,20,false,,0.14447102439889822,0.3043178964318772,0.17523819187822043,34,35,1.0,39.0,0.6292173913043478,0.019478260869565216,0.2242,928,2953,0.1,0.15,15
50,25,false,,0.13733322814428675,0.18395284082984203,0.0601161792755605,37,47,3.0,49.0,0.6585609593604264,0.04497001998667555,0.2226,928,2953,0.1,0.15,15
60,30,true,,0.14180944948899663,0.31938647718813573,0.18191376744501872,54,56,5.0,59.0,0.8002031832035218,0.022688791059939047,0.2018,928,2953,0.1,0.15,15
20,10,false,,0.1477082388851408,0.13775641870153707,-0.005627964928303114,10,5,1.0,19.0,0.4815370759531672,0.3899729810867607,0.3228,929,2954,0.1,0.15,15
30,15,false,,0.2969120719239533,0.10911963808397335,-0.18922804863820925,4,2,1.0,27.699999999999818,0.13653646733494643,0.05392326304873833,0.2566,929,2954,0.1,0.15,15
40,20,false,,0.1410707007648728,0.11672878073951777,-0.031819002005360704,12,6,1.0,38.0,0.3885480572597137,0.18064076346284935,0.2638,929,2954,0.1,0.15,15
50,25,false,,0.12776153238829793,0.1265647554376101,-0.0024545479039300017,29,4,1.0,48.0,0.48626174981923354,0.07483731019522777,0.227,929,2954,0.1,0.15,15
60,30,true,,0.12959350785516227,0.19935811159154979,0.08311032964098246,49,58,5.0,59.0,0.7348871085214858,0.014202476329206118,0.1732,929,2954,0.1,0.15,15
20,10,true,,0.12065518517861265,0.3236337088046125,0.2197987655489625,14,17,1.0,19.0,0.8228571428571428,0.5726984126984127,0.3086,930,2955,0.1,0.15,15
20,10,false,,0.3500671593728639,0.12005474657489365,-0.23259864544789283,4,2,1.0,18.0,0.23324905183312264,0.18552465233881163,0.2782,931,2956,0.1,0.15,15
30,15,false,,0.20532214455900066,0.12996198078264629,-0.09732482943010815,8,1,1.0,28.0,0.31241997439180536,0.11619718309859155,0.2516,931,2956,0.1,0.15,15
40,20,false,,0.15307773834958677,0.15020476327525847,-0.004311711513198591,12,3,1.0,38.0,0.4815503875968992,0.16434108527131783,0.2552,931,2956,0.1,0.15,15
50,25,false,,0.14971942559883242,0.1968558683269579,0.05337181368526925,42,46,19.0,49.0,0.670499243570348,0.016338880484114977,0.2208,931,2956,0.1,0.15,15
60,30,false,,0.1508903736988861,0.18259153750916585,0.048180142181901975,40,53,2.0,58.0,0.6938838869916175,0.08009934802856256,0.203,931,2956,0.1,0.15,15
20,10,false,,0.09681022902526132,0.19635034972265503,0.1013538576696732,14,15,1.0,19.0,0.6399843811011323,0.5614994142912925,0.2412,932,2957,0.1,0.15,15
30,15,false,,0.11174485195122633,0.5718373284022027,0.4393796962747307,25,26,2.0,29.0,0.7540796963946869,0.11309297912713473,0.2668,932,2957,0.1,0.15,15
40,20,false,,0.1220328960693917,0.14045732376872355,0.030687277262057167,23,36,2.0,38.0,0.5800895625215294,0.12676541508784017,0.2754,932,2957,0.1,0.15,15
50,25,false,,0.1346763019968031,0.12955874092062694,-0.003071134488541266,13,5,1.0,47.0,0.4846560846560847,0.12804232804232804,0.249,932,2957,0.1,0.15,15
60,30,false,,0.1933572810907542,0.12935579521928053,-0.07070550390767402,7,1,1.0,38.0,0.36254681647940074,0.14194756554307117,0.1718,932,2957,0.1,0.15,15
20,10,false,,0.13495789650829298,0.23155927439472268,0.1197740616461368,15,18,1.0,19.0,0.6768253968253968,0.5780952380952381,0.2924,933,2958,0.1,0.15,15
30,15,false,,0.2970220291744558,0.12150279909463581,-0.18866113343239774,4,1,1.0,27.0,0.2814645308924485,0.11594202898550725,0.2142,933,2958,0.1,0.15,15
40,20,false,,0.1489061872082235,0.17990342701685347,0.05558461354748477,26,36,2.0,39.0,0.647922524211184,0.07841299593876913,0.2356,933,2958,0.1,0.15,15
50,25,true,,0.1542341592622693,0.19762198092415795,0.10043732882937514,39,45,2.0,49.0,0.7154370737755734,0.1162430254184749,0.2162,933,2958,0.1,0.15,15
20,10,false,,0.1139140514370942,0.12341379132247539,0.008807322835681725,8,1,1.0,18.425000000000182,0.5227581521739131,0.32370923913043476,0.2896,934,2959,0.1,0.15,15
30,15,true,,0.12112555750229753,0.24056885181620083,0.13746433911644185,22,26,2.0,29.0,0.7753406447324692,0.19574609504818877,0.2826,934,2959,0.1,0.15,15
20,10,false,,0.1415688840645526,0.1381729807963517,-0.009305805898613406,12,16,1.0,19.0,0.47647427854454205,0.45200752823086576,0.3048,935,2960,0.1,0.15,15
30,15,false,,0.14945956844668604,0.12245727362561792,-0.04479033992926246,10,2,1.0,29.0,0.41290770298403884,0.10201249132546843,0.2468,935,2960,0.1,0.15,15
40,20,false,,0.14695697516085274,0.1362562960499979,-0.014324083245069175,11,3,1.0,39.0,0.45403899721448465,0.12569637883008355,0.2402,935,2960,0.1,0.15,15
50,25,true,,0.14020160039958737,0.24260775978021218,0.10594479225692705,42,45,17.0,49.0,0.7702448210922788,0.03044569993722536,0.2338,935,2960,0.1,0.15,15
20,10,true,,0.07317416575259553,0.40042316716999715,0.31603247092119596,14,15,4.0,19.0,0.7823332090942974,0.6775997018263138,0.281,936,2961,0.1,0.15,15
20,10,false,,0.07857412475475307,0.15423850496799266,0.08577249737958403,13,15,1.0,19.0,0.6566008517228029,0.5203252032520326,0.2356,937,2962,0.1,0.15,15
30,15,false,,0.0716931233213586,0.16955973379688427,0.11361690680407269,24,26,1.0,29.0,0.6775039328788673,0.1221814368117462,0.1062,937,2962,0.1,0.15,15
40,20,false,,0.06598478887609767,0.5111191486101231,0.44321325700919506,35,37,30.0,39.0,1.0,0.0,0.0646,937,2962,0.1,0.15,15
50,25,true,,0.06887867654957347,0.13182953791026403,0.05809847681217178,41,41,27.0,49.0,0.7642330877427997,0.0,0.0334,937,2962,0.1,0.15,15
20,10,false,,0.16104911827257917,0.18513059806508078,0.04141530651600586,12,16,1.0,19.0,0.5598328857057595,0.4709042076991943,0.3002,938,2963,0.1,0.15,15
30,15,false,,0.14953955312412767,0.19696213319209394,0.06035519897101871,23,27,1.0,29.0,0.6452016255079712,0.0631447327289778,0.261,938,2963,0.1,0.15,15
40,20,true,,0.14707222461115532,0.2084817757173436,0.0705983453985273,30,34,5.0,39.0,0.7053009883198562,0.0883498053309374,0.2562,938,2963,0.1,0.15,15
20,10,true,,0.07586565961046582,0.16353006644553456,0.09439124004908717,12,17,2.0,19.0,0.7300145348837209,0.4887354651162791,0.3056,939,2964,0.1,0.15,15
20,10,false,,0.08404701686749433,0.15601408812387024,0.0788422684757066,12,13,2.0,19.0,0.6909340659340659,0.47493131868131866,0.3034,940,2965,0.1,0.15,15
30,15,false,,0.09244282196701994,0.11106742906755715,0.0294650726648977,14,11,2.0,28.0,0.5852386682711592,0.26674689129562773,0.2472,940,2965,0.1,0.15,15
40,20,true,,0.10578522688538736,0.33190807371842496,0.2235339698967225,30,35,6.0,39.0,0.8180153789820579,0.04137678506041743,0.2946,940,2965,0.1,0.15,15
20,10,false,,0.0920513211763342,0.11009089003364164,0.022417922672336305,10,14,1.0,19.0,0.5827949676980619,0.38252295137708264,0.2968,941,2966,0.1,0.15,15
30,15,false,,0.13299126797674723,0.09206259307782581,-0.05492411361967505,7,2,1.0,28.0,0.33202202989771834,0.12706530291109364,0.2804,941,2966,0.1,0.15,15
40,20,false,,0.14401046465326903,0.11263577286864279,-0.0348111539143698,7,4,1.0,36.0,0.4088651127244937,0.1673672143675965,0.2514,941,2966,0.1,0.15,15
50,25,true,,0.12343862467146254,0.2514697811052884,0.1595467105335622,40,45,1.0,49.0,0.7178390983287991,0.10376991838321026,0.23,941,2966,0.1,0.15,15
20,10,true,,0.11036998790691013,0.37364610417508437,0.27454067860883025,14,17,2.0,19.0,0.8222519211493485,0.5973939191446709,0.28,942,2967,0.1,0.15,15
20,10,false,,0.09994346392237316,0.5809697850854099,0.4778195531151107,15,16,3.0,19.0,0.8622115053393041,0.6538064071650017,0.29,943,2968,0.1,0.15,15
30,15,false,,0.118868332156104,0.14692463774226003,0.04523517150858937,16,2,1.0,29.0,0.6215032018874284,0.18099089989888775,0.285,943,2968,0.1,0.15,15
40,20,false,,0.18340480371529438,0.12017337138326956,-0.07442751320699612,7,3,1.0,24.0,0.2869015957446808,0.15093085106382978,0.252,943,2968,0.1,0.15,15
50,25,true,,0.1297932047975511,0.5597726438545765,0.4213054067441232,44,45,26.0,49.0,0.9020655270655271,0.0,0.2264,943,2968,0.1,0.15,15
20,10,false,,0.09402371847897387,0.12090434752633238,0.031741471905850145,11,17,1.0,19.0,0.5589762611275965,0.45919881305637983,0.2972,944,2969,0.1,0.15,15
30,15,true,,0.10199407529846727,0.2429474351549477,0.1497375454233954,22,26,2.0,29.0,0.7807971014492754,0.1934782608695652,0.316,944,2969,0.1,0.15,15
20,10,false,,0.1328182784034213,0.1324932080537031,0.006618444601274184,7,1,1.0,18.625,0.5042016806722689,0.3126750700280112,0.2772,945,2970,0.1,0.15,15
30,15,true,,0.13817633987447356,0.20286349426522837,0.08768126141336292,14,5,2.0,28.0,0.744566835367669,0.2259601071747544,0.3024,945,2970,0.1,0.15,15
20,10,false,,0.08677507366853864,0.15445006804351505,0.06785119986757036,13,15,2.0,19.0,0.6957917261055635,0.5731098430813124,0.2836,946,2971,0.1,0.15,15
30,15,true,,0.11624252345372431,0.3174010163357928,0.20446221790735875,23,25,5.174999999999997,29.0,0.7617728531855956,0.12707756232686981,0.2962,946,2971,0.1,0.15,15
20,10,false,,0.07012750358558911,0.27095844580834044,0.19294681307624023,15,16,2.0,19.0,0.8105263157894737,0.6761133603238867,0.2494,947,2972,0.1,0.15,15
30,15,false,,0.1459744604119482,0.10291111548705953,-0.054412017304018095,9,1,1.0,27.0,0.37075219549446353,0.22107674684994272,0.284,947,2972,0.1,0.15,15
40,20,false,,0.12003400535646078,0.13783205737446025,0.03070351814071316,16,4,2.0,38.0,0.5743473325766175,0.1782065834279228,0.259,947,2972,0.1,0.15,15
50,25,true,,0.11978329121357123,0.18946343445626482,0.09541327439667888,28,46,2.0,49.0,0.7105161039968956,0.15289095847885137,0.2412,947,2972,0.1,0.15,15
20,10,false,,0.13301570753746397,0.15325165444939065,0.034943662933407976,13,16,2.0,19.0,0.5755223880597015,0.5080597014925373,0.3212,948,2973,0.1,0.15,15
30,15,true,,0.12792735242787923,0.1898597237604197,0.09242946139937584,19,27,2.0,29.0,0.715670436187399,0.20484652665589662,0.3012,948,2973,0.1,0.15,15
20,10,false,,0.21106012368343938,0.08903330898438208,-0.13045324972539923,4,1,1.0,19.0,0.317743132887899,0.24090571640683,0.2402,949,2974,0.1,0.15,15
30,15,false,,0.10203138721941603,0.4892560460559826,0.3891128946989669,26,27,9.0,29.0,0.8595209094600081,0.07226958993097848,0.2516,949,2974,0.1,0.15,15
40,20,false,,0.14332084407549098,0.10729737533754331,-0.045516464024711156,8,4,1.0,35.0,0.38593809705769966,0.20481467329002676,0.2656,949,2974,0.1,0.15,15
50,25,true,,0.11656962051074521,0.16549660259410776,0.06137513268398559,34,43,3.0,48.0,0.7088652482269504,0.13617021276595745,0.2702,949,2974,0.1,0.15,15
20,10,true,,0.11213077076923705,0.36357120540359494,0.26763795749482544,13,18,1.0,19.0,0.7558794302749254,0.5303080490228552,0.3018,950,2975,0.1,0.15,15
20,10,false,,0.11551542194876542,0.28073973275360004,0.17633122523437816,15,17,2.0,19.0,0.7265954000647878,0.624230644638808,0.3122,951,2976,0.1,0.15,15
30,15,false,,0.1253241314250146,0.5192217567414639,0.3939765347077106,25,25,9.0,29.0,0.8797814207650273,0.08128415300546447,0.2716,951,2976,0.1,0.15,15
40,20,false,,0.14611689932442665,0.14935851245341875,0.0136454980154892,14,4,1.0,39.0,0.5436708860759494,0.15981012658227847,0.2564,951,2976,0.1,0.15,15
50,25,false,,0.14959209926756695,0.14804735360953983,0.0022325937722602884,8,5,1.0,48.0,0.5069215557020436,0.17369808833223468,0.2246,951,2976,0.1,0.15,15
60,30,false,,0.14810091129947542,0.4879375730964538,0.3388989714797481,55,56,43.0,59.0,0.8608981380065718,0.0,0.1408,951,2976,0.1,0.15,15
20,10,true,,0.12551893756939553,0.22801630522880637,0.12220358853120283,14,16,2.0,19.0,0.7116410417320364,0.587700031377471,0.3088,952,2977,0.1,0.15,15
20,10,false,,0.10638562776486396,0.38162312293989703,0.2817923125902503,15,16,1.0,19.0,0.6547528517110266,0.529277566539924,0.252,953,2978,0.1,0.15,15
30,15,true,,0.10841649798239601,0.3141126890947507,0.22430786161924282,23,25,2.0,29.0,0.8033849477853799,0.11883327331652863,0.2718,953,2978,0.1,0.15,15
20,10,false,,0.1518621456860591,0.10595914896098595,-0.06144264591624171,4,1,1.0,19.0,0.44809191629052114,0.2691834222404596,0.2396,954,2979,0.1,0.15,15
30,15,false,,0.16179735624007346,0.09568189600066891,-0.08013999925593818,5,1,1.0,28.0,0.31125049000392,0.13837710701685613,0.2242,954,2979,0.1,0.15,15
40,20,true,,0.10569777307804,0.1812551984981867,0.08565496566804601,29,37,4.0,39.0,0.7044823482744943,0.13129710432368108,0.2944,954,2979,0.1,0.15,15
20,10,false,,0.14250301477134028,0.16281205702829912,0.02546750927497833,11,15,1.0,19.0,0.5524599881446355,0.4181979845880261,0.3454,955,2980,0.1,0.15,15
30,15,true,,0.13804392939797458,0.2628319100468026,0.14629925547781536,23,26,3.0,29.0,0.7340425531914894,0.10972644376899696,0.2842,955,2980,0.1,0.15,15
20,10,true,,0.08936587586904032,0.23165510810917975,0.1500161987341434,14,16,2.0,19.0,0.7369911504424779,0.5971681415929203,0.2946,956,2981,0.1,0.15,15
20,10,false,,0.11254501414940246,0.14545135603631873,0.05100122407843033,11,15,1.0,19.0,0.6121449559255632,0.44694743715311785,0.3062,957,2982,0.1,0.15,15
30,15,false,,0.11350734007544493,0.15672831530066433,0.06892507930992062,13,4,1.0,28.0,0.6852536110178031,0.2324487739334901,0.2946,957,2982,0.1,0.15,15
40,20,false,,0.12528860113193166,0.16098183383882803,0.05533139119102723,19,32,2.0,38.0,0.646065518405944,0.1580547112462006,0.2834,957,2982,0.1,0.15,15
50,25,true,,0.13416270664565672,0.4732824462487979,0.34654580649710726,43,46,23.0,49.0,0.8550824175824175,0.00034340659340659343,0.236,957,2982,0.1,0.15,15
20,10,false,,0.10931261046149152,0.16526606457124832,0.07328987539066037,12,16,1.0,19.0,0.6261199172984149,0.45864920744314264,0.3058,958,2983,0.1,0.15,15
30,15,false,,0.13100874030708698,0.13252261021073136,0.012399442237027651,12,1,1.0,29.0,0.5142002989536621,0.14985052316890882,0.2676,958,2983,0.1,0.15,15
40,20,false,,0.124127082242525,0.14024319123807505,0.03195173915885402,20,34,2.0,38.0,0.6030376251294443,0.1377286848463928,0.284,958,2983,0.1,0.15,15
50,25,true,,0.13328128238458378,0.20944926738130223,0.10066172126694803,39,47,2.0,48.47499999999991,0.7071977638015374,0.07337526205450734,0.2356,958,2983,0.1,0.15,15
20,10,true,,0.09880956040644036,0.3114811626243693,0.22886912828539585,14,14,2.0,19.0,0.7983510821023703,0.640329783579526,0.2902,959,2984,0.1,0.15,15
20,10,true,,0.06360712738061267,0.27512353737353357,0.21638603920066368,14,15,2.0,19.0,0.7886807817589576,0.6327361563517915,0.2418,960,2985,0.1,0.15,15
20,10,false,,0.1282409042661543,0.17941611984882552,0.07059965135360446,12,15,1.0,19.0,0.6050505050505051,0.45824915824915824,0.2928,961,2986,0.1,0.15,15
30,15,false,,0.12306769231425226,0.3664673016864836,0.252617114426813,25,26,6.0,29.0,0.7902338376891335,0.11829436038514443,0.2722,961,2986,0.1,0.15,15
40,20,false,,0.12722960575986098,0.1791614248595602,0.07508092105092393,27,35,1.0,39.0,0.6790038049117952,0.07229332410930474,0.251,961,2986,0.1,0.15,15
50,25,false,,0.1343266662478957,0.15563166620662527,0.03188324659007979,13,11,1.0,47.0,0.625,0.15575916230366493,0.2436,961,2986,0.1,0.15,15
60,30,false,,0.14062614093235884,0.16689265952940735,0.04267116647969607,28,8,4.0,58.0,0.6975328420378084,0.1300865107337392,0.1966,961,2986,0.1,0.15,15
20,10,false,,0.09546096455292301,0.19007124006042275,0.10263011509767167,13,16,1.0,19.0,0.6937833037300177,0.5204262877442274,0.276,962,2987,0.1,0.15,15
30,15,false,,0.11407717366208543,0.11936532374847164,0.012665949815257385,16,29,2.0,29.0,0.5391180654338549,0.22510668563300143,0.275,962,2987,0.1,0.15,15
40,20,false,,0.11461214833490582,0.12752758197071815,0.021874893347280433,30,34,2.0,39.0,0.573651827723489,0.11400651465798045,0.2854,962,2987,0.1,0.15,15
50,25,false,,0.21424357588441595,0.10190302186807958,-0.12619224126121453,4,1,1.0,46.0,0.19419159081057652,0.10099696575639358,0.208,962,2987,0.1,0.15,15
60,30,false,,0.1254306056964021,0.15029678337370064,0.06198084326805242,32,1,1.0,59.0,0.626970227670753,0.07574430823117338,0.1744,962,2987,0.1,0.15,15
20,10,false,,0.11953610044718464,0.33658870939935537,0.24285494025898097,15,15,2.0,19.0,0.7711864406779662,0.6585059635907093,0.302,963,2988,0.1,0.15,15
30,15,false,,0.1336986086533974,0.17987832795327507,0.07218130796360842,19,28,1.0,29.0,0.6701168614357262,0.12787979966611018,0.2772,963,2988,0.1,0.15,15
40,20,false,,0.1291675350289971,0.6777139938367712,0.5521581161121554,35,37,13.0,39.0,0.8809776833156217,0.05065533120793482,0.2536,963,2988,0.1,0.15,15
50,25,false,,0.12992275123257344,0.15865441247347511,0.047686448513796276,43,46,4.0,49.0,0.6209081309398099,0.0848292854628652,0.2104,963,2988,0.1,0.15,15
60,30,false,,0.14247046871032704,0.13274592359061638,-0.007143426462520988,15,4,2.0,52.0,0.45476190476190476,0.16666666666666666,0.1786,963,2988,0.1,0.15,15
20,10,false,,0.12807658609024702,0.1416264784632775,0.019213844768271524,10,14,1.0,19.0,0.5364698452794443,0.40764130091569306,0.3102,964,2989,0.1,0.15,15
30,15,true,,0.11874129931872132,0.4714247413369085,0.35835494867443085,24,26,2.0,29.0,0.7565217391304347,0.07572463768115942,0.2688,964,2989,0.1,0.15,15
20,10,false,,0.1436148172536961,0.12257581185855079,-0.014573073586040541,10,16,1.0,19.0,0.4753229546207353,0.3892017224246439,0.2884,965,2990,0.1,0.15,15
30,15,false,,0.137909740097425,0.11182064820553116,-0.027276068689553373,11,2,1.0,28.0,0.38502853306478685,0.1782477341389728,0.2824,965,2990,0.1,0.15,15
40,20,false,,0.14399902891325356,0.12519110019933813,-0.02143517214960168,11,4,1.0,38.0,0.4233253995239714,0.143488609316559,0.2688,965,2990,0.1,0.15,15
50,25,true,,0.12644136203554052,0.2635356255187402,0.14647275194856785,44,46,22.0,49.0,0.7341862117981521,0.013148542999289269,0.2398,965,2990,0.1,0.15,15
20,10,false,,0.12075236286523791,0.123572256747134,0.02509184882285645,12,16,1.0,19.0,0.5236942234520927,0.47146316153580076,0.2658,966,2991,0.1,0.15,15
30,15,false,,0.10677318392211355,0.18684354767159994,0.09907053303447746,22,26,3.0,29.0,0.6661807580174927,0.17966472303206998,0.2876,966,2991,0.1,0.15,15
40,20,false,,0.11948789564832665,0.1290467465428889,0.020350335346855965,14,5,2.0,36.0,0.5503258508327299,0.16835626357711803,0.293,966,2991,0.1,0.15,15
50,25,true,,0.12308317261429294,0.26094126897150394,0.13920427517030337,41,45,6.0,49.0,0.7838224767358626,0.04259126700071582,0.2396,966,2991,0.1,0.15,15
20,10,true,,0.07456438011963587,0.17699849098226664,0.1060381134738334,12,17,1.0,19.0,0.767602924201616,0.4797999230473259,0.273,967,2992,0.1,0.15,15
20,10,false,,0.12123997854953834,0.14194467084427895,0.024580447346598616,13,15,2.0,19.0,0.5493266520513623,0.5355465079862198,0.2932,968,2993,0.1,0.15,15
30,15,false,,0.1317216983167739,0.10452450944109552,-0.032569674762992384,14,4,2.0,28.0,0.40436413228775997,0.3167405386975793,0.2642,968,2993,0.1,0.15,15
40,20,false,,0.1140457188460253,0.642637887025744,0.5345101553885355,35,36,25.0,39.0,0.9392348087021756,0.004876219054763691,0.2626,968,2993,0.1,0.15,15
50,25,false,,0.1475903182123664,0.11519481237240893,-0.04191958041296179,10,2,1.0,43.0,0.3320043494019572,0.17868793040956868,0.2196,968,2993,0.1,0.15,15
60,30,false,,0.36795581968321406,0.12051751556855103,-0.22081281458248603,4,1,1.0,18.0,0.24727992087042533,0.13254203758654798,0.0526,968,2993,0.1,0.15,15
20,10,false,,0.11831838847761039,0.10554123250076335,-0.017526792538677206,10,17,1.0,19.0,0.4537162162162162,0.4118243243243243,0.2898,969,2994,0.1,0.15,15
30,15,false,,0.10942586758821732,0.16665634513128544,0.06503036075054056,22,25,3.0,29.0,0.6992426974395961,0.18283447529751173,0.3048,969,2994,0.1,0.15,15
40,20,false,,0.1299589380219821,0.13212561821301994,-0.0015570248919417606,17,3,1.0,38.0,0.4973821989528796,0.1256544502617801,0.2618,969,2994,0.1,0.15,15
50,25,true,,0.13549750537552904,0.19425441945624589,0.10724802881776285,35,44,1.0,49.0,0.7152729785763648,0.04111955770559779,0.2254,969,2994,0.1,0.15,15
20,10,false,,0.1239989514113287,0.10996419367605378,-0.004216634123582766,9,1,1.0,19.0,0.4944304707150557,0.3586058210564139,0.2718,970,2995,0.1,0.15,15
30,15,true,,0.10163794085480028,0.29598081091097883,0.20940137623762572,22,26,2.0,29.0,0.7238979118329466,0.12954369682907965,0.2612,970,2995,0.1,0.15,15
20,10,false,,0.17004225474128173,0.16263515623326924,-0.006749646513921015,12,16,1.0,19.0,0.47944794479447944,0.44974497449744977,0.3146,971,2996,0.1,0.15,15
30,15,false,,0.2920275921266571,0.11658067061270089,-0.18007624039098197,4,2,1.0,28.0,0.19513865114686751,0.07908250599109894,0.2522,971,2996,0.1,0.15,15
40,20,false,,0.12630417036820774,0.18850578109065383,0.08296738598211685,31,36,13.0,39.0,0.6262626262626263,0.10033670033670034,0.2552,971,2996,0.1,0.15,15
50,25,false,,0.15475823049849177,0.1102135728827265,-0.06844645348690512,14,5,1.0,49.0,0.2748496639547223,0.1581181464449947,0.2308,971,2996,0.1,0.15,15
60,30,false,,0.15352569070321417,0.12034711285293656,-0.045278988105990806,16,2,1.0,56.0,0.3219129193433262,0.14204139900071378,0.185,971,2996,0.1,0.15,15
20,10,false,,0.14837794712938296,0.12395804690144423,-0.025659547839813508,9,4,1.0,19.0,0.4458698372966208,0.3588861076345432,0.2984,972,2997,0.1,0.15,15
30,15,false,,0.12777652860740513,0.3906200913637605,0.26556508204114765,25,26,3.0,29.0,0.7987606001304631,0.09817351598173515,0.27,972,2997,0.1,0.15,15
40,20,false,,0.1851764226687633,0.1237150804505561,-0.0710993956594902,6,4,1.0,38.0,0.3285863146926016,0.045501910385550536,0.2326,972,2997,0.1,0.15,15
50,25,true,,0.12958406110747023,0.2912985399328883,0.15735072413750284,43,45,32.0,49.0,0.8170940170940171,0.0,0.2314,972,2997,0.1,0.15,15
20,10,false,,0.1218323249726351,0.2084395993397449,0.12096945365075665,12,16,1.0,19.0,0.6428571428571429,0.4720350404312669,0.2894,973,2998,0.1,0.15,15
30,15,true,,0.11203356898320364,0.22066066009319524,0.11766040106004617,22,26,4.0,29.0,0.7287559483344663,0.21108089734874236,0.2926,973,2998,0.1,0.15,15
20,10,false,,0.1303715341897935,0.5577303886276858,0.443469841785861,16,17,1.0,19.0,0.7387714663143989,0.6281373844121533,0.293,974,2999,0.1,0.15,15
30,15,false,,0.13116125729573602,0.17430945514632165,0.07463480673836262,19,26,1.0,29.0,0.655525238744884,0.14768076398362892,0.282,974,2999,0.1,0.15,15
40,20,false,,0.13382349231322335,0.5212000373256069,0.389641288051994,35,36,5.0,39.0,0.8109285953737848,0.07073416024136775,0.2402,974,2999,0.1,0.15,15
50,25,false,,0.1386752726981685,0.34035552603240643,0.19222286605145814,45,47,31.0,49.0,0.8075383589059373,0.0,0.2124,974,2999,0.1,0.15,15
60,30,true,,0.14181707478724692,0.2273045314142044,0.0902819810996042,48,53,23.0,58.0,0.7539906103286385,0.002190923317683881,0.2076,974,2999,0.1,0.15,15
20,10,false,,0.11957328081207763,0.11153497912518578,-0.007748112406062144,11,14,1.0,19.0,0.48189890710382516,0.40846994535519127,0.285,975,3000,0.1,0.15,15
30,15,false,,0.12487836193885991,0.1197030396539737,-0.0013778296284816943,12,2,1.0,29.0,0.497632058287796,0.10564663023679417,0.2682,975,3000,0.1,0.15,15
40,20,false,,0.12224499641761792,0.13260866345783553,0.0167281751209796,14,5,1.0,36.40000000000009,0.5717277486910994,0.19476439790575917,0.2804,975,3000,0.1,0.15,15
50,25,true,,0.12403360393097572,0.49761595387031865,0.3771207979294251,43,45,22.0,49.0,0.8295894655305964,0.005809450038729667,0.2152,975,3000,0.1,0.15,15
20,10,false,,0.11905925062246209,0.16241863357727798,0.06056635459937454,12,18,2.0,19.0,0.65764631843927,0.4814348646947766,0.3162,976,3001,0.1,0.15,15
30,15,true,,0.12459805103902402,0.22919965640621248,0.13500462088203447,22,26,4.0,29.0,0.7725321888412017,0.22581710135358204,0.2832,976,3001,0.1,0.15,15
20,10,false,,0.1347577161497631,0.49029704150196496,0.37174131705215346,15,17,1.0,19.0,0.7755367599219258,0.6291476903057905,0.2922,977,3002,0.1,0.15,15
30,15,false,,0.20938208237602904,0.12183244987564731,-0.12002797921944597,7,1,1.0,28.0,0.27067407922168174,0.1480194579569145,0.2332,977,3002,0.1,0.15,15
40,20,false,,0.15499376316167957,0.13592461590322777,-0.026355276029965707,17,4,1.0,38.0,0.4129478315524827,0.09962287869264613,0.244,977,3002,0.1,0.15,15
50,25,true,,0.14226924330461457,0.1895341996191819,0.08811597794233922,36,46,2.0,49.0,0.7335730630925139,0.04020921869892122,0.2144,977,3002,0.1,0.15,15
20,10,true,,0.09178966573799074,0.16970305376783365,0.0847584993734566,12,16,1.0,19.0,0.7020769492679605,0.5165134490977188,0.3004,978,3003,0.1,0.15,15
20,10,false,,0.10529509489747833,0.11272336834215789,0.009730678275396629,11,18,1.0,19.0,0.5275506576608603,0.39744045503021685,0.284,979,3004,0.1,0.15,15
30,15,true,,0.09931941532751569,0.3285999417662495,0.2298767745750099,23,26,5.0,29.0,0.8273185875048507,0.17539774932091579,0.2924,979,3004,0.1,0.15,15
20,10,false,,0.16615535411707125,0.166559182225088,0.010511256475156674,10,1,1.0,19.0,0.5157657657657657,0.4276061776061776,0.293,980,3005,0.1,0.15,15
30,15,false,,0.14122165030662173,0.5701923714072343,0.43328137586440624,26,26,6.0,29.0,0.8521540469973891,0.05613577023498695,0.2526,980,3005,0.1,0.15,15
40,20,false,,0.15123259573245534,0.13531097541325893,-0.02719255736779974,18,4,2.0,38.0,0.39500601684717207,0.1717809867629362,0.2634,980,3005,0.1,0.15,15
50,25,false,,0.1528419893770936,0.146487765473773,-0.007506691748623978,22,46,2.0,49.0,0.4643635231870526,0.19327731092436976,0.226,980,3005,0.1,0.15,15
60,30,false,,0.1461110294000514,0.1922578100956038,0.04438608537475727,53,55,22.0,59.0,0.6353518821603928,0.010147299509001636,0.1878,980,3005,0.1,0.15,15
20,10,false,,0.1358206487344252,0.24729566091976513,0.1326828126392331,15,17,2.0,19.0,0.66550962448722,0.5825181445250868,0.3124,981,3006,0.1,0.15,15
30,15,false,,0.13255958155586206,0.42823285800171856,0.3065948280989862,25,27,10.0,29.0,0.8810985460420032,0.11405492730210016,0.2688,981,3006,0.1,0.15,15
40,20,false,,0.573479699855872,0.12180893205192776,-0.4539046629659944,3,1,1.0,20.0,0.09534534534534535,0.10022522522522523,0.1924,981,3006,0.1,0.15,15
50,25,true,,0.14644789119666787,0.21362797246202456,0.07271157342638596,43,45,27.0,49.0,0.7458320226486317,0.0,0.2106,981,3006,0.1,0.15,15
20,10,false,,0.11219379790238626,0.38006632538986784,0.2704701419055534,16,16,3.0,19.0,0.8346720214190094,0.7021419009370816,0.2928,982,3007,0.1,0.15,15
30,15,false,,0.15257655731400857,0.14093762332767804,-0.017715532629708902,10,1,1.0,28.0,0.45551257253384914,0.17311411992263057,0.2694,982,3007,0.1,0.15,15
40,20,true,,0.1458217982988529,0.19349504092555345,0.07013352397507688,27,36,3.0,39.0,0.7031545741324922,0.13154574132492114,0.2552,982,3007,0.1,0.15,15
20,10,true,,0.10130260672545924,0.1928852336511112,0.09692218306992399,13,16,1.0,19.0,0.7046703296703297,0.5339972527472527,0.2972,983,3008,0.1,0.15,15
20,10,false,,0.10588492116199173,0.12792574569283693,0.03707353123188679,12,15,1.0,19.0,0.5729308005427408,0.48032564450474896,0.306,984,3009,0.1,0.15,15
30,15,false,,0.13680535167937424,0.1289810960834961,-0.011917040588144134,12,4,1.0,27.0,0.4664095146255223,0.22693667630986822,0.2864,984,3009,0.1,0.15,15
40,20,false,,0.16615239637850976,0.13766317297221356,-0.03981259547982019,6,1,1.0,33.0,0.42178571428571426,0.17107142857142857,0.2302,984,3009,0.1,0.15,15
50,25,true,,0.144167373679933,0.2955546108871183,0.14999219261817973,44,44,33.0,49.0,0.7660175879396985,0.0,0.2138,984,3009,0.1,0.15,15
20,10,false,,0.1203302447958367,0.505513919799091,0.4057596072178504,15,16,5.0,19.0,0.8303088188475009,0.7382999044890163,0.2976,985,3010,0.1,0.15,15
30,15,false,,0.1411579134868353,0.12884548863689368,-0.011366555324014975,9,3,1.0,28.0,0.44902597402597405,0.15616883116883118,0.2752,985,3010,0.1,0.15,15
40,20,false,,0.13673417415102876,0.20826742500580728,0.08198580399181835,32,36,14.0,39.0,0.6838377334191886,0.0643915003219575,0.2622,985,3010,0.1,0.15,15
50,25,false,,0.15024992130184872,0.1464054431981567,-0.014402797669109957,36,1,1.0,49.0,0.476376669925057,0.07494297816878462,0.2052,985,3010,0.1,0.15,15
60,30,true,,0.14794539316013544,0.4054264682354606,0.2619107512090372,54,56,36.0,59.0,0.8525314305130819,0.0,0.1542,985,3010,0.1,0.15,15
20,10,false,,0.10331074639128311,0.1723894525612633,0.09288913980612307,12,15,1.0,19.0,0.6624659400544959,0.4942098092643052,0.2804,986,3011,0.1,0.15,15
30,15,true,,0.10956374132461857,0.4986569757463963,0.3717167820948023,24,26,3.0,29.0,0.8187365398420675,0.1198851399856425,0.2856,986,3011,0.1,0.15,15
20,10,false,,0.18735418998549686,0.1477776058819424,-0.06485939707591412,9,1,1.0,19.0,0.374122673176686,0.3710711016173329,0.2704,987,3012,0.1,0.15,15
30,15,false,,0.14539857903551506,0.34410973336250655,0.20771584219887662,25,27,5.0,29.0,0.8093709884467266,0.11713735558408216,0.2804,987,3012,0.1,0.15,15
40,20,false,,0.14447913682529678,0.3389834568389268,0.19651534758348457,35,36,12.0,39.0,0.7843511450381679,0.035623409669211195,0.2444,987,3012,0.1,0.15,15
50,25,false,,0.15259946527628496,0.19489219016891032,0.05340248181609267,40,47,3.0,49.0,0.651840490797546,0.05337423312883435,0.2186,987,3012,0.1,0.15,15
60,30,false,,0.5673559763038797,0.1424353019382929,-0.42070829986115044,3,1,1.0,26.0,0.12351190476190477,0.07700892857142858,0.1522,987,3012,0.1,0.15,15
20,10,false,,0.14888883713596351,0.18172959728129523,0.0426409463968221,11,17,1.0,19.0,0.5540540540540541,0.4094908862350723,0.31,988,3013,0.1,0.15,15
30,15,false,,0.19574163773178319,0.12054021941697526,-0.10554511100003586,5,1,1.0,28.0,0.40515933232169954,0.08497723823975721,0.2278,988,3013,0.1,0.15,15
40,20,false,,0.13061955412172782,0.11362859532790957,-0.030430246476069095,21,36,1.0,39.0,0.42043795620437957,0.11240875912408758,0.2478,988,3013,0.1,0.15,15
50,25,true,,0.11967246958876826,0.46224752520146645,0.35005051525631514,42,47,3.0,49.0,0.7611589663273297,0.07517619420516837,0.2486,988,3013,0.1,0.15,15
20,10,false,,0.07038429847764513,0.07463951223948997,0.0027725371767502675,9,1,1.0,18.0,0.5083720930232558,0.3758139534883721,0.1534,989,3014,0.1,0.15,15
30,15,true,,0.10402163479117225,0.2219164203046461,0.1374749338160926,23,25,2.0,29.0,0.7043269230769231,0.1109775641025641,0.2906,989,3014,0.1,0.15,15
20,10,true,,0.10911001826541707,0.20489115213080175,0.10865566944675537,12,16,2.0,19.0,0.7240944881889764,0.4818897637795276,0.3212,990,3015,0.1,0.15,15
20,10,false,,0.09630165720686287,0.20664740739411605,0.12623601126705478,14,17,1.0,19.0,0.6462765957446809,0.48632218844984804,0.2572,991,3016,0.1,0.15,15
30,15,false,,0.6213762885317624,0.08318116129221477,-0.5507321962215648,2,1,1.0,22.0,0.16993185689948892,0.08603066439522998,0.2268,991,3016,0.1,0.15,15
40,20,false,,0.10858160802368629,0.13798641736441997,0.039252395250986324,25,29,3.0,38.0,0.6350639578630549,0.1200150489089541,0.289,991,3016,0.1,0.15,15
50,25,true,,0.115661613329934,0.5622279988513962,0.43896782470555407,44,47,4.0,49.0,0.8121387283236994,0.017341040462427744,0.2388,991,3016,0.1,0.15,15
20,10,false,,0.04617986572347421,0.5894981661890082,0.5589955792043312,16,17,5.0,19.0,0.9415520628683693,0.7794695481335953,0.1532,992,3017,0.1,0.15,15
30,15,false,,0.1033298881791499,0.2154263833739754,0.1255566237986574,20,23,1.0,29.0,0.6811539902585237,0.17684526039715248,0.3068,992,3017,0.1,0.15,15
40,20,true,,0.1070120134613059,0.4632679168192157,0.34680924157591553,34,37,16.0,39.0,0.8944863149543831,0.03728679095596985,0.3102,992,3017,0.1,0.15,15
20,10,false,,0.15201249876065598,0.15349412229247014,0.008879339244815376,11,16,1.0,19.0,0.5173978819969742,0.41664145234493194,0.326,993,3018,0.1,0.15,15
30,15,false,,0.14490618447218517,0.1635682811368911,0.04770393916446708,14,26,1.9749999999999943,29.0,0.59,0.1715625,0.2752,993,3018,0.1,0.15,15
40,20,false,,0.14567239791963538,0.1544447809042479,0.01958664163399146,26,36,2.0,39.0,0.5671324422843257,0.1755771567436209,0.2738,993,3018,0.1,0.15,15
50,25,true,,0.1395575350272437,0.2773206288249721,0.13468320057560243,44,46,21.0,49.0,0.7293882978723404,0.013962765957446808,0.2124,993,3018,0.1,0.15,15
20,10,false,,0.09746682366006429,0.13387689034528297,0.04747713630682457,12,15,1.0,19.0,0.6165113182423435,0.5026631158455392,0.3162,994,3019,0.1,0.15,15
30,15,true,,0.12788263366714042,0.325026613696812,0.21201575814919899,22,26,1.0,29.0,0.8052718286655683,0.20230642504118615,0.2874,994,3019,0.1,0.15,15
20,10,false,,0.21384466798273682,0.0865437896555137,-0.16035835159599254,6,1,1.0,19.0,0.2322675486953326,0.24917309812568908,0.2378,995,3020,0.1,0.15,15
30,15,false,,0.11724942431102031,0.2217698530033636,0.13332149127939114,20,25,2.0,29.0,0.6470180305131762,0.16019417475728157,0.2936,995,3020,0.1,0.15,15
40,20,false,,0.13233000470430853,0.12782717956907624,-0.00903818560863831,17,10,2.0,38.0,0.460548594649509,0.18963765662038604,0.2768,995,3020,0.1,0.15,15
50,25,true,,0.12611095546328382,0.19863922322225389,0.08699313029270322,41,45,3.0,49.0,0.7062410329985653,0.02259684361549498,0.2348,995,3020,0.1,0.15,15
20,10,false,,0.09916189577638278,0.21735880289946827,0.13735970682788257,15,17,2.0,19.0,0.7101694915254237,0.5854237288135593,0.2944,996,3021,0.1,0.15,15
30,15,false,,0.11268762393398564,0.5945349760783314,0.4824914272452352,25,26,10.0,29.0,0.8878299120234604,0.09567448680351906,0.2764,996,3021,0.1,0.15,15
40,20,true,,0.1286920660752495,0.17319195297026924,0.05181517514439338,31,34,3.0,38.0,0.716289448517692,0.06949314631813835,0.2718,996,3021,0.1,0.15,15
20,10,false,,0.1271388739840576,0.6933252557357349,0.5673583125879387,16,17,3.0,19.0,0.8058727569331158,0.7305057096247961,0.2902,997,3022,0.1,0.15,15
30,15,true,,0.15492358345252807,0.46918279319850614,0.31756388425433735,24,26,6.0,29.0,0.8734216199568833,0.11148752694795196,0.2714,997,3022,0.1,0.15,15
20,10,true,,0.07779478819870786,0.20173523246383024,0.13067792099919048,14,15,2.0,19.0,0.7653362897265337,0.6252771618625277,0.2776,998,3023,0.1,0.15,15
20,10,false,,0.15964439107483963,0.14188550956077597,-0.017016276414903803,11,17,1.0,19.0,0.471505698860228,0.42081583683263346,0.3216,999,3024,0.1,0.15,15
30,15,false,,0.1314985001059556,0.39198874505130166,0.272452113688155,25,27,2.0,29.0,0.7360581918947003,0.07066158642189124,0.2538,999,3024,0.1,0.15,15
40,20,false,,0.13076180592443248,0.1409420365019905,0.02839822380898782,27,34,3.0,39.0,0.5517928286852589,0.06640106241699867,0.2698,999,3024,0.1,0.15,15
50,25,false,,0.19074393833155395,0.12282839794817436,-0.06695208124244038,7,1,1.0,34.0,0.23743807501769285,0.1394196744515216,0.1922,999,3024,0.1,0.15,15
60,30,false,,0.13353417822114522,0.1473614379443748,0.021574652703652664,30,54,2.0,57.0,0.6140583554376657,0.10974801061007958,0.225,999,3024,0.1,0.15,15
20,10,false,,0.16127048420116102,0.14802958462555832,0.0016119863219840325,7,1,1.0,19.0,0.5024071526822559,0.3235900962861073,0.2664,1000,3025,0.1,0.15,15
30,15,false,,0.14037171864863127,0.18105187034220183,0.07085781904224145,21,26,2.0,29.0,0.6132665832290363,0.17083854818523153,0.2828,1000,3025,0.1,0.15,15
40,20,false,,0.1403859314831854,0.682231933779717,0.5275820545324656,36,37,23.0,39.0,0.9632107023411371,0.0030100334448160534,0.2374,1000,3025,0.1,0.15,15
50,25,false,,0.14835127508346488,0.183186205758389,0.04722612848835758,41,46,11.0,49.0,0.6616885096007314,0.053032612008533986,0.2204,1000,3025,0.1,0.15,15
60,30,true,,0.1527586179219184,0.32781345357348274,0.18037592468298902,53,55,28.0,59.0,0.8062111801242235,0.0,0.1838,1000,3025,0.1,0.15,15
