analysis_day,n_observations,detected,elapsed_seconds,theta1_median,theta2_median,theta_diff_median,tau_median,tau_map,tau_q025,tau_q975,p_positive_effect,p_tau_near_truth,accepted_rate,rep,seed,true_theta1,true_theta2,true_t_star
20,10,false,,0.11670727158320826,0.11061280391414656,-0.006915065819456848,11,1,1.0,19.0,0.4866479269149684,0.0,0.2774,1,2026,0.1,0.2,45
30,15,true,,0.1007716984094869,0.2714642209285839,0.16995674398553468,24,27,7.0,29.0,0.783357771260997,0.0,0.2806,1,2026,0.1,0.2,45
20,10,false,,0.119375693390931,0.3689037436352459,0.2617040859880767,15,16,3.0,19.0,0.6853237878294826,0.0,0.293,2,2027,0.1,0.2,45
30,15,false,,0.15380383295040165,0.09107563912521034,-0.08093142014286364,8,3,1.0,27.0,0.35035349567949725,0.0,0.2728,2,2027,0.1,0.2,45
40,20,false,,0.7373786262581709,0.07615618951487758,-0.6611480866226186,2,1,1.0,6.0,0.0,0.0,0.104,2,2027,0.1,0.2,45
50,25,false,,0.2561702455088643,0.08667069228108783,-0.17932062112277924,5,3,1.0,44.0,0.2143928035982009,0.04697651174412794,0.121,2,2027,0.1,0.2,45
60,30,true,,0.09942336248267504,0.39406844425374227,0.2871608692839709,53,55,37.0,59.0,0.8892128279883382,0.14965986394557823,0.1492,2,2027,0.1,0.2,45
20,10,false,,0.13446938304931585,0.15039660477484826,0.027993252075069294,10,1,1.0,19.0,0.5651295859979805,0.0,0.2948,3,2028,0.1,0.2,45
30,15,false,,0.1182001246557595,0.10364268179194915,-0.010141550519678438,19,26,2.0,29.0,0.4716843259042747,0.0,0.2618,3,2028,0.1,0.2,45
40,20,true,,0.1081532985810134,0.17612768102866405,0.06988027405887844,26,33,8.950000000000003,38.0,0.7086017430845017,0.0,0.2808,3,2028,0.1,0.2,45
20,10,false,,0.12193985457268385,0.16346943130664288,0.05306816839535902,13,16,2.0,19.0,0.6403614457831325,0.0,0.3226,4,2029,0.1,0.2,45
30,15,false,,0.11845399860954617,0.1476161928816773,0.038109956963588376,21,27,2.0,29.0,0.5867208672086721,0.0,0.2806,4,2029,0.1,0.2,45
40,20,false,,0.19426464182505213,0.1057923381890967,-0.10268524749899484,6,1,1.0,36.0,0.30503018108651914,0.0,0.2302,4,2029,0.1,0.2,45
50,25,false,,0.11500543819576904,0.5019172397718304,0.38787759013777556,45,46,35.12500000000001,49.0,0.8360588716271463,0.7174979558462796,0.2258,4,2029,0.1,0.2,45
60,30,false,,0.15770226512330682,0.1244024521235963,-0.0433635948430936,6,2,1.0,58.0,0.39350485027414595,0.06368620835090678,0.2008,4,2029,0.1,0.2,45
20,10,false,,0.24138680321333336,0.07539338961672327,-0.1702714841077575,4,1,1.0,18.0,0.3154281098546042,0.0,0.2064,5,2030,0.1,0.2,45
30,15,false,,0.09336506245313721,0.1071262968121911,0.01881667676651371,14,24,2.0,28.0,0.5506329113924051,0.0,0.2462,5,2030,0.1,0.2,45
40,20,false,,0.09324354612388559,0.1503114049908805,0.06069479810775959,27,36,7.0,38.0,0.676326348640214,0.0,0.1862,5,2030,0.1,0.2,45
50,25,false,,0.12154713578998372,0.09357381984545578,-0.032639382793894944,15,4,1.0,48.125,0.4164926931106472,0.17693110647181629,0.1218,5,2030,0.1,0.2,45
60,30,false,,0.13834973291319166,0.08591694208396018,-0.05604229724363455,8,4,1.0,28.0,0.25996631106120155,0.0,0.0902,5,2030,0.1,0.2,45
20,10,true,,0.12509244342490483,0.2292759209699652,0.11445480943557076,14,15,1.0,19.0,0.7004862236628849,0.0,0.3078,6,2031,0.1,0.2,45
20,10,false,,0.11946287600664457,0.21088984398934674,0.10029956703616186,14,17,1.0,19.0,0.6314741035856574,0.0,0.2834,7,2032,0.1,0.2,45
30,15,false,,0.13817664474310257,0.07212795993997496,-0.08524417397173073,11,2,1.0,29.0,0.2852928782132322,0.0,0.1922,7,2032,0.1,0.2,45
40,20,false,,0.3329097682386766,0.09057076280772323,-0.24210605774645377,5,2,1.0,38.0,0.1970260223048327,0.0,0.2518,7,2032,0.1,0.2,45
50,25,false,,0.12658647980779153,0.13974394103504573,0.024676550841832928,26,45,2.0,48.0,0.5608712563204978,0.23259432127576818,0.2748,7,2032,0.1,0.2,45
60,30,true,,0.12098749280984261,0.3666522485756735,0.24479667572875707,52,54,16.0,59.0,0.8537666174298375,0.17466765140324964,0.2524,7,2032,0.1,0.2,45
20,10,false,,0.11456628915137838,0.15510446797089333,0.05244051315608675,12,16,1.0,19.0,0.5978407557354926,0.0,0.3012,8,2033,0.1,0.2,45
30,15,false,,0.11466738997477248,0.15734057955188646,0.058456614911994845,22,27,2.0,29.0,0.6265867418899859,0.0,0.2716,8,2033,0.1,0.2,45
40,20,false,,0.16319498915416655,0.11186018691300156,-0.061468161639539526,16,1,1.0,38.0,0.4164598842018197,0.0,0.2264,8,2033,0.1,0.2,45
50,25,false,,0.10672414265313543,0.18391051229089697,0.07812439396886453,39,44,20.0,49.0,0.6454918032786885,0.35737704918032787,0.2388,8,2033,0.1,0.2,45
60,30,true,,0.12072541484421029,0.23993983717418424,0.12134562404533547,51,56,4.0,59.0,0.7092369477911646,0.10642570281124498,0.2542,8,2033,0.1,0.2,45
20,10,true,,0.11983888098849627,0.288623027621275,0.18850791577029577,14,16,2.0,19.0,0.759386733416771,0.0,0.3094,9,2034,0.1,0.2,45
20,10,false,,0.11590365192866303,0.20864473792278415,0.10124407099919192,15,16,3.0,19.0,0.6812101910828026,0.0,0.3092,10,2035,0.1,0.2,45
30,15,false,,0.09867545794529928,0.18709618663525798,0.10315571661459806,24,27,5.0,29.0,0.6743639921722113,0.0,0.2344,10,2035,0.1,0.2,45
40,20,false,,0.12251588656937434,0.15338334008996518,0.06142423254318791,26,1,1.0,39.0,0.5984053713806127,0.0,0.2464,10,2035,0.1,0.2,45
50,25,false,,0.13244116402091247,0.09703563406392242,-0.05448195511417088,29,2,1.0,47.0,0.37638703950288505,0.18331114070128718,0.1964,10,2035,0.1,0.2,45
60,30,true,,0.10992327110040023,0.3560154858336198,0.2381160449945835,50,55,8.0,59.0,0.7268806899856253,0.052228078581696216,0.1698,10,2035,0.1,0.2,45
20,10,false,,0.13945113855466956,0.16309559005316784,0.0242894771639922,12,17,2.0,19.0,0.5638914303141201,0.0,0.3214,11,2036,0.1,0.2,45
30,15,false,,0.12639242769204312,0.12420353636034183,-0.0012534873739265956,14,6,1.0,28.0,0.4976635514018692,0.0,0.2848,11,2036,0.1,0.2,45
40,20,false,,0.12640409854321805,0.1428154474347169,0.023136300689868668,29,36,2.0,39.0,0.5798013245033112,0.0,0.2656,11,2036,0.1,0.2,45
50,25,false,,0.37483115336381456,0.10741523316696124,-0.2562347338066474,4,3,1.0,30.0,0.11652035115722266,0.0,0.1936,11,2036,0.1,0.2,45
60,30,true,,0.1270677446160378,0.23543952219586312,0.11351399681372003,49,58,28.0,59.0,0.8456375838926175,0.20381490639350053,0.178,11,2036,0.1,0.2,45
20,10,false,,0.10525728557879718,0.17638286851509133,0.0790718235061538,11,16,2.0,19.0,0.6564760026298487,0.0,0.3146,12,2037,0.1,0.2,45
30,15,false,,0.21999415018577953,0.08797730236132285,-0.13746957541561644,5,2,1.0,28.0,0.2391472868217054,0.0,0.2442,12,2037,0.1,0.2,45
40,20,false,,0.11140995699580265,0.13911839486392608,0.0330417983730427,26,36,6.0,39.0,0.619776119402985,0.0,0.2898,12,2037,0.1,0.2,45
50,25,true,,0.11126660818950977,0.5609123507402487,0.4334313862385715,43,45,23.0,49.0,0.8971814211988884,0.5772131798332671,0.268,12,2037,0.1,0.2,45
20,10,false,,0.08666737778974534,0.0989230160364084,0.01808229043943013,8,3,1.0,19.0,0.5545023696682464,0.0,0.2692,13,2038,0.1,0.2,45
30,15,true,,0.09820572302102172,0.38677256495669476,0.30278727053662935,22,26,1.0,29.0,0.8383637807783956,0.0,0.2956,13,2038,0.1,0.2,45
20,10,false,,0.10712550709765391,0.72671101980582,0.6168696452255076,17,16,12.0,19.0,0.990350250178699,0.0,0.2768,14,2039,0.1,0.2,45
30,15,false,,0.10985566082835216,0.2633565849287096,0.1578533867882722,25,26,5.0,29.0,0.6966211358734723,0.0,0.261,14,2039,0.1,0.2,45
40,20,false,,0.11704345605084637,0.15128695246231638,0.0315031098388302,27,34,2.0,39.0,0.6002988419872992,0.0,0.2824,14,2039,0.1,0.2,45
50,25,true,,0.11317907691192962,0.3915773921285948,0.2648822449601343,44,46,16.0,49.0,0.8114193807800563,0.5954965822275834,0.2466,14,2039,0.1,0.2,45
20,10,false,,0.18098584359666442,0.1324756654439817,-0.05119068405486671,5,1,1.0,19.0,0.4311660007264802,0.0,0.2616,15,2040,0.1,0.2,45
30,15,false,,0.14475786108166067,0.13051014714787632,-0.026702803440878775,13,1,1.0,29.0,0.43802816901408453,0.0,0.2546,15,2040,0.1,0.2,45
40,20,false,,0.1294127536963974,0.224000010049001,0.13344119087133827,27,37,1.0,39.0,0.6753889674681753,0.0,0.2582,15,2040,0.1,0.2,45
50,25,true,,0.11799046373297034,0.22770936181484222,0.11286418428452655,44,46,16.0,49.0,0.7365316555249705,0.5564294140778608,0.2334,15,2040,0.1,0.2,45
20,10,false,,0.11257950547036476,0.22719777818626483,0.13327711661623542,13,17,1.0,19.0,0.6890471346219057,0.0,0.3026,16,2041,0.1,0.2,45
30,15,false,,0.12948469638635038,0.10597507790526632,-0.02721481939826767,11,3,1.0,28.0,0.40555764175741643,0.0,0.2562,16,2041,0.1,0.2,45
40,20,true,,0.10976410564195979,0.29880601139294083,0.18993345681640955,32,35,8.0,39.0,0.7641886490807354,0.0,0.2582,16,2041,0.1,0.2,45
20,10,false,,0.16394162971879628,0.20681451511371293,0.06976255524649308,12,1,1.0,19.0,0.5572951365756162,0.0,0.2646,17,2042,0.1,0.2,45
30,15,false,,0.13802958363737952,0.18444882226470455,0.06877901795288649,21,26,2.0,29.0,0.6153605994380269,0.0,0.2868,17,2042,0.1,0.2,45
40,20,false,,0.13091146577824286,0.4994425627643048,0.37415422466484927,35,37,4.0,39.0,0.8071860547847741,0.0,0.2256,17,2042,0.1,0.2,45
50,25,false,,0.1272020408502572,0.12560744391093306,0.0017841875805218455,38,46,4.0,49.0,0.5063336952587767,0.340209916757148,0.2472,17,2042,0.1,0.2,45
60,30,false,,0.1261474610138854,0.5571130024158112,0.43601228170487993,55,56,46.0,59.0,0.9230769230769231,0.10294680443934175,0.2042,17,2042,0.1,0.2,45
20,10,false,,0.19293930127961767,0.11845145365701946,-0.11002307910627548,8,2,1.0,19.0,0.32097989949748745,0.0,0.2886,18,2043,0.1,0.2,45
30,15,false,,0.16011470578699938,0.12470015384486821,-0.04761420269907171,10,4,1.0,28.90000000000009,0.3687218045112782,0.0,0.2936,18,2043,0.1,0.2,45
40,20,false,,0.2112740778094351,0.09547832540650686,-0.1410327743765914,12,3,1.0,37.0,0.16156462585034015,0.0,0.224,18,2043,0.1,0.2,45
50,25,false,,0.1214347271310906,0.15963954524790183,0.04985342770094177,42,47,2.0,49.0,0.6069558713537772,0.47157816005983544,0.2342,18,2043,0.1,0.2,45
60,30,false,,0.16352992023229004,0.12410196430736381,-0.04086419090260128,12,4,1.0,54.0,0.37062694838933147,0.08659508139937652,0.2138,18,2043,0.1,0.2,45
20,10,false,,0.1596764189940876,0.13873203809990736,-0.005542933081643886,8,1,1.0,19.0,0.4916998671978752,0.0,0.291,19,2044,0.1,0.2,45
30,15,false,,0.12197973098924628,0.1368272538599167,0.04047139059423674,19,26,1.0,29.0,0.5763262360158787,0.0,0.2648,19,2044,0.1,0.2,45
40,20,false,,0.12571465138652033,0.1143428043654267,-0.013976119925362518,23,3,1.9249999999999972,39.0,0.4753444525018129,0.0,0.2608,19,2044,0.1,0.2,45
50,25,false,,0.12288914264830934,0.12993091500189893,0.02838992304003278,30,9,1.0,49.0,0.5754828537642885,0.2258573117855735,0.2538,19,2044,0.1,0.2,45
60,30,true,,0.12106829168007077,0.4982940105396734,0.38178455876757567,53,53,42.0,59.0,0.9080633006782216,0.18236623963828183,0.224,19,2044,0.1,0.2,45
20,10,false,,0.0953791825083338,0.06899375605421822,-0.03781429927469686,7,1,1.0,19.0,0.38934250107434465,0.0,0.2252,20,2045,0.1,0.2,45
30,15,false,,0.09081736873677801,0.13742529013509128,0.05616177289829161,13,5,1.0,29.0,0.6738197424892703,0.0,0.2466,20,2045,0.1,0.2,45
40,20,false,,0.1664497666831577,0.07232234000247394,-0.09431854307537843,6,1,1.0,29.0,0.2204684317718941,0.0,0.1572,20,2045,0.1,0.2,45
50,25,false,,0.09630747740219127,0.19579284590963222,0.09784775135280338,44,45,31.0,49.0,0.6961797752808989,0.6053932584269663,0.153,20,2045,0.1,0.2,45
60,30,true,,0.09875371183663338,0.3061087279314806,0.21185840373696568,46,57,18.0,58.0,0.8005794302269436,0.20328343795267986,0.1226,20,2045,0.1,0.2,45
20,10,false,,0.1395270874726832,0.14816665029827192,0.024708335841193148,9,1,1.0,19.0,0.5152529761904762,0.0,0.2448,21,2046,0.1,0.2,45
30,15,false,,0.10965066051799345,0.11797047484933824,0.010692366565228179,16,2,1.0,29.0,0.5232235013894403,0.0,0.2594,21,2046,0.1,0.2,45
40,20,false,,0.11248454102981868,0.1654435198020625,0.06982476088882157,24,35,2.0,39.0,0.658273381294964,0.0,0.2698,21,2046,0.1,0.2,45
50,25,false,,0.11547888423229499,0.1660655757516366,0.06213287029672851,35,38,4.0,48.0,0.6708860759493671,0.26045262754123516,0.2804,21,2046,0.1,0.2,45
60,30,false,,0.4078293785611895,0.11434585165325971,-0.30042770411552455,5,2,1.0,38.0,0.22840769545640605,0.002046663937781416,0.181,21,2046,0.1,0.2,45
20,10,false,,0.10354864089800966,0.11477535862730186,0.022047327955195605,11,1,1.0,19.0,0.5483178239083751,0.0,0.2802,22,2047,0.1,0.2,45
30,15,false,,0.10963698711175314,0.14390207373670577,0.04675453096450646,18,26,1.0,29.0,0.6024273630011033,0.0,0.2902,22,2047,0.1,0.2,45
40,20,false,,0.1816548139509322,0.10291182711002703,-0.09249958810252953,6,1,1.0,38.0,0.33908507223113965,0.0,0.2562,22,2047,0.1,0.2,45
50,25,false,,0.133435371356066,0.1288382026607123,0.01004397128427316,20,3,1.0,48.0,0.5171462357114702,0.22664564446196295,0.2672,22,2047,0.1,0.2,45
60,30,false,,0.1502653764583501,0.11238495376615106,-0.043582440131576736,10,5,1.0,33.0,0.32988460007958614,0.0,0.2462,22,2047,0.1,0.2,45
20,10,false,,0.09050299700925174,0.23309792801665055,0.14861946668102194,15,16,2.0,19.0,0.7265512265512265,0.0,0.2826,23,2048,0.1,0.2,45
30,15,true,,0.10074150472186222,0.22315985761502352,0.13853503460851874,21,26,1.0,29.0,0.7072498029944838,0.0,0.2698,23,2048,0.1,0.2,45
20,10,false,,0.12073522241253015,0.09959355741510373,-0.010596730966423981,8,1,1.0,19.0,0.4825318536785861,0.0,0.2054,24,2049,0.1,0.2,45
30,15,false,,0.08528538725115538,0.24032513700931427,0.15676640307868855,25,26,16.0,29.0,0.7582139848357203,0.0,0.2172,24,2049,0.1,0.2,45
40,20,false,,0.10266269018270527,0.1066184980398426,0.002911754598759822,20,36,1.0,39.0,0.5075794621026894,0.0,0.157,24,2049,0.1,0.2,45
50,25,false,,0.6436656992615107,0.0746579205422381,-0.5648707702820175,2,1,1.0,18.0,0.08598130841121496,0.0,0.0766,24,2049,0.1,0.2,45
60,30,true,,0.09380159106772905,0.7161269543457467,0.6251171033091257,53,56,27.125000000000007,59.0,0.9257688229056203,0.0784729586426299,0.1002,24,2049,0.1,0.2,45
20,10,false,,0.1259418079871313,0.16725790862531553,0.05603284966054785,11,16,1.0,19.0,0.6004366812227074,0.0,0.3136,25,2050,0.1,0.2,45
30,15,false,,0.16967620984519158,0.10888229444890077,-0.093826639947065,8,1,1.0,29.0,0.326792722083482,0.0,0.219,25,2050,0.1,0.2,45
40,20,false,,0.12561278126091566,0.11281920912106817,-0.010269518153318911,16,5,1.0,38.0,0.4668125455871627,0.0,0.2458,25,2050,0.1,0.2,45
50,25,false,,0.12874443814690587,0.1291349870441215,0.004000590265710244,23,6,2.0,48.0,0.5134929684530597,0.2729000380083618,0.249,25,2050,0.1,0.2,45
60,30,false,,0.13543954351972307,0.1155920362653368,-0.021401261878725562,32,3,1.0,58.0,0.4222573007103394,0.08208366219415943,0.2174,25,2050,0.1,0.2,45
20,10,false,,0.12722455280023331,0.0846397281807655,-0.046964297608881586,10,1,1.0,19.0,0.40287226001511717,0.0,0.247,26,2051,0.1,0.2,45
30,15,false,,0.10538729795203705,0.07682804178300554,-0.036234858381932064,11,5,1.0,29.0,0.406280193236715,0.0,0.151,26,2051,0.1,0.2,45
40,20,true,,0.07237284382315536,0.319998663446093,0.24476040323935994,34,35,25.0,39.0,0.8545849158979925,0.0,0.0874,26,2051,0.1,0.2,45
20,10,false,,0.16257104827667895,0.14926419955534903,-0.015297439584590504,11,16,1.0,19.0,0.4654768870684611,0.0,0.3328,27,2052,0.1,0.2,45
30,15,false,,0.17332879209415578,0.12779531867753957,-0.06466285156819532,9,1,1.0,29.0,0.37872340425531914,0.0,0.2426,27,2052,0.1,0.2,45
40,20,false,,0.14935924386382887,0.12057977535288046,-0.03862003854206772,13,2,1.0,37.0,0.361744966442953,0.0,0.2646,27,2052,0.1,0.2,45
50,25,false,,0.1245789235010868,0.528910449071456,0.3927394675218999,45,46,37.0,49.0,0.8846853401236814,0.7599126955256457,0.2238,27,2052,0.1,0.2,45
60,30,true,,0.13311692220454688,0.2811026428102909,0.1565065355472549,49,55,29.0,59.0,0.8362905925677938,0.23970539002343488,0.219,27,2052,0.1,0.2,45
20,10,false,,0.2970960329217187,0.08261708075243865,-0.23260191683223214,3,1,1.0,18.0,0.2663316582914573,0.0,0.2346,28,2053,0.1,0.2,45
30,15,false,,0.11239629616407651,0.09378674155023976,-0.01701125888018898,9,1,1.0,28.0,0.44864176570458403,0.0,0.2348,28,2053,0.1,0.2,45
40,20,false,,0.08755277866203279,0.6886618969960334,0.5916235711902142,36,38,23.0,39.0,0.96142578125,0.0,0.1564,28,2053,0.1,0.2,45
50,25,false,,0.09056043134494898,0.6466239074763441,0.5422606579112863,45,45,34.0,49.0,0.9664570230607966,0.6656184486373166,0.1178,28,2053,0.1,0.2,45
60,30,false,,0.12513064491323356,0.08151793898054065,-0.026477234271637257,13,37,1.0,40.0,0.39603960396039606,0.0039603960396039604,0.043,28,2053,0.1,0.2,45
20,10,false,,0.14961851002593632,0.13421728058034305,-0.018958018976132696,10,1,1.0,19.0,0.4624257252708843,0.0,0.2466,29,2054,0.1,0.2,45
30,15,false,,0.13858698096939703,0.11013757992358364,-0.03479746879769621,9,4,1.0,29.0,0.4268160462594868,0.0,0.2886,29,2054,0.1,0.2,45
40,20,true,,0.10529626387065348,0.2801241367276538,0.16776424750042263,33,36,16.0,39.0,0.7678282009724473,0.0,0.2374,29,2054,0.1,0.2,45
20,10,false,,0.08531348516621405,0.6717553068928319,0.5680014844532724,16,18,2.0,19.0,0.9525993883792049,0.0,0.2736,30,2055,0.1,0.2,45
30,15,false,,0.23834191412016917,0.08504248312196125,-0.15589229073202687,5,1,1.0,25.0,0.2545529801324503,0.0,0.2122,30,2055,0.1,0.2,45
40,20,false,,0.11679287893522822,0.16586654897546124,0.057760336816714,30,35,2.0,39.0,0.6422480620155039,0.0,0.2906,30,2055,0.1,0.2,45
50,25,true,,0.11566675876002726,0.2866516072720606,0.1597654705008287,41,45,20.0,49.0,0.8049249711427472,0.44786456329357444,0.2868,30,2055,0.1,0.2,45
20,10,false,,0.172400644055539,0.39237558401495487,0.22579277410594603,15,17,1.0,19.0,0.6764522173641474,0.0,0.2968,31,2056,0.1,0.2,45
30,15,false,,0.16295591933234366,0.13544260254908677,-0.03708932148499369,15,27,1.0,29.0,0.42430904522613067,0.0,0.2598,31,2056,0.1,0.2,45
40,20,false,,0.171466068768865,0.11159737007913073,-0.07460341607281777,10,10,1.0,33.0,0.22580645161290322,0.0,0.2394,31,2056,0.1,0.2,45
50,25,false,,0.12318113718475644,0.28651969373935526,0.16596882062536228,44,47,5.0,49.0,0.6894736842105263,0.5642857142857143,0.216,31,2056,0.1,0.2,45
60,30,false,,0.12149604000147526,0.5333907579966567,0.40232467536598715,55,56,39.0,59.0,0.8631870304468169,0.07552392249901146,0.1946,31,2056,0.1,0.2,45
20,10,false,,0.10067779985366536,0.20261589648137726,0.11313206448964254,14,16,1.0,19.0,0.6968085106382979,0.0,0.292,32,2057,0.1,0.2,45
30,15,false,,0.10864675069636759,0.16031814455364612,0.07998164536127361,18,27,2.0,29.0,0.6929855481142051,0.0,0.2926,32,2057,0.1,0.2,45
40,20,true,,0.10628237965191735,0.4699324619282614,0.34723590905916124,34,37,4.0,39.0,0.7818637693272044,0.0,0.2416,32,2057,0.1,0.2,45
20,10,true,,0.06808716927319648,0.24385938909016894,0.18669415500733333,14,16,2.0,19.0,0.7408189109328831,0.0,0.205,33,2058,0.1,0.2,45
20,10,false,,0.10271200218164617,0.4413192897088525,0.3494914425802208,16,16,2.0,19.0,0.8053621169916435,0.0,0.2768,34,2059,0.1,0.2,45
30,15,false,,0.12294731987023988,0.4742371501471032,0.358646247468689,22,26,1.0,29.0,0.66171875,0.0,0.2416,34,2059,0.1,0.2,45
40,20,false,,0.12233929800460584,0.11529862216730086,-0.009927799973269674,15,7,1.0,38.0,0.4502541757443718,0.0,0.2754,34,2059,0.1,0.2,45
50,25,false,,0.23699274034964796,0.1049306379261005,-0.13163098498052683,4,1,1.0,15.300000000000182,0.18334030975303475,0.0,0.207,34,2059,0.1,0.2,45
60,30,false,,0.12834630051349089,0.18510398723987406,0.08846256499037403,36,55,1.0,59.0,0.6538461538461539,0.07307692307692308,0.2196,34,2059,0.1,0.2,45
20,10,false,,0.12825600941428103,0.1214331077987138,0.000554281633598594,9,15,1.0,19.0,0.5006451612903225,0.0,0.3136,35,2060,0.1,0.2,45
30,15,false,,0.14890893143867462,0.09254683702990354,-0.07603414869819757,9,1,1.0,29.0,0.3178939034045922,0.0,0.2612,35,2060,0.1,0.2,45
40,20,false,,0.11334528167752769,0.11987379197379504,0.015079639092248603,25,36,2.0,39.0,0.5478459778879146,0.0,0.285,35,2060,0.1,0.2,45
50,25,false,,0.12519787107361252,0.13157618511443683,0.017297573157699933,25,36,1.0,48.0,0.5378787878787878,0.12916666666666668,0.271,35,2060,0.1,0.2,45
60,30,true,,0.1209110128727328,0.6171374615501538,0.4922596159328475,54,55,39.0,59.0,0.8845705402254178,0.13019821220365332,0.2088,35,2060,0.1,0.2,45
20,10,false,,0.09940112036494733,0.10794926003921707,0.01256135273564718,8,1,1.0,19.0,0.5351036740632957,0.0,0.2874,36,2061,0.1,0.2,45
30,15,false,,0.1054439737206565,0.09826905217727681,-0.00928426854079703,12,8,2.0,28.0,0.4600231749710313,0.0,0.281,36,2061,0.1,0.2,45
40,20,true,,0.10798869423760983,0.3197215743494644,0.20944418750344804,34,37,7.0,39.0,0.7930174563591023,0.0,0.2584,36,2061,0.1,0.2,45
20,10,false,,0.12457478011333217,0.4298508971701193,0.30901647905830326,16,16,1.0,19.0,0.8148268047911945,0.0,0.3074,37,2062,0.1,0.2,45
30,15,false,,0.2386380531635927,0.10222171348894743,-0.14974367265817645,5,1,1.0,26.0,0.21822803195352214,0.0,0.2052,37,2062,0.1,0.2,45
40,20,false,,0.11073746212065441,0.5455487820391532,0.42602178549195185,35,36,17.800000000000004,39.0,0.8851597250303276,0.0,0.2578,37,2062,0.1,0.2,45
50,25,false,,0.16394198422241138,0.09500041253077979,-0.08305169802131573,12,5,2.0,47.0,0.2665867306155076,0.12310151878497202,0.2294,37,2062,0.1,0.2,45
60,30,false,,0.30334564864133823,0.10078366363644593,-0.1986376273493188,5,4,1.0,19.0,0.15734118636937316,0.0,0.2024,37,2062,0.1,0.2,45
20,10,false,,0.11133271382477038,0.11180595159227358,0.010443912850001708,10,2,1.0,19.0,0.5091116173120729,0.0,0.2358,38,2063,0.1,0.2,45
30,15,false,,0.07537682279358031,0.6688479688736592,0.5955035256333397,26,27,15.0,29.0,0.9465688842325825,0.0,0.1482,38,2063,0.1,0.2,45
40,20,true,,0.10769866809304754,0.4035621192393056,0.2991157066552147,33,36,12.0,39.0,0.8074909383809907,0.0,0.2758,38,2063,0.1,0.2,45
20,10,true,,0.09764860399410291,0.35520225801071764,0.2788683932067787,14,16,1.0,19.0,0.7596952908587258,0.0,0.2896,39,2064,0.1,0.2,45
20,10,false,,0.12627775422832485,0.13189987124456368,-0.0011118926309370003,11,16,1.0,19.0,0.49737735266892935,0.0,0.3246,40,2065,0.1,0.2,45
30,15,true,,0.1160694890065431,0.34092693683621667,0.23514897299866175,24,26,8.0,29.0,0.7560455192034139,0.0,0.2808,40,2065,0.1,0.2,45
20,10,false,,0.11430436805240968,0.1388790235853794,0.027022966469721077,12,16,1.0,19.0,0.5529332434254889,0.0,0.285,41,2066,0.1,0.2,45
30,15,false,,0.10747929561950426,0.23917942615289525,0.13885438753007665,21,26,1.0,29.0,0.6757782839787395,0.0,0.265,41,2066,0.1,0.2,45
40,20,true,,0.1102056765452857,0.23645869545602677,0.1305623628289017,32,36,2.0,39.0,0.7241242038216561,0.0,0.2614,41,2066,0.1,0.2,45
20,10,false,,0.09322920832519495,0.1015089003060202,0.02258472235391846,12,1,1.0,19.0,0.5509745127436282,0.0,0.255,42,2067,0.1,0.2,45
30,15,true,,0.10364284647227896,0.23447524315628598,0.1443111277995291,22,26,2.0,29.0,0.7328926905132193,0.0,0.2622,42,2067,0.1,0.2,45
20,10,false,,0.12415147317053771,0.12389387816941286,0.009742789229650689,11,16,1.0,19.0,0.5248366013071896,0.0,0.3008,43,2068,0.1,0.2,45
30,15,false,,0.11238212743033138,0.12187142264906412,0.015855450822369374,16,26,2.0,29.0,0.5541871921182266,0.0,0.2886,43,2068,0.1,0.2,45
40,20,false,,0.1200507743495821,0.25367390451653327,0.15486028549832692,31,36,5.0,39.0,0.6845018450184502,0.0,0.272,43,2068,0.1,0.2,45
50,25,false,,0.13838669871232903,0.11629234768044988,-0.02032375265194096,10,6,1.0,47.0,0.4434984520123839,0.10990712074303406,0.2538,43,2068,0.1,0.2,45
60,30,false,,0.1272934744770924,0.14571872816609646,0.027969986513545778,32,5,2.0,55.0,0.6382419233658904,0.09842223891810668,0.2,43,2068,0.1,0.2,45
20,10,false,,0.11381039745465654,0.193357031073098,0.10534540564299695,11,15,1.0,19.0,0.6937053861129137,0.0,0.3178,44,2069,0.1,0.2,45
30,15,false,,0.750452019562654,0.09728469768299411,-0.6585686354822531,2,2,1.0,25.0,0.08116063919259882,0.0,0.1578,44,2069,0.1,0.2,45
40,20,false,,0.13295014360985397,0.21288151446103915,0.097610709909841,31,36,1.0,39.0,0.6270949720670391,0.0,0.2338,44,2069,0.1,0.2,45
50,25,false,,0.11924949021754687,0.17400254220114839,0.05846426451309941,42,47,13.0,49.0,0.6209708737864078,0.45980582524271846,0.2178,44,2069,0.1,0.2,45
60,30,false,,0.1318282777262005,0.406220565187296,0.28786993111849263,52,57,1.0,59.0,0.6136651202024462,0.06663854913538592,0.1902,44,2069,0.1,0.2,45
20,10,false,,0.09714059168737696,0.08055237902803053,-0.015080050591028613,9,3,1.0,19.0,0.42941830307521306,0.0,0.2858,45,2070,0.1,0.2,45
30,15,false,,0.1072051195672413,0.15063160977756734,0.05572826763058481,19,25,1.0,29.0,0.6407547169811321,0.0,0.2796,45,2070,0.1,0.2,45
40,20,true,,0.10819814185053628,0.4791546012664735,0.37430529086811243,34,36,15.0,39.0,0.8305016181229773,0.0,0.2704,45,2070,0.1,0.2,45
20,10,false,,0.13702193978086602,0.1408479977284672,0.010718449422269932,12,15,1.0,19.0,0.5230009262117937,0.0,0.3076,46,2071,0.1,0.2,45
30,15,false,,0.15480995446576226,0.12662410682115183,-0.04758501332185386,8,2,1.0,28.0,0.43807501769285206,0.0,0.265,46,2071,0.1,0.2,45
40,20,false,,0.1522982368514777,0.10805725594196271,-0.053769731643288576,10,6,1.0,38.0,0.3942051086542127,0.0,0.2508,46,2071,0.1,0.2,45
50,25,false,,0.2881567582967475,0.0901158410126785,-0.19448544307458987,6,2,1.0,48.0,0.22131931166347993,0.14674952198852773,0.1646,46,2071,0.1,0.2,45
60,30,false,,0.26347839526845956,0.10508711476029386,-0.16267214496249427,5,4,1.0,21.0,0.21259509721048184,0.0,0.2,46,2071,0.1,0.2,45
20,10,true,,0.1100342412375743,0.17351534695232687,0.07747626651387367,12,16,1.0,19.0,0.7238438832404067,0.0,0.2984,47,2072,0.1,0.2,45
20,10,false,,0.139516153100983,0.215853914809482,0.10950476340293341,13,17,1.0,19.0,0.6507578200580458,0.0,0.288,48,2073,0.1,0.2,45
30,15,false,,0.14761135507148168,0.14362291391557475,0.00390047312828648,10,3,1.0,29.0,0.5166505011315875,0.0,0.2744,48,2073,0.1,0.2,45
40,20,false,,0.1688222238820642,0.11697451691875926,-0.06964885517430956,8,3,1.0,33.0,0.2861549006168609,0.0,0.2368,48,2073,0.1,0.2,45
50,25,false,,0.24851270979329587,0.10699775235540368,-0.1452770203532175,7,3,1.0,47.0,0.21105527638190955,0.10050251256281408,0.221,48,2073,0.1,0.2,45
60,30,false,,0.12437813855369546,0.6227229870583821,0.5012451211778697,56,56,47.0,59.0,0.9822866344605475,0.04066022544283414,0.1868,48,2073,0.1,0.2,45
20,10,false,,0.12681112064741035,0.30049302316981225,0.191282080977535,15,16,2.0,19.0,0.7593818984547461,0.0,0.3144,49,2074,0.1,0.2,45
30,15,false,,0.11508037169185138,0.1678226117050319,0.060721026813215576,23,27,6.0,29.0,0.6617200674536257,0.0,0.2914,49,2074,0.1,0.2,45
40,20,false,,0.16093820803931932,0.1124816430009524,-0.067788220251693,11,1,1.0,38.0,0.3443952802359882,0.0,0.2518,49,2074,0.1,0.2,45
50,25,false,,0.19927925378539293,0.0991277494330585,-0.11660902727531315,6,3,1.0,30.0,0.2280917280917281,0.0004095004095004095,0.2258,49,2074,0.1,0.2,45
60,30,false,,0.1914407216742402,0.10722851814414777,-0.08456872098017483,8,4,1.0,39.0,0.2470449172576832,0.011426319936958234,0.2128,49,2074,0.1,0.2,45
20,10,false,,0.12359265535747413,0.12632461595194844,0.007593396605138851,10,4,1.0,19.0,0.517700552127314,0.0,0.2928,50,2075,0.1,0.2,45
30,15,false,,0.11757975061677021,0.12925382529312857,0.020450157820180656,20,28,3.0,29.0,0.5605953224663359,0.0,0.2734,50,2075,0.1,0.2,45
40,20,false,,0.13066822523194807,0.11892286492483152,-0.017552983575861422,25,2,1.0,39.0,0.46185230518155856,0.0,0.2326,50,2075,0.1,0.2,45
50,25,false,,0.1249754860307283,0.10010277460574969,-0.03473678373111122,27,2,2.0,48.0,0.37214885954381755,0.1516606642657063,0.2564,50,2075,0.1,0.2,45
60,30,false,,0.3337252739555521,0.10434025452556811,-0.2277740315587159,4,2,1.0,17.0,0.1295089091699261,0.0,0.2172,50,2075,0.1,0.2,45
20,10,false,,0.1072979779356839,0.16936217448780197,0.07557954768073441,11,15,1.0,19.0,0.6907915993537964,0.0,0.3338,51,2076,0.1,0.2,45
30,15,false,,0.21713310901098873,0.1143288871584777,-0.12254363888189769,4,1,1.0,27.0,0.33518107908351813,0.0,0.2282,51,2076,0.1,0.2,45
40,20,false,,0.11890840120559514,0.6172930075268155,0.4927233064831277,36,37,26.0,39.0,0.8669478527607362,0.0,0.2412,51,2076,0.1,0.2,45
50,25,true,,0.1265308897648494,0.4139474785251224,0.28890909219340677,43,46,3.0,49.0,0.7233493175949834,0.5189966801918111,0.2422,51,2076,0.1,0.2,45
20,10,false,,0.10476159409341487,0.11421365947212207,0.015193866083696005,11,17,1.0,19.0,0.5364095169430425,0.0,0.3006,52,2077,0.1,0.2,45
30,15,true,,0.10795443192912504,0.37055891742374003,0.2616595198370122,22,26,3.0,29.0,0.821602787456446,0.0,0.2898,52,2077,0.1,0.2,45
20,10,false,,0.08642427987913504,0.0702670124572213,0.0006161662176258353,9,1,1.0,19.0,0.5053554040895814,0.0,0.1554,53,2078,0.1,0.2,45
30,15,false,,0.07845071714395824,0.0736502320942869,-0.00012181310639728521,7,2,1.0,28.225000000000136,0.4925799086757991,0.0,0.1094,53,2078,0.1,0.2,45
40,20,false,,0.2760716629624684,0.06667543713230804,-0.21615103361252078,3,1,1.0,35.0,0.3927536231884058,0.0,0.0408,53,2078,0.1,0.2,45
50,25,false,,0.0814266897453624,0.07958686683572264,-0.007131688584164242,8,4,1.0,18.0,0.48538409245411285,0.0,0.053,53,2078,0.1,0.2,45
60,30,false,,0.07903877694150897,0.08996730725600013,0.010043239889229692,24,23,14.0,43.0,0.6138448707256047,0.03919933277731443,0.0346,53,2078,0.1,0.2,45
20,10,false,,0.10042381035052818,0.598512032742345,0.4832637321100784,16,16,6.0,19.0,0.8983809851877368,0.0,0.2832,54,2079,0.1,0.2,45
30,15,true,,0.12302036015061354,0.3092317372008376,0.19427634833595234,23,26,3.0,29.0,0.7744130656685948,0.0,0.275,54,2079,0.1,0.2,45
20,10,false,,0.19526627621169187,0.09719845526141412,-0.11028374837668908,5,1,1.0,18.0,0.2433931484502447,0.0,0.2826,55,2080,0.1,0.2,45
30,15,false,,0.10499999727111482,0.16860769056507505,0.06217805759520391,24,26,7.0,29.0,0.6407695153533112,0.0,0.2734,55,2080,0.1,0.2,45
40,20,false,,0.1193666720244981,0.11583789169218076,-8.209980741993861e-5,27,35,1.0,38.0,0.4986397201710066,0.0,0.2628,55,2080,0.1,0.2,45
50,25,true,,0.10467408513885905,0.4896873542554079,0.3745885492875185,42,45,13.0,49.0,0.8367258553486357,0.516240796881767,0.2156,55,2080,0.1,0.2,45
20,10,false,,0.1079086223235289,0.44270327988025365,0.3433486497552608,15,16,2.0,19.0,0.7590815627141878,0.0,0.298,56,2081,0.1,0.2,45
30,15,false,,0.13614884050940457,0.12245399658137517,-0.013433344104609501,11,1,1.0,28.0,0.4839319470699433,0.0,0.2126,56,2081,0.1,0.2,45
40,20,true,,0.11084504640716834,0.2005529158248056,0.10660665498361278,29,36,4.0,39.0,0.7133359405553383,0.0,0.2656,56,2081,0.1,0.2,45
20,10,false,,0.08533792739099545,0.33602677275315923,0.25265313062652794,15,16,4.0,19.0,0.8175182481751825,0.0,0.2904,57,2082,0.1,0.2,45
30,15,false,,0.1273799542520384,0.11186369424093785,-0.01185414346466307,8,2,1.0,28.0,0.47287735849056606,0.0,0.2758,57,2082,0.1,0.2,45
40,20,false,,0.14437487142924138,0.10736937479128332,-0.04333387121336656,9,4,1.0,35.0,0.39872408293460926,0.0,0.2702,57,2082,0.1,0.2,45
50,25,false,,0.27383612868930596,0.09501122883340271,-0.18252443108382077,5,3,1.0,22.0,0.17899659863945577,0.0,0.2458,57,2082,0.1,0.2,45
60,30,true,,0.11688170037864395,0.3591690587624642,0.2356232269981227,54,56,32.0,59.0,0.9101214574898785,0.12469635627530365,0.2392,57,2082,0.1,0.2,45
20,10,false,,0.6997589504257808,0.0407076202612742,-0.6634493166480622,1,1,1.0,4.0,0.01157830591102986,0.0,0.0986,58,2083,0.1,0.2,45
30,15,false,,0.08258449875709627,0.1160932017430862,0.040668553556983955,14,2,1.0,29.0,0.5977011494252874,0.0,0.1564,58,2083,0.1,0.2,45
40,20,true,,0.06424670206609087,0.16416469564312053,0.0900183976521111,30,29,21.0,39.0,0.8167281672816729,0.0,0.078,58,2083,0.1,0.2,45
20,10,false,,0.09928737777809689,0.5482718568282685,0.44680325986798863,15,16,3.0,19.0,0.849290780141844,0.0,0.2854,59,2084,0.1,0.2,45
30,15,false,,0.10390749821380475,0.5353312695802034,0.4283386620186977,25,25,12.0,29.0,0.9162616822429906,0.0,0.2834,59,2084,0.1,0.2,45
40,20,true,,0.10826386319036849,0.4628735584097291,0.35017628787052946,33,36,3.0,39.0,0.7650978758850479,0.0,0.2382,59,2084,0.1,0.2,45
20,10,false,,0.09213537892052577,0.45229586259345594,0.36458484165369065,16,17,3.0,19.0,0.8547717842323651,0.0,0.295,60,2085,0.1,0.2,45
30,15,false,,0.08972186114691526,0.16992524864032452,0.08752570229604062,21,26,4.0,29.0,0.6818375159506593,0.0,0.2174,60,2085,0.1,0.2,45
40,20,true,,0.10557786306230481,0.19908257845167,0.10925249914275133,29,35,5.0,39.0,0.7213500784929356,0.0,0.2908,60,2085,0.1,0.2,45
20,10,false,,0.08665309277489189,0.4847864994657772,0.39617030437652323,16,16,2.549999999999997,19.0,0.9198706431908013,0.0,0.2956,61,2086,0.1,0.2,45
30,15,false,,0.1064209812000878,0.10864414931105591,0.0019824991856501745,17,6,1.0,29.0,0.5049741345005969,0.0,0.2504,61,2086,0.1,0.2,45
40,20,false,,0.09644166027140914,0.12089224515873481,0.03236115781173937,25,36,2.0,38.0,0.5819337267362688,0.0,0.1974,61,2086,0.1,0.2,45
50,25,true,,0.09921409577646659,0.20003992680341467,0.10619023849726587,42,43,16.450000000000003,49.0,0.7405329593267882,0.4731182795698925,0.15,61,2086,0.1,0.2,45
20,10,false,,0.08542446696715111,0.14200782703365575,0.053311650091400105,11,17,1.0,19.0,0.5900832702498108,0.0,0.2602,62,2087,0.1,0.2,45
30,15,true,,0.10212816406005555,0.29981043336969837,0.20527128310273124,24,26,2.0,29.0,0.7446457990115322,0.0,0.2604,62,2087,0.1,0.2,45
20,10,false,,0.126993718236774,0.10576038482059134,-0.006444385775152994,9,1,1.0,19.0,0.49355877616747185,0.0,0.2204,63,2088,0.1,0.2,45
30,15,true,,0.09912250991935047,0.3362571713675996,0.23155752982387404,23,26,7.599999999999994,29.0,0.8472795497185741,0.0,0.271,63,2088,0.1,0.2,45
20,10,false,,0.12139281395388525,0.18040779302853555,0.07548074118763354,12,16,1.0,19.0,0.664973007303906,0.0,0.3112,64,2089,0.1,0.2,45
30,15,false,,0.1140171686778888,0.1931999736983327,0.09471199240490594,22,26,4.0,29.0,0.6792323509252913,0.0,0.2928,64,2089,0.1,0.2,45
40,20,false,,0.11340583608902827,0.5419941393266606,0.4204431966440554,36,37,27.0,39.0,0.9048003227107705,0.0,0.2386,64,2089,0.1,0.2,45
50,25,false,,0.11511884445306275,0.17282826552269662,0.06659674843352503,39,47,9.0,49.0,0.65,0.37613636363636366,0.2496,64,2089,0.1,0.2,45
60,30,false,,0.17113330789312123,0.10882999956697563,-0.06097820736829375,6,4,1.0,24.0,0.29973753280839893,0.0,0.1478,64,2089,0.1,0.2,45
20,10,false,,0.12588607982645175,0.25069785796343813,0.16180715342897073,15,17,2.0,19.0,0.7074721780604134,0.0,0.299,65,2090,0.1,0.2,45
30,15,false,,0.12775195187675334,0.26493185412439857,0.16063249169976931,23,1,1.0,29.0,0.580439121756487,0.0,0.2414,65,2090,0.1,0.2,45
40,20,false,,0.12441855761246483,0.1096788486673893,-0.01622485984728725,21,5,1.0,39.0,0.4668564457096381,0.0,0.2112,65,2090,0.1,0.2,45
50,25,false,,0.11056187920927543,0.15727830562493245,0.05670919522970544,38,47,2.0,49.0,0.5991031390134529,0.357847533632287,0.1834,65,2090,0.1,0.2,45
60,30,false,,0.11669169771467604,0.14098879350308502,0.026093323058443703,40,56,15.0,59.0,0.6005361930294906,0.14924039320822163,0.1906,65,2090,0.1,0.2,45
20,10,true,,0.07803682467456641,0.3522663328501476,0.2698419750249056,14,15,3.0,19.0,0.8908629441624365,0.0,0.2876,66,2091,0.1,0.2,45
20,10,false,,0.1037840447033079,0.14089397398050582,0.05182202460953325,11,16,1.0,19.0,0.5788727401630628,0.0,0.291,67,2092,0.1,0.2,45
30,15,false,,0.1625730725352911,0.07982449971821891,-0.11141615844480554,7,1,1.0,28.0,0.3182616330114135,0.0,0.1814,67,2092,0.1,0.2,45
40,20,false,,0.0872418723152742,0.6086290691364542,0.5145236731183022,35,36,20.0,39.0,0.9630856601987695,0.0,0.1686,67,2092,0.1,0.2,45
50,25,false,,0.14936929859082695,0.08176222791211593,-0.0749019874783025,7,4,1.0,34.0,0.2394736842105263,0.0,0.123,67,2092,0.1,0.2,45
60,30,true,,0.09085274718548494,0.22013558911636452,0.1340260898779289,52,54,41.0,58.0,0.7403846153846154,0.1673076923076923,0.106,67,2092,0.1,0.2,45
20,10,false,,0.11963542019690143,0.12572836954185565,0.010780343875328724,10,4,1.0,19.0,0.5323398858592264,0.0,0.3116,68,2093,0.1,0.2,45
30,15,false,,0.12024106766944989,0.14743513951042245,0.05801679937351242,14,1,1.0,29.0,0.6000739918608953,0.0,0.2786,68,2093,0.1,0.2,45
40,20,false,,0.12553770245883894,0.1109102615435196,-0.018235674923001793,8,2,1.0,38.0,0.4522015073383578,0.0,0.2428,68,2093,0.1,0.2,45
50,25,false,,0.576131496611725,0.09824588967613603,-0.47650783516218953,3,1,1.0,19.0,0.06649053280493175,0.0,0.1964,68,2093,0.1,0.2,45
60,30,false,,,,,,,,,,,0.0,68,2093,0.1,0.2,45
20,10,false,,0.09986392343347705,0.16956599513784096,0.0809901138866423,11,15,1.0,19.0,0.6263157894736842,0.0,0.2784,69,2094,0.1,0.2,45
30,15,false,,0.3862069349817267,0.08424915473299606,-0.30485701206621896,3,2,1.0,24.0,0.21943048576214405,0.0,0.2224,69,2094,0.1,0.2,45
40,20,false,,0.11585296962209495,0.0952400381611699,-0.03224551173026134,16,1,1.0,38.0,0.38998682476943347,0.0,0.2166,69,2094,0.1,0.2,45
50,25,true,,0.11361254940150274,0.1948212948946206,0.09466900521020027,39,42,1.0,48.0,0.7037630104083267,0.3622898318654924,0.2638,69,2094,0.1,0.2,45
20,10,false,,0.7032095579411012,0.12500037075886059,-0.5846232711135863,2,1,1.0,17.90000000000009,0.19412844036697247,0.0,0.184,70,2095,0.1,0.2,45
30,15,false,,0.15443964100313926,0.14091992868144357,-0.010093867939030818,21,27,1.0,29.0,0.47096774193548385,0.0,0.2286,70,2095,0.1,0.2,45
40,20,false,,0.14451777340656727,0.16682535797462708,0.09197997563868866,17,38,2.0,39.0,0.5557917109458024,0.0,0.2398,70,2095,0.1,0.2,45
50,25,false,,0.1245390432395785,0.2406701336822245,0.10967579528738589,44,46,34.0,49.0,0.688195991091314,0.6221232368225686,0.2196,70,2095,0.1,0.2,45
60,30,false,,0.197043188418637,0.12360096977514116,-0.08110708004276763,6,4,1.0,31.0,0.2636518771331058,0.0,0.1316,70,2095,0.1,0.2,45
20,10,false,,0.12025279567112296,0.32490515150877874,0.21880299174217924,14,16,1.0,19.0,0.6824019437695245,0.0,0.2802,71,2096,0.1,0.2,45
30,15,false,,0.11854774915187874,0.14706853704245001,0.05504122342559112,16,26,1.0,29.0,0.6225189462287982,0.0,0.2822,71,2096,0.1,0.2,45
40,20,true,,0.11384272072494038,0.22707220983482992,0.11950490814498488,30,35,2.0,39.0,0.7685385169186465,0.0,0.2786,71,2096,0.1,0.2,45
20,10,false,,0.06609102690777968,0.46454281729392843,0.39816633902345205,16,17,1.0,19.0,0.8501655629139073,0.0,0.186,72,2097,0.1,0.2,45
30,15,false,,0.13106343891292627,0.13036326425518735,0.01582397903069175,13,1,1.0,29.0,0.5155007949125596,0.0,0.2638,72,2097,0.1,0.2,45
40,20,false,,0.10989150451894517,0.13555834304861894,0.042779077522605624,22,36,1.6750000000000043,39.0,0.6088516746411483,0.0,0.2704,72,2097,0.1,0.2,45
50,25,false,,0.14121559012296872,0.10777753049473207,-0.033029382799683815,12,4,1.0,43.0,0.37937819756001573,0.04171585989767808,0.2614,72,2097,0.1,0.2,45
60,30,false,,0.15818009248817094,0.12012305747748539,-0.044657954788506496,20,1,1.0,55.0,0.40186125211505924,0.15186125211505921,0.2168,72,2097,0.1,0.2,45
20,10,false,,0.07597831391610174,0.13045920279602738,0.06031399271732268,13,16,1.0,19.0,0.6099058534588621,0.0,0.1984,73,2098,0.1,0.2,45
30,15,false,,0.09838124246014415,0.13369115922366914,0.04078382493918868,15,12,2.0,29.0,0.607457898957498,0.0,0.2874,73,2098,0.1,0.2,45
40,20,true,,0.10350256157942658,0.2665536115343234,0.16021503271445625,33,36,4.0,39.0,0.7331660393140945,0.0,0.2492,73,2098,0.1,0.2,45
20,10,false,,0.08687306613508514,0.09618755222994177,0.007691163258252115,8,1,1.0,19.0,0.532967032967033,0.0,0.2508,74,2099,0.1,0.2,45
30,15,true,,0.07360071321991514,0.501168314964415,0.4234729977919771,24,26,6.850000000000001,29.0,0.8771498771498771,0.0,0.1732,74,2099,0.1,0.2,45
20,10,false,,0.28546648765295457,0.08169062485482864,-0.23612702855798273,5,2,1.0,18.0,0.2182223638101306,0.0,0.2738,75,2100,0.1,0.2,45
30,15,false,,0.15752920942355822,0.11492491036469572,-0.06297313525247997,9,4,1.0,28.0,0.32443125618199803,0.0,0.2788,75,2100,0.1,0.2,45
40,20,false,,0.16539571164729006,0.11025147402140187,-0.08675326642303104,14,3,1.0,38.07499999999982,0.33952823445318087,0.0,0.2454,75,2100,0.1,0.2,45
50,25,false,,0.1614350715564088,0.12029757385376606,-0.05778396705900794,10,2,1.0,48.0,0.3937902309731162,0.16243847027641045,0.2118,75,2100,0.1,0.2,45
60,30,false,,0.23870882319250264,0.1262543832440576,-0.11290126675468062,5,3,1.0,15.0,0.19973890339425587,0.0,0.0892,75,2100,0.1,0.2,45
20,10,false,,0.14932595618165254,0.15830142523009744,0.013079472919553525,12,16,1.0,19.0,0.532538955087076,0.0,0.3032,76,2101,0.1,0.2,45
30,15,false,,0.6055843678371645,0.09090940732774239,-0.5217812802031379,3,1,1.0,19.0,0.09743384121892543,0.0,0.191,76,2101,0.1,0.2,45
40,20,false,,0.23706758702284866,0.10156568030728962,-0.14871511566106158,6,3,1.0,37.0,0.2005878030859662,0.0,0.2238,76,2101,0.1,0.2,45
50,25,false,,0.17487467462195616,0.10418328564830939,-0.08391132170658773,12,3,1.0,48.0,0.3584672435105068,0.23279769262463948,0.2122,76,2101,0.1,0.2,45
60,30,false,,0.1396032507376857,0.10670649291529995,-0.049496342954956314,31,5,1.0,56.0,0.3389366692728694,0.19390148553557468,0.199,76,2101,0.1,0.2,45
20,10,true,,0.09175572005694417,0.23187112058606998,0.16032687848223015,14,15,1.0,19.0,0.7230496453900709,0.0,0.2936,77,2102,0.1,0.2,45
20,10,false,,0.10020490275380722,0.09533907613362173,-0.011010415239529142,12,17,1.0,19.0,0.45799070432606365,0.0,0.2748,78,2103,0.1,0.2,45
30,15,false,,0.09656825746036309,0.14923247768695977,0.05743287316238209,21,25,3.0,29.0,0.6499416569428238,0.0,0.2906,78,2103,0.1,0.2,45
40,20,false,,0.11357983248033529,0.18792009864957274,0.08010126910334807,29,33,4.0,38.0,0.6565055762081784,0.0,0.2946,78,2103,0.1,0.2,45
50,25,true,,0.11466130591376046,0.20522672364805652,0.09925231894480965,39,41,4.0,49.0,0.7247890719164323,0.35235034150261146,0.27,78,2103,0.1,0.2,45
20,10,true,,0.07155309991621693,0.22250554513053689,0.1637993346269789,13,17,1.0,19.0,0.7778628877824588,0.0,0.2756,79,2104,0.1,0.2,45
20,10,false,,0.12037166710569498,0.3074206908235439,0.19147292541268998,15,16,1.0,19.0,0.6364601769911504,0.0,0.2694,80,2105,0.1,0.2,45
30,15,true,,0.10798559324827091,0.23660106573015502,0.1344842096516971,24,26,5.0,29.0,0.8147755390597384,0.0,0.288,80,2105,0.1,0.2,45
20,10,false,,0.13772474727107828,0.12774397321217265,0.0014535176339121325,9,1,1.0,19.0,0.5019117135905458,0.0,0.2596,81,2106,0.1,0.2,45
30,15,false,,0.14568371764660248,0.12407769554430255,-0.020159368138319894,11,2,1.0,27.0,0.4431319608504894,0.0,0.2764,81,2106,0.1,0.2,45
40,20,false,,0.12057449924098969,0.23052346292270218,0.12959613495242625,33,37,2.0,39.0,0.6767863754165124,0.0,0.2576,81,2106,0.1,0.2,45
50,25,false,,0.1267449032616479,0.12063380728607612,-0.01198252772066407,31,2,2.0,49.0,0.4769585253456221,0.18855606758832566,0.2474,81,2106,0.1,0.2,45
60,30,false,,0.12196115394614597,0.1344184485287867,0.014406002022674946,45,41,8.0,58.0,0.5482290881688018,0.22456669178598343,0.195,81,2106,0.1,0.2,45
20,10,false,,0.10740823047118302,0.38847817737717183,0.280635386254112,15,16,3.0,19.0,0.7888888888888889,0.0,0.2862,82,2107,0.1,0.2,45
30,15,true,,0.10940318924411283,0.4775598637403099,0.37269830575585167,24,28,1.0,29.0,0.7856043110084681,0.0,0.2734,82,2107,0.1,0.2,45
20,10,false,,0.24818925654088375,0.1352761454579591,-0.11890919431185118,5,2,1.0,19.0,0.3320450885668277,0.0,0.2706,83,2108,0.1,0.2,45
30,15,false,,0.14603151247019408,0.13985520310201138,-0.007706378698378619,16,3,1.0,29.0,0.48026315789473684,0.0,0.2724,83,2108,0.1,0.2,45
40,20,false,,0.13466277487769576,0.21004091463861535,0.0911151279403598,34,37,15.0,39.0,0.6743282615733247,0.0,0.2412,83,2108,0.1,0.2,45
50,25,false,,0.13591040669213802,0.12730934862869933,-0.012363502285578809,38,47,3.0,49.0,0.45728476821192054,0.30496688741721856,0.232,83,2108,0.1,0.2,45
60,30,false,,0.13669981968756087,0.13368915806150056,-0.004601306013458956,44,56,3.0,59.0,0.48277015724322514,0.07159585145533623,0.1986,83,2108,0.1,0.2,45
20,10,false,,0.07646900722304478,0.617256922661064,0.5397595028473001,16,16,8.0,19.0,0.9699687987519501,0.0,0.2806,84,2109,0.1,0.2,45
30,15,false,,0.10693896685129618,0.13012597115216074,0.03299559126012372,16,27,1.0,29.0,0.5741857659831122,0.0,0.2718,84,2109,0.1,0.2,45
40,20,false,,0.09677799249982785,0.12502061422451802,0.03229749823593751,29,30,9.0,39.0,0.609375,0.0,0.2276,84,2109,0.1,0.2,45
50,25,false,,0.09945143935676562,0.10592276163847948,0.0036415708765102223,31,45,14.0,48.0,0.5069316081330869,0.20841035120147874,0.1666,84,2109,0.1,0.2,45
60,30,false,,0.15605901857242752,0.08726202722963543,-0.0713761541884421,10,3,2.0,36.0,0.2560446373217607,0.0,0.081,84,2109,0.1,0.2,45
20,10,false,,0.07298777943039467,0.18680049162382842,0.13069958699782883,15,16,3.0,19.0,0.7390599675850892,0.0,0.2356,85,2110,0.1,0.2,45
30,15,true,,0.11074915931198057,0.26165249277990554,0.16241521101921824,21,25,2.0,29.0,0.7817119284977656,0.0,0.2926,85,2110,0.1,0.2,45
20,10,false,,0.08608260657411673,0.10884760584619357,0.02183967772760788,10,7,1.0,19.0,0.5622460288141854,0.0,0.263,86,2111,0.1,0.2,45
30,15,false,,0.12115113965686623,0.10334250638413356,-0.020986280725699066,12,2,1.0,27.0,0.43967828418230565,0.0,0.2888,86,2111,0.1,0.2,45
40,20,true,,0.10565056925841505,0.22565098053800667,0.11849915113255152,31,33,16.0,39.0,0.7540007443245255,0.0,0.2926,86,2111,0.1,0.2,45
20,10,false,,0.1446991676745053,0.14281821357182295,0.005253982647961522,9,3,1.0,19.0,0.510515086863761,0.0,0.3256,87,2112,0.1,0.2,45
30,15,false,,0.11748413327699472,0.1983251418379981,0.11379729855919905,20,26,1.0,29.0,0.6496952312656866,0.0,0.2828,87,2112,0.1,0.2,45
40,20,true,,0.10590525763503006,0.2750145776898044,0.1623468927735044,34,36,23.425000000000004,39.0,0.7217249796582588,0.0,0.2294,87,2112,0.1,0.2,45
20,10,false,,0.1377402552968081,0.39606284734815544,0.2700283870190362,16,16,3.0,19.0,0.7916133162612036,0.0,0.2882,88,2113,0.1,0.2,45
30,15,false,,0.15169466226748804,0.1636398889983917,0.026386772451540613,20,25,1.0,29.0,0.5567465321563683,0.0,0.267,88,2113,0.1,0.2,45
40,20,false,,0.15939850102290606,0.10803303431896176,-0.06849409764752237,13,6,1.0,36.0,0.2235707441711913,0.0,0.257,88,2113,0.1,0.2,45
50,25,false,,0.7047292545894275,0.09695952809828297,-0.6086541701252413,3,2,1.0,24.0,0.026050420168067228,0.0,0.1524,88,2113,0.1,0.2,45
60,30,false,,0.17019921305626928,0.11173704392848968,-0.06623328389004313,10,6,1.0,29.0,0.2229650019661817,0.0015729453401494297,0.165,88,2113,0.1,0.2,45
20,10,true,,0.13108768156167463,0.26590927929880565,0.16494400389329358,14,17,2.0,19.0,0.7060500475134621,0.0,0.3306,89,2114,0.1,0.2,45
20,10,false,,0.13780731436754257,0.11265796803771676,-0.02891907392623401,8,4,1.0,19.0,0.4382716049382716,0.0,0.3032,90,2115,0.1,0.2,45
30,15,true,,0.10358113881501203,0.24682715641969905,0.14597451784009408,23,25,4.0,29.0,0.7260934025203855,0.0,0.2832,90,2115,0.1,0.2,45
20,10,false,,0.11707166970294197,0.16187569116164777,0.05954874014247635,13,1,1.0,19.0,0.5744211686879823,0.0,0.2454,91,2116,0.1,0.2,45
30,15,false,,0.21934612148767763,0.0977524983601642,-0.12743152652400358,5,1,1.0,27.0,0.301879555044112,0.0,0.2712,91,2116,0.1,0.2,45
40,20,false,,0.12514926347456307,0.10387983792822392,-0.02257709854318002,17,2,1.0,38.0,0.4368353891960868,0.0,0.2386,91,2116,0.1,0.2,45
50,25,true,,0.11260634557408172,0.258436126916005,0.15273052912021468,43,46,27.0,49.0,0.7573156457276629,0.5317986734295748,0.2736,91,2116,0.1,0.2,45
20,10,true,,0.1230844002290373,0.3267966873242336,0.19758327440246476,14,16,1.0,19.0,0.7184760620364127,0.0,0.2584,92,2117,0.1,0.2,45
20,10,true,,0.1260572421396702,0.21897995771498327,0.11320513111595554,12,18,2.0,19.0,0.7025078369905956,0.0,0.317,93,2118,0.1,0.2,45
20,10,false,,0.11197275980447817,0.1540835181459308,0.05438810511172498,11,14,1.0,19.0,0.6190954773869347,0.0,0.3078,94,2119,0.1,0.2,45
30,15,false,,0.13428507878703286,0.43282739450050967,0.3005496437442077,23,1,1.0,29.0,0.6111324376199616,0.0,0.2448,94,2119,0.1,0.2,45
40,20,false,,0.15408472038840396,0.10046810950134116,-0.07220476490167814,7,1,1.0,37.0,0.30766010883214734,0.0,0.229,94,2119,0.1,0.2,45
50,25,false,,0.15665203719203552,0.10648191579700395,-0.05460173150388159,8,4,1.0,24.0,0.2914308811641067,0.0,0.2414,94,2119,0.1,0.2,45
60,30,false,,0.18913583037380594,0.1115629319413098,-0.08122111824961939,5,2,1.0,24.0,0.2841296928327645,0.0,0.1982,94,2119,0.1,0.2,45
20,10,false,,0.07161507765737311,0.739485064086568,0.6643142146696108,16,17,4.0,19.0,0.9454166666666667,0.0,0.2028,95,2120,0.1,0.2,45
30,15,false,,0.10364542264402524,0.1787775920428381,0.09647469406994175,22,26,2.0,29.0,0.67872258560985,0.0,0.276,95,2120,0.1,0.2,45
40,20,false,,0.14015986663731886,0.09939231254212329,-0.049782755612505725,12,5,1.0,37.59999999999991,0.320139697322468,0.0,0.2728,95,2120,0.1,0.2,45
50,25,false,,0.1278415854440018,0.12083892898650052,0.00020235537453818647,18,1,1.0,48.0,0.5,0.2138157894736842,0.2606,95,2120,0.1,0.2,45
60,30,true,,0.11543349087906543,0.5540243784996556,0.4368819707974833,50,57,12.0,59.0,0.8564335953661564,0.1894911046752172,0.2306,95,2120,0.1,0.2,45
20,10,true,,0.09182026537525789,0.23267697474819327,0.15560920623213986,12,16,2.0,19.0,0.7002373685995252,0.0,0.3132,96,2121,0.1,0.2,45
20,10,false,,0.09289156578051713,0.18059654647944864,0.0979826747251705,13,17,1.0,19.0,0.6381818181818182,0.0,0.2868,97,2122,0.1,0.2,45
30,15,false,,0.0934198805626284,0.1090111264341064,0.013414872816848267,18,2,1.0,29.0,0.5350210970464135,0.0,0.2168,97,2122,0.1,0.2,45
40,20,true,,0.1042807109104285,0.5954772842436992,0.4870536373528345,33,36,2.0,39.0,0.7979319258940112,0.0,0.2292,97,2122,0.1,0.2,45
20,10,false,,0.12835432753174622,0.5540345967737277,0.42432332306117454,17,17,4.0,19.0,0.9180219050779953,0.0,0.2856,98,2123,0.1,0.2,45
30,15,false,,0.13300751975590627,0.11835764986702675,-0.017792829121027833,12,4,1.0,28.0,0.4507231752438614,0.0,0.2916,98,2123,0.1,0.2,45
40,20,false,,0.4442854759377127,0.09724879587743893,-0.3584588867319495,3,1,1.0,22.0,0.06919831223628692,0.0,0.1906,98,2123,0.1,0.2,45
50,25,false,,0.18727788805167186,0.10231190135967698,-0.09317963723270142,6,4,1.0,31.0,0.24429315178213856,0.0,0.23,98,2123,0.1,0.2,45
60,30,false,,0.12504699154836327,0.12285049363847957,-0.008798787598866806,43,56,1.0,58.0,0.4728862973760933,0.1055393586005831,0.1306,98,2123,0.1,0.2,45
20,10,false,,0.1837077082129336,0.10711899975076097,-0.09707376322228123,7,1,1.0,19.0,0.3211752786220871,0.0,0.2786,99,2124,0.1,0.2,45
30,15,false,,0.13838335606781815,0.09530730379066138,-0.056016123709305435,9,7,1.0,28.0,0.3369950389794472,0.0,0.2928,99,2124,0.1,0.2,45
40,20,false,,0.4215218525580811,0.09690724420931758,-0.3210375441323744,4,1,1.0,28.0,0.12609238451935081,0.0,0.213,99,2124,0.1,0.2,45
50,25,false,,0.12495750504610871,0.1601075762898298,0.0725889800670674,36,46,1.0,49.0,0.6220374220374221,0.3646569646569647,0.2414,99,2124,0.1,0.2,45
60,30,true,,0.1216082375145652,0.16119968132982362,0.08475713440138288,25,55,1.0,59.0,0.710948905109489,0.035036496350364967,0.1492,99,2124,0.1,0.2,45
20,10,false,,0.10662927393976948,0.6101458145283555,0.5081456478231259,15,16,2.0,19.0,0.8384336952945047,0.0,0.3136,100,2125,0.1,0.2,45
30,15,false,,0.12318385364898321,0.09494838962713398,-0.027334842535298845,12,3,1.0,28.0,0.444047619047619,0.0,0.2456,100,2125,0.1,0.2,45
40,20,false,,0.1468019564759096,0.09701603856023877,-0.061703384998394846,8,3,1.0,35.0,0.31305398871877516,0.0,0.2586,100,2125,0.1,0.2,45
50,25,false,,0.13563043746863607,0.1331678192870385,0.02575682711187985,16,2,1.0,48.0,0.5239915074309979,0.2645435244161359,0.2344,100,2125,0.1,0.2,45
60,30,true,,0.12237280801771373,0.21229569646464852,0.10025574546094765,46,51,2.0,59.0,0.7201327433628318,0.1544985250737463,0.2216,100,2125,0.1,0.2,45
20,10,false,,0.10356547569236209,0.17216038767410055,0.08969683324589424,12,15,1.0,19.0,0.6225574220089133,0.0,0.2978,101,2126,0.1,0.2,45
30,15,false,,0.11104154449236053,0.16245283416306938,0.07225005883062666,20,1,1.0,29.0,0.622336227308603,0.0,0.241,101,2126,0.1,0.2,45
40,20,true,,0.11207224013190137,0.31278286697923136,0.201082086696792,31,35,2.0,39.0,0.7449175297276563,0.0,0.2828,101,2126,0.1,0.2,45
20,10,false,,0.11758953254218259,0.1696258271922452,0.0757120611604315,11,17,1.0,19.0,0.6079088471849866,0.0,0.3038,102,2127,0.1,0.2,45
30,15,true,,0.0982208094062984,0.2146974121471852,0.10632621624196766,24,25,5.0,29.0,0.753607103218646,0.0,0.2724,102,2127,0.1,0.2,45
20,10,false,,0.13336624185945475,0.11700583013890946,-0.021595957348420403,8,3,1.0,18.0,0.4489990467111535,0.0,0.311,103,2128,0.1,0.2,45
30,15,false,,0.12341040924344539,0.16102697487018458,0.04993909085373674,21,26,1.0,29.0,0.6018018018018018,0.0,0.267,103,2128,0.1,0.2,45
40,20,false,,0.10825885524910274,0.24228255040783042,0.13880581686212815,34,36,2.0,39.0,0.6764091858037579,0.0,0.2144,103,2128,0.1,0.2,45
50,25,true,,0.11546388477771034,0.40830009127764677,0.2889685172671298,40,46,3.0,49.0,0.7487159225602529,0.4109047807190834,0.2702,103,2128,0.1,0.2,45
20,10,true,,0.08794794527313846,0.42478891535569413,0.33714527869242267,14,16,4.0,19.0,0.9138627187079408,0.0,0.3132,104,2129,0.1,0.2,45
20,10,false,,0.11465194633019292,0.16457180982631256,0.0449367426568779,12,14,2.0,19.0,0.6356374807987711,0.0,0.3378,105,2130,0.1,0.2,45
30,15,true,,0.11085106068605198,0.34896668986404566,0.2464446297467936,24,27,2.0,29.0,0.7746844840386043,0.0,0.2682,105,2130,0.1,0.2,45
20,10,false,,0.1720242600050548,0.10946484464505628,-0.07727983871576359,5,1,1.0,18.0,0.3778584392014519,0.0,0.2596,106,2131,0.1,0.2,45
30,15,true,,0.11520796168292716,0.25345226415817307,0.14598179815601098,23,27,2.0,29.0,0.7477351916376307,0.0,0.2832,106,2131,0.1,0.2,45
20,10,false,,0.11944458859307706,0.17227445944558786,0.07006990174386542,13,16,1.0,19.0,0.6134371957156767,0.0,0.3068,107,2132,0.1,0.2,45
30,15,false,,0.12200094333651576,0.11289297649505634,-0.007265951854992778,16,25,1.4249999999999972,29.0,0.4799123447772096,0.0,0.2744,107,2132,0.1,0.2,45
40,20,false,,0.13555018672878472,0.11157996832250533,-0.019598152203837177,9,4,1.0,38.0,0.44577352472089316,0.0,0.2544,107,2132,0.1,0.2,45
50,25,false,,0.17181196673002402,0.11569947269747291,-0.07343415026243094,7,1,1.0,48.0,0.3977371627502176,0.20496083550913838,0.2204,107,2132,0.1,0.2,45
60,30,false,,0.1374181324131883,0.11261069349267191,-0.04249761029594824,34,2,1.0,58.0,0.39397496087636935,0.11737089201877934,0.2338,107,2132,0.1,0.2,45
20,10,false,,0.07413484881637972,0.6692741120133525,0.586318079903571,16,16,4.0,19.0,0.9063625450180072,0.0,0.2418,108,2133,0.1,0.2,45
30,15,true,,0.06628556091959817,0.2633556652791819,0.19623063977576338,23,26,12.0,29.0,0.8972182932578973,0.0,0.1428,108,2133,0.1,0.2,45
20,10,false,,0.20679162031304635,0.10964170083408604,-0.11161482113902779,5,3,1.0,18.0,0.343460185481292,0.0,0.2906,109,2134,0.1,0.2,45
30,15,false,,0.12667484073763027,0.11145149383080422,-0.008780537410119096,11,26,1.0,29.0,0.4864864864864865,0.0,0.2758,109,2134,0.1,0.2,45
40,20,false,,0.6456906273172325,0.08783881994814108,-0.5557047650525629,3,2,1.0,30.0,0.08881578947368421,0.0,0.2092,109,2134,0.1,0.2,45
50,25,true,,0.11444923902416157,0.28004495520610345,0.1616962810770608,44,45,27.0,49.0,0.7691089108910891,0.5904950495049505,0.2396,109,2134,0.1,0.2,45
20,10,false,,0.09352066030093804,0.47409071577573525,0.3728449699240486,16,16,5.0,19.0,0.8951729106628242,0.0,0.2972,110,2135,0.1,0.2,45
30,15,true,,0.10864891139891876,0.3072463255037711,0.20227657780845895,24,26,15.0,29.0,0.8392170569730864,0.0,0.2792,110,2135,0.1,0.2,45
20,10,false,,0.08593868340903267,0.3354242720851938,0.24098702498528693,15,16,2.0,19.0,0.8211411850768106,0.0,0.2904,111,2136,0.1,0.2,45
30,15,false,,0.12818920507823958,0.14106604814425325,0.03397497930252106,13,1,1.0,29.0,0.5500758725341427,0.0,0.2604,111,2136,0.1,0.2,45
40,20,false,,0.1298022490180683,0.10177051289327384,-0.037781749868555356,11,3,1.0,37.0,0.3924,0.0,0.255,111,2136,0.1,0.2,45
50,25,true,,0.11257887549640871,0.45385006311480314,0.34049408289669414,44,46,33.0,49.0,0.8461538461538461,0.6221252973830294,0.255,111,2136,0.1,0.2,45
20,10,false,,0.12827601134217617,0.15349886593792214,0.03442595781091706,13,16,1.0,19.0,0.5860771401693321,0.0,0.3078,112,2137,0.1,0.2,45
30,15,false,,0.11851348433769279,0.1344186140906795,0.03579214563079948,19,25,2.0,29.0,0.5773375043448036,0.0,0.2862,112,2137,0.1,0.2,45
40,20,false,,0.11167949567491038,0.13198185179031188,0.026888849219473945,30,36,3.0,39.0,0.6108108108108108,0.0,0.2548,112,2137,0.1,0.2,45
50,25,false,,0.22435800751365836,0.10211446209419275,-0.12698746751498935,5,1,1.0,23.0,0.17774936061381075,0.0,0.226,112,2137,0.1,0.2,45
60,30,false,,0.15422363639704154,0.11933423961578003,-0.034501491486197626,13,1,1.0,57.0,0.42474916387959866,0.09824414715719064,0.2162,112,2137,0.1,0.2,45
20,10,false,,0.08125012497310236,0.15263754173344293,0.0780226989519619,12,16,2.0,19.0,0.6762146482958665,0.0,0.2998,113,2138,0.1,0.2,45
30,15,false,,0.09041767195125604,0.10095047215414125,0.016024449153885387,14,7,1.0,29.0,0.5614266842800528,0.0,0.2214,113,2138,0.1,0.2,45
40,20,false,,0.41209757831838967,0.09577089047159,-0.32409965909543026,5,2,1.0,38.0,0.2526997840172786,0.0,0.227,113,2138,0.1,0.2,45
50,25,false,,0.13750012640595724,0.11028276950250428,-0.03167317826911187,12,8,1.0,47.0,0.38646741386467415,0.07264425072644251,0.2714,113,2138,0.1,0.2,45
60,30,false,,0.11702793143738789,0.1528697803648335,0.05688932067428876,34,15,5.0,58.0,0.6576755255850852,0.15430384767949226,0.2764,113,2138,0.1,0.2,45
20,10,false,,0.1703601320087386,0.13328194097312454,-0.041655492599619814,8,1,1.0,18.0,0.39692307692307693,0.0,0.3048,114,2139,0.1,0.2,45
30,15,false,,0.12127018754747557,0.20524556317267922,0.09821705359973908,24,26,3.0,29.0,0.6685580774365821,0.0,0.2804,114,2139,0.1,0.2,45
40,20,true,,0.11754217449967437,0.287815431947971,0.1685256882110439,34,36,18.625,39.0,0.7455132806891601,0.0,0.2574,114,2139,0.1,0.2,45
20,10,false,,0.09023174107942086,0.14756069302450894,0.06539667187371964,10,16,1.0,19.0,0.6210287443267776,0.0,0.2646,115,2140,0.1,0.2,45
30,15,false,,0.10625907850656426,0.075609935184393,-0.03695789885638297,11,2,1.0,28.0,0.345636126791142,0.0,0.2092,115,2140,0.1,0.2,45
40,20,true,,0.08678251757228699,0.2543092305296204,0.1644170668162097,33,36,8.0,39.0,0.856951871657754,0.0,0.1692,115,2140,0.1,0.2,45
20,10,false,,0.0991487323360363,0.456183047500922,0.3680510955047497,15,16,1.0,19.0,0.7452865064695009,0.0,0.2686,116,2141,0.1,0.2,45
30,15,false,,0.11873754081124406,0.1342280125001375,0.037774093578142126,14,4,2.0,29.0,0.5877726135144798,0.0,0.2902,116,2141,0.1,0.2,45
40,20,false,,0.12528234845941605,0.11001336102764249,-0.007133153042111762,14,8,1.0,38.0,0.47552986512524087,0.0,0.251,116,2141,0.1,0.2,45
50,25,false,,0.2155958276309044,0.10739597260917587,-0.11121249363243818,5,2,1.0,23.0,0.25871717606543265,0.0,0.2064,116,2141,0.1,0.2,45
60,30,true,,0.12069203880365835,0.4321865618542144,0.3093804417809479,52,55,36.0,59.0,0.9123979213066072,0.21714922048997773,0.2394,116,2141,0.1,0.2,45
20,10,false,,0.13471107045235334,0.3203241988883613,0.18994610847154716,15,16,2.0,19.0,0.708969465648855,0.0,0.2986,117,2142,0.1,0.2,45
30,15,false,,0.12471523715688643,0.6325836687490028,0.509867102330604,25,26,2.0,29.0,0.8018607856650586,0.0,0.259,117,2142,0.1,0.2,45
40,20,false,,0.11034338237111159,0.7335072138306007,0.6214905636564301,36,36,30.0,39.0,1.0,0.0,0.2222,117,2142,0.1,0.2,45
50,25,false,,0.11183239812584028,0.1912582869201509,0.08715136139361271,42,47,9.0,49.0,0.6471825063078217,0.4621530698065601,0.1936,117,2142,0.1,0.2,45
60,30,false,,0.19550807772894518,0.10550934263846709,-0.09152196715406145,8,5,1.0,23.0,0.21289537712895376,0.0,0.1278,117,2142,0.1,0.2,45
20,10,false,,0.11983803618305824,0.12292837402639106,0.0020615166328510487,10,15,1.0,19.0,0.5033133480593247,0.0,0.3188,118,2143,0.1,0.2,45
30,15,false,,0.10343337641328518,0.3698063000140892,0.2755287919369594,25,27,3.0,29.0,0.7995159338442921,0.0,0.2822,118,2143,0.1,0.2,45
40,20,false,,0.22805641392655826,0.09590576134539719,-0.13446007131266752,5,1,1.0,22.0,0.1820408163265306,0.0,0.234,118,2143,0.1,0.2,45
50,25,false,,0.2626582396988451,0.09538927289418354,-0.17213713424870983,5,2,1.0,22.0,0.2136006974716652,0.0,0.221,118,2143,0.1,0.2,45
60,30,true,,0.11640238503134924,0.704239242781897,0.5850601934145508,54,54,43.0,59.0,0.9879227053140096,0.15861513687600645,0.249,118,2143,0.1,0.2,45
20,10,false,,0.0793023087480968,0.5539023570730562,0.4734254214748844,15,16,2.0,19.0,0.880074487895717,0.0,0.2922,119,2144,0.1,0.2,45
30,15,false,,0.08829332787446348,0.09539365820081568,0.007644317675748788,13,11,1.7000000000000028,27.0,0.5354394491697043,0.0,0.2348,119,2144,0.1,0.2,45
40,20,false,,0.08587759109704719,0.7387341250132861,0.64329571485533,36,37,22.0,39.0,0.958656330749354,0.0,0.1536,119,2144,0.1,0.2,45
50,25,true,,0.092105908541875,0.19526469640374922,0.09885632194803723,41,44,27.0,49.0,0.7580246913580246,0.4528395061728395,0.1168,119,2144,0.1,0.2,45
20,10,false,,0.07995423417416851,0.266118939763921,0.1892043834973008,15,16,2.0,19.0,0.7579570688378978,0.0,0.2952,120,2145,0.1,0.2,45
30,15,false,,0.24513133786197597,0.06381371469498087,-0.18649497340551924,4,1,1.0,29.0,0.3113258185721954,0.0,0.1322,120,2145,0.1,0.2,45
40,20,false,,0.084807447198999,0.09268264019270576,0.016263139849653677,14,5,2.0,38.0,0.5570752235665439,0.0,0.1186,120,2145,0.1,0.2,45
50,25,false,,0.08959259285406267,0.0933736141701989,-0.004873995861707968,24,24,3.0,40.0,0.4865497076023392,0.012280701754385965,0.0874,120,2145,0.1,0.2,45
60,30,false,,0.08517138507334802,0.11279629631185525,0.0270441197330583,44,42,33.0,56.0,0.5966005665722379,0.398300283286119,0.0714,120,2145,0.1,0.2,45
20,10,false,,0.08248584579524267,0.16473336345701722,0.09568874595241117,14,16,1.0,19.0,0.6660039761431411,0.0,0.2456,121,2146,0.1,0.2,45
30,15,false,,0.10476172066977782,0.14577594785908757,0.05647974137644597,17,25,1.0,29.0,0.6125592417061612,0.0,0.2716,121,2146,0.1,0.2,45
40,20,false,,0.1533179426113565,0.11119165104149614,-0.037526146090273785,8,3,1.0,38.0,0.43824701195219123,0.0,0.256,121,2146,0.1,0.2,45
50,25,true,,0.1145448510620366,0.4198217257516692,0.304470937651494,40,44,7.0,49.0,0.8644933228593873,0.39473684210526316,0.295,121,2146,0.1,0.2,45
20,10,false,,0.10388038083938798,0.21764465417142073,0.1166594399128889,15,16,1.0,19.0,0.6330960854092527,0.0,0.2686,122,2147,0.1,0.2,45
30,15,false,,0.12901213759939267,0.12477101038713723,0.0007212700633543179,12,26,1.0,29.0,0.5027808676307007,0.0,0.2578,122,2147,0.1,0.2,45
40,20,false,,0.11180597269801044,0.44578648950526434,0.33284789034653367,35,37,17.0,39.0,0.8805154236626318,0.0,0.2566,122,2147,0.1,0.2,45
50,25,false,,0.11976712569603344,0.1553681517843623,0.042151921977160105,41,43,2.0,49.0,0.5854119425547997,0.41232048374905517,0.251,122,2147,0.1,0.2,45
60,30,false,,0.1301369639986947,0.12503372289563994,-0.004424035175505339,17,16,3.0,58.0,0.48592592592592593,0.048518518518518516,0.2348,122,2147,0.1,0.2,45
20,10,false,,0.11960898598856638,0.5933228889996475,0.48312508478616156,16,16,3.0,19.0,0.8221534227726178,0.0,0.2822,123,2148,0.1,0.2,45
30,15,false,,0.11092151711713204,0.09884452619137271,-0.014364613144498661,19,25,2.0,29.0,0.4590695997115038,0.0,0.2552,123,2148,0.1,0.2,45
40,20,true,,0.11357217602848711,0.2659021554239978,0.15720405066733908,32,36,2.0,39.0,0.7316888045540797,0.0,0.2644,123,2148,0.1,0.2,45
20,10,false,,0.15175056498370304,0.20376097493934955,0.07597405873923072,10,16,1.0,19.0,0.6638880619231914,0.0,0.3286,124,2149,0.1,0.2,45
30,15,false,,0.14975913327688967,0.11508493178206215,-0.045347299195467726,17,18,2.0,28.0,0.35376794258373206,0.0,0.301,124,2149,0.1,0.2,45
40,20,false,,0.14190464015912402,0.11938075683990018,-0.02206195219148746,19,7,1.0,38.0,0.41570818271442656,0.0,0.2782,124,2149,0.1,0.2,45
50,25,false,,0.12086921563279945,0.12968071676476867,0.01252042422911881,40,45,14.0,49.0,0.5336872192731728,0.38505512454062885,0.1948,124,2149,0.1,0.2,45
60,30,false,,0.12498915201136712,0.21302845769142692,0.08208988744808124,49,55,2.0,58.0,0.6673121611154144,0.12432223082881487,0.1808,124,2149,0.1,0.2,45
20,10,false,,0.14473640980430413,0.09773021005280856,-0.06090565913819344,8,1,1.0,19.0,0.3996138996138996,0.0,0.2468,125,2150,0.1,0.2,45
30,15,false,,0.13650404734158592,0.1407388143486342,0.017469802495123934,11,2,1.0,29.0,0.5306694707325622,0.0,0.2702,125,2150,0.1,0.2,45
40,20,true,,0.11854864403009487,0.42598547070914394,0.33441008327051086,34,36,1.0,39.0,0.7131589871315899,0.0,0.2298,125,2150,0.1,0.2,45
20,10,true,,0.12410814527004115,0.21180958406452563,0.1157073380426425,14,15,2.0,19.0,0.7018091079226451,0.0,0.3228,126,2151,0.1,0.2,45
20,10,true,,0.08648817503722335,0.29819562999626015,0.2144075697519392,14,16,1.0,19.0,0.715153816938853,0.0,0.2898,127,2152,0.1,0.2,45
20,10,false,,0.11847689471780047,0.1334752743172254,0.025263308278344172,9,1,1.0,18.0,0.5493704440026508,0.0,0.3176,128,2153,0.1,0.2,45
30,15,false,,0.11243641754908906,0.1930298218824306,0.10671640450929878,21,26,1.0,29.0,0.6482374768089054,0.0,0.275,128,2153,0.1,0.2,45
40,20,false,,0.1226240781066813,0.10769631126852452,-0.01732067272307948,16,5,1.0,38.0,0.45402077722200845,0.0,0.262,128,2153,0.1,0.2,45
50,25,false,,0.1349162159360238,0.10253977921176562,-0.03866902931071696,12,4,1.0,36.0,0.3690763052208835,0.0012048192771084338,0.2708,128,2153,0.1,0.2,45
60,30,false,,0.12026382878885647,0.12837016688164044,0.012939820064684138,45,56,4.0,58.0,0.5376388317564789,0.17317976141505553,0.1936,128,2153,0.1,0.2,45
20,10,false,,0.07828277796902776,0.14002968975148025,0.07417790948407572,14,16,2.0,19.0,0.6650539635280982,0.0,0.2652,129,2154,0.1,0.2,45
30,15,false,,0.11112734411675888,0.11274738937179984,0.008612060136764146,13,2,1.0,28.0,0.5174628663187475,0.0,0.2812,129,2154,0.1,0.2,45
40,20,false,,0.11272462664186142,0.15010498547088383,0.052488259270198664,25,34,3.0,39.0,0.6431870669745958,0.0,0.2914,129,2154,0.1,0.2,45
50,25,false,,0.12354318572738443,0.14538501110139865,0.03563333486237988,28,2,1.0,48.0,0.5637668918918919,0.22508445945945946,0.243,129,2154,0.1,0.2,45
60,30,true,,0.45864620407302326,0.5096041359403854,0.050957931867362194,12,12,12.0,12.0,1.0,0.0,0.0002,129,2154,0.1,0.2,45
20,10,false,,0.1203903757620603,0.0700034498024093,-0.06004688683685204,7,1,1.0,19.0,0.3304056879966541,0.0,0.2232,130,2155,0.1,0.2,45
30,15,false,,0.0717401366941102,0.6206908065382692,0.5666743417595415,25,26,3.0,29.0,0.8199195171026157,0.0,0.1378,130,2155,0.1,0.2,45
40,20,false,,0.48350942775542477,0.06252780493968489,-0.41661679714185473,2,1,1.0,17.0,0.15429831006612785,0.0,0.045,130,2155,0.1,0.2,45
50,25,false,,0.09007707395354278,0.08003602327211608,-0.005021590486647173,15,1,1.0,29.0,0.47707847707847706,0.0,0.0402,130,2155,0.1,0.2,45
60,30,false,,0.06662306782471701,0.4103993946420497,0.3627814121038782,56,57,51.0,59.0,1.0,0.0,0.0154,130,2155,0.1,0.2,45
20,10,false,,0.09173496189747589,0.12131846032655652,0.03101799525562743,12,13,1.0,19.0,0.5968911917098445,0.0,0.2968,131,2156,0.1,0.2,45
30,15,false,,0.10063704389025069,0.14685406695903294,0.058244166197446934,17,25,1.0,28.0,0.6320429283250287,0.0,0.2882,131,2156,0.1,0.2,45
40,20,true,,0.10782495792372547,0.29522210251565006,0.19100106260261404,32,37,15.700000000000003,39.0,0.7901137701059239,0.0,0.2708,131,2156,0.1,0.2,45
20,10,false,,0.09439598359326963,0.1677684766671249,0.08092806846585117,13,17,1.0,19.0,0.6385233918128655,0.0,0.2722,132,2157,0.1,0.2,45
30,15,false,,0.09890047247499754,0.1242936631035745,0.03205679376481478,18,25,2.0,28.0,0.6144761904761905,0.0,0.2724,132,2157,0.1,0.2,45
40,20,false,,0.18219715668814732,0.08205985829636334,-0.12080410678292072,6,3,1.0,37.0,0.2862505865790709,0.0,0.177,132,2157,0.1,0.2,45
50,25,false,,0.12631023478442277,0.16328206755449698,0.04679700931052754,38,46,1.0,49.0,0.5691280439905735,0.3554595443833464,0.26,132,2157,0.1,0.2,45
60,30,true,,0.11793891845794938,0.45344556552981885,0.3342315649482527,53,56,4.0,59.0,0.8368765331152903,0.11324611610793131,0.229,132,2157,0.1,0.2,45
20,10,false,,0.10331774072028402,0.0987834865065083,-0.002314432470936989,10,1,1.0,18.0,0.4959378311550689,0.0,0.2902,133,2158,0.1,0.2,45
30,15,true,,0.0839718750166702,0.24764898932195348,0.16166342180868282,24,26,2.0,29.0,0.7944325481798715,0.0,0.2092,133,2158,0.1,0.2,45
20,10,false,,0.14994556602214357,0.6735480348981815,0.5217981765985623,16,17,2.0,19.0,0.8584810973569755,0.0,0.2956,134,2159,0.1,0.2,45
30,15,false,,0.3447689020146154,0.10311832273844315,-0.23452033400086442,3,1,1.0,26.0,0.1342056074766355,0.0,0.2064,134,2159,0.1,0.2,45
40,20,false,,0.188869773000822,0.11101473536871588,-0.10214413304040788,10,1,1.0,38.42500000000018,0.3202662721893491,0.0,0.2406,134,2159,0.1,0.2,45
50,25,false,,0.12529755282068206,0.15278155506664282,0.03158202240767562,39,46,5.0,49.0,0.6302491103202847,0.3736654804270463,0.2528,134,2159,0.1,0.2,45
60,30,true,,0.1283652561154013,0.2141177361391989,0.08736577761492359,52,56,19.0,59.0,0.7060458651841557,0.14315496872828354,0.1922,134,2159,0.1,0.2,45
20,10,false,,0.16296590769785554,0.15335104868907665,-0.00790423242115093,12,16,1.0,19.0,0.48890887290167867,0.0,0.2982,135,2160,0.1,0.2,45
30,15,false,,0.14211396970563994,0.13485739490108462,-0.004725344487246735,20,27,2.0,29.0,0.4854050508363398,0.0,0.2652,135,2160,0.1,0.2,45
40,20,false,,0.13737727372426425,0.17725473695445426,0.07334285341838219,26,36,2.0,39.0,0.5499459069599711,0.0,0.255,135,2160,0.1,0.2,45
50,25,false,,0.12403811695593726,0.17852920350330598,0.07030628445091427,37,46,3.0,49.0,0.6130884041331802,0.3750478377344049,0.25,135,2160,0.1,0.2,45
60,30,true,,0.12166393343214513,0.224687942322587,0.10646990242242124,52,56,23.0,59.0,0.7091648189209164,0.09866962305986696,0.1928,135,2160,0.1,0.2,45
20,10,false,,0.07746226072338941,0.33114718501909585,0.25852083272067977,15,16,1.0,19.0,0.7480854494155582,0.0,0.2448,136,2161,0.1,0.2,45
30,15,false,,0.09803874528508585,0.4166457966908693,0.3154475251154454,25,26,10.0,29.0,0.8702053467648199,0.0,0.2778,136,2161,0.1,0.2,45
40,20,true,,0.10376345090954568,0.4146154852066772,0.3138369056831197,33,38,1.0,39.0,0.7324263038548753,0.0,0.2232,136,2161,0.1,0.2,45
20,10,false,,0.09780206627214244,0.5600469124401879,0.45678458218715773,15,15,1.0,19.0,0.7407550077041603,0.0,0.2724,137,2162,0.1,0.2,45
30,15,false,,0.0982437838068781,0.16117281198837285,0.08546751798340053,21,26,1.0,29.0,0.6701548765173713,0.0,0.2506,137,2162,0.1,0.2,45
40,20,false,,0.09671858909278135,0.1288423543086934,0.04738514708978728,31,36,2.0,39.0,0.5996318453750575,0.0,0.1926,137,2162,0.1,0.2,45
50,25,false,,0.15592617495491132,0.08565763504536213,-0.06655091809146398,5,5,1.0,16.0,0.24987303199593702,0.0,0.1418,137,2162,0.1,0.2,45
60,30,true,,0.09646803994313491,0.36035207946561787,0.25229458006732086,53,56,32.0,59.0,0.7911392405063291,0.16570771001150747,0.0736,137,2162,0.1,0.2,45
20,10,false,,0.08820635027086204,0.13364630897735089,0.057850478038286246,11,18,1.0,19.0,0.6292735042735043,0.0,0.295,138,2163,0.1,0.2,45
30,15,false,,0.10808767998747466,0.10978040607999745,0.010738260130012306,14,9,1.5999999999999943,28.0,0.5348571428571428,0.0,0.3068,138,2163,0.1,0.2,45
40,20,false,,0.10678626268508051,0.15685866039709084,0.05965863081893341,30,37,3.0,39.0,0.688843813387424,0.0,0.2776,138,2163,0.1,0.2,45
50,25,false,,0.6016997515332903,0.09607235471245516,-0.4952248602428517,4,2,1.0,15.0,0.09863013698630137,0.0,0.2258,138,2163,0.1,0.2,45
60,30,false,,,,,,,,,,,0.0,138,2163,0.1,0.2,45
20,10,false,,0.07298330783376066,0.5246777641474455,0.455997231251358,15,17,4.0,19.0,0.921291258614436,0.0,0.3042,139,2164,0.1,0.2,45
30,15,true,,0.09799548527110917,0.26703283446366594,0.16373879436876354,23,26,4.0,29.0,0.7975113122171946,0.0,0.3008,139,2164,0.1,0.2,45
20,10,true,,0.09256862365653987,0.21102342832653528,0.13060663083433294,14,16,3.0,19.0,0.7531797868683396,0.0,0.3028,140,2165,0.1,0.2,45
20,10,false,,0.07588847616279286,0.4084973472327428,0.3328854931834848,15,17,2.0,19.0,0.7102502017756255,0.0,0.2252,141,2166,0.1,0.2,45
30,15,false,,0.07778354333483169,0.11706143805479256,0.04286112078429927,22,24,2.0,29.0,0.5845873233014136,0.0,0.1488,141,2166,0.1,0.2,45
40,20,true,,0.10499769411585426,0.42085656077396666,0.32307479075912937,34,35,5.0,39.0,0.8089120835006022,0.0,0.2782,141,2166,0.1,0.2,45
20,10,false,,0.13443503335848261,0.5976098899490848,0.46899463126756047,16,17,2.0,19.0,0.8770987239758227,0.0,0.2802,142,2167,0.1,0.2,45
30,15,false,,0.12508289623035174,0.14065982462889257,0.031684856067544426,17,25,1.0,29.0,0.5848801889976375,0.0,0.2792,142,2167,0.1,0.2,45
40,20,false,,0.12047987215118554,0.2049578596514786,0.09488738032033998,32,37,5.0,39.0,0.696054034838251,0.0,0.2516,142,2167,0.1,0.2,45
50,25,false,,0.1264653470843206,0.13182611254675802,0.02445794028280779,16,4,1.0,48.0,0.5835411471321695,0.2119700748129676,0.2276,142,2167,0.1,0.2,45
60,30,true,,0.1317720240079092,0.38452180856775314,0.25462184202986504,53,54,40.0,59.0,0.8427694406548432,0.23362892223738063,0.1846,142,2167,0.1,0.2,45
20,10,false,,0.16531035453823842,0.08433639485599632,-0.11061462913208625,5,1,1.0,18.0,0.27965772073123296,0.0,0.2374,143,2168,0.1,0.2,45
30,15,false,,0.08509164327600595,0.26944552446937364,0.19421024117537872,25,26,9.0,29.0,0.7846633972358449,0.0,0.2068,143,2168,0.1,0.2,45
40,20,false,,0.09392242779256035,0.09757883104885481,0.016852299081754687,27,37,1.0,39.0,0.5396586345381527,0.0,0.1394,143,2168,0.1,0.2,45
50,25,false,,0.0923687654614492,0.1184850187777364,0.03118164343327618,39,43,4.0,49.0,0.5859969558599696,0.3607305936073059,0.1118,143,2168,0.1,0.2,45
60,30,false,,0.2681146023581,0.07731628417248529,-0.18216671737224374,4,4,1.0,12.0,0.10256410256410256,0.0,0.0486,143,2168,0.1,0.2,45
20,10,true,,0.1202535296015557,0.34682467404783524,0.24227206724574524,14,16,2.0,19.0,0.7979731938542007,0.0,0.3096,144,2169,0.1,0.2,45
20,10,false,,0.143302058367028,0.13609086087249717,-0.00044233398075821384,10,15,2.0,19.0,0.499388379204893,0.0,0.2946,145,2170,0.1,0.2,45
30,15,false,,0.12171879450638748,0.11474396397531321,0.0022809277819376556,18,24,2.0,28.0,0.5076177285318559,0.0,0.2766,145,2170,0.1,0.2,45
40,20,false,,0.12783450808056893,0.10579051506064681,-0.03600548266130463,24,3,1.0,39.0,0.4058893752487067,0.0,0.2446,145,2170,0.1,0.2,45
50,25,false,,0.21463211220943806,0.10279048172248861,-0.12092431429778205,6,3,1.0,28.0,0.18271119842829076,0.0,0.2376,145,2170,0.1,0.2,45
60,30,true,,0.1213416287619127,0.3119360316283067,0.19827608652210899,50,55,17.0,59.0,0.8510550268928424,0.13115432354158046,0.1716,145,2170,0.1,0.2,45
20,10,false,,0.11463085091458428,0.11287931588720697,0.0009146265830756312,9,16,1.0,18.0,0.5031825795644891,0.0,0.311,146,2171,0.1,0.2,45
30,15,false,,0.12276476827342081,0.11055474951578868,-0.01239793893971533,12,1,1.0,29.0,0.4715151515151515,0.0,0.228,146,2171,0.1,0.2,45
40,20,false,,0.11807012079068191,0.11273128842551067,-0.005124425527338591,19,1,1.0,38.0,0.4888623707239459,0.0,0.2776,146,2171,0.1,0.2,45
50,25,false,,0.11263705422515315,0.21978700845837493,0.1108925067682719,39,46,5.0,49.0,0.6929577464788732,0.3505030181086519,0.2508,146,2171,0.1,0.2,45
60,30,false,,0.2083982057237454,0.10666522057576407,-0.10733389487976955,6,3,1.0,54.0,0.31402439024390244,0.03876306620209059,0.2364,146,2171,0.1,0.2,45
20,10,true,,0.09706534768461289,0.2509029136590858,0.16665091821191022,14,17,1.0,19.0,0.7294364718235912,0.0,0.2982,147,2172,0.1,0.2,45
20,10,false,,0.16069274045775186,0.13469631088492315,-0.04257115236260216,8,1,1.0,19.0,0.44693473961766644,0.0,0.2864,148,2173,0.1,0.2,45
30,15,false,,0.2771238941196778,0.10228520747185263,-0.1736228175446018,5,3,1.0,27.0,0.1631909963588216,0.0,0.256,148,2173,0.1,0.2,45
40,20,false,,0.36818762694704626,0.11254664789363525,-0.2597380633874364,4,2,1.0,20.0,0.13292285403839188,0.0,0.2088,148,2173,0.1,0.2,45
50,25,false,,0.18459144552491538,0.1157083875029974,-0.07428709556828594,9,4,1.0,41.0,0.2781569965870307,0.023890784982935155,0.228,148,2173,0.1,0.2,45
60,30,false,,0.19307604426885677,0.1302330730692056,-0.05938539349618735,5,3,1.0,26.0,0.3138164941092467,0.0,0.1764,148,2173,0.1,0.2,45
20,10,false,,0.07914251152385623,0.1610022381026389,0.09159469631072209,13,15,1.0,19.0,0.6609458428680397,0.0,0.2818,149,2174,0.1,0.2,45
30,15,true,,0.07753944890002022,0.18452541534553635,0.10038267896163364,22,24,2.0,29.0,0.7399813606710158,0.0,0.1826,149,2174,0.1,0.2,45
20,10,true,,0.0839427656753116,0.24655901266521593,0.16488720169553245,14,16,2.0,19.0,0.7643615075009147,0.0,0.297,150,2175,0.1,0.2,45
20,10,false,,0.1985758793790031,0.1021761752070943,-0.10729003272035877,7,2,1.0,19.0,0.24408703878902555,0.0,0.2836,151,2176,0.1,0.2,45
30,15,false,,0.265999089726035,0.07506831548782053,-0.1974661260657436,5,5,1.0,14.0,0.07914201183431953,0.0,0.2462,151,2176,0.1,0.2,45
40,20,false,,0.26981951941929716,0.0838324019841857,-0.19260401123144788,6,3,1.0,37.0,0.14469453376205788,0.0,0.2276,151,2176,0.1,0.2,45
50,25,false,,0.12108571676866346,0.11735777049801974,0.005359138134230668,30,7,3.0,48.0,0.5075593952483801,0.27041036717062633,0.2042,151,2176,0.1,0.2,45
60,30,false,,0.16871884785461583,0.08993022778929191,-0.08726933058865133,8,4,1.0,40.0,0.22575832918945798,0.0174042764793635,0.1328,151,2176,0.1,0.2,45
20,10,true,,0.09239516403158386,0.20922623983040678,0.11888032081224253,14,16,1.0,19.0,0.7005347593582888,0.0,0.2764,152,2177,0.1,0.2,45
20,10,false,,0.14382874958285893,0.10383840935747364,-0.05207743994592941,8,1,1.0,19.0,0.3872340425531915,0.0,0.2958,153,2178,0.1,0.2,45
30,15,false,,0.09685235299850946,0.18138343865876722,0.09564936243376335,24,27,1.0,29.0,0.655860349127182,0.0,0.236,153,2178,0.1,0.2,45
40,20,true,,0.10612061127300847,0.2973614319752546,0.1962119005865765,30,36,3.0,39.0,0.7819868573637417,0.0,0.282,153,2178,0.1,0.2,45
20,10,false,,0.0878557154542866,0.763183517428313,0.6661788667607007,16,16,10.0,19.0,0.9733739064282997,0.0,0.2746,154,2179,0.1,0.2,45
30,15,false,,0.11760244671589605,0.15885750065950616,0.06188180613125731,19,25,1.6499999999999915,29.0,0.6364245061935052,0.0,0.288,154,2179,0.1,0.2,45
40,20,false,,0.19952400892902664,0.10614300307285561,-0.10646683710341989,5,1,1.0,22.0,0.1926751592356688,0.0,0.2252,154,2179,0.1,0.2,45
50,25,false,,0.2119962768984439,0.10811931840176696,-0.10932464461377188,5,2,1.0,18.0,0.2199425523184243,0.0,0.201,154,2179,0.1,0.2,45
60,30,true,,0.12458468398929096,0.4688808617085087,0.34294728639432154,53,54,40.0,59.0,0.8667409057164068,0.15330363771343727,0.214,154,2179,0.1,0.2,45
20,10,false,,0.1391129583404193,0.17304712241483122,0.05530697579263584,12,16,1.0,19.0,0.5819515306122449,0.0,0.3048,155,2180,0.1,0.2,45
30,15,false,,0.12180917555637122,0.1404867034040421,0.02877208323844266,23,26,1.0,29.0,0.5356746765249538,0.0,0.2628,155,2180,0.1,0.2,45
40,20,false,,0.6248111603182682,0.0880628950486684,-0.5464098313420237,3,1,1.0,21.0,0.104340201665936,0.0,0.185,155,2180,0.1,0.2,45
50,25,false,,0.13616818277211498,0.08660172083843128,-0.06447912306097467,19,4,2.0,48.0,0.2688217779668226,0.14674606550404085,0.2082,155,2180,0.1,0.2,45
60,30,false,,0.1325853276048459,0.08498936723813265,-0.06251198495397137,26,6,2.0,57.0,0.23747980613893377,0.12331717824448034,0.121,155,2180,0.1,0.2,45
20,10,true,,0.11605506890787148,0.2181640839675627,0.12285108680659032,14,17,2.0,19.0,0.7114493712772998,0.0,0.31,156,2181,0.1,0.2,45
20,10,false,,0.1885957667809578,0.13641849485744206,-0.06210895667653588,8,1,1.0,19.0,0.3854695431472081,0.0,0.2864,157,2182,0.1,0.2,45
30,15,false,,0.13811521712311653,0.183965334041282,0.05250693179598756,24,26,2.0,29.0,0.5628450795712894,0.0,0.268,157,2182,0.1,0.2,45
40,20,false,,0.1342347005598598,0.10487636897353253,-0.03436717712654197,21,21,4.0,38.0,0.41274238227146814,0.0,0.258,157,2182,0.1,0.2,45
50,25,false,,0.17270832583726828,0.10116764371526647,-0.07575842648513106,10,10,2.0,26.0,0.2249718785151856,0.0,0.2414,157,2182,0.1,0.2,45
60,30,false,,0.37941518425374804,0.11320818200069564,-0.2455940141256427,4,2,1.0,45.0,0.17780690257754478,0.07863695937090433,0.1406,157,2182,0.1,0.2,45
20,10,false,,0.11067409919893291,0.12137562436062307,0.019976779131128462,11,16,1.0,19.0,0.5328005328005329,0.0,0.3052,158,2183,0.1,0.2,45
30,15,false,,0.10210644941135784,0.15017029473860932,0.06078801905230646,21,23,7.0,29.0,0.6471838469713072,0.0,0.303,158,2183,0.1,0.2,45
40,20,false,,0.11503382348642123,0.16970720245613705,0.08533798609667723,26,36,1.0,39.0,0.6772939346811819,0.0,0.272,158,2183,0.1,0.2,45
50,25,true,,0.12304747069321346,0.21955379506657266,0.11023985254566457,40,46,3.0,49.0,0.7123587313160773,0.4097703244622676,0.2568,158,2183,0.1,0.2,45
20,10,false,,0.10678425289096653,0.34973111544040325,0.25475213719599266,15,16,2.0,19.0,0.8026315789473685,0.0,0.303,159,2184,0.1,0.2,45
30,15,true,,0.11558062581159106,0.32548738409214284,0.21130191243937774,24,25,2.0,29.0,0.7758142758142759,0.0,0.2916,159,2184,0.1,0.2,45
20,10,false,,0.11486475207285966,0.10508596199416459,-0.016093409489245397,10,1,1.0,18.0,0.45903325334247513,0.0,0.298,160,2185,0.1,0.2,45
30,15,false,,0.10114884752366465,0.528600092106641,0.41318405509129597,25,25,5.0,29.0,0.8417746368276403,0.0,0.2714,160,2185,0.1,0.2,45
40,20,false,,0.18223479223318417,0.09869984175697072,-0.0913041811578857,7,1,1.0,35.0,0.3025768911055694,0.0,0.2544,160,2185,0.1,0.2,45
50,25,true,,0.10816310203913226,0.5277277229862731,0.40074177717578896,44,45,33.0,49.0,0.9122950819672131,0.5959016393442623,0.2522,160,2185,0.1,0.2,45
20,10,false,,0.1217706743005825,0.11542704604349527,-0.0028263321548756687,13,16,1.0,19.0,0.4947617438323758,0.0,0.2896,161,2186,0.1,0.2,45
30,15,false,,0.08970961944625565,0.13368527087202337,0.05984186465180409,18,26,1.0,29.0,0.6169336384439359,0.0,0.1698,161,2186,0.1,0.2,45
40,20,false,,0.08463693568098388,0.13383510321423522,0.05310099548020419,31,32,14.0,39.0,0.6284584980237155,0.0,0.1292,161,2186,0.1,0.2,45
50,25,false,,0.0779723986946938,0.7137395754549641,0.6086287080497695,45,47,26.0,49.0,0.886875,0.713125,0.058,161,2186,0.1,0.2,45
60,30,false,,0.20392725582471213,0.06989670315624912,-0.12803576894592694,5,5,1.0,9.0,0.12317666126418152,0.0,0.0292,161,2186,0.1,0.2,45
20,10,false,,0.14210067959525752,0.20899775538071563,0.10972553351413816,12,16,1.0,19.0,0.6541019955654102,0.0,0.2962,162,2187,0.1,0.2,45
30,15,false,,0.3374073885270269,0.08927374692661862,-0.25353993850588313,5,2,1.0,28.0,0.17723396366332964,0.0,0.2386,162,2187,0.1,0.2,45
40,20,true,,0.1111236919313065,0.25344901099887596,0.13671268386412544,30,36,12.0,39.0,0.7246763137852247,0.0,0.256,162,2187,0.1,0.2,45
20,10,false,,0.09369368017594151,0.5340370476191808,0.44721210121151145,15,16,5.0,19.0,0.9585997980477954,0.0,0.2914,163,2188,0.1,0.2,45
30,15,false,,0.1530167707515165,0.11229328158962819,-0.06997384216548912,8,1,1.0,28.0,0.34364517331345507,0.0,0.2352,163,2188,0.1,0.2,45
40,20,false,,0.12487110659046453,0.11973528642503993,0.00166934786591931,13,1,1.0,38.0,0.5065913370998116,0.0,0.2418,163,2188,0.1,0.2,45
50,25,false,,0.12128278479223033,0.16170106674699308,0.04260759609840625,40,46,2.0,49.0,0.6091351553725196,0.39423436915013105,0.2504,163,2188,0.1,0.2,45
60,30,false,,0.12735247721643853,0.13981625085328683,0.020379034981564542,30,55,2.0,59.0,0.5654320987654321,0.040329218106995884,0.092,163,2188,0.1,0.2,45
20,10,false,,0.13778226206124217,0.18748068402986737,0.07296089884917073,12,16,2.0,19.0,0.5981566820276498,0.0,0.3162,164,2189,0.1,0.2,45
30,15,false,,0.16527971073459996,0.11394688712571201,-0.06828479828155733,7,2,1.0,25.0,0.342339373970346,0.0,0.2694,164,2189,0.1,0.2,45
40,20,false,,0.15575417955840226,0.10506676787762148,-0.06575239020296561,13,2,1.0,38.0,0.32486187845303865,0.0,0.2288,164,2189,0.1,0.2,45
50,25,false,,0.11985367065214426,0.14513258675499158,0.02949172680976571,41,40,12.0,49.0,0.568,0.388,0.2302,164,2189,0.1,0.2,45
60,30,false,,0.19261985468739987,0.11681342400144976,-0.07854521149021068,8,1,1.0,28.0,0.2002053388090349,0.0,0.0652,164,2189,0.1,0.2,45
20,10,false,,0.13032488473786055,0.08360168504580268,-0.04659338590483206,8,2,1.0,19.0,0.4108170310701956,0.0,0.2328,165,2190,0.1,0.2,45
30,15,false,,0.10447458595767542,0.170104695297013,0.08484228941677059,19,22,2.0,29.0,0.6747676912080057,0.0,0.3004,165,2190,0.1,0.2,45
40,20,false,,0.11695697514735094,0.20503681466481383,0.10201907592104548,31,35,2.0,38.0,0.6459276018099548,0.0,0.2738,165,2190,0.1,0.2,45
50,25,false,,0.1207848948266593,0.11855115783631026,0.008969417754793124,18,8,3.0,39.0,0.5371130175307721,0.011189854531891086,0.2784,165,2190,0.1,0.2,45
60,30,false,,0.13194460721079598,0.12766407203334446,0.010133284146259289,13,4,1.0,58.0,0.5229768198454656,0.10654737698251322,0.2298,165,2190,0.1,0.2,45
20,10,false,,0.15497100798029795,0.099848508021801,-0.06268191215901278,6,1,1.0,19.0,0.3821859474804826,0.0,0.2636,166,2191,0.1,0.2,45
30,15,false,,0.10512453521851621,0.40139605744473134,0.2863287834429598,25,26,4.0,29.0,0.7978203682826005,0.0,0.2708,166,2191,0.1,0.2,45
40,20,false,,0.10493253359453487,0.14422482269695924,0.0502379769664547,28,36,9.0,39.0,0.6347402597402597,0.0,0.2452,166,2191,0.1,0.2,45
50,25,false,,0.12948723049015165,0.09519885568512167,-0.04661825764653722,18,6,2.0,47.0,0.34590163934426227,0.08483606557377049,0.251,166,2191,0.1,0.2,45
60,30,false,,0.13801589744078857,0.12719535871010762,-0.01116000615411103,32,2,1.0,58.0,0.4809917355371901,0.13347107438016528,0.2142,166,2191,0.1,0.2,45
20,10,false,,0.09506161039805053,0.22027392429461617,0.1425013836670305,14,16,1.0,19.0,0.6717134416543574,0.0,0.2768,167,2192,0.1,0.2,45
30,15,false,,0.09785736330316716,0.17545540194591636,0.09774351481476616,16,27,2.0,29.0,0.6931593515223409,0.0,0.2878,167,2192,0.1,0.2,45
40,20,false,,0.14183284019562048,0.09109509895381625,-0.05370739372030654,9,3,1.0,35.0,0.3546819787985866,0.0,0.207,167,2192,0.1,0.2,45
50,25,false,,0.14504982947118303,0.09139528873406336,-0.05626017343781862,6,4,1.0,40.075000000000045,0.3253253253253253,0.023523523523523524,0.159,167,2192,0.1,0.2,45
60,30,true,,0.10441248366898395,0.345302051582635,0.22844664181373492,54,56,22.625000000000007,59.0,0.8241881298992161,0.048152295632698766,0.1074,167,2192,0.1,0.2,45
20,10,true,,0.07038650241040921,0.23801142647603432,0.17958996104385933,13,15,3.0,19.0,0.8054315476190477,0.0,0.2872,168,2193,0.1,0.2,45
20,10,false,,0.11185270156379565,0.11442095365381004,0.009274216079941972,14,17,2.0,19.0,0.525207182320442,0.0,0.2794,169,2194,0.1,0.2,45
30,15,false,,0.13798180290870815,0.09779415805779869,-0.05303252327604173,11,2,1.0,28.0,0.4095536413469068,0.0,0.2642,169,2194,0.1,0.2,45
40,20,true,,0.10033152806995269,0.5352320041809098,0.4345746294962401,34,36,4.0,39.0,0.8450892857142858,0.0,0.2222,169,2194,0.1,0.2,45
20,10,false,,0.140187115433119,0.09725577379356748,-0.04225724334118943,8,5,1.0,19.0,0.3893659180977543,0.0,0.27,170,2195,0.1,0.2,45
30,15,false,,0.10560739931420712,0.7524392678140713,0.6435503745430412,26,26,17.0,29.0,0.9513888888888888,0.0,0.2504,170,2195,0.1,0.2,45
40,20,false,,0.11258319699074601,0.1449486225895331,0.04762796678526149,34,37,2.0,39.0,0.5874840357598978,0.0,0.2144,170,2195,0.1,0.2,45
50,25,true,,0.10929568506738381,0.5472585803279428,0.4465097968731733,44,46,29.0,49.0,0.9223461379595208,0.6650144568360181,0.2558,170,2195,0.1,0.2,45
20,10,false,,0.1884793127202988,0.08943282362747901,-0.11787934560378309,6,2,1.0,18.0,0.20446457457133613,0.0,0.2992,171,2196,0.1,0.2,45
30,15,false,,0.12700954075378687,0.10333924994123458,-0.03315503524992195,13,3,1.0,28.0,0.44013814274750573,0.0,0.213,171,2196,0.1,0.2,45
40,20,false,,0.0915537577645758,0.700829427716344,0.5994181660400906,36,36,22.0,39.0,0.9175557710960233,0.0,0.1626,171,2196,0.1,0.2,45
50,25,true,,0.09122558389563798,0.33805152914171754,0.24425207988647557,44,46,26.0,49.0,0.8470705064548163,0.5988083416087389,0.1186,171,2196,0.1,0.2,45
20,10,false,,0.1888454685653483,0.1296924142484065,-0.0674749043338873,7,1,1.0,19.0,0.3552717747216765,0.0,0.2792,172,2197,0.1,0.2,45
30,15,false,,0.13122761149184417,0.2659254774988327,0.16359263329265367,25,27,2.0,29.0,0.6322357019064124,0.0,0.251,172,2197,0.1,0.2,45
40,20,false,,0.13504289606075492,0.11070861087485653,-0.03626436673660255,17,16,1.0,37.0,0.3907637655417407,0.0,0.2552,172,2197,0.1,0.2,45
50,25,false,,0.12445024731126857,0.16923380256757786,0.06227021645619407,39,46,3.0,49.0,0.6248079877112135,0.3901689708141321,0.238,172,2197,0.1,0.2,45
60,30,true,,0.12382003291653261,0.6893846090098046,0.5519617656680651,53,54,46.0,59.0,1.0,0.10102201257861636,0.1882,172,2197,0.1,0.2,45
20,10,false,,0.08233293648845195,0.4371876380496678,0.35870270468304405,15,16,2.0,19.0,0.8320355951056729,0.0,0.2814,173,2198,0.1,0.2,45
30,15,true,,0.10273857648912108,0.18594849756241916,0.09318483933966146,22,27,3.0,29.0,0.735869966752863,0.0,0.2712,173,2198,0.1,0.2,45
20,10,false,,0.07772622701076948,0.15599533521050246,0.08308738256897387,13,16,1.0,19.0,0.66429418742586,0.0,0.2312,174,2199,0.1,0.2,45
30,15,true,,0.09507706986654889,0.35997542758584133,0.270281127490781,24,26,4.0,29.0,0.8293269230769231,0.0,0.2618,174,2199,0.1,0.2,45
20,10,true,,0.07251429479455432,0.15394109153057692,0.09301313414365042,12,15,2.0,19.0,0.7480691430673042,0.0,0.2912,175,2200,0.1,0.2,45
20,10,false,,0.16991008890128304,0.2225570513447172,0.08109488753794641,13,1,1.0,19.0,0.5804467465199094,0.0,0.2808,176,2201,0.1,0.2,45
30,15,false,,0.702308765275997,0.10441591894615407,-0.5951251205530234,2,1,1.0,14.0,0.03812199036918138,0.0,0.188,176,2201,0.1,0.2,45
40,20,false,,0.13538356184603964,0.1271946050344814,-0.010909964592684701,15,9,2.0,38.0,0.46210596914822266,0.0,0.2622,176,2201,0.1,0.2,45
50,25,true,,0.12604028572060594,0.34609857373821845,0.22555363790448127,44,46,4.0,49.0,0.7793952967525196,0.513251213139231,0.2394,176,2201,0.1,0.2,45
20,10,false,,0.05717826648455083,0.08629547900879735,0.027590907954230734,10,13,1.0,19.0,0.6394678492239468,0.0,0.1858,177,2202,0.1,0.2,45
30,15,true,,0.09190390186135626,0.537168124108918,0.4430344368959914,24,26,4.0,29.0,0.875248311481923,0.0,0.2628,177,2202,0.1,0.2,45
20,10,true,,0.08404705418304952,0.29364731265463156,0.20966328148897395,14,16,1.0,19.0,0.772354694485842,0.0,0.2934,178,2203,0.1,0.2,45
20,10,false,,0.175522265507891,0.14030480246628202,-0.050930098678850635,10,17,1.0,19.0,0.4049787492410443,0.0,0.3092,179,2204,0.1,0.2,45
30,15,false,,0.14670077218966635,0.13810229309841382,0.0006105691135310648,15,2,1.0,29.0,0.5008325008325009,0.0,0.2718,179,2204,0.1,0.2,45
40,20,false,,0.11860136741648739,0.1255534171163518,0.016139244262707325,28,36,3.0,39.0,0.5355072463768116,0.0,0.2482,179,2204,0.1,0.2,45
50,25,false,,0.20258224870113586,0.10705247440484691,-0.10075133062844717,8,3,1.0,49.0,0.33960843373493976,0.21536144578313254,0.2284,179,2204,0.1,0.2,45
60,30,true,,0.12325449810767206,0.25089411023134556,0.13774244195182717,50,55,11.0,58.0,0.8032979976442874,0.06949352179034157,0.174,179,2204,0.1,0.2,45
20,10,false,,0.13960398406528998,0.18108939737664287,0.06791333498589738,10,1,1.0,19.0,0.5872494249096286,0.0,0.2898,180,2205,0.1,0.2,45
30,15,false,,0.13083990030109438,0.12278040586153009,-0.013958404336724715,20,24,2.0,29.0,0.44430217669654287,0.0,0.2928,180,2205,0.1,0.2,45
40,20,false,,0.43165630663357263,0.09739407489396042,-0.35573642469285977,3,2,1.0,34.0,0.163360067539046,0.0,0.2076,180,2205,0.1,0.2,45
50,25,false,,0.1220799805302479,0.11071462635442424,-0.01023497228682297,25,46,2.0,49.0,0.47701612903225804,0.18951612903225806,0.2254,180,2205,0.1,0.2,45
60,30,false,,0.12273071438069756,0.19015274330267062,0.07000280801925818,51,55,2.0,59.0,0.6229116945107399,0.12983293556085918,0.173,180,2205,0.1,0.2,45
20,10,false,,0.11160734717897336,0.15479000373024254,0.0554129918379157,12,15,1.0,19.0,0.619140625,0.0,0.3026,181,2206,0.1,0.2,45
30,15,false,,0.12136470456602784,0.20106786202539956,0.09198708502272934,19,2,1.0,29.0,0.6834083824038795,0.0,0.2764,181,2206,0.1,0.2,45
40,20,false,,0.138153876981919,0.1294840220201597,-0.006910957714015009,13,4,1.0,38.0,0.47601096641535295,0.0,0.2554,181,2206,0.1,0.2,45
50,25,false,,0.29334645008976595,0.11471397017360638,-0.17392789316739024,4,2,1.0,31.52500000000009,0.16564885496183207,0.0,0.1978,181,2206,0.1,0.2,45
60,30,false,,0.6249741461447991,0.1266851855509614,-0.49544360827606354,2,1,1.0,18.0,0.16308119361554477,0.0,0.0624,181,2206,0.1,0.2,45
20,10,false,,0.12914449826604657,0.16424927433390069,0.03248489632683037,9,9,1.0,19.0,0.5744215134459036,0.0,0.3166,182,2207,0.1,0.2,45
30,15,false,,0.12971439586584316,0.17504503635485358,0.06073604679366708,19,26,1.0,29.0,0.6232029421598128,0.0,0.2862,182,2207,0.1,0.2,45
40,20,true,,0.12151323127946319,0.4914473679707182,0.3855102693491288,34,37,1.0,39.0,0.783442088091354,0.0,0.211,182,2207,0.1,0.2,45
20,10,false,,0.0950940146925633,0.38434241178130085,0.27581514740528024,16,18,2.0,19.0,0.791948699679373,0.0,0.267,183,2208,0.1,0.2,45
30,15,false,,0.10843595341961441,0.162319097487258,0.06567995553775458,21,24,2.0,29.0,0.6431027894535728,0.0,0.29,183,2208,0.1,0.2,45
40,20,true,,0.10415699407389177,0.31030896455703144,0.21522893567761886,34,36,21.0,39.0,0.8295081967213115,0.0,0.2608,183,2208,0.1,0.2,45
20,10,false,,0.11902221672615351,0.10002812051642077,-0.016528642356269496,8,1,1.0,19.0,0.46693607641440116,0.0,0.2716,184,2209,0.1,0.2,45
30,15,false,,0.1811381810040396,0.07024636439331244,-0.11862433684834327,4,2,1.0,25.0,0.24153498871331827,0.0,0.1692,184,2209,0.1,0.2,45
40,20,false,,0.15128418901929036,0.11072787632049746,-0.03473951082505419,8,2,1.0,39.0,0.4640743871513102,0.0,0.2548,184,2209,0.1,0.2,45
50,25,false,,0.15690692350608132,0.09794958762143578,-0.076150331354898,11,2,1.0,46.0,0.3048060708263069,0.08768971332209106,0.235,184,2209,0.1,0.2,45
60,30,false,,0.29827375560321073,0.09469814366291003,-0.20215253325467392,5,3,1.0,25.0,0.14124824026278743,0.0,0.1788,184,2209,0.1,0.2,45
20,10,false,,0.12934730091901464,0.34050549370111455,0.22249543374054903,15,16,3.0,19.0,0.7317757009345794,0.0,0.306,185,2210,0.1,0.2,45
30,15,false,,0.14372710312614637,0.13906509273473625,0.006800191550596399,12,5,1.0,28.0,0.5156838143036386,0.0,0.2864,185,2210,0.1,0.2,45
40,20,false,,0.1271515205881543,0.15709549907871037,0.03464116795606162,33,36,9.0,39.0,0.5860641600551915,0.0,0.2614,185,2210,0.1,0.2,45
50,25,true,,0.12012933784336319,0.293015566544019,0.17440416290753716,44,45,24.0,49.0,0.781203007518797,0.6364661654135338,0.2338,185,2210,0.1,0.2,45
20,10,true,,0.1107082035077791,0.2249430942864567,0.1392742477080484,14,15,2.0,19.0,0.7588907014681893,0.0,0.2972,186,2211,0.1,0.2,45
20,10,false,,0.10546061140819173,0.12683669232725844,0.035872266307031955,10,1,1.0,19.0,0.5556756756756757,0.0,0.2754,187,2212,0.1,0.2,45
30,15,true,,0.09651292531448004,0.3652848760163349,0.26924638147934365,24,27,3.0,29.0,0.8696682464454977,0.0,0.269,187,2212,0.1,0.2,45
20,10,false,,0.13794732351078032,0.18857367142489753,0.0664297110503929,13,16,1.0,19.0,0.6126674786845311,0.0,0.3136,188,2213,0.1,0.2,45
30,15,false,,0.11966945700579688,0.1262558872850223,0.010569552866330038,21,22,2.0,29.0,0.5140410958904109,0.0,0.2652,188,2213,0.1,0.2,45
40,20,false,,0.13997757984655854,0.11039777661073434,-0.04311040284951442,16,5,1.0,38.0,0.4027426921688921,0.0,0.2696,188,2213,0.1,0.2,45
50,25,false,,0.1209144365905071,0.16810794359279682,0.04903051745105457,39,47,16.0,49.0,0.6229331416247305,0.37778576563623295,0.2632,188,2213,0.1,0.2,45
60,30,false,,0.1339054119366995,0.15088299026559063,0.030337672770008595,39,56,1.0,59.0,0.5752508361204013,0.06726124117428466,0.1618,188,2213,0.1,0.2,45
20,10,false,,0.16983353087620104,0.1650735413667084,-0.012241995198788297,11,16,1.0,19.0,0.47297297297297297,0.0,0.2874,189,2214,0.1,0.2,45
30,15,false,,0.1576178796121004,0.11681348059984613,-0.05487276467369619,13,26,1.0,29.0,0.3957307060755337,0.0,0.2678,189,2214,0.1,0.2,45
40,20,false,,0.17826275258553814,0.08579424711682083,-0.1073591815696669,8,4,1.0,36.0,0.16653846153846155,0.0,0.2142,189,2214,0.1,0.2,45
50,25,false,,0.1336093170157382,0.09870607868064575,-0.043015375486143786,18,14,2.0,47.0,0.3335965258586656,0.10185550730359258,0.244,189,2214,0.1,0.2,45
60,30,true,,0.11811611697966119,0.373146417093639,0.2376703389284285,50,54,29.0,58.0,0.8468844984802432,0.22606382978723405,0.2604,189,2214,0.1,0.2,45
20,10,true,,0.0815555978529473,0.44319577814500366,0.3664173187702776,14,15,4.0,19.0,0.8059427732942039,0.0,0.287,190,2215,0.1,0.2,45
20,10,false,,0.08488441491419055,0.19979107032812699,0.12491703741662798,14,16,1.0,19.0,0.6924271844660194,0.0,0.271,191,2216,0.1,0.2,45
30,15,true,,0.10516631096720838,0.5852737310984879,0.4919661374182497,24,25,3.0,29.0,0.8062476757158795,0.0,0.2778,191,2216,0.1,0.2,45
20,10,false,,0.1550507815471005,0.18003570948438372,0.017721448826643164,10,1,1.0,19.0,0.5209059233449478,0.0,0.2634,192,2217,0.1,0.2,45
30,15,false,,0.12338929931287942,0.13763828678614362,0.021992897712883847,18,25,1.0,28.0,0.5666558546869932,0.0,0.2928,192,2217,0.1,0.2,45
40,20,false,,0.20408997906463594,0.11948742382896041,-0.09405381324410499,6,1,1.0,25.0,0.27424863387978143,0.0,0.24,192,2217,0.1,0.2,45
50,25,false,,0.13166493816717717,0.16480574804021988,0.048041517038061574,32,44,2.0,49.0,0.623541887592789,0.34676564156945916,0.2382,192,2217,0.1,0.2,45
60,30,true,,0.13344650798131538,0.28509361925583154,0.15156337920592067,53,54,8.0,59.0,0.8767451136816913,0.16274431591543678,0.1478,192,2217,0.1,0.2,45
20,10,false,,0.0900156226484254,0.09596105802951124,0.008348197743116195,12,15,2.0,19.0,0.5233676975945017,0.0,0.2844,193,2218,0.1,0.2,45
30,15,false,,0.11097752207131802,0.09823349068648361,-0.0005027143874292705,11,4,1.0,29.0,0.49813200498132004,0.0,0.2554,193,2218,0.1,0.2,45
40,20,true,,0.09596359128407206,0.4280432990538022,0.318127568912702,33,36,12.0,39.0,0.7631218621633957,0.0,0.1886,193,2218,0.1,0.2,45
20,10,false,,0.13867943153747578,0.2549287602761654,0.14065413224388676,14,17,3.0,19.0,0.6911627906976744,0.0,0.3074,194,2219,0.1,0.2,45
30,15,false,,0.19440810144981388,0.11149518339490026,-0.12151595159810583,5,2,1.0,28.0,0.2750942103460089,0.0,0.2534,194,2219,0.1,0.2,45
40,20,false,,0.12287174763416177,0.20136609061945943,0.09426310843300184,30,37,3.0,39.0,0.6298724954462659,0.0,0.2558,194,2219,0.1,0.2,45
50,25,false,,0.26306492810444104,0.10080392228928892,-0.16579161775194892,5,2,1.0,28.0,0.17172115005907837,0.0,0.219,194,2219,0.1,0.2,45
60,30,false,,0.12880790972508988,0.12900907771624834,0.004994766764288172,35,37,1.0,58.0,0.5150862068965517,0.08318965517241379,0.182,194,2219,0.1,0.2,45
20,10,false,,0.10639879172101947,0.19411830992051105,0.09601740410775929,13,16,2.0,19.0,0.6921818776578345,0.0,0.3082,195,2220,0.1,0.2,45
30,15,false,,0.11006113305067544,0.15610981351556222,0.0772648888642366,15,27,1.0,29.0,0.6616257088846881,0.0,0.2774,195,2220,0.1,0.2,45
40,20,false,,0.11487413746110152,0.1911823190384684,0.08007916234520185,31,37,3.0,39.0,0.6759818731117825,0.0,0.2574,195,2220,0.1,0.2,45
50,25,false,,0.15195325794074968,0.11718851789089428,-0.0440943789403786,9,1,1.0,47.0,0.40244865718799366,0.1358609794628752,0.2274,195,2220,0.1,0.2,45
60,30,true,,0.12611615556198108,0.17189738552254444,0.0535822910289932,43,55,5.0,59.0,0.7164126196384261,0.14214817440623892,0.2422,195,2220,0.1,0.2,45
20,10,false,,0.11967556907800979,0.12539331844241214,0.005208172503017305,13,16,1.0,19.0,0.5118451785118452,0.0,0.284,196,2221,0.1,0.2,45
30,15,false,,0.12008335750729746,0.2599949897870129,0.15221848645914782,21,27,1.0,29.0,0.6726737771239426,0.0,0.28,196,2221,0.1,0.2,45
40,20,false,,0.10587553544991371,0.6555550516054154,0.5457029230173244,35,36,22.0,39.0,0.9732510288065843,0.0,0.256,196,2221,0.1,0.2,45
50,25,true,,0.11824816085203607,0.31374434026131215,0.195387643544018,39,43,2.0,48.0,0.7437070938215103,0.38100686498855835,0.2766,196,2221,0.1,0.2,45
20,10,false,,0.07940337835594669,0.1159490693628073,0.04105906587502908,12,15,2.0,19.0,0.610719322990127,0.0,0.3072,197,2222,0.1,0.2,45
30,15,false,,0.09219254073014223,0.14559344970931473,0.06136577036723583,20,23,2.0,29.0,0.6930807885581755,0.0,0.2658,197,2222,0.1,0.2,45
40,20,true,,0.10701724665649605,0.2733106741199981,0.18262259321717028,30,37,3.0,39.0,0.7382413087934561,0.0,0.2734,197,2222,0.1,0.2,45
20,10,false,,0.0946217941764711,0.08813650556998817,-0.012204377119792956,8,5,1.0,19.0,0.46102200671391275,0.0,0.271,198,2223,0.1,0.2,45
30,15,false,,0.11605324926243407,0.26119651741870564,0.17476811108445278,20,26,1.0,29.0,0.6522578155152451,0.0,0.2812,198,2223,0.1,0.2,45
40,20,false,,0.4650002292775709,0.1012823525731989,-0.3684826001512991,4,1,1.0,38.0,0.29631217838765006,0.0,0.2338,198,2223,0.1,0.2,45
50,25,false,,0.1374275714278151,0.11485601686068979,-0.027796376357923466,13,8,2.0,48.0,0.41929358146600837,0.0843144701860995,0.257,198,2223,0.1,0.2,45
60,30,true,,0.1206791040852922,0.678982631650814,0.5485078712917115,53,56,38.0,59.0,0.8795562599049128,0.13946117274167988,0.1456,198,2223,0.1,0.2,45
20,10,false,,0.12601758522520495,0.15440277089724164,0.04525539197245815,11,16,1.0,19.0,0.6150853038012571,0.0,0.3272,199,2224,0.1,0.2,45
30,15,false,,0.14593610906881285,0.11182206539869118,-0.0371957663637183,7,2,1.0,23.0,0.3634770417104802,0.0,0.267,199,2224,0.1,0.2,45
40,20,false,,0.12772711907248724,0.10390575803023837,-0.03615010027150391,18,2,1.0,38.0,0.3654411764705882,0.0,0.2396,199,2224,0.1,0.2,45
50,25,false,,0.11662831294573646,0.20133245358051133,0.09628698538164275,40,46,12.0,49.0,0.6829173166926678,0.38845553822152884,0.257,199,2224,0.1,0.2,45
60,30,true,,0.11861674049962827,0.22078933063303227,0.11124681979958306,49,51,7.0,59.0,0.7078220858895705,0.23006134969325154,0.2392,199,2224,0.1,0.2,45
20,10,false,,0.09014126932292656,0.10492120855998799,0.01562997069735539,11,17,1.0,19.0,0.5435858393604872,0.0,0.2644,200,2225,0.1,0.2,45
30,15,true,,0.09146063596938554,0.40418527469278415,0.30381285474797814,22,26,2.0,29.0,0.8307197426618416,0.0,0.2772,200,2225,0.1,0.2,45
20,10,false,,0.11389853818566625,0.15377582740468643,0.05712463752233635,13,16,1.0,19.0,0.5887314439946019,0.0,0.2874,201,2226,0.1,0.2,45
30,15,false,,0.18413283127388566,0.10412454411858518,-0.08711280892115587,6,1,1.0,25.0,0.3074479350511825,0.0,0.2728,201,2226,0.1,0.2,45
40,20,true,,0.11402383399513213,0.265722563990546,0.15791710464689154,33,36,3.0,39.0,0.7812616648002986,0.0,0.2776,201,2226,0.1,0.2,45
20,10,false,,0.10824675938034463,0.09499216390581214,-0.014337322455573412,10,17,1.0,19.0,0.4649029982363316,0.0,0.2632,202,2227,0.1,0.2,45
30,15,true,,0.10802228044814681,0.24101012435130925,0.1426384325898811,22,26,2.0,29.0,0.7070592676481691,0.0,0.2804,202,2227,0.1,0.2,45
20,10,false,,0.11216762442269955,0.2000758456730138,0.10744421631188006,14,16,2.0,19.0,0.6840937896070975,0.0,0.301,203,2228,0.1,0.2,45
30,15,false,,0.11505559411517323,0.12831888132852967,0.023002503520682588,22,26,2.0,29.0,0.543788933675339,0.0,0.2612,203,2228,0.1,0.2,45
40,20,false,,0.10332684582701437,0.10592786020993296,0.004268647569926981,29,36,2.0,39.0,0.512087912087912,0.0,0.2124,203,2228,0.1,0.2,45
50,25,false,,0.1843020851378578,0.09808930550293847,-0.10052038699410674,9,3,1.0,46.0,0.2743069921390153,0.07985105502689284,0.2318,203,2228,0.1,0.2,45
60,30,true,,0.11681221439918699,0.3035792444402722,0.18547882514460723,52,56,20.0,59.0,0.801295022258195,0.13314447592067988,0.2312,203,2228,0.1,0.2,45
20,10,false,,0.5643888257284755,0.09626481634833596,-0.4678397408456259,3,2,1.0,18.0,0.1932710280373832,0.0,0.229,204,2229,0.1,0.2,45
30,15,false,,0.13016978000708315,0.12122800924854732,-0.015229796578791949,15,4,1.0,29.0,0.4548244118649847,0.0,0.2844,204,2229,0.1,0.2,45
40,20,false,,0.16670781745931196,0.1028755092433714,-0.0780382466379062,9,3,1.0,37.0,0.2525399129172714,0.0,0.2386,204,2229,0.1,0.2,45
50,25,false,,0.24400405214058912,0.10053800768291535,-0.1404295689971441,6,5,1.0,23.0,0.12734225621414913,0.0,0.2242,204,2229,0.1,0.2,45
60,30,false,,0.11864886461860172,0.7348179286357087,0.6118404734614308,55,56,46.0,59.0,0.9901518260155929,0.07673368896183833,0.2252,204,2229,0.1,0.2,45
20,10,false,,0.14500215680346532,0.17240774649431365,0.061576429993419335,13,16,1.0,19.0,0.5912661011624254,0.0,0.2962,205,2230,0.1,0.2,45
30,15,false,,0.1260930879711759,0.17651284755479807,0.057348508992010425,23,25,3.0,29.0,0.6441305079044736,0.0,0.2606,205,2230,0.1,0.2,45
40,20,true,,0.12279132654724328,0.5166059713667115,0.3952580452844033,34,36,4.0,39.0,0.7998585572842999,0.0,0.2448,205,2230,0.1,0.2,45
20,10,false,,0.12410980631582873,0.18469298968656692,0.08779677933973504,12,15,2.0,19.0,0.6885448916408669,0.0,0.3096,206,2231,0.1,0.2,45
30,15,false,,0.1359399462426048,0.15529169742771418,0.029293980090634414,19,27,1.0,29.0,0.5508341202392194,0.0,0.2826,206,2231,0.1,0.2,45
40,20,false,,0.1322748998720884,0.11301085622971474,-0.025213174954447512,21,5,2.0,38.0,0.4368063014679556,0.0,0.247,206,2231,0.1,0.2,45
50,25,true,,0.1132731612540095,0.41918890322049773,0.3017076884546282,44,46,26.275000000000006,49.0,0.8449419568822554,0.6177446102819237,0.2258,206,2231,0.1,0.2,45
20,10,false,,0.10158795555906643,0.11093779206226169,0.018191267167002326,11,16,1.0,19.0,0.5597197898423818,0.0,0.2912,207,2232,0.1,0.2,45
30,15,false,,0.10811666456522458,0.09619580734867776,-0.013727923180232846,16,1,1.0,29.0,0.44289340101522845,0.0,0.2098,207,2232,0.1,0.2,45
40,20,false,,0.128627212358281,0.10544012933731163,-0.0225582935017746,9,4,1.0,37.0,0.42368319876970395,0.0,0.2704,207,2232,0.1,0.2,45
50,25,false,,0.11703438445770767,0.11808109070310682,0.012496845893747582,19,1,1.0,49.0,0.5472792149866191,0.25156110615521854,0.187,207,2232,0.1,0.2,45
60,30,false,,0.17936614546576807,0.10770255258093003,-0.07710442010835158,12,4,1.0,54.0,0.3182624113475177,0.09663120567375887,0.096,207,2232,0.1,0.2,45
20,10,true,,0.1090459627683962,0.33274566975089376,0.23706584327540794,14,16,2.0,19.0,0.7666558336041599,0.0,0.2998,208,2233,0.1,0.2,45
20,10,true,,0.1199245416845332,0.22052784950702534,0.10973852417862254,14,15,2.0,19.0,0.7149095446038678,0.0,0.3156,209,2234,0.1,0.2,45
20,10,false,,0.07334447570038963,0.504576458177171,0.41745733590832623,15,16,4.0,19.0,0.9136186770428015,0.0,0.276,210,2235,0.1,0.2,45
30,15,false,,0.085426609788964,0.4544159292390743,0.3642325565583604,25,27,1.0,29.0,0.7791273054430949,0.0,0.1972,210,2235,0.1,0.2,45
40,20,true,,0.10361435270553669,0.46797824801950544,0.36129602600422717,33,34,22.0,39.0,0.871531736982136,0.0,0.2888,210,2235,0.1,0.2,45
20,10,false,,0.07773890646192846,0.14368011732550812,0.07379893429324316,14,16,2.0,19.0,0.6908383445348426,0.0,0.2934,211,2236,0.1,0.2,45
30,15,false,,0.10489054633050815,0.130922501932783,0.03605646276927456,22,26,2.0,29.0,0.5967436577054146,0.0,0.27,211,2236,0.1,0.2,45
40,20,false,,0.7024858918104668,0.08080012286411546,-0.6163631153117357,2,1,1.0,25.0,0.07121212121212121,0.0,0.156,211,2236,0.1,0.2,45
50,25,false,,0.11901980348717851,0.19686959863596248,0.0970013831701326,38,46,1.0,49.0,0.6482412060301508,0.3425460636515913,0.2614,211,2236,0.1,0.2,45
60,30,false,,0.20831211774289904,0.10603495817841449,-0.11126399489107348,5,3,1.0,50.0,0.27088716623600345,0.037037037037037035,0.2492,211,2236,0.1,0.2,45
20,10,true,,0.10751281163757238,0.2155540217104872,0.11546440510016702,13,17,2.0,19.0,0.7666240409207161,0.0,0.3276,212,2237,0.1,0.2,45
20,10,false,,0.07253232732604534,0.15747398095244214,0.09238162773636166,12,18,1.0,19.0,0.6457473162675474,0.0,0.2094,213,2238,0.1,0.2,45
30,15,false,,0.06886608039053378,0.07805999554638662,0.00593327770445435,19,25,1.0,29.0,0.5184563758389261,0.0,0.1064,213,2238,0.1,0.2,45
40,20,false,,0.12323062414230596,0.10985747287192864,-0.0039094862364705,9,3,1.0,38.0,0.4842604570935748,0.0,0.253,213,2238,0.1,0.2,45
50,25,false,,0.11999237579496938,0.16825799751143486,0.07187874672358216,26,42,2.0,48.0,0.647082494969819,0.25553319919517103,0.2742,213,2238,0.1,0.2,45
60,30,true,,0.11501888096935503,0.24398928857321148,0.1254497937973605,53,55,36.0,59.0,0.7629276054097056,0.13166268894192523,0.2682,213,2238,0.1,0.2,45
20,10,false,,0.11679807705390303,0.1600208767094025,0.06333609447945623,10,14,1.0,19.0,0.6243854473942969,0.0,0.3122,214,2239,0.1,0.2,45
30,15,false,,0.20157343945714878,0.08802359898165349,-0.12255963627726912,4,2,1.0,17.0,0.1904572564612326,0.0,0.2462,214,2239,0.1,0.2,45
40,20,false,,0.11630803003854157,0.14283472066641142,0.05519123153128415,14,36,2.0,39.0,0.642292490118577,0.0,0.2602,214,2239,0.1,0.2,45
50,25,false,,0.12539351768627185,0.13698796437896613,0.021419351928423924,17,4,1.0,48.0,0.5686050931204865,0.1345496009122007,0.256,214,2239,0.1,0.2,45
60,30,true,,0.11873152687423846,0.5834552620234001,0.47026181455363686,54,56,45.0,59.0,0.9378942261038331,0.12469674915089762,0.1486,214,2239,0.1,0.2,45
20,10,false,,0.07174028213480105,0.10279094703859828,0.03884079922664158,12,16,1.0,19.0,0.6147203947368421,0.0,0.2272,215,2240,0.1,0.2,45
30,15,false,,0.10158804121181733,0.16799982845133174,0.09820027849055588,18,27,2.0,29.0,0.6824189026832199,0.0,0.2748,215,2240,0.1,0.2,45
40,20,true,,0.11134360877367125,0.6119532990146325,0.5106093819918374,34,37,3.0,39.0,0.8369304556354916,0.0,0.2798,215,2240,0.1,0.2,45
20,10,false,,0.06857499498668868,0.30130423204784224,0.23260808814125494,15,17,1.0,19.0,0.7569533590072742,0.0,0.2132,216,2241,0.1,0.2,45
30,15,false,,0.06869301154715349,0.2598497723202114,0.198624867801671,25,26,13.0,29.0,0.8315533980582525,0.0,0.1472,216,2241,0.1,0.2,45
40,20,false,,0.14448870236790906,0.10590271612291982,-0.03695493747068439,11,5,1.0,36.0,0.4116706634692246,0.0,0.2718,216,2241,0.1,0.2,45
50,25,false,,0.48930263104930855,0.09347093621038123,-0.3829405923331948,4,2,1.0,23.0,0.2010166358595194,0.0,0.1898,216,2241,0.1,0.2,45
60,30,false,,0.40608748101315884,0.09106442400164741,-0.294291806937318,5,4,1.0,15.0,0.17246835443037975,0.0,0.1194,216,2241,0.1,0.2,45
20,10,false,,0.05597910794260604,0.5387116588756713,0.47420373695498935,15,16,2.0,19.0,0.7689055894786284,0.0,0.182,217,2242,0.1,0.2,45
30,15,false,,0.07266970726815702,0.07822447158297101,-0.0019849808723291368,14,4,1.0,29.0,0.49824355971896955,0.0,0.1106,217,2242,0.1,0.2,45
40,20,true,,0.05392279910687974,0.1744746567616325,0.11633809196195383,33,29,19.0,39.0,0.7802197802197802,0.0,0.0466,217,2242,0.1,0.2,45
20,10,false,,0.10758300477898942,0.49410406483631525,0.385524110541952,16,16,5.0,19.0,0.8591133004926108,0.0,0.3128,218,2243,0.1,0.2,45
30,15,true,,0.12420413274889976,0.24817780458911806,0.13908630779078546,21,26,2.0,29.0,0.7117744610281924,0.0,0.2858,218,2243,0.1,0.2,45
20,10,false,,0.12157513830358965,0.06939018420841028,-0.05901289221347261,7,1,1.0,19.0,0.41919191919191917,0.0,0.1648,219,2244,0.1,0.2,45
30,15,false,,0.07165718116719869,0.08869292773450828,0.022348366076105762,14,3,1.0,28.0,0.5973045822102426,0.0,0.1204,219,2244,0.1,0.2,45
40,20,true,,0.06569848286830288,0.2619096376824091,0.19207302867188963,30,34,13.0,39.0,0.8661645422943222,0.0,0.0756,219,2244,0.1,0.2,45
20,10,true,,0.10863031638027296,0.37084547119485173,0.2682920170047441,14,15,3.0,19.0,0.8541468064823642,0.0,0.3256,220,2245,0.1,0.2,45
20,10,true,,0.10077254345109274,0.2526297556461035,0.1641782574835282,13,15,1.0,19.0,0.7741407528641571,0.0,0.3082,221,2246,0.1,0.2,45
20,10,false,,0.07229690594259947,0.1573100263923041,0.08522723432475722,14,16,1.0,19.0,0.617696867061812,0.0,0.209,222,2247,0.1,0.2,45
30,15,true,,0.09481876955748841,0.18863792631830928,0.09315591483189899,21,24,7.0,29.0,0.7400074710496825,0.0,0.3072,222,2247,0.1,0.2,45
20,10,false,,0.08385952084536731,0.14354361074580113,0.06300297936089712,12,14,1.0,19.0,0.6852186483556199,0.0,0.2884,223,2248,0.1,0.2,45
30,15,false,,0.09331404128829847,0.14036071865881908,0.055646381866322786,23,25,2.0,29.0,0.657601977750309,0.0,0.221,223,2248,0.1,0.2,45
40,20,true,,0.09707318114471122,0.24790729625637256,0.1488774037066708,34,36,1.0,39.0,0.7419501133786848,0.0,0.188,223,2248,0.1,0.2,45
20,10,true,,0.10430018012804254,0.23087815856738275,0.1395585489510695,14,17,1.0,19.0,0.7064063035286057,0.0,0.2966,224,2249,0.1,0.2,45
20,10,false,,0.09536774907619472,0.22794564222491062,0.14375979213887374,14,16,1.0,19.0,0.6968005952380952,0.0,0.2676,225,2250,0.1,0.2,45
30,15,false,,0.10696960376717621,0.12857943318646073,0.02812513684629836,17,18,1.0,28.0,0.5635400907715582,0.0,0.3134,225,2250,0.1,0.2,45
40,20,false,,0.16037473139209854,0.11746081933386784,-0.045830150135457035,15,2,1.0,39.0,0.44384133611691023,0.0,0.2464,225,2250,0.1,0.2,45
50,25,false,,0.14416847511779632,0.11445358954398263,-0.03197514390129122,9,3,1.0,48.0,0.43884034948371725,0.20254169976171565,0.2498,225,2250,0.1,0.2,45
60,30,true,,0.12029360708705712,0.47747544686164334,0.3618521661079545,53,57,22.0,59.0,0.8844022169437846,0.15122723673792557,0.2312,225,2250,0.1,0.2,45
20,10,false,,0.13747886582551688,0.31221837691557575,0.18838110762059873,16,16,4.0,19.0,0.778816199376947,0.0,0.3066,226,2251,0.1,0.2,45
30,15,false,,0.12810222008447772,0.4451869685216839,0.3119451608642784,25,27,3.0,29.0,0.810893098782138,0.0,0.2592,226,2251,0.1,0.2,45
40,20,false,,0.172306433517308,0.10309028645441261,-0.0864840725619306,9,4,1.0,35.0,0.2005503955968352,0.0,0.2498,226,2251,0.1,0.2,45
50,25,false,,0.11678802388833838,0.17352851045620335,0.06369829199332205,41,44,4.0,49.0,0.6341091186570011,0.45249904616558567,0.2328,226,2251,0.1,0.2,45
60,30,true,,0.11678099470892295,0.402325614592711,0.2831348480360858,52,56,27.0,59.0,0.856,0.14729411764705883,0.1688,226,2251,0.1,0.2,45
20,10,false,,0.17408756543649312,0.0886096740151037,-0.0927453702992923,7,2,1.0,18.0,0.30162412993039445,0.0,0.2802,227,2252,0.1,0.2,45
30,15,false,,0.12404603802929222,0.150441588030288,0.050738511901904315,22,25,2.0,29.0,0.5816326530612245,0.0,0.2748,227,2252,0.1,0.2,45
40,20,false,,0.19626241243106746,0.09680475966102409,-0.12014196717887721,6,2,1.0,38.0,0.27455919395465994,0.0,0.2212,227,2252,0.1,0.2,45
50,25,true,,0.11562471554685895,0.5288346834904755,0.414668411123087,44,46,25.0,49.0,0.8105263157894737,0.5813765182186235,0.2634,227,2252,0.1,0.2,45
20,10,false,,0.37567246937065524,0.10635406924172239,-0.27864670555206816,3,1,1.0,18.0,0.312430426716141,0.0,0.2368,228,2253,0.1,0.2,45
30,15,true,,0.1127441677156072,0.37516439501820364,0.27118750786375484,24,27,2.0,29.0,0.8425655976676385,0.0,0.2738,228,2253,0.1,0.2,45
20,10,true,,0.10782332044247833,0.3478119039561638,0.249406900352381,14,16,1.0,19.0,0.7067077344284737,0.0,0.2918,229,2254,0.1,0.2,45
20,10,false,,0.1362818539652885,0.3925766176322237,0.2750686629093227,15,16,2.0,19.0,0.7172590457893051,0.0,0.2992,230,2255,0.1,0.2,45
30,15,false,,0.1716163840160491,0.07901039177275435,-0.10167692279844948,8,4,1.0,25.0,0.20934510669610007,0.0,0.2582,230,2255,0.1,0.2,45
40,20,false,,0.11759336382690488,0.15699951689136132,0.06245656562100921,30,36,2.875,39.0,0.6077389984825493,0.0,0.2728,230,2255,0.1,0.2,45
50,25,false,,0.12119815792657959,0.16162653647431294,0.04025912595006899,35,44,2.0,48.0,0.5997023809523809,0.27641369047619047,0.2718,230,2255,0.1,0.2,45
60,30,false,,0.1326322920412949,0.13830013124096424,0.028467512769510525,24,3,1.0,58.0,0.5504552352048558,0.0830804248861912,0.1928,230,2255,0.1,0.2,45
20,10,true,,0.1398710924501067,0.31010862774156517,0.19366475760057045,14,16,1.0,19.0,0.7088768692332167,0.0,0.3134,231,2256,0.1,0.2,45
20,10,false,,0.10900678293580258,0.1376509409763358,0.05082095530948871,13,1,1.0,19.0,0.5628649279875438,0.0,0.2374,232,2257,0.1,0.2,45
30,15,false,,0.09182227000850983,0.13173814644710444,0.06280311687073654,17,25,1.0,29.0,0.6339055793991416,0.0,0.2156,232,2257,0.1,0.2,45
40,20,false,,0.12736911639975734,0.09595261082202805,-0.03905759714367789,9,5,2.0,36.0,0.3672,0.0,0.2736,232,2257,0.1,0.2,45
50,25,true,,0.10903633304202547,0.4891903751909978,0.3719486229725597,44,44,33.0,49.0,0.8675914249684742,0.6347204707860445,0.2444,232,2257,0.1,0.2,45
20,10,false,,0.07387187521923347,0.7049966038048556,0.6253079424581868,17,16,11.0,19.0,0.9850931677018634,0.0,0.2406,233,2258,0.1,0.2,45
30,15,false,,0.06991840161905914,0.5717774424262104,0.4995976415624089,26,25,20.0,29.0,1.0,0.0,0.1374,233,2258,0.1,0.2,45
40,20,false,,0.13319982670211256,0.09728949763224887,-0.037980180076783304,8,4,1.0,33.0,0.34875153499795336,0.0,0.2526,233,2258,0.1,0.2,45
50,25,false,,0.1227469189580483,0.10763974798286588,-0.013551671985875396,19,4,1.0,47.0,0.4586794927853083,0.1915172715347617,0.2184,233,2258,0.1,0.2,45
60,30,true,,0.10722689573948262,0.3343821957064318,0.21241790390891546,54,55,42.0,59.0,0.8024574669187146,0.14603024574669188,0.142,233,2258,0.1,0.2,45
20,10,false,,0.15076211297164374,0.07661339892470463,-0.0795108620807683,6,1,1.0,17.0,0.2566090941135002,0.0,0.268,234,2259,0.1,0.2,45
30,15,false,,0.08773359124174003,0.6373405443639112,0.5507662426595836,26,26,20.0,29.0,0.9877105143377333,0.0,0.2108,234,2259,0.1,0.2,45
40,20,false,,0.09176184131011758,0.1949848134861956,0.11611857685560037,29,36,2.0,39.0,0.6800959232613909,0.0,0.1542,234,2259,0.1,0.2,45
50,25,false,,0.10252013095500068,0.12137073204884831,0.04231481444178755,25,5,1.0,48.0,0.5633017289459007,0.30507529280535417,0.0954,234,2259,0.1,0.2,45
60,30,false,,0.08775055019938635,0.1536915212845765,0.06399289967450222,51,55,38.0,58.0,0.6698324022346369,0.19553072625698323,0.068,234,2259,0.1,0.2,45
20,10,false,,0.08073302155523468,0.1566382005041456,0.08362238658120422,14,16,2.0,19.0,0.6814456035767511,0.0,0.2886,235,2260,0.1,0.2,45
30,15,false,,0.08841743774154803,0.19296753724364926,0.10867086854977095,19,24,1.0,29.0,0.6792770071458596,0.0,0.2258,235,2260,0.1,0.2,45
40,20,false,,0.09672164771143418,0.1309675148200546,0.039434982886310865,28,35,2.0,38.0,0.6059618071727992,0.0,0.1656,235,2260,0.1,0.2,45
50,25,true,,0.09518624163932266,0.22459541796438712,0.13054291623458866,40,45,21.0,49.0,0.7364117364117364,0.39826839826839827,0.1394,235,2260,0.1,0.2,45
20,10,false,,0.23796323287537943,0.062350669571185936,-0.1806787464980769,4,2,1.0,18.0,0.293218345746766,0.0,0.21,236,2261,0.1,0.2,45
30,15,false,,0.08888265105600193,0.1018446011988927,0.021985131046933663,16,25,2.0,29.0,0.5734883720930233,0.0,0.1616,236,2261,0.1,0.2,45
40,20,false,,0.0697217330544263,0.5919713143522077,0.5223418462695698,35,35,29.0,39.0,1.0,0.0,0.0796,236,2261,0.1,0.2,45
50,25,false,,0.07281746970129772,0.11856549015943857,0.04888659032782269,45,45,36.0,49.0,0.6710164835164835,0.6717032967032966,0.0454,236,2261,0.1,0.2,45
60,30,true,,0.0625506406881816,0.30001512109763556,0.2461186582183268,53,54,48.0,59.0,0.9976284584980237,0.028458498023715414,0.02,236,2261,0.1,0.2,45
20,10,false,,0.096690077808539,0.15800930709239452,0.0761782633923173,11,14,1.0,19.0,0.6520387007601935,0.0,0.3014,237,2262,0.1,0.2,45
30,15,false,,0.13959536872897052,0.09334634363005413,-0.06455172060024351,9,2,1.0,28.0,0.36515707874337006,0.0,0.265,237,2262,0.1,0.2,45
40,20,false,,0.11675021946465751,0.13371947467402878,0.01873922867135816,28,36,1.0,38.0,0.5450693374422187,0.0,0.269,237,2262,0.1,0.2,45
50,25,false,,0.20641318236368367,0.10366868958199514,-0.10180029209714173,5,3,1.0,30.0,0.21641486320947326,0.0,0.2356,237,2262,0.1,0.2,45
60,30,false,,0.1412261018484748,0.11816926432164593,-0.025793576591137873,11,3,1.0,42.0,0.4034386245501799,0.027988804478208718,0.2052,237,2262,0.1,0.2,45
20,10,false,,0.18732412993028572,0.08034455064909497,-0.11120287835414319,4,1,1.0,19.0,0.306640625,0.0,0.2616,238,2263,0.1,0.2,45
30,15,true,,0.0991975554878697,0.186047529540551,0.09904269627105688,20,27,2.0,29.0,0.7052091554853985,0.0,0.2804,238,2263,0.1,0.2,45
20,10,false,,0.1000870420238649,0.14087413788467054,0.05184653838648671,12,16,1.0,19.0,0.6467953135768436,0.0,0.2892,239,2264,0.1,0.2,45
30,15,false,,0.09717380856884267,0.14179624205319163,0.05638910159024421,19,25,2.0,29.0,0.6315192743764172,0.0,0.2612,239,2264,0.1,0.2,45
40,20,false,,0.09544712676330529,0.1642068830052139,0.07862724381759818,32,35,18.0,39.0,0.6686340640809444,0.0,0.2146,239,2264,0.1,0.2,45
50,25,false,,0.09993838877709081,0.1521130351395802,0.04108502955820034,41,46,24.0,49.0,0.6874431301182894,0.44494995450409464,0.1642,239,2264,0.1,0.2,45
60,30,false,,0.11827237434710453,0.09893579689356734,-0.021321565085022268,20,1,1.0,59.0,0.46758703481392555,0.08343337334933974,0.0744,239,2264,0.1,0.2,45
20,10,false,,0.13253839565133288,0.13662675909203828,0.01838615456181745,11,16,1.0,19.0,0.5330549756437022,0.0,0.2666,240,2265,0.1,0.2,45
30,15,true,,0.12409508693112245,0.3807103065962817,0.2606567181186985,23,26,1.1499999999999915,29.0,0.7912538435257943,0.0,0.277,240,2265,0.1,0.2,45
20,10,false,,0.14245476668822393,0.16071772465712938,0.036223497691385304,8,1,1.0,19.0,0.5660822656776804,0.0,0.2808,241,2266,0.1,0.2,45
30,15,false,,0.12446274352142606,0.15967916444828223,0.05299821444455541,20,26,2.0,29.0,0.6310286677908937,0.0,0.2764,241,2266,0.1,0.2,45
40,20,false,,0.15262722884385016,0.09917467040226398,-0.07197748990951804,11,2,1.0,36.0,0.2832764505119454,0.0,0.234,241,2266,0.1,0.2,45
50,25,false,,0.14921982158791067,0.09218241705827841,-0.06953617871700254,10,2,1.0,43.0,0.25840336134453784,0.03613445378151261,0.1892,241,2266,0.1,0.2,45
60,30,false,,0.13308811637591725,0.11391972234877833,-0.0261427630575143,15,3,2.0,53.0,0.39149271366679794,0.056321386372587635,0.2228,241,2266,0.1,0.2,45
20,10,false,,0.09074632672421813,0.36208970473997437,0.26401619775876983,15,17,3.0,19.0,0.7982174688057041,0.0,0.2842,242,2267,0.1,0.2,45
30,15,false,,0.12039447399720792,0.09698443854443262,-0.04184734107366606,8,1,1.0,29.0,0.4385076001842469,0.0,0.1786,242,2267,0.1,0.2,45
40,20,true,,0.08344215456588497,0.4489403957860476,0.3698132436847955,34,34,18.0,39.0,0.9204545454545454,0.0,0.1434,242,2267,0.1,0.2,45
20,10,true,,0.10039639853747233,0.24549361443059015,0.16264447694181683,14,17,2.0,19.0,0.7706604712910721,0.0,0.3122,243,2268,0.1,0.2,45
20,10,false,,0.10419758913588277,0.4050679399194129,0.31751721618233325,16,17,1.0,19.0,0.7978878368536052,0.0,0.281,244,2269,0.1,0.2,45
30,15,false,,0.1096096643842085,0.0992476184846522,-0.011080143096633605,16,5,1.0,29.0,0.4690016103059581,0.0,0.2408,244,2269,0.1,0.2,45
40,20,false,,0.09494377644608466,0.10806152630280613,0.017426205895165317,28,35,4.0,39.0,0.5591054313099042,0.0,0.1878,244,2269,0.1,0.2,45
50,25,true,,0.0927503483770962,0.15511008811910787,0.05934760625046522,40,45,18.0,48.0,0.7300843486410497,0.42549203373945643,0.1414,244,2269,0.1,0.2,45
20,10,false,,0.11394433392887905,0.14034257195914046,0.05768660856177859,13,16,1.0,19.0,0.5969044414535666,0.0,0.2986,245,2270,0.1,0.2,45
30,15,false,,0.12531438874405865,0.12856515795292744,0.021629382482915432,15,1,1.0,28.0,0.5550053059780686,0.0,0.26,245,2270,0.1,0.2,45
40,20,false,,0.14400462415717566,0.11840382999252554,-0.029215475988554104,7,5,1.0,20.0,0.415045871559633,0.0,0.2428,245,2270,0.1,0.2,45
50,25,false,,0.12299601690216418,0.21532400005679186,0.09663249014719398,39,48,19.0,49.0,0.6592427616926503,0.4012620638455828,0.2526,245,2270,0.1,0.2,45
60,30,false,,0.1635383958790745,0.1313900622459883,-0.03191955003153643,9,3,1.0,38.0,0.44011339475549255,0.0,0.0906,245,2270,0.1,0.2,45
20,10,false,,0.10892680297962677,0.31871017584525013,0.21775732331908254,15,16,2.0,19.0,0.7717647058823529,0.0,0.287,246,2271,0.1,0.2,45
30,15,false,,0.09744721719023897,0.5066947239830374,0.3965243520140824,25,26,2.0,29.0,0.7710892710892711,0.0,0.2352,246,2271,0.1,0.2,45
40,20,false,,0.09662508889321858,0.11250668004502866,0.026573330693561714,20,34,3.0,38.0,0.5817223198594025,0.0,0.1892,246,2271,0.1,0.2,45
50,25,false,,0.1348704726697716,0.07931883417043305,-0.058596930810054154,6,2,1.0,46.0,0.2813026389668725,0.060078607523863,0.109,246,2271,0.1,0.2,45
60,30,false,,0.6907548966528371,0.07280835413934693,-0.6151656501953027,2,1,1.0,10.0,0.029573590096286108,0.0,0.043,246,2271,0.1,0.2,45
20,10,false,,0.11041845984530124,0.19544291449746437,0.1206555182145242,10,1,1.0,19.0,0.6085043988269795,0.0,0.2736,247,2272,0.1,0.2,45
30,15,false,,0.12696456792203237,0.11035535008977092,-0.018350410852464,10,1,1.0,29.0,0.464476386036961,0.0,0.2388,247,2272,0.1,0.2,45
40,20,false,,0.10544654868956603,0.11436322576936159,0.016175018775884523,28,36,3.0,39.0,0.5493197278911565,0.0,0.2286,247,2272,0.1,0.2,45
50,25,false,,0.12292134707376995,0.12397515367241893,0.0034792810711571642,32,1,1.0,48.0,0.5045871559633027,0.2389491242702252,0.2528,247,2272,0.1,0.2,45
60,30,true,,0.11537018666210119,0.57106256254198,0.4426641319216239,53,56,31.0,59.0,0.8272315919374743,0.15261209378856438,0.2418,247,2272,0.1,0.2,45
20,10,false,,0.11465168680095372,0.12060863634798702,0.022035186304907306,10,18,1.0,19.0,0.5312035661218425,0.0,0.2472,248,2273,0.1,0.2,45
30,15,true,,0.10333705071754196,0.6503984572944771,0.5236114433020773,24,27,2.0,29.0,0.7855993563958166,0.0,0.2838,248,2273,0.1,0.2,45
20,10,false,,0.10586059000152306,0.11834651893834877,0.013926565716153999,10,17,1.0,19.0,0.5524032042723631,0.0,0.3126,249,2274,0.1,0.2,45
30,15,false,,0.11350375018098714,0.12070009978673807,0.004596177637380974,10,3,1.0,29.0,0.5135553834237025,0.0,0.2764,249,2274,0.1,0.2,45
40,20,false,,0.20547724819026603,0.09214935089654845,-0.13536784778018424,5,1,1.0,37.0,0.29700390794615716,0.0,0.2134,249,2274,0.1,0.2,45
50,25,false,,0.14025003452965404,0.11076136116164952,-0.028205185753412854,14,4,1.0,47.0,0.4350675952478492,0.12617779598525194,0.258,249,2274,0.1,0.2,45
60,30,false,,0.1506541207850173,0.11338792951559101,-0.04239025147680629,9,3,1.0,49.0,0.3638195004029009,0.0854149879129734,0.2296,249,2274,0.1,0.2,45
20,10,false,,0.11001015054609058,0.6473948922503298,0.5397008130330543,16,16,4.0,19.0,0.9257425742574258,0.0,0.2742,250,2275,0.1,0.2,45
30,15,true,,0.10627014814855346,0.24043073738577608,0.14755012492661612,23,26,3.0,29.0,0.7458050696179935,0.0,0.295,250,2275,0.1,0.2,45
20,10,false,,0.12273373845094754,0.42800035983000084,0.2950884034045974,15,16,1.0,19.0,0.7670130740864901,0.0,0.289,251,2276,0.1,0.2,45
30,15,false,,0.13286081113275416,0.10804072690960281,-0.024484036895784357,10,6,1.0,28.0,0.42363510711817554,0.0,0.282,251,2276,0.1,0.2,45
40,20,false,,0.17080373773397206,0.10805887541067806,-0.07124721590544436,7,5,1.0,33.0,0.3041853512705531,0.0,0.262,251,2276,0.1,0.2,45
50,25,false,,0.11383807213590287,0.17096673032866339,0.06053252536474488,43,45,13.0,49.0,0.6609629924393156,0.47990449661758855,0.2318,251,2276,0.1,0.2,45
60,30,false,,0.21416318251454902,0.10741481490116826,-0.10224615632991024,6,3,1.0,34.0,0.23800822293284604,0.0,0.1702,251,2276,0.1,0.2,45
20,10,false,,0.09869581348409306,0.1388361816029956,0.05511171054399465,10,18,1.0,19.0,0.6384431546602937,0.0,0.315,252,2277,0.1,0.2,45
30,15,true,,0.10053309426741774,0.24606298588802958,0.14203265460391162,23,26,4.0,29.0,0.7251680358476476,0.0,0.2936,252,2277,0.1,0.2,45
20,10,false,,0.14678210399797015,0.19713352971368106,0.06920951152440605,13,16,1.0,19.0,0.5963969658659924,0.0,0.293,253,2278,0.1,0.2,45
30,15,false,,0.14390267383525054,0.13042031733543377,-0.0076711634930822226,19,1,1.0,29.0,0.48047010024196335,0.0,0.2522,253,2278,0.1,0.2,45
40,20,false,,0.12651196574451823,0.17416900667023338,0.055749275481607644,33,36,4.700000000000003,39.0,0.6124085047054723,0.0,0.246,253,2278,0.1,0.2,45
50,25,false,,0.1991529332158582,0.10688272227477179,-0.09731036563450064,8,3,1.0,45.0,0.23385300668151449,0.051224944320712694,0.2208,253,2278,0.1,0.2,45
60,30,false,,0.16060490842915834,0.11640800849553734,-0.04994857633725898,9,6,2.0,24.199999999999818,0.287686160552125,0.0,0.1738,253,2278,0.1,0.2,45
20,10,false,,0.07397089787071129,0.16504060676636523,0.10317214943158612,15,15,2.0,19.0,0.7045807453416149,0.0,0.2572,254,2279,0.1,0.2,45
30,15,false,,0.09397629793935114,0.12455312459213368,0.0457839258734595,20,28,3.0,29.0,0.6649979140592407,0.0,0.269,254,2279,0.1,0.2,45
40,20,false,,0.10794286950011855,0.09798652809442616,-0.018906452126815215,15,6,1.0,38.0,0.450313339301701,0.0,0.1948,254,2279,0.1,0.2,45
50,25,false,,0.09931942473973449,0.6820595005300271,0.5776214505775401,45,45,38.0,49.0,0.9911214953271028,0.7714953271028038,0.1436,254,2279,0.1,0.2,45
60,30,false,,0.10938416294232561,0.0964363736989905,-0.007333537165089873,18,3,1.0,58.0,0.4661308840413318,0.10275545350172216,0.0894,254,2279,0.1,0.2,45
20,10,false,,0.05294973422595551,0.15943341660119717,0.10327706177673086,12,11,2.0,19.0,0.6970397779833487,0.0,0.1528,255,2280,0.1,0.2,45
30,15,false,,0.05153285106302217,0.5052257339795876,0.46011092473671356,26,26,12.0,29.0,0.8743424897720631,0.0,0.068,255,2280,0.1,0.2,45
40,20,false,,0.3500339004159384,0.05850678050096484,-0.28242710581810626,2,1,1.0,15.0,0.14556962025316456,0.0,0.04,255,2280,0.1,0.2,45
50,25,false,,0.7744694683531743,0.04526444226964228,-0.7345508861413867,1,1,1.0,3.0,0.0,0.0,0.014,255,2280,0.1,0.2,45
60,30,false,,0.05443692540280142,0.6811407272088266,0.6267038018060251,56,58,48.0,59.0,1.0,0.19653767820773932,0.012,255,2280,0.1,0.2,45
20,10,false,,0.09481015850987642,0.1569439863484327,0.0695845910021443,11,15,1.0,19.0,0.6574333800841514,0.0,0.2942,256,2281,0.1,0.2,45
30,15,false,,0.10653817225553472,0.12775671434855213,0.03729350053431717,18,20,2.0,28.0,0.5911293328363771,0.0,0.304,256,2281,0.1,0.2,45
40,20,false,,0.17502089305975027,0.10667492211057922,-0.07986921757088729,5,2,1.0,23.175000000000182,0.29276054097056486,0.0,0.2578,256,2281,0.1,0.2,45
50,25,false,,0.11579151171086871,0.19713369619945317,0.08935153602210444,42,46,1.0,49.0,0.6614583333333334,0.47636217948717946,0.2508,256,2281,0.1,0.2,45
60,30,true,,0.12096680700263485,0.42737728105000655,0.30209856979516114,49,57,2.1500000000000057,59.0,0.7631906938097216,0.049023680930619026,0.2368,256,2281,0.1,0.2,45
20,10,false,,0.10015822137874564,0.44580924635722186,0.34560346151069554,15,16,3.0,19.0,0.8422496570644719,0.0,0.287,257,2282,0.1,0.2,45
30,15,false,,0.1068166430378692,0.20554686587358312,0.10057481456763144,23,26,3.0,29.0,0.6869662086891942,0.0,0.2802,257,2282,0.1,0.2,45
40,20,false,,0.121965794891868,0.10860714040467423,-0.008476752823329894,17,10,2.0,37.0,0.4763231197771588,0.0,0.2848,257,2282,0.1,0.2,45
50,25,false,,0.5934465753091103,0.09517756781390899,-0.4940251984198642,3,2,1.0,11.0,0.03213957759412305,0.0,0.1894,257,2282,0.1,0.2,45
60,30,false,,0.1273886138080793,0.1450182595574355,0.0417838208703624,27,56,2.0,58.0,0.5838658146964856,0.04472843450479233,0.2438,257,2282,0.1,0.2,45
20,10,false,,0.11507874535936932,0.10583952861248183,-0.007378327953979094,11,13,1.0,19.0,0.48341384863123993,0.0,0.3032,258,2283,0.1,0.2,45
30,15,false,,0.1124080727528054,0.34855282948791694,0.24782178378356065,25,26,5.0,29.0,0.8754435770049681,0.0,0.2872,258,2283,0.1,0.2,45
40,20,false,,0.19105099133800715,0.11459025550153314,-0.0978106667420546,6,1,1.0,39.0,0.38936256597645147,0.0,0.227,258,2283,0.1,0.2,45
50,25,false,,0.1193651003995383,0.1033332685591786,-0.019074906709961648,38,45,8.0,49.0,0.4294049008168028,0.3220536756126021,0.2396,258,2283,0.1,0.2,45
60,30,false,,0.19291290063971184,0.11010040326221518,-0.08454867592174861,6,3,1.0,22.0,0.23288250211327136,0.0,0.1652,258,2283,0.1,0.2,45
20,10,false,,0.10645393270671634,0.43782785873012225,0.3401923953629029,15,17,3.0,19.0,0.8211354309165527,0.0,0.2878,259,2284,0.1,0.2,45
30,15,false,,0.10993067841220411,0.19646554447680423,0.10273639428829293,20,26,2.0,29.0,0.6712278106508875,0.0,0.2844,259,2284,0.1,0.2,45
40,20,false,,0.1303673977078628,0.10797322008121488,-0.02422816147496691,11,4,1.0,38.0,0.4427899686520376,0.0,0.2538,259,2284,0.1,0.2,45
50,25,true,,0.10994196618342096,0.20711120557848278,0.10715814031584046,41,44,9.0,49.0,0.7035977105478332,0.4296811120196239,0.227,259,2284,0.1,0.2,45
20,10,false,,0.10058265459379158,0.16058459615639475,0.08408432807921523,11,14,1.0,19.0,0.687375415282392,0.0,0.3148,260,2285,0.1,0.2,45
30,15,false,,0.12069784672823633,0.10790938100033855,-0.012908200561077582,13,4,1.0,28.0,0.4612807148175726,0.0,0.2836,260,2285,0.1,0.2,45
40,20,false,,0.41940824724302317,0.09704276469896232,-0.3307429182433474,5,1,1.0,38.0,0.3323366082870568,0.0,0.1936,260,2285,0.1,0.2,45
50,25,false,,0.13547800703532362,0.11164301095088797,-0.030979005027514404,14,2,1.0,47.0,0.3919558359621451,0.08911671924290221,0.2518,260,2285,0.1,0.2,45
60,30,true,,0.12011266107092426,0.2789154137981716,0.1634180369785394,51,56,22.174999999999997,59.0,0.843841642228739,0.16788856304985336,0.2274,260,2285,0.1,0.2,45
20,10,false,,0.12637203253694554,0.15775076895608894,0.04007299979840685,12,17,1.0,19.0,0.6063450955001619,0.0,0.3034,261,2286,0.1,0.2,45
30,15,false,,0.11858160209773372,0.25370173615446406,0.16132815134841919,21,27,1.0,29.0,0.673042223024179,0.0,0.2566,261,2286,0.1,0.2,45
40,20,false,,0.10635245601270137,0.18581425867257692,0.08045370101275089,34,37,19.0,39.0,0.6638888888888889,0.0,0.246,261,2286,0.1,0.2,45
50,25,false,,0.17130927117838005,0.10502299192269887,-0.07918349731736439,10,5,1.0,46.0,0.3345238095238095,0.0742063492063492,0.2534,261,2286,0.1,0.2,45
60,30,false,,0.12374880180938079,0.14300364085062775,0.03062380665486153,34,51,2.0,58.0,0.5960464116888697,0.1125913192952299,0.1904,261,2286,0.1,0.2,45
20,10,false,,0.0914564886989306,0.10983101919306744,0.015587188007750573,10,13,1.0,19.0,0.5478229835831548,0.0,0.286,262,2287,0.1,0.2,45
30,15,true,,0.09991764066027287,0.24189043713531477,0.1609388837139945,20,26,3.0,29.0,0.742053343076361,0.0,0.3168,262,2287,0.1,0.2,45
20,10,true,,0.0702023548831992,0.1909506371070992,0.1250519637772946,14,16,1.0,19.0,0.7027824620573356,0.0,0.2162,263,2288,0.1,0.2,45
20,10,false,,0.1384085989703985,0.11513702501155006,-0.029163817698792026,9,4,1.0,19.0,0.46704021094264997,0.0,0.2962,264,2289,0.1,0.2,45
30,15,false,,0.13127403730920967,0.12646604782006926,0.00606963669686264,17,1,1.0,29.0,0.5080193957478553,0.0,0.2672,264,2289,0.1,0.2,45
40,20,false,,0.12898078528372323,0.10144274701403201,-0.03714237924521173,20,3,1.0,38.0,0.3546099290780142,0.0,0.2612,264,2289,0.1,0.2,45
50,25,false,,0.15547466803093707,0.10237064080956694,-0.06525813997609597,6,2,1.0,34.97499999999991,0.3089092422980849,0.004995836802664446,0.2514,264,2289,0.1,0.2,45
60,30,false,,0.19719358319154576,0.10894974682870495,-0.09709291385380048,6,1,1.0,32.0,0.24746621621621623,0.0,0.207,264,2289,0.1,0.2,45
20,10,false,,0.1256290195338311,0.07765670929113652,-0.04595459905869767,8,3,1.0,19.0,0.36071670047329274,0.0,0.28,265,2290,0.1,0.2,45
30,15,true,,0.10323382941907652,0.31641244610987995,0.21625041483520926,23,26,3.0,29.0,0.7971461627458543,0.0,0.271,265,2290,0.1,0.2,45
20,10,false,,0.16580395944784515,0.157583536540981,-0.012068828261409158,11,15,1.0,19.0,0.47840431913617276,0.0,0.3058,266,2291,0.1,0.2,45
30,15,false,,0.16490886045727118,0.09948047122832802,-0.09321502507228903,12,3,1.0,28.0,0.3299215284885705,0.0,0.2504,266,2291,0.1,0.2,45
40,20,false,,0.11982437704380211,0.4773182551359281,0.3494064248860076,35,36,9.0,39.0,0.8288690476190477,0.0,0.2268,266,2291,0.1,0.2,45
50,25,false,,0.6711620910939163,0.10230476167414543,-0.565506488893635,2,2,1.0,11.0,0.036071273359408955,0.0,0.165,266,2291,0.1,0.2,45
60,30,false,,0.3962389866800702,0.11519640260395336,-0.2841556816003761,3,1,1.0,19.0,0.06191117092866756,0.0,0.1054,266,2291,0.1,0.2,45
20,10,false,,0.08851487783926054,0.13362878277668733,0.04592431749376659,14,16,1.0,19.0,0.5905743740795287,0.0,0.2608,267,2292,0.1,0.2,45
30,15,true,,0.07443050835357679,0.6269004408400062,0.5250601551343178,24,26,1.0,29.0,0.7728,0.0,0.1108,267,2292,0.1,0.2,45
20,10,false,,0.0893929873081809,0.3030385268873442,0.2202851018275199,15,15,3.0,19.0,0.790454884414616,0.0,0.2872,268,2293,0.1,0.2,45
30,15,true,,0.09640930463730175,0.23550552585615386,0.14252426760186546,23,25,3.0,29.0,0.7854938271604939,0.0,0.2852,268,2293,0.1,0.2,45
20,10,false,,0.0820071088884014,0.7090403304663317,0.6263907917228667,16,16,10.0,19.0,0.9805598755832037,0.0,0.2618,269,2294,0.1,0.2,45
30,15,false,,0.37295623332696826,0.08034584662168473,-0.2985037240181265,3,1,1.0,12.0,0.14111498257839722,0.0,0.2368,269,2294,0.1,0.2,45
40,20,false,,0.17123691364853327,0.08570139325218926,-0.09151754063887352,7,1,1.0,35.0,0.2818305391934753,0.0,0.1888,269,2294,0.1,0.2,45
50,25,false,,0.11395288380239038,0.12340957806334525,0.02067336906764384,38,41,2.0,48.0,0.5247971145175834,0.3408476104598738,0.1708,269,2294,0.1,0.2,45
60,30,false,,0.15042640718970796,0.09120589178322396,-0.05726439798614549,9,6,1.0,57.0,0.2930604093859211,0.0309535696455317,0.1234,269,2294,0.1,0.2,45
20,10,false,,0.10976596609558745,0.5979842890027439,0.48214305384328315,15,16,2.0,19.0,0.8548280423280423,0.0,0.3104,270,2295,0.1,0.2,45
30,15,false,,0.12204924486607457,0.15903834184428062,0.0678871946444188,18,27,2.0,29.0,0.6566037735849056,0.0,0.264,270,2295,0.1,0.2,45
40,20,true,,0.11893845987226379,0.26739878275541307,0.15013803300877232,34,36,2.0,39.0,0.7024824008892182,0.0,0.239,270,2295,0.1,0.2,45
20,10,true,,0.0973912283452062,0.19323719645251994,0.11150451615517781,13,15,2.0,19.0,0.7170764567194342,0.0,0.2972,271,2296,0.1,0.2,45
20,10,false,,0.058792301556375354,0.5373157959015331,0.4947832977840286,15,17,2.0,19.0,0.8225128444652032,0.0,0.1868,272,2297,0.1,0.2,45
30,15,false,,0.2681887262531282,0.05277416536081677,-0.21873488859817092,3,2,1.0,14.0,0.1767189384800965,0.0,0.079,272,2297,0.1,0.2,45
40,20,true,,0.06432541557665053,0.4373518800831221,0.3655808551314745,34,36,30.0,39.0,0.906764168190128,0.0,0.0666,272,2297,0.1,0.2,45
20,10,false,,0.09466075934938445,0.2546983763611691,0.16660972283376332,14,16,2.0,19.0,0.6925142665323935,0.0,0.3048,273,2298,0.1,0.2,45
30,15,false,,0.12383042687696313,0.14757453026611336,0.04651032044561963,16,2,1.0,29.0,0.5620626151012892,0.0,0.2714,273,2298,0.1,0.2,45
40,20,false,,0.11446758495613657,0.13858922992845582,0.027645038461937055,27,33,7.0,38.0,0.590687977762335,0.0,0.289,273,2298,0.1,0.2,45
50,25,true,,0.1204048295397061,0.2213334921911289,0.1096688892176396,41,47,5.0,49.0,0.7407272727272727,0.4149090909090909,0.259,273,2298,0.1,0.2,45
20,10,false,,0.17317617461588455,0.3385554714995449,0.20475016985742395,15,17,2.0,19.0,0.7204950196196801,0.0,0.3024,274,2299,0.1,0.2,45
30,15,false,,0.17926490440357384,0.11354343983638586,-0.08321118470178646,13,11,2.0,28.0,0.22915434654050856,0.0,0.2742,274,2299,0.1,0.2,45
40,20,false,,0.15286806668076325,0.11873069130011055,-0.046608786618608636,20,32,2.0,38.0,0.33736059479553904,0.0,0.2554,274,2299,0.1,0.2,45
50,25,false,,0.12837855768585096,0.47941666445747466,0.3526098836981565,46,46,35.0,49.0,0.873075478783327,0.6905745399924896,0.2246,274,2299,0.1,0.2,45
60,30,false,,0.14685627500039783,0.13831390492868734,-0.008976613865127714,19,22,1.0,52.0,0.43128131710808876,0.030780243378668574,0.1542,274,2299,0.1,0.2,45
20,10,false,,0.13269903657932916,0.2300695342686282,0.1292390482265914,13,16,1.0,19.0,0.647479674796748,0.0,0.2884,275,2300,0.1,0.2,45
30,15,false,,0.14659278838649048,0.12863829792104448,-0.029484014936099923,8,3,1.0,27.0,0.44603847407890446,0.0,0.2874,275,2300,0.1,0.2,45
40,20,false,,0.1346827330616526,0.13944425007799202,0.01384891982311856,22,37,1.0,38.0,0.5243860255966794,0.0,0.2608,275,2300,0.1,0.2,45
50,25,false,,0.12360469461799682,0.6826259657514977,0.5583400612571044,46,46,36.0,49.0,0.9535243996901627,0.7618125484120837,0.2152,275,2300,0.1,0.2,45
60,30,false,,0.13021837575662717,0.35413836873735227,0.23058172905739777,55,56,3.0,59.0,0.7692307692307693,0.0772983114446529,0.1666,275,2300,0.1,0.2,45
20,10,false,,0.092194879370675,0.32702395726874156,0.24699302933183154,15,17,3.0,19.0,0.7887977167320728,0.0,0.3002,276,2301,0.1,0.2,45
30,15,false,,0.10517420846598236,0.16857216253961768,0.06833693557997461,21,22,3.0,29.0,0.676554681915654,0.0,0.2788,276,2301,0.1,0.2,45
40,20,false,,0.1147822070129097,0.15357495927853554,0.04085482097466869,32,36,1.0,39.0,0.5813449023861171,0.0,0.2184,276,2301,0.1,0.2,45
50,25,false,,0.13949621647797333,0.09188505912772388,-0.05868536060752941,7,3,1.0,47.0,0.2693437806072478,0.08472086190009795,0.165,276,2301,0.1,0.2,45
60,30,false,,0.10807780522381086,0.14590361066682717,0.050844880705948683,39,51,7.0,58.0,0.6396551724137931,0.12873563218390804,0.1178,276,2301,0.1,0.2,45
20,10,false,,0.12136185263231442,0.1467275563865955,0.03215905737038441,12,16,1.0,19.0,0.5709208400646204,0.0,0.3174,277,2302,0.1,0.2,45
30,15,true,,0.10921320234268736,0.26832585502285605,0.16726984881156576,23,27,5.0,29.0,0.7662337662337663,0.0,0.282,277,2302,0.1,0.2,45
20,10,false,,0.10584550629453776,0.6467205236739151,0.535962533796755,16,16,5.0,19.0,0.9228932105083589,0.0,0.2914,278,2303,0.1,0.2,45
30,15,false,,0.12122447058635835,0.5983638472803655,0.47498126755077524,26,26,11.0,29.0,0.9238028661307235,0.0,0.2668,278,2303,0.1,0.2,45
40,20,true,,0.1265202363672435,0.3739758508889813,0.2505495389566275,34,37,7.0,39.0,0.8399023369375654,0.0,0.2424,278,2303,0.1,0.2,45
20,10,true,,0.101907625089766,0.31493378355936813,0.2091052098182028,14,16,2.0,19.0,0.8169245966414225,0.0,0.306,279,2304,0.1,0.2,45
20,10,true,,0.09055376458968677,0.20270915536747602,0.1184784541538397,14,17,1.0,19.0,0.7200572041473007,0.0,0.2894,280,2305,0.1,0.2,45
20,10,false,,0.1288754668211294,0.3817246215150414,0.25875318880338843,15,16,1.0,19.0,0.7236400268636669,0.0,0.2952,281,2306,0.1,0.2,45
30,15,false,,0.12846844645523897,0.13428417085941424,0.004567718866072636,20,27,1.0,29.0,0.502594514455152,0.0,0.2614,281,2306,0.1,0.2,45
40,20,false,,0.1161869995621714,0.12076536829386014,0.008592619636132684,23,35,1.0,38.0,0.5294806716126513,0.0,0.2552,281,2306,0.1,0.2,45
50,25,false,,0.12244670932311622,0.11843739885428513,-0.004682412930634927,29,47,1.0,49.0,0.4832347140039448,0.25680473372781065,0.259,281,2306,0.1,0.2,45
60,30,true,,0.12089538362145424,0.2937053412733414,0.1874834081464878,48,53,3.0,58.0,0.730090231463319,0.12946253432718713,0.2586,281,2306,0.1,0.2,45
20,10,true,,0.10490642709370061,0.3758528573220039,0.27005472820253,14,14,2.0,19.0,0.8264649066323245,0.0,0.3144,282,2307,0.1,0.2,45
20,10,false,,0.13318424309609805,0.13263064305725122,0.016244043354937926,8,1,1.0,19.0,0.533356024506467,0.0,0.2536,283,2308,0.1,0.2,45
30,15,false,,0.11189166870554214,0.12030463535578655,0.016579806692259086,18,25,1.0,28.0,0.5515647226173542,0.0,0.2816,283,2308,0.1,0.2,45
40,20,false,,0.692945550318981,0.09362700037618626,-0.5944953581204471,3,1,1.0,27.0,0.1360485268630849,0.0,0.2142,283,2308,0.1,0.2,45
50,25,true,,0.11789211390982904,0.18725770208258274,0.07151814279365402,40,45,13.724999999999994,48.0,0.7090909090909091,0.396,0.275,283,2308,0.1,0.2,45
20,10,false,,0.07931586840971286,0.3818326157284524,0.3098940911114111,15,16,2.0,19.0,0.795577967416602,0.0,0.2954,284,2309,0.1,0.2,45
30,15,false,,0.09933388937497398,0.14138749806573048,0.060895365866454276,19,25,2.0,29.0,0.6627994011976048,0.0,0.2832,284,2309,0.1,0.2,45
40,20,false,,0.10913753312043997,0.14353361256279842,0.04063456358053624,29,36,2.0,39.0,0.6017592962814874,0.0,0.2556,284,2309,0.1,0.2,45
50,25,true,,0.11538147044685079,0.34497534750732595,0.2173947829865071,42,46,3.0,49.0,0.7524791749305831,0.46767155890519635,0.2776,284,2309,0.1,0.2,45
20,10,true,,0.0960596530047656,0.23083678388788678,0.15003698798804233,14,16,2.0,19.0,0.7475626740947076,0.0,0.2926,285,2310,0.1,0.2,45
20,10,false,,0.07471387592464176,0.19915102786405248,0.12496742361221858,13,16,2.0,19.0,0.6859024012393493,0.0,0.2492,286,2311,0.1,0.2,45
30,15,false,,0.7401958809189011,0.043974095449135116,-0.6990700577618084,2,1,1.0,12.0,0.04214819850441876,0.0,0.0668,286,2311,0.1,0.2,45
40,20,true,,0.06511971585545186,0.19260809884432414,0.13938406009125542,32,31,26.0,39.0,0.7713936430317848,0.0,0.0526,286,2311,0.1,0.2,45
20,10,false,,0.10246692126301726,0.09802412833198802,-0.010367144997437926,9,1,1.0,19.0,0.4620740197874679,0.0,0.2782,287,2312,0.1,0.2,45
30,15,false,,0.10955536296036388,0.10289710569277216,-0.01339105418705136,13,1,1.0,28.0,0.46730528946272387,0.0,0.2394,287,2312,0.1,0.2,45
40,20,true,,0.09105121346475833,0.38730904640693403,0.3055015283199146,33,36,14.0,39.0,0.8450184501845018,0.0,0.1766,287,2312,0.1,0.2,45
20,10,false,,0.11412982675279042,0.1539119631527621,0.04967301502817564,10,13,1.0,19.0,0.6157712849513038,0.0,0.3306,288,2313,0.1,0.2,45
30,15,false,,0.11799460900701905,0.155843654252163,0.05938215707674987,19,26,1.0,29.0,0.5889861415025529,0.0,0.278,288,2313,0.1,0.2,45
40,20,true,,0.11589198353122974,0.33192525567469583,0.23680755516912871,31,35,2.0,39.0,0.7023571713943269,0.0,0.2528,288,2313,0.1,0.2,45
20,10,false,,0.10266113991121326,0.1167098972832106,0.007626001898764806,10,8,1.0,19.0,0.5279945707499152,0.0,0.2904,289,2314,0.1,0.2,45
30,15,false,,0.08565955268445372,0.16741999953149947,0.09621384360519739,19,25,2.0,29.0,0.6887306242144952,0.0,0.2198,289,2314,0.1,0.2,45
40,20,false,,0.16181789810896458,0.08871512029081118,-0.041530429857430745,6,3,1.0,35.0,0.3995305164319249,0.0,0.1658,289,2314,0.1,0.2,45
50,25,false,,0.14097606093165183,0.0775519157877803,-0.059378603193106796,8,7,1.0,31.0,0.26297968397291194,0.0,0.0926,289,2314,0.1,0.2,45
60,30,false,,0.10250329254642697,0.09015648565576244,-0.0049882878283484325,22,8,1.0,41.0,0.4785714285714286,0.014285714285714285,0.0908,289,2314,0.1,0.2,45
20,10,false,,0.1557788919126995,0.11347882716558629,-0.039085704600025056,9,1,1.0,19.0,0.4186429512516469,0.0,0.287,290,2315,0.1,0.2,45
30,15,false,,0.13253800739214378,0.1200810196448986,-0.018800443125318006,11,3,1.0,28.0,0.46621621621621623,0.0,0.2952,290,2315,0.1,0.2,45
40,20,false,,0.12132418944395054,0.20535625366479626,0.11148989381409531,28,36,2.0,39.0,0.6840447865640308,0.0,0.2712,290,2315,0.1,0.2,45
50,25,false,,0.21172100096410962,0.11619680275074104,-0.09952277723468675,5,3,1.0,20.0,0.21952131637995512,0.0,0.2102,290,2315,0.1,0.2,45
60,30,false,,0.14137978158460301,0.1339559818293224,-0.011429994969692464,10,6,1.0,40.0,0.4640498899486427,0.004035216434336023,0.1686,290,2315,0.1,0.2,45
20,10,false,,0.0917508814492008,0.23508162474514918,0.14468890544339746,15,15,2.0,19.0,0.7669006280014776,0.0,0.2956,291,2316,0.1,0.2,45
30,15,false,,0.09492561079582523,0.13253199768782697,0.057086580110839724,16,26,2.0,29.0,0.6248941574936494,0.0,0.2208,291,2316,0.1,0.2,45
40,20,true,,0.11363970485728767,0.2685961252451724,0.17259783808077162,30,35,2.0,39.0,0.7077551020408164,0.0,0.2736,291,2316,0.1,0.2,45
20,10,false,,0.1537876470106512,0.14951809190364115,-0.0007898577923303729,12,17,1.0,19.0,0.4972067039106145,0.0,0.3186,292,2317,0.1,0.2,45
30,15,false,,0.16133943558921474,0.12344270664174736,-0.05501999113850323,9,2,1.0,28.0,0.38461538461538464,0.0,0.2504,292,2317,0.1,0.2,45
40,20,false,,0.1523282396608611,0.10428032708029408,-0.07490076703906164,12,5,1.0,37.0,0.23958680439853383,0.0,0.2386,292,2317,0.1,0.2,45
50,25,false,,0.1807130400466872,0.10424052836056666,-0.09946355070007526,9,1,1.0,46.0,0.24789410348977137,0.05174488567990373,0.2138,292,2317,0.1,0.2,45
60,30,true,,0.1227338619645565,0.4024402132826572,0.2852753014711557,53,54,39.0,59.0,0.9049107142857142,0.13214285714285715,0.1526,292,2317,0.1,0.2,45
20,10,false,,0.07873212781726552,0.4991880784293765,0.4087459140240417,15,17,2.0,19.0,0.9074638233054074,0.0,0.2848,293,2318,0.1,0.2,45
30,15,false,,0.10161363246933837,0.1268833473999475,0.029910796609204635,17,4,1.0,29.0,0.5829025844930418,0.0,0.2372,293,2318,0.1,0.2,45
40,20,false,,0.10751709532098214,0.1499656715442403,0.06380186393640888,23,36,3.0,38.0,0.6806546370121695,0.0,0.2548,293,2318,0.1,0.2,45
50,25,false,,0.11591870916435752,0.1729510142899498,0.05678751201536464,39,45,2.0,48.0,0.6484257871064468,0.3530734632683658,0.2876,293,2318,0.1,0.2,45
60,30,false,,0.13184956760262978,0.11447751150730384,-0.023219325749845657,27,10,4.0,58.0,0.42547092547092547,0.1298116298116298,0.2076,293,2318,0.1,0.2,45
20,10,false,,0.12283685796689152,0.13298020065049704,0.0028893781159248233,11,5,2.0,19.0,0.5087384810931045,0.0,0.3222,294,2319,0.1,0.2,45
30,15,false,,0.14366399295601878,0.09825024844635882,-0.07000623517576784,11,2,1.0,29.0,0.3610023492560689,0.0,0.2504,294,2319,0.1,0.2,45
40,20,false,,0.12100148618033356,0.6292900011955042,0.5081254226300713,30,36,1.0,39.0,0.6794763513513513,0.0,0.2564,294,2319,0.1,0.2,45
50,25,false,,0.12065569248657433,0.1243748261699928,0.008644557854023377,31,38,1.0,47.0,0.5250192455735181,0.15742879137798307,0.274,294,2319,0.1,0.2,45
60,30,false,,0.12259865813154151,0.5178150520384147,0.39988608840642,55,56,43.849999999999994,59.0,0.9109826589595376,0.09865125240847784,0.1938,294,2319,0.1,0.2,45
20,10,false,,0.16075862082495274,0.13917191415729271,-0.03544962265097009,9,1,1.0,19.0,0.4320947056889181,0.0,0.2618,295,2320,0.1,0.2,45
30,15,false,,0.13609788721461324,0.14313157394140785,0.026211127029273293,20,27,2.0,29.0,0.5480356553317927,0.0,0.2502,295,2320,0.1,0.2,45
40,20,false,,0.13103964182825278,0.10461488369554504,-0.029903780333975435,19,7,2.0,39.0,0.42496171516079634,0.0,0.2444,295,2320,0.1,0.2,45
50,25,false,,0.14518997689550145,0.10988100895218134,-0.042540715256265606,18,4,1.0,48.0,0.42823894491854153,0.2307990690457719,0.2442,295,2320,0.1,0.2,45
60,30,true,,0.11871602883124552,0.5064328916085872,0.3882958477864663,54,57,19.0,59.0,0.8030560271646859,0.05984719864176571,0.217,295,2320,0.1,0.2,45
20,10,false,,0.10956544551636228,0.12648675945081508,0.025312885503381732,10,7,1.0,19.0,0.5602288021534321,0.0,0.2984,296,2321,0.1,0.2,45
30,15,false,,0.11034095006310794,0.12909192231750954,0.025693622070047134,18,24,1.0,29.0,0.5575847931420053,0.0,0.2966,296,2321,0.1,0.2,45
40,20,false,,0.12283466087806734,0.1324012006386993,0.0194335703633505,17,12,2.0,38.0,0.5579581708613967,0.0,0.2856,296,2321,0.1,0.2,45
50,25,false,,0.133268508513724,0.12759039446348752,-0.006737442914363401,24,3,1.0,48.0,0.47704280155642026,0.21750972762645915,0.251,296,2321,0.1,0.2,45
60,30,true,,0.12338906461981003,0.6701012194400499,0.5529919758599617,54,53,41.775000000000006,59.0,0.9592476489028213,0.07954545454545454,0.218,296,2321,0.1,0.2,45
20,10,true,,0.1466386857674777,0.4459447200370976,0.30527836178220324,14,16,2.0,19.0,0.7755856966707768,0.0,0.3032,297,2322,0.1,0.2,45
20,10,false,,0.15883470848193396,0.10954762971265206,-0.06809506399080603,6,1,1.0,18.0,0.4195619335347432,0.0,0.251,298,2323,0.1,0.2,45
30,15,true,,0.11496596014276261,0.5524172729978574,0.4344466032490836,24,27,1.0,29.0,0.7648176291793313,0.0,0.251,298,2323,0.1,0.2,45
20,10,true,,0.09785988889030506,0.3074140986965901,0.21739383450051042,14,17,2.0,19.0,0.715243472124206,0.0,0.2866,299,2324,0.1,0.2,45
20,10,false,,0.09090072947356174,0.10343459260137791,0.02231047995858422,12,15,1.0,19.0,0.5627923713566031,0.0,0.2844,300,2325,0.1,0.2,45
30,15,false,,0.10541861568730997,0.1631180405247395,0.07674351404355315,16,26,2.0,29.0,0.6130653266331658,0.0,0.2938,300,2325,0.1,0.2,45
40,20,false,,0.13295095067356574,0.0934158075260542,-0.04532277906809344,9,3,1.0,36.0,0.3589076723016905,0.0,0.2308,300,2325,0.1,0.2,45
50,25,false,,0.11045738690612421,0.18314228006283229,0.07378554649780453,39,42,2.0,48.0,0.6390398550724637,0.35733695652173914,0.1822,300,2325,0.1,0.2,45
60,30,false,,0.12433236362363692,0.09652765440112838,-0.029663290589453946,20,6,2.0,55.0,0.4064145524174246,0.040210627094303494,0.1222,300,2325,0.1,0.2,45
20,10,false,,0.12820205570009366,0.14277501460647132,0.017467344494421735,11,17,1.0,19.0,0.5441919191919192,0.0,0.3164,301,2326,0.1,0.2,45
30,15,false,,0.15464452834134257,0.11804915548667602,-0.047289354629518346,15,1,1.0,28.0,0.4204740638955685,0.0,0.2494,301,2326,0.1,0.2,45
40,20,false,,0.13993213431215115,0.12338626334734984,-0.016412710207509035,16,4,1.0,39.0,0.4548330404217926,0.0,0.2598,301,2326,0.1,0.2,45
50,25,false,,0.11713252942475552,0.1752203243300226,0.06465096111279922,41,45,5.0,48.0,0.6608378870673952,0.45719489981785066,0.2524,301,2326,0.1,0.2,45
60,30,false,,0.13833916850713446,0.12634832957482972,-0.010604021854999257,17,2,2.0,53.0,0.461369461735628,0.14426949835225192,0.2014,301,2326,0.1,0.2,45
20,10,false,,0.14239875984712563,0.3530198678945731,0.21362056902041301,15,16,3.0,19.0,0.7897832817337461,0.0,0.3122,302,2327,0.1,0.2,45
30,15,false,,0.15933498027916732,0.10956455300674385,-0.06781641724298247,12,4,1.0,28.0,0.32188976377952755,0.0,0.2778,302,2327,0.1,0.2,45
40,20,false,,0.238589883259556,0.09572377459964888,-0.1503439789631359,5,2,1.0,24.0,0.1425803951956606,0.0,0.1796,302,2327,0.1,0.2,45
50,25,false,,0.13031610790013018,0.11695086428947034,-0.020677265497314454,36,47,2.0,49.0,0.4417014812001519,0.28636536270413976,0.222,302,2327,0.1,0.2,45
60,30,false,,0.17365499462337008,0.11267643948859221,-0.06023255556424066,10,3,1.0,42.0,0.27358490566037735,0.02339622641509434,0.191,302,2327,0.1,0.2,45
20,10,false,,0.17963753777549374,0.09781358121001664,-0.11136384027364268,8,1,1.0,19.0,0.3140711720535423,0.0,0.279,303,2328,0.1,0.2,45
30,15,false,,0.13839418212304344,0.09791626922579166,-0.04906274425615753,9,7,1.0,28.0,0.33881694084704234,0.0,0.2662,303,2328,0.1,0.2,45
40,20,false,,0.7105834953664557,0.09371856628506983,-0.606814268578281,3,2,1.0,30.0,0.07210708117443869,0.0,0.1796,303,2328,0.1,0.2,45
50,25,false,,0.16568526221820346,0.10613224514824458,-0.06901113490097568,9,4,1.0,43.0,0.27693504472967717,0.038506417736289385,0.236,303,2328,0.1,0.2,45
60,30,true,,0.12189856056952053,0.4150971737981879,0.29104008336218123,52,55,5.0,59.0,0.7831278890600925,0.11171032357473036,0.1978,303,2328,0.1,0.2,45
20,10,true,,0.07429645551595344,0.26295792056111067,0.18430212743063157,12,15,1.0,19.0,0.7655038759689923,0.0,0.2766,304,2329,0.1,0.2,45
20,10,false,,0.14434439502579943,0.16151891812852978,0.033981330936122434,8,1,1.0,19.0,0.5600517966979605,0.0,0.3052,305,2330,0.1,0.2,45
30,15,false,,0.14140322107491693,0.10511992684394444,-0.058326651505295944,9,1,1.0,28.0,0.34661508704061894,0.0,0.2352,305,2330,0.1,0.2,45
40,20,false,,0.11828462060815127,0.15175310730598093,0.03547420441027406,24,36,2.0,39.0,0.5832414553472988,0.0,0.2684,305,2330,0.1,0.2,45
50,25,false,,0.11367739500094054,0.48726294634411754,0.36896270406223663,45,47,26.0,49.0,0.8909895414320194,0.666532582461786,0.2356,305,2330,0.1,0.2,45
60,30,false,,0.13253255194449307,0.12882697863697037,-0.0041653393153577856,34,3,1.0,58.0,0.4872283644681662,0.14525352649637818,0.1854,305,2330,0.1,0.2,45
20,10,false,,0.13773146588301896,0.21072590745577424,0.07638569460550676,14,16,1.0,19.0,0.594679186228482,0.0,0.3032,306,2331,0.1,0.2,45
30,15,true,,0.12971792203102797,0.33739802847416384,0.23302094314991267,24,26,2.0,29.0,0.7374621339616291,0.0,0.2822,306,2331,0.1,0.2,45
20,10,true,,0.09139606280457058,0.21399044226557262,0.12273695160397763,14,15,1.0,19.0,0.702846975088968,0.0,0.2842,307,2332,0.1,0.2,45
20,10,false,,0.05081801216686365,0.389742974791696,0.3440292277987621,15,15,1.0,19.0,0.7897940074906367,0.0,0.1426,308,2333,0.1,0.2,45
30,15,true,,0.04284183497535499,0.18668215497481658,0.1406239330953352,19,17,10.0,29.0,0.879375,0.0,0.0692,308,2333,0.1,0.2,45
20,10,false,,0.06319241753516795,0.1068707639393687,0.04684313977591022,13,16,2.0,19.0,0.6563403552251136,0.0,0.204,309,2334,0.1,0.2,45
30,15,false,,0.14862240880238542,0.06270716052788639,-0.105652227816452,3,2,1.0,19.0,0.30219435736677114,0.0,0.0852,309,2334,0.1,0.2,45
40,20,false,,0.03935249248397725,0.2645432286105947,0.22519073612661744,36,37,32.0,39.0,0.9849246231155779,0.0,0.0348,309,2334,0.1,0.2,45
50,25,false,,0.0659756496434006,0.06882439368456629,-0.03472309967683551,6,5,2.0,35.0,0.3438368860055607,0.0,0.0316,309,2334,0.1,0.2,45
60,30,false,,0.4580548144439536,0.06611499321349087,-0.4186015761634004,2,1,1.0,8.0,0.14142335766423358,0.0,0.0122,309,2334,0.1,0.2,45
20,10,false,,0.18933875240227233,0.10583767801749418,-0.10288886320589827,6,3,1.0,19.0,0.29246198641216437,0.0,0.2782,310,2335,0.1,0.2,45
30,15,false,,0.1699519148858273,0.11853914904296547,-0.0704425223291135,7,4,1.0,29.0,0.3667131891137474,0.0,0.2616,310,2335,0.1,0.2,45
40,20,false,,0.13131410438807603,0.14189296929533868,0.014075661116717597,16,2,1.0,38.0,0.5371542819060313,0.0,0.2482,310,2335,0.1,0.2,45
50,25,false,,0.1665945754178469,0.12438912055068359,-0.05333292407353109,7,1,1.0,47.0,0.315166726425242,0.05091430620294012,0.2278,310,2335,0.1,0.2,45
60,30,true,,0.13520158658995812,0.19685756979082367,0.0645851417764758,49,53,4.0,59.0,0.7492547201059954,0.17721099701888043,0.2,310,2335,0.1,0.2,45
20,10,false,,0.15948333360392025,0.6466349869636561,0.4901087501991386,16,17,3.0,19.0,0.753733714648872,0.0,0.2966,311,2336,0.1,0.2,45
30,15,false,,0.6777359146699927,0.08489982148080713,-0.5931862936683792,3,2,1.0,28.0,0.1161236424394319,0.0,0.1914,311,2336,0.1,0.2,45
40,20,false,,0.16494183584616828,0.10049510463947273,-0.08096697184670615,15,5,1.0,39.0,0.3531441717791411,0.0,0.236,311,2336,0.1,0.2,45
50,25,false,,0.12735626874090555,0.11163191230070911,-0.023719254962569644,23,2,2.0,47.0,0.4241960183767228,0.15122511485451762,0.241,311,2336,0.1,0.2,45
60,30,true,,0.12236928794365202,0.3312921322225786,0.21248494361457015,52,54,36.0,59.0,0.8249258160237388,0.19176557863501484,0.2044,311,2336,0.1,0.2,45
20,10,false,,0.1087304156280041,0.32977124938680363,0.2347436230835549,15,16,3.0,19.0,0.8265876933201711,0.0,0.3042,312,2337,0.1,0.2,45
30,15,false,,0.10723731397022593,0.5815666289061233,0.46949386789016334,25,26,3.0,29.0,0.7996894409937888,0.0,0.255,312,2337,0.1,0.2,45
40,20,false,,0.13456531260942886,0.09467130532555135,-0.04571503130911718,9,2,1.0,38.0,0.3752720940356987,0.0,0.2136,312,2337,0.1,0.2,45
50,25,false,,0.11736667188346633,0.09124518436712065,-0.02610284558101112,31,1,1.0,48.0,0.4119359534206696,0.1576904415332363,0.1582,312,2337,0.1,0.2,45
60,30,false,,0.1446309837376099,0.08366622921825444,-0.06710237449124651,7,4,1.0,56.0,0.24693986162852583,0.036721660457690264,0.109,312,2337,0.1,0.2,45
20,10,false,,0.1227327331622624,0.0968631088984871,-0.02934948444740995,8,4,1.0,19.0,0.4097657538766084,0.0,0.2964,313,2338,0.1,0.2,45
30,15,true,,0.09513287535174189,0.30185097446918013,0.2101467428457826,21,26,3.0,29.0,0.749513807856865,0.0,0.2882,313,2338,0.1,0.2,45
20,10,false,,0.09863003431726469,0.22196368388000093,0.13634610624741667,14,16,1.0,19.0,0.6831852358168148,0.0,0.288,314,2339,0.1,0.2,45
30,15,true,,0.10383178205583773,0.28195235069076136,0.1854710643349185,23,26,4.0,29.0,0.8558526011560693,0.0,0.2984,314,2339,0.1,0.2,45
20,10,false,,0.20505428529795836,0.11458316067223066,-0.10657587698198956,5,2,1.0,19.0,0.31625835189309576,0.0,0.2862,315,2340,0.1,0.2,45
30,15,false,,0.22685889940613788,0.12047926180900043,-0.1255457087032525,5,2,1.0,27.0,0.35343325200418263,0.0,0.2068,315,2340,0.1,0.2,45
40,20,false,,0.13932304160238435,0.1901262650799838,0.07357893707200035,30,36,1.0,39.0,0.6092857142857143,0.0,0.2374,315,2340,0.1,0.2,45
50,25,true,,0.13031741456903584,0.5725337131347424,0.43181464246170354,44,46,4.0,49.0,0.7573313782991202,0.5630498533724341,0.2092,315,2340,0.1,0.2,45
20,10,false,,0.09175799778415616,0.1660347169459438,0.09990281639121261,11,1,1.0,19.0,0.6678335278101906,0.0,0.2554,316,2341,0.1,0.2,45
30,15,false,,0.11619427243902283,0.12306484107777808,0.020516358974162197,8,1,1.0,28.0,0.5375478927203066,0.0,0.2638,316,2341,0.1,0.2,45
40,20,false,,0.11137104458560948,0.1325991718781513,0.03829225271342565,22,37,2.0,38.0,0.607555898226677,0.0,0.2656,316,2341,0.1,0.2,45
50,25,false,,0.11163225431560532,0.13845273668699065,0.03227060315735081,38,46,9.0,49.0,0.5834697217675942,0.33919803600654663,0.2556,316,2341,0.1,0.2,45
60,30,false,,0.25438894409342994,0.09992518450122023,-0.1546022412814573,6,2,1.0,22.0,0.14720394736842105,0.0,0.0934,316,2341,0.1,0.2,45
20,10,false,,0.1421652273501476,0.10052195176624867,-0.04774710618856538,7,1,1.0,19.0,0.3945772386728505,0.0,0.2828,317,2342,0.1,0.2,45
30,15,false,,0.1533441712774217,0.10264654778883545,-0.06880832314794902,6,2,1.0,29.0,0.3761252446183953,0.0,0.2334,317,2342,0.1,0.2,45
40,20,false,,0.1279180187704042,0.11428431582118323,-0.009921892479424183,20,4,1.0,39.0,0.47056560215467486,0.0,0.2566,317,2342,0.1,0.2,45
50,25,true,,0.12678914776517636,0.5350478947489862,0.40889018928926874,37,45,2.0,49.0,0.7064965197215777,0.32985305491105954,0.2694,317,2342,0.1,0.2,45
20,10,true,,0.09575571480887936,0.26829398897483825,0.17646948616627126,14,17,2.0,19.0,0.7491626349088203,0.0,0.2824,318,2343,0.1,0.2,45
20,10,true,,0.11430473379425754,0.27378185763907353,0.1691526861318164,14,15,2.0,19.0,0.7062128222075347,0.0,0.2978,319,2344,0.1,0.2,45
20,10,false,,0.10373684139514709,0.20395324347042756,0.1189343846643419,15,16,2.0,19.0,0.6869142658799028,0.0,0.2938,320,2345,0.1,0.2,45
30,15,false,,0.10544854055194319,0.07718750735536756,-0.031091019476868292,20,26,1.0,29.0,0.4198047419804742,0.0,0.1718,320,2345,0.1,0.2,45
40,20,false,,0.07754902119142498,0.5048365109822808,0.4151460128944439,35,35,27.0,39.0,0.9641499185225421,0.0,0.1208,320,2345,0.1,0.2,45
50,25,false,,0.22683796920357896,0.10330761830089234,-0.13305488156790954,6,4,1.0,37.0,0.2626349892008639,0.004319654427645789,0.2398,320,2345,0.1,0.2,45
60,30,false,,0.20524007441897985,0.09614040082086284,-0.10755297681390898,6,4,1.0,31.0,0.20064874884151992,0.0,0.1972,320,2345,0.1,0.2,45
20,10,false,,0.09614344160591298,0.44277130708001966,0.3570209445460296,15,16,2.424999999999997,19.0,0.8068257123923128,0.0,0.3054,321,2346,0.1,0.2,45
30,15,true,,0.11014188128482164,0.39262039568328955,0.29228898904781986,24,26,4.0,29.0,0.8856649395509499,0.0,0.2988,321,2346,0.1,0.2,45
20,10,false,,0.12319431470701869,0.17204079519078688,0.07412635057105199,11,16,1.0,19.0,0.6000663790242283,0.0,0.2586,322,2347,0.1,0.2,45
30,15,false,,0.11989832151619415,0.09074826775197971,-0.028847556819555142,11,3,1.0,28.0,0.39524752475247527,0.0,0.2414,322,2347,0.1,0.2,45
40,20,true,,0.09496161167953605,0.43288945502918735,0.35002660404819796,32,36,14.700000000000003,39.0,0.7338296882270824,0.0,0.1932,322,2347,0.1,0.2,45
20,10,false,,0.14697595708179256,0.18751579492832274,0.08350002263002868,11,18,1.0,19.0,0.6057233704292527,0.0,0.2922,323,2348,0.1,0.2,45
30,15,false,,0.14482691927897576,0.1427790884067715,-0.0038512457980166004,19,28,2.0,29.0,0.49504634068392456,0.0,0.2702,323,2348,0.1,0.2,45
40,20,false,,0.1672418952777302,0.10367739487821587,-0.08001182643119034,13,4,1.0,34.0,0.19660113295568143,0.0,0.259,323,2348,0.1,0.2,45
50,25,false,,0.11553964777198554,0.4244213735295694,0.3063365184972906,45,46,30.0,49.0,0.832719836400818,0.6220858895705521,0.2156,323,2348,0.1,0.2,45
60,30,true,,0.12664395707617365,0.33321553394597897,0.20074476739161395,49,56,3.0,58.0,0.7277295568752855,0.11009593421653723,0.155,323,2348,0.1,0.2,45
20,10,false,,0.10605917755510613,0.3401567414334455,0.24021520933843327,15,16,2.0,19.0,0.7375596455351057,0.0,0.2922,324,2349,0.1,0.2,45
30,15,false,,0.12277984915599564,0.12015486101727949,0.0017006681809242086,19,26,2.0,28.0,0.5074193548387097,0.0,0.2796,324,2349,0.1,0.2,45
40,20,false,,0.11148130786789305,0.31982883998376455,0.20687274086808907,35,35,18.0,39.0,0.8257121439280359,0.0,0.269,324,2349,0.1,0.2,45
50,25,false,,0.2923324771623522,0.09731233512518203,-0.20143558061649425,4,4,1.0,25.0,0.17469109501491265,0.0,0.1874,324,2349,0.1,0.2,45
60,30,true,,0.11610626869747331,0.2583209829417292,0.1370344354894747,54,56,40.0,59.0,0.7774647887323943,0.14647887323943662,0.225,324,2349,0.1,0.2,45
20,10,false,,0.14773403918862468,0.22233167645606008,0.10004639851220584,13,17,1.0,19.0,0.6214200477326969,0.0,0.316,325,2350,0.1,0.2,45
30,15,false,,0.14057586995813087,0.11516929231446493,-0.033519182997182706,14,9,2.5250000000000057,28.0,0.398820608317815,0.0,0.304,325,2350,0.1,0.2,45
40,20,false,,0.1316124058953326,0.14322534130275516,0.02657214231619609,26,35,2.0,39.0,0.5489393375511723,0.0,0.2358,325,2350,0.1,0.2,45
50,25,false,,0.11488083384851613,0.3330741051603303,0.20966963086377322,45,45,30.02499999999999,49.0,0.7451209992193599,0.656128024980484,0.2188,325,2350,0.1,0.2,45
60,30,false,,0.2099807050477722,0.11510677830537905,-0.09708325685044239,6,5,1.0,15.0,0.22563176895306858,0.0,0.1038,325,2350,0.1,0.2,45
20,10,true,,0.08699545074649508,0.18562341934008345,0.10526827203209731,14,17,2.0,19.0,0.7162565249813572,0.0,0.277,326,2351,0.1,0.2,45
20,10,false,,0.07856691007150512,0.09260416370473959,0.012959354758996344,10,7,1.0,19.0,0.5591692789968652,0.0,0.2602,327,2352,0.1,0.2,45
30,15,false,,0.07154260161663487,0.6128336522768163,0.5497683936929778,25,26,16.0,29.0,0.9995267392333176,0.0,0.1662,327,2352,0.1,0.2,45
40,20,false,,0.09303209177293276,0.08587457562928605,-0.002031723463600782,21,3,2.0,38.0,0.4915,0.0,0.1292,327,2352,0.1,0.2,45
50,25,false,,0.0977840841267915,0.08656919556365819,-0.01451816451020728,8,4,1.0,29.0,0.44934172867773325,0.0,0.093,327,2352,0.1,0.2,45
60,30,true,,0.0784858683708943,0.1497642694182848,0.06184086014107042,46,46,36.0,58.0,0.8372513562386981,0.4822182037371911,0.05,327,2352,0.1,0.2,45
20,10,false,,0.16779867226144118,0.11212564058942946,-0.07315910820260423,7,2,1.0,19.0,0.3185322232500771,0.0,0.3188,328,2353,0.1,0.2,45
30,15,false,,0.658922572971488,0.07657858838351474,-0.5791606717308089,3,2,1.0,28.0,0.10378619153674833,0.0,0.1724,328,2353,0.1,0.2,45
40,20,false,,0.11988821254897009,0.11245875146753759,-0.004606052175848058,15,14,1.0,38.0,0.48231266641308485,0.0,0.2706,328,2353,0.1,0.2,45
50,25,false,,0.14367103437740378,0.10559893210084063,-0.049036575502692,15,2,1.0,46.0,0.3378111418411695,0.06558672461477677,0.2582,328,2353,0.1,0.2,45
60,30,true,,0.12197784945281204,0.2651435070779817,0.14415630998802528,51,55,3.0,59.0,0.760724124360488,0.12632821723730814,0.2206,328,2353,0.1,0.2,45
20,10,false,,0.15428724944064842,0.1400249649165848,-0.019343636272510817,7,2,1.0,19.0,0.46980949305779784,0.0,0.2762,329,2354,0.1,0.2,45
30,15,false,,0.13906348203477137,0.12022501479487135,-0.030339718851217494,13,27,1.0,29.0,0.425223983459683,0.0,0.2758,329,2354,0.1,0.2,45
40,20,false,,0.1325897248248693,0.07894782065396581,-0.07628054482791942,20,34,1.0,37.0,0.21911880409126672,0.0,0.2074,329,2354,0.1,0.2,45
50,25,false,,0.11707692462125124,0.24407597454938162,0.12415581246949245,43,49,21.0,49.0,0.6997588424437299,0.4867363344051447,0.2434,329,2354,0.1,0.2,45
60,30,true,,0.11632312163149569,0.22050469235349024,0.11023196360354504,47,56,6.0,59.0,0.7247524752475247,0.15485148514851485,0.2548,329,2354,0.1,0.2,45
20,10,false,,0.12844875821489565,0.17248297781903188,0.05964265890857068,12,16,1.0,19.0,0.5954692556634305,0.0,0.28,330,2355,0.1,0.2,45
30,15,false,,0.12359677112268976,0.581177159516134,0.4639753289566265,25,26,2.0,29.0,0.7784235379585907,0.0,0.259,330,2355,0.1,0.2,45
40,20,false,,0.22815977441381874,0.09743488903898474,-0.13350881332103698,5,1,1.0,36.0,0.19251753702260327,0.0,0.2256,330,2355,0.1,0.2,45
50,25,true,,0.11649459711628543,0.2739848842039915,0.16787533470563032,43,46,3.0,49.0,0.7135416666666666,0.4755608974358974,0.2166,330,2355,0.1,0.2,45
20,10,false,,0.13060572267127082,0.12196667909198007,-0.002959245776671421,10,2,1.0,19.0,0.49733759318423854,0.0,0.254,331,2356,0.1,0.2,45
30,15,false,,0.13212926445725479,0.13105532535179837,0.013450259326416344,15,3,1.0,29.0,0.5162855162855163,0.0,0.2806,331,2356,0.1,0.2,45
40,20,true,,0.11277521776918921,0.2832058617723058,0.16876943325768928,34,37,4.0,39.0,0.7440664556962026,0.0,0.2508,331,2356,0.1,0.2,45
20,10,false,,0.13645989642138792,0.39659993936743054,0.26321369553703433,15,16,3.0,19.0,0.8574857485748575,0.0,0.3192,332,2357,0.1,0.2,45
30,15,false,,0.15071134840302378,0.11151622748127209,-0.044188668415080914,13,1,1.0,28.0,0.352686019352686,0.0,0.273,332,2357,0.1,0.2,45
40,20,false,,0.12237009122316492,0.41251994358230815,0.29845146365259173,35,37,5.0,39.0,0.7533895199706853,0.0,0.2232,332,2357,0.1,0.2,45
50,25,false,,0.17550067198127023,0.11246750370609002,-0.06802222087414128,8,4,1.0,47.0,0.3063861203396087,0.11037283130306386,0.2404,332,2357,0.1,0.2,45
60,30,true,,0.1268764740852865,0.22045202956833593,0.09447543726331106,49,53,10.0,59.0,0.7322957198443579,0.20544747081712061,0.174,332,2357,0.1,0.2,45
20,10,false,,0.0527965181844686,0.35484029729616956,0.31715451843339904,15,16,1.0,19.0,0.8206997084548106,0.0,0.1436,333,2358,0.1,0.2,45
30,15,false,,0.05737692350190612,0.09654540575967227,0.045142719813749725,14,18,2.0,28.0,0.6927744070601214,0.0,0.0982,333,2358,0.1,0.2,45
40,20,true,,0.04837930090814316,0.46675264632989566,0.40106844329570196,34,35,13.0,39.0,0.9761015683345781,0.0,0.0454,333,2358,0.1,0.2,45
20,10,false,,0.1198062834008977,0.12621878480893228,0.016842954420491718,11,16,1.0,19.0,0.5352959797404242,0.0,0.3288,334,2359,0.1,0.2,45
30,15,false,,0.09433309708295415,0.15145195878063614,0.07122142183206509,23,27,3.0,29.0,0.6509121061359867,0.0,0.23,334,2359,0.1,0.2,45
40,20,false,,0.11767614639759355,0.10932455993272455,-0.0088143337751031,15,9,2.0,36.0,0.47307692307692306,0.0,0.289,334,2359,0.1,0.2,45
50,25,false,,0.11494125922821567,0.1017647195055919,-0.015313090699689433,28,37,4.0,48.0,0.44421906693711966,0.1667342799188641,0.23,334,2359,0.1,0.2,45
60,30,false,,0.13385086880161054,0.4404084594365569,0.3080917674680256,50,56,1.0,59.0,0.6335931963146705,0.06165839829907867,0.101,334,2359,0.1,0.2,45
20,10,false,,0.1484950132457577,0.17007174025531566,0.024293684305223065,11,1,1.0,19.0,0.5374625374625375,0.0,0.2808,335,2360,0.1,0.2,45
30,15,false,,0.13917619422827285,0.1619999051739981,0.03168107000795542,19,27,1.0,29.0,0.5441125986955029,0.0,0.272,335,2360,0.1,0.2,45
40,20,false,,0.12343641611132516,0.1704611579032392,0.0583949678126706,33,38,4.0,39.0,0.6141704665029815,0.0,0.2592,335,2360,0.1,0.2,45
50,25,false,,0.14470111556124574,0.11220240430795564,-0.0650327599077193,22,3,1.0,49.0,0.3618396047130369,0.26225769669327254,0.208,335,2360,0.1,0.2,45
60,30,true,,0.12176185233546358,0.30416000278912086,0.18489026906450562,53,53,43.0,59.0,0.8336386954928545,0.18798094540124588,0.1918,335,2360,0.1,0.2,45
20,10,false,,0.13426832622440416,0.348198270572986,0.23144478161918258,15,16,2.0,19.0,0.6795366795366795,0.0,0.2922,336,2361,0.1,0.2,45
30,15,false,,0.13162963197502778,0.12116121295825683,-0.011626548075259632,15,4,1.0,28.0,0.4615635179153095,0.0,0.2916,336,2361,0.1,0.2,45
40,20,false,,0.11823527894586586,0.18825380913198628,0.07858472826331236,32,36,12.0,39.0,0.6606886657101865,0.0,0.2788,336,2361,0.1,0.2,45
50,25,false,,0.15185962732328087,0.11124945708860859,-0.04966805358666326,12,4,1.0,49.0,0.3755868544600939,0.24647887323943662,0.223,336,2361,0.1,0.2,45
60,30,false,,0.2086422170654859,0.11033901627420445,-0.0963936148438615,5,3,1.0,20.0,0.2458077709611452,0.0,0.2048,336,2361,0.1,0.2,45
20,10,false,,0.11992563772716981,0.21709827170362284,0.10662179742818019,11,1,1.0,19.0,0.6600270087778528,0.0,0.3002,337,2362,0.1,0.2,45
30,15,false,,0.11911448672774874,0.15165997086806784,0.04988152693823081,17,25,1.0,29.0,0.6267925848198671,0.0,0.2744,337,2362,0.1,0.2,45
40,20,true,,0.1208421487690795,0.17982848953634456,0.07697463952002831,32,36,3.0,39.0,0.7016070124178232,0.0,0.2544,337,2362,0.1,0.2,45
20,10,false,,0.10119146781117086,0.4960627744437272,0.40732311703491464,16,16,1.0,19.0,0.8525311812179017,0.0,0.2756,338,2363,0.1,0.2,45
30,15,false,,0.1067947082552754,0.14857530199198654,0.051693574445698665,20,23,1.0,29.0,0.6464609800362976,0.0,0.3016,338,2363,0.1,0.2,45
40,20,false,,0.11426959931431473,0.14796562222195653,0.052662820591404765,23,34,1.0,38.47499999999991,0.6022463206816422,0.0,0.2684,338,2363,0.1,0.2,45
50,25,false,,0.12193617473029045,0.10458336738600453,-0.018275284194423425,19,46,3.0,49.0,0.43596059113300495,0.22988505747126436,0.2386,338,2363,0.1,0.2,45
60,30,false,,0.2199196089835102,0.09506769838555691,-0.12345768873879505,5,2,1.0,16.0,0.2138395002402691,0.0,0.1566,338,2363,0.1,0.2,45
20,10,false,,0.13757476688462617,0.334294337033704,0.21620307433832614,15,17,2.0,19.0,0.7749287749287749,0.0,0.318,339,2364,0.1,0.2,45
30,15,false,,0.12775865233475162,0.14393363894006916,0.02566401140283147,19,25,1.0,29.0,0.5413454800280308,0.0,0.2726,339,2364,0.1,0.2,45
40,20,true,,0.11301991659245927,0.33028747515095597,0.21917887532086347,33,36,3.0,39.0,0.719906505648617,0.0,0.248,339,2364,0.1,0.2,45
20,10,true,,0.0870283492553986,0.24105542435142996,0.16696340455899408,14,16,2.0,19.0,0.8118335053319573,0.0,0.3136,340,2365,0.1,0.2,45
20,10,true,,0.08707393327795829,0.31327976352462983,0.24233362822145207,14,16,1.0,19.0,0.7707606420097697,0.0,0.3002,341,2366,0.1,0.2,45
20,10,false,,0.08818813566219967,0.11501622889051388,0.034178016073372994,10,1,1.0,19.0,0.5510204081632653,0.0,0.1824,342,2367,0.1,0.2,45
30,15,false,,0.07141527291607189,0.09398112666435084,0.017602625469135602,13,4,1.0,29.0,0.5706521739130435,0.0,0.1218,342,2367,0.1,0.2,45
40,20,false,,0.06066639822508669,0.4843871518370767,0.397332593573328,36,38,23.0,39.0,0.9594594594594594,0.0,0.0534,342,2367,0.1,0.2,45
50,25,false,,0.072787267021679,0.12436921195760035,0.0698485328517035,46,45,39.0,49.0,0.766531713900135,0.8792172739541161,0.0394,342,2367,0.1,0.2,45
60,30,true,,0.06172924472541187,0.0668705720967166,0.006726740407518764,27,29,19.75,31.0,0.7521008403361344,0.0,0.0076,342,2367,0.1,0.2,45
20,10,false,,0.1240693463422093,0.1505723109635888,0.029389551729809213,11,16,1.0,19.0,0.5780907668231612,0.0,0.2884,343,2368,0.1,0.2,45
30,15,true,,0.10795278500998433,0.3596352140845633,0.2565882583887453,24,26,2.0,29.0,0.746257197696737,0.0,0.2668,343,2368,0.1,0.2,45
20,10,false,,0.12873942636224997,0.1569812767816876,0.030339962619193167,12,15,1.0,19.0,0.5683939491470872,0.0,0.3102,344,2369,0.1,0.2,45
30,15,true,,0.11131903995732233,0.38399297089858625,0.276912357580689,23,26,2.0,29.0,0.7108831073653353,0.0,0.2694,344,2369,0.1,0.2,45
20,10,false,,0.0955769564642071,0.1507309496666013,0.05848832734495638,13,15,1.0,19.0,0.6198376279562301,0.0,0.2952,345,2370,0.1,0.2,45
30,15,true,,0.09758075880830903,0.25144692660425644,0.1657132818409489,22,25,2.0,29.0,0.7767139027192647,0.0,0.2844,345,2370,0.1,0.2,45
20,10,true,,0.09895504795273653,0.287261783650488,0.1998302983443051,13,15,2.0,19.0,0.803507632348165,0.0,0.3036,346,2371,0.1,0.2,45
20,10,false,,0.09001771450676338,0.2166364264315187,0.1449711655391159,13,16,1.0,19.0,0.667963224893918,0.0,0.3084,347,2372,0.1,0.2,45
30,15,false,,0.12087788152823874,0.1562527963695572,0.04718069365472709,19,25,1.0,29.0,0.6238379814077025,0.0,0.2892,347,2372,0.1,0.2,45
40,20,false,,0.12299950619370206,0.14568098010412348,0.03698351578390592,31,37,3.0,39.0,0.60177304964539,0.0,0.2464,347,2372,0.1,0.2,45
50,25,false,,0.1507079510342567,0.11192850008803805,-0.04460399871621247,9,4,1.0,44.0,0.324545116969922,0.04901596732268845,0.2422,347,2372,0.1,0.2,45
60,30,false,,0.13095903858958266,0.1340515801049487,0.010448569433364557,36,1,1.0,58.0,0.5381708238851096,0.06160241874527589,0.1978,347,2372,0.1,0.2,45
20,10,false,,0.14329265874820385,0.09861238368274242,-0.05473447895856821,5,2,1.0,18.0,0.38786764705882354,0.0,0.27,348,2373,0.1,0.2,45
30,15,false,,0.11110935142710016,0.11065306918903872,0.003014051275634297,11,9,1.0,28.0,0.5095785440613027,0.0,0.292,348,2373,0.1,0.2,45
40,20,false,,0.11353247065852971,0.1231435619472725,0.017673415462947394,22,33,1.0,38.0,0.547993705743509,0.0,0.2692,348,2373,0.1,0.2,45
50,25,false,,0.24647024365033066,0.1003874477612904,-0.15220603760175588,5,2,1.0,25.0,0.20650337837837837,0.0,0.2438,348,2373,0.1,0.2,45
60,30,false,,0.1271907719148179,0.14031848528269203,0.017685493361668164,37,6,1.0,56.0,0.5466155810983397,0.22903363133248192,0.1812,348,2373,0.1,0.2,45
20,10,false,,0.19103555650459086,0.11686950262244102,-0.08650808698599277,6,4,1.0,18.0,0.3021021021021021,0.0,0.3344,349,2374,0.1,0.2,45
30,15,false,,0.3928299222314598,0.09320874924761613,-0.30329792437708364,3,3,1.0,18.0,0.10611173603299588,0.0,0.2222,349,2374,0.1,0.2,45
40,20,false,,0.14216554529528885,0.11515204160687498,-0.03321550640658253,19,4,1.0,39.0,0.4195778748180495,0.0,0.253,349,2374,0.1,0.2,45
50,25,true,,0.11804188735830254,0.37263793874801593,0.25882249268152147,44,44,35.0,49.0,0.8848810437452034,0.6907137375287797,0.2418,349,2374,0.1,0.2,45
20,10,true,,0.12231311320049597,0.20069044519214307,0.08659676815810538,12,16,2.0,19.0,0.7178186429930248,0.0,0.3154,350,2375,0.1,0.2,45
20,10,true,,0.10454121672844655,0.22893354280175904,0.14674581782222634,13,15,1.0,19.0,0.7329638082817085,0.0,0.3138,351,2376,0.1,0.2,45
20,10,false,,0.12018159571174916,0.10206831039425796,-0.02171323114269287,10,1,1.0,19.0,0.4717514124293785,0.0,0.2366,352,2377,0.1,0.2,45
30,15,true,,0.10267558192826629,0.2191893941507799,0.1230054848033371,23,26,2.0,29.0,0.7231807951987997,0.0,0.2698,352,2377,0.1,0.2,45
20,10,false,,0.13455596188470298,0.1163188783316826,-0.03388939007588676,7,2,1.0,19.0,0.459703650162631,0.0,0.278,353,2378,0.1,0.2,45
30,15,false,,0.118117474180695,0.11978102806498214,0.000563615194161371,17,1,1.0,28.0,0.5018910741301059,0.0,0.2728,353,2378,0.1,0.2,45
40,20,false,,0.12176981335029399,0.1314486367634793,0.025888956915859754,18,3,1.0,38.0,0.5509492444788842,0.0,0.2658,353,2378,0.1,0.2,45
50,25,false,,0.11085706909934644,0.669664008919275,0.5568580495286808,45,45,30.0,49.0,0.9676229508196721,0.6860655737704918,0.2554,353,2378,0.1,0.2,45
60,30,false,,0.12600378450314081,0.15024362317851675,0.052141085003931914,25,7,2.0,57.52500000000009,0.6360902255639098,0.08571428571428572,0.2406,353,2378,0.1,0.2,45
20,10,false,,0.10199003976970919,0.4561471932687757,0.3652051543139478,15,17,1.0,19.0,0.8220665499124343,0.0,0.288,354,2379,0.1,0.2,45
30,15,true,,0.10639593321812633,0.17042112909556809,0.08802179765381937,17,26,2.0,29.0,0.7116519174041298,0.0,0.2768,354,2379,0.1,0.2,45
20,10,false,,0.14300580890943826,0.2061233898423571,0.08169310901084001,13,16,1.1500000000000057,19.0,0.6759843703035768,0.0,0.3062,355,2380,0.1,0.2,45
30,15,true,,0.12746038544036636,0.31853471536667755,0.20055024190098925,22,26,2.0,29.0,0.7155778894472362,0.0,0.2724,355,2380,0.1,0.2,45
20,10,false,,0.07620537445011795,0.5833401936104939,0.5095825078654583,16,16,5.0,19.0,0.9140253565768621,0.0,0.2722,356,2381,0.1,0.2,45
30,15,true,,0.09710655769515902,0.5200646851589835,0.4229288597822728,24,25,2.0,29.0,0.8434120945134161,0.0,0.276,356,2381,0.1,0.2,45
20,10,true,,0.08734188132315276,0.18644374369649808,0.11069742209993046,13,16,2.0,19.0,0.7228397275008964,0.0,0.2944,357,2382,0.1,0.2,45
20,10,false,,0.15396570381629998,0.23219945685422644,0.10247175020687102,14,16,2.0,19.0,0.615222623345367,0.0,0.3022,358,2383,0.1,0.2,45
30,15,false,,0.15563110122085277,0.12495168059745124,-0.046043868725541115,15,27,1.0,29.0,0.41982984293193715,0.0,0.2528,358,2383,0.1,0.2,45
40,20,false,,0.13345133944483648,0.14087516923166948,0.03302966145916633,23,37,2.0,39.0,0.5449871465295629,0.0,0.2494,358,2383,0.1,0.2,45
50,25,false,,0.14168461532828797,0.09619234080688796,-0.053587946207489565,23,12,5.0,48.0,0.30193501277838625,0.13946695874406717,0.2422,358,2383,0.1,0.2,45
60,30,false,,0.13577643912001694,0.1313318955586212,-0.01741826425212588,26,2,1.0,57.0,0.45664521014767134,0.12684589170768648,0.1736,358,2383,0.1,0.2,45
20,10,false,,0.13114762791281206,0.08153453252303895,-0.05923389747062509,7,3,1.0,18.0,0.3161512027491409,0.0,0.2808,359,2384,0.1,0.2,45
30,15,false,,0.12223691896261059,0.1401519571259397,0.021347143242754524,15,26,2.0,28.0,0.5832528180354267,0.0,0.289,359,2384,0.1,0.2,45
40,20,true,,0.11411754938076824,0.21972624503206922,0.10628021991943867,30,36,3.0,39.0,0.7752192982456141,0.0,0.2744,359,2384,0.1,0.2,45
20,10,false,,0.12179640614890173,0.10187064169429923,-0.01356051526063004,11,16,1.0,19.0,0.48026077508149223,0.0,0.263,360,2385,0.1,0.2,45
30,15,false,,0.102703346745342,0.16109050944507908,0.07462722212942155,21,27,2.0,29.0,0.6361455417832866,0.0,0.2748,360,2385,0.1,0.2,45
40,20,false,,0.12270520967045231,0.10681415179676679,-0.009690595368977054,9,4,1.0,38.0,0.4769297110823631,0.0,0.2342,360,2385,0.1,0.2,45
50,25,false,,0.1427546988719334,0.08800265787029096,-0.05372284369648635,9,8,1.0,28.0,0.2579632122027815,0.0,0.2042,360,2385,0.1,0.2,45
60,30,false,,0.7333233900202432,0.0858093033946121,-0.633888152977122,3,1,1.0,20.924999999999955,0.03492239467849224,0.0,0.0906,360,2385,0.1,0.2,45
20,10,false,,0.11262283004321597,0.08996873269405355,-0.024029236048967048,9,1,1.0,19.0,0.4624163715072806,0.0,0.2362,361,2386,0.1,0.2,45
30,15,true,,0.10524869265660769,0.16781751611585324,0.08282204560021901,20,28,1.0,29.0,0.7108433734939759,0.0,0.2954,361,2386,0.1,0.2,45
20,10,false,,0.14683281839405088,0.15656219953808387,0.018579046890346826,12,16,1.0,19.0,0.5266367137355584,0.0,0.2832,362,2387,0.1,0.2,45
30,15,true,,0.12079987887934122,0.3647049072710005,0.24963764149548603,23,25,3.0,29.0,0.7662782727895819,0.0,0.2776,362,2387,0.1,0.2,45
20,10,false,,0.13365510705430148,0.2699183186014154,0.14681757255378572,15,16,2.0,19.0,0.6677165354330709,0.0,0.3,363,2388,0.1,0.2,45
30,15,false,,0.13009606234545712,0.12546188620224083,-0.015518057135408131,15,5,2.0,28.0,0.46096291476903056,0.0,0.2674,363,2388,0.1,0.2,45
40,20,false,,0.142969204093459,0.11830836746257153,-0.03191246390451888,13,2,1.0,38.0,0.40664499819429395,0.0,0.2238,363,2388,0.1,0.2,45
50,25,false,,0.19808583981212477,0.10925556531751913,-0.09730268073540059,7,2,1.0,44.0,0.23324396782841822,0.027575641516660282,0.2234,363,2388,0.1,0.2,45
60,30,false,,0.15132820493520346,0.13012007727537223,-0.026656811560753363,6,2,1.0,55.0,0.4225721784776903,0.05811773528308961,0.196,363,2388,0.1,0.2,45
20,10,false,,0.1654948726882696,0.11195359152866481,-0.07501713510530478,5,1,1.0,19.0,0.3909191583610188,0.0,0.2132,364,2389,0.1,0.2,45
30,15,false,,0.1195384464765677,0.1355658319672323,0.02879815856285379,18,26,2.0,29.0,0.5749128919860628,0.0,0.2812,364,2389,0.1,0.2,45
40,20,false,,0.16024854636298996,0.10084893282462645,-0.08034950381488633,7,3,1.0,38.0,0.3182364729458918,0.0,0.2464,364,2389,0.1,0.2,45
50,25,true,,0.11313667690099942,0.3521082347538112,0.23218374318938467,43,46,22.0,49.0,0.8548516439454691,0.541700080192462,0.2578,364,2389,0.1,0.2,45
20,10,false,,0.09707097755213749,0.1365672406736144,0.053798520322558885,11,16,2.0,19.0,0.6146462851048703,0.0,0.2602,365,2390,0.1,0.2,45
30,15,false,,0.0989266731825157,0.19107702892023848,0.10317886436304378,19,26,3.0,29.0,0.6945266272189349,0.0,0.2986,365,2390,0.1,0.2,45
40,20,false,,0.16345096238485524,0.11032003673088729,-0.07411905639277018,9,2,1.0,38.0,0.4091293322062553,0.0,0.2168,365,2390,0.1,0.2,45
50,25,true,,0.11305968930514027,0.3546130334857293,0.23225146564168841,43,46,21.0,49.0,0.863363963244107,0.5105872952457051,0.257,365,2390,0.1,0.2,45
20,10,false,,0.14830879870226255,0.12718471319420077,-0.01764024666452263,7,1,1.0,18.0,0.4647887323943662,0.0,0.2622,366,2391,0.1,0.2,45
30,15,false,,0.1176885199843501,0.14457985888398625,0.0446374719432078,13,25,1.0,28.09999999999991,0.5906328208795137,0.0,0.2996,366,2391,0.1,0.2,45
40,20,false,,0.11280074511024413,0.5474774220624896,0.4256050255570374,35,37,25.0,39.0,0.8891556622649059,0.0,0.254,366,2391,0.1,0.2,45
50,25,false,,0.5212638719328322,0.10821629125780143,-0.4069312330078768,3,1,1.0,33.0,0.13813559322033897,0.0,0.1956,366,2391,0.1,0.2,45
60,30,true,,0.12378753745399529,0.18451688909233202,0.06872349674784328,46,55,26.0,58.0,0.7045454545454546,0.1981534090909091,0.2534,366,2391,0.1,0.2,45
20,10,false,,0.09490544198927937,0.3508919506088112,0.25025014097047843,15,15,2.0,19.0,0.7029112592072957,0.0,0.2866,367,2392,0.1,0.2,45
30,15,false,,0.11192776211522924,0.13203578537381128,0.01894002559386805,16,16,1.0,28.0,0.5769887333560942,0.0,0.2972,367,2392,0.1,0.2,45
40,20,true,,0.11373659266326609,0.50954556970152,0.38903509810990444,33,38,6.0,39.0,0.8200997314921366,0.0,0.258,367,2392,0.1,0.2,45
20,10,false,,0.13922105733589907,0.40418048906239473,0.26070584612132963,15,16,2.0,19.0,0.7199754901960784,0.0,0.3222,368,2393,0.1,0.2,45
30,15,false,,0.14088672321611456,0.10728973471243522,-0.04190969236535297,13,2,1.0,28.0,0.38773352132534367,0.0,0.2564,368,2393,0.1,0.2,45
40,20,false,,0.11818257144921886,0.2182055826969309,0.12092417751057839,29,36,3.0,39.0,0.6835003855050116,0.0,0.2562,368,2393,0.1,0.2,45
50,25,false,,0.11980236726229362,0.11461006462295835,-0.0072457349739454835,32,46,4.0,48.0,0.4634703196347032,0.2568493150684932,0.254,368,2393,0.1,0.2,45
60,30,false,,0.12647583096478082,0.1189185150414806,-0.0018365823609059612,24,7,2.0,58.32499999999982,0.4857032457496136,0.04327666151468315,0.2276,368,2393,0.1,0.2,45
20,10,false,,0.13593113392997336,0.1423409854021392,-0.0014614963349839291,14,17,1.0,19.0,0.49654934437543136,0.0,0.2594,369,2394,0.1,0.2,45
30,15,false,,0.1277275765389016,0.10907324935925924,-0.01700733579691259,11,5,2.0,29.0,0.4557602022390755,0.0,0.2652,369,2394,0.1,0.2,45
40,20,true,,0.1125732823157478,0.3366337919603761,0.21627199189552332,30,36,6.0,39.0,0.7799242424242424,0.0,0.2742,369,2394,0.1,0.2,45
20,10,false,,0.0861795787709951,0.3266736587204742,0.23257294433438136,15,16,2.049999999999997,19.0,0.8321704002937936,0.0,0.2884,370,2395,0.1,0.2,45
30,15,false,,0.09633118139405085,0.48418986076493215,0.3919060799698093,25,26,9.0,29.0,0.8994082840236687,0.0,0.266,370,2395,0.1,0.2,45
40,20,false,,0.10291743947408198,0.10911996045399246,0.017743968710583674,20,35,2.0,38.0,0.5547008547008547,0.0,0.2028,370,2395,0.1,0.2,45
50,25,false,,0.1289812443715075,0.11631979469826745,-0.019924150691055728,29,4,1.0,48.0,0.44884488448844884,0.2235973597359736,0.2622,370,2395,0.1,0.2,45
60,30,false,,0.18219282860326314,0.10470976648629043,-0.08444187573261347,9,6,1.0,42.0,0.26173139158576053,0.036003236245954695,0.2014,370,2395,0.1,0.2,45
20,10,false,,0.33043983145516903,0.0832887473035649,-0.25037289114835953,3,1,1.0,19.0,0.3381389252948886,0.0,0.217,371,2396,0.1,0.2,45
30,15,false,,0.10352914173814948,0.15065701270954682,0.07125401765678968,18,27,1.0,29.0,0.6274809160305344,0.0,0.2922,371,2396,0.1,0.2,45
40,20,false,,0.11662834499222456,0.13299722714523132,0.035712919693326795,18,4,1.0500000000000043,39.0,0.5734498543487307,0.0,0.2664,371,2396,0.1,0.2,45
50,25,false,,0.14729274818610127,0.1069817022248946,-0.05120605517066662,12,5,1.0,47.0,0.3920252664824319,0.1251480457954994,0.252,371,2396,0.1,0.2,45
60,30,true,,0.12019237840241806,0.3437816622921371,0.21108664792802823,51,55,28.0,59.0,0.7955284552845528,0.18658536585365854,0.257,371,2396,0.1,0.2,45
20,10,false,,0.1557923644029902,0.1184547856717081,-0.053593405416343755,7,1,1.0,19.0,0.43626168224299067,0.0,0.2364,372,2397,0.1,0.2,45
30,15,false,,0.11536668926046488,0.1489526357052755,0.04273721103456023,18,26,4.0,29.0,0.631768953068592,0.0,0.2938,372,2397,0.1,0.2,45
40,20,true,,0.11559993027755594,0.33269834393749576,0.22412024904793798,33,37,1.0,39.0,0.7007607776838546,0.0,0.2092,372,2397,0.1,0.2,45
20,10,false,,0.16880869359196982,0.10714799228339963,-0.07504261445721613,9,4,1.0,19.0,0.3365646773704938,0.0,0.311,373,2398,0.1,0.2,45
30,15,false,,0.1548872981048444,0.1051782693370914,-0.07892601223940361,7,2,1.0,28.0,0.3783201722900215,0.0,0.2372,373,2398,0.1,0.2,45
40,20,true,,0.1132630242067888,0.2624806709294991,0.15685836339896697,33,36,8.0,39.0,0.7496194824961948,0.0,0.2632,373,2398,0.1,0.2,45
20,10,false,,0.07738611727747681,0.1327705468492724,0.06063247604416125,12,17,1.0,19.0,0.6555555555555556,0.0,0.273,374,2399,0.1,0.2,45
30,15,false,,0.10056137741584431,0.14269753875947647,0.05936605614894393,17,25,1.0,29.0,0.6837606837606838,0.0,0.3038,374,2399,0.1,0.2,45
40,20,true,,0.1115549090432154,0.3891436673688258,0.28760419589817154,32,35,4.0,39.0,0.8104229607250756,0.0,0.271,374,2399,0.1,0.2,45
20,10,false,,0.12761506327740876,0.1364878409762213,0.01046741168854435,9,3,1.0,19.0,0.529126213592233,0.0,0.289,375,2400,0.1,0.2,45
30,15,false,,0.10320168738954681,0.16121202168213142,0.06395518996801403,22,26,3.0,29.0,0.6757654002213206,0.0,0.2838,375,2400,0.1,0.2,45
40,20,true,,0.09986195744490298,0.21479166791956167,0.12624879848983608,31,36,2.0,39.0,0.7365916955017301,0.0,0.2112,375,2400,0.1,0.2,45
20,10,false,,0.061114710403954775,0.09804946036540274,0.046894250407966326,11,2,1.0,19.0,0.5953379953379954,0.0,0.148,376,2401,0.1,0.2,45
30,15,false,,0.7752023212902066,0.041663370661763253,-0.7343039697151761,1,1,1.0,6.0,0.05196850393700787,0.0,0.0406,376,2401,0.1,0.2,45
40,20,false,,0.12922063123277372,0.046480760632693435,-0.08906785961020168,3,1,1.0,12.0,0.27120315581854043,0.0,0.0264,376,2401,0.1,0.2,45
50,25,false,,0.5763874042322292,0.04005398704313527,-0.5397518027157153,2,2,1.0,4.0,0.0,0.0,0.0158,376,2401,0.1,0.2,45
60,30,false,,0.47351545833534814,0.4980188551464982,0.024503396811150074,15,15,15.0,15.0,0.5,0.0,0.0002,376,2401,0.1,0.2,45
20,10,false,,0.13615899968383266,0.10323360739285403,-0.044487407260215904,7,1,1.0,19.0,0.4223946784922395,0.0,0.2646,377,2402,0.1,0.2,45
30,15,true,,0.1083984174923315,0.37894346695448106,0.2818754266616916,22,26,1.0,29.0,0.7007097791798107,0.0,0.2726,377,2402,0.1,0.2,45
20,10,false,,0.09137176259583178,0.11539524886837141,0.029071071072087493,13,16,1.0,19.0,0.5764925373134329,0.0,0.272,378,2403,0.1,0.2,45
30,15,false,,0.09748557023368826,0.16666305435635903,0.07807553040453794,24,26,3.0,29.0,0.6948893974065599,0.0,0.269,378,2403,0.1,0.2,45
40,20,false,,0.15363622829243112,0.0830306848786109,-0.08334523618070443,7,2,1.0,38.0,0.28086278109224416,0.0,0.1972,378,2403,0.1,0.2,45
50,25,true,,0.10062706620513598,0.2849173017205159,0.18029194242680452,42,45,6.425000000000004,49.0,0.7539026629935721,0.4641873278236915,0.1824,378,2403,0.1,0.2,45
20,10,false,,0.11693345332184553,0.26552746632087265,0.1794593429498356,14,1,1.0,19.0,0.6262028127313102,0.0,0.2782,379,2404,0.1,0.2,45
30,15,false,,0.11255635283708243,0.1272097504465539,0.03221329573521349,14,19,1.0,28.0,0.5913644214162349,0.0,0.3026,379,2404,0.1,0.2,45
40,20,false,,0.17690155915843608,0.10047205522041014,-0.08694931500283117,6,1,1.0,35.0,0.3052159739201304,0.0,0.235,379,2404,0.1,0.2,45
50,25,true,,0.1183226081879634,0.27555009633864125,0.16210061788748226,43,44,1.0,49.0,0.7193378480060195,0.5158013544018059,0.2484,379,2404,0.1,0.2,45
20,10,false,,0.20136412012793334,0.13439818809483667,-0.09024446766402959,5,1,1.0,18.0,0.31650928036470205,0.0,0.2752,380,2405,0.1,0.2,45
30,15,false,,0.14077372630762103,0.1776486173207074,0.05709573591880264,24,25,2.0,29.0,0.618732261116367,0.0,0.2774,380,2405,0.1,0.2,45
40,20,false,,0.17180370664524677,0.12600095222372948,-0.06811776345146822,8,4,1.0,38.0,0.3458870168483647,0.0,0.2458,380,2405,0.1,0.2,45
50,25,false,,0.140543201750385,0.13365881469402205,-0.004397234355693336,29,48,2.6499999999999915,49.0,0.4862572107227689,0.28639294197488974,0.225,380,2405,0.1,0.2,45
60,30,false,,0.1419511987809791,0.12996014147756804,-0.016480611379740218,22,3,1.0,59.0,0.43344840813195246,0.09244342155734561,0.1468,380,2405,0.1,0.2,45
20,10,false,,0.1181616694626955,0.6993563007671131,0.5894622789024404,16,16,2.0,19.0,0.854822671528008,0.0,0.2822,381,2406,0.1,0.2,45
30,15,false,,0.12256619780533674,0.1515433709716375,0.047839306745304885,23,27,1.0,29.0,0.6219992834109638,0.0,0.2554,381,2406,0.1,0.2,45
40,20,false,,0.15161277197581433,0.1009199890972079,-0.06871461795866915,7,1,1.0,33.0,0.2977970102281668,0.0,0.2224,381,2406,0.1,0.2,45
50,25,false,,0.11852408056702939,0.3560352833234402,0.24456798890605064,45,46,23.0,49.0,0.8493253373313343,0.6143178410794603,0.2404,381,2406,0.1,0.2,45
60,30,true,,0.12655022612008518,0.26460239127870494,0.14367485740770275,49,50,33.0,59.0,0.8153347732181425,0.2688984881209503,0.2238,381,2406,0.1,0.2,45
20,10,false,,0.06150040083670416,0.4215059840551788,0.36631616222867447,15,16,1.0,19.0,0.8044943820224719,0.0,0.1988,382,2407,0.1,0.2,45
30,15,false,,0.10061002714397316,0.1594132142980246,0.06864480753539068,19,25,2.0,28.800000000000182,0.6485682409817776,0.0,0.3028,382,2407,0.1,0.2,45
40,20,false,,0.10862349661625036,0.14607774571323906,0.0529551265869099,28,36,3.0,39.0,0.6218713900654601,0.0,0.274,382,2407,0.1,0.2,45
50,25,false,,0.11683379067204862,0.2240705463457964,0.1161782368428337,39,45,1.0,49.0,0.677579776212184,0.38126813095731454,0.261,382,2407,0.1,0.2,45
60,30,false,,0.20157529949993125,0.10245303104274989,-0.10620410400269782,6,3,1.0,34.0,0.26504941599281223,0.008535489667565139,0.1862,382,2407,0.1,0.2,45
20,10,false,,0.08682890102295304,0.11390474489031371,0.03771385980833976,10,17,1.0,19.0,0.5876249039200615,0.0,0.268,383,2408,0.1,0.2,45
30,15,true,,0.09464096450427056,0.16074562838812448,0.06627102752682856,20,21,4.0,29.0,0.7048816568047337,0.0,0.3096,383,2408,0.1,0.2,45
20,10,false,,0.11899980370136817,0.11353865596771691,-0.003134802078710662,10,12,1.0,18.0,0.49536593160754233,0.0,0.3228,384,2409,0.1,0.2,45
30,15,false,,0.11845969173395784,0.2446838220740435,0.1398323978617737,23,27,1.0,29.0,0.6611917494270435,0.0,0.2776,384,2409,0.1,0.2,45
40,20,false,,0.11663140897294107,0.15808072585106328,0.06486864004998115,29,35,2.0,39.0,0.6270229582235604,0.0,0.2738,384,2409,0.1,0.2,45
50,25,true,,0.11670887560986619,0.5329413316791827,0.4150471517146292,44,46,35.0,49.0,0.882443334613907,0.6853630426431041,0.2376,384,2409,0.1,0.2,45
20,10,false,,0.11730040024550535,0.14407125424876577,0.04100096804266043,14,16,2.0,19.0,0.5616661243084933,0.0,0.2822,385,2410,0.1,0.2,45
30,15,false,,0.12977604401010043,0.09489759275251047,-0.04850757553985534,10,4,1.0,29.0,0.37381043014845833,0.0,0.2564,385,2410,0.1,0.2,45
40,20,false,,0.15113414278851572,0.09864682178846337,-0.060184667099292044,11,6,1.0,38.0,0.32978723404255317,0.0,0.2754,385,2410,0.1,0.2,45
50,25,false,,0.17006840187331476,0.09854279870415507,-0.07602660417135629,8,4,1.0,44.0,0.26380628717077315,0.027612574341546302,0.246,385,2410,0.1,0.2,45
60,30,false,,0.11885121776279556,0.13209679358819357,0.018053125188885223,35,34,9.0,57.0,0.5972386587771203,0.13451676528599604,0.2694,385,2410,0.1,0.2,45
20,10,false,,0.1468999147796917,0.08329101892566597,-0.07524813608204547,8,1,1.0,19.0,0.3747292418772563,0.0,0.2604,386,2411,0.1,0.2,45
30,15,false,,0.10861662772774106,0.2598098374242418,0.16519616673130508,20,25,1.0,29.0,0.6657523510971787,0.0,0.2818,386,2411,0.1,0.2,45
40,20,true,,0.10907492992222347,0.45298732897269317,0.3468496907963156,33,37,4.0,39.0,0.8222222222222222,0.0,0.289,386,2411,0.1,0.2,45
20,10,false,,0.09078236691549953,0.1328368653614184,0.048648122213505826,13,16,2.0,19.0,0.6677908937605397,0.0,0.306,387,2412,0.1,0.2,45
30,15,false,,0.12179029269607441,0.09020054164050269,-0.04735051291621173,9,1,1.0,28.0,0.358678955453149,0.0,0.237,387,2412,0.1,0.2,45
40,20,false,,0.14396495781007035,0.11230025063075133,-0.04197158963103277,14,1,1.0,39.0,0.42483922829581994,0.0,0.24,387,2412,0.1,0.2,45
50,25,false,,0.28353349998646843,0.11137931003495964,-0.1955025000777663,5,1,1.0,31.0,0.24989758295780418,0.0,0.2118,387,2412,0.1,0.2,45
60,30,true,,0.12771118385173366,0.45161895306711736,0.3262644258551963,53,54,13.0,59.0,0.8877005347593583,0.15080213903743314,0.2142,387,2412,0.1,0.2,45
20,10,false,,0.11295188451070709,0.14354696000624972,0.039480401910393745,11,17,1.0,19.0,0.5983072916666666,0.0,0.312,388,2413,0.1,0.2,45
30,15,false,,0.10443856113735399,0.12091522634822098,0.03496640685067493,18,25,1.2749999999999915,29.0,0.5824261275272161,0.0,0.2554,388,2413,0.1,0.2,45
40,20,false,,0.11116445654108482,0.11366548113101561,0.010609380608442166,14,3,2.0,39.0,0.5319838056680162,0.0,0.2612,388,2413,0.1,0.2,45
50,25,false,,0.1373409508313657,0.11506476038522921,-0.021359693434877917,16,3,1.0,48.0,0.4177865612648221,0.12292490118577075,0.2578,388,2413,0.1,0.2,45
60,30,true,,0.11819639751797653,0.6447527423481947,0.5324451705010025,53,53,41.0,59.0,0.9419575113808801,0.15364188163884673,0.2442,388,2413,0.1,0.2,45
20,10,false,,0.11999443910479447,0.41249906100535605,0.30477344308621446,16,16,3.0,19.0,0.7365328109696376,0.0,0.291,389,2414,0.1,0.2,45
30,15,false,,0.13124014519914043,0.20992007783442085,0.11125073345675567,19,26,1.0,29.0,0.6564236678653155,0.0,0.2822,389,2414,0.1,0.2,45
40,20,false,,0.1345700413210528,0.153682995908519,0.042245180252614145,24,3,2.0,39.0,0.6221562809099901,0.0,0.2602,389,2414,0.1,0.2,45
50,25,false,,0.1379282579714397,0.1265035910565998,-0.02058015441424861,25,3,2.0,48.0,0.39647723496178133,0.1807909604519774,0.2354,389,2414,0.1,0.2,45
60,30,true,,0.13537564468362365,0.21841915715070265,0.09688903641611349,53,55,14.0,59.0,0.7415506958250497,0.08614976805831677,0.1636,389,2414,0.1,0.2,45
20,10,false,,0.16094959757178462,0.1285705289185807,-0.05029765788409607,7,1,1.0,19.0,0.39575530586766544,0.0,0.2916,390,2415,0.1,0.2,45
30,15,false,,0.13152510385683788,0.12894580843416772,-0.007806577307528179,12,12,1.0,28.0,0.4844054580896686,0.0,0.2972,390,2415,0.1,0.2,45
40,20,false,,0.12375642511120402,0.14510685857562572,0.0187772730786515,30,31,10.0,39.0,0.5581317204301075,0.0,0.2772,390,2415,0.1,0.2,45
50,25,false,,0.21496698785152987,0.10308611651085609,-0.11234324143391632,6,3,1.0,22.0,0.1534003091190108,0.0,0.2226,390,2415,0.1,0.2,45
60,30,false,,0.201698861668066,0.11107860509619306,-0.09793837863461861,7,5,1.0,28.0,0.1857089691105322,0.0,0.2086,390,2415,0.1,0.2,45
20,10,false,,0.08879965807266174,0.30667171055231635,0.2096280415815337,16,18,3.0,19.0,0.7516245487364621,0.0,0.2564,391,2416,0.1,0.2,45
30,15,true,,0.0993793003181021,0.24396911725397508,0.14604393134133772,23,25,2.0,29.0,0.7394059405940594,0.0,0.2774,391,2416,0.1,0.2,45
20,10,false,,0.16441304699826326,0.15120964502739961,-0.01227388007379493,8,1,1.0,18.5,0.48468236052886166,0.0,0.3024,392,2417,0.1,0.2,45
30,15,false,,0.14488597438094708,0.11459146606936065,-0.042190426192057914,13,2,1.0,29.0,0.4097972972972973,0.0,0.2788,392,2417,0.1,0.2,45
40,20,false,,0.1240240076429919,0.17756473896905717,0.09246178273065896,24,36,1.0,39.0,0.6153256704980843,0.0,0.2442,392,2417,0.1,0.2,45
50,25,false,,0.1294910366092216,0.10982442725867227,-0.019692958994341342,21,8,2.0,49.0,0.45202123315639037,0.22008983258472847,0.2148,392,2417,0.1,0.2,45
60,30,true,,0.1100647648649269,0.3813679232419637,0.26232868709055246,54,55,17.0,59.0,0.8061825318940138,0.07360157016683022,0.1394,392,2417,0.1,0.2,45
20,10,false,,0.13770243731722764,0.1883376345809951,0.05882178775541197,12,16,2.0,19.0,0.6393733372746083,0.0,0.3116,393,2418,0.1,0.2,45
30,15,false,,0.1302949874860844,0.1598346185837568,0.051775438928203465,20,28,1.0,29.0,0.5790378006872853,0.0,0.2758,393,2418,0.1,0.2,45
40,20,false,,0.11529482730337884,0.33183297162281833,0.2223768628837818,35,36,21.0,39.0,0.8073878627968337,0.0,0.2496,393,2418,0.1,0.2,45
50,25,false,,0.12958441882258215,0.12299810585743276,-0.005435946310020187,26,3,2.0,48.0,0.48103186646433993,0.22572078907435508,0.266,393,2418,0.1,0.2,45
60,30,false,,0.1193376778165569,0.14170683972161435,0.02002807353762731,47,51,23.0,58.0,0.5811900191938579,0.22763915547024952,0.2474,393,2418,0.1,0.2,45
20,10,false,,0.2157633135730068,0.0816896862213116,-0.13875016445619648,4,1,1.0,19.0,0.2801857585139319,0.0,0.1978,394,2419,0.1,0.2,45
30,15,true,,0.11153859006627018,0.18800257419252958,0.10295439617909793,20,26,3.0,29.0,0.7016613644397314,0.0,0.2908,394,2419,0.1,0.2,45
20,10,false,,0.14812449867253102,0.14065119777580226,-0.005274423951393048,11,1,1.0,19.0,0.4931372549019608,0.0,0.28,395,2420,0.1,0.2,45
30,15,false,,0.1274463834909793,0.11671745572725217,-0.02433702639763706,12,4,1.0,28.0,0.4452856159669649,0.0,0.2784,395,2420,0.1,0.2,45
40,20,false,,0.12306353582083907,0.1336020389934549,0.013141079376215697,24,35,2.0,38.0,0.5401088929219601,0.0,0.2586,395,2420,0.1,0.2,45
50,25,true,,0.12128765279274314,0.18116860892056358,0.0691805081173274,37,47,4.0,49.0,0.7019302152932443,0.3830734966592428,0.2538,395,2420,0.1,0.2,45
20,10,false,,0.13706126380808345,0.20134103338169262,0.07880799002470495,15,17,3.0,19.0,0.615167659041053,0.0,0.292,396,2421,0.1,0.2,45
30,15,false,,0.14832542704481658,0.1275404813060967,-0.03651117030305402,10,2,1.0,28.0,0.4229486324216144,0.0,0.2644,396,2421,0.1,0.2,45
40,20,false,,0.1385068879773636,0.10104837028590417,-0.04731073026567979,20,22,2.0,35.0,0.2801073465280107,0.0,0.2616,396,2421,0.1,0.2,45
50,25,false,,0.15750482483094635,0.12055862367325315,-0.036338439750596696,8,4,1.0,48.0,0.3949423577538118,0.1859427296392711,0.2334,396,2421,0.1,0.2,45
60,30,true,,0.1229156362615084,0.5410965077188272,0.42106352716635975,54,54,29.0,59.0,0.9321266968325792,0.06636500754147813,0.215,396,2421,0.1,0.2,45
20,10,false,,0.10401937044845841,0.08938826558583446,-0.028697142395370072,8,1,1.0,19.0,0.4337213668794593,0.0,0.2694,397,2422,0.1,0.2,45
30,15,false,,0.1314591262488814,0.0778231258192454,-0.06560594983363374,7,1,1.0,29.0,0.4218678815489749,0.0,0.1698,397,2422,0.1,0.2,45
40,20,true,,0.08123606065861945,0.29578698988267244,0.21468265925070282,34,35,22.0,39.0,0.884117951370926,0.0,0.119,397,2422,0.1,0.2,45
20,10,false,,0.34872917529375264,0.07441591690777602,-0.28213362051807706,4,2,1.0,18.0,0.2281003091721058,0.0,0.241,398,2423,0.1,0.2,45
30,15,true,,0.11786399233138216,0.558623507440381,0.4411587384836094,24,27,2.0,29.0,0.8693240901213172,0.0,0.2858,398,2423,0.1,0.2,45
20,10,true,,0.08720834692839564,0.18635987958076208,0.10985220826689175,13,16,2.0,19.0,0.7485955056179775,0.0,0.2986,399,2424,0.1,0.2,45
20,10,false,,0.14023684876856507,0.17958867081923996,0.05661551880130836,11,15,1.0,19.0,0.6385216346153846,0.0,0.3052,400,2425,0.1,0.2,45
30,15,false,,0.12869005756591723,0.2702261622081088,0.15406838421156355,24,26,3.0,29.0,0.6972901520158625,0.0,0.2664,400,2425,0.1,0.2,45
40,20,false,,0.145499151192433,0.11868880940046894,-0.03449922626755034,19,1,1.0,39.0,0.4274131274131274,0.0,0.226,400,2425,0.1,0.2,45
50,25,false,,0.16260886299939115,0.09505363198336593,-0.07590688239068223,10,3,2.0,30.0,0.16726546906187625,0.0,0.205,400,2425,0.1,0.2,45
60,30,false,,0.12704760503422816,0.11606236044042381,-0.011171250917716771,39,52,4.0,58.0,0.46410554908808693,0.1726814124951494,0.1944,400,2425,0.1,0.2,45
20,10,false,,0.13276440545748727,0.3919474743249165,0.2744827196211668,15,17,4.0,19.0,0.8144111413866182,0.0,0.314,401,2426,0.1,0.2,45
30,15,false,,0.14341900183313114,0.12912941980133194,-0.009365873825798982,11,2,1.0,29.0,0.4843860894251242,0.0,0.2606,401,2426,0.1,0.2,45
40,20,false,,0.13300784494538004,0.11518981027145299,-0.021928771422773753,29,38,2.0,39.0,0.4421518054532056,0.0,0.2436,401,2426,0.1,0.2,45
50,25,false,,0.11721089192329133,0.18672790145448637,0.06671034021287454,40,45,24.0,49.0,0.6843093093093093,0.40615615615615613,0.2622,401,2426,0.1,0.2,45
60,30,false,,0.14296399174150895,0.10376646166420211,-0.044955366182217446,17,8,2.0,49.67500000000018,0.2953081876724931,0.06577736890524379,0.1692,401,2426,0.1,0.2,45
20,10,false,,0.09415931251642645,0.1009886192227129,0.009386836823335444,9,2,1.0,19.0,0.5282948622486969,0.0,0.2684,402,2427,0.1,0.2,45
30,15,false,,0.10903813135722076,0.17552262237797028,0.08515967785973672,18,25,1.0,29.0,0.6482625482625483,0.0,0.2872,402,2427,0.1,0.2,45
40,20,false,,0.17576100890957003,0.09349777189225193,-0.09332416111160544,5,1,1.0,20.0,0.24007060900264784,0.0,0.2264,402,2427,0.1,0.2,45
50,25,false,,0.16148167276732672,0.10763294369756346,-0.0613248104061242,8,2,1.0,30.0,0.3471588552467856,0.0,0.2476,402,2427,0.1,0.2,45
60,30,false,,0.20616584097739016,0.11384330329137299,-0.09257170220950556,6,3,1.0,56.0,0.3066554338668913,0.012636899747262006,0.2192,402,2427,0.1,0.2,45
20,10,false,,0.07810199009172822,0.08621797631799447,0.014573135084905278,11,14,2.0,19.0,0.547112462006079,0.0,0.2264,403,2428,0.1,0.2,45
30,15,false,,0.18842311623775138,0.09596958919276949,-0.10468089443279077,7,3,1.0,28.0,0.38495398159263705,0.0,0.2536,403,2428,0.1,0.2,45
40,20,false,,0.11996171354015475,0.1845943072211391,0.08510819701756413,31,35,1.0,39.0,0.5813552006905481,0.0,0.242,403,2428,0.1,0.2,45
50,25,false,,0.14711025969876426,0.09956101255023635,-0.0590580832488026,15,3,1.0,47.0,0.3383280757097792,0.05244479495268139,0.2612,403,2428,0.1,0.2,45
60,30,false,,0.12286660326826589,0.15284441302851073,0.04491618229775554,42,55,1.0,59.0,0.6065306122448979,0.11918367346938775,0.241,403,2428,0.1,0.2,45
20,10,false,,0.1728780333047582,0.14233584045606834,-0.03755474613820706,8,4,1.0,18.0,0.4039379474940334,0.0,0.3242,404,2429,0.1,0.2,45
30,15,false,,0.13836327139874813,0.15014231798096514,0.016322164812874004,20,26,3.0,29.0,0.5450992182802165,0.0,0.2916,404,2429,0.1,0.2,45
40,20,false,,0.13663785740532364,0.097019658523493,-0.050593010394632515,20,23,3.0,37.0,0.30851419031719535,0.0,0.2538,404,2429,0.1,0.2,45
50,25,false,,0.12119348926915637,0.2609620666409045,0.15199829412692176,42,46,2.0,49.0,0.6653322658126501,0.46717373899119297,0.2234,404,2429,0.1,0.2,45
60,30,false,,0.1495997204636962,0.12494511673980341,-0.0281391633319579,10,3,1.0,58.0,0.4173946069122674,0.057349031522977593,0.1814,404,2429,0.1,0.2,45
20,10,false,,0.15891705651848523,0.15467380525464455,0.011705923255164244,11,1,1.0,19.0,0.5112936344969199,0.0,0.255,405,2430,0.1,0.2,45
30,15,false,,0.13427166745369656,0.11535882224014232,-0.02044596154192445,13,26,2.0,29.0,0.448566610455312,0.0,0.2856,405,2430,0.1,0.2,45
40,20,false,,0.12406974907617149,0.12210290121792805,0.005882124277357473,21,32,2.0,38.0,0.5179856115107914,0.0,0.2744,405,2430,0.1,0.2,45
50,25,false,,0.24655259752655162,0.10135571098359726,-0.15795102075934203,5,3,1.0,28.0,0.17899958660603554,0.0,0.186,405,2430,0.1,0.2,45
60,30,false,,0.13453581671170906,0.12259436682445206,-0.013552643342384346,22,9,2.0,53.0,0.4508411214953271,0.07476635514018691,0.205,405,2430,0.1,0.2,45
20,10,false,,0.11989590373632376,0.16172570592847801,0.04802641040300465,13,16,1.0,19.0,0.5953815261044176,0.0,0.292,406,2431,0.1,0.2,45
30,15,false,,0.1491236064929592,0.08032960299405452,-0.0807750355041816,9,2,1.0,29.0,0.33126293995859213,0.0,0.2132,406,2431,0.1,0.2,45
40,20,false,,0.18467122601973737,0.09583532446119297,-0.10181088186452938,8,2,1.0,37.0,0.2993987975951904,0.0,0.2676,406,2431,0.1,0.2,45
50,25,true,,0.11314930732390269,0.17399564696332784,0.06654559911153497,40,47,6.0,49.0,0.704241948153967,0.42419481539670073,0.2558,406,2431,0.1,0.2,45
20,10,false,,0.12895891553902802,0.15661831151072414,0.06742464592886202,9,1,1.0,19.0,0.5808533524560775,0.0,0.2732,407,2432,0.1,0.2,45
30,15,false,,0.11285180138889209,0.12850134254555223,0.02757424333548454,19,25,1.0,29.0,0.5462218649517685,0.0,0.224,407,2432,0.1,0.2,45
40,20,false,,0.16335969035531134,0.08466981890780856,-0.08912631171932427,9,2,1.0,37.0,0.23588039867109634,0.0,0.2262,407,2432,0.1,0.2,45
50,25,false,,0.1421303017876974,0.10248591676526202,-0.05820790110628864,11,4,1.0,48.0,0.3418410041841004,0.09414225941422594,0.2418,407,2432,0.1,0.2,45
60,30,false,,0.17280412208483564,0.10200679019007425,-0.07798064861525467,13,3,1.0,37.0,0.26031042128603105,0.011529933481152993,0.24,407,2432,0.1,0.2,45
20,10,true,,0.06607136918662757,0.26908134628104086,0.19236804915322006,14,17,2.0,19.0,0.7491482112436116,0.0,0.2448,408,2433,0.1,0.2,45
20,10,false,,0.12986237544882273,0.1813800695072379,0.06694000393939557,14,16,2.0,19.0,0.6177453661501063,0.0,0.3016,409,2434,0.1,0.2,45
30,15,false,,0.6454334609243783,0.09551275557450045,-0.5493599738105701,2,1,1.0,25.0,0.09750201450443191,0.0,0.1688,409,2434,0.1,0.2,45
40,20,false,,0.11695239175106029,0.1356076164966908,0.024443664975700496,28,37,1.0,39.0,0.5522508038585209,0.0,0.236,409,2434,0.1,0.2,45
50,25,false,,0.46447326994990856,0.09885296432335883,-0.368160011660023,5,3,1.0,46.0,0.22748815165876776,0.05988797931925894,0.2226,409,2434,0.1,0.2,45
60,30,true,,0.11546048196321429,0.2885129370299432,0.17066680628576897,52,55,31.0,59.0,0.828131333603567,0.1937576003242805,0.1958,409,2434,0.1,0.2,45
20,10,false,,0.1056749005672729,0.2737979319924768,0.19613367872314494,15,18,2.0,19.0,0.7730082417582418,0.0,0.2932,410,2435,0.1,0.2,45
30,15,false,,0.12582482778724824,0.08231536452503806,-0.046238564255490125,9,8,1.0,27.0,0.3195458231954582,0.0,0.2486,410,2435,0.1,0.2,45
40,20,false,,0.08770166835272884,0.6969535311275762,0.6064358152532665,36,36,26.0,39.0,0.9813976872800402,0.0,0.1428,410,2435,0.1,0.2,45
50,25,true,,0.0882005247364616,0.4742489420209786,0.390014529569884,44,45,26.0,49.0,0.9654295882053889,0.608540925266904,0.1246,410,2435,0.1,0.2,45
20,10,false,,0.1745873497699247,0.09441412373341802,-0.0929280875964537,6,1,1.0,18.0,0.31129196337741605,0.0,0.2642,411,2436,0.1,0.2,45
30,15,false,,0.3906361158565527,0.09183763601308247,-0.301605717456053,4,1,1.0,27.0,0.2001627339300244,0.0,0.2324,411,2436,0.1,0.2,45
40,20,false,,0.12297878425150423,0.11575216478641225,0.006215311657777833,15,4,1.0,39.0,0.5150105708245243,0.0,0.2244,411,2436,0.1,0.2,45
50,25,false,,0.2509279158121609,0.10232043074497683,-0.15027772469439715,6,1,1.0,45.0,0.2915966386554622,0.046218487394957986,0.2382,411,2436,0.1,0.2,45
60,30,true,,0.11596131441380435,0.6089202746710312,0.4932009632980364,53,55,2.0,59.0,0.8086625416468348,0.06044740599714422,0.176,411,2436,0.1,0.2,45
20,10,false,,0.26868861266089794,0.083525121634381,-0.17947407372371305,3,1,1.0,18.0,0.17436489607390301,0.0,0.1872,412,2437,0.1,0.2,45
30,15,false,,0.08696809665450896,0.4849316346680257,0.39962658383700583,26,26,12.0,29.0,0.9251934651762683,0.0,0.2238,412,2437,0.1,0.2,45
40,20,true,,0.10411094278206462,0.3114544092832872,0.21169805157996827,34,36,22.0,39.0,0.7865122052130741,0.0,0.2626,412,2437,0.1,0.2,45
20,10,false,,0.1575531902873435,0.07215900975564087,-0.0890065498586164,7,2,1.0,18.0,0.3046225473894247,0.0,0.2758,413,2438,0.1,0.2,45
30,15,false,,0.13671030659235486,0.07926780345447762,-0.06964222334660011,10,3,1.0,28.0,0.3815175922000848,0.0,0.2022,413,2438,0.1,0.2,45
40,20,false,,0.21462635458764318,0.10219039536506344,-0.11519362593936106,7,3,1.0,38.0,0.31703470031545744,0.0,0.2644,413,2438,0.1,0.2,45
50,25,false,,0.1379258452076708,0.10829301633521952,-0.038875804397759534,18,3,1.0,45.0,0.4184985483201991,0.07590211530485276,0.2456,413,2438,0.1,0.2,45
60,30,false,,0.13458724506237124,0.11588085712682558,-0.023596318356916945,25,54,2.0,58.0,0.4200477326968974,0.10405727923627685,0.1826,413,2438,0.1,0.2,45
20,10,false,,0.13472394009298738,0.16119804559848824,0.029158862656348844,13,16,1.0,19.0,0.5757121439280359,0.0,0.3254,414,2439,0.1,0.2,45
30,15,false,,0.13346261931630737,0.18610489536974548,0.07733816619065297,23,27,1.0,29.0,0.5890554200069711,0.0,0.2614,414,2439,0.1,0.2,45
40,20,false,,0.16329293545452173,0.09412861152854994,-0.08102245891862458,8,4,1.0,27.0,0.2086856264411991,0.0,0.2376,414,2439,0.1,0.2,45
50,25,false,,0.12095867006170702,0.2671186853400139,0.1498239111654695,41,47,2.0,49.0,0.6867088607594937,0.44264240506329117,0.2588,414,2439,0.1,0.2,45
60,30,true,,0.11831271714331609,0.27466559881039715,0.15016098637029718,54,56,28.0,59.0,0.8109756097560976,0.11016260162601627,0.2046,414,2439,0.1,0.2,45
20,10,false,,0.15338113767798725,0.1459597499294263,-0.0058915118629497,11,16,1.0,19.0,0.49196042053184913,0.0,0.3284,415,2440,0.1,0.2,45
30,15,true,,0.12501152328913542,0.3120206161943529,0.19843343244601985,24,25,6.0,29.0,0.7577213452299245,0.0,0.2816,415,2440,0.1,0.2,45
20,10,false,,0.15762373916726521,0.40374296474098914,0.25427361431703394,16,16,3.0,19.0,0.8867750843817122,0.0,0.2954,416,2441,0.1,0.2,45
30,15,false,,0.1960996435422376,0.10913001039691837,-0.10843816284251127,9,3,1.0,27.0,0.21034696406443618,0.0,0.274,416,2441,0.1,0.2,45
40,20,false,,0.1304423346707325,0.17073969044076098,0.04869644009744162,33,37,10.0,39.0,0.6296422487223169,0.0,0.2534,416,2441,0.1,0.2,45
50,25,false,,0.2420760154051356,0.10387185907994619,-0.1480581217615057,7,3,1.0,35.0,0.10530111792282726,0.006491164803461955,0.1976,416,2441,0.1,0.2,45
60,30,false,,0.15675583590689726,0.12012317597989025,-0.042302408914255865,13,3,1.0,58.0,0.3653986832479883,0.07278712509144111,0.1954,416,2441,0.1,0.2,45
20,10,false,,0.10263892401290432,0.10518699454613417,0.012259040673359367,10,14,1.0,19.0,0.5252456794307014,0.0,0.3076,417,2442,0.1,0.2,45
30,15,false,,0.0941850828526213,0.4133626100015621,0.31167654856187554,25,26,6.0,29.0,0.9230174081237911,0.0,0.2794,417,2442,0.1,0.2,45
40,20,false,,0.12542237823269484,0.11107740751145524,-0.018020751208592298,22,4,1.0,38.0,0.46732900267481847,0.0,0.2704,417,2442,0.1,0.2,45
50,25,false,,0.11181213011064016,0.20307201832949498,0.10345217665287879,42,48,2.0,49.0,0.694829760403531,0.4926439680538041,0.2154,417,2442,0.1,0.2,45
60,30,true,,0.11340827415844933,0.2255865868841735,0.10668901528469875,50,54,21.0,59.0,0.7802284363922805,0.18550610476565577,0.2454,417,2442,0.1,0.2,45
20,10,false,,0.14806498372184534,0.129860928282525,-0.0034681654292444686,9,1,1.0,19.0,0.49432739059967584,0.0,0.2904,418,2443,0.1,0.2,45
30,15,false,,0.1216488448206479,0.18558545076746683,0.07527377677062931,23,27,6.875,29.0,0.6286509040333796,0.0,0.2702,418,2443,0.1,0.2,45
40,20,false,,0.11518209612033106,0.18911948521564398,0.11550698447854296,27,37,1.0,39.0,0.6133828996282528,0.0,0.2272,418,2443,0.1,0.2,45
50,25,false,,0.18317681972161245,0.09821534092001614,-0.09039004097496225,8,2,1.0,29.0,0.21504112808460635,0.0,0.2612,418,2443,0.1,0.2,45
60,30,false,,0.253649642014144,0.10645563931534703,-0.14643525278598624,7,3,1.0,48.0,0.25772323317816337,0.10537452391028354,0.2266,418,2443,0.1,0.2,45
20,10,false,,0.12652198584039046,0.16138508676781094,0.04949545133453917,14,17,2.0,19.0,0.5889724310776943,0.0,0.2912,419,2444,0.1,0.2,45
30,15,false,,0.1113211823554781,0.11309757860305886,0.00298435581645691,19,27,4.0,28.0,0.5061511423550088,0.0,0.2926,419,2444,0.1,0.2,45
40,20,false,,0.11279019553445142,0.20438988544628453,0.10191793048976347,28,35,2.0,39.0,0.6746894409937888,0.0,0.2694,419,2444,0.1,0.2,45
50,25,false,,0.13869734313945173,0.11673487080144164,-0.030222096285261874,30,2,1.0,48.0,0.450544844928751,0.22129086336965634,0.2352,419,2444,0.1,0.2,45
60,30,false,,0.12379024068988445,0.12191517399154786,-0.0027526704339767283,23,37,2.0,49.0,0.48486842105263156,0.04013157894736842,0.1254,419,2444,0.1,0.2,45
20,10,false,,0.13679332324489502,0.3954863142226591,0.26273596463469634,15,17,1.0,19.0,0.7900763358778626,0.0,0.2972,420,2445,0.1,0.2,45
30,15,true,,0.1347063693092026,0.3138543637934068,0.18757305356428086,24,26,8.0,29.0,0.8,0.0,0.2754,420,2445,0.1,0.2,45
20,10,false,,0.10711028433888545,0.1635573256113163,0.08201263366138244,12,16,1.0,19.0,0.6317241379310344,0.0,0.296,421,2446,0.1,0.2,45
30,15,false,,0.11777391767905744,0.20236800045549586,0.10240160804231897,23,26,3.2749999999999915,29.0,0.672475106685633,0.0,0.2642,421,2446,0.1,0.2,45
40,20,false,,0.12540189005281366,0.3141466882033363,0.19601178950368103,33,36,1.0,39.0,0.675592960979342,0.0,0.2438,421,2446,0.1,0.2,45
50,25,false,,0.25236699409825253,0.10531779034836068,-0.15459267678974914,4,3,1.0,17.0,0.23229813664596274,0.0,0.2206,421,2446,0.1,0.2,45
60,30,false,,0.1245035777778533,0.14964056650607108,0.050208836369545415,35,5,2.0,59.0,0.6528770214366303,0.10191801429108688,0.2316,421,2446,0.1,0.2,45
20,10,false,,0.13153701043382113,0.09055718960308615,-0.051444490534439544,12,15,1.0,19.0,0.36465683130211674,0.0,0.288,422,2447,0.1,0.2,45
30,15,false,,0.11546434751143908,0.08018086765502236,-0.040794855018595075,12,5,2.0,28.0,0.34692213615980433,0.0,0.2142,422,2447,0.1,0.2,45
40,20,false,,0.09883959748102689,0.09288318757694856,-0.0058340329166491345,31,37,1.0,39.0,0.474025974025974,0.0,0.1298,422,2447,0.1,0.2,45
50,25,false,,0.1846146853034213,0.11216855036849262,-0.09782460894082881,10,2,1.0,48.0,0.3579595426561126,0.1662269129287599,0.2342,422,2447,0.1,0.2,45
60,30,false,,0.12031484209469895,0.1775992842085089,0.07092044363273181,51,53,8.0,59.0,0.6750102585145671,0.13212966762412803,0.2538,422,2447,0.1,0.2,45
20,10,false,,0.1288617234176421,0.1508592296529483,0.036574248617204666,12,2,1.0,19.0,0.5637470409198512,0.0,0.2906,423,2448,0.1,0.2,45
30,15,false,,0.22215620361892177,0.08283322476684543,-0.1511114467729984,4,2,1.0,22.0,0.21316225165562913,0.0,0.234,423,2448,0.1,0.2,45
40,20,false,,0.15214383271479764,0.07794099832820034,-0.08121475117107327,7,4,1.0,34.0,0.22056159420289856,0.0,0.1898,423,2448,0.1,0.2,45
50,25,false,,0.10984634775103526,0.32940177923382535,0.23915802273522854,36,46,1.0,49.0,0.6266050333846944,0.33384694401643555,0.13,423,2448,0.1,0.2,45
60,30,false,,0.09149271090398105,0.8064904411966055,0.7020753581458559,56,57,49.0,59.0,0.9841549295774648,0.024061032863849766,0.0928,423,2448,0.1,0.2,45
20,10,false,,0.14842507173755703,0.24287362874842597,0.11190342719778648,13,16,2.0,19.0,0.6907429245283019,0.0,0.3184,424,2449,0.1,0.2,45
30,15,false,,0.14714393607163795,0.13958513066838002,-0.00837370272011817,17,3,1.0,29.0,0.4818211595152309,0.0,0.2648,424,2449,0.1,0.2,45
40,20,false,,0.12968199490907512,0.10772390359889489,-0.035651672994960845,20,35,1.0,38.0,0.41633248268319356,0.0,0.226,424,2449,0.1,0.2,45
50,25,false,,0.14085079822782515,0.09647014818293022,-0.050958702111689715,21,3,2.0,47.0,0.2993145468392993,0.11157654226961157,0.2438,424,2449,0.1,0.2,45
60,30,false,,0.15720739402940193,0.11515105195440596,-0.0408709920274693,10,4,1.0,25.0,0.33413269384492406,0.0,0.1758,424,2449,0.1,0.2,45
20,10,false,,0.11009751365063204,0.10251334717632127,0.0032458157503861412,9,1,1.0,19.0,0.5047410649161196,0.0,0.2684,425,2450,0.1,0.2,45
30,15,false,,0.10065997991107983,0.435287716901576,0.3248555004243223,25,26,6.0,29.0,0.8743211792086889,0.0,0.2814,425,2450,0.1,0.2,45
40,20,false,,0.11424831008994941,0.15376568434376314,0.05197128488428446,26,36,1.0,38.0,0.6494998147462023,0.0,0.2938,425,2450,0.1,0.2,45
50,25,true,,0.11534741792424906,0.26159120228421484,0.1503209226381117,40,42,24.0,49.0,0.8093093093093093,0.39151651651651653,0.2718,425,2450,0.1,0.2,45
20,10,false,,0.19225799861007162,0.10623974612304546,-0.10508950736015629,7,1,1.0,18.0,0.26066932760208783,0.0,0.2972,426,2451,0.1,0.2,45
30,15,false,,0.1659563032087125,0.0901858406122236,-0.08565524174252451,9,3,1.0,27.0,0.2370600414078675,0.0,0.2742,426,2451,0.1,0.2,45
40,20,false,,0.12100672206591308,0.1588322780034354,0.05358567723148212,28,36,2.0,39.0,0.5946687573500588,0.0,0.2546,426,2451,0.1,0.2,45
50,25,false,,0.1702100076837965,0.08617342988416758,-0.09270573248871568,10,5,1.0,32.0,0.1890956295975768,0.0,0.211,426,2451,0.1,0.2,45
60,30,false,,0.12188927083776434,0.14484359015446496,0.018683775842238612,42,47,14.0,57.0,0.5634022629730784,0.2723371049551307,0.2332,426,2451,0.1,0.2,45
20,10,false,,0.04934208059917374,0.462741811953117,0.3914736316816677,16,18,2.0,19.0,0.9354389224338133,0.0,0.178,427,2452,0.1,0.2,45
30,15,true,,0.09816430237256044,0.6489715752382688,0.523775678414685,24,26,1.0,29.0,0.8233066891039125,0.0,0.2552,427,2452,0.1,0.2,45
20,10,false,,0.07570616132180173,0.6050727001447597,0.5325599955907181,15,17,6.0,19.0,0.9596478356566398,0.0,0.3032,428,2453,0.1,0.2,45
30,15,false,,0.10401646177957052,0.1830988517013548,0.09252105513501876,19,25,2.0,29.0,0.6963838166845686,0.0,0.297,428,2453,0.1,0.2,45
40,20,true,,0.11332713332365814,0.3240317464926677,0.2209523927621498,33,36,1.0,39.0,0.7438307873090482,0.0,0.2436,428,2453,0.1,0.2,45
20,10,false,,0.1495415183499242,0.10899937279560931,-0.0645392441232727,5,1,1.0,18.0,0.4370672097759674,0.0,0.2468,429,2454,0.1,0.2,45
30,15,true,,0.10331398289870652,0.33624179087456757,0.24629265634722272,23,26,2.0,29.0,0.8439816448994,0.0,0.3116,429,2454,0.1,0.2,45
20,10,false,,0.1662366557131451,0.11784124046959353,-0.06385315439619627,7,2,1.0,19.0,0.37470804137470803,0.0,0.2778,430,2455,0.1,0.2,45
30,15,false,,0.12864627923329924,0.134955909203106,0.02653425615530042,15,3,1.0,29.0,0.5346020761245674,0.0,0.2806,430,2455,0.1,0.2,45
40,20,false,,0.12989754245941873,0.11974604065538522,-0.003199406625108085,14,4,1.0,38.0,0.49539170506912444,0.0,0.2674,430,2455,0.1,0.2,45
50,25,false,,0.25558900733929774,0.09752344629855321,-0.15902927875760803,5,2,1.0,23.0,0.17439387494683115,0.0,0.2052,430,2455,0.1,0.2,45
60,30,false,,0.12234054305469594,0.19908132083610003,0.08196097559559484,47,56,2.0,59.0,0.6593664450527963,0.19710598357450138,0.2536,430,2455,0.1,0.2,45
20,10,false,,0.09039607614261448,0.5251987142260703,0.4283828184452961,15,16,3.0,19.0,0.850550230741924,0.0,0.2858,431,2456,0.1,0.2,45
30,15,true,,0.09329108104901548,0.2788544032740095,0.1979070888321195,22,26,1.0,29.0,0.7342908438061041,0.0,0.2,431,2456,0.1,0.2,45
20,10,false,,0.15379721190470663,0.07697152316736508,-0.09653749553579702,8,1,1.0,19.0,0.3354385964912281,0.0,0.2322,432,2457,0.1,0.2,45
30,15,false,,0.0816929319952722,0.12679784585727177,0.0436177566139887,21,23,3.0,29.0,0.6050531914893617,0.0,0.1796,432,2457,0.1,0.2,45
40,20,false,,0.2297861435505989,0.06518717136388524,-0.16707345140203542,4,4,1.0,12.0,0.11670616113744076,0.0,0.0938,432,2457,0.1,0.2,45
50,25,false,,0.07751425605621366,0.6318994489532737,0.5487770133597023,45,44,40.0,49.0,1.0,0.8047925189947399,0.0552,432,2457,0.1,0.2,45
60,30,false,,0.06471519184515964,0.5950742863008387,0.5367584825294136,56,59,50.800000000000004,59.0,1.0,0.0,0.0194,432,2457,0.1,0.2,45
20,10,true,,0.11048422115350347,0.20837558671333126,0.10456606522989331,13,16,1.0,19.0,0.7197368421052631,0.0,0.3078,433,2458,0.1,0.2,45
20,10,true,,0.10188704684225225,0.3004010311114685,0.19554866826801698,14,16,2.0,19.0,0.799016393442623,0.0,0.3208,434,2459,0.1,0.2,45
20,10,false,,0.31067115581568344,0.07761049006089137,-0.25248002286039484,4,3,1.0,19.0,0.3328636843959141,0.0,0.2446,435,2460,0.1,0.2,45
30,15,false,,0.1443056087012033,0.08329020446286406,-0.06930096786016379,8,5,1.0,28.0,0.3405612244897959,0.0,0.2136,435,2460,0.1,0.2,45
40,20,true,,0.11072337152499134,0.25559280143822827,0.14982641385251677,31,37,2.0,39.0,0.7497029702970297,0.0,0.275,435,2460,0.1,0.2,45
20,10,false,,0.1034789836987915,0.19969263210912888,0.11875407442002954,14,16,1.0,19.0,0.6134815346002152,0.0,0.2654,436,2461,0.1,0.2,45
30,15,false,,0.11736325367055536,0.16507925881557228,0.059385642198368914,18,27,1.0,29.0,0.6621808143547274,0.0,0.286,436,2461,0.1,0.2,45
40,20,false,,0.13057081992119304,0.12413950288255537,-0.008152005034932651,25,35,1.0,38.0,0.4782312925170068,0.0,0.2744,436,2461,0.1,0.2,45
50,25,false,,0.12696269560142415,0.120469238510261,-0.013985762931283965,27,4,1.0,48.0,0.4446494464944649,0.15350553505535056,0.2522,436,2461,0.1,0.2,45
60,30,false,,0.1620317680703967,0.11782662946933366,-0.059935361079468966,9,5,1.0,58.0,0.3610855565777369,0.06485740570377185,0.1544,436,2461,0.1,0.2,45
20,10,false,,0.07296084663057364,0.5345367010968857,0.45107450712631003,16,16,4.0,19.0,0.9329976762199845,0.0,0.293,437,2462,0.1,0.2,45
30,15,false,,0.11629710115684241,0.09625677216682267,-0.025179031786136688,8,2,1.0,24.0,0.4297652208515718,0.0,0.2798,437,2462,0.1,0.2,45
40,20,true,,0.09909423552324262,0.3426802288369936,0.23791461871998504,32,35,3.0,39.0,0.8041648205582632,0.0,0.2202,437,2462,0.1,0.2,45
20,10,false,,0.09650080473274962,0.1554123251687428,0.07393310153444989,13,16,1.0,19.0,0.6517985611510791,0.0,0.2854,438,2463,0.1,0.2,45
30,15,true,,0.101776798455117,0.4408557962209371,0.34025921996015857,22,27,2.0,29.0,0.7599843382928739,0.0,0.278,438,2463,0.1,0.2,45
20,10,false,,0.11865894942796568,0.7034226745031269,0.5764054688566786,16,16,3.0,19.0,0.9001989389920424,0.0,0.2852,439,2464,0.1,0.2,45
30,15,false,,0.11551345977042339,0.15483471463384357,0.04489486040826085,24,26,2.0,29.0,0.6160397444996452,0.0,0.2736,439,2464,0.1,0.2,45
40,20,false,,0.15520858020033582,0.10738689757678019,-0.05703695010287507,9,2,1.0,33.0,0.32643427741466957,0.0,0.2586,439,2464,0.1,0.2,45
50,25,false,,0.1225178439719671,0.12580133768777682,0.001231138328514042,33,6,2.0,48.0,0.5059701492537313,0.21380597014925373,0.2566,439,2464,0.1,0.2,45
60,30,false,,0.1412392503608981,0.12896637360706636,-0.018417540335933014,26,3,1.0,58.0,0.4538498326159732,0.06982305117168819,0.1456,439,2464,0.1,0.2,45
20,10,true,,0.09741978456346714,0.2618390955823721,0.17925218777278734,13,15,2.0,19.0,0.7514812376563529,0.0,0.3102,440,2465,0.1,0.2,45
20,10,false,,0.12344914040113954,0.14211495000598234,0.028411098291162798,11,15,1.0,19.0,0.5674491392801252,0.0,0.3062,441,2466,0.1,0.2,45
30,15,false,,0.12102984968987177,0.12370509989796477,0.01643131088593,15,2,1.0,29.0,0.544090742773509,0.0,0.2598,441,2466,0.1,0.2,45
40,20,false,,0.106026992479235,0.30730499295466085,0.20691735091474214,33,36,3.0,39.0,0.6893805309734513,0.0,0.197,441,2466,0.1,0.2,45
50,25,false,,0.11324564636208556,0.2389781579500397,0.13714203214625637,41,46,3.0,49.0,0.6959272439699487,0.46026097271648875,0.2624,441,2466,0.1,0.2,45
60,30,false,,0.13433912371653317,0.11935883156018272,-0.02243682372065685,19,4,2.0,56.0,0.41045606229143494,0.11531331108639228,0.2446,441,2466,0.1,0.2,45
20,10,true,,0.08228377085838903,0.4584444649475571,0.38887090855353174,14,16,1.0,19.0,0.7721036585365854,0.0,0.2764,442,2467,0.1,0.2,45
20,10,false,,0.111593368682672,0.23114655484805824,0.12972018005040653,13,16,1.0,19.0,0.6825950470875479,0.0,0.2674,443,2468,0.1,0.2,45
30,15,false,,0.21132151811225192,0.08589333747889268,-0.13516930390793108,4,1,1.0,24.0,0.2229454841334418,0.0,0.231,443,2468,0.1,0.2,45
40,20,false,,0.1087423865736039,0.35669390418920316,0.2561631929604332,33,36,2.0,39.0,0.6821052631578948,0.0,0.2512,443,2468,0.1,0.2,45
50,25,false,,0.15463720177629667,0.09411264858516602,-0.07299956124625825,16,3,1.0,46.52500000000009,0.28391304347826085,0.06086956521739131,0.2292,443,2468,0.1,0.2,45
60,30,false,,0.13494445479671963,0.13058847957081612,-0.005223698122945625,27,4,1.0,58.0,0.4898466639038541,0.045171985080812264,0.195,443,2468,0.1,0.2,45
20,10,false,,0.15606543975857298,0.12368617679025595,-0.04446071041706233,5,1,1.0,18.0,0.42671009771986973,0.0,0.2634,444,2469,0.1,0.2,45
30,15,false,,0.10143467482755089,0.43594545868420825,0.34205643224218124,25,27,2.0,29.0,0.8105134474327629,0.0,0.2404,444,2469,0.1,0.2,45
40,20,true,,0.09407997226974776,0.5965603203500144,0.5051433783541024,34,37,3.0,39.0,0.7958429561200924,0.0,0.1656,444,2469,0.1,0.2,45
20,10,false,,0.1028266468806497,0.1481705344697573,0.053122730899018644,12,1,1.0,19.0,0.6140413399857448,0.0,0.29,445,2470,0.1,0.2,45
30,15,false,,0.14798166390468415,0.10768621927512095,-0.05511844353377175,8,2,1.0,28.0,0.42152292152292153,0.0,0.261,445,2470,0.1,0.2,45
40,20,false,,0.13692752504498065,0.11586319778141363,-0.028074162647897388,10,3,1.0,38.0,0.42203258339798294,0.0,0.267,445,2470,0.1,0.2,45
50,25,true,,0.11532362645266245,0.22700040575639258,0.11794972184542028,43,46,10.0,49.0,0.7216174183514774,0.5268273716951789,0.2494,445,2470,0.1,0.2,45
20,10,false,,0.12292359057526049,0.11690757240416311,-0.009057566898901248,11,12,1.0,18.0,0.47115384615384615,0.0,0.3212,446,2471,0.1,0.2,45
30,15,false,,0.10137666799626233,0.20925354634190765,0.122855704469268,24,26,2.0,29.0,0.661741835147745,0.0,0.2436,446,2471,0.1,0.2,45
40,20,false,,0.10440958572155871,0.0813829358629571,-0.02543091693833155,12,4,2.0,37.0,0.4090267983074753,0.0,0.1644,446,2471,0.1,0.2,45
50,25,false,,0.10756978309691667,0.08326965749955037,-0.03891865280490583,21,4,1.0,47.0,0.3606811145510836,0.15737874097007223,0.1128,446,2471,0.1,0.2,45
60,30,false,,0.5570562560424513,0.07389935016474679,-0.4872102509846985,2,1,1.0,7.0,0.0013869625520110957,0.0,0.0432,446,2471,0.1,0.2,45
20,10,false,,0.10183060067475869,0.14525979306702674,0.05116013735794396,11,10,1.0,19.0,0.644510582010582,0.0,0.3256,447,2472,0.1,0.2,45
30,15,false,,0.13298682990178337,0.10875671298370883,-0.02178101160867614,10,3,1.0,29.0,0.469112691875702,0.0,0.2742,447,2472,0.1,0.2,45
40,20,true,,0.10593874197676251,0.35019908931974786,0.24461334833605927,34,36,19.0,39.0,0.8751510269834877,0.0,0.2622,447,2472,0.1,0.2,45
20,10,false,,0.13194073216912575,0.13081410339781108,0.0010704864899400979,12,15,2.0,19.0,0.5009096422073984,0.0,0.3066,448,2473,0.1,0.2,45
30,15,false,,0.16663610475051596,0.10526212053513057,-0.08171037264386102,6,1,1.0,28.0,0.3346414555833036,0.0,0.2616,448,2473,0.1,0.2,45
40,20,false,,0.15040167608998847,0.10225249505627133,-0.05752613214355211,9,3,1.0,33.0,0.27807900852052675,0.0,0.2446,448,2473,0.1,0.2,45
50,25,false,,0.1706927158842862,0.0960171193848253,-0.08503027708024427,8,4,1.0,41.0,0.21679197994987467,0.022138680033416874,0.2178,448,2473,0.1,0.2,45
60,30,false,,0.1914010155385991,0.10785257613839752,-0.087625070400446,8,3,1.0,58.0,0.29536208299430433,0.03295362082994304,0.2406,448,2473,0.1,0.2,45
20,10,false,,0.45646107157003407,0.07807481814012034,-0.39890807468239453,3,1,1.0,16.0,0.218863361547763,0.0,0.222,449,2474,0.1,0.2,45
30,15,false,,0.12158909082105171,0.15004972474774184,0.031886252204855234,17,26,1.0,29.0,0.6139240506329114,0.0,0.2802,449,2474,0.1,0.2,45
40,20,false,,0.12048633021498159,0.11429112561883205,-0.004492572135808406,29,36,7.0,39.0,0.47976680384087794,0.0,0.2748,449,2474,0.1,0.2,45
50,25,false,,0.12505183208570647,0.13316796765197958,0.024770068899506455,21,8,1.0,49.0,0.5698365527488856,0.2730312035661218,0.2314,449,2474,0.1,0.2,45
60,30,true,,0.12259965489986265,0.3064670354775598,0.18479764714427954,52,57,17.0,59.0,0.7928421052631579,0.15705263157894736,0.171,449,2474,0.1,0.2,45
20,10,false,,0.09999142149399652,0.3632797736633219,0.26770755419445647,15,17,4.0,19.0,0.8206646923330043,0.0,0.2976,450,2475,0.1,0.2,45
30,15,true,,0.10167804823300192,0.24210351569393648,0.1470815379232211,23,26,2.0,29.0,0.7987987987987988,0.0,0.2896,450,2475,0.1,0.2,45
20,10,false,,0.14875363352890125,0.12201800566839231,-0.03243179890061773,10,1,1.0,19.0,0.4553163731245923,0.0,0.2906,451,2476,0.1,0.2,45
30,15,false,,0.12916450340055566,0.10842055897995571,-0.024980458942146344,12,2,1.0,28.0,0.41474336892869446,0.0,0.2888,451,2476,0.1,0.2,45
40,20,false,,0.11663903988291117,0.1161022303944709,-0.007949399302012453,29,33,2.0,39.0,0.4774741506646972,0.0,0.2728,451,2476,0.1,0.2,45
50,25,false,,0.12058620258908258,0.24896160078570645,0.13224229884905922,42,45,1.0,49.0,0.6809353943717796,0.4768133174791914,0.2556,451,2476,0.1,0.2,45
60,30,false,,0.13033848620592148,0.1264906845452827,0.014655205701996382,20,6,1.0,57.0,0.5394632991318075,0.0840568271507498,0.2042,451,2476,0.1,0.2,45
20,10,false,,0.10871544860508897,0.5069002936781786,0.39021532247966173,16,16,3.0,19.0,0.8771331058020477,0.0,0.2986,452,2477,0.1,0.2,45
30,15,false,,0.1320798366062852,0.12464887502270626,0.010053410581155164,13,1,1.0,29.0,0.5142748382185002,0.0,0.2806,452,2477,0.1,0.2,45
40,20,false,,0.16582412793535675,0.10696949084505969,-0.0728149160580173,6,2,1.0,37.97499999999991,0.3767693588676103,0.0,0.236,452,2477,0.1,0.2,45
50,25,false,,0.12312335530168467,0.134361221683013,0.019670000367353682,30,44,2.0,48.0,0.5485671752884258,0.28582061778935614,0.239,452,2477,0.1,0.2,45
60,30,false,,0.13155598751870745,0.1279722770249545,-0.006858116896479166,20,6,1.0,58.0,0.4792560801144492,0.1223175965665236,0.1976,452,2477,0.1,0.2,45
20,10,false,,0.11386478049996873,0.5743193448459916,0.47171423989511674,15,17,2.0,19.0,0.7887130075705437,0.0,0.2874,453,2478,0.1,0.2,45
30,15,false,,0.12194724892323217,0.2546983797010389,0.15851143948269777,25,26,7.0,29.0,0.7396149949341438,0.0,0.2666,453,2478,0.1,0.2,45
40,20,true,,0.11491453466945123,0.37023789613471997,0.2646527145527046,34,37,21.0,39.0,0.8254752851711027,0.0,0.2456,453,2478,0.1,0.2,45
20,10,false,,0.07601657349825909,0.41876985152364105,0.33591781945919236,15,15,2.0,19.0,0.8439635535307517,0.0,0.2794,454,2479,0.1,0.2,45
30,15,false,,0.1253877743694519,0.1113381362204329,-0.011216150793042085,8,1,1.0,26.0,0.4700277888050814,0.0,0.27,454,2479,0.1,0.2,45
40,20,false,,0.09801622183160356,0.13429845744080413,0.05324263277465821,22,36,2.0,39.0,0.653861706429438,0.0,0.2452,454,2479,0.1,0.2,45
50,25,true,,0.10375374191159471,0.3977874003088957,0.30412341498619033,41,44,2.0,49.0,0.7661715380929564,0.43603258265452804,0.19,454,2479,0.1,0.2,45
20,10,false,,0.09683355695502585,0.4510435591264129,0.3455131404888907,16,17,2.0,19.0,0.8016499282639885,0.0,0.2752,455,2480,0.1,0.2,45
30,15,false,,0.125507307523628,0.15052154551523061,0.04848244508524236,10,4,1.0,28.09999999999991,0.5918223475502291,0.0,0.2934,455,2480,0.1,0.2,45
40,20,true,,0.11998422108667096,0.22829846177849816,0.116337969338566,32,38,5.0,39.0,0.7064944384642985,0.0,0.2614,455,2480,0.1,0.2,45
20,10,false,,0.09198461750234425,0.5362916045924203,0.4438135790272397,15,16,2.0,19.0,0.8999287749287749,0.0,0.2838,456,2481,0.1,0.2,45
30,15,false,,0.10966034384875306,0.4303498890401947,0.31816152196204717,25,26,13.0,29.0,0.8122493620123952,0.0,0.2648,456,2481,0.1,0.2,45
40,20,true,,0.11875660227320055,0.2363547827862295,0.12450661643628037,31,36,2.0,39.0,0.7228478023973847,0.0,0.279,456,2481,0.1,0.2,45
20,10,false,,0.08243523737941874,0.4380670793760483,0.3595071647950341,15,16,2.0,19.0,0.8130699088145896,0.0,0.272,457,2482,0.1,0.2,45
30,15,false,,0.13970794920525229,0.10608268714607787,-0.0569135471517007,7,2,1.0,29.0,0.3974751338944147,0.0,0.24,457,2482,0.1,0.2,45
40,20,false,,0.11310575586512923,0.14562876016872695,0.05630976310383004,22,36,1.0,39.0,0.6545658682634731,0.0,0.2646,457,2482,0.1,0.2,45
50,25,true,,0.11346898813390804,0.4600201505491867,0.3448894999329358,44,46,26.0,49.0,0.8931691818903892,0.5830023828435266,0.253,457,2482,0.1,0.2,45
20,10,false,,0.14024089475508084,0.13005729174993788,-0.008005727154825011,11,16,1.0,19.0,0.4868624420401855,0.0,0.307,458,2483,0.1,0.2,45
30,15,false,,0.1739356192087362,0.07931294217696334,-0.11427103105158223,5,1,1.0,26.0,0.218342448464451,0.0,0.221,458,2483,0.1,0.2,45
40,20,false,,0.14912848746343232,0.10255901876481419,-0.05573670420779064,8,6,1.0,36.67500000000018,0.3937449879711307,0.0,0.2558,458,2483,0.1,0.2,45
50,25,false,,0.11941074831218575,0.16092314779821895,0.04794042947366434,34,43,3.0,48.0,0.6090909090909091,0.2784090909090909,0.2818,458,2483,0.1,0.2,45
60,30,true,,0.11537459906895048,0.26020906868339044,0.1421364482100797,52,55,38.0,59.0,0.7768496420047732,0.23747016706443913,0.2628,458,2483,0.1,0.2,45
20,10,true,,0.09235792920837264,0.3384976913825416,0.24748651796329993,14,17,2.0,19.0,0.772078804347826,0.0,0.2984,459,2484,0.1,0.2,45
20,10,false,,0.1245403141877154,0.10934764996841824,-0.02487112212754282,8,3,1.0,19.0,0.4295103516266842,0.0,0.28,460,2485,0.1,0.2,45
30,15,false,,0.5751569432166697,0.09134728578793133,-0.47672418548638407,3,1,1.0,24.0,0.1727346278317152,0.0,0.23,460,2485,0.1,0.2,45
40,20,false,,0.11446213369137087,0.1563681624142672,0.04879633817354649,27,36,4.0,38.0,0.6635345139139862,0.0,0.276,460,2485,0.1,0.2,45
50,25,false,,0.12204648628774939,0.15259613812910694,0.04124652621463054,34,43,6.0,49.0,0.6080724254998114,0.27612221803093173,0.275,460,2485,0.1,0.2,45
60,30,true,,0.12207819039428526,0.3138060840296905,0.19325843012131516,54,56,19.0,59.0,0.8159903575733226,0.06307754118119727,0.2388,460,2485,0.1,0.2,45
20,10,false,,0.11753290046530465,0.23903654771497712,0.13156571858761062,13,17,1.0,19.0,0.6731788079470199,0.0,0.2916,461,2486,0.1,0.2,45
30,15,false,,0.10932748087023693,0.19705546806646795,0.10359567910804748,23,26,4.0,29.0,0.6797853309481217,0.0,0.2704,461,2486,0.1,0.2,45
40,20,true,,0.1170894371107472,0.24964124979905472,0.14830840588612992,29,34,2.0,38.0,0.7222421846927776,0.0,0.2584,461,2486,0.1,0.2,45
20,10,false,,0.0921654520308044,0.1117117913638249,0.023124168934176986,9,4,1.0,19.0,0.5625708884688091,0.0,0.2782,462,2487,0.1,0.2,45
30,15,false,,0.0962745977968976,0.5612939210846024,0.4587754547771731,25,25,4.0,29.0,0.8808853118712273,0.0,0.2436,462,2487,0.1,0.2,45
40,20,false,,0.1602148476769707,0.09363647296058629,-0.07994261238470386,7,1,1.0,30.0,0.3072742474916388,0.0,0.241,462,2487,0.1,0.2,45
50,25,false,,0.12602352020215213,0.11031244877049348,-0.017868133880443046,14,10,2.0,45.0,0.44136546184738956,0.058634538152610445,0.2434,462,2487,0.1,0.2,45
60,30,false,,0.11883484599794644,0.1448937581479841,0.035878115483798434,41,52,11.0,58.0,0.6006252442360297,0.14536928487690504,0.2386,462,2487,0.1,0.2,45
20,10,false,,0.18225650846205416,0.1883479867362232,0.032734957843219836,13,17,2.0,19.0,0.5310872894333843,0.0,0.291,463,2488,0.1,0.2,45
30,15,false,,0.28711100884531765,0.08679611288843403,-0.2137890596971884,6,3,1.0,27.0,0.12401236688423223,0.0,0.243,463,2488,0.1,0.2,45
40,20,false,,0.18021866720426294,0.09002471696138935,-0.10579929658870325,10,5,2.0,34.0,0.17758985200845667,0.0,0.2534,463,2488,0.1,0.2,45
50,25,false,,0.13887809812028024,0.11742092575197006,-0.020194250246057796,21,3,2.0,48.0,0.45401854714064915,0.14876352395672335,0.2524,463,2488,0.1,0.2,45
60,30,false,,0.6388800645120667,0.10250305293799213,-0.5409506278041886,3,3,1.0,26.0,0.09008620689655172,0.0,0.1798,463,2488,0.1,0.2,45
20,10,false,,0.13008576035906436,0.165799511872056,0.055163745739120904,12,16,1.0,19.0,0.6166718314223737,0.0,0.3136,464,2489,0.1,0.2,45
30,15,true,,0.11575239839489003,0.24856530356574347,0.13941160350005896,21,26,4.0,29.0,0.7563081009296149,0.0,0.291,464,2489,0.1,0.2,45
20,10,false,,0.08654652540201559,0.07900602204493914,-0.003605375772158151,10,1,1.0,19.0,0.4827990617670055,0.0,0.252,465,2490,0.1,0.2,45
30,15,false,,0.12172421736461567,0.1280489367959331,0.005997876435762245,17,1,1.0,29.0,0.5074128984432913,0.0,0.2614,465,2490,0.1,0.2,45
40,20,false,,0.1171268307912737,0.11373689098842109,-0.00555707386835072,22,4,2.0,38.0,0.48305722891566266,0.0,0.288,465,2490,0.1,0.2,45
50,25,false,,0.3963430196348272,0.0981589631517828,-0.3027058837020007,4,2,1.0,20.0,0.14776490066225165,0.0,0.2388,465,2490,0.1,0.2,45
60,30,false,,0.12319962037335103,0.13666457590670478,0.019635108373461704,36,28,13.0,58.0,0.579020979020979,0.151981351981352,0.1874,465,2490,0.1,0.2,45
20,10,false,,0.11463277779846705,0.13595871212080787,0.03346465115990388,12,15,1.0,19.0,0.6,0.0,0.302,466,2491,0.1,0.2,45
30,15,true,,0.1097169936064823,0.33509580079149853,0.23755535773647274,22,26,3.0,29.0,0.7886671418389166,0.0,0.2876,466,2491,0.1,0.2,45
20,10,false,,0.10557131655364262,0.10144435402061257,-0.014777923502919482,8,1,1.0,18.0,0.4713400464756003,0.0,0.25,467,2492,0.1,0.2,45
30,15,false,,0.1541346784777565,0.07870252794358451,-0.08112746895353648,4,1,1.0,28.0,0.365296803652968,0.0,0.1476,467,2492,0.1,0.2,45
40,20,false,,0.13222183464901013,0.11520789656512574,-0.01787790991690487,24,1,1.0,39.0,0.46387987012987014,0.0,0.2536,467,2492,0.1,0.2,45
50,25,true,,0.11490756453254816,0.372078330715466,0.24962430262872098,44,47,29.0,49.0,0.7582325969153814,0.5635681533972489,0.2546,467,2492,0.1,0.2,45
20,10,false,,0.11864668251796698,0.17406687908632038,0.07628713778758273,13,16,2.0,19.0,0.6572470373746582,0.0,0.3274,468,2493,0.1,0.2,45
30,15,false,,0.12825228217778092,0.09956600127075224,-0.02989510280758939,14,2,1.0,29.0,0.4360764144011756,0.0,0.2876,468,2493,0.1,0.2,45
40,20,false,,0.15676038115597749,0.1280950990263666,-0.022790277246667004,20,1,1.0,39.0,0.4716327414465136,0.0,0.2284,468,2493,0.1,0.2,45
50,25,false,,0.1407145866989901,0.09959979053328501,-0.046203549597686855,13,8,2.0,37.0,0.31843575418994413,0.0015961691939345571,0.258,468,2493,0.1,0.2,45
60,30,true,,0.11380079112949955,0.2711936335243786,0.15892888672980318,53,56,41.0,59.0,0.7494979919678715,0.17771084337349397,0.155,468,2493,0.1,0.2,45
20,10,false,,0.13815009877828566,0.2294766161727332,0.10178819209010424,15,16,2.0,19.0,0.6425255338904364,0.0,0.312,469,2494,0.1,0.2,45
30,15,false,,0.13812428527422632,0.09540295765805687,-0.06154850172893128,12,27,2.0,29.0,0.38853046594982077,0.0,0.2602,469,2494,0.1,0.2,45
40,20,false,,0.13720358432543772,0.10794293285957951,-0.03651901386942938,10,3,1.0,33.0,0.3872966692486445,0.0,0.2654,469,2494,0.1,0.2,45
50,25,false,,0.21509274987861504,0.10195468029743975,-0.12098821788184848,6,3,1.0,19.0,0.19297520661157025,0.0,0.2084,469,2494,0.1,0.2,45
60,30,true,,0.11885929163837472,0.2938581503566529,0.16606551912526085,53,56,30.0,59.0,0.8211284513805522,0.1136454581832733,0.2038,469,2494,0.1,0.2,45
20,10,false,,0.17212467515315508,0.1097992792789817,-0.06963586339045112,8,6,1.0,18.0,0.3820812807881773,0.0,0.289,470,2495,0.1,0.2,45
30,15,false,,0.21167559354630042,0.0964358861310075,-0.12087485410389583,5,2,1.0,27.0,0.17992957746478874,0.0,0.26,470,2495,0.1,0.2,45
40,20,false,,0.13299218145034067,0.30237034728721274,0.21059577689370437,27,34,1.0,39.0,0.5878717651602936,0.0,0.2356,470,2495,0.1,0.2,45
50,25,false,,0.12921906618674667,0.12700493080858827,0.0038334037559523693,27,44,3.0,47.94999999999982,0.514047866805411,0.20048560527228582,0.2446,470,2495,0.1,0.2,45
60,30,true,,0.12931414443003802,0.5793320917607758,0.44388439015882364,54,55,38.0,59.0,0.9625779625779626,0.0939015939015939,0.1912,470,2495,0.1,0.2,45
20,10,true,,0.09481681581895197,0.35006294675578,0.24827662003222623,14,16,2.0,19.0,0.8173790180148357,0.0,0.2904,471,2496,0.1,0.2,45
20,10,false,,0.19898474934859725,0.12773151586624543,-0.09890394414420195,8,16,1.0,19.0,0.36216056670602126,0.0,0.3024,472,2497,0.1,0.2,45
30,15,false,,0.1395417192778712,0.17301881934266586,0.06757705860727511,22,26,2.0,29.0,0.5800865800865801,0.0,0.2682,472,2497,0.1,0.2,45
40,20,false,,0.12604062362800367,0.15777087215089328,0.042949720560536864,30,36,5.049999999999997,39.0,0.6196422544718191,0.0,0.2658,472,2497,0.1,0.2,45
50,25,false,,0.15519151101856504,0.10624541370433124,-0.05827645767043518,13,6,2.0,47.0,0.24668989547038328,0.06933797909407666,0.2494,472,2497,0.1,0.2,45
60,30,false,,0.4358795059161408,0.10129918433918164,-0.33541047419502323,4,3,1.0,16.0,0.034519956850053934,0.0,0.1038,472,2497,0.1,0.2,45
20,10,false,,0.08779893231072887,0.18799261742982903,0.12062216289113376,13,16,2.0,19.0,0.6571840115232265,0.0,0.299,473,2498,0.1,0.2,45
30,15,true,,0.09185167713185732,0.23750433818579236,0.15731556087622742,21,26,2.0,29.0,0.8067424539396315,0.0,0.2918,473,2498,0.1,0.2,45
20,10,false,,0.06688659698400913,0.1193948897041948,0.06402665796787044,12,16,1.0,19.0,0.6549957301451751,0.0,0.1938,474,2499,0.1,0.2,45
30,15,false,,0.31327093220938484,0.05269599181230506,-0.26548921442348966,2,1,1.0,20.0,0.15935483870967743,0.0,0.062,474,2499,0.1,0.2,45
40,20,false,,0.7709283050184289,0.05320328123981431,-0.7093926870104544,1,1,1.0,4.0,0.0,0.0,0.0274,474,2499,0.1,0.2,45
50,25,false,,0.5060229677247228,0.060775415209492506,-0.45752179749999716,2,2,1.0,6.0,0.0,0.0,0.0298,474,2499,0.1,0.2,45
60,30,true,,0.06332159148921514,0.11678713074751472,0.06201948192565877,46,44,40.0,56.0,0.8848660391020999,0.666183924692252,0.0182,474,2499,0.1,0.2,45
20,10,false,,0.08830024805276372,0.1938159764123099,0.10840702495143363,14,16,1.0,19.0,0.6528458349038824,0.0,0.2594,475,2500,0.1,0.2,45
30,15,true,,0.09906749097990013,0.1773205266626196,0.08130940941470541,19,26,2.0,29.0,0.7233644859813084,0.0,0.2978,475,2500,0.1,0.2,45
20,10,false,,0.11075782927387014,0.6669732657326636,0.5524775275337815,16,17,4.1499999999999915,19.0,0.8749578699022582,0.0,0.2972,476,2501,0.1,0.2,45
30,15,false,,0.13076585934904064,0.11318683306766916,-0.027485112647308116,12,4,1.0,28.0,0.41116056145155766,0.0,0.287,476,2501,0.1,0.2,45
40,20,true,,0.11239117968103975,0.3354595560200525,0.21962465456004318,33,36,4.0,39.0,0.8092643051771117,0.0,0.2702,476,2501,0.1,0.2,45
20,10,false,,0.08663092731444212,0.3062467418731128,0.23120241293987048,15,17,1.0,19.0,0.6609547123623011,0.0,0.2314,477,2502,0.1,0.2,45
30,15,false,,0.13539792090424954,0.103856869604567,-0.057184825697289686,8,1,1.0,28.550000000000182,0.4146341463414634,0.0,0.2452,477,2502,0.1,0.2,45
40,20,false,,0.11786015528958825,0.13202616153362215,0.03473880721521383,21,35,1.0,38.0,0.5696898311739301,0.0,0.2722,477,2502,0.1,0.2,45
50,25,true,,0.1138316510454314,0.39641420117712106,0.28451601369256,44,45,31.0,49.0,0.8279360124853687,0.6238782676550917,0.2538,477,2502,0.1,0.2,45
20,10,true,,0.11634431842042275,0.2359602397513978,0.13284034961531166,13,16,3.0,19.0,0.7709757613424487,0.0,0.3124,478,2503,0.1,0.2,45
20,10,true,,0.06874492405474263,0.38358851796491245,0.3072474354855132,14,16,4.0,19.0,0.8896204492641363,0.0,0.2854,479,2504,0.1,0.2,45
20,10,false,,0.0935038540035768,0.5592529987622477,0.4585273317817917,16,17,2.0,19.0,0.8189300411522634,0.0,0.27,480,2505,0.1,0.2,45
30,15,false,,0.12238284714207827,0.10506119238114318,-0.014801899138760455,9,1,1.0,28.0,0.4638579099545642,0.0,0.2384,480,2505,0.1,0.2,45
40,20,false,,0.10942758231273082,0.1709092390423495,0.08001508488568977,26,36,2.0,39.0,0.6939163498098859,0.0,0.2692,480,2505,0.1,0.2,45
50,25,false,,0.14589533061024174,0.10497762830659081,-0.059566188749395704,9,2,1.0,46.0,0.34914689970869744,0.05659592176446109,0.2476,480,2505,0.1,0.2,45
60,30,false,,0.12178364056157229,0.12257405439411129,0.0035895839309484784,28,41,1.0,57.0,0.5262339681305869,0.1710066070734551,0.2688,480,2505,0.1,0.2,45
20,10,false,,0.19900250741280776,0.09749867393926999,-0.10443476192953141,4,1,1.0,19.0,0.3190704537071191,0.0,0.2148,481,2506,0.1,0.2,45
30,15,true,,0.10656311878428186,0.3430517104442312,0.23139547747548123,22,27,2.0,29.0,0.7993480622962694,0.0,0.281,481,2506,0.1,0.2,45
20,10,false,,0.06435366846659077,0.7083108991115239,0.6427075143076872,16,17,2.0,19.0,0.888937664618086,0.0,0.216,482,2507,0.1,0.2,45
30,15,true,,0.09518378878206848,0.3215267022967169,0.23549325330524923,23,25,2.0,29.0,0.7926879933527212,0.0,0.274,482,2507,0.1,0.2,45
20,10,true,,0.07641379974725877,0.24479534787461693,0.15835231848685344,14,16,2.0,19.0,0.7592800899887514,0.0,0.2858,483,2508,0.1,0.2,45
20,10,true,,0.08972838285200782,0.18519208332570594,0.10038452835309981,12,16,1.0,19.0,0.7126353790613719,0.0,0.2932,484,2509,0.1,0.2,45
20,10,false,,0.1677322907057734,0.1568209486820715,-0.012000903335958879,10,1,1.0,19.0,0.49063912201420273,0.0,0.284,485,2510,0.1,0.2,45
30,15,false,,0.13131786091785919,0.6525036414059157,0.5128212722141784,26,27,17.0,29.0,0.9266435986159169,0.0,0.2514,485,2510,0.1,0.2,45
40,20,true,,0.12948344655095578,0.2501680675589236,0.13079312142617855,33,36,2.0,39.0,0.7148423662770103,0.0,0.2376,485,2510,0.1,0.2,45
20,10,false,,0.17132577863951073,0.11996673004920083,-0.0693960399102493,8,4,1.0,19.0,0.33212341197822143,0.0,0.3188,486,2511,0.1,0.2,45
30,15,false,,0.14484902768064198,0.11957964764234132,-0.03280238674811639,10,4,1.0,28.0,0.4130948363145461,0.0,0.2956,486,2511,0.1,0.2,45
40,20,true,,0.12040003649726432,0.2623283193235979,0.14539501916772918,33,35,10.049999999999997,39.0,0.7463432037103104,0.0,0.2476,486,2511,0.1,0.2,45
20,10,false,,0.12454661517843255,0.11721914260794795,0.0031075624778214433,10,4,1.0,19.0,0.5063815108658158,0.0,0.279,487,2512,0.1,0.2,45
30,15,true,,0.08601408121381698,0.18539979379153385,0.09930255530495695,24,25,9.0,29.0,0.7122153209109731,0.0,0.2096,487,2512,0.1,0.2,45
20,10,false,,0.09957772341841496,0.31065098941924585,0.2171829449232589,15,17,2.0,19.0,0.7440807799442897,0.0,0.299,488,2513,0.1,0.2,45
30,15,true,,0.09691176656175204,0.3091704141753372,0.21063149388404379,24,26,7.850000000000001,29.0,0.8067594433399602,0.0,0.2856,488,2513,0.1,0.2,45
20,10,false,,0.25215962783107493,0.10476920261154314,-0.17155911105163976,5,1,1.0,18.0,0.22293423271500842,0.0,0.2732,489,2514,0.1,0.2,45
30,15,false,,0.11629599650054234,0.16422459085662847,0.06270344418739279,22,27,3.0,29.0,0.6058119658119658,0.0,0.265,489,2514,0.1,0.2,45
40,20,false,,0.13239859695523254,0.11584579098112108,-0.015798004843678284,27,2,1.0,39.0,0.4568755085435313,0.0,0.2186,489,2514,0.1,0.2,45
50,25,false,,0.12110658823956519,0.13177379173147338,0.026069745218890217,35,46,3.0,49.0,0.5665315149281238,0.3074087725764836,0.2458,489,2514,0.1,0.2,45
60,30,true,,0.12361301397356078,0.21529194652144093,0.1026028792691918,47,52,2.0,58.32499999999982,0.7607090103397341,0.1879615952732644,0.2276,489,2514,0.1,0.2,45
20,10,true,,0.1161277282306854,0.272755163465372,0.16948508894458159,13,16,2.0,19.0,0.8015552099533437,0.0,0.3268,490,2515,0.1,0.2,45
20,10,false,,0.12319866830391217,0.21820821000668003,0.11400678358807498,14,16,2.0,19.0,0.6636420525657072,0.0,0.301,491,2516,0.1,0.2,45
30,15,false,,0.12982720173171033,0.19242579215852287,0.09370370773298778,22,25,2.0,29.0,0.6638518999675219,0.0,0.2844,491,2516,0.1,0.2,45
40,20,false,,0.13179840269957527,0.23018442579524004,0.11917836496450837,33,36,1.0,39.0,0.6468543621828293,0.0,0.2426,491,2516,0.1,0.2,45
50,25,false,,0.12495808793229855,0.16720040301219852,0.05921076087473001,37,49,6.0,49.0,0.6503772906934963,0.30039525691699603,0.2476,491,2516,0.1,0.2,45
60,30,false,,0.2554977836278293,0.12040398460525356,-0.1338180804385302,5,1,1.0,21.0,0.21479039095619407,0.0,0.122,491,2516,0.1,0.2,45
20,10,false,,0.11529362074431172,0.11660911399172481,0.0029886548668227597,10,1,1.0,19.0,0.5048275862068966,0.0,0.2836,492,2517,0.1,0.2,45
30,15,false,,0.26292728104175433,0.08337566352302732,-0.18884349297380343,4,2,1.0,27.0,0.27450980392156865,0.0,0.2046,492,2517,0.1,0.2,45
40,20,false,,0.1397891606397161,0.0984378287249354,-0.05334616742220462,12,2,1.0,37.0,0.3436988543371522,0.0,0.2668,492,2517,0.1,0.2,45
50,25,true,,0.11254604131521696,0.32503938318732273,0.20986677866942566,44,47,27.0,49.0,0.8247126436781609,0.583743842364532,0.2698,492,2517,0.1,0.2,45
20,10,false,,0.14825229891293096,0.1623359135063527,0.015471643972673824,14,17,1.0,19.0,0.531230674087817,0.0,0.3214,493,2518,0.1,0.2,45
30,15,false,,0.13824299941963641,0.11198431525238722,-0.03520940234689205,14,4,1.0,28.0,0.3871811641595814,0.0,0.2768,493,2518,0.1,0.2,45
40,20,false,,0.12529552849913822,0.47532042000484914,0.3477719066676053,36,36,22.0,39.0,0.8812898653437279,0.0,0.2606,493,2518,0.1,0.2,45
50,25,false,,0.1260495669476819,0.10838957237619594,-0.023842405192209856,38,45,4.0,49.0,0.4274981217129977,0.36589030803906836,0.2224,493,2518,0.1,0.2,45
60,30,true,,0.12145706093764319,0.22290630076412113,0.09954826431819087,52,55,36.0,59.0,0.7195301027900147,0.19126284875183552,0.212,493,2518,0.1,0.2,45
20,10,false,,0.12745520522086742,0.1512808360414877,0.039840371563026666,12,16,1.0,19.0,0.5576736672051696,0.0,0.3016,494,2519,0.1,0.2,45
30,15,false,,0.10314246653335175,0.16742002318059174,0.07857673360410579,22,27,2.0,29.0,0.6081941129673827,0.0,0.2246,494,2519,0.1,0.2,45
40,20,false,,0.1337265980384765,0.11435423280818008,-0.02522021989786792,20,2,1.0,38.0,0.456394211967149,0.0,0.2832,494,2519,0.1,0.2,45
50,25,true,,0.11447164990521819,0.45184042679849634,0.3361818419336069,43,45,7.0,49.0,0.8339952343129468,0.5274027005559968,0.261,494,2519,0.1,0.2,45
20,10,true,,0.11364384876494894,0.3218466305072657,0.21998148501591286,13,15,1.0,19.0,0.7492426792325816,0.0,0.3134,495,2520,0.1,0.2,45
20,10,false,,0.11231414087287675,0.1100143118038062,0.00023843989056233916,8,1,1.0,18.0,0.5010460251046025,0.0,0.2536,496,2521,0.1,0.2,45
30,15,true,,0.1068229126382815,0.3910039025815392,0.28460189779717243,24,26,2.0,29.0,0.8365132809577254,0.0,0.2718,496,2521,0.1,0.2,45
20,10,false,,0.12236867701453533,0.1366990697396878,0.020582422767897804,8,1,1.0,19.0,0.559316464015774,0.0,0.291,497,2522,0.1,0.2,45
30,15,false,,0.14975304196036895,0.09790576370003135,-0.06381779487181743,8,1,1.0,28.0,0.3528272656855151,0.0,0.2748,497,2522,0.1,0.2,45
40,20,false,,0.5848876357704479,0.09634565373285732,-0.499971454256508,3,1,1.0,33.0,0.18285976168652612,0.0,0.1964,497,2522,0.1,0.2,45
50,25,false,,0.15379144105134246,0.11686318216353574,-0.0527077930129116,10,1,1.0,48.0,0.3940609951845907,0.14325842696629212,0.2342,497,2522,0.1,0.2,45
60,30,true,,0.12327226594797612,0.19095028755261315,0.08567857540132906,43,56,3.0,58.0,0.7421540656205421,0.22218259629101283,0.2528,497,2522,0.1,0.2,45
20,10,false,,0.13462202024155825,0.4120086922988855,0.2795328674828367,15,16,4.0,19.0,0.8019129898179574,0.0,0.302,498,2523,0.1,0.2,45
30,15,false,,0.1294260399115554,0.21863706902798977,0.10109035653220538,24,27,4.0,29.0,0.6077051926298157,0.0,0.2504,498,2523,0.1,0.2,45
40,20,false,,0.12322076382393055,0.15565606357123113,0.05155404618391561,28,36,3.0,39.0,0.6085734364019677,0.0,0.2594,498,2523,0.1,0.2,45
50,25,false,,0.12342211227980551,0.1158027707012889,-0.008528030837161596,20,4,1.8499999999999943,48.0,0.4725598526703499,0.20478821362799263,0.2354,498,2523,0.1,0.2,45
60,30,false,,,,,,,,,,,0.0002,498,2523,0.1,0.2,45
20,10,false,,0.04941433163405638,0.4597177727826396,0.4071822450611599,15,16,3.0,19.0,0.855493998153278,0.0,0.1572,499,2524,0.1,0.2,45
30,15,false,,0.11014717639655963,0.10802493601795815,0.003931133782522654,10,3,1.0,28.0,0.5111284654431862,0.0,0.2784,499,2524,0.1,0.2,45
40,20,true,,0.10612802471869319,0.2177721140711529,0.1257937291126301,29,36,5.0,39.0,0.7585536547433903,0.0,0.277,499,2524,0.1,0.2,45
20,10,true,,0.09622739411457928,0.257217758982931,0.16869673064848334,13,16,2.0,19.0,0.7986463620981388,0.0,0.2952,500,2525,0.1,0.2,45
20,10,false,,0.1347345653644945,0.15426524191327598,0.027247383861729424,13,14,1.0,19.0,0.5414467556659422,0.0,0.3124,501,2526,0.1,0.2,45
30,15,false,,0.1349179981606125,0.12481561572113627,-0.011375496860910064,17,3,1.0,29.0,0.47022796869683564,0.0,0.284,501,2526,0.1,0.2,45
40,20,true,,0.1299917722097197,0.3234513127620333,0.20444815627123933,32,36,1.0,39.0,0.7120400142908182,0.0,0.2622,501,2526,0.1,0.2,45
20,10,false,,0.14975341522624175,0.12353435604271029,-0.029927902821937524,9,17,1.0,19.0,0.44776599164255865,0.0,0.294,502,2527,0.1,0.2,45
30,15,false,,0.24645299775978863,0.07877674787317807,-0.1743459109934639,5,2,1.0,19.0,0.11289705319556066,0.0,0.2484,502,2527,0.1,0.2,45
40,20,false,,0.158132886595291,0.11247453943013885,-0.05004116653057424,8,4,1.0,38.0,0.4251379038613081,0.0,0.231,502,2527,0.1,0.2,45
50,25,false,,0.20398275972477062,0.09464651703389361,-0.11939323526060852,9,3,1.0,46.0,0.17832866853258697,0.07157137145141944,0.2646,502,2527,0.1,0.2,45
60,30,false,,0.184108993186935,0.10864407277523264,-0.08523769353499246,11,6,1.0,57.0,0.3434869739478958,0.08376753507014029,0.2004,502,2527,0.1,0.2,45
20,10,true,,0.1117523946135778,0.22333472435063953,0.1344119476388848,12,18,1.0,19.0,0.716,0.0,0.2926,503,2528,0.1,0.2,45
20,10,true,,0.1013110749116168,0.21751723717134047,0.11920571410885311,14,16,2.0,19.0,0.7027665317139001,0.0,0.3118,504,2529,0.1,0.2,45
20,10,false,,0.08604062548501139,0.24076643046847984,0.15311864791956725,14,16,1.0,19.0,0.6911532385466035,0.0,0.2552,505,2530,0.1,0.2,45
30,15,false,,0.11673429195705597,0.11350718619979344,-0.0028092788766076043,9,5,1.0,27.0,0.49285989965264376,0.0,0.2772,505,2530,0.1,0.2,45
40,20,true,,0.10615976236527622,0.5110421762889772,0.4007905980506107,34,37,3.0,39.0,0.8903225806451613,0.0,0.276,505,2530,0.1,0.2,45
20,10,false,,0.13588614655268788,0.13969924564689806,0.009501871123839545,11,17,1.0,19.0,0.5160075329566854,0.0,0.3142,506,2531,0.1,0.2,45
30,15,false,,0.11871398037359278,0.14498713631692856,0.04209617747482311,19,27,2.0,29.0,0.5888621519422482,0.0,0.2906,506,2531,0.1,0.2,45
40,20,true,,0.11628847941729274,0.3119524787216935,0.19860113354628883,32,34,7.0,39.0,0.7473002159827213,0.0,0.2596,506,2531,0.1,0.2,45
20,10,true,,0.141237453437065,0.3614812763794846,0.22469081952872777,13,15,2.0,19.0,0.8098303101228789,0.0,0.3372,507,2532,0.1,0.2,45
20,10,false,,0.0715402384537266,0.4482638039430625,0.3764057858470999,16,16,6.0,19.0,0.8552845528455284,0.0,0.2448,508,2533,0.1,0.2,45
30,15,false,,0.06323001388695047,0.39833692627701517,0.3234213502518361,26,25,15.0,29.0,0.9222520107238605,0.0,0.1198,508,2533,0.1,0.2,45
40,20,false,,0.19752414887791633,0.05720374906801527,-0.13981891012394793,3,1,1.0,8.0,0.10076923076923076,0.0,0.0426,508,2533,0.1,0.2,45
50,25,false,,0.0864295631498698,0.07494750815000444,-0.014917608572142381,8,3,1.0,28.0,0.3684879288437103,0.0,0.0492,508,2533,0.1,0.2,45
60,30,true,,0.0759126831799832,0.2067858806072573,0.1328673210805793,42,42,29.0,57.0,0.8407494145199064,0.3161592505854801,0.0168,508,2533,0.1,0.2,45
20,10,false,,0.12807588077552776,0.12807106931374307,0.003363146298287281,11,17,1.0,19.0,0.5097853535353535,0.0,0.2746,509,2534,0.1,0.2,45
30,15,false,,0.14398162345995022,0.10192843521779826,-0.05704250646954721,9,1,1.0,27.0,0.322992071699414,0.0,0.2792,509,2534,0.1,0.2,45
40,20,false,,0.23444965341495333,0.09387934268769876,-0.14262570467859148,5,2,1.0,36.0,0.20947947524333474,0.0,0.1816,509,2534,0.1,0.2,45
50,25,false,,0.11554545858404666,0.17815548020960859,0.06741279991779352,40,46,14.0,49.0,0.6745631067961165,0.4046601941747573,0.2626,509,2534,0.1,0.2,45
60,30,true,,0.11640585127545133,0.28470625312634995,0.15950343538515283,51,53,21.0,59.0,0.7904168289832489,0.2119205298013245,0.256,509,2534,0.1,0.2,45
20,10,false,,0.12047637745036309,0.17118652809560037,0.06176178478374639,12,16,1.0,19.0,0.6162005785920925,0.0,0.2948,510,2535,0.1,0.2,45
30,15,false,,0.13184269468150833,0.11199053279681384,-0.02355161347757169,10,1,1.0,28.0,0.43613138686131386,0.0,0.2656,510,2535,0.1,0.2,45
40,20,false,,0.20887724409335626,0.10109077550585176,-0.13671147366531816,7,3,1.0,38.0,0.31864274570982837,0.0,0.2212,510,2535,0.1,0.2,45
50,25,false,,0.1399617542548807,0.10048675550678458,-0.056587011839368304,21,1,1.0,43.0,0.2740056247488951,0.03615910004017678,0.214,510,2535,0.1,0.2,45
60,30,false,,0.14858597094802473,0.1008974181910353,-0.06311776038996403,17,4,1.0,52.0,0.26490825688073394,0.11697247706422019,0.1328,510,2535,0.1,0.2,45
20,10,false,,0.10120372258361443,0.17771944033019962,0.10441826243555302,12,1,1.0,19.0,0.6525082387403881,0.0,0.274,511,2536,0.1,0.2,45
30,15,false,,0.11350550221042588,0.09987203744296144,-0.008928151125890876,9,1,1.0,29.0,0.48068669527896996,0.0,0.2204,511,2536,0.1,0.2,45
40,20,false,,0.1267927289527846,0.10687614084086787,-0.023184254787582376,13,1,1.0,34.0,0.4337078651685393,0.0,0.2888,511,2536,0.1,0.2,45
50,25,true,,0.114396815134917,0.4077388666733451,0.29127218917830966,44,47,33.0,49.0,0.8354978354978355,0.6556473829201102,0.2674,511,2536,0.1,0.2,45
20,10,true,,0.10104870734655762,0.24667488661340045,0.16790764849469506,14,16,1.0,19.0,0.719805081796032,0.0,0.2886,512,2537,0.1,0.2,45
20,10,true,,0.1448322280253687,0.24204888475250214,0.14577400456515946,14,16,1.0,19.0,0.7047371836469825,0.0,0.2962,513,2538,0.1,0.2,45
20,10,false,,0.13975673698406754,0.1159697956580489,-0.021501770750941673,8,2,1.0,19.0,0.46041454298335033,0.0,0.2828,514,2539,0.1,0.2,45
30,15,false,,0.12980612325896762,0.12588349482824612,0.0038207958373324413,14,1,1.0,29.0,0.5117605131860299,0.0,0.274,514,2539,0.1,0.2,45
40,20,false,,0.11924809346685492,0.14715403007282446,0.04156096695699306,30,35,2.0,39.0,0.5847488254427178,0.0,0.27,514,2539,0.1,0.2,45
50,25,false,,0.15284398540883715,0.11306552686084684,-0.04897739770622774,11,3,1.0,39.0,0.3026364649090234,0.008169327887114742,0.2496,514,2539,0.1,0.2,45
60,30,false,,0.12474620104719,0.15009913004335482,0.04167200826632818,31,55,4.0,58.0,0.6599362380446334,0.09032943676939426,0.229,514,2539,0.1,0.2,45
20,10,true,,0.1037289722667289,0.21692967404088473,0.13935056659591533,11,16,1.0,19.0,0.7319856537332898,0.0,0.3234,515,2540,0.1,0.2,45
20,10,false,,0.3918018785228567,0.07942051380665424,-0.3140664395323578,3,1,1.0,17.0,0.21635883905013192,0.0,0.253,516,2541,0.1,0.2,45
30,15,false,,0.10748394355666005,0.12699386889186004,0.022489338276289225,18,24,1.0,29.0,0.5704821494295178,0.0,0.2838,516,2541,0.1,0.2,45
40,20,false,,0.20567202688038239,0.10067257106047968,-0.11559952528464876,5,1,1.0,36.52500000000009,0.3110619469026549,0.0,0.2086,516,2541,0.1,0.2,45
50,25,true,,0.10808273216241741,0.5792105592677694,0.4767605641749953,43,45,29.0,49.0,0.8411297440423654,0.5745807590467784,0.2198,516,2541,0.1,0.2,45
20,10,false,,0.11013545478243067,0.13278804464039476,0.032348185371307056,12,12,2.0,19.0,0.6117905299466918,0.0,0.3336,517,2542,0.1,0.2,45
30,15,true,,0.11441717536682247,0.24224667682082468,0.13622758950457253,22,26,4.0,29.0,0.742000673627484,0.0,0.2778,517,2542,0.1,0.2,45
20,10,false,,0.15763522944096434,0.17784982702103996,0.03831532581834651,12,2,1.0,19.0,0.5203426124197003,0.0,0.227,518,2543,0.1,0.2,45
30,15,false,,0.2053392843668443,0.11661459032534373,-0.11046786247099,4,1,1.0,27.574999999999818,0.33559066967644846,0.0,0.2222,518,2543,0.1,0.2,45
40,20,false,,0.1213793075103048,0.1487348970908374,0.0355068576991662,29,37,6.0,39.0,0.6278182448838016,0.0,0.2762,518,2543,0.1,0.2,45
50,25,true,,0.12074889202521834,0.3732398467870971,0.250989278284077,43,46,3.049999999999997,49.0,0.7877412031782066,0.48051456678017407,0.2378,518,2543,0.1,0.2,45
20,10,true,,0.08295336532327717,0.3303323383773754,0.26664191697704653,12,13,3.0,19.0,0.8476732507532642,0.0,0.3292,519,2544,0.1,0.2,45
20,10,false,,0.13736068281652059,0.1562477640405443,0.03103974948158164,8,4,1.0,19.0,0.5858858858858859,0.0,0.3276,520,2545,0.1,0.2,45
30,15,false,,0.1562287707477407,0.11267764090335955,-0.051681049244399396,11,3,1.0,27.0,0.3237795275590551,0.0,0.2928,520,2545,0.1,0.2,45
40,20,false,,0.12828851617339448,0.109437188720818,-0.025527484048010335,20,34,1.0249999999999915,38.0,0.42469225199131067,0.0,0.2502,520,2545,0.1,0.2,45
50,25,false,,0.1401495461586084,0.11009573608889517,-0.054548091725093256,23,3,1.0,48.0,0.3501506024096386,0.17620481927710843,0.2356,520,2545,0.1,0.2,45
60,30,false,,0.32479078693758556,0.1130786217450395,-0.20793641151768713,4,2,1.0,22.0,0.12812872467222886,0.0,0.0968,520,2545,0.1,0.2,45
20,10,false,,0.11818539041144766,0.16141621613674584,0.058038752120338044,12,16,1.0,19.0,0.603253652058433,0.0,0.3082,521,2546,0.1,0.2,45
30,15,false,,0.1152167312323921,0.26094574732971787,0.1540303283974052,22,26,2.0,29.0,0.691785471826205,0.0,0.2838,521,2546,0.1,0.2,45
40,20,false,,0.22144531388244604,0.10153770601533847,-0.13834632125395024,6,1,1.0,38.0,0.2990766760337214,0.0,0.219,521,2546,0.1,0.2,45
50,25,false,,0.11314129857695075,0.48192974875276545,0.3579570214338428,45,46,8.0,49.0,0.8969236915701159,0.6604075109868158,0.2464,521,2546,0.1,0.2,45
60,30,true,,0.11910676139134521,0.6281602649873606,0.5047068669445246,54,56,42.0,59.0,0.917660638707195,0.1250480954213159,0.227,521,2546,0.1,0.2,45
20,10,false,,0.09341993372414424,0.3598760146501229,0.25307878399995476,14,16,1.0,19.0,0.687328364064339,0.0,0.2544,522,2547,0.1,0.2,45
30,15,false,,0.11196219038199726,0.15428748186460992,0.055053522345911904,19,26,1.0,29.0,0.6272661348803481,0.0,0.2818,522,2547,0.1,0.2,45
40,20,false,,0.12926775942762972,0.2290421841800563,0.11704055919783735,26,2,1.0,39.0,0.601670146137787,0.0,0.2386,522,2547,0.1,0.2,45
50,25,true,,0.11501772704303873,0.2962353922748067,0.18333871751483855,43,46,18.0,49.0,0.7641105488516933,0.5729855975087583,0.2572,522,2547,0.1,0.2,45
20,10,false,,0.1393591893716096,0.21497107760823356,0.09575103876846654,14,16,2.0,19.0,0.6733698964046313,0.0,0.3206,523,2548,0.1,0.2,45
30,15,false,,0.12436119988678884,0.12012902692486682,-0.0025207129922851373,21,25,2.0,29.0,0.49328859060402686,0.0,0.2784,523,2548,0.1,0.2,45
40,20,false,,0.19237395157168125,0.10099503143231159,-0.10682234047126637,6,1,1.0,38.0,0.33361204013377926,0.0,0.2236,523,2548,0.1,0.2,45
50,25,false,,0.27032239760076116,0.07974868890340078,-0.18552792590038547,5,3,1.0,18.0,0.05310129406514949,0.0,0.1506,523,2548,0.1,0.2,45
60,30,false,,0.11842977135259988,0.15027853047520343,0.03409604648290439,42,54,15.0,58.0,0.6045867931988929,0.1763542902332938,0.257,523,2548,0.1,0.2,45
20,10,false,,0.12182998267285022,0.12381509404156686,-0.004290165119991224,10,1,1.0,19.0,0.49418386491557226,0.0,0.2172,524,2549,0.1,0.2,45
30,15,false,,0.17512616501580716,0.0971077765675748,-0.0937655934853324,6,1,1.0,28.0,0.29623944742901,0.0,0.2692,524,2549,0.1,0.2,45
40,20,true,,0.10393019744085452,0.2540259739037456,0.1464829451659273,33,37,19.0,39.0,0.7332526230831315,0.0,0.2278,524,2549,0.1,0.2,45
20,10,false,,0.16322225463928564,0.09097535555373476,-0.09577768206145816,5,1,1.0,18.0,0.3758578926120307,0.0,0.2478,525,2550,0.1,0.2,45
30,15,true,,0.09522367695231408,0.2143492459798051,0.13363424192144718,21,26,3.0,29.0,0.8491557223264541,0.0,0.3048,525,2550,0.1,0.2,45
20,10,false,,0.13336401572309442,0.12964232572558976,0.0036068608853584982,8,2,1.0,19.0,0.5047716428084527,0.0,0.2822,526,2551,0.1,0.2,45
30,15,true,,0.1000882949047612,0.26353286636087847,0.1680452829480636,23,25,2.0,29.0,0.7538402457757296,0.0,0.2796,526,2551,0.1,0.2,45
20,10,false,,0.10835593033251993,0.15137766672999953,0.0442956854444968,10,15,1.0,19.0,0.5985205110961668,0.0,0.3036,527,2552,0.1,0.2,45
30,15,false,,0.3724018949643782,0.08693362332226566,-0.28903886279974056,3,1,1.0,27.0,0.16323096339924276,0.0,0.2216,527,2552,0.1,0.2,45
40,20,false,,0.15013878693256463,0.11559685555239219,-0.037477001050588724,6,4,1.0,38.0,0.41198501872659177,0.0,0.2354,527,2552,0.1,0.2,45
50,25,false,,0.12027800713060784,0.17119927533682552,0.06891142083881668,37,46,1.0,49.0,0.6444704049844237,0.36682242990654207,0.2258,527,2552,0.1,0.2,45
60,30,true,,0.12080267442550573,0.24915762390420754,0.12798976636786225,53,56,33.0,59.0,0.7804602036967182,0.14635986420218786,0.2374,527,2552,0.1,0.2,45
20,10,false,,0.08110304290759592,0.14453441513626752,0.073259025647049,14,16,1.0,19.0,0.6612784717119765,0.0,0.29,528,2553,0.1,0.2,45
30,15,false,,0.09849556421291078,0.17108603011129583,0.10265013543949354,18,27,1.0,29.0,0.6828342471530999,0.0,0.2514,528,2553,0.1,0.2,45
40,20,false,,0.16546051104961,0.09770048656272022,-0.07573895145268147,6,3,1.0,36.84999999999991,0.28910333735424204,0.0,0.2716,528,2553,0.1,0.2,45
50,25,true,,0.11150373648104676,0.3558509916999695,0.243106070875737,42,45,23.0,49.0,0.8052610914801728,0.5041224970553593,0.2682,528,2553,0.1,0.2,45
20,10,false,,0.14078203432910835,0.2489096789688317,0.14889935779496788,14,17,1.0,19.0,0.688135593220339,0.0,0.287,529,2554,0.1,0.2,45
30,15,false,,0.12212689871977389,0.1637416818166915,0.05742187369629405,23,25,2.0,29.0,0.6316316316316316,0.0,0.2768,529,2554,0.1,0.2,45
40,20,false,,0.30401688909007035,0.08922125514925393,-0.22781613372150689,5,3,1.0,30.0,0.14273719563392107,0.0,0.1986,529,2554,0.1,0.2,45
50,25,true,,0.10787617858432673,0.4883158751190302,0.36301053097193636,44,46,7.550000000000004,49.0,0.760879523591388,0.5318369216674301,0.1858,529,2554,0.1,0.2,45
20,10,false,,0.17064308355401783,0.13782513251335482,-0.04055940525006535,9,3,1.0,19.0,0.43505091021289727,0.0,0.3212,530,2555,0.1,0.2,45
30,15,false,,0.5856892788933593,0.08324948728592602,-0.4991433128915747,3,2,1.0,16.0,0.08784346378018318,0.0,0.1816,530,2555,0.1,0.2,45
40,20,false,,0.11487124710180562,0.1685733673840582,0.058165380185597276,29,35,5.0,39.0,0.6410835214446953,0.0,0.27,530,2555,0.1,0.2,45
50,25,false,,0.124945111932003,0.1850205314008818,0.07100374424337143,37,44,2.0,48.0,0.6120689655172413,0.3287617554858934,0.2534,530,2555,0.1,0.2,45
60,30,true,,0.11810698230814363,0.6756129046331159,0.5547415624595414,54,58,41.0,59.0,0.96878612716763,0.1416184971098266,0.1304,530,2555,0.1,0.2,45
20,10,false,,0.0856805484355435,0.5300258019625804,0.44378670323806957,15,16,3.0,19.0,0.9162011173184358,0.0,0.2896,531,2556,0.1,0.2,45
30,15,false,,0.11332234004399071,0.11802603082632185,0.004535761137786559,12,2,1.0,28.0,0.5147167034584254,0.0,0.292,531,2556,0.1,0.2,45
40,20,false,,0.10417177877927922,0.15002452096705496,0.05208212621402987,29,35,6.650000000000006,39.0,0.6573593936976466,0.0,0.2708,531,2556,0.1,0.2,45
50,25,false,,0.11901422635614263,0.16056985946809102,0.05614277345022482,35,46,2.0,49.0,0.6184157619622035,0.2987535182951347,0.2646,531,2556,0.1,0.2,45
60,30,false,,0.1851438202852514,0.1054369083117758,-0.08493447011323571,8,3,1.0,29.0,0.263258480649785,0.0,0.1654,531,2556,0.1,0.2,45
20,10,false,,0.13098181504474904,0.51915741813169,0.40381497097444474,16,17,2.0,19.0,0.81683327958723,0.0,0.284,532,2557,0.1,0.2,45
30,15,false,,0.11102321029002052,0.16179804086679264,0.07887368288447558,21,26,2.0,29.0,0.5810865191146881,0.0,0.225,532,2557,0.1,0.2,45
40,20,true,,0.1081039397297287,0.3006506003258315,0.1897577822827067,34,35,14.0,39.0,0.715674362089915,0.0,0.2506,532,2557,0.1,0.2,45
20,10,true,,0.10554188235468759,0.2680626491178257,0.16346493208413032,14,16,2.0,19.0,0.766832504145937,0.0,0.313,533,2558,0.1,0.2,45
20,10,false,,0.12403368215706422,0.16270850900853445,0.05834663814231876,14,16,1.0,19.0,0.5897932816537468,0.0,0.294,534,2559,0.1,0.2,45
30,15,false,,0.11293913805060517,0.17412201519734558,0.06649566534492699,24,25,5.0,29.0,0.6494133885438234,0.0,0.2814,534,2559,0.1,0.2,45
40,20,false,,0.1966382870823533,0.09215658719970084,-0.12175947345165501,7,2,1.0,37.0,0.2524630541871921,0.0,0.2102,534,2559,0.1,0.2,45
50,25,false,,0.12409284568986641,0.12851630425745303,0.006910645170191659,27,47,2.0,49.0,0.5209140201394268,0.2064291247095275,0.263,534,2559,0.1,0.2,45
60,30,false,,0.23236590143705355,0.10898962322835816,-0.1312863282224733,5,2,1.0,23.0,0.2227116984826236,0.0,0.1468,534,2559,0.1,0.2,45
20,10,false,,0.08923560755396923,0.4818345408557686,0.3751476008655467,15,16,3.3499999999999943,19.0,0.8486678507992895,0.0,0.3036,535,2560,0.1,0.2,45
30,15,false,,0.12145832311260468,0.1201287433848496,0.003734609597441124,12,4,1.0,28.0,0.505965697240865,0.0,0.2836,535,2560,0.1,0.2,45
40,20,false,,0.11055687426366584,0.12272021593883062,0.04020176105590142,19,36,1.0,39.0,0.5785837651122625,0.0,0.2216,535,2560,0.1,0.2,45
50,25,false,,0.1365124852128777,0.08782557527404228,-0.06085414015623111,10,4,1.0,41.0,0.2968523002421308,0.021791767554479417,0.1452,535,2560,0.1,0.2,45
60,30,false,,0.37809186328205074,0.08700448010845326,-0.29140447004375625,3,2,1.0,15.0,0.11936036550542548,0.0,0.0872,535,2560,0.1,0.2,45
20,10,false,,0.09400493621725352,0.4741526771020278,0.3840552454260259,15,17,1.0,19.0,0.7153965785381027,0.0,0.2506,536,2561,0.1,0.2,45
30,15,true,,0.10182601097327604,0.508432695264357,0.4127459186247632,24,26,1.0,29.0,0.7743097238895558,0.0,0.2612,536,2561,0.1,0.2,45
20,10,false,,0.09669668842629364,0.42300744184477995,0.351629044030748,15,17,1.0,19.0,0.7223264540337712,0.0,0.261,537,2562,0.1,0.2,45
30,15,false,,0.1470090056638912,0.09164818768096139,-0.06246921415539676,8,2,1.0,28.0,0.339171974522293,0.0,0.2748,537,2562,0.1,0.2,45
40,20,false,,0.13449255345365282,0.10178507749387287,-0.036232374315903995,11,3,1.0,35.0,0.37173825772782015,0.0,0.2728,537,2562,0.1,0.2,45
50,25,false,,0.16108133893153465,0.11577990277275019,-0.05671719425869254,8,5,1.0,49.0,0.42363112391930835,0.24083985179086043,0.235,537,2562,0.1,0.2,45
60,30,true,,0.11940000454913523,0.21385826486343193,0.09422312927544352,49,56,23.0,58.0,0.7959658650116369,0.19200930954228085,0.2058,537,2562,0.1,0.2,45
20,10,false,,0.13941929384227233,0.12073336261120447,-0.02333362454786113,8,3,1.0,19.0,0.45277600510529675,0.0,0.3172,538,2563,0.1,0.2,45
30,15,false,,0.11232768340250207,0.12907542782218312,0.03066980184884359,21,27,2.0,29.0,0.5555977229601518,0.0,0.2672,538,2563,0.1,0.2,45
40,20,false,,0.12397438616007891,0.08213882491205328,-0.04756920998472508,13,14,1.0,37.0,0.32792061344158774,0.0,0.1846,538,2563,0.1,0.2,45
50,25,false,,0.11927854121152001,0.08772732382422414,-0.03611686774478544,19,6,3.0,48.0,0.37274939172749394,0.13965936739659368,0.1496,538,2563,0.1,0.2,45
60,30,true,,0.09719180008702825,0.17404546515576721,0.07436617678595508,53,53,42.0,59.0,0.7729007633587787,0.17891221374045801,0.1302,538,2563,0.1,0.2,45
20,10,false,,0.09136572464776724,0.14861954751763884,0.08712699209690733,13,17,1.0,19.0,0.6768720029509406,0.0,0.296,539,2564,0.1,0.2,45
30,15,false,,0.09577688455990241,0.09352125597824942,0.001004494074076212,14,2,1.0,28.0,0.5035971223021583,0.0,0.2136,539,2564,0.1,0.2,45
40,20,false,,0.4584044836103481,0.06806628094509828,-0.39863890827228876,3,1,1.0,9.0,0.12114152591729761,0.0,0.0902,539,2564,0.1,0.2,45
50,25,false,,0.13780266125754634,0.081107661687579,-0.06918751353548247,5,2,1.0,45.0,0.2692523889825745,0.06857785272625071,0.0946,539,2564,0.1,0.2,45
60,30,false,,0.08554916255979102,0.09290108639973114,-0.0037278855308415654,38,58,16.0,59.0,0.4861612515042118,0.08844765342960288,0.0842,539,2564,0.1,0.2,45
20,10,false,,0.10666614620517086,0.1889394758178974,0.10123936559505547,14,18,2.0,19.0,0.6863716814159292,0.0,0.2842,540,2565,0.1,0.2,45
30,15,false,,0.11633620893018042,0.18297526204003386,0.08707851215705797,16,25,2.0,29.0,0.6898540889039702,0.0,0.2742,540,2565,0.1,0.2,45
40,20,false,,0.1956764033353943,0.10012106689412872,-0.09802077307682677,6,1,1.0,27.0,0.24979389942291838,0.0,0.2412,540,2565,0.1,0.2,45
50,25,false,,0.25338587170469173,0.09681856535228153,-0.16618455822973835,6,3,1.0,22.0,0.14555145551455514,0.0,0.2254,540,2565,0.1,0.2,45
60,30,true,,0.11765222836379736,0.4223764063445413,0.31287717049674346,52,57,24.0,59.0,0.8519121236777868,0.14605370219690805,0.255,540,2565,0.1,0.2,45
20,10,false,,0.06526868376225184,0.10998735422963704,0.04443525073441046,12,15,1.0,19.0,0.6230434782608696,0.0,0.19,541,2566,0.1,0.2,45
30,15,false,,0.11871172879834001,0.09002718569650696,-0.028051215449743296,8,3,1.0,26.0,0.4222873900293255,0.0,0.2608,541,2566,0.1,0.2,45
40,20,false,,0.10479664980663939,0.12197355547571624,0.026008009363939835,24,32,1.0,38.0,0.5783549783549784,0.0,0.1962,541,2566,0.1,0.2,45
50,25,false,,0.09365980353912365,0.3006783420625201,0.2027378336186936,45,48,35.0,49.0,0.845771144278607,0.690547263681592,0.147,541,2566,0.1,0.2,45
60,30,false,,0.09999408035511494,0.14027098367116947,0.04245513202251204,50,48,22.0,59.0,0.6190248565965584,0.1959847036328872,0.1298,541,2566,0.1,0.2,45
20,10,false,,0.1418052612041929,0.11334401238373074,-0.04062594810666861,7,3,1.0,18.0,0.4156967076820752,0.0,0.292,542,2567,0.1,0.2,45
30,15,true,,0.10530815675213284,0.273424705941738,0.17639013019168448,23,26,9.0,29.0,0.8235904531304047,0.0,0.3064,542,2567,0.1,0.2,45
20,10,false,,0.08403915551508359,0.20414194993125162,0.13691881987496887,15,18,1.0,19.0,0.687548942834769,0.0,0.243,543,2568,0.1,0.2,45
30,15,false,,0.13982091378935424,0.10768644544898054,-0.045492752713628584,8,2,1.0,28.0,0.4020692115590439,0.0,0.2794,543,2568,0.1,0.2,45
40,20,false,,0.13970502965109544,0.11329484859644329,-0.03213948093872469,7,3,1.0,25.0,0.4173076923076923,0.0,0.2672,543,2568,0.1,0.2,45
50,25,false,,0.12220483147488052,0.17557399713862443,0.06838066546368834,36,44,3.0,49.0,0.6437784522003035,0.3213201820940819,0.258,543,2568,0.1,0.2,45
60,30,true,,0.12241444766727652,0.3486206982246538,0.21904344115585295,49,54,27.52499999999999,58.0,0.8749074759437454,0.1780162842339008,0.1916,543,2568,0.1,0.2,45
20,10,false,,0.12939611044874444,0.1608033822582526,0.04170414579264621,10,13,1.0,19.0,0.614741406008052,0.0,0.324,544,2569,0.1,0.2,45
30,15,true,,0.11745031949938448,0.35321908552849574,0.22595750509606644,24,26,4.0,29.0,0.7429938482570062,0.0,0.2892,544,2569,0.1,0.2,45
20,10,false,,0.06878438147651343,0.15681418071244657,0.0948860339923688,14,16,1.0,19.0,0.6953671328671329,0.0,0.198,545,2570,0.1,0.2,45
30,15,false,,0.11985207065258029,0.10815555112454477,0.021937862269692465,15,1,1.0,29.0,0.5176304654442877,0.0,0.1982,545,2570,0.1,0.2,45
40,20,true,,0.10826776349192405,0.28982758822685717,0.1910448661655898,30,35,4.0,39.0,0.7581227436823105,0.0,0.2838,545,2570,0.1,0.2,45
20,10,false,,0.1648906342234589,0.15489994351645361,-0.013533677126740196,9,3,1.0,19.0,0.4866277282508454,0.0,0.3108,546,2571,0.1,0.2,45
30,15,false,,0.14580872808492468,0.1450517500270207,0.0026595624983269117,20,26,2.0,29.0,0.5053798500163026,0.0,0.2768,546,2571,0.1,0.2,45
40,20,false,,0.1298825974380281,0.13760935666478624,0.021450536417955773,28,38,5.0,39.0,0.5529845741113347,0.0,0.2616,546,2571,0.1,0.2,45
50,25,false,,0.6519737825409653,0.10290869197099237,-0.5392198258799641,3,2,1.0,20.0,0.05312767780634105,0.0,0.164,546,2571,0.1,0.2,45
60,30,false,,0.14381167935252578,0.11852379586699772,-0.04056249372511017,12,4,1.0,58.0,0.3667536339918002,0.045471487141259787,0.2094,546,2571,0.1,0.2,45
20,10,false,,0.13126644211732175,0.17211351120216128,0.05051299998119513,13,16,2.0,19.0,0.6115544206830514,0.0,0.2766,547,2572,0.1,0.2,45
30,15,true,,0.11693966867644445,0.4873419973633793,0.3652826319687432,24,26,4.0,29.0,0.8689087165408373,0.0,0.2686,547,2572,0.1,0.2,45
20,10,true,,0.10256861885424068,0.2120817234783728,0.11265735256670775,13,16,1.0,19.0,0.7246138678935261,0.0,0.3102,548,2573,0.1,0.2,45
20,10,false,,0.09328458910134113,0.1555961761037487,0.07817865891241875,13,17,3.0,19.0,0.6443674176776429,0.0,0.2756,549,2574,0.1,0.2,45
30,15,false,,0.558486286094157,0.05559333208915804,-0.501155076236982,2,1,1.0,24.0,0.07245604688332445,0.0,0.1378,549,2574,0.1,0.2,45
40,20,false,,0.13133633424855534,0.08207571893291482,-0.05065972443266238,16,16,3.0,37.0,0.3105773282764433,0.0,0.2518,549,2574,0.1,0.2,45
50,25,false,,0.12212118564910149,0.11509836401595597,-0.010364499584809617,22,41,1.0,48.0,0.45271966527196655,0.13389121338912133,0.2654,549,2574,0.1,0.2,45
60,30,true,,0.11469070656183096,0.17797431660335922,0.06439505958668254,43,55,23.0,59.0,0.7011494252873564,0.15299246928260007,0.2566,549,2574,0.1,0.2,45
20,10,false,,0.07193521692359539,0.0694024179464915,-0.001461914439200629,9,6,1.0,19.0,0.49279538904899134,0.0,0.2112,550,2575,0.1,0.2,45
30,15,false,,0.08623988465560652,0.06745181939426032,-0.03036119105887801,15,2,1.0,27.125,0.4160839160839161,0.0,0.0758,550,2575,0.1,0.2,45
40,20,false,,0.06688473215016366,0.12763185833186308,0.07197506834538864,28,1,1.0,38.0,0.6141078838174274,0.0,0.0474,550,2575,0.1,0.2,45
50,25,false,,0.7690441200473054,0.0540387297550602,-0.7177114450347295,1,1,1.0,3.0,0.0,0.0,0.0198,550,2575,0.1,0.2,45
60,30,true,,0.06659320751694803,0.21001216621131566,0.1443351263645002,52,47,42.0,58.0,0.8773281952472703,0.357096981374438,0.0258,550,2575,0.1,0.2,45
20,10,false,,0.11249205779787624,0.10420091245358172,-0.011417836784288676,11,18,1.0,19.0,0.4583041345480028,0.0,0.2928,551,2576,0.1,0.2,45
30,15,false,,0.12172308194166799,0.1505626943588761,0.05838006805792141,12,1,1.0,29.0,0.6070150322118826,0.0,0.299,551,2576,0.1,0.2,45
40,20,true,,0.10990622167164507,0.31136440399496945,0.2037608478653829,34,36,15.0,39.0,0.8227220739611132,0.0,0.2396,551,2576,0.1,0.2,45
20,10,true,,0.09514181481380388,0.23743596624952218,0.1628673442662076,14,15,1.0,19.0,0.7197244379985497,0.0,0.284,552,2577,0.1,0.2,45
20,10,false,,0.11500043864115253,0.14162729023197296,0.042336400648372435,11,1,1.0,19.0,0.5590225563909774,0.0,0.254,553,2578,0.1,0.2,45
30,15,true,,0.08725585037375877,0.34072510670971207,0.26386880896119397,23,26,2.0,29.0,0.7765217391304348,0.0,0.2156,553,2578,0.1,0.2,45
20,10,false,,0.0947231399384198,0.12565584268195162,0.035915813352818876,11,12,1.0,19.0,0.5782828282828283,0.0,0.2904,554,2579,0.1,0.2,45
30,15,false,,0.09512787961405426,0.0989813293180771,0.007560291572769677,11,3,1.0,26.0,0.5222902097902098,0.0,0.2132,554,2579,0.1,0.2,45
40,20,false,,0.08938186907751922,0.09335824827138703,0.010423418847481866,20,21,2.2250000000000014,35.77500000000009,0.538755980861244,0.0,0.1702,554,2579,0.1,0.2,45
50,25,true,,0.08741107281183381,0.24462778204126645,0.15724534506538537,44,47,19.750000000000007,49.0,0.8257303946694003,0.637109174782163,0.1098,554,2579,0.1,0.2,45
20,10,false,,0.14877342408893726,0.18885010846899422,0.0635139149626475,14,17,1.0,19.0,0.5601915184678523,0.0,0.2796,555,2580,0.1,0.2,45
30,15,false,,0.14007338695889834,0.0869185301687316,-0.06373270738670667,12,4,2.0,28.0,0.3161764705882353,0.0,0.2536,555,2580,0.1,0.2,45
40,20,false,,0.13079123562504924,0.1116618133322487,-0.021602861630976203,23,34,2.0,38.0,0.4426656738644825,0.0,0.2664,555,2580,0.1,0.2,45
50,25,false,,0.11865707349668661,0.25412786256178677,0.14902542986550057,43,47,2.0,49.0,0.6773789649415692,0.5125208681135225,0.2438,555,2580,0.1,0.2,45
60,30,true,,0.11576563744656429,0.6275423110808029,0.5053604321579435,54,56,39.0,59.0,0.9719626168224299,0.08655018285249898,0.2368,555,2580,0.1,0.2,45
20,10,false,,0.11725124112014748,0.16918489461724315,0.07177475739214587,11,16,2.0,19.0,0.66354556803995,0.0,0.314,556,2581,0.1,0.2,45
30,15,false,,0.14511350950384916,0.09376523541705364,-0.060363099000383835,8,2,1.0,25.0,0.3202494497432135,0.0,0.2422,556,2581,0.1,0.2,45
40,20,false,,0.12007896015119553,0.11832874415780611,0.004076872829718234,24,37,2.0,39.0,0.5152517456817347,0.0,0.2788,556,2581,0.1,0.2,45
50,25,true,,0.11423360485050266,0.237585811017796,0.12460816611887028,43,46,27.0,49.0,0.7135029354207436,0.55146771037182,0.2454,556,2581,0.1,0.2,45
20,10,false,,0.10029272945112588,0.4862563606292196,0.38655101811377757,15,16,2.0,19.0,0.8007467752885268,0.0,0.2862,557,2582,0.1,0.2,45
30,15,false,,0.11843661428068455,0.3180942359332505,0.20914786845380912,25,26,12.0,29.0,0.8218352310783658,0.0,0.2924,557,2582,0.1,0.2,45
40,20,false,,0.11977247250241695,0.10739281433214952,-0.013160159656720613,26,28,3.549999999999997,38.0,0.4423284225655767,0.0,0.2588,557,2582,0.1,0.2,45
50,25,false,,0.33128221477760045,0.1046471840850183,-0.225004726536078,4,2,1.0,26.0,0.17799490229396772,0.0,0.2158,557,2582,0.1,0.2,45
60,30,false,,0.12299291892465213,0.15061045384330166,0.03795864655319647,34,54,5.0,58.0,0.6360179744210163,0.10992049775319737,0.208,557,2582,0.1,0.2,45
20,10,false,,0.10141007339811654,0.42319182076271494,0.32129785838284464,15,16,1.0,19.0,0.7586830680173662,0.0,0.2826,558,2583,0.1,0.2,45
30,15,false,,0.17264261892796873,0.11461171318869413,-0.07023274695251083,6,1,1.0,24.0,0.38501102130786186,0.0,0.257,558,2583,0.1,0.2,45
40,20,false,,0.13827342660279718,0.1421874221558148,0.018064721445914207,11,2,1.0,39.0,0.5272657450076805,0.0,0.2466,558,2583,0.1,0.2,45
50,25,false,,0.15520119931206752,0.0984014147019468,-0.06629045452136997,9,3,1.0,36.47499999999991,0.22336911643270024,0.018166804293971925,0.2192,558,2583,0.1,0.2,45
60,30,false,,0.15598676652838736,0.10742373411139529,-0.051670602495484434,9,5,1.0,36.0,0.29252782193958665,0.0,0.2168,558,2583,0.1,0.2,45
20,10,false,,0.11916693753550003,0.18108815439014966,0.08808534132317225,13,16,1.0,19.0,0.6038203042094092,0.0,0.2788,559,2584,0.1,0.2,45
30,15,true,,0.11159523025384385,0.2824414536654183,0.1669757636799974,23,27,4.0,29.0,0.7787307032590052,0.0,0.2886,559,2584,0.1,0.2,45
20,10,false,,0.10250366026961914,0.5045429457610493,0.40135543249875044,15,17,4.0,19.0,0.8389858412907475,0.0,0.3018,560,2585,0.1,0.2,45
30,15,false,,0.12266509185758769,0.13403833121129516,0.021543218396683134,18,26,1.0,28.0,0.5325970787317421,0.0,0.2762,560,2585,0.1,0.2,45
40,20,false,,0.22118562910675932,0.10312624984421657,-0.13418495203954336,6,1,1.0,38.0,0.3221503637833468,0.0,0.2384,560,2585,0.1,0.2,45
50,25,true,,0.1145983098026587,0.4283734485440383,0.3161605250047854,43,46,12.0,49.0,0.8819202477739063,0.543166860240031,0.2598,560,2585,0.1,0.2,45
20,10,false,,0.11238323433104572,0.12613468904753594,0.02621331507982888,12,17,1.0,19.0,0.5395863052781741,0.0,0.2834,561,2586,0.1,0.2,45
30,15,false,,0.1074740488348898,0.13726912498056565,0.03751665682613205,18,25,1.0,29.0,0.597684515195369,0.0,0.2836,561,2586,0.1,0.2,45
40,20,false,,0.1146075586277965,0.1847532884092322,0.07470786711742106,31,36,2.0,39.0,0.695135963232478,0.0,0.2602,561,2586,0.1,0.2,45
50,25,false,,0.1488672397228293,0.10687970664294177,-0.04284433654890667,10,5,1.0,34.0,0.33634933123524785,0.00904799370574351,0.2528,561,2586,0.1,0.2,45
60,30,true,,0.11887518609438888,0.3009161599950859,0.18349603883029408,53,57,34.0,59.0,0.8658074298711145,0.1508718726307809,0.2458,561,2586,0.1,0.2,45
20,10,true,,0.1033810161801706,0.20813216982904664,0.1087045876552853,14,16,2.0,19.0,0.7053872053872053,0.0,0.2884,562,2587,0.1,0.2,45
20,10,false,,0.13887429215723893,0.12923203835536767,-0.015805731708444293,10,15,1.0,19.0,0.473262888248479,0.0,0.3108,563,2588,0.1,0.2,45
30,15,true,,0.12045890171174199,0.23885426965566117,0.1238802728583437,24,26,3.0,29.0,0.7221251310730514,0.0,0.2778,563,2588,0.1,0.2,45
20,10,true,,0.09768859323704154,0.21863756350816277,0.13891298012388667,13,15,1.0,19.0,0.7158931082981715,0.0,0.3,564,2589,0.1,0.2,45
20,10,false,,0.1366728412252111,0.27053089871648317,0.15821301947684296,14,17,1.0,19.0,0.6450116009280742,0.0,0.29,565,2590,0.1,0.2,45
30,15,false,,0.13907404865990722,0.12214902704743744,-0.024208104542070535,11,4,1.0,28.0,0.4447377103266249,0.0,0.2904,565,2590,0.1,0.2,45
40,20,false,,0.1274384441059114,0.12768321634628793,0.0017963846751232332,27,34,2.0,39.0,0.5045716220792414,0.0,0.273,565,2590,0.1,0.2,45
50,25,false,,0.12126484809126259,0.23922191338757512,0.11418184440668763,43,45,16.0,49.0,0.6952695269526953,0.5361202786945362,0.248,565,2590,0.1,0.2,45
60,30,false,,0.13216025793131905,0.14822338071774074,0.028553213892346302,36,44,2.0,57.0,0.624622030237581,0.2043196544276458,0.157,565,2590,0.1,0.2,45
20,10,false,,0.1136898717155137,0.4199240934477784,0.3127445211667488,15,16,1.0,19.0,0.7987483530961792,0.0,0.3008,566,2591,0.1,0.2,45
30,15,false,,0.13441225079396207,0.12379247846457296,-0.019196366088765293,15,25,1.0,29.0,0.44666451820818565,0.0,0.2824,566,2591,0.1,0.2,45
40,20,false,,0.13008858605297044,0.1589559963187448,0.04478592113174079,26,36,2.0,39.0,0.6304114490161001,0.0,0.2648,566,2591,0.1,0.2,45
50,25,false,,0.13429851929870368,0.11850625315025175,-0.017722694913392012,13,6,1.0,48.0,0.4283040059902658,0.12766754024709848,0.2308,566,2591,0.1,0.2,45
60,30,true,,0.12593537724152198,0.24183344325083267,0.12706587859115454,47,55,4.0,59.0,0.7805875790256601,0.12867236891037562,0.2082,566,2591,0.1,0.2,45
20,10,false,,0.1592521600118872,0.13564200494942943,-0.022794038777795483,11,16,1.0,19.0,0.4622496147919877,0.0,0.3064,567,2592,0.1,0.2,45
30,15,false,,0.1457895111934202,0.09159220837783372,-0.06632342186584078,11,4,1.0,28.0,0.3239929947460595,0.0,0.2508,567,2592,0.1,0.2,45
40,20,false,,0.548309596900871,0.08453326115989494,-0.4602232411984756,3,2,1.0,19.0,0.04386712095400341,0.0,0.1888,567,2592,0.1,0.2,45
50,25,false,,0.13303488766619734,0.12067146822687788,-0.0004864762293800423,30,46,1.0,49.0,0.496771589991929,0.2566585956416465,0.243,567,2592,0.1,0.2,45
60,30,false,,0.22545256423373627,0.10348978933642586,-0.12396659148756177,6,5,1.0,22.0,0.19793388429752065,0.0,0.2202,567,2592,0.1,0.2,45
20,10,false,,0.12837785236566696,0.15140735247633683,0.04139176489109482,9,4,1.0,19.0,0.586139896373057,0.0,0.2878,568,2593,0.1,0.2,45
30,15,false,,0.12649009763201255,0.13063966777576055,0.0036621795681547054,20,26,1.0,29.0,0.5076698319941563,0.0,0.248,568,2593,0.1,0.2,45
40,20,false,,0.11837667643398,0.18709459237708626,0.08070916332667799,29,35,2.0,39.0,0.6693518857561332,0.0,0.2696,568,2593,0.1,0.2,45
50,25,false,,0.15065458029994466,0.1137321645438092,-0.04021009177871168,7,4,1.0,47.0,0.3720838275998418,0.09213127718465797,0.239,568,2593,0.1,0.2,45
60,30,false,,0.18301452903187043,0.1208169637444011,-0.05913836170442377,7,4,1.0,22.0,0.2586333578251286,0.0,0.1946,568,2593,0.1,0.2,45
20,10,false,,0.11729795569969197,0.18910758899575855,0.08877744764378559,12,15,1.0,19.0,0.67739898989899,0.0,0.3282,569,2594,0.1,0.2,45
30,15,false,,0.12738379165174715,0.220182823933942,0.12478733029651222,21,26,1.0,29.0,0.6244181883279628,0.0,0.28,569,2594,0.1,0.2,45
40,20,true,,0.11724163686786672,0.4167172041299944,0.3155733091718719,34,35,4.0,39.0,0.8947935368043088,0.0,0.2538,569,2594,0.1,0.2,45
20,10,false,,0.10691963542802863,0.47013214888021204,0.3768875213475651,16,17,4.0,19.0,0.8848131642098046,0.0,0.2854,570,2595,0.1,0.2,45
30,15,false,,0.13731726413966436,0.10931611551615654,-0.03765631137535913,9,1,1.0,29.0,0.4081707765918292,0.0,0.2656,570,2595,0.1,0.2,45
40,20,false,,0.11369404633394667,0.21183711704929942,0.10882494767063217,33,36,5.0,39.0,0.6939001848428835,0.0,0.2574,570,2595,0.1,0.2,45
50,25,false,,0.1614438350231364,0.10729599383312899,-0.0715411705587482,14,3,1.0,47.02500000000009,0.31384615384615383,0.08884615384615385,0.233,570,2595,0.1,0.2,45
60,30,false,,0.12245984738200054,0.15190357332626483,0.046978468604972526,29,53,2.0,58.0,0.6508511408909815,0.131836291198841,0.2276,570,2595,0.1,0.2,45
20,10,false,,0.5926336263666923,0.10978301895370883,-0.5279990363047973,3,1,1.0,19.0,0.41917454858125536,0.0,0.2076,571,2596,0.1,0.2,45
30,15,false,,0.10195381285494615,0.09145614986273336,-0.014703899085301037,16,20,1.0,29.0,0.4517453798767967,0.0,0.2414,571,2596,0.1,0.2,45
40,20,false,,0.1093678454639413,0.16712884455463228,0.07505964147313915,29,36,2.0,39.0,0.6759336099585063,0.0,0.2796,571,2596,0.1,0.2,45
50,25,false,,0.13249266340107077,0.12405121711186702,-0.01204794906545631,30,1,1.0,49.0,0.479317697228145,0.21492537313432836,0.2436,571,2596,0.1,0.2,45
60,30,true,,0.11487470899529155,0.42935117834958836,0.30851783226731855,54,55,43.0,59.0,0.8715780998389694,0.15257648953301128,0.2554,571,2596,0.1,0.2,45
20,10,true,,0.09464466999185796,0.33735376964826436,0.2501896234300946,14,16,2.0,19.0,0.7588132635253054,0.0,0.2968,572,2597,0.1,0.2,45
20,10,false,,0.09117699855224838,0.26387653122371335,0.1750889164919054,15,16,4.0,19.0,0.7954786294595549,0.0,0.3048,573,2598,0.1,0.2,45
30,15,false,,0.17282443278172788,0.10239533161172591,-0.09292977455406445,5,1,1.0,29.0,0.402475458813487,0.0,0.2196,573,2598,0.1,0.2,45
40,20,false,,0.1251359073964793,0.1355305148963062,0.03273837719835146,22,2,1.0,39.0,0.562874251497006,0.0,0.2786,573,2598,0.1,0.2,45
50,25,false,,0.20590617066101816,0.10553050447418695,-0.11243739154636065,7,3,1.0,45.0,0.24071146245059288,0.0391304347826087,0.2516,573,2598,0.1,0.2,45
60,30,true,,0.1191865058794273,0.30694885545300077,0.1842922976710743,50,55,25.0,59.0,0.8528171713300114,0.2748179379072442,0.1984,573,2598,0.1,0.2,45
20,10,false,,0.11182918681657547,0.31970918731016407,0.2295122966614307,13,16,1.0,19.0,0.667927122722585,0.0,0.2954,574,2599,0.1,0.2,45
30,15,true,,0.10913596975763991,0.2621287652941295,0.1684826775928539,23,26,6.0,29.0,0.7851209823040809,0.0,0.2814,574,2599,0.1,0.2,45
20,10,false,,0.11915574106525426,0.3351899131313677,0.22434643532843745,15,17,2.0,19.0,0.6915309446254072,0.0,0.291,575,2600,0.1,0.2,45
30,15,false,,0.1296093755755934,0.147031333651797,0.03382689978744116,20,1,1.0,29.0,0.5648148148148148,0.0,0.2524,575,2600,0.1,0.2,45
40,20,false,,0.11475069278881475,0.4130594563083855,0.2910729226493347,35,37,9.0,39.0,0.8485620677102294,0.0,0.281,575,2600,0.1,0.2,45
50,25,false,,0.17902697191591546,0.10170999860094128,-0.09055713884784933,7,4,1.0,44.0,0.2476501838986514,0.05762157744176543,0.2234,575,2600,0.1,0.2,45
60,30,false,,0.14076503798450174,0.12120294520768958,-0.014755655042931692,38,2,1.0,59.0,0.4361334867663982,0.13387034906022247,0.2314,575,2600,0.1,0.2,45
20,10,false,,0.14252829379814122,0.11046205126412266,-0.038955021823153704,8,1,1.0,19.0,0.38049713193116635,0.0,0.3042,576,2601,0.1,0.2,45
30,15,false,,0.12061222422166058,0.20597004158296833,0.10253819042622492,22,26,2.0,29.0,0.6920403197775461,0.0,0.2932,576,2601,0.1,0.2,45
40,20,true,,0.11369811525696852,0.23877466009507792,0.13325976017380697,33,36,4.0,39.0,0.7190240182996569,0.0,0.2642,576,2601,0.1,0.2,45
20,10,false,,0.140394957754952,0.14031957986913812,-0.003204470564123582,11,15,1.0,19.0,0.49654522613065327,0.0,0.2966,577,2602,0.1,0.2,45
30,15,false,,0.12534562462519364,0.13005700243376686,0.013728053357440095,16,5,2.0,28.0,0.524078379275988,0.0,0.2938,577,2602,0.1,0.2,45
40,20,false,,0.12222679615615158,0.12109170661536715,-0.0010522009296789828,27,35,1.0,39.0,0.49696279422930906,0.0,0.261,577,2602,0.1,0.2,45
50,25,false,,0.20847957581585103,0.10677999110088417,-0.10471938074623148,6,3,1.0,46.0,0.27767139027192644,0.04404442742244351,0.2396,577,2602,0.1,0.2,45
60,30,false,,0.14316561289273166,0.1180316061168547,-0.050226001607288254,16,5,1.0,57.0,0.3562116564417178,0.07937116564417178,0.22,577,2602,0.1,0.2,45
20,10,true,,0.08296739166468939,0.15233534213797695,0.08039746361921277,13,16,1.0,19.0,0.7136945071482318,0.0,0.2914,578,2603,0.1,0.2,45
20,10,false,,0.07919814362413191,0.06578677202410248,-0.019909712981123213,9,6,1.0,19.0,0.41793434747798236,0.0,0.2252,579,2604,0.1,0.2,45
30,15,false,,0.12877438404137004,0.08365764893537711,-0.05632199870874324,9,2,1.0,28.0,0.3465587044534413,0.0,0.2718,579,2604,0.1,0.2,45
40,20,false,,0.12424336377662205,0.10737954034571094,-0.017373760520476525,15,3,1.0,39.0,0.45821443130860173,0.0,0.2386,579,2604,0.1,0.2,45
50,25,false,,0.14994330917099952,0.09357743278929756,-0.05978467494727438,7,3,1.0,34.0,0.3534686172722983,0.0,0.1986,579,2604,0.1,0.2,45
60,30,false,,0.1118601668798124,0.10225085230890794,-0.01433185867074735,38,44,2.0,56.0,0.4336917562724014,0.2594086021505376,0.1662,579,2604,0.1,0.2,45
20,10,false,,0.10229549468880393,0.17408268871813035,0.08932959538943189,12,16,1.0,19.0,0.6692620176032499,0.0,0.3004,580,2605,0.1,0.2,45
30,15,false,,0.13213178491361674,0.145163097918829,0.01828065670838208,13,3,1.0,28.0,0.5453342157511581,0.0,0.2868,580,2605,0.1,0.2,45
40,20,false,,0.13377775886747967,0.13101448256378068,0.0026847108898750416,16,1,1.0,38.0,0.5072142064372919,0.0,0.2314,580,2605,0.1,0.2,45
50,25,false,,0.11770900576020216,0.15879005580040434,0.043550024486306085,40,46,22.0,49.0,0.6391402714932126,0.38763197586727,0.2432,580,2605,0.1,0.2,45
60,30,false,,0.256953558363826,0.11358015916466589,-0.14498774926155678,4,4,1.0,19.0,0.17929050814956854,0.0,0.1326,580,2605,0.1,0.2,45
20,10,false,,0.13931703602765544,0.21419338517254177,0.09086056730535608,14,16,3.0,19.0,0.5729813664596274,0.0,0.299,581,2606,0.1,0.2,45
30,15,false,,0.23645150634018336,0.0673889291941285,-0.17727428344366808,6,4,1.0,27.0,0.17270194986072424,0.0,0.2308,581,2606,0.1,0.2,45
40,20,true,,0.0976945397090335,0.3980627631161217,0.29585480293796906,33,35,4.0,39.0,0.7288990825688073,0.0,0.1644,581,2606,0.1,0.2,45
20,10,false,,0.0898532772566725,0.3630888179309133,0.2785619469296539,15,17,2.0,19.0,0.8102824040550326,0.0,0.2858,582,2607,0.1,0.2,45
30,15,false,,0.11205026933430692,0.4201948595792022,0.31050059869481006,25,26,12.0,29.0,0.8898002853067047,0.0,0.2834,582,2607,0.1,0.2,45
40,20,true,,0.12259420692061775,0.212889259075213,0.09683549559139008,32,36,8.0,39.0,0.7298753789154597,0.0,0.266,582,2607,0.1,0.2,45
20,10,false,,0.1444038820956354,0.28049414011059653,0.17729038250251886,14,16,1.0,19.0,0.6737120211360634,0.0,0.2934,583,2608,0.1,0.2,45
30,15,false,,0.12574557861694236,0.18030155666911926,0.08639678176946962,23,26,2.0,29.0,0.588421052631579,0.0,0.272,583,2608,0.1,0.2,45
40,20,false,,0.11476442165715761,0.22359521492275222,0.11636549510817655,34,35,2.0,39.0,0.654766575127501,0.0,0.2394,583,2608,0.1,0.2,45
50,25,false,,0.11276317719726917,0.17226194898205702,0.056849145847695196,43,46,18.0,49.0,0.6404809619238477,0.5647294589178357,0.2412,583,2608,0.1,0.2,45
60,30,false,,0.15457562889899823,0.11892486683879847,-0.048492419738972614,9,3,1.0,52.0,0.36033519553072624,0.026735833998403832,0.2294,583,2608,0.1,0.2,45
20,10,false,,0.09260638882097501,0.10267541294954466,0.004471220954606031,11,13,1.0,19.0,0.5113722517058378,0.0,0.2562,584,2609,0.1,0.2,45
30,15,false,,0.10460833019944002,0.10930325999708183,0.009729940431308818,13,9,1.0,28.0,0.5266362252663622,0.0,0.291,584,2609,0.1,0.2,45
40,20,false,,0.11826016590644195,0.22304397757370423,0.13260519539215065,25,35,1.5999999999999943,39.0,0.6593320235756385,0.0,0.2764,584,2609,0.1,0.2,45
50,25,false,,0.12272451067554078,0.1398082425898417,0.03373260181263554,31,45,1.0,48.0,0.5972278842233999,0.28821850794944964,0.2556,584,2609,0.1,0.2,45
60,30,false,,0.12725370949428289,0.11782921484496567,-0.013655971780048098,23,57,1.0,58.0,0.4426778242677824,0.046443514644351466,0.1968,584,2609,0.1,0.2,45
20,10,false,,0.11149003513742708,0.12749011346704492,0.02361446478919907,9,1,1.0,19.0,0.5474121647147714,0.0,0.2694,585,2610,0.1,0.2,45
30,15,false,,0.1382516698160984,0.14982825005181294,0.047244767677793315,19,1,1.0,29.0,0.5281899109792285,0.0,0.247,585,2610,0.1,0.2,45
40,20,false,,0.1445359560983072,0.11838417033787742,-0.03741630407080003,11,1,1.0,37.0,0.4326479227864037,0.0,0.262,585,2610,0.1,0.2,45
50,25,false,,0.14254979021674002,0.10658847916692438,-0.04567760924806902,13,3,1.0,47.0,0.3278816199376947,0.10397196261682243,0.2738,585,2610,0.1,0.2,45
60,30,false,,0.5700430376465523,0.1034963402941242,-0.46601167772806495,3,3,1.0,17.0,0.056433408577878104,0.0,0.1164,585,2610,0.1,0.2,45
20,10,false,,0.10880581169005486,0.49379499872717797,0.3776934515493525,16,16,4.0,19.0,0.8195615514333895,0.0,0.266,586,2611,0.1,0.2,45
30,15,false,,0.1316771985802028,0.13315512208091215,0.01613036438145163,13,4,1.0,29.0,0.5476912706437479,0.0,0.2958,586,2611,0.1,0.2,45
40,20,false,,0.12213228131994139,0.11338970498426888,-0.010532056031046372,28,36,2.0,38.09999999999991,0.4628219078708741,0.0,0.2642,586,2611,0.1,0.2,45
50,25,true,,0.12093147217755316,0.41312605567355076,0.29526866550289055,42,46,2.0,49.0,0.7626339969372129,0.46362940275650844,0.2446,586,2611,0.1,0.2,45
20,10,false,,0.10894682546652246,0.1223328653381137,0.02454892772448953,10,2,1.0,19.0,0.5489485134155185,0.0,0.2886,587,2612,0.1,0.2,45
30,15,true,,0.09986904409329242,0.1740677717267227,0.095277436879971,17,26,2.0,29.0,0.7062693498452013,0.0,0.2832,587,2612,0.1,0.2,45
20,10,true,,0.10020058362768726,0.22952403276913425,0.14167280860550957,14,16,1.0,19.0,0.7204047217537942,0.0,0.312,588,2613,0.1,0.2,45
20,10,false,,0.09038333662150703,0.37242119651179717,0.2799669241339143,16,16,8.0,19.0,0.8933474128827877,0.0,0.2878,589,2614,0.1,0.2,45
30,15,false,,0.12115602152093419,0.21160100926759412,0.11420033920910569,20,27,1.0,29.0,0.6503948312993539,0.0,0.263,589,2614,0.1,0.2,45
40,20,false,,0.12738663718081614,0.1408475441467929,0.023526661442373815,25,1,1.0,39.0,0.5471551052221356,0.0,0.2186,589,2614,0.1,0.2,45
50,25,false,,0.13038900522935734,0.13938200052303465,0.03385233515534515,17,46,2.0,48.0,0.561282932416953,0.3424971363115693,0.2548,589,2614,0.1,0.2,45
60,30,true,,0.12091275222596717,0.3656682552126592,0.2365608278711219,52,56,4.0,59.0,0.772289156626506,0.09839357429718876,0.1848,589,2614,0.1,0.2,45
20,10,true,,0.08926223405033905,0.35427551211970315,0.2715660060797268,14,15,5.0,19.0,0.8916500994035785,0.0,0.3106,590,2615,0.1,0.2,45
20,10,false,,0.12352206560721038,0.17967454748135314,0.08611871634274382,13,16,1.0,19.0,0.6062283737024221,0.0,0.2858,591,2616,0.1,0.2,45
30,15,false,,0.11217049067657231,0.10174037224939365,-0.008951727509617965,17,26,1.0,29.0,0.47544128933231006,0.0,0.2658,591,2616,0.1,0.2,45
40,20,false,,0.13559729731548467,0.0882096090454952,-0.0641788762722877,14,2,1.0,38.0,0.32698961937716264,0.0,0.1916,591,2616,0.1,0.2,45
50,25,false,,0.1161167134621869,0.17552244880826573,0.08123878376317714,35,46,3.0,49.0,0.6734020618556701,0.29896907216494845,0.2726,591,2616,0.1,0.2,45
60,30,true,,0.11372379738279871,0.2465832605822455,0.1309949533535565,50,57,13.0,58.0,0.7133783247320366,0.19849146486701072,0.2442,591,2616,0.1,0.2,45
20,10,false,,0.14152374133069173,0.12044296567130969,-0.03251092029844229,8,1,1.0,18.0,0.4276913099870298,0.0,0.297,592,2617,0.1,0.2,45
30,15,false,,0.11394546601614397,0.14198041223462193,0.043051213638638855,20,27,1.0,29.0,0.5943896891584534,0.0,0.2684,592,2617,0.1,0.2,45
40,20,false,,0.2685212625407189,0.09843174226878464,-0.18473415805048393,4,1,1.0,36.0,0.19637826961770624,0.0,0.2174,592,2617,0.1,0.2,45
50,25,false,,0.12211675801694999,0.18153482224245326,0.09260650263248062,27,45,2.0,49.0,0.6400785854616896,0.32573673870333986,0.2518,592,2617,0.1,0.2,45
60,30,false,,0.2775071892554762,0.10994154421429556,-0.17366579999349574,5,1,1.0,19.0,0.21825396825396826,0.0,0.185,592,2617,0.1,0.2,45
20,10,false,,0.10938368023433638,0.11142210693568196,0.01166233514943768,13,16,1.0,19.0,0.5296005706134094,0.0,0.2728,593,2618,0.1,0.2,45
30,15,false,,0.10038666504213747,0.09617065938465683,0.006937034312919491,13,1,1.0,29.0,0.5137111517367459,0.0,0.1902,593,2618,0.1,0.2,45
40,20,false,,0.10430227230237706,0.08729432261526233,-0.03008181126650153,20,1,1.0,39.0,0.4419689119170985,0.0,0.118,593,2618,0.1,0.2,45
50,25,false,,0.12778819947500694,0.10840050497640936,-0.02368282546875533,11,3,2.0,31.0,0.416910841356216,0.0,0.2606,593,2618,0.1,0.2,45
60,30,false,,0.4876316174059287,0.0991352171676149,-0.3965440316371335,4,3,1.0,55.0,0.17909090909090908,0.04818181818181818,0.1916,593,2618,0.1,0.2,45
20,10,false,,0.1446313342496798,0.14929820046897227,-0.003840096547060995,11,1,1.0,19.0,0.4914927768860353,0.0,0.3008,594,2619,0.1,0.2,45
30,15,false,,0.11753899577162871,0.15115340952149517,0.06448147011567615,13,2,1.0,29.0,0.574037316395395,0.0,0.2236,594,2619,0.1,0.2,45
40,20,false,,0.1399859800292958,0.10955268876302136,-0.04625009120151739,7,3,1.0,38.0,0.3738791423001949,0.0,0.253,594,2619,0.1,0.2,45
50,25,false,,0.11502015942599202,0.2394302949227684,0.1342471034330115,40,46,1.0,49.0,0.6513157894736842,0.4162280701754386,0.225,594,2619,0.1,0.2,45
60,30,false,,0.12469828211930278,0.1682102465895667,0.05190107457123437,45,56,11.0,59.0,0.6244019138755981,0.16985645933014354,0.2086,594,2619,0.1,0.2,45
20,10,false,,0.09711089670639603,0.1388598764049007,0.05194760032916855,12,16,1.0,19.0,0.646362687086669,0.0,0.3094,595,2620,0.1,0.2,45
30,15,true,,0.11313871358905336,0.24935770687602127,0.14609786090293536,21,27,2.0,29.0,0.7468619246861925,0.0,0.304,595,2620,0.1,0.2,45
20,10,false,,0.11168367393553698,0.15629816539789515,0.047539650352050405,13,17,2.0,19.0,0.6204283360790774,0.0,0.2968,596,2621,0.1,0.2,45
30,15,true,,0.10470611809987106,0.20342757695586142,0.10759077621518587,20,27,2.0,29.0,0.7098581030619866,0.0,0.2714,596,2621,0.1,0.2,45
20,10,false,,0.1585667912383813,0.22560143641776578,0.09268607204805743,14,16,1.0,19.0,0.6186683657215674,0.0,0.2816,597,2622,0.1,0.2,45
30,15,false,,0.15595857703738705,0.11350487974868631,-0.05877175992321692,8,3,1.0,27.0,0.32726130653266333,0.0,0.2812,597,2622,0.1,0.2,45
40,20,true,,0.12230626665184707,0.3714295539343267,0.2477767792121426,31,36,2.549999999999997,39.0,0.7130878600072913,0.0,0.2524,597,2622,0.1,0.2,45
20,10,false,,0.12174694758330522,0.17120170245131844,0.05993020746520314,13,17,1.0,19.0,0.6227431105479886,0.0,0.3144,598,2623,0.1,0.2,45
30,15,false,,0.13589797987807925,0.12826084530726978,-0.0060977700527799494,15,2,1.0,28.0,0.47888260724975057,0.0,0.274,598,2623,0.1,0.2,45
40,20,false,,0.11191633904862569,0.15934851714941642,0.06133086473068798,33,36,4.0,39.0,0.6094302554027505,0.0,0.2458,598,2623,0.1,0.2,45
50,25,false,,0.11870502474977522,0.14496756123594892,0.03401962832532922,37,38,14.0,48.30000000000018,0.581116523042338,0.2693892843761708,0.266,598,2623,0.1,0.2,45
60,30,false,,0.16327397639514774,0.11018712742458857,-0.07768087125240214,22,2,1.0,58.0,0.33956521739130435,0.14173913043478262,0.2196,598,2623,0.1,0.2,45
20,10,false,,0.10313830709387276,0.48107949688989887,0.37022600372339515,16,16,3.0,19.0,0.8616242593238062,0.0,0.3038,599,2624,0.1,0.2,45
30,15,false,,0.10507868487407755,0.2009445458798197,0.10542771185253291,20,25,3.0,28.0,0.6826452064380686,0.0,0.299,599,2624,0.1,0.2,45
40,20,true,,0.11553231789347294,0.2762923298524745,0.1767167566121208,33,35,3.0,39.0,0.7358346094946401,0.0,0.2488,599,2624,0.1,0.2,45
20,10,false,,0.17625332770985974,0.08675043052073869,-0.10139131060462053,4,2,1.0,19.0,0.3522083805209513,0.0,0.25,600,2625,0.1,0.2,45
30,15,false,,0.0957320470634225,0.6145045039400259,0.5221834223453541,25,26,2.0,29.0,0.8296327924850555,0.0,0.2354,600,2625,0.1,0.2,45
40,20,true,,0.1065230074438708,0.5349984879605494,0.4091035606477627,33,36,15.0,39.0,0.8282788499409216,0.0,0.2778,600,2625,0.1,0.2,45
20,10,false,,0.08959634720205246,0.10245813057156948,0.028669072265941092,8,4,1.0,19.0,0.572068707991038,0.0,0.2908,601,2626,0.1,0.2,45
30,15,true,,0.10015096630903164,0.20171018018689058,0.11825008418064449,20,26,1.0,29.0,0.7544933078393882,0.0,0.2832,601,2626,0.1,0.2,45
20,10,false,,0.22773836561566915,0.1528923273411832,-0.08281602750283644,6,3,1.0,18.0,0.3485540334855403,0.0,0.3038,602,2627,0.1,0.2,45
30,15,false,,0.15717425472060836,0.10864482728614572,-0.06764629516198518,15,5,2.0,29.0,0.31577287066246057,0.0,0.274,602,2627,0.1,0.2,45
40,20,false,,0.1532754347939064,0.09212963416726544,-0.08242144575795678,17,2,1.0,37.0,0.25412186379928314,0.0,0.2426,602,2627,0.1,0.2,45
50,25,false,,0.16073644834383752,0.10459403964738549,-0.07326010196850627,18,4,1.0,48.0,0.3207051762940735,0.18342085521380344,0.234,602,2627,0.1,0.2,45
60,30,false,,0.13840384100638314,0.13550164769613274,-0.00738645750755821,31,55,1.0,59.0,0.48653702318623787,0.06207928197456993,0.162,602,2627,0.1,0.2,45
20,10,false,,0.08329667232464227,0.45668853442395785,0.3696562291175758,16,16,3.0,19.0,0.8346094946401225,0.0,0.265,603,2628,0.1,0.2,45
30,15,false,,0.110145748745972,0.16828004185257367,0.05770949470692427,19,26,2.0,29.0,0.5938925938925939,0.0,0.3098,603,2628,0.1,0.2,45
40,20,true,,0.1125639550751526,0.5209387128236938,0.41718812505221764,34,35,16.0,39.0,0.9038167938931297,0.0,0.2702,603,2628,0.1,0.2,45
20,10,false,,0.11949950794428477,0.21981651413059983,0.12957744916517422,12,17,1.0,19.0,0.6701604978709466,0.0,0.2976,604,2629,0.1,0.2,45
30,15,false,,0.1551772232606495,0.10106742445390525,-0.07777077869905681,8,2,1.0,29.0,0.3055242390078918,0.0,0.2338,604,2629,0.1,0.2,45
40,20,false,,0.11256545237943508,0.6034859647885445,0.4971875601251332,35,36,11.0,39.0,0.8645579886455799,0.0,0.229,604,2629,0.1,0.2,45
50,25,false,,0.12402256490294548,0.11323573155295893,-0.01825084883503933,33,1,1.0,49.0,0.4436647173489279,0.2354775828460039,0.234,604,2629,0.1,0.2,45
60,30,false,,0.13507895480895446,0.14174296378973564,0.018889215218734906,36,3,2.0,58.0,0.5432710636675563,0.13076629813191,0.198,604,2629,0.1,0.2,45
20,10,false,,0.11138073699842405,0.17017018297618375,0.08627785156050498,12,17,1.0,19.0,0.6597222222222222,0.0,0.2996,605,2630,0.1,0.2,45
30,15,false,,0.14853818930288037,0.10689991652134698,-0.04752700584900825,8,1,1.0,28.0,0.40141896938013444,0.0,0.252,605,2630,0.1,0.2,45
40,20,false,,0.12381218987746188,0.1734974767744153,0.06606534565771875,29,37,1.0,39.0,0.5996190476190476,0.0,0.2592,605,2630,0.1,0.2,45
50,25,false,,0.11919844762656541,0.14615383215981903,0.03594532435272302,34,47,3.0,48.0,0.6220294228592984,0.2980007544322897,0.2714,605,2630,0.1,0.2,45
60,30,true,,0.1200763860211607,0.6548989971675505,0.5259683731342606,54,56,5.0,59.0,0.916796875,0.068359375,0.2332,605,2630,0.1,0.2,45
20,10,false,,0.13201254848799945,0.1669262218155258,0.04548204776336724,8,2,1.0,19.0,0.5903421810041574,0.0,0.3024,606,2631,0.1,0.2,45
30,15,false,,0.12461492302556518,0.10042395695328046,-0.027976397466464978,14,13,2.0,28.0,0.4126547455295736,0.0,0.2864,606,2631,0.1,0.2,45
40,20,false,,0.11840023979374929,0.1205451222782354,0.005088168176824427,23,18,4.0,36.0,0.5205278592375366,0.0,0.279,606,2631,0.1,0.2,45
50,25,true,,0.11667728164258395,0.3230993210509838,0.2018421075119579,39,46,4.0,49.0,0.7140047206923682,0.37490165224232885,0.2682,606,2631,0.1,0.2,45
20,10,false,,0.13998484484413123,0.18330755870134446,0.05718861917742393,14,17,1.0,19.0,0.6174812030075187,0.0,0.3018,607,2632,0.1,0.2,45
30,15,false,,0.12766875486677626,0.1875622930604124,0.06645827507314304,24,27,9.0,29.0,0.6122582759750901,0.0,0.2658,607,2632,0.1,0.2,45
40,20,false,,0.12833099613261023,0.17322477697489713,0.06874784981229232,33,36,2.0,39.0,0.6647887323943662,0.0,0.2406,607,2632,0.1,0.2,45
50,25,false,,0.12548899910406952,0.15716517816118578,0.03819306670319067,39,47,3.0,49.0,0.6089541797831409,0.3739069604756908,0.2468,607,2632,0.1,0.2,45
60,30,false,,0.1410500374691179,0.12132798035261635,-0.015535997269054858,20,22,14.0,33.44999999999999,0.33490566037735847,0.0,0.0152,607,2632,0.1,0.2,45
20,10,false,,0.07771330168785397,0.4532810288217307,0.3756770487917762,15,16,5.0,19.0,0.9042593290614399,0.0,0.2968,608,2633,0.1,0.2,45
30,15,false,,0.10471697200705468,0.10936602992711662,0.0048281128351190805,14,1,1.0,29.0,0.5144757433489828,0.0,0.2722,608,2633,0.1,0.2,45
40,20,true,,0.10034145323301949,0.22611500036140703,0.13338458163685474,29,36,1.0,39.0,0.7084078711985689,0.0,0.2232,608,2633,0.1,0.2,45
20,10,false,,0.11283798773179061,0.16621372539671125,0.07391016597543595,11,1,1.0,19.0,0.6109336173233937,0.0,0.2966,609,2634,0.1,0.2,45
30,15,false,,0.11442155727959051,0.1246209415611051,0.026402462868375026,12,4,1.0,28.0,0.5791903409090909,0.0,0.3018,609,2634,0.1,0.2,45
40,20,true,,0.11918051440429708,0.26240609599614617,0.14237573876915402,30,34,3.0,39.0,0.7662477558348294,0.0,0.2932,609,2634,0.1,0.2,45
20,10,false,,0.14012560503408295,0.1902437536503003,0.09807711630548373,12,1,1.0,19.0,0.5150487494701145,0.0,0.2222,610,2635,0.1,0.2,45
30,15,false,,0.11737225655056398,0.11003960828880853,-0.0036770898756044376,12,1,1.0,28.0,0.4879000780640125,0.0,0.2628,610,2635,0.1,0.2,45
40,20,false,,0.13125645132853028,0.11624045997000189,-0.010535485947150397,10,1,1.0,38.0,0.45869737887212075,0.0,0.2522,610,2635,0.1,0.2,45
50,25,false,,0.195202769429989,0.10767046077156588,-0.08793350018631457,6,2,1.0,32.0,0.28013029315960913,0.0,0.233,610,2635,0.1,0.2,45
60,30,false,,0.14961666120354644,0.11329331579035498,-0.03930923228375398,8,4,1.0,25.0,0.36389223964616,0.0,0.244,610,2635,0.1,0.2,45
20,10,false,,0.3260532302310703,0.10651945658492357,-0.23050201929337671,4,1,1.0,18.0,0.322234156820623,0.0,0.2116,611,2636,0.1,0.2,45
30,15,false,,0.11359616547656867,0.13343599761918135,0.031222307244942467,21,26,2.0,29.0,0.5786838340486409,0.0,0.2796,611,2636,0.1,0.2,45
40,20,false,,0.1131090677843035,0.14259755060516224,0.040600844245970616,32,32,5.0,39.0,0.6370728083209509,0.0,0.2722,611,2636,0.1,0.2,45
50,25,false,,0.1399118807900688,0.10920206297942209,-0.047335244102103186,21,1,1.0,48.0,0.36,0.11041666666666666,0.2448,611,2636,0.1,0.2,45
60,30,false,,0.1260971526453602,0.11431671678718974,-0.015096278823587148,32,6,2.0,54.0,0.44973938942665675,0.18354430379746836,0.2448,611,2636,0.1,0.2,45
20,10,true,,0.07848445873617071,0.20480932038407065,0.1402781396562714,14,16,1.2999999999999972,19.0,0.721725612125923,0.0,0.2736,612,2637,0.1,0.2,45
20,10,false,,0.15288616866963836,0.13846012804476973,0.015517024223994647,11,2,1.0,19.0,0.5168858869534305,0.0,0.2306,613,2638,0.1,0.2,45
30,15,false,,0.13829506822489734,0.10942962733640993,-0.0404949901489854,14,4,1.0,29.0,0.42932120363890836,0.0,0.2706,613,2638,0.1,0.2,45
40,20,false,,0.11116493842655593,0.656064454068077,0.5463143897603413,35,36,10.0,39.0,0.8,0.0,0.2402,613,2638,0.1,0.2,45
50,25,false,,0.3090989818917175,0.10066711238269184,-0.21238031494688042,5,3,1.0,46.0,0.2586856425282545,0.08246128087065718,0.2274,613,2638,0.1,0.2,45
60,30,false,,0.1343552538726248,0.12768257183998222,0.011637155458250475,15,56,1.0,58.0,0.535426731078905,0.02938808373590982,0.2212,613,2638,0.1,0.2,45
20,10,false,,0.1113873455969161,0.1493356907494944,0.04668486432192659,10,11,1.0,19.0,0.6000654022236757,0.0,0.3278,614,2639,0.1,0.2,45
30,15,false,,0.11333924585979674,0.12198958029463573,0.020867524069655516,11,2,1.0,29.0,0.5628064881176914,0.0,0.2714,614,2639,0.1,0.2,45
40,20,false,,0.15984010688020123,0.09469301252999275,-0.07154518402969268,6,4,1.0,22.0,0.2661628883291352,0.0,0.2438,614,2639,0.1,0.2,45
50,25,false,,0.11494336094941175,0.1854047670691637,0.07784356242689887,40,46,14.0,49.0,0.6760396039603961,0.4003960396039604,0.2608,614,2639,0.1,0.2,45
60,30,false,,0.13283665984952508,0.11581682539194253,-0.01594023925223656,21,3,1.0,58.0,0.46051032806804376,0.10490076954232483,0.2324,614,2639,0.1,0.2,45
20,10,false,,0.1018677939037038,0.18643943857891374,0.09689960993464049,14,16,2.0,19.0,0.5910543130990416,0.0,0.2706,615,2640,0.1,0.2,45
30,15,false,,0.09062291311976434,0.17373928092932628,0.10402373260161815,19,24,1.0,29.0,0.623249299719888,0.0,0.1716,615,2640,0.1,0.2,45
40,20,false,,0.09884296639128712,0.07715019962761002,-0.023608233922558692,13,30,1.0,33.0,0.3746113989637306,0.0,0.1136,615,2640,0.1,0.2,45
50,25,true,,0.07005576057305697,0.4683861652539462,0.3993382267246213,44,45,35.0,49.0,0.9157534246575343,0.5986301369863014,0.0532,615,2640,0.1,0.2,45
20,10,false,,0.13300355852954632,0.12489853764334446,-0.003175932576904822,9,16,1.0,19.0,0.4982966862805822,0.0,0.3174,616,2641,0.1,0.2,45
30,15,false,,0.12384734258610368,0.20049031164057743,0.10374599533639213,21,23,3.0,29.0,0.6810774858663119,0.0,0.2854,616,2641,0.1,0.2,45
40,20,false,,0.12101944942704441,0.6753751015514275,0.5544705426107208,36,36,24.0,39.0,0.8902579899884482,0.0,0.2418,616,2641,0.1,0.2,45
50,25,false,,0.1606480277346269,0.1103520276454657,-0.06876647055500681,9,3,1.0,48.0,0.32351786415390654,0.1330977620730271,0.2378,616,2641,0.1,0.2,45
60,30,false,,0.14914837403386239,0.1216446672092917,-0.02230370506668529,8,2,1.0,55.0,0.4400494437577256,0.00865265760197775,0.1586,616,2641,0.1,0.2,45
20,10,false,,0.14994697737348292,0.12974986348388395,-0.03698967592024906,7,1,1.0,19.0,0.44989339019189767,0.0,0.2562,617,2642,0.1,0.2,45
30,15,false,,0.10628008374784546,0.1745777949916863,0.08466980482714166,22,26,3.0,29.0,0.6399706098457016,0.0,0.2768,617,2642,0.1,0.2,45
40,20,true,,0.10086456335024929,0.5656830798906645,0.4563294539945627,34,35,22.0,39.0,0.9403726708074535,0.0,0.2406,617,2642,0.1,0.2,45
20,10,false,,0.4500343572733229,0.07072000523000105,-0.3747827589291506,3,1,1.0,17.0,0.12134217713616856,0.0,0.2318,618,2643,0.1,0.2,45
30,15,false,,0.13286244412383164,0.10200757438022758,-0.03849454548512081,13,1,1.0,28.0,0.4111324376199616,0.0,0.2434,618,2643,0.1,0.2,45
40,20,true,,0.10264993459738683,0.3959519816482018,0.29660027448887966,33,35,4.0,39.0,0.8073736536868269,0.0,0.2524,618,2643,0.1,0.2,45
20,10,false,,0.1309293462758749,0.3531173462165022,0.23035917241594284,15,16,3.0,19.0,0.8045112781954887,0.0,0.3216,619,2644,0.1,0.2,45
30,15,false,,0.12525236783026858,0.1491843975232573,0.05158163319712285,18,24,1.0,29.0,0.5905773059057731,0.0,0.2798,619,2644,0.1,0.2,45
40,20,false,,0.13632976102669958,0.10947957937582743,-0.03235454733896917,15,3,1.0,36.0,0.40250447227191416,0.0,0.2552,619,2644,0.1,0.2,45
50,25,false,,0.11888384792018603,0.1642085874841443,0.04905972895561765,40,42,7.0,49.0,0.6273089460340456,0.3871785584932995,0.252,619,2644,0.1,0.2,45
60,30,true,,0.12192933684588927,0.6229952345863481,0.4987851695010842,54,56,25.0,59.0,0.9023452518262207,0.1061130334486736,0.2044,619,2644,0.1,0.2,45
20,10,false,,0.1183113043819331,0.343284678413653,0.2258009555606347,15,16,2.0,19.0,0.7238343658298011,0.0,0.2994,620,2645,0.1,0.2,45
30,15,false,,0.12062191869266291,0.2377811503807377,0.12874978691915245,23,26,3.0,29.0,0.6894931184961396,0.0,0.2846,620,2645,0.1,0.2,45
40,20,false,,0.12714306762951463,0.1501559688103796,0.031986399596362805,29,37,2.0,39.0,0.5516080777860882,0.0,0.2492,620,2645,0.1,0.2,45
50,25,false,,0.11497426198955128,0.11931084436864371,0.011561675990087505,37,47,3.0,49.0,0.5296359017781541,0.39415749364944963,0.2286,620,2645,0.1,0.2,45
60,30,true,,0.11872422023034152,0.46165059025158184,0.31532117387855085,51,56,20.0,59.0,0.8466088328075709,0.18690851735015773,0.236,620,2645,0.1,0.2,45
20,10,false,,0.1408648298442488,0.11992221657125728,-0.028568536758856178,9,1,1.0,19.0,0.4355584930601454,0.0,0.2702,621,2646,0.1,0.2,45
30,15,false,,0.12774487136429444,0.1317326970867027,-0.005642902774815023,16,25,1.0,29.0,0.4892205638474295,0.0,0.2932,621,2646,0.1,0.2,45
40,20,false,,0.1294183385134348,0.11145094963345387,-0.01835327407360539,14,36,1.75,39.0,0.43547800799709196,0.0,0.2502,621,2646,0.1,0.2,45
50,25,false,,0.12302711341763531,0.14590628747626144,0.036701422456687796,32,46,3.0,49.0,0.6036202438123384,0.35685260435906907,0.2524,621,2646,0.1,0.2,45
60,30,false,,0.1226780541665543,0.3309490451767734,0.20787845042576814,55,55,43.0,59.0,0.8394598649662416,0.11065266316579145,0.1964,621,2646,0.1,0.2,45
20,10,false,,0.09493046090111118,0.24642740001929167,0.15720628229864997,13,17,1.0,19.0,0.6914629826425788,0.0,0.282,622,2647,0.1,0.2,45
30,15,false,,0.11138452559945798,0.16296460907078855,0.06558257779558851,19,27,1.0,29.0,0.6220472440944882,0.0,0.2812,622,2647,0.1,0.2,45
40,20,false,,0.11156895912210797,0.11129172993076576,0.0025683301410484027,18,20,2.0,37.0,0.5121079793568877,0.0,0.2754,622,2647,0.1,0.2,45
50,25,true,,0.11383119628463671,0.3291273339464311,0.22116414603725254,42,48,3.0,49.0,0.7506936187078874,0.5081252477209671,0.2698,622,2647,0.1,0.2,45
20,10,false,,0.1373553787529407,0.23249905127042586,0.11763809553180268,13,16,1.0,19.0,0.6915769474350855,0.0,0.314,623,2648,0.1,0.2,45
30,15,false,,0.12684319079371092,0.09619709034248951,-0.03617007478721497,13,9,2.0,29.0,0.38710766115423556,0.0,0.2718,623,2648,0.1,0.2,45
40,20,false,,0.1189081643520512,0.12676626730118326,0.013677277454168753,28,35,2.0,39.0,0.5301249081557678,0.0,0.2406,623,2648,0.1,0.2,45
50,25,false,,0.4526545880652777,0.0972372934425269,-0.3437721016720622,4,3,1.0,15.0,0.08752642706131078,0.0,0.195,623,2648,0.1,0.2,45
60,30,false,,0.2497327511064967,0.1039066764793431,-0.14353864149438417,5,3,1.0,25.0,0.14592094196804037,0.0,0.219,623,2648,0.1,0.2,45
20,10,false,,0.13386518004644116,0.16112651570831746,0.02966813780123881,13,16,1.0,19.0,0.5504214798626288,0.0,0.307,624,2649,0.1,0.2,45
30,15,false,,0.3488002654478312,0.08783486322977067,-0.2581333296890173,4,2,1.0,23.0,0.10786175465248765,0.0,0.2252,624,2649,0.1,0.2,45
40,20,false,,0.10312772004261372,0.4385930408325447,0.33578243230128707,35,37,16.0,39.0,0.8727272727272727,0.0,0.229,624,2649,0.1,0.2,45
50,25,false,,0.11534384139950475,0.22152699905214154,0.11487203842536112,42,46,3.0,49.0,0.6792452830188679,0.4600562023283822,0.2308,624,2649,0.1,0.2,45
60,30,false,,0.12979840243144455,0.14915854212182372,0.05938708879857245,38,1,1.0,58.0,0.5975020145044319,0.11160354552780016,0.256,624,2649,0.1,0.2,45
20,10,false,,0.12263539613844303,0.15561216222057303,0.04787181864505577,12,16,2.0,19.0,0.6175920149719276,0.0,0.3226,625,2650,0.1,0.2,45
30,15,false,,0.12685798233105616,0.14789870413397047,0.03324576969685636,21,27,2.0,29.0,0.5802306425041186,0.0,0.2666,625,2650,0.1,0.2,45
40,20,false,,0.12187036398206107,0.14610409153033624,0.06049868329488815,23,37,2.0,39.0,0.5916899720335598,0.0,0.2344,625,2650,0.1,0.2,45
50,25,false,,0.12314941912768508,0.142505401569194,0.029558131201774973,30,47,4.0,49.0,0.5774647887323944,0.2717929196802436,0.2652,625,2650,0.1,0.2,45
60,30,true,,0.11854070927447313,0.25568255851983157,0.13932551723114117,52,55,35.0,59.0,0.8185719859539602,0.1997658993367148,0.2218,625,2650,0.1,0.2,45
20,10,false,,0.1011757802411645,0.09707674310407229,-0.005259569552321281,12,16,2.0,19.0,0.4850340136054422,0.0,0.286,626,2651,0.1,0.2,45
30,15,false,,0.08245010466069541,0.2890448179196418,0.19934818576656144,25,26,5.0,29.0,0.8027272727272727,0.0,0.202,626,2651,0.1,0.2,45
40,20,true,,0.11733982936256412,0.3265323082946892,0.2220659166541084,33,37,2.0,39.0,0.7835377918480412,0.0,0.2602,626,2651,0.1,0.2,45
20,10,true,,0.11029532736624931,0.23265009022357885,0.13535772472967822,12,17,1.0,19.0,0.7437686939182453,0.0,0.3116,627,2652,0.1,0.2,45
20,10,true,,0.11088265253448162,0.21218189141388372,0.12378873788633663,14,16,2.0,19.0,0.716256157635468,0.0,0.3082,628,2653,0.1,0.2,45
20,10,false,,0.15266148218821518,0.09450312983035856,-0.07506138153582104,7,1,1.0,19.0,0.3064621409921671,0.0,0.2768,629,2654,0.1,0.2,45
30,15,false,,0.11558895991610951,0.10504906272242179,-0.01992756586589504,20,27,1.0,29.0,0.4745297805642633,0.0,0.236,629,2654,0.1,0.2,45
40,20,true,,0.10591634466558125,0.29826535684932287,0.20570599479719992,31,37,6.0,39.0,0.7933168316831684,0.0,0.2516,629,2654,0.1,0.2,45
20,10,false,,0.07697252860472752,0.7071197921093507,0.6311181651182903,16,17,2.0,19.0,0.8760878574388727,0.0,0.2648,630,2655,0.1,0.2,45
30,15,false,,0.09542064941722964,0.13793002104751467,0.05044902969061346,17,23,2.0,29.0,0.6771929824561403,0.0,0.2928,630,2655,0.1,0.2,45
40,20,false,,0.11240381601526986,0.14802350872678766,0.05359001949652818,21,34,3.0,38.0,0.6301960784313726,0.0,0.2978,630,2655,0.1,0.2,45
50,25,false,,0.11648390001916718,0.23573591160689383,0.13345094927653647,41,44,2.0,49.0,0.6625,0.4066666666666667,0.238,630,2655,0.1,0.2,45
60,30,false,,0.13967768747202863,0.0931971503612882,-0.0579855351400515,29,2,1.0,57.0,0.3237378210806023,0.15677590788308238,0.1534,630,2655,0.1,0.2,45
20,10,false,,0.24043848947344976,0.14458910326545174,-0.1245686442623195,8,4,1.0,18.0,0.2955137481910275,0.0,0.3138,631,2656,0.1,0.2,45
30,15,false,,0.2587871786626062,0.12240116212645885,-0.15395162452188083,7,4,1.0,26.0,0.22789317507418397,0.0,0.2646,631,2656,0.1,0.2,45
40,20,false,,0.2660203076819935,0.09632893519937785,-0.18372242774691366,7,5,1.0,31.0,0.10071942446043165,0.0,0.2242,631,2656,0.1,0.2,45
50,25,false,,0.13825557069769884,0.13361072263436144,-0.0005101304416409436,29,45,3.0,48.0,0.4988235294117647,0.25142857142857145,0.2122,631,2656,0.1,0.2,45
60,30,true,,0.1287112298076228,0.31838702285661985,0.19594952215307299,53,54,36.0,59.0,0.8544416696396718,0.15626114876917588,0.1736,631,2656,0.1,0.2,45
20,10,false,,0.14045827864820043,0.2327556751394776,0.12079888068528977,14,17,2.0,19.0,0.6550339715873996,0.0,0.3166,632,2657,0.1,0.2,45
30,15,false,,0.16461367484273964,0.1066896784898158,-0.06614917735918563,7,3,1.0,21.0,0.2626805508901579,0.0,0.29,632,2657,0.1,0.2,45
40,20,false,,0.1259691866607364,0.13898609518013894,0.023771622967265732,26,37,1.0,39.0,0.5498466257668712,0.0,0.266,632,2657,0.1,0.2,45
50,25,false,,0.11514127053851463,0.20644086682476612,0.09746439027887652,41,46,3.2250000000000014,49.0,0.6875502008032128,0.4397590361445783,0.2674,632,2657,0.1,0.2,45
60,30,false,,0.13418638603989322,0.1137571534997589,-0.023390089842824854,31,7,2.0,58.0,0.4015686274509804,0.15372549019607842,0.207,632,2657,0.1,0.2,45
20,10,false,,0.13191778335250084,0.113067339940971,-0.026436580566382623,8,1,1.0,19.0,0.45409897997733284,0.0,0.2486,633,2658,0.1,0.2,45
30,15,false,,0.11066717422382742,0.16595151768000782,0.08496285259300382,21,26,1.0,29.0,0.6428571428571429,0.0,0.2676,633,2658,0.1,0.2,45
40,20,false,,0.561298303547124,0.09309837536426244,-0.4809424173679975,3,1,1.0,14.0,0.13654096228868662,0.0,0.2088,633,2658,0.1,0.2,45
50,25,false,,0.13142741195688973,0.1109228409810845,-0.035176473936124636,30,1,1.0,48.0,0.4151414309484193,0.18386023294509152,0.2392,633,2658,0.1,0.2,45
60,30,true,,0.11723462483554084,0.30740398464867685,0.1827161772927241,53,51,44.0,59.0,0.8126901347240331,0.16775315080399827,0.174,633,2658,0.1,0.2,45
20,10,true,,0.12075084380624543,0.2520262636319364,0.15338706936666305,14,17,2.0,19.0,0.8050600064871878,0.0,0.3012,634,2659,0.1,0.2,45
20,10,false,,0.10027482643705893,0.11088679331924053,0.010013627767256839,11,14,1.0,19.0,0.5305975521958244,0.0,0.273,635,2660,0.1,0.2,45
30,15,false,,0.08228072376114505,0.3849399272109582,0.3113016057092996,25,26,4.0,29.0,0.849244060475162,0.0,0.223,635,2660,0.1,0.2,45
40,20,false,,0.5537511643887751,0.0702180864332685,-0.5078393244476336,2,1,1.0,38.0,0.29858982219497243,0.0,0.07,635,2660,0.1,0.2,45
50,25,false,,0.0840448049185394,0.1244266420611239,0.035195226840497223,40,40,24.0,46.0,0.6363143631436314,0.28888888888888886,0.0936,635,2660,0.1,0.2,45
60,30,false,,0.09038728689303156,0.7503261165343151,0.6413996491528589,55,57,33.0,59.0,1.0,0.03468586387434555,0.0594,635,2660,0.1,0.2,45
20,10,false,,0.08935299991843072,0.639655401750421,0.5518469232467754,16,16,2.0,19.0,0.8356789653860783,0.0,0.2708,636,2661,0.1,0.2,45
30,15,false,,0.08894553790642165,0.18266160755505964,0.11080923661088612,20,26,1.0,29.0,0.6994147157190636,0.0,0.2424,636,2661,0.1,0.2,45
40,20,false,,0.1161382107546626,0.1230750636161952,0.01606636403738447,18,4,2.0,39.0,0.5493446414803392,0.0,0.2998,636,2661,0.1,0.2,45
50,25,true,,0.10808414417533649,0.21934736824518158,0.11234165851171665,42,42,25.0,49.0,0.7355946056395587,0.5128729055986923,0.259,636,2661,0.1,0.2,45
20,10,false,,0.14025663498997507,0.5463646802412109,0.4030887284272716,16,16,3.0,19.0,0.8500159897665495,0.0,0.294,637,2662,0.1,0.2,45
30,15,false,,0.12954256135876208,0.12538716521021753,-0.006931870541100865,20,26,2.0,29.0,0.4874118831822759,0.0,0.2786,637,2662,0.1,0.2,45
40,20,true,,0.11757290854343132,0.2921068340895708,0.1747925242910692,34,36,21.0,39.0,0.7665820949619427,0.0,0.2586,637,2662,0.1,0.2,45
20,10,false,,0.08128195314475208,0.40913905992372,0.3404934265984939,16,16,2.0,19.0,0.8273524720893142,0.0,0.2428,638,2663,0.1,0.2,45
30,15,false,,0.7956851655638013,0.053962795510788183,-0.7483277114484428,1,1,1.0,4.0,0.0,0.0,0.0606,638,2663,0.1,0.2,45
40,20,true,,0.07015034063347089,0.21678740323267712,0.14235455443669925,34,37,22.0,39.0,0.8319088319088319,0.0,0.0756,638,2663,0.1,0.2,45
20,10,false,,0.13310805801242193,0.1878407422870121,0.07686691710106344,15,17,2.0,19.0,0.5952689565780946,0.0,0.2932,639,2664,0.1,0.2,45
30,15,false,,0.1069963717054061,0.22011045989765732,0.12035702970232698,24,26,1.0,29.0,0.5932203389830508,0.0,0.2144,639,2664,0.1,0.2,45
40,20,false,,0.10952894040559578,0.08555901576042606,-0.028948901158241683,19,14,2.0,37.0,0.4134307903152124,0.0,0.1554,639,2664,0.1,0.2,45
50,25,false,,0.09636200662313513,0.08504941272095567,-0.0133480184862554,28,8,2.0,45.65000000000009,0.43218997361477574,0.08390501319261214,0.1152,639,2664,0.1,0.2,45
60,30,false,,0.10029086001021553,0.07780333589395579,-0.02787437495933611,26,37,2.0,43.0,0.3286219081272085,0.03297997644287397,0.0658,639,2664,0.1,0.2,45
20,10,false,,0.11480465286502314,0.6445044880817543,0.5244818612955453,16,17,3.0,19.0,0.8427391603578802,0.0,0.2782,640,2665,0.1,0.2,45
30,15,true,,0.12012183897739802,0.380402884718612,0.2638251396454236,23,26,1.0,29.0,0.7345070422535211,0.0,0.2742,640,2665,0.1,0.2,45
20,10,true,,0.04354141750766365,0.15685481841332582,0.12093355168618956,14,16,1.0,19.0,0.7256763170384433,0.0,0.1354,641,2666,0.1,0.2,45
20,10,false,,0.12390041165539119,0.25020231358613776,0.12928619385032192,15,16,2.0,19.0,0.7133676092544987,0.0,0.298,642,2667,0.1,0.2,45
30,15,false,,0.12965198011538998,0.11282355422725894,-0.013504458501098451,11,2,1.0,28.0,0.44900800556909154,0.0,0.269,642,2667,0.1,0.2,45
40,20,false,,0.12631525776468075,0.10931129379328305,-0.024878482186896395,10,5,1.0,38.0,0.41305153874675565,0.0,0.2708,642,2667,0.1,0.2,45
50,25,false,,0.12698301142912485,0.1217347901949922,-0.009688634920353809,28,44,2.0,48.0,0.4716981132075472,0.21622641509433962,0.265,642,2667,0.1,0.2,45
60,30,false,,0.23239697694326825,0.12207803509979062,-0.1172080639655807,4,4,1.0,20.0,0.2749003984063745,0.0,0.1416,642,2667,0.1,0.2,45
20,10,false,,0.08167442586774662,0.2635240368986799,0.17421699959836245,15,16,2.0,19.0,0.7499048344118767,0.0,0.2492,643,2668,0.1,0.2,45
30,15,false,,0.1066567004451129,0.14569503808436182,0.04933930018794756,18,26,2.0,29.0,0.6333452338450554,0.0,0.2944,643,2668,0.1,0.2,45
40,20,true,,0.11226846023939042,0.3010957290411468,0.1971309773245444,33,36,4.0,39.0,0.7673971549404075,0.0,0.2772,643,2668,0.1,0.2,45
20,10,false,,0.10683103741665194,0.3637988786864771,0.27047515366025415,15,16,2.0,19.0,0.7383937648254829,0.0,0.2916,644,2669,0.1,0.2,45
30,15,true,,0.08986391401240748,0.2617174741790642,0.16889081303061332,24,26,1.0,29.0,0.7430644472897994,0.0,0.2148,644,2669,0.1,0.2,45
20,10,false,,0.10502713972558464,0.3894694409447172,0.29618525213544916,15,1,1.0,19.0,0.7159740754860846,0.0,0.245,645,2670,0.1,0.2,45
30,15,false,,0.11184918832213704,0.12416483770270112,0.03472193290086871,12,1,1.0,27.0,0.5820512820512821,0.0,0.2972,645,2670,0.1,0.2,45
40,20,true,,0.11300432733344418,0.595868346342671,0.48414460769149953,34,35,2.0,39.0,0.8269082498072475,0.0,0.2536,645,2670,0.1,0.2,45
20,10,false,,0.12445287491904705,0.14592323217756845,0.027514757406016277,12,16,2.0,19.0,0.5832575068243858,0.0,0.3254,646,2671,0.1,0.2,45
30,15,false,,0.11740408176189217,0.10734664343923123,-0.011109694147956595,14,12,2.0,28.0,0.4672733636681834,0.0,0.2968,646,2671,0.1,0.2,45
40,20,false,,0.11586163601371702,0.12222357269580664,0.017293716770764217,17,9,2.0,38.0,0.5630410237109522,0.0,0.2822,646,2671,0.1,0.2,45
50,25,false,,0.7370629240583574,0.10894413752924956,-0.634206470164665,3,1,1.0,49.0,0.2748257839721254,0.19337979094076654,0.1892,646,2671,0.1,0.2,45
60,30,false,,0.12091049989813273,0.762777250712092,0.6371758205480597,55,55,49.0,59.0,0.9869227625664079,0.02043318348998774,0.1828,646,2671,0.1,0.2,45
20,10,false,,0.11981083323159848,0.1963543282256613,0.0888009759805495,12,1,1.0,19.0,0.618421052631579,0.0,0.2812,647,2672,0.1,0.2,45
30,15,true,,0.10090292659873416,0.3233964451623984,0.22819076368067584,24,26,4.0,29.0,0.8510166358595194,0.0,0.2804,647,2672,0.1,0.2,45
20,10,false,,0.11272130928521326,0.17909311866260746,0.09126812424153732,12,17,1.0,19.0,0.6563693162096494,0.0,0.295,648,2673,0.1,0.2,45
30,15,false,,0.11466605702152534,0.09907905487491182,-0.019392539898911917,12,4,1.0,28.0,0.43169196593854126,0.0,0.2834,648,2673,0.1,0.2,45
40,20,false,,0.14101577126406017,0.08143628654635086,-0.07634220200695561,12,3,1.0,37.0,0.26396588486140726,0.0,0.1906,648,2673,0.1,0.2,45
50,25,false,,0.10464311744909173,0.3200044740655432,0.22930565352196047,39,47,2.0,49.0,0.6447236180904523,0.40904522613065325,0.1578,648,2673,0.1,0.2,45
60,30,false,,0.16309839447767047,0.08379163249812492,-0.09810471275166138,7,2,1.0,44.0,0.23471074380165288,0.04242424242424243,0.1104,648,2673,0.1,0.2,45
20,10,false,,0.08701324758576146,0.13516147039559498,0.06098764725046087,11,17,1.0,19.0,0.6427007299270073,0.0,0.2608,649,2674,0.1,0.2,45
30,15,true,,0.081468801042561,0.3026758489969073,0.21379643397994158,23,26,2.0,29.0,0.7175090252707581,0.0,0.1646,649,2674,0.1,0.2,45
20,10,false,,0.3431691697898239,0.08195220427846775,-0.26827739045911936,4,2,1.0,18.0,0.1940028901734104,0.0,0.2436,650,2675,0.1,0.2,45
30,15,true,,0.11473802520328887,0.37764176537863814,0.27347684412348217,24,26,6.0,29.0,0.7677942212825933,0.0,0.2744,650,2675,0.1,0.2,45
20,10,false,,0.18681434660192936,0.15532779607037214,-0.05836726227881017,11,1,1.0,19.0,0.3963063881320012,0.0,0.304,651,2676,0.1,0.2,45
30,15,false,,0.15103541801271855,0.20506609065928627,0.06727980676712167,23,26,2.0,29.0,0.5942610305461278,0.0,0.2624,651,2676,0.1,0.2,45
40,20,false,,0.25068443513422645,0.12043658346785606,-0.14109908354323736,6,3,1.0,35.0,0.20855614973262032,0.0,0.2254,651,2676,0.1,0.2,45
50,25,false,,0.5705608637279772,0.1143999154946418,-0.44905812104332377,3,2,1.0,20.0,0.07651313285116101,0.0,0.1436,651,2676,0.1,0.2,45
60,30,true,,0.133937328956713,0.309888815997717,0.16953176331464992,54,55,42.0,59.0,0.7726964769647696,0.08468834688346884,0.2004,651,2676,0.1,0.2,45
20,10,false,,0.07008438495366603,0.6168116361086492,0.5393151560060974,16,16,10.0,19.0,0.9233822945613339,0.0,0.2852,652,2677,0.1,0.2,45
30,15,false,,0.09639332918139673,0.14345381242022626,0.06186992689344753,17,24,2.0,28.0,0.6767406273909717,0.0,0.3012,652,2677,0.1,0.2,45
40,20,false,,0.10975668115554096,0.16915854257395652,0.07087600338006253,30,35,3.0,39.0,0.6536979969183359,0.0,0.2922,652,2677,0.1,0.2,45
50,25,false,,0.12408472575972311,0.12166931986853924,0.011781410898442368,22,16,1.0,48.0,0.5268817204301075,0.1935483870967742,0.2624,652,2677,0.1,0.2,45
60,30,true,,0.11605278401949104,0.3052235672316657,0.1875569746256303,53,57,24.0,59.0,0.7903159622486664,0.12515387771850636,0.2574,652,2677,0.1,0.2,45
20,10,false,,0.143716805196501,0.31892162146566905,0.17763171446369022,15,17,2.0,19.0,0.7103639728562615,0.0,0.3028,653,2678,0.1,0.2,45
30,15,false,,0.13912277939392145,0.1514261737743279,0.021483174831607027,18,26,1.0,29.0,0.5447495961227786,0.0,0.2612,653,2678,0.1,0.2,45
40,20,false,,0.14764836875932918,0.1158841690177371,-0.049573513992727955,17,3,1.0,38.0,0.3834849545136459,0.0,0.253,653,2678,0.1,0.2,45
50,25,false,,0.12065778327578178,0.21396827140773375,0.09447120258799394,43,46,6.0,49.0,0.6664156626506024,0.5154367469879518,0.2398,653,2678,0.1,0.2,45
60,30,true,,0.12737650967584369,0.28942339970744196,0.16604927774414283,50,56,3.0,59.0,0.8078291814946619,0.14270462633451958,0.2102,653,2678,0.1,0.2,45
20,10,false,,0.13985351730945456,0.28269658657820074,0.15245049682339426,15,17,2.0,19.0,0.7149591451917033,0.0,0.2996,654,2679,0.1,0.2,45
30,15,false,,0.11111966889186892,0.17616476065043274,0.08064798817210171,21,26,3.0,29.0,0.6018484288354898,0.0,0.261,654,2679,0.1,0.2,45
40,20,false,,0.11929406986532085,0.11877529977376038,0.0003472345355753498,21,33,1.3999999999999915,38.0,0.5005645464809936,0.0,0.272,654,2679,0.1,0.2,45
50,25,false,,0.12215400000403673,0.13404832547859785,0.01520309826722839,32,45,3.0,48.0,0.5462857142857143,0.23695238095238094,0.2822,654,2679,0.1,0.2,45
60,30,false,,0.19477374186927932,0.11099780665433566,-0.07387841431127953,7,3,1.0,18.0,0.2517193947730399,0.0,0.0518,654,2679,0.1,0.2,45
20,10,false,,0.10281233339755612,0.1586247077029339,0.06697460737541427,12,15,1.0,19.0,0.6571613739468568,0.0,0.3138,655,2680,0.1,0.2,45
30,15,false,,0.11302373888833278,0.1033745824132759,-0.010224067718092977,13,2,1.0,29.0,0.4649283878075652,0.0,0.2742,655,2680,0.1,0.2,45
40,20,false,,0.10943281635304766,0.12124116557265563,0.01919963838440815,25,34,1.0,39.0,0.5503746877601998,0.0,0.223,655,2680,0.1,0.2,45
50,25,true,,0.1059123812127406,0.6012615534219606,0.5012826183773559,43,46,3.0,49.0,0.8522304832713755,0.5139405204460966,0.1816,655,2680,0.1,0.2,45
20,10,false,,0.0819819359253873,0.4205025728682104,0.3360593225199804,15,17,4.0,19.0,0.8124065769805681,0.0,0.2874,656,2681,0.1,0.2,45
30,15,true,,0.09558278687670439,0.206953980347303,0.12702984328009617,22,26,2.0,29.0,0.7210031347962382,0.0,0.2936,656,2681,0.1,0.2,45
20,10,false,,0.12127480907135507,0.17404650161287166,0.06480806453735694,13,16,1.0,19.0,0.6300096184674575,0.0,0.2962,657,2682,0.1,0.2,45
30,15,false,,0.12812399663173665,0.11812257060066322,-0.014926454269891004,12,2,1.0,28.0,0.4620295698924731,0.0,0.2878,657,2682,0.1,0.2,45
40,20,false,,0.11348963339173782,0.3862447333539949,0.2726351624521768,35,36,12.0,39.0,0.8620423892100193,0.0,0.26,657,2682,0.1,0.2,45
50,25,false,,0.12369058896205569,0.5157424206942793,0.3982254586243493,42,45,1.0,49.0,0.6701813580767608,0.47279628848587096,0.2082,657,2682,0.1,0.2,45
60,30,false,,0.1310499352535834,0.14102835806113842,0.04123995970297763,39,4,1.0,58.0,0.5952470765748774,0.15616748396831384,0.2244,657,2682,0.1,0.2,45
20,10,false,,0.14718457588090858,0.13458751461228005,-0.009475507076211642,7,2,1.0,19.0,0.48182695400450304,0.0,0.3082,658,2683,0.1,0.2,45
30,15,false,,0.1255884001381531,0.10434550377409418,-0.03500709464754098,17,2,1.0,28.0,0.4144805876180483,0.0,0.2714,658,2683,0.1,0.2,45
40,20,true,,0.1104774849407439,0.24443460608880316,0.13809540591318364,32,36,20.0,39.0,0.7553470919324577,0.0,0.2794,658,2683,0.1,0.2,45
20,10,false,,0.11137231911269863,0.3495183004297134,0.2503564742378166,15,16,1.0,19.0,0.7307300509337861,0.0,0.2726,659,2684,0.1,0.2,45
30,15,false,,0.518447798409137,0.0752952844242168,-0.44963224924696266,3,1,1.0,16.0,0.10667271901951884,0.0,0.2004,659,2684,0.1,0.2,45
40,20,false,,0.10474286039928479,0.2608749677717074,0.15580338275878597,35,37,9.0,39.0,0.7845833333333333,0.0,0.2474,659,2684,0.1,0.2,45
50,25,false,,0.24952077169547085,0.09650748829204303,-0.15899473495720273,6,4,1.0,26.0,0.17583333333333334,0.0,0.228,659,2684,0.1,0.2,45
60,30,false,,0.14852336973996075,0.11774241201516673,-0.027674031334069926,14,2,1.0,58.0,0.4426014840680925,0.08206023570493234,0.2232,659,2684,0.1,0.2,45
20,10,false,,0.09029362204244239,0.3954576763426313,0.30393701028538467,15,16,3.0,19.0,0.8686030428769018,0.0,0.3114,660,2685,0.1,0.2,45
30,15,false,,0.5182493411914746,0.09544693542870937,-0.4353322869629986,3,1,1.0,26.02500000000009,0.2512295081967213,0.0,0.2182,660,2685,0.1,0.2,45
40,20,false,,0.6384383590077414,0.09735170237843574,-0.5524479305772745,3,1,1.0,38.0,0.2945590994371482,0.0,0.175,660,2685,0.1,0.2,45
50,25,false,,0.11979864298150189,0.09661094137723705,-0.0317919777500356,11,5,2.0,41.0,0.3791917454858126,0.023215821152192607,0.2162,660,2685,0.1,0.2,45
60,30,false,,0.1321926648033039,0.12101649289339624,-0.01919647350628853,38,3,1.0,57.0,0.4625742574257426,0.14178217821782177,0.2432,660,2685,0.1,0.2,45
20,10,false,,0.0879589137313188,0.1562150861447134,0.08817738638031733,10,1,1.0,19.0,0.6964354158681487,0.0,0.2774,661,2686,0.1,0.2,45
30,15,false,,0.11802795284840552,0.11972960128635268,0.0015668755035246063,14,2,1.0,28.0,0.502356637863315,0.0,0.283,661,2686,0.1,0.2,45
40,20,false,,0.11279226885184161,0.15943882000621942,0.0745462351451125,17,36,1.0,38.0,0.676984126984127,0.0,0.2894,661,2686,0.1,0.2,45
50,25,false,,0.16466377351963696,0.10487505648492344,-0.07889723855806932,8,4,1.0,47.0,0.3164770332911926,0.05857564264643911,0.2594,661,2686,0.1,0.2,45
60,30,true,,0.11545972051094118,0.5907071804355871,0.4723662208629551,54,54,42.0,59.0,0.8978132884777124,0.11564339781328847,0.2412,661,2686,0.1,0.2,45
20,10,false,,0.12591017084478603,0.1705657507999588,0.05954244940931841,13,16,2.0,19.0,0.6334283000949668,0.0,0.2962,662,2687,0.1,0.2,45
30,15,false,,0.11986958478378457,0.19661021488679958,0.09902999592470682,22,26,2.0,29.0,0.676,0.0,0.2814,662,2687,0.1,0.2,45
40,20,false,,0.14128362420909119,0.10130450836248482,-0.04702056071131756,14,1,1.0,39.0,0.40199203187251,0.0,0.2082,662,2687,0.1,0.2,45
50,25,false,,0.12136575631485773,0.17997146199290973,0.06773865049941857,41,47,2.0,49.0,0.6106750392464678,0.41836734693877553,0.2384,662,2687,0.1,0.2,45
60,30,false,,0.6121129545281971,0.10808883139015822,-0.502322521535508,3,1,1.0,20.75,0.11714156490275893,0.0,0.1684,662,2687,0.1,0.2,45
20,10,false,,0.07178697434186593,0.4196126644757898,0.30090110378168505,15,17,3.0,19.0,0.8134180230250099,0.0,0.2334,663,2688,0.1,0.2,45
30,15,false,,0.0991576454869466,0.1744703532576278,0.08715863202953468,20,25,2.0,29.0,0.6813063063063063,0.0,0.295,663,2688,0.1,0.2,45
40,20,true,,0.10721662609606439,0.2636116731647057,0.1629548907228192,34,36,6.0,39.0,0.758203125,0.0,0.2766,663,2688,0.1,0.2,45
20,10,false,,0.12112660765947461,0.17076852287937117,0.07064542747639174,11,16,1.0,19.0,0.6523424878836833,0.0,0.3124,664,2689,0.1,0.2,45
30,15,false,,0.10072708039194163,0.7221303821589318,0.627423313719873,26,26,3.0,29.0,0.8559490648627139,0.0,0.2464,664,2689,0.1,0.2,45
40,20,false,,0.15288652355262067,0.09381476592109438,-0.06757227113226336,8,4,1.0,30.0,0.26822503961965133,0.0,0.2542,664,2689,0.1,0.2,45
50,25,false,,0.11383830431373816,0.13997067812147365,0.02935629413202287,42,45,7.0,49.0,0.5946804287415641,0.47677649861055976,0.2716,664,2689,0.1,0.2,45
60,30,true,,0.116319093190406,0.18376078653978253,0.06808739042458206,44,42,18.0,58.0,0.7157667386609071,0.252267818574514,0.199,664,2689,0.1,0.2,45
20,10,true,,0.13727199042693228,0.2738467823056475,0.15202063772232255,14,16,1.0,19.0,0.7490100517819068,0.0,0.3056,665,2690,0.1,0.2,45
20,10,false,,0.10203355119276852,0.09974499317199755,0.0012086983079800245,7,1,1.0,19.0,0.5023419203747073,0.0,0.249,666,2691,0.1,0.2,45
30,15,false,,0.07893706413721069,0.10368276215569525,0.025484153937648038,18,25,2.0,28.0,0.5617977528089888,0.0,0.1732,666,2691,0.1,0.2,45
40,20,false,,0.5638154678171757,0.06374948670032278,-0.4922028441771551,2,1,1.0,13.0,0.06675843083275981,0.0,0.0602,666,2691,0.1,0.2,45
50,25,false,,0.14527006615452,0.06672755355693485,-0.0676773416121728,5,5,1.0,16.0,0.24981245311327832,0.0,0.0432,666,2691,0.1,0.2,45
60,30,false,,0.08511637326522334,0.08002065340209231,-0.003999591563377529,17,17,3.0,27.0,0.41935483870967744,0.0,0.026,666,2691,0.1,0.2,45
20,10,false,,0.17354874266613654,0.12210367318606562,-0.07679552751365791,5,1,1.0,19.0,0.37809065934065933,0.0,0.2538,667,2692,0.1,0.2,45
30,15,false,,0.12192287753531002,0.12282264095265709,0.002684925896379628,12,4,1.0,28.0,0.5166953528399312,0.0,0.282,667,2692,0.1,0.2,45
40,20,false,,0.12278309210746391,0.2162235447237857,0.11683568411886164,28,36,2.0,39.0,0.6693576693576694,0.0,0.2674,667,2692,0.1,0.2,45
50,25,false,,0.12163943325373748,0.18292095902490685,0.0706036923046018,41,47,4.0,49.0,0.6570788195741502,0.42809114680612625,0.2322,667,2692,0.1,0.2,45
60,30,true,,0.12446697965593027,0.24106139121266656,0.12358482896461839,52,54,22.0,59.0,0.8132062146892656,0.19597457627118645,0.1954,667,2692,0.1,0.2,45
20,10,false,,0.10297710298424884,0.16761301482452737,0.08691922978478636,13,15,1.0,19.0,0.6874583055370247,0.0,0.3226,668,2693,0.1,0.2,45
30,15,false,,0.11643187330247903,0.4127409789774419,0.29495558502324665,25,26,7.0,29.0,0.8795220710255559,0.0,0.2868,668,2693,0.1,0.2,45
40,20,false,,0.33114618264222884,0.10043693175438546,-0.23817390993168364,4,1,1.0,17.0,0.128125,0.0,0.2228,668,2693,0.1,0.2,45
50,25,false,,0.11972923256380118,0.16761860266467446,0.043052809231548084,42,44,13.0,49.0,0.646301067353699,0.49355907250644093,0.2466,668,2693,0.1,0.2,45
60,30,false,,0.2312658340896604,0.11784338318878924,-0.12383694187537797,4,3,1.0,33.0,0.22090729783037474,0.013149243918474688,0.0914,668,2693,0.1,0.2,45
20,10,false,,0.13733356197650667,0.2724755047867326,0.15716705580911344,15,17,2.0,19.0,0.668433256045048,0.0,0.3036,669,2694,0.1,0.2,45
30,15,false,,0.13586429533375463,0.1378804214517183,0.004705201367990186,18,26,1.0,29.0,0.5098039215686274,0.0,0.2644,669,2694,0.1,0.2,45
40,20,false,,0.14903030027090564,0.1280635648121116,-0.03206559440269538,15,2,1.0,39.0,0.4621684867394696,0.0,0.207,669,2694,0.1,0.2,45
50,25,false,,0.17313772874399594,0.11558219737858982,-0.07174322947979346,9,6,1.0,46.0,0.2779564130046445,0.07502679528403002,0.238,669,2694,0.1,0.2,45
60,30,false,,0.13208474389945463,0.14032306002987105,0.012218602545087907,10,3,1.0,36.0,0.5608011444921316,0.0,0.2032,669,2694,0.1,0.2,45
20,10,false,,0.13480344327563426,0.18190651207836883,0.05638412273352533,14,17,2.0,19.0,0.6382783882783882,0.0,0.3184,670,2695,0.1,0.2,45
30,15,false,,0.11610084816118628,0.22309426443162841,0.12123915846137441,23,26,4.0,29.0,0.6146985372814842,0.0,0.2566,670,2695,0.1,0.2,45
40,20,false,,0.1689865216594024,0.07832619754250082,-0.09716631084157154,8,5,1.0,24.0,0.15098285236302803,0.0,0.1918,670,2695,0.1,0.2,45
50,25,false,,0.09622656514201713,0.5614409918172079,0.4720543258823373,45,46,14.0,49.0,0.8149606299212598,0.6259842519685039,0.1544,670,2695,0.1,0.2,45
60,30,false,,0.1509574423419483,0.15931937245741815,0.035703023253550195,43,2,1.0,58.0,0.5252525252525253,0.15235690235690236,0.2162,670,2695,0.1,0.2,45
20,10,false,,0.13059093208880287,0.1577482418304257,0.033037850736744145,11,1,1.0,19.0,0.5495403472931563,0.0,0.2434,671,2696,0.1,0.2,45
30,15,false,,0.3222840089835608,0.09223613171182671,-0.2319610869816729,4,1,1.0,26.0,0.1431297709923664,0.0,0.2174,671,2696,0.1,0.2,45
40,20,false,,0.1382989250644068,0.11623465127367384,-0.047182880142212134,16,2,1.0,38.0,0.43274619695756605,0.0,0.2476,671,2696,0.1,0.2,45
50,25,false,,0.34717949701487594,0.10120838197130076,-0.24813684856099244,4,1,1.0,19.0,0.1537147736976943,0.0,0.2164,671,2696,0.1,0.2,45
60,30,false,,0.1226487745930766,0.20644524088197447,0.09066323615936711,51,57,2.0,59.0,0.6588785046728972,0.07476635514018691,0.2268,671,2696,0.1,0.2,45
20,10,false,,0.11792467633764542,0.2667088383775861,0.16335448456321136,15,16,2.0,19.0,0.7040417209908736,0.0,0.296,672,2697,0.1,0.2,45
30,15,false,,0.12414060483321675,0.12775740964309368,0.005471051163585455,16,26,2.0,29.0,0.5160246034315312,0.0,0.3028,672,2697,0.1,0.2,45
40,20,false,,0.176530493538364,0.11407789328296156,-0.07412860603071827,7,2,1.0,38.0,0.34224011713030744,0.0,0.2154,672,2697,0.1,0.2,45
50,25,false,,0.11861214711526989,0.7075131977575801,0.581916595333609,46,46,40.0,49.0,0.9896949711459192,0.854080791426216,0.2016,672,2697,0.1,0.2,45
60,30,false,,0.18039254217316147,0.12409705023784026,-0.06728893105607024,6,1,1.0,38.0,0.2564852027767629,0.001826817683595177,0.1816,672,2697,0.1,0.2,45
20,10,false,,0.1789756130553926,0.09538013190853833,-0.09487166657229412,6,1,1.0,18.0,0.2668252889191027,0.0,0.279,673,2698,0.1,0.2,45
30,15,false,,0.14517766651231212,0.08520528325003325,-0.07604464962600448,11,3,1.0,27.0,0.24684684684684685,0.0,0.2642,673,2698,0.1,0.2,45
40,20,false,,0.26657435270591345,0.09977173362872771,-0.17343510767853493,4,1,1.0,28.0,0.19659505472233482,0.0,0.215,673,2698,0.1,0.2,45
50,25,false,,0.3688251886257712,0.10264613475648808,-0.2691257218170773,4,3,1.0,14.0,0.12521008403361344,0.0,0.2042,673,2698,0.1,0.2,45
60,30,true,,0.11889265999276548,0.48694178732988813,0.36162684304086157,54,56,37.0,59.0,0.961218836565097,0.20182034032449545,0.245,673,2698,0.1,0.2,45
20,10,false,,0.09474650519633264,0.11252198556460677,0.03214909485614079,12,16,1.0,19.0,0.5719584569732937,0.0,0.2832,674,2699,0.1,0.2,45
30,15,false,,0.10130859418121263,0.11580591772664525,0.022084043490692984,12,8,2.0,28.0,0.5598591549295775,0.0,0.296,674,2699,0.1,0.2,45
40,20,true,,0.10188305985747366,0.211277065664663,0.11690430112165441,30,36,5.0,39.0,0.7323358270989194,0.0,0.23,674,2699,0.1,0.2,45
20,10,false,,0.18468071735027117,0.11444664095030312,-0.09449807832490825,6,1,1.0,19.0,0.3217226092463585,0.0,0.2606,675,2700,0.1,0.2,45
30,15,false,,0.11193063136157214,0.13105774591797503,0.03681563619722064,22,27,4.0,29.0,0.5603042375950742,0.0,0.265,675,2700,0.1,0.2,45
40,20,false,,0.15244568239862408,0.09812933015638092,-0.061529331750045047,10,3,1.0,37.0,0.3427435387673956,0.0,0.2424,675,2700,0.1,0.2,45
50,25,true,,0.11639685129935268,0.65829240045761,0.5372298434461077,44,46,34.0,49.0,0.9733646690168429,0.6443399921660791,0.271,675,2700,0.1,0.2,45
20,10,false,,0.12070586966537239,0.1684449368153701,0.06047215231249953,11,16,1.0,19.0,0.647671568627451,0.0,0.3288,676,2701,0.1,0.2,45
30,15,false,,0.12464217246645692,0.11827551637312055,-0.004168516169659062,19,24,2.0,29.0,0.4786635792259345,0.0,0.2784,676,2701,0.1,0.2,45
40,20,false,,0.12201822931397949,0.12761361560710083,0.009488953427362667,19,36,2.0,38.0,0.5382698469206123,0.0,0.2688,676,2701,0.1,0.2,45
50,25,false,,0.1569181798382397,0.11350098238469489,-0.05090271363767511,17,1,1.0,47.0,0.38241067923046723,0.15076560659599528,0.2088,676,2701,0.1,0.2,45
60,30,false,,0.12878855285358545,0.14014749814727442,0.01922051622004084,33,56,2.0,58.0,0.5598526703499079,0.056721915285451195,0.2314,676,2701,0.1,0.2,45
20,10,false,,0.1324130977081774,0.35952184077607885,0.23487405054202254,13,15,1.0,19.0,0.6737612238111074,0.0,0.29,677,2702,0.1,0.2,45
30,15,false,,0.13490941414575133,0.12887777165043396,-0.008458013334687133,21,27,1.0,29.0,0.4876586741889986,0.0,0.253,677,2702,0.1,0.2,45
40,20,false,,0.1481031636553812,0.09960561761806166,-0.06101772891442157,12,6,2.0,30.0,0.2823321554770318,0.0,0.2636,677,2702,0.1,0.2,45
50,25,false,,0.16844308111379214,0.10504090465785766,-0.07491321033430262,7,2,1.0,47.0,0.2924886191198786,0.08801213960546282,0.2386,677,2702,0.1,0.2,45
60,30,false,,0.1271831005869161,0.15664631659669861,0.06475559433779568,31,57,5.0,59.0,0.6149212233549582,0.03151065801668211,0.1518,677,2702,0.1,0.2,45
20,10,false,,0.12455975255424048,0.23741846248914525,0.1399308195053505,14,17,1.0,19.0,0.6356232294617564,0.0,0.2666,678,2703,0.1,0.2,45
30,15,false,,0.25925906313909086,0.08344344136600193,-0.18454033464395433,5,2,1.0,26.0,0.14126984126984127,0.0,0.1976,678,2703,0.1,0.2,45
40,20,false,,0.13197406319994828,0.10497520886904702,-0.03354424934467928,13,5,2.0,39.0,0.423444976076555,0.0,0.2534,678,2703,0.1,0.2,45
50,25,false,,0.12625215082621807,0.2751136444237447,0.17126660874197094,41,47,1.0,49.0,0.6559614612605379,0.43516659975913285,0.2476,678,2703,0.1,0.2,45
60,30,true,,0.11323466204895784,0.7279959427432796,0.6092008086113683,54,56,40.0,59.0,0.9602484472049689,0.14824016563146997,0.2506,678,2703,0.1,0.2,45
20,10,false,,0.096367418159478,0.16139274417771082,0.06770615295234875,14,16,1.0,19.0,0.6491791577444682,0.0,0.2756,679,2704,0.1,0.2,45
30,15,false,,0.1152683680736869,0.11335987390350624,-0.00957713094689841,13,4,1.0,28.0,0.4792203015814638,0.0,0.2492,679,2704,0.1,0.2,45
40,20,false,,0.11378397048607569,0.10846673916475194,-0.0029162449519694045,14,4,1.0,38.0,0.48606687898089174,0.0,0.258,679,2704,0.1,0.2,45
50,25,true,,0.11362850433502175,0.2857063510531521,0.1717339859807715,41,39,21.02499999999999,49.0,0.7622950819672131,0.4168618266978923,0.2644,679,2704,0.1,0.2,45
20,10,false,,0.11808771208060867,0.10716163447817927,-0.009836098760170747,10,16,1.0,19.0,0.47502656748140276,0.0,0.245,680,2705,0.1,0.2,45
30,15,false,,0.4150008150947773,0.06869362281078775,-0.3381166361077007,3,1,1.0,26.0,0.19362511893434825,0.0,0.1828,680,2705,0.1,0.2,45
40,20,false,,0.15537878396163793,0.07692669530212777,-0.07968283565313966,6,4,1.0,38.0,0.21142284569138275,0.0,0.1422,680,2705,0.1,0.2,45
50,25,false,,0.125999256026194,0.3143002334707946,0.19940974706243836,43,46,1.0,49.0,0.6698947368421052,0.504421052631579,0.249,680,2705,0.1,0.2,45
60,30,false,,0.371178066870971,0.10323306918619925,-0.26748923218259035,4,4,1.0,13.0,0.08656575212866603,0.0,0.1564,680,2705,0.1,0.2,45
20,10,false,,0.15839578873710936,0.09258923563745265,-0.070266309738344,7,2,1.0,18.0,0.3442126514131898,0.0,0.2866,681,2706,0.1,0.2,45
30,15,false,,0.10895957787094622,0.0878080301196168,-0.03370744958636439,8,5,1.0,28.0,0.4090128755364807,0.0,0.2048,681,2706,0.1,0.2,45
40,20,false,,0.34142530746887884,0.06563198352574884,-0.29021562127531275,3,1,1.0,32.0,0.13905522288755823,0.0,0.096,681,2706,0.1,0.2,45
50,25,false,,0.8488593150456011,0.06134050265086124,-0.7822321244817179,1,1,1.0,6.0,0.0014847809948032665,0.0,0.0384,681,2706,0.1,0.2,45
60,30,false,,0.26773559890539367,0.07561128068921295,-0.1769650117269245,3,2,1.0,30.0,0.14721723518850988,0.0,0.0274,681,2706,0.1,0.2,45
20,10,false,,0.15427445157678638,0.12568766949956717,-0.027906686014608745,8,2,1.0,18.0,0.4359795134443022,0.0,0.2872,682,2707,0.1,0.2,45
30,15,true,,0.11605942876036855,0.19163634384220096,0.09862778634218408,22,26,2.0,29.0,0.7015761821366024,0.0,0.276,682,2707,0.1,0.2,45
20,10,true,,0.13321776786616168,0.3752850099285259,0.24378632397688754,14,16,1.0,19.0,0.7060020345879959,0.0,0.285,683,2708,0.1,0.2,45
20,10,true,,0.14347789680363185,0.3526426726181918,0.22779215060126828,14,15,3.0,19.0,0.7676886792452831,0.0,0.3248,684,2709,0.1,0.2,45
20,10,true,,0.10681051955909081,0.23205602709494244,0.14084869285844143,14,15,2.0,19.0,0.7784995128288406,0.0,0.3066,685,2710,0.1,0.2,45
20,10,false,,0.12320931298933686,0.10960164598360168,-0.029973116656519083,7,1,1.0,19.0,0.4631192660550459,0.0,0.2762,686,2711,0.1,0.2,45
30,15,false,,0.10661860910415191,0.14701102757734716,0.07535722874909642,20,25,1.0,29.0,0.6372993001235077,0.0,0.266,686,2711,0.1,0.2,45
40,20,false,,0.1259486928253648,0.10426503954607264,-0.019802225956020256,10,4,1.0,37.34999999999991,0.4327881930594336,0.0,0.2652,686,2711,0.1,0.2,45
50,25,false,,0.11808687407376643,0.14757488320197085,0.051295401340601364,34,46,2.0,48.0,0.6186174391201885,0.27729772191673213,0.2752,686,2711,0.1,0.2,45
60,30,false,,0.37531693616204725,0.10623153024905095,-0.2718075610312001,4,3,1.0,18.0,0.12976782752902155,0.0,0.2114,686,2711,0.1,0.2,45
20,10,false,,0.0977464151481741,0.11961253317374475,0.037625995034160926,12,16,1.0,19.0,0.5708855948308628,0.0,0.264,687,2712,0.1,0.2,45
30,15,false,,0.11765099118898635,0.09737685275487704,-0.01707877662567507,10,2,1.0,28.0,0.4513888888888889,0.0,0.2574,687,2712,0.1,0.2,45
40,20,false,,0.1120567197914544,0.22141314735161433,0.1110256260169003,32,35,3.0,39.0,0.6721311475409836,0.0,0.2756,687,2712,0.1,0.2,45
50,25,false,,0.123519677609454,0.21768349124013914,0.11538675575869459,39,47,1.0,49.0,0.5710503089143866,0.3773168578993822,0.2276,687,2712,0.1,0.2,45
60,30,true,,0.11568958085995157,0.3017666417293774,0.17843138592567576,50,55,30.0,58.0,0.8002431118314425,0.1920583468395462,0.215,687,2712,0.1,0.2,45
20,10,false,,0.14295789901654937,0.14765951449631456,0.007955382061079652,11,2,1.0,19.0,0.5137997432605905,0.0,0.3162,688,2713,0.1,0.2,45
30,15,false,,0.15858520101933923,0.2018262853306967,0.07602124345893853,21,1,1.0,29.0,0.5383141762452107,0.0,0.2032,688,2713,0.1,0.2,45
40,20,false,,0.12436137702231208,0.12762452959715362,0.001025163629827977,31,36,2.0,39.0,0.5010402219140083,0.0,0.2632,688,2713,0.1,0.2,45
50,25,false,,0.20414376224678477,0.11599150669526104,-0.10201746898684129,8,2,1.0,48.0,0.3477034649476229,0.12933118452860595,0.2188,688,2713,0.1,0.2,45
60,30,false,,0.12563210610474113,0.1581565563760503,0.03348146877799323,50,54,5.0,59.0,0.6078571428571429,0.1767857142857143,0.1864,688,2713,0.1,0.2,45
20,10,false,,0.14710145373066374,0.19461654039722487,0.08013417781586216,13,16,1.0,19.0,0.5897352075841779,0.0,0.2892,689,2714,0.1,0.2,45
30,15,false,,0.13130474144800455,0.12869907148589688,0.007895650567746673,16,27,1.0,29.0,0.5118191161356629,0.0,0.288,689,2714,0.1,0.2,45
40,20,false,,0.1318383522442215,0.10777346032128388,-0.03044412245032485,17,2,1.0,39.0,0.42712139667072674,0.0,0.2444,689,2714,0.1,0.2,45
50,25,false,,0.415253253818226,0.08998686113075774,-0.3286923430439507,4,2,1.0,13.0,0.06274681878016675,0.0,0.1702,689,2714,0.1,0.2,45
60,30,false,,0.1386657053664621,0.11392289601624472,-0.0255857867738436,15,11,1.0,34.0,0.37732198142414863,0.0,0.2256,689,2714,0.1,0.2,45
20,10,false,,0.15685870803458746,0.21173507729121258,0.07471134128666118,13,16,1.0,19.0,0.6231565735801694,0.0,0.319,690,2715,0.1,0.2,45
30,15,false,,0.1417690215633593,0.5300741171455562,0.3913570716990873,25,27,2.0,29.0,0.7373211963589077,0.0,0.2486,690,2715,0.1,0.2,45
40,20,false,,0.13369695409447846,0.2804110794421414,0.16619317789017726,32,35,2.0,39.0,0.6373889268626111,0.0,0.2406,690,2715,0.1,0.2,45
50,25,false,,0.15997181402205954,0.10330852352764248,-0.06408536507936625,13,10,2.0,35.0,0.2345117255862793,0.0,0.2304,690,2715,0.1,0.2,45
60,30,false,,0.5693490616420196,0.1138837249876539,-0.4551430098791724,3,2,1.0,13.0,0.04201331114808652,0.0,0.134,690,2715,0.1,0.2,45
20,10,true,,0.12544047985231685,0.22326112642022847,0.11862642381653427,12,15,2.0,19.0,0.7034074074074074,0.0,0.2998,691,2716,0.1,0.2,45
20,10,false,,0.13953499675517136,0.15682054446514831,0.024990224545723076,14,16,1.0,19.0,0.5376555337262606,0.0,0.2856,692,2717,0.1,0.2,45
30,15,false,,0.12504699458807642,0.1772965827944681,0.07347310642300497,20,25,2.0,29.0,0.619031377899045,0.0,0.2714,692,2717,0.1,0.2,45
40,20,false,,0.12126693011830708,0.16998201946842967,0.07618459096930986,28,36,2.0,39.0,0.629848540820096,0.0,0.2472,692,2717,0.1,0.2,45
50,25,false,,0.1223305724048308,0.18536448059186256,0.0808236028357873,40,47,4.075000000000003,49.0,0.6656580937972768,0.4152798789712557,0.2292,692,2717,0.1,0.2,45
60,30,false,,0.13129598307506093,0.14884139010850317,0.04481577312638467,19,54,1.0,58.0,0.6412958626073381,0.0546448087431694,0.1648,692,2717,0.1,0.2,45
20,10,false,,0.10085231768580823,0.15265686582495255,0.06600780739253162,10,15,1.0,19.0,0.6604465178273908,0.0,0.3138,693,2718,0.1,0.2,45
30,15,false,,0.1012800000523281,0.11665147916802975,0.02226378324672229,15,23,1.0,29.0,0.5720823798627003,0.0,0.2534,693,2718,0.1,0.2,45
40,20,false,,0.21740992649705618,0.09869642272892806,-0.12003531999392038,6,1,1.0,22.0,0.23286004056795132,0.0,0.2294,693,2718,0.1,0.2,45
50,25,false,,0.12924174494134505,0.1064194896639467,-0.03424388136462056,12,5,1.0,41.0,0.36461661341853036,0.0231629392971246,0.2614,693,2718,0.1,0.2,45
60,30,true,,0.11949099994704655,0.28039723661700783,0.17194498075256118,50,55,19.0,59.0,0.7711422845691382,0.043687374749499,0.2516,693,2718,0.1,0.2,45
20,10,false,,0.11751742780408117,0.11102385514952369,-0.006176882411945306,10,15,1.0,19.0,0.4769475357710652,0.0,0.3094,694,2719,0.1,0.2,45
30,15,false,,0.16220620612248332,0.058358661086428856,-0.11174932395901811,7,1,1.0,26.0,0.18693206404154045,0.0,0.1538,694,2719,0.1,0.2,45
40,20,false,,0.08825573265385983,0.11555189878948462,0.03330010306557418,27,30,1.0,38.0,0.5779448621553884,0.0,0.1154,694,2719,0.1,0.2,45
50,25,false,,0.08504009802466969,0.12971400845983136,0.045796746250483814,41,47,27.0,49.0,0.6636720943290286,0.41493542953396967,0.0856,694,2719,0.1,0.2,45
60,30,false,,0.7072903549538507,0.07060858218440738,-0.6350094283850793,2,1,1.0,4.0,0.0,0.0,0.0302,694,2719,0.1,0.2,45
20,10,false,,0.1455199540929379,0.1932265930851968,0.06827476661578945,11,17,1.0,19.0,0.646931853222325,0.0,0.313,695,2720,0.1,0.2,45
30,15,false,,0.17899668440433653,0.13844027095252662,-0.042376718742157954,5,1,1.0,28.0,0.4286208088489457,0.0,0.2342,695,2720,0.1,0.2,45
40,20,false,,0.13716622356801506,0.13857594245374122,0.00459532068100986,20,37,2.0,38.0,0.5166240409207161,0.0,0.2516,695,2720,0.1,0.2,45
50,25,false,,0.14379419354991918,0.13305431621063488,-0.01913856742428341,20,2,1.0,49.0,0.4404674945215486,0.3298027757487217,0.2,695,2720,0.1,0.2,45
60,30,false,,0.14044100792719802,0.14723809257578954,0.014282620288610604,24,1,1.0,58.0,0.550608695652174,0.06330434782608696,0.2082,695,2720,0.1,0.2,45
20,10,false,,0.08441348769703154,0.09939527191882791,0.017226264404219607,11,17,2.0,19.0,0.5569846373704894,0.0,0.2812,696,2721,0.1,0.2,45
30,15,false,,0.10328027551712712,0.1426711017722026,0.056725710682400246,20,26,1.0,29.0,0.6398122800156434,0.0,0.2888,696,2721,0.1,0.2,45
40,20,true,,0.10753974553110719,0.18829676076778784,0.09177471867592649,27,36,3.0,39.0,0.7397671798723244,0.0,0.3008,696,2721,0.1,0.2,45
20,10,false,,0.09838347786242982,0.17707776095705746,0.09667396102783532,14,16,1.0,19.0,0.677198325085649,0.0,0.2862,697,2722,0.1,0.2,45
30,15,false,,0.10055985156083322,0.18393922856350653,0.09665195100427064,21,26,2.0,29.0,0.6830601092896175,0.0,0.2774,697,2722,0.1,0.2,45
40,20,false,,0.13574672363996743,0.10885602742545543,-0.020784837967589537,11,2,1.0,38.0,0.4497475906379073,0.0,0.2,697,2722,0.1,0.2,45
50,25,false,,0.46309270745023157,0.0797190307701009,-0.3800400860524933,4,3,1.0,20.0,0.09646464646464646,0.0,0.1442,697,2722,0.1,0.2,45
60,30,true,,0.10814841539555341,0.39122329214866625,0.17172040246161174,44,53,26.175,58.82499999999999,0.8125,0.3233695652173913,0.0238,697,2722,0.1,0.2,45
20,10,false,,0.15421642857198156,0.10849788621620517,-0.045130844949384796,6,1,1.0,18.0,0.4201556131900704,0.0,0.2474,698,2723,0.1,0.2,45
30,15,false,,0.11439624797510657,0.21197768225283298,0.11282670093716417,23,26,3.0,29.0,0.6989209885137487,0.0,0.2798,698,2723,0.1,0.2,45
40,20,false,,0.2527321141070087,0.10026263406139128,-0.1508846392188708,4,2,1.0,35.0,0.24646128226477934,0.0,0.2026,698,2723,0.1,0.2,45
50,25,false,,0.1604141626121876,0.11049793088101727,-0.08063008489813098,20,1,1.0,49.0,0.384263114071607,0.21648626144879268,0.2234,698,2723,0.1,0.2,45
60,30,false,,0.15940430926942042,0.1084780077506152,-0.05788033228594117,10,1,1.0,29.0,0.27570480928689883,0.0,0.1932,698,2723,0.1,0.2,45
20,10,false,,0.11516833519876406,0.13207021637641558,0.027222894259295374,10,3,1.0,19.0,0.5585374035558538,0.0,0.3,699,2724,0.1,0.2,45
30,15,false,,0.10621349606277254,0.42445277509545865,0.311601842444952,25,26,11.0,29.0,0.849590469099032,0.0,0.2692,699,2724,0.1,0.2,45
40,20,false,,0.11963543852443563,0.1294230340536632,0.02354990776240041,18,2,2.0,38.0,0.5719424460431655,0.0,0.2898,699,2724,0.1,0.2,45
50,25,false,,0.18795398383395057,0.10687839825071842,-0.08520749687337953,7,2,1.0,25.0,0.2975308641975309,0.0,0.2346,699,2724,0.1,0.2,45
60,30,true,,0.11983771612991516,0.23176760759212725,0.11737141130996791,48,54,2.0,59.0,0.793733681462141,0.1939574785527788,0.235,699,2724,0.1,0.2,45
20,10,false,,0.11914361939887791,0.12997264979705114,0.02342356604699343,9,7,1.0,19.0,0.5551470588235294,0.0,0.3226,700,2725,0.1,0.2,45
30,15,false,,0.1318553868753818,0.1268665273734965,-0.006511708503055394,17,2,1.0,29.0,0.489337822671156,0.0,0.2518,700,2725,0.1,0.2,45
40,20,false,,0.29936403541932655,0.09694957181439708,-0.20740824861322327,5,2,1.0,35.0,0.15739644970414202,0.0,0.2284,700,2725,0.1,0.2,45
50,25,false,,0.12345886011262829,0.12498742319079577,0.008187827638075906,27,45,3.0,49.0,0.527332361516035,0.2161078717201166,0.2512,700,2725,0.1,0.2,45
60,30,false,,0.1451589803844008,0.12251545039978064,-0.026375883004373768,12,4,1.0,30.0,0.39061940565699965,0.0,0.2344,700,2725,0.1,0.2,45
20,10,false,,0.406391383332894,0.10611709673356728,-0.30964458575802756,3,2,1.0,16.0,0.20224312590448626,0.0,0.2522,701,2726,0.1,0.2,45
30,15,false,,0.1314234281119639,0.146781417546987,0.01848160363370739,21,27,2.0,29.0,0.529986962190352,0.0,0.2818,701,2726,0.1,0.2,45
40,20,false,,0.13348512364409332,0.10809027295563982,-0.03348929933507827,20,16,4.0,38.0,0.37955953200275294,0.0,0.267,701,2726,0.1,0.2,45
50,25,false,,0.1356010707609162,0.11471240783773379,-0.011785058000381335,16,5,1.0,49.0,0.4753891459823307,0.29869583508624314,0.2056,701,2726,0.1,0.2,45
60,30,true,,0.12025532113618181,0.27789068797810557,0.14875161772220835,49,56,7.0,59.0,0.7360549717057397,0.2053354890864996,0.2444,701,2726,0.1,0.2,45
20,10,false,,0.10000095749687024,0.17688878021949617,0.0791001591894528,14,17,1.0,19.0,0.6581504138179202,0.0,0.2852,702,2727,0.1,0.2,45
30,15,false,,0.12903617680226048,0.10012939417771041,-0.04070353527013315,7,2,1.0,27.0,0.40046929996089164,0.0,0.2672,702,2727,0.1,0.2,45
40,20,false,,0.116300610802277,0.12221416667095092,0.013853663703660257,25,32,2.0,39.0,0.5377498149518875,0.0,0.2666,702,2727,0.1,0.2,45
50,25,false,,0.11769713551548676,0.10639592134727446,-0.015435082017030727,27,46,2.0,47.15000000000009,0.43595959595959594,0.1511111111111111,0.2306,702,2727,0.1,0.2,45
60,30,false,,0.45251738526712604,0.1069375797820101,-0.3465652568513111,4,3,1.0,32.0,0.17688266199649738,0.0,0.1912,702,2727,0.1,0.2,45
20,10,false,,0.2030380139282152,0.11901283943147976,-0.10785316959283392,7,4,1.0,19.0,0.28959952181709503,0.0,0.2982,703,2728,0.1,0.2,45
30,15,false,,0.1292014562010994,0.20668591102688952,0.08374479194586276,21,26,2.0,29.0,0.5908629441624366,0.0,0.2792,703,2728,0.1,0.2,45
40,20,false,,0.2048730734098482,0.09074886555536262,-0.11970209356388654,7,3,1.0,31.0,0.17091177556293835,0.0,0.2336,703,2728,0.1,0.2,45
50,25,true,,0.11521505147150628,0.6914387610985894,0.5715883973137525,44,46,26.0,49.0,0.9293130990415336,0.5846645367412141,0.2428,703,2728,0.1,0.2,45
20,10,false,,0.07668058384160295,0.098822105765362,0.024458772704850164,13,15,1.0,19.0,0.5457999155761925,0.0,0.1964,704,2729,0.1,0.2,45
30,15,false,,0.0916807438240147,0.07828722652249896,-0.016865233767786092,12,1,1.0,27.0,0.47962867457452296,0.0,0.107,704,2729,0.1,0.2,45
40,20,true,,0.06326315071993054,0.24950306571660585,0.1854995228549313,32,34,20.0,38.0,0.9249408983451537,0.0,0.0618,704,2729,0.1,0.2,45
20,10,false,,0.1360234822455916,0.05427513151171862,-0.07798027234724295,5,3,1.0,19.0,0.28278513455788123,0.0,0.201,705,2730,0.1,0.2,45
30,15,false,,0.6899535891474092,0.04936888583683915,-0.6547188975659222,2,1,1.0,24.0,0.17263843648208468,0.0,0.0574,705,2730,0.1,0.2,45
40,20,false,,0.07789391905392408,0.08029164755364461,0.009706169319087823,10,11,1.0,24.0,0.5703225806451613,0.0,0.069,705,2730,0.1,0.2,45
50,25,true,,0.06727491981670734,0.09639693192290723,0.03630946941484185,30,36,10.0,40.0,0.7008166295471417,0.0,0.04,705,2730,0.1,0.2,45
20,10,true,,0.07557617346867465,0.17707127466358377,0.10930399812930569,13,16,2.0,19.0,0.7597911227154047,0.0,0.3026,706,2731,0.1,0.2,45
20,10,false,,0.09114192808736601,0.1273487138683782,0.041686903721123436,10,13,1.0,19.0,0.6137529934998289,0.0,0.3174,707,2732,0.1,0.2,45
30,15,false,,0.5656744412648309,0.07778409353232292,-0.48769792457735583,3,1,1.0,18.0,0.0932420872540633,0.0,0.212,707,2732,0.1,0.2,45
40,20,false,,0.28391260190198125,0.0825043103891515,-0.20526093345049798,4,2,1.0,17.0,0.15554488718194912,0.0,0.1882,707,2732,0.1,0.2,45
50,25,false,,0.1144846691255137,0.14107464338468284,0.04309771831030888,25,45,2.0,48.0,0.633453381352541,0.1788715486194478,0.2872,707,2732,0.1,0.2,45
60,30,false,,0.17222924460991004,0.10049669413368331,-0.08344127135373344,9,4,1.0,32.0,0.28261851015801354,0.0,0.1788,707,2732,0.1,0.2,45
20,10,false,,0.09948196723474087,0.20360524713870898,0.11754190780627993,12,16,1.0,19.0,0.6884906960716747,0.0,0.2932,708,2733,0.1,0.2,45
30,15,true,,0.09890673852142833,0.1794766875931039,0.10558918439774066,20,26,1.875000000000007,29.0,0.7189984101748808,0.0,0.2844,708,2733,0.1,0.2,45
20,10,false,,0.13488312845425993,0.5544074292577493,0.42779553657951214,16,17,1.0,19.0,0.8022735101619015,0.0,0.2686,709,2734,0.1,0.2,45
30,15,true,,0.123604741743534,0.22176237531676818,0.11112595760165181,24,27,9.0,29.0,0.7479352494218698,0.0,0.2892,709,2734,0.1,0.2,45
20,10,false,,0.15859314182266004,0.1328747924949205,-0.02775707807490336,8,3,1.0,19.0,0.4285272277227723,0.0,0.3154,710,2735,0.1,0.2,45
30,15,false,,0.1287584499274033,0.15493524581963544,0.028912646465112185,23,27,3.0,29.0,0.5791085403198367,0.0,0.2688,710,2735,0.1,0.2,45
40,20,false,,0.15201413825074647,0.1113502522955023,-0.04873780363306255,10,2,1.0,39.0,0.4108231707317073,0.0,0.2236,710,2735,0.1,0.2,45
50,25,false,,0.11594603343248311,0.19628511020429856,0.08882693290781436,43,46,5.0,49.0,0.6769352290679305,0.514218009478673,0.239,710,2735,0.1,0.2,45
60,30,false,,0.1871724724502228,0.12034523992848165,-0.0772245820950829,8,2,1.0,56.0,0.36091177712114814,0.023638666103841282,0.1608,710,2735,0.1,0.2,45
20,10,false,,0.11621166080501887,0.1075462012873246,-0.004686775275958628,10,1,1.0,19.0,0.4883879781420765,0.0,0.2826,711,2736,0.1,0.2,45
30,15,true,,0.10553342467438316,0.47272201100506617,0.3662457311961777,24,27,3.0,29.0,0.7962891379976808,0.0,0.2712,711,2736,0.1,0.2,45
20,10,true,,0.13301936930940025,0.2563903689043037,0.1454311197596191,13,16,2.0,19.0,0.7116378000607718,0.0,0.3282,712,2737,0.1,0.2,45
20,10,false,,0.09147720261731937,0.12404663741972129,0.03878603781264828,8,2,1.0,18.0,0.6063675832127352,0.0,0.2996,713,2738,0.1,0.2,45
30,15,false,,0.0867414985719723,0.35793714386459113,0.27093348889304897,25,26,4.0,29.0,0.85297845373891,0.0,0.2412,713,2738,0.1,0.2,45
40,20,true,,0.10937278450467411,0.554576928738042,0.44766119476387756,34,36,4.0,39.0,0.8363853503184714,0.0,0.2844,713,2738,0.1,0.2,45
20,10,false,,0.058705204706613376,0.5123060881009873,0.42702581436318504,15,16,1.0,19.0,0.7857142857142857,0.0,0.1628,714,2739,0.1,0.2,45
30,15,true,,0.06792791519636991,0.17031196422587885,0.10838210204175136,23,25,8.0,29.0,0.7435897435897436,0.0,0.1048,714,2739,0.1,0.2,45
20,10,false,,0.1222142098394423,0.4170568557258467,0.30275204446163073,16,16,4.0,19.0,0.74791800128123,0.0,0.281,715,2740,0.1,0.2,45
30,15,false,,0.11410453637547438,0.5003458796714374,0.39116326429409615,25,26,6.0,29.0,0.8504317789291883,0.0,0.285,715,2740,0.1,0.2,45
40,20,false,,0.11478620576413918,0.1133215845693556,-0.0012176507892680336,29,36,2.0,39.0,0.4992193598750976,0.0,0.2372,715,2740,0.1,0.2,45
50,25,false,,0.1394792607419048,0.1042305326831455,-0.03430224363519742,25,3,1.0,48.0,0.42255965292841646,0.20911062906724512,0.2058,715,2740,0.1,0.2,45
60,30,false,,0.10847437569855584,0.11228489117999235,0.005046590368143672,32,56,9.0,58.0,0.5321252059308073,0.1015925315760571,0.1108,715,2740,0.1,0.2,45
20,10,true,,0.07680930194029965,0.3940924468683529,0.31024628624816375,14,17,3.0,19.0,0.8720205353868721,0.0,0.29,716,2741,0.1,0.2,45
20,10,true,,0.12217284031097692,0.23190671547869826,0.13131870167944296,14,17,2.0,19.0,0.7021140294682896,0.0,0.3136,717,2742,0.1,0.2,45
20,10,true,,0.0743560072984112,0.19548261789795993,0.1257241715568072,14,16,4.0,19.0,0.7690623859905145,0.0,0.2978,718,2743,0.1,0.2,45
20,10,false,,0.08961243573055816,0.14706770155653362,0.07044067465587062,12,16,1.0,19.0,0.6671378091872792,0.0,0.3072,719,2744,0.1,0.2,45
30,15,false,,0.0950117186703507,0.3703283985304573,0.28013758065242844,25,26,8.0,29.0,0.8369255795038634,0.0,0.2712,719,2744,0.1,0.2,45
40,20,false,,0.10614781299889428,0.1588251829069368,0.07153212238754161,20,38,2.0,39.0,0.6574770258980785,0.0,0.2664,719,2744,0.1,0.2,45
50,25,false,,0.1734766072882616,0.10822539084449576,-0.06761539569750105,8,3,1.0,28.0,0.32447029497299545,0.0,0.258,719,2744,0.1,0.2,45
60,30,true,,0.1227278484812547,0.3794720037878156,0.2537941629332873,51,57,3.0,59.0,0.7633587786259542,0.14302932904781038,0.2518,719,2744,0.1,0.2,45
20,10,false,,0.07100399400673774,0.09870732118625311,0.033456838711121366,11,16,1.0,19.0,0.6013787510137875,0.0,0.2592,720,2745,0.1,0.2,45
30,15,false,,0.09264771420931485,0.07556042323001992,-0.024944411552436208,12,1,1.0,26.0,0.3909217230199166,0.0,0.176,720,2745,0.1,0.2,45
40,20,false,,0.1573136184397033,0.06939098226675625,-0.09232606369902588,5,1,1.0,23.0,0.24058823529411766,0.0,0.0974,720,2745,0.1,0.2,45
50,25,true,,0.07961909588835228,0.19244949445689452,0.116718593288041,40,42,24.0,48.0,0.8048780487804879,0.37398373983739835,0.0952,720,2745,0.1,0.2,45
20,10,false,,0.109298595308651,0.27740808619122775,0.16973151910020567,15,16,2.0,19.0,0.7487520798668885,0.0,0.3022,721,2746,0.1,0.2,45
30,15,false,,0.14598036947750764,0.09294788172000748,-0.05967106203152103,6,1,1.0,28.0,0.3225806451612903,0.0,0.2602,721,2746,0.1,0.2,45
40,20,false,,0.13959810074146858,0.14361894387340213,0.01334263304270561,26,1,1.0,39.0,0.5114631096290121,0.0,0.2442,721,2746,0.1,0.2,45
50,25,false,,0.1574858022401553,0.11529071524350748,-0.04693413808187048,11,7,1.0,48.0,0.3960861056751468,0.12172211350293542,0.2668,721,2746,0.1,0.2,45
60,30,true,,0.11795274958631055,0.1867412899596623,0.08749408439987101,40,6,3.0,58.0,0.7041420118343196,0.18385460693153,0.2018,721,2746,0.1,0.2,45
20,10,false,,0.11259013375964018,0.23734471871993174,0.1517201249952674,12,1,1.0,19.0,0.6315213425757022,0.0,0.278,722,2747,0.1,0.2,45
30,15,true,,0.10675429301707656,0.36033876905866113,0.25879111338408034,22,25,5.0,29.0,0.828060522696011,0.0,0.3014,722,2747,0.1,0.2,45
20,10,true,,0.05054528763940934,0.19284304398159635,0.14568752548691197,14,16,1.0,19.0,0.731638418079096,0.0,0.1606,723,2748,0.1,0.2,45
20,10,false,,0.108532038411748,0.6225760307066852,0.5192951483927022,16,17,3.0,19.0,0.868659724554921,0.0,0.2866,724,2749,0.1,0.2,45
30,15,false,,0.11489644149176435,0.12540299647262776,0.022842727802639115,14,22,1.0,28.0,0.5633250089190154,0.0,0.288,724,2749,0.1,0.2,45
40,20,false,,0.11113943230155013,0.13080637943227952,0.02300404119328843,27,36,2.0,39.0,0.5838172667440961,0.0,0.2604,724,2749,0.1,0.2,45
50,25,false,,0.11881095777196637,0.13609178828276614,0.029889333426914008,34,43,2.0,48.0,0.5991641337386018,0.2610182370820669,0.269,724,2749,0.1,0.2,45
60,30,true,,0.12000934480736317,0.20395722782384224,0.0994156457575627,44,57,3.0,59.0,0.741001564945227,0.1056338028169014,0.1996,724,2749,0.1,0.2,45
20,10,false,,0.11863639586450589,0.4430364425107779,0.3128819506555962,15,15,2.0,19.0,0.7696503047802374,0.0,0.306,725,2750,0.1,0.2,45
30,15,false,,0.19873332847487504,0.10994283775813457,-0.09852546723095311,6,1,1.0,28.0,0.30150569225119356,0.0,0.2528,725,2750,0.1,0.2,45
40,20,false,,0.13528606793004877,0.10691387764094379,-0.032737809329590875,13,6,2.0,36.0,0.41163793103448276,0.0,0.2756,725,2750,0.1,0.2,45
50,25,false,,0.11261384626399243,0.4747891376519205,0.3616051404613837,45,45,27.0,49.0,0.9209566274827726,0.7113903526550466,0.253,725,2750,0.1,0.2,45
60,30,false,,0.1883361894459626,0.10708430232869645,-0.07840171500023696,7,4,1.0,28.0,0.22657004830917873,0.0,0.1652,725,2750,0.1,0.2,45
20,10,false,,0.09076056483836996,0.09210709638620898,0.0024752679809451755,10,17,1.0,19.0,0.5067771084337349,0.0,0.2616,726,2751,0.1,0.2,45
30,15,false,,0.10413705447665514,0.21511608665624884,0.12598316047833763,19,26,1.0,29.0,0.6505190311418685,0.0,0.2978,726,2751,0.1,0.2,45
40,20,false,,0.11662803241426459,0.2122971689512805,0.10281356307573966,28,36,2.0,39.0,0.6631958350020024,0.0,0.2866,726,2751,0.1,0.2,45
50,25,false,,0.17421008180967687,0.10373323777016255,-0.08338316852704554,9,1,1.0,41.0,0.2995762711864407,0.01864406779661017,0.25,726,2751,0.1,0.2,45
60,30,false,,0.1281246263941444,0.15638638812982328,0.057961518902859985,24,56,2.0,58.0,0.6225665474771553,0.04926499801350814,0.25,726,2751,0.1,0.2,45
20,10,false,,0.04316696098103269,0.36576514012187367,0.34159710920482794,16,17,2.0,19.0,0.8575788402848423,0.0,0.1402,727,2752,0.1,0.2,45
30,15,false,,0.060588697598423974,0.6789171594011378,0.6263163853131116,25,26,2.0,29.0,0.8888245512449334,0.0,0.084,727,2752,0.1,0.2,45
40,20,false,,0.6334868903409141,0.051927689591286096,-0.5886623647162892,1,1,1.0,4.0,0.0,0.0,0.0356,727,2752,0.1,0.2,45
50,25,false,,0.06265001937007288,0.7773151164385598,0.7005226340597879,45,48,38.0,49.0,1.0,0.7441860465116279,0.0246,727,2752,0.1,0.2,45
60,30,true,,0.19508655295793043,0.2494297939520353,0.06300534936122217,27,27,19.15,32.849999999999994,0.8181818181818182,0.0,0.0042,727,2752,0.1,0.2,45
20,10,false,,0.11286496106013322,0.15314642396358272,0.051042574375863355,11,17,1.0,19.0,0.6347607052896725,0.0,0.3116,728,2753,0.1,0.2,45
30,15,false,,0.13468778214034247,0.10061887177030779,-0.05034805362335239,9,4,1.0,28.0,0.3410664819944598,0.0,0.285,728,2753,0.1,0.2,45
40,20,false,,0.12294654351786234,0.338183575810298,0.22891627463452846,31,35,1.0,39.0,0.6244979919678715,0.0,0.2304,728,2753,0.1,0.2,45
50,25,true,,0.11815725628858295,0.5068998862005853,0.39768951423169796,44,45,3.0,49.0,0.7925746569814366,0.5363196125907991,0.233,728,2753,0.1,0.2,45
20,10,false,,0.11694198680918633,0.15181386920621112,0.04288455202737041,12,16,1.0,19.0,0.5617529880478087,0.0,0.2946,729,2754,0.1,0.2,45
30,15,false,,0.12719946651461633,0.074106281322,-0.06384804028854901,8,2,1.0,27.0,0.35998193315266486,0.0,0.1482,729,2754,0.1,0.2,45
40,20,false,,0.2949958059906668,0.061271681594500776,-0.2156566797726,3,1,1.0,16.0,0.1500306184935701,0.0,0.0734,729,2754,0.1,0.2,45
50,25,false,,0.08287830282179127,0.33745821554408467,0.2626974379169068,45,46,30.0,49.0,0.9134670487106017,0.7157593123209169,0.081,729,2754,0.1,0.2,45
60,30,true,,0.0785028808304517,0.3942837491560809,0.3128245246133329,54,56,45.0,59.0,0.9738872403560831,0.06112759643916914,0.0602,729,2754,0.1,0.2,45
20,10,false,,0.11369176214361183,0.1352683432379781,0.02840971637384021,9,1,1.0,19.0,0.5684675501189262,0.0,0.2982,730,2755,0.1,0.2,45
30,15,false,,0.12997864745317006,0.18281582968358448,0.06905646420549402,21,26,2.0,29.0,0.63421926910299,0.0,0.2834,730,2755,0.1,0.2,45
40,20,false,,0.1319523585157643,0.11346008122823395,-0.027551990617569244,22,35,1.0,39.0,0.42276422764227645,0.0,0.2612,730,2755,0.1,0.2,45
50,25,false,,0.14035658240052984,0.10156047880715577,-0.05182935847983983,12,4,2.0,45.0,0.31961904761904764,0.045714285714285714,0.2508,730,2755,0.1,0.2,45
60,30,false,,0.5437483019505633,0.11203586352927032,-0.44105641225879155,3,2,1.0,10.0,0.03505154639175258,0.0,0.097,730,2755,0.1,0.2,45
20,10,false,,0.1403553026455597,0.22755533520583848,0.12490967930399174,13,16,1.0,19.0,0.6803435114503816,0.0,0.2904,731,2756,0.1,0.2,45
30,15,false,,0.11527531685649017,0.17178086240221724,0.05964208370575477,24,27,8.0,29.0,0.6331111890564715,0.0,0.2672,731,2756,0.1,0.2,45
40,20,false,,0.1887708871103383,0.09586410633819464,-0.11738024223895435,9,1,1.0,38.0,0.254094918101638,0.0,0.2158,731,2756,0.1,0.2,45
50,25,false,,0.22737914877770524,0.0956750546918028,-0.13565722048030623,6,2,1.0,27.72499999999991,0.15850722311396467,0.0,0.222,731,2756,0.1,0.2,45
60,30,false,,0.12348620781556056,0.19012531200242166,0.08232034370725912,44,56,2.0,59.0,0.6706517547242576,0.1349787890474354,0.2246,731,2756,0.1,0.2,45
20,10,false,,0.1161262841784515,0.1683001220110669,0.06382363271916532,11,15,1.0,19.0,0.6196539340515834,0.0,0.3128,732,2757,0.1,0.2,45
30,15,false,,0.10215659958578341,0.13918274225794483,0.0654284976614504,19,27,2.0,29.0,0.6728252501924558,0.0,0.2546,732,2757,0.1,0.2,45
40,20,false,,0.12859905011534037,0.11018576388140303,-0.031514015859394215,21,1,1.0,38.0,0.4231578947368421,0.0,0.2424,732,2757,0.1,0.2,45
50,25,true,,0.11153556535565734,0.3239491766561986,0.20108938721482783,43,46,4.0,49.0,0.8137734311328443,0.5105949470252649,0.2538,732,2757,0.1,0.2,45
20,10,true,,0.08406813075282842,0.30928400249279697,0.2230699954784415,14,16,4.0,19.0,0.8146987112504354,0.0,0.3008,733,2758,0.1,0.2,45
20,10,false,,0.0852746889186871,0.44144394333485537,0.345882883044907,15,16,2.0,19.0,0.8064159292035398,0.0,0.2872,734,2759,0.1,0.2,45
30,15,false,,0.1114872731926611,0.1137453796922977,0.034982364962299575,14,1,1.0,29.0,0.5201995012468827,0.0,0.1444,734,2759,0.1,0.2,45
40,20,false,,0.24827619783552893,0.06316844883896638,-0.17556599424194075,4,1,1.0,33.0,0.18094089264173704,0.0,0.0676,734,2759,0.1,0.2,45
50,25,false,,0.1250284742288878,0.13484841391250804,0.027404604810994798,32,5,1.0,49.0,0.5501889962200756,0.28475430491390175,0.2426,734,2759,0.1,0.2,45
60,30,false,,0.14373593542265897,0.09808231278441282,-0.061806337363247435,18,2,1.0,57.0,0.3030583873957368,0.0597775718257646,0.1952,734,2759,0.1,0.2,45
20,10,true,,0.07715168926006424,0.16274244048961922,0.08552368416204167,12,15,1.0,19.0,0.7292432035268185,0.0,0.2916,735,2760,0.1,0.2,45
20,10,true,,0.04083181918012925,0.14689923942689556,0.0983121176851842,13,15,3.0,19.0,0.7850646242221159,0.0,0.1452,736,2761,0.1,0.2,45
20,10,false,,0.15401069269744097,0.2505720796639622,0.16075676833877844,14,16,1.0,19.0,0.6612852168407723,0.0,0.289,737,2762,0.1,0.2,45
30,15,false,,0.13558104843570554,0.13897597203755954,-0.0017287317349267972,16,26,1.0,29.0,0.49479987393633784,0.0,0.2902,737,2762,0.1,0.2,45
40,20,false,,0.12529122535314685,0.1622936264139333,0.04704175858722596,28,36,2.0,39.0,0.6284840244731476,0.0,0.2616,737,2762,0.1,0.2,45
50,25,false,,0.12456457473234021,0.15437713097960357,0.04081837309816459,41,46,2.0,49.0,0.5653976630229929,0.4104787033546928,0.2212,737,2762,0.1,0.2,45
60,30,true,,0.12437169273997001,0.32205967833856547,0.19815887342014035,52,52,34.0,59.0,0.8185840707964602,0.168141592920354,0.212,737,2762,0.1,0.2,45
20,10,false,,0.13054048349271574,0.24904663274883002,0.13192584290527093,15,15,2.0,19.0,0.6954252379490329,0.0,0.2952,738,2763,0.1,0.2,45
30,15,false,,0.1429387568359736,0.10876282799291118,-0.04595980251199014,9,2,1.0,29.0,0.36273164035689776,0.0,0.2766,738,2763,0.1,0.2,45
40,20,false,,0.3116469897121936,0.10595467342682796,-0.21347837128182706,5,1,1.0,38.0,0.2815261044176707,0.0,0.2248,738,2763,0.1,0.2,45
50,25,false,,0.15758638794226112,0.10960723615552495,-0.05317500690253296,11,5,1.0,39.0,0.3117713426100038,0.017299736743136517,0.244,738,2763,0.1,0.2,45
60,30,false,,0.13657629944080432,0.12055056752415369,-0.013438365876589545,13,4,1.0,36.0,0.4135115070527097,0.009651076466221232,0.2244,738,2763,0.1,0.2,45
20,10,true,,0.08032813676427833,0.3138300082995948,0.23832579724722647,14,15,2.0,19.0,0.7631096442977631,0.0,0.2938,739,2764,0.1,0.2,45
20,10,true,,0.07954052882649446,0.27696876619927285,0.20989317292007786,14,16,2.0,19.0,0.7662820989951619,0.0,0.2732,740,2765,0.1,0.2,45
20,10,false,,0.09035049644829093,0.10835757813639812,0.02421474946850613,10,15,1.0,19.0,0.5659635323560959,0.0,0.3006,741,2766,0.1,0.2,45
30,15,false,,0.10252094486524295,0.0933948994113115,-0.00990176752033109,12,1,1.0,29.0,0.47713342762847716,0.0,0.1832,741,2766,0.1,0.2,45
40,20,true,,0.10453057597885082,0.5741449585145352,0.4848391053708337,34,35,14.950000000000003,39.0,0.9003751563151313,0.0,0.2694,741,2766,0.1,0.2,45
20,10,false,,0.0826740385787556,0.161147251160637,0.07326189094688346,14,17,2.0,19.0,0.6611356932153393,0.0,0.2788,742,2767,0.1,0.2,45
30,15,true,,0.08387614563367939,0.18896414428545527,0.11175849352129928,20,25,4.0,29.0,0.7030527289546716,0.0,0.1986,742,2767,0.1,0.2,45
20,10,false,,0.06707141575939345,0.17936624689490907,0.10995810221385921,15,17,2.0,19.0,0.7377049180327869,0.0,0.2242,743,2768,0.1,0.2,45
30,15,true,,0.09715622489614498,0.22396495786580717,0.15025942878934553,17,26,1.0,29.0,0.7208208636169303,0.0,0.2622,743,2768,0.1,0.2,45
20,10,false,,0.12326311831793225,0.1329715284807387,0.008050085225967361,9,5,1.0,19.0,0.5200865265760197,0.0,0.3312,744,2769,0.1,0.2,45
30,15,false,,0.11678564844715005,0.20638543793931402,0.10925984152731164,21,27,1.0,29.0,0.6698412698412698,0.0,0.27,744,2769,0.1,0.2,45
40,20,true,,0.10643563058634578,0.29982656194355684,0.20075888663983937,33,37,3.0,39.0,0.7579175704989154,0.0,0.2128,744,2769,0.1,0.2,45
20,10,false,,0.1605337841314614,0.1102620138089937,-0.07126481963587974,8,2,1.0,18.0,0.31393568147013784,0.0,0.3042,745,2770,0.1,0.2,45
30,15,false,,0.27295855428753457,0.09201832733899158,-0.17931925882830188,4,2,1.0,20.0,0.1423611111111111,0.0,0.2258,745,2770,0.1,0.2,45
40,20,false,,0.11473179180908782,0.0949517708658949,-0.022084799727088933,25,35,5.0,38.0,0.4327764518695306,0.0,0.2224,745,2770,0.1,0.2,45
50,25,false,,0.1804011168536389,0.07514577681702606,-0.10223853865168729,6,4,1.0,30.0,0.1328852119958635,0.0,0.1372,745,2770,0.1,0.2,45
60,30,true,,0.11576520632848997,0.41059715709396527,0.29754950121178414,54,56,31.0,59.0,0.8374425407438362,0.11450062682824906,0.26,745,2770,0.1,0.2,45
20,10,false,,0.1217633510973954,0.1662570284864911,0.059652623914742645,12,16,1.0,19.0,0.6449069694102807,0.0,0.2878,746,2771,0.1,0.2,45
30,15,false,,0.11210138953328182,0.2188978667597299,0.10753819263757816,23,26,1.0,29.0,0.6561264822134387,0.0,0.2374,746,2771,0.1,0.2,45
40,20,true,,0.11334032261730617,0.294591380190928,0.18406918073235318,33,36,5.0,39.0,0.7709267563527653,0.0,0.2748,746,2771,0.1,0.2,45
20,10,false,,0.30153403847068305,0.09835694097197295,-0.21829520871837296,4,1,1.0,18.0,0.23917910447761195,0.0,0.2328,747,2772,0.1,0.2,45
30,15,false,,0.10959838054169131,0.18761017432058433,0.09098895781224821,21,26,2.0,29.0,0.6262192742879438,0.0,0.265,747,2772,0.1,0.2,45
40,20,false,,0.24622705195272437,0.0831254876849472,-0.17062053149446654,4,2,1.0,38.0,0.22034671532846714,0.0,0.1706,747,2772,0.1,0.2,45
50,25,true,,0.10481159279624154,0.20344536812570468,0.11399670247457444,36,47,4.0,48.0,0.7147982062780269,0.3618834080717489,0.1678,747,2772,0.1,0.2,45
20,10,false,,0.1436501848095459,0.05541472614950407,-0.09961895740918969,4,1,1.0,18.0,0.26025032369443246,0.0,0.1748,748,2773,0.1,0.2,45
30,15,false,,0.06463616318236289,0.11648027414104849,0.06011243563755813,13,28,1.0,29.0,0.6177351707609346,0.0,0.1032,748,2773,0.1,0.2,45
40,20,true,,0.07116995605048296,0.16196896213006118,0.09571772892565636,27,6,3.0,38.575000000000045,0.7057613168724279,0.0,0.049,748,2773,0.1,0.2,45
20,10,false,,0.11692608958610591,0.4125542854271997,0.31356360616339674,15,16,1.0,19.0,0.6774768353528154,0.0,0.2468,749,2774,0.1,0.2,45
30,15,false,,0.10702115936949,0.15211137562049254,0.06373652038773273,20,28,2.0,29.0,0.6190294230034391,0.0,0.2808,749,2774,0.1,0.2,45
40,20,true,,0.09881742682429054,0.4759175238903561,0.37267114471381335,34,38,11.0,39.0,0.8618134263295554,0.0,0.2168,749,2774,0.1,0.2,45
20,10,false,,0.11309115737984404,0.4738606179280128,0.3720650347172685,15,18,3.0,19.0,0.849846782431052,0.0,0.2988,750,2775,0.1,0.2,45
30,15,false,,0.16749249040300168,0.11082969338730018,-0.07892725245534171,8,1,1.0,28.0,0.33986686390532544,0.0,0.2452,750,2775,0.1,0.2,45
40,20,false,,0.13434257315702058,0.10424568698449835,-0.04323152674333619,19,4,2.0,37.875,0.339117859725235,0.0,0.2744,750,2775,0.1,0.2,45
50,25,false,,0.11995616217717499,0.13322906904789886,0.028368374636375177,33,39,1.0,48.0,0.5883031935359754,0.22739515198153135,0.246,750,2775,0.1,0.2,45
60,30,true,,0.11971610456379847,0.5173021298456899,0.39800905039097983,52,53,31.0,58.0,0.8836206896551724,0.12643678160919541,0.1026,750,2775,0.1,0.2,45
20,10,false,,0.10473496022413793,0.44439313066935554,0.3376413084205787,15,16,3.0,19.0,0.8136807817589576,0.0,0.3198,751,2776,0.1,0.2,45
30,15,false,,0.09465147781881805,0.13090941139409548,0.04385348809217816,23,25,4.0,29.0,0.6131589377724931,0.0,0.242,751,2776,0.1,0.2,45
40,20,false,,0.12781399720551032,0.11227940181995058,-0.018301809751400194,18,35,1.0,38.0,0.4640549273021002,0.0,0.273,751,2776,0.1,0.2,45
50,25,false,,0.11961076614378573,0.16133800732102335,0.054980142413673494,34,46,6.0,49.0,0.631911532385466,0.2985781990521327,0.2806,751,2776,0.1,0.2,45
60,30,false,,0.1300419158281437,0.12329545616357483,-0.007403585870489365,17,4,2.0,54.0,0.481078278900985,0.03162260238465526,0.146,751,2776,0.1,0.2,45
20,10,false,,0.16059347546524447,0.11219987837322935,-0.06235258068909079,6,2,1.0,18.0,0.35037447085639856,0.0,0.3092,752,2777,0.1,0.2,45
30,15,false,,0.10943727177321845,0.15847662587306188,0.06225202175852595,23,25,3.0,29.0,0.6288504883546205,0.0,0.262,752,2777,0.1,0.2,45
40,20,false,,0.1286737876677604,0.1185555094609043,-0.002982603405417443,14,7,2.0,38.0,0.4921875,0.0,0.2768,752,2777,0.1,0.2,45
50,25,false,,0.13190039995219327,0.12805862966598425,0.0003806373292869758,23,5,1.0,48.0,0.5038284839203675,0.1891271056661562,0.2582,752,2777,0.1,0.2,45
60,30,false,,0.12210820513239487,0.16559388335312542,0.05168069612685911,46,56,2.0,59.0,0.6404399323181049,0.16159052453468697,0.1762,752,2777,0.1,0.2,45
20,10,false,,0.11141705424845279,0.18364176347182842,0.09597439914767453,14,16,1.0,19.0,0.6890495867768595,0.0,0.248,753,2778,0.1,0.2,45
30,15,false,,0.12624048543802655,0.12166488883278266,-0.007561864554604586,12,2,1.0,27.0,0.47133539306556815,0.0,0.2816,753,2778,0.1,0.2,45
40,20,false,,0.29432128220637765,0.10069113624372425,-0.19119043373727912,4,2,1.0,32.0,0.15834697217675942,0.0,0.2216,753,2778,0.1,0.2,45
50,25,true,,0.11749473205981611,0.3612757157755304,0.24566533449388922,40,48,14.0,49.0,0.7497995188452286,0.4210104250200481,0.2736,753,2778,0.1,0.2,45
20,10,true,,0.10168352488691651,0.26943933242156426,0.1868139686459465,13,16,2.0,19.0,0.7946544980443285,0.0,0.327,754,2779,0.1,0.2,45
20,10,false,,0.1594813122884054,0.10621977460175885,-0.07123296296005512,6,1,1.0,19.0,0.3593969144460028,0.0,0.2684,755,2780,0.1,0.2,45
30,15,false,,0.11359980166821744,0.19165129841747208,0.09109517279598947,22,25,1.0,29.0,0.6313528990694345,0.0,0.268,755,2780,0.1,0.2,45
40,20,false,,0.14401200288524818,0.08342512335652684,-0.07390672522231875,14,4,1.0,38.0,0.31223449447748514,0.0,0.2134,755,2780,0.1,0.2,45
50,25,false,,0.11263631691472302,0.08609838232281489,-0.025178151329228488,21,15,2.0,45.0,0.36537564162389174,0.07699486700886607,0.1752,755,2780,0.1,0.2,45
60,30,true,,0.10279902875718741,0.5819133193949593,0.4813393514064117,54,55,27.0,59.0,0.8413547237076648,0.11527035056446822,0.0938,755,2780,0.1,0.2,45
20,10,true,,0.15694722240680378,0.27197128614541227,0.13531130251796716,14,16,2.0,19.0,0.7074688796680498,0.0,0.3244,756,2781,0.1,0.2,45
20,10,false,,0.12897150632068735,0.1841705520750704,0.07283239907665622,14,16,1.0,19.0,0.6053589149851141,0.0,0.2812,757,2782,0.1,0.2,45
30,15,false,,0.11879766560501137,0.3729239853138618,0.25155757073327295,26,26,1.0,29.0,0.769090909090909,0.0,0.2452,757,2782,0.1,0.2,45
40,20,false,,0.12012345183268934,0.0972388456296027,-0.028864679619711148,21,33,3.0,38.0,0.4053843152555599,0.0,0.2242,757,2782,0.1,0.2,45
50,25,false,,0.12269856007912489,0.11347827598120525,-0.006415767914507778,28,23,3.0,48.0,0.47110939907550076,0.2245762711864407,0.27,757,2782,0.1,0.2,45
60,30,false,,0.12918358066279687,0.13301515499304045,0.0202259693377026,19,2,1.0,58.0,0.5567484662576687,0.10237730061349694,0.215,757,2782,0.1,0.2,45
20,10,false,,0.18026120791423028,0.12258521437003846,-0.0668919877267395,6,2,1.0,18.0,0.3222901254422644,0.0,0.2876,758,2783,0.1,0.2,45
30,15,false,,0.132002561782587,0.13011941122753132,-0.0022939706824247064,15,2,1.0,28.0,0.4928474114441417,0.0,0.2714,758,2783,0.1,0.2,45
40,20,true,,0.12066105413045666,0.38723901513782116,0.2754020083386143,33,37,5.0,39.0,0.7683982683982684,0.0,0.258,758,2783,0.1,0.2,45
20,10,false,,0.09997695665755964,0.1488095992587707,0.06542215499799826,11,16,1.0,19.0,0.6278750429110882,0.0,0.312,759,2784,0.1,0.2,45
30,15,true,,0.10017347328758992,0.18112152683090013,0.09838834149366217,18,26,2.0,29.0,0.7393225331369662,0.0,0.2932,759,2784,0.1,0.2,45
20,10,false,,0.055012416914115445,0.10790880502010468,0.045472933834725164,10,13,1.0,18.0,0.6307550644567219,0.0,0.16,760,2785,0.1,0.2,45
30,15,false,,0.10806193727746985,0.0635608107298413,-0.041678430324297716,5,1,1.0,23.0,0.3589905362776025,0.0,0.078,760,2785,0.1,0.2,45
40,20,false,,0.1625323873962271,0.05949800701894226,-0.113306732417331,3,2,1.0,8.0,0.21168501270110077,0.0,0.0396,760,2785,0.1,0.2,45
50,25,true,,0.0642313787408752,0.4446233092693369,0.3865375428003802,44,44,43.0,49.0,1.0,0.9127589967284624,0.0212,760,2785,0.1,0.2,45
20,10,false,,0.0374510369345255,0.5910800880428977,0.5402934150948275,16,16,4.0,19.0,0.9156812339331619,0.0,0.1274,761,2786,0.1,0.2,45
30,15,false,,0.05205407339290077,0.08781280454555272,0.03364023158603674,23,26,6.0,29.0,0.6603098927294399,0.0,0.0702,761,2786,0.1,0.2,45
40,20,true,,0.032196919462770854,0.11850885691984935,0.08088477306528963,25,19,7.0,30.0,0.9213085764809903,0.0,0.0382,761,2786,0.1,0.2,45
20,10,true,,0.09826079601091456,0.21726606698236153,0.12939701075582077,14,16,2.0,19.0,0.7473045822102425,0.0,0.2942,762,2787,0.1,0.2,45
20,10,false,,0.12415467554213688,0.1667675266724238,0.05713020956932515,13,16,1.0,19.0,0.6296653796653797,0.0,0.2974,763,2788,0.1,0.2,45
30,15,false,,0.11349057037576868,0.16120856492358254,0.06341384128894291,16,26,1.0,29.0,0.659333104159505,0.0,0.2808,763,2788,0.1,0.2,45
40,20,false,,0.1285288668561091,0.09800332894913699,-0.040290954855446745,12,2,1.0,38.0,0.35298836742880063,0.0,0.2398,763,2788,0.1,0.2,45
50,25,true,,0.11240685480678422,0.4448405741711347,0.3280555259811479,43,45,14.0,49.0,0.89728453364817,0.5116096025186935,0.2706,763,2788,0.1,0.2,45
20,10,false,,0.12420240969926143,0.26120632289134904,0.15143212608322237,14,16,2.0,19.0,0.6840894148586456,0.0,0.3046,764,2789,0.1,0.2,45
30,15,true,,0.10148082053359798,0.24096615397799442,0.15297389409261536,21,26,3.0,29.0,0.7978762358110583,0.0,0.2788,764,2789,0.1,0.2,45
20,10,false,,0.11136086873565643,0.1509229203833732,0.054050138429544425,12,16,1.0,19.0,0.6193783068783069,0.0,0.301,765,2790,0.1,0.2,45
30,15,false,,0.1192304731925906,0.20290441012475707,0.09733292550576761,21,27,3.0,29.0,0.6988324175824175,0.0,0.281,765,2790,0.1,0.2,45
40,20,false,,0.11498790445701035,0.15611474531188696,0.07633349083832486,20,36,3.0,39.0,0.6736921339856982,0.0,0.263,765,2790,0.1,0.2,45
50,25,false,,0.1188796958552767,0.16012812480662222,0.04858283399379969,41,45,18.0,49.0,0.6042065009560229,0.417208413001912,0.256,765,2790,0.1,0.2,45
60,30,true,,0.12230029528341597,0.26970128666561144,0.15077367314329543,50,54,25.0,59.0,0.8201624815361891,0.25073855243722304,0.2542,765,2790,0.1,0.2,45
20,10,false,,0.10844948186372402,0.4106106176664381,0.3152738332043658,15,15,2.0,19.0,0.7876666666666666,0.0,0.3048,766,2791,0.1,0.2,45
30,15,false,,0.12324504639503236,0.1102677347244832,-0.011039605421269333,14,25,1.0,29.0,0.4722520587182241,0.0,0.2584,766,2791,0.1,0.2,45
40,20,false,,0.11778241363386861,0.1091370728396106,-0.01321020533234088,21,23,1.0,37.0,0.4634050880626223,0.0,0.2558,766,2791,0.1,0.2,45
50,25,false,,0.12051417270900898,0.14155427186603134,0.04528951009138629,23,4,1.0,48.0,0.5871784401796651,0.15108207431604737,0.2786,766,2791,0.1,0.2,45
60,30,false,,0.13649391146351422,0.1335784783546158,-0.0004907378630154835,30,2,1.0,57.0,0.4953870838347373,0.06257521058965103,0.1974,766,2791,0.1,0.2,45
20,10,false,,0.11223558894823975,0.41882073409134424,0.30749718622926436,15,16,2.0,19.0,0.772533595542445,0.0,0.2972,767,2792,0.1,0.2,45
30,15,false,,0.25895912327737464,0.10133014336336268,-0.16367842744517852,5,1,1.0,28.0,0.32806804374240583,0.0,0.2406,767,2792,0.1,0.2,45
40,20,false,,0.11703188140950457,0.13167740806166056,0.022316750214492836,24,34,2.0,38.0,0.5617977528089888,0.0,0.2736,767,2792,0.1,0.2,45
50,25,false,,0.12305971413957968,0.11971950985372494,-0.011440155060395557,31,47,2.0,48.0,0.45142411236831836,0.19352321498244246,0.245,767,2792,0.1,0.2,45
60,30,false,,0.11905368914097575,0.15363031800866217,0.04901438864296645,40,55,9.0,58.0,0.6548200799644602,0.15326521545979566,0.181,767,2792,0.1,0.2,45
20,10,true,,0.07497860856228959,0.17334312200056634,0.10408011727285453,13,16,1.0,19.0,0.7399224806201551,0.0,0.2768,768,2793,0.1,0.2,45
20,10,false,,0.0635595216689966,0.5801297864729767,0.5138617067685569,16,16,3.0,19.0,0.8941029900332226,0.0,0.2302,769,2794,0.1,0.2,45
30,15,false,,0.06433774810125438,0.07889969028425067,0.002075187512650234,18,25,1.0,28.0,0.5087336244541485,0.0,0.0924,769,2794,0.1,0.2,45
40,20,true,,0.06134774707830194,0.35170685865897805,0.3055600735364719,33,33,27.0,39.0,0.9623621025308241,0.0,0.053,769,2794,0.1,0.2,45
20,10,false,,0.06797104378351512,0.3463182291750524,0.27499025817330114,15,16,5.0,19.0,0.9048169556840077,0.0,0.2542,770,2795,0.1,0.2,45
30,15,true,,0.08944945390810859,0.22053385984724497,0.12316462431966764,21,25,2.0,29.0,0.7344632768361582,0.0,0.264,770,2795,0.1,0.2,45
20,10,false,,0.11165532161492323,0.11748521589177355,0.011806787812397912,12,16,1.0,19.0,0.547808764940239,0.0,0.2902,771,2796,0.1,0.2,45
30,15,false,,0.10255119165561492,0.1325414280608411,0.035884809055994324,22,27,3.0,29.0,0.6259625962596259,0.0,0.2752,771,2796,0.1,0.2,45
40,20,false,,0.117499828358747,0.12137727121970814,0.008932728249845048,18,37,1.0,39.0,0.5224171539961013,0.0,0.2672,771,2796,0.1,0.2,45
50,25,true,,0.11266930214512794,0.20172035627788945,0.10222038601824633,36,45,6.0,48.0,0.7201352366641622,0.2697220135236664,0.2858,771,2796,0.1,0.2,45
20,10,false,,0.12182727163871679,0.11210760471265152,-0.012947185343753664,9,16,1.0,19.0,0.47005044136191676,0.0,0.311,772,2797,0.1,0.2,45
30,15,false,,0.10613424728891986,0.13757347261522063,0.042308401834484505,21,27,5.0,29.0,0.5834816660733357,0.0,0.2712,772,2797,0.1,0.2,45
40,20,false,,0.10890345666827475,0.09823854170566716,-0.010853723308152735,23,22,1.0,39.0,0.44962840627580514,0.0,0.2196,772,2797,0.1,0.2,45
50,25,false,,0.15735746095573785,0.1113478433255166,-0.04463555030523546,11,3,1.0,47.0,0.4049586776859504,0.1450413223140496,0.2456,772,2797,0.1,0.2,45
60,30,false,,0.15652379889152987,0.10794378403277047,-0.056630648891931964,14,3,1.0,56.0,0.3258746948738812,0.03458096013018715,0.255,772,2797,0.1,0.2,45
20,10,true,,0.08900604405038853,0.17323509182553115,0.09424954017190183,12,12,1.0,19.0,0.7018156424581006,0.0,0.3102,773,2798,0.1,0.2,45
20,10,false,,0.11007558744559288,0.1844389476393788,0.0936972699957978,13,15,1.0,19.0,0.6483036614040981,0.0,0.2928,774,2799,0.1,0.2,45
30,15,false,,0.10166781688474259,0.6252203745240306,0.5306365424539478,25,25,5.0,29.0,0.7699583806280742,0.0,0.2646,774,2799,0.1,0.2,45
40,20,false,,0.14841472407379552,0.09303508801649922,-0.06482174978263758,8,1,1.0,34.0,0.25925925925925924,0.0,0.24,774,2799,0.1,0.2,45
50,25,false,,0.13791056255162543,0.1399754863725475,0.024806731975505814,22,2,1.0,48.0,0.534446764091858,0.29519832985386224,0.2272,774,2799,0.1,0.2,45
60,30,true,,0.11499558450649135,0.32588156787361017,0.20945084186429777,52,54,34.075,59.0,0.8517665130568356,0.21006144393241166,0.2578,774,2799,0.1,0.2,45
20,10,false,,0.14015582219020828,0.12245274641791147,-0.025762286803714216,7,1,1.0,18.0,0.44076598506978254,0.0,0.2912,775,2800,0.1,0.2,45
30,15,false,,0.13755991405439422,0.13304262792984198,-0.00440599598576244,11,6,1.0,29.0,0.4879163945133899,0.0,0.2834,775,2800,0.1,0.2,45
40,20,false,,0.12189393709593148,0.1811538563724912,0.07879842250805104,30,36,3.0,39.0,0.6533481317055124,0.0,0.2508,775,2800,0.1,0.2,45
50,25,false,,0.14137490534349745,0.11121677421666891,-0.0451035084352214,23,2,1.0,48.0,0.3906939430405134,0.19414360208584036,0.2146,775,2800,0.1,0.2,45
60,30,false,,0.1327091367278531,0.17731923895021057,0.05882929189101899,44,46,1.0,57.0,0.653356890459364,0.23604240282685512,0.2026,775,2800,0.1,0.2,45
20,10,false,,0.09138838597863023,0.18661141245080393,0.09532216243820148,14,17,2.0,19.0,0.6977680204903037,0.0,0.283,776,2801,0.1,0.2,45
30,15,false,,0.12529031274514896,0.10658555464332761,-0.018982342718846905,11,1,1.0,27.0,0.44156346749226005,0.0,0.2828,776,2801,0.1,0.2,45
40,20,false,,0.1201596156376955,0.10937105786054309,-0.004259576148116954,15,3,1.9250000000000043,38.0,0.4860541427399508,0.0,0.248,776,2801,0.1,0.2,45
50,25,false,,0.14293071899174659,0.10298987182924452,-0.05201258732652635,10,2,1.0,47.0,0.3462039045553145,0.07071583514099783,0.2448,776,2801,0.1,0.2,45
60,30,true,,0.1122246875837447,0.27770677427175666,0.16066115461668196,51,55,21.0,59.0,0.7677966101694915,0.1944915254237288,0.2266,776,2801,0.1,0.2,45
20,10,false,,0.14043779751417698,0.12284924499572906,-0.016419181363886703,7,1,1.0,18.0,0.4645161290322581,0.0,0.2892,777,2802,0.1,0.2,45
30,15,false,,0.1456469150712064,0.11633194013280045,-0.04374358951339258,8,3,1.0,27.0,0.36302065695902475,0.0,0.2888,777,2802,0.1,0.2,45
40,20,false,,0.11889591809494439,0.15754184244175645,0.04997491569046629,31,37,3.0,39.0,0.6295081967213115,0.0,0.259,777,2802,0.1,0.2,45
50,25,false,,0.15376042569670695,0.11081977671800686,-0.055895990652843786,10,5,1.0,48.0,0.3134105341800523,0.10534180052297348,0.232,777,2802,0.1,0.2,45
60,30,false,,0.16363179303969214,0.11261923857261553,-0.05468615424709421,10,7,1.0,40.0,0.27135867519759127,0.01618366578848325,0.209,777,2802,0.1,0.2,45
20,10,false,,0.10255118832961,0.33189752099863484,0.24853516144735086,15,17,3.0,19.0,0.7499134049186006,0.0,0.2918,778,2803,0.1,0.2,45
30,15,false,,0.10581556318713906,0.7611557960518052,0.6509499663644561,25,27,2.0,29.0,0.8319805194805194,0.0,0.2696,778,2803,0.1,0.2,45
40,20,false,,0.12660339195545195,0.11817894983064972,-0.011655709360640351,22,36,2.0,38.0,0.47106563161609033,0.0,0.2796,778,2803,0.1,0.2,45
50,25,false,,0.12661777215422854,0.13637285771694316,0.02030590076258138,28,48,2.0,49.0,0.5652503793626708,0.2075113808801214,0.2492,778,2803,0.1,0.2,45
60,30,true,,0.12359425533736593,0.7198329795344125,0.5960702347367295,54,56,37.0,59.0,0.9097444089456869,0.11381789137380191,0.1776,778,2803,0.1,0.2,45
20,10,false,,0.12535163330136,0.1548476723194794,0.04297959157013101,10,14,1.0,19.0,0.6121613106490233,0.0,0.3016,779,2804,0.1,0.2,45
30,15,false,,0.2726371554831337,0.10913415385006402,-0.16644413662898727,5,1,1.0,28.0,0.289126559714795,0.0,0.2504,779,2804,0.1,0.2,45
40,20,false,,0.1336870179526422,0.10221064823547114,-0.04403021308791778,14,9,2.0,37.0,0.32771338250790305,0.0,0.267,779,2804,0.1,0.2,45
50,25,false,,0.121308239500866,0.13995266942909496,0.03201550961765251,39,45,1.0,49.0,0.5808405906853464,0.34948882998864067,0.2502,779,2804,0.1,0.2,45
60,30,false,,0.12341275317668214,0.15062354600130273,0.03674237717193707,34,49,7.0,57.0,0.6473665852807813,0.13812347401464947,0.2224,779,2804,0.1,0.2,45
20,10,false,,0.1316838125966455,0.17866041152536868,0.08131113716824888,14,16,1.0,19.0,0.6235632183908046,0.0,0.308,780,2805,0.1,0.2,45
30,15,false,,0.13823062088297036,0.09846163075681144,-0.045910283488893325,10,4,1.0,25.0,0.3530244074991157,0.0,0.29,780,2805,0.1,0.2,45
40,20,false,,0.1146018366317335,0.1469839802298215,0.04051160926501331,34,35,8.0,39.0,0.6248644741597398,0.0,0.2572,780,2805,0.1,0.2,45
50,25,false,,0.13654262707956052,0.10876532393828084,-0.03790533858337987,18,5,1.0,47.0,0.3433803891644411,0.10301411674933232,0.257,780,2805,0.1,0.2,45
60,30,false,,0.13595704064570444,0.12033784924772538,-0.020873594538170226,21,4,2.0,58.0,0.4386973180076628,0.029885057471264367,0.2434,780,2805,0.1,0.2,45
20,10,false,,0.2040094493908488,0.115586335755938,-0.10557328759580438,6,2,1.0,19.0,0.32993630573248406,0.0,0.2926,781,2806,0.1,0.2,45
30,15,false,,0.1331825281847889,0.11923584820122486,-0.013474045375699926,8,4,1.0,28.0,0.4477966101694915,0.0,0.2756,781,2806,0.1,0.2,45
40,20,true,,0.11628763143876894,0.2699610206715527,0.17424244435362785,33,36,10.0,39.0,0.7728285077951003,0.0,0.248,781,2806,0.1,0.2,45
20,10,false,,0.1270039975103498,0.17665470066085204,0.07729959120894334,11,1,1.0,19.0,0.5642755681818182,0.0,0.2742,782,2807,0.1,0.2,45
30,15,true,,0.11480146225383218,0.231438414818652,0.11753376878004095,24,25,5.174999999999997,29.0,0.7759831460674157,0.0,0.2804,782,2807,0.1,0.2,45
20,10,false,,0.13091778599029735,0.1080780517614953,-0.0315454460744104,9,3,1.0,19.0,0.4377895433487756,0.0,0.2948,783,2808,0.1,0.2,45
30,15,false,,0.11128480131840315,0.1306494109942772,0.025100303010786654,18,26,2.0,29.0,0.5587447378492154,0.0,0.2794,783,2808,0.1,0.2,45
40,20,false,,0.11468136233799105,0.1325292449274041,0.028137139251125487,24,34,1.0,38.0,0.5361719718892104,0.0,0.2522,783,2808,0.1,0.2,45
50,25,false,,0.1737616471915275,0.08686543663234177,-0.09926196512914029,8,4,1.0,46.0,0.27068345323741005,0.12365107913669064,0.1796,783,2808,0.1,0.2,45
60,30,true,,0.10758613708309145,0.17616744149914934,0.07003909392564428,51,54,29.0,58.0,0.7119402985074627,0.17313432835820897,0.1318,783,2808,0.1,0.2,45
20,10,true,,0.12023246372024786,0.2157358696144566,0.10536592867984573,14,16,1.0,19.0,0.7128680119087,0.0,0.2978,784,2809,0.1,0.2,45
20,10,true,,0.08265655066367053,0.21544772443982016,0.13528741782823256,13,16,1.0,19.0,0.7522222222222222,0.0,0.2706,785,2810,0.1,0.2,45
20,10,false,,0.13631232547334443,0.2191740787372067,0.11270896484919501,13,16,1.0,19.0,0.677153329260843,0.0,0.3226,786,2811,0.1,0.2,45
30,15,false,,0.14712845878225678,0.14427896312287078,0.006292963846032951,11,4,1.0,28.0,0.5077634621737694,0.0,0.2414,786,2811,0.1,0.2,45
40,20,false,,0.12983399652182756,0.15937191487005695,0.033045097950710325,32,37,1.0,39.0,0.5900792283844299,0.0,0.2524,786,2811,0.1,0.2,45
50,25,false,,0.14492019101060552,0.11613619653502981,-0.03790381469430877,19,6,2.0,48.0,0.3560500695410292,0.10744089012517385,0.2376,786,2811,0.1,0.2,45
60,30,true,,0.1333212715769796,0.28116043625814596,0.15260604503419067,48,4,2.0,59.0,0.7499120647203658,0.1037636299683433,0.2044,786,2811,0.1,0.2,45
20,10,false,,0.09156275738696916,0.14422165128297496,0.062132569234116114,14,17,2.0,19.0,0.6417651146629604,0.0,0.2904,787,2812,0.1,0.2,45
30,15,false,,0.10813031127533769,0.14587883394304257,0.05246961065445008,21,27,1.0,29.0,0.5742331288343558,0.0,0.2398,787,2812,0.1,0.2,45
40,20,false,,0.15694172648791313,0.10125473509430136,-0.06420924126480505,10,1,1.0,38.0,0.39752348420153716,0.0,0.2278,787,2812,0.1,0.2,45
50,25,true,,0.10803530821956032,0.4016028332569223,0.29590790180240245,44,46,4.0,49.0,0.845114813147231,0.6303466906798739,0.2042,787,2812,0.1,0.2,45
20,10,false,,0.1409701353183196,0.21855008792836736,0.10575670096359556,13,17,1.0,19.0,0.6167529107373868,0.0,0.3124,788,2813,0.1,0.2,45
30,15,false,,0.11115386537903262,0.17377656054236443,0.07131480067969706,19,26,2.0,29.0,0.6741379310344827,0.0,0.2762,788,2813,0.1,0.2,45
40,20,false,,0.12700866383765752,0.10631258874354335,-0.04063713639893174,22,29,1.0,38.0,0.3533724340175953,0.0,0.2334,788,2813,0.1,0.2,45
50,25,false,,0.12843824220293204,0.2072042134671515,0.09650106185055969,34,46,3.0,49.0,0.6354998099581908,0.3660205245153934,0.2216,788,2813,0.1,0.2,45
60,30,true,,0.1199435839033269,0.29132911698901975,0.1633106490986791,51,51,33.0,59.0,0.8498845265588915,0.18475750577367206,0.1322,788,2813,0.1,0.2,45
20,10,false,,0.1675569820920342,0.15155538141192157,-0.006532989999942368,12,17,1.0,19.0,0.48418722327640734,0.0,0.2854,789,2814,0.1,0.2,45
30,15,false,,0.1364173637259215,0.14022310672566735,0.009911570792163538,17,26,2.0,29.0,0.5198544010589013,0.0,0.287,789,2814,0.1,0.2,45
40,20,false,,0.27593118608327616,0.09992365241524064,-0.20144615089519,5,2,1.0,38.0,0.21281553398058253,0.0,0.2094,789,2814,0.1,0.2,45
50,25,false,,0.1389398747217872,0.11550243404582018,-0.023389647968794725,17,45,1.0,48.0,0.4355212355212355,0.24826254826254826,0.2302,789,2814,0.1,0.2,45
60,30,true,,0.12025127852823943,0.45408871563232994,0.3314475916619256,54,55,43.0,59.0,0.9068978514888805,0.14285714285714285,0.193,789,2814,0.1,0.2,45
20,10,false,,0.13488977756599452,0.2248301794662924,0.10587787148629908,14,16,2.0,19.0,0.6119946984758118,0.0,0.287,790,2815,0.1,0.2,45
30,15,false,,0.11217381466937411,0.1257228382012602,0.03148764444943068,18,26,2.0,29.0,0.5492349941153394,0.0,0.2468,790,2815,0.1,0.2,45
40,20,false,,0.11575496341628495,0.229367878741819,0.12571779314714016,32,35,2.0,39.0,0.6601178781925344,0.0,0.2726,790,2815,0.1,0.2,45
50,25,false,,0.12489451423547897,0.13880445208987968,0.03027091877003396,22,3,1.0,48.0,0.5904723779023219,0.21136909527622097,0.2552,790,2815,0.1,0.2,45
60,30,false,,0.2606887932726972,0.10341922732053015,-0.1613959735088007,6,3,1.0,43.0,0.21409921671018275,0.029155787641427327,0.178,790,2815,0.1,0.2,45
20,10,true,,0.08470544348906917,0.1957263133550156,0.135964483771149,13,17,1.0,19.0,0.7150922092585623,0.0,0.2782,791,2816,0.1,0.2,45
20,10,true,,0.04469612352779356,0.18036070092912496,0.13569193608348545,14,16,1.0,19.0,0.7942408376963351,0.0,0.1292,792,2817,0.1,0.2,45
20,10,false,,0.11356296381666678,0.12731205495358608,0.019490571231718296,11,16,1.0,19.0,0.5579663212435233,0.0,0.3128,793,2818,0.1,0.2,45
30,15,false,,0.11001774542792524,0.6024149295356176,0.4752353857255462,26,26,4.0,29.0,0.8563369687852577,0.0,0.256,793,2818,0.1,0.2,45
40,20,false,,0.127668313405931,0.12187186751316016,0.003987420341702769,14,2,1.0,38.0,0.5133308298911002,0.0,0.2566,793,2818,0.1,0.2,45
50,25,false,,0.12693757589790927,0.1223633621400729,-0.014029665898434213,31,1,1.0,48.0,0.4623015873015873,0.24087301587301588,0.2144,793,2818,0.1,0.2,45
60,30,false,,0.15782467212060666,0.1261365063279638,-0.030747846618531693,6,2,1.0,32.0,0.3964407421431276,0.0,0.2114,793,2818,0.1,0.2,45
20,10,false,,0.12184555162082009,0.29744277837173067,0.19037156617924175,14,16,1.0,19.0,0.6701895043731778,0.0,0.2754,794,2819,0.1,0.2,45
30,15,false,,0.11552613068789948,0.24283527783707015,0.1455673956437767,23,26,1.0,29.0,0.6280642434488588,0.0,0.2398,794,2819,0.1,0.2,45
40,20,false,,0.12637497046850477,0.09523900950138173,-0.04629188151890115,16,4,1.0,38.0,0.33972821742605913,0.0,0.2512,794,2819,0.1,0.2,45
50,25,false,,0.1267460608501458,0.4438717809064464,0.29246062543945023,37,47,1.0,49.0,0.6535048802129547,0.404170363797693,0.2434,794,2819,0.1,0.2,45
60,30,false,,0.1436709899438458,0.1185294045192161,-0.03289513589689899,11,3,1.0,58.0,0.3894355256343863,0.12118073537027448,0.1624,794,2819,0.1,0.2,45
20,10,false,,0.08514870432699827,0.11075470130516668,0.03874292937842106,11,16,1.0,18.0,0.6116185604676653,0.0,0.2816,795,2820,0.1,0.2,45
30,15,true,,0.08346919976279432,0.38723401242434363,0.29297885772030763,23,26,1.0,29.0,0.8309370352007932,0.0,0.1838,795,2820,0.1,0.2,45
20,10,false,,0.13329672962481168,0.1377639998041908,0.018796183915059023,9,2,1.0,19.0,0.5299289820764288,0.0,0.2864,796,2821,0.1,0.2,45
30,15,true,,0.12876171339036463,0.3808287264159435,0.2587981215783077,22,1,1.0,29.0,0.7217391304347827,0.0,0.2384,796,2821,0.1,0.2,45
20,10,true,,0.05604894631907915,0.23055120819211486,0.1863985759852128,14,16,1.0,19.0,0.7080858839652809,0.0,0.1798,797,2822,0.1,0.2,45
20,10,true,,0.0847888830942724,0.4483471893563197,0.34940519459511943,14,15,3.0,19.0,0.8914265635980323,0.0,0.295,798,2823,0.1,0.2,45
20,10,true,,0.09913351334459523,0.229847858273003,0.13359520360293775,14,16,1.0,19.0,0.7251282051282051,0.0,0.3026,799,2824,0.1,0.2,45
20,10,false,,0.10422840750150933,0.16293975221505658,0.05995832749269023,13,16,2.0,19.0,0.6680685862180524,0.0,0.325,800,2825,0.1,0.2,45
30,15,false,,0.11842572211935808,0.09417577896775191,-0.03210867573467396,15,27,1.0,29.0,0.41660201706749417,0.0,0.2438,800,2825,0.1,0.2,45
40,20,false,,0.11337073726170317,0.18516566008892174,0.08413697367210912,29,35,2.0,39.0,0.6353029732781332,0.0,0.2792,800,2825,0.1,0.2,45
50,25,true,,0.10975963106062452,0.20255497148486182,0.09751441761037907,39,47,14.0,49.0,0.7094459944200877,0.35233160621761656,0.2522,800,2825,0.1,0.2,45
20,10,false,,0.12277915969195576,0.09321856487347813,-0.044856211020864,8,1,1.0,19.0,0.42709132770529545,0.0,0.2412,801,2826,0.1,0.2,45
30,15,false,,0.07586804622635675,0.705012734632211,0.6226072524973514,26,26,20.0,29.0,1.0,0.0,0.1616,801,2826,0.1,0.2,45
40,20,true,,0.07556647197682678,0.15735218839253873,0.08045932808954015,32,29,17.0,39.0,0.8041025641025641,0.0,0.1088,801,2826,0.1,0.2,45
20,10,false,,0.15216286070533847,0.1295165679956317,-0.036262360517951925,9,4,1.0,18.0,0.39994035192365046,0.0,0.3106,802,2827,0.1,0.2,45
30,15,false,,0.14587920214682415,0.10525912614444244,-0.06883052800720471,11,3,1.0,28.0,0.3022788203753351,0.0,0.267,802,2827,0.1,0.2,45
40,20,false,,0.3874790538107042,0.10521344723828102,-0.29808430050703905,5,2,1.0,38.0,0.20943396226415095,0.0,0.1982,802,2827,0.1,0.2,45
50,25,false,,0.3712672486489148,0.10816521655793127,-0.27030662421868246,4,2,1.0,43.0,0.13968006242684355,0.030433086227077643,0.1788,802,2827,0.1,0.2,45
60,30,false,,0.12785496964870752,0.21423971582320425,0.0932959057657054,52,54,39.0,59.0,0.6918502973067506,0.2217558586918503,0.1658,802,2827,0.1,0.2,45
20,10,false,,0.053378795859368076,0.704788549533828,0.6355095456629696,17,17,7.225000000000001,19.0,0.988780487804878,0.0,0.1752,803,2828,0.1,0.2,45
30,15,false,,0.05261991958477556,0.10243486172264227,0.04152085193729067,20,18,8.0,29.0,0.6612802983219391,0.0,0.0764,803,2828,0.1,0.2,45
40,20,false,,0.20458992552149097,0.05275797232295965,-0.14144480220830136,2,1,1.0,19.0,0.15751575157515751,0.0,0.0278,803,2828,0.1,0.2,45
50,25,false,,0.07212517337089981,0.06479835801542079,0.0024707843258681694,8,9,2.0,14.0,0.5441176470588235,0.0,0.0252,803,2828,0.1,0.2,45
60,30,true,,0.05033998944708766,0.18746425277776052,0.14195986577096803,45,47,32.0,50.0,0.9678899082568807,0.6944954128440367,0.017,803,2828,0.1,0.2,45
20,10,false,,0.10547677333711386,0.09849097518690454,-0.007480111012093643,11,16,1.0,19.0,0.47577247191011235,0.0,0.288,804,2829,0.1,0.2,45
30,15,false,,0.10697217437273968,0.1769209338862231,0.08519653578047798,20,23,2.0,29.0,0.6766381766381766,0.0,0.306,804,2829,0.1,0.2,45
40,20,true,,0.10705352789211056,0.20859995190554564,0.10766613561831365,29,36,12.0,39.0,0.7436943620178041,0.0,0.2888,804,2829,0.1,0.2,45
20,10,false,,0.16214223115407286,0.11200552763894317,-0.06321870008462735,9,8,1.0,19.0,0.3998158944461491,0.0,0.2922,805,2830,0.1,0.2,45
30,15,false,,0.10370868748910536,0.08900400229780148,-0.021372865935014237,19,22,3.0,29.0,0.45063879210220675,0.0,0.223,805,2830,0.1,0.2,45
40,20,false,,0.18766369074358671,0.06261790026960729,-0.1291270423118752,7,8,1.0,16.0,0.11761684643040575,0.0,0.1254,805,2830,0.1,0.2,45
50,25,false,,0.11994659828497509,0.07482763440496851,-0.054015125178441384,10,9,1.0,47.0,0.28656361474435194,0.13317479191438764,0.0868,805,2830,0.1,0.2,45
60,30,true,,0.08193688436099617,0.16760008895263637,0.08883006837214996,48,53,31.0,59.0,0.788750817527796,0.2354480052321779,0.0472,805,2830,0.1,0.2,45
20,10,false,,0.1439596682419537,0.20384637590728988,0.10044874671710646,13,17,1.0,19.0,0.6012113484220593,0.0,0.2646,806,2831,0.1,0.2,45
30,15,false,,0.12543930119699664,0.1513771787703848,0.03813931439526123,20,26,2.0,29.0,0.603530210454854,0.0,0.2806,806,2831,0.1,0.2,45
40,20,false,,0.47239912036383064,0.10518456077661245,-0.37418005215109634,4,1,1.0,38.0,0.2867861609003752,0.0,0.1928,806,2831,0.1,0.2,45
50,25,false,,0.13064145715921655,0.1319944729994858,0.007055517596143063,16,6,1.0,49.0,0.519644180874722,0.2357301704966642,0.2432,806,2831,0.1,0.2,45
60,30,false,,,,,,,,,,,0.0,806,2831,0.1,0.2,45
20,10,false,,0.09432304506944894,0.5651220066171603,0.4753009429120215,16,16,2.0,19.0,0.8226106359241354,0.0,0.256,807,2832,0.1,0.2,45
30,15,true,,0.09451220685264891,0.2668926975107161,0.1769384345217314,24,26,8.0,29.0,0.7520726411369917,0.0,0.263,807,2832,0.1,0.2,45
20,10,false,,0.08960939708757887,0.11760314347269846,0.03593004356949791,12,16,1.0,19.0,0.589086859688196,0.0,0.2866,808,2833,0.1,0.2,45
30,15,false,,0.07819201927112766,0.21248531817456268,0.14001088558244626,20,26,2.0,29.0,0.6966779008184882,0.0,0.1814,808,2833,0.1,0.2,45
40,20,true,,0.08285107529696889,0.1770602425844586,0.10403852551286051,32,37,2.0,39.0,0.7548005908419497,0.0,0.1114,808,2833,0.1,0.2,45
20,10,false,,0.12249423518153355,0.18283987108046365,0.06846409706636634,13,16,2.0,19.0,0.6784942918852206,0.0,0.3316,809,2834,0.1,0.2,45
30,15,false,,0.11268787500249569,0.4737582038934271,0.3604758455268288,25,27,9.0,29.0,0.8580985915492958,0.0,0.276,809,2834,0.1,0.2,45
40,20,false,,0.11693120125593118,0.13133459727495417,0.025407548128596802,25,30,2.0,39.0,0.5772266065388951,0.0,0.2534,809,2834,0.1,0.2,45
50,25,false,,0.1429895197671477,0.11261304047624762,-0.044527140363705954,29,1,1.0,49.0,0.43047210300429184,0.2733905579399142,0.2194,809,2834,0.1,0.2,45
60,30,true,,0.11938922984900578,0.2797012631013614,0.15938499516615273,54,56,33.0,59.0,0.8161648177496038,0.1347068145800317,0.203,809,2834,0.1,0.2,45
20,10,false,,0.14444511401409144,0.2072963878227529,0.08204493871336688,12,15,2.0,19.0,0.6459854014598541,0.0,0.3106,810,2835,0.1,0.2,45
30,15,false,,0.26413358914481583,0.11313139096198499,-0.1682785614561303,4,1,1.0,20.40000000000009,0.1881326352530541,0.0,0.2214,810,2835,0.1,0.2,45
40,20,false,,0.13611220386829148,0.1322877073033554,0.0006461298038795971,21,36,1.0,39.0,0.5008541168431841,0.0,0.2654,810,2835,0.1,0.2,45
50,25,false,,0.1617054553214753,0.11421348267036982,-0.07078852840797288,7,1,1.0,48.0,0.3040415276232851,0.11976269929551353,0.214,810,2835,0.1,0.2,45
60,30,false,,0.13451210850609918,0.1343358881918083,0.005629455917146892,24,11,2.0,57.0,0.5197682344921609,0.09270620313565099,0.2128,810,2835,0.1,0.2,45
20,10,false,,0.11194501797955604,0.41335319490851524,0.304310940281589,15,16,3.0,19.0,0.8378912685337726,0.0,0.3018,811,2836,0.1,0.2,45
30,15,false,,0.12044114333883192,0.19156219770276917,0.0831669387171223,23,26,3.0,29.0,0.6817878585723816,0.0,0.2816,811,2836,0.1,0.2,45
40,20,false,,0.2459627071906943,0.10574566094978556,-0.14853021391068424,5,2,1.0,28.0,0.23591965340685309,0.0,0.2306,811,2836,0.1,0.2,45
50,25,true,,0.1183294035116223,0.23011110177833793,0.11409874598361895,43,45,31.0,49.0,0.708803611738149,0.5662151993980437,0.2476,811,2836,0.1,0.2,45
20,10,true,,0.11156142620887899,0.26796889515649874,0.16903098659939583,13,16,2.0,19.0,0.7595383135620392,0.0,0.3026,812,2837,0.1,0.2,45
20,10,false,,0.17965067777158514,0.11482623485730759,-0.08362872736485119,6,3,1.0,18.0,0.3680488588878174,0.0,0.2932,813,2838,0.1,0.2,45
30,15,false,,0.5205235518165875,0.06998405693682538,-0.46215557743714464,3,1,1.0,25.0,0.07326646314871348,0.0,0.1572,813,2838,0.1,0.2,45
40,20,false,,0.12589188111290966,0.08304550818618042,-0.05165103612248236,17,6,1.0,39.0,0.3919963619827194,0.0,0.1594,813,2838,0.1,0.2,45
50,25,false,,0.09017010013302178,0.7138868932184211,0.6112812419307229,45,46,34.0,49.0,0.9800753904146473,0.7501346257404415,0.1114,813,2838,0.1,0.2,45
60,30,false,,0.11677040986104552,0.1554390634213866,0.05024764544506127,45,56,5.0,59.0,0.6340094950366854,0.06473888649115235,0.2056,813,2838,0.1,0.2,45
20,10,false,,0.07881484512676692,0.29859834646083205,0.22395761244713047,15,16,2.0,19.0,0.782642089093702,0.0,0.254,814,2839,0.1,0.2,45
30,15,false,,0.09966323619249054,0.12342448450837315,0.02276912337856693,15,20,2.0,28.0,0.5831144465290806,0.0,0.3,814,2839,0.1,0.2,45
40,20,true,,0.10442826674831057,0.36305078262549273,0.2603129320270239,31,35,3.0,39.0,0.8244746600741656,0.0,0.2642,814,2839,0.1,0.2,45
20,10,false,,0.09853823885005158,0.1445422897377742,0.05558841010600021,13,16,1.0,19.0,0.6413119330076762,0.0,0.2998,815,2840,0.1,0.2,45
30,15,false,,0.11327361743512672,0.15963548816295153,0.06727851354617427,18,27,1.0,29.0,0.6371521503433322,0.0,0.2806,815,2840,0.1,0.2,45
40,20,false,,0.13709492228129486,0.11161195550123731,-0.04057277302617858,20,1,1.0,38.0,0.42535446205170974,0.0,0.2194,815,2840,0.1,0.2,45
50,25,false,,0.17921313409981132,0.09893435778342706,-0.08905091807396533,8,3,1.0,31.0,0.24548887956357532,0.0,0.2426,815,2840,0.1,0.2,45
60,30,false,,0.14303954266186586,0.11688663337049345,-0.03051282459782971,10,3,1.0,32.0,0.4024556616643929,0.0,0.1254,815,2840,0.1,0.2,45
20,10,true,,0.08570263538508442,0.2744663571614231,0.17834393703770338,14,16,2.0,19.0,0.7301818181818182,0.0,0.257,816,2841,0.1,0.2,45
20,10,true,,0.13475417684084662,0.42991141182363884,0.2853055239355976,14,16,1.0,19.0,0.7011642949547219,0.0,0.2882,817,2842,0.1,0.2,45
20,10,false,,0.09165635947387588,0.3651514071938235,0.27130284212096156,16,17,2.0,19.0,0.7244477723698989,0.0,0.256,818,2843,0.1,0.2,45
30,15,false,,0.10778989807000142,0.11116027657824587,0.007715939724410113,14,6,2.0,28.0,0.5337490829053558,0.0,0.2866,818,2843,0.1,0.2,45
40,20,false,,0.1105644087647264,0.12263321525148684,0.018977781909925343,24,37,3.0,39.0,0.5696993361967981,0.0,0.2878,818,2843,0.1,0.2,45
50,25,false,,0.5427543815339062,0.09370817268225466,-0.45262614930429224,4,3,1.0,21.0,0.06913470115967886,0.0,0.2158,818,2843,0.1,0.2,45
60,30,true,,0.11644469705671774,0.3846216320804339,0.2641410791087143,52,53,32.0,59.0,0.8264604810996563,0.15034364261168384,0.0962,818,2843,0.1,0.2,45
20,10,false,,0.10030779241720367,0.15527192015180383,0.06513259570969814,10,2,1.0,18.0,0.6491963661774982,0.0,0.277,819,2844,0.1,0.2,45
30,15,false,,0.10761066552695377,0.13485944108312548,0.04511430390367248,21,26,1.0,29.0,0.5899224806201551,0.0,0.2704,819,2844,0.1,0.2,45
40,20,true,,0.09590079921151946,0.37770328789860697,0.2653687248471734,34,36,24.0,39.0,0.9036973344797936,0.0,0.2182,819,2844,0.1,0.2,45
20,10,false,,0.12622682403864477,0.18100663644188159,0.07668502645115145,13,16,1.0,19.0,0.6328348711422208,0.0,0.3178,820,2845,0.1,0.2,45
30,15,false,,0.11737820685519239,0.1691042599625718,0.06579309042260986,21,26,1.0,29.0,0.6280264123257521,0.0,0.2896,820,2845,0.1,0.2,45
40,20,false,,0.138014395852846,0.12218137064870475,-0.02417018431584722,14,3,1.0,39.0,0.4489636292530309,0.0,0.2652,820,2845,0.1,0.2,45
50,25,true,,0.1157469473133444,0.3583822328418246,0.24947433577924713,43,46,9.349999999999994,49.0,0.8011472275334608,0.4894837476099426,0.2598,820,2845,0.1,0.2,45
20,10,false,,0.07133598173180891,0.08218784759522389,0.008486608675269826,12,1,1.0,19.0,0.5366084081247048,0.0,0.1618,821,2846,0.1,0.2,45
30,15,false,,0.05412924379610249,0.8522399050014774,0.7836043128161427,27,28,22.0,29.0,1.0,0.0,0.0668,821,2846,0.1,0.2,45
40,20,false,,0.06830835349952975,0.07846033133818918,0.02748696617524881,11,6,1.0,26.0,0.6157082748948106,0.0,0.055,821,2846,0.1,0.2,45
50,25,false,,0.05952678196690762,0.08909361078363094,0.032197844536971595,18,18,8.0,25.0,0.665296052631579,0.0,0.0414,821,2846,0.1,0.2,45
60,30,false,,0.7695210062285293,0.05847795162738219,-0.7101786566703391,1,1,1.0,5.0,0.0,0.0,0.0128,821,2846,0.1,0.2,45
20,10,false,,0.07379288240969331,0.3629367953865851,0.28839114578274716,15,16,5.0,19.0,0.8730454206999255,0.0,0.295,822,2847,0.1,0.2,45
30,15,true,,0.09921401541234108,0.24474681761703043,0.1655233626721192,21,26,1.0,29.0,0.7806983130639467,0.0,0.2748,822,2847,0.1,0.2,45
20,10,false,,0.0970596261289245,0.7507486151506764,0.6406412371484966,16,18,4.0,19.0,0.9283559577677225,0.0,0.267,823,2848,0.1,0.2,45
30,15,false,,0.08386810533892439,0.48376016930031757,0.40661921913521504,26,27,3.0,29.0,0.864816472694718,0.0,0.191,823,2848,0.1,0.2,45
40,20,false,,0.09490109006441251,0.10592497926126909,0.025718656802019194,19,36,2.0,38.0,0.571566265060241,0.0,0.14,823,2848,0.1,0.2,45
50,25,false,,0.08836015213610787,0.1037612071575321,0.012203478514615923,34,36,1.0,47.0,0.5556756756756757,0.17621621621621622,0.09,823,2848,0.1,0.2,45
60,30,false,,0.09456153468225188,0.09641769815143379,0.009188548877302652,35,14,9.0,55.0,0.5326721120186698,0.19369894982497082,0.072,823,2848,0.1,0.2,45
20,10,false,,0.11157018035026688,0.34290852693778223,0.2545677890695326,15,16,2.0,19.0,0.7132987910189983,0.0,0.28,824,2849,0.1,0.2,45
30,15,false,,0.12708590766941857,0.13402632727892347,0.014481689502201814,12,2,1.0,29.0,0.533839551006933,0.0,0.2596,824,2849,0.1,0.2,45
40,20,false,,0.11738741121567088,0.6894042779748738,0.5700345709066756,35,36,13.0,39.0,0.8548883756735951,0.0,0.2258,824,2849,0.1,0.2,45
50,25,false,,0.12986869689968708,0.12760440871586418,-0.006212567867187227,33,46,2.0,49.0,0.48901303538175045,0.27299813780260707,0.239,824,2849,0.1,0.2,45
60,30,true,,0.12226550836253658,0.6607686453630054,0.5417310378155658,54,54,42.0,59.0,0.8800147221199853,0.12403386087596614,0.21,824,2849,0.1,0.2,45
20,10,false,,0.07712665397905405,0.43525396402478994,0.3500552337991469,15,16,3.0,19.0,0.8366156090444931,0.0,0.3136,825,2850,0.1,0.2,45
30,15,true,,0.1020059340850514,0.3480519568186913,0.25413560377137767,22,27,1.0,29.0,0.7367788461538461,0.0,0.2704,825,2850,0.1,0.2,45
20,10,false,,0.14863721468126612,0.22877625828272757,0.10272814953453194,14,17,1.0,19.0,0.6678910315273952,0.0,0.295,826,2851,0.1,0.2,45
30,15,false,,0.13960753015903216,0.1474300952537106,0.006370759262305237,22,26,2.0,29.0,0.5164556962025316,0.0,0.27,826,2851,0.1,0.2,45
40,20,false,,0.197912073119864,0.10033112418525904,-0.10829615033452204,8,4,1.0,36.0,0.22717311906501095,0.0,0.23,826,2851,0.1,0.2,45
50,25,false,,0.12745086532131553,0.12100964258936964,-0.007229157747442087,32,46,4.0,48.0,0.46636432350718066,0.218442932728647,0.2466,826,2851,0.1,0.2,45
60,30,false,,0.2641796993483818,0.1112654776348044,-0.15157547936395466,4,2,1.0,27.0,0.15101070154577884,0.0,0.057,826,2851,0.1,0.2,45
20,10,false,,0.09457798908066027,0.11231745295101307,0.016193440567361883,10,9,1.0,19.0,0.5522135856708348,0.0,0.3094,827,2852,0.1,0.2,45
30,15,false,,0.09392110792278507,0.444769914474939,0.35313579880054613,25,27,16.0,29.0,0.8812749003984064,0.0,0.2676,827,2852,0.1,0.2,45
40,20,true,,0.09883809700751464,0.20098659185508805,0.10398236046924875,33,34,2.0,39.0,0.7132570944515036,0.0,0.218,827,2852,0.1,0.2,45
20,10,false,,0.10369723412945286,0.15267348936520142,0.06218195232968221,10,1,1.0,18.0,0.6263404825737265,0.0,0.2928,828,2853,0.1,0.2,45
30,15,false,,0.11052264958167803,0.3507247795816337,0.23933415456978382,25,25,3.0,29.0,0.8222222222222222,0.0,0.2812,828,2853,0.1,0.2,45
40,20,false,,0.12198954773302842,0.14274463852973138,0.03650041974484131,24,36,1.0,39.0,0.5993328391401038,0.0,0.2562,828,2853,0.1,0.2,45
50,25,false,,0.12173280371635359,0.13215238027965553,0.012222718517870781,37,45,4.0,49.0,0.5292439372325249,0.2838801711840228,0.2306,828,2853,0.1,0.2,45
60,30,false,,0.12536589720088873,0.15073436196152762,0.03557521171850417,47,57,4.0,59.0,0.64926707186271,0.13192706471219162,0.2232,828,2853,0.1,0.2,45
20,10,true,,0.08870995296776168,0.14893284821225733,0.07702109790795741,12,15,2.0,19.0,0.7013258897418004,0.0,0.29,829,2854,0.1,0.2,45
20,10,false,,0.09228534459708625,0.12772479991029909,0.044124999192877226,12,16,1.0,19.0,0.6020223907547851,0.0,0.2848,830,2855,0.1,0.2,45
30,15,false,,0.1126754455237644,0.20546178078388128,0.11361824199037747,22,26,1.0,29.0,0.671541057367829,0.0,0.2728,830,2855,0.1,0.2,45
40,20,true,,0.11159662923806589,0.5200056357614488,0.4117113820602254,33,36,3.0,39.0,0.7914728682170543,0.0,0.2654,830,2855,0.1,0.2,45
20,10,false,,0.08987616944664902,0.09910880120584474,0.012307711233659972,10,16,1.0,19.0,0.5425531914893617,0.0,0.2794,831,2856,0.1,0.2,45
30,15,false,,0.11442694202609094,0.1250206972496836,0.007986480400268808,19,1,1.0,29.0,0.5292730844793713,0.0,0.263,831,2856,0.1,0.2,45
40,20,false,,0.10447931423548464,0.17279010601069364,0.08949208146173718,26,36,2.0,38.0,0.6830732292917167,0.0,0.2612,831,2856,0.1,0.2,45
50,25,false,,0.11736463795147606,0.17865180515197698,0.09003044606606225,39,44,2.0,48.0,0.6493354182955434,0.35379202501954654,0.2794,831,2856,0.1,0.2,45
60,30,true,,0.11728028609863272,0.24728639205736896,0.1349683285480209,47,53,3.0,58.0,0.793236301369863,0.1095890410958904,0.2008,831,2856,0.1,0.2,45
20,10,false,,0.0713259892630981,0.1565769085664953,0.09581871440079755,12,16,1.0,19.0,0.6701388888888888,0.0,0.2676,832,2857,0.1,0.2,45
30,15,true,,0.09569683351178258,0.247060602945258,0.15599061791460006,23,26,5.0,29.0,0.7237949502677888,0.0,0.266,832,2857,0.1,0.2,45
20,10,false,,0.12766564615713216,0.1189749981963214,-0.009993659572369543,10,11,1.0,19.0,0.47448015122873344,0.0,0.3024,833,2858,0.1,0.2,45
30,15,false,,0.1239312765555864,0.1662654842000739,0.05635401469433567,21,26,1.0,29.0,0.6190633245382586,0.0,0.2728,833,2858,0.1,0.2,45
40,20,false,,0.12132167845925479,0.16036396634192285,0.05068328988954596,30,38,3.0,39.0,0.6034054629301171,0.0,0.2636,833,2858,0.1,0.2,45
50,25,true,,0.1189505074495753,0.4848261553453709,0.3616458102457315,44,46,28.0,49.0,0.7980769230769231,0.585,0.2344,833,2858,0.1,0.2,45
20,10,false,,0.13147789452431502,0.1250106030556039,-0.00480831580689281,10,1,1.0,18.0,0.4933678421222905,0.0,0.3148,834,2859,0.1,0.2,45
30,15,false,,0.10947848039914983,0.12760438569974752,0.02560011641340028,17,26,2.0,28.0,0.5872907413734199,0.0,0.2928,834,2859,0.1,0.2,45
40,20,false,,0.436918860226238,0.08194008657924652,-0.3568577811741779,3,1,1.0,32.0,0.06049661399548533,0.0,0.1708,834,2859,0.1,0.2,45
50,25,false,,0.15506507764882457,0.09599297222758958,-0.06405547754604173,8,5,1.0,26.0,0.2658959537572254,0.0,0.2476,834,2859,0.1,0.2,45
60,30,false,,0.13321039634549892,0.15020077790860123,0.02730626488285233,42,55,1.0,58.0,0.5474596297755022,0.12012603387160299,0.2234,834,2859,0.1,0.2,45
20,10,false,,0.10067401267766829,0.31607879956585283,0.22531401721115363,15,16,1.0,19.0,0.7789185489390829,0.0,0.3028,835,2860,0.1,0.2,45
30,15,false,,0.10364501892199379,0.15826883347845985,0.07381188521440961,22,26,3.0,29.0,0.6675305442428731,0.0,0.2702,835,2860,0.1,0.2,45
40,20,false,,0.14578699956849042,0.08435404177007383,-0.06493858568800127,8,3,1.0,23.0,0.2677735206470839,0.0,0.2134,835,2860,0.1,0.2,45
50,25,true,,0.10308699340811037,0.38199288440332924,0.284369974953289,42,45,5.0,49.0,0.7521960240406842,0.5182616736014795,0.1684,835,2860,0.1,0.2,45
20,10,true,,0.0748971352481425,0.15115245967331564,0.0860074009234535,13,16,1.0,19.0,0.7189337514700117,0.0,0.2592,836,2861,0.1,0.2,45
20,10,false,,0.07197858144360167,0.08186632844296812,0.007097075502999508,10,4,1.0,19.0,0.5243697478991597,0.0,0.2292,837,2862,0.1,0.2,45
30,15,true,,0.10740920804099424,0.2595748086280302,0.16449994555950023,22,26,1.0,29.0,0.7419471588852696,0.0,0.2864,837,2862,0.1,0.2,45
20,10,false,,0.15032032334668338,0.14406937411804957,-0.0019078003738397659,12,16,1.0,19.0,0.4965413533834587,0.0,0.3076,838,2863,0.1,0.2,45
30,15,false,,0.1533616459834426,0.12758367829256795,-0.032378086808401055,12,2,1.0,29.0,0.4362793776895068,0.0,0.2304,838,2863,0.1,0.2,45
40,20,false,,0.119944102687745,0.17836449293331239,0.060683168279720284,34,37,19.0,39.0,0.6082322675486953,0.0,0.2456,838,2863,0.1,0.2,45
50,25,false,,0.13235408462878812,0.11728250899470252,-0.025232637170998204,33,46,3.0,48.0,0.4212055192447349,0.2534495279593319,0.25,838,2863,0.1,0.2,45
60,30,false,,0.1515350593302855,0.11560761569142501,-0.05643878756925011,18,1,1.0,55.82499999999982,0.29418429003021146,0.07817220543806647,0.2028,838,2863,0.1,0.2,45
20,10,true,,0.10372446155224585,0.2564163747156548,0.17161775255585698,12,14,2.0,19.0,0.8104993597951344,0.0,0.32,839,2864,0.1,0.2,45
20,10,false,,0.12599918415712955,0.12869269999348304,0.008644680496410928,10,17,1.0,19.0,0.5238726790450928,0.0,0.3058,840,2865,0.1,0.2,45
30,15,false,,0.1528453079292591,0.11404955627448136,-0.057771933559949515,7,1,1.0,28.0,0.3923105636431504,0.0,0.2428,840,2865,0.1,0.2,45
40,20,false,,0.11422260710155317,0.4836490566570326,0.371289694466804,35,37,3.0,39.0,0.863323124042879,0.0,0.25,840,2865,0.1,0.2,45
50,25,false,,0.12263226212742095,0.11932984547759408,-0.00024132986647648624,18,2,2.0,45.0,0.49925980754996296,0.07216876387860843,0.2434,840,2865,0.1,0.2,45
60,30,false,,0.21419292627711356,0.11736959686181565,-0.1037527359641657,6,2,1.0,56.0,0.28577044025157233,0.020440251572327043,0.1544,840,2865,0.1,0.2,45
20,10,false,,0.09064937490516835,0.12059375381935264,0.03793980996516802,11,1,1.0,19.0,0.5464362850971922,0.0,0.2212,841,2866,0.1,0.2,45
30,15,false,,0.12555073894342367,0.06543817739544144,-0.059201018179092645,9,1,1.0,28.0,0.2931910569105691,0.0,0.14,841,2866,0.1,0.2,45
40,20,true,,0.08232493224739965,0.1868070946702804,0.1143324482683693,33,35,3.0,39.0,0.7691521961184883,0.0,0.1154,841,2866,0.1,0.2,45
20,10,false,,0.09706800534371006,0.171752955809905,0.08184993922821326,11,17,1.0,19.0,0.67493615468807,0.0,0.2484,842,2867,0.1,0.2,45
30,15,false,,0.08158226332491736,0.5630736926468395,0.4785282945075085,26,26,16.0,29.0,0.9661921708185054,0.0,0.1998,842,2867,0.1,0.2,45
40,20,false,,0.6905481909855757,0.06823227255629358,-0.6306950516127465,2,1,1.0,12.0,0.07180385288966724,0.0,0.09,842,2867,0.1,0.2,45
50,25,false,,0.10009155349570649,0.08279876122395372,-0.01631731637344644,10,5,1.0,22.0,0.4160714285714286,0.0,0.0884,842,2867,0.1,0.2,45
60,30,false,,0.08717381687039565,0.10511228454767503,0.011227451428622234,37,55,23.0,58.0,0.59,0.09705882352941177,0.061,842,2867,0.1,0.2,45
20,10,true,,0.07653374309866096,0.1800470197801669,0.10833690608347564,13,16,1.0,19.0,0.7191094619666049,0.0,0.2938,843,2868,0.1,0.2,45
20,10,false,,0.10642211021083157,0.20408720245170045,0.11391883180560947,13,14,1.0,19.0,0.6888962987662555,0.0,0.287,844,2869,0.1,0.2,45
30,15,false,,0.11622340969341532,0.18189870103434788,0.08058727844207186,23,26,3.0,29.0,0.6507936507936508,0.0,0.2876,844,2869,0.1,0.2,45
40,20,true,,0.11314279010215529,0.3426217522065218,0.24624895855829657,34,36,7.125,39.0,0.7937453462397617,0.0,0.2636,844,2869,0.1,0.2,45
20,10,false,,0.13118608893396821,0.09232044883181721,-0.03655308781558811,9,4,1.0,18.0,0.40768725361366626,0.0,0.2948,845,2870,0.1,0.2,45
30,15,false,,0.11597364895353857,0.11344235456315213,0.000897875260891353,19,26,1.0,29.0,0.5007320644216691,0.0,0.2686,845,2870,0.1,0.2,45
40,20,false,,0.10629614280851328,0.14418506050602203,0.053356931300261826,29,36,2.0,39.0,0.6131025957972805,0.0,0.2184,845,2870,0.1,0.2,45
50,25,false,,0.11673825275398676,0.17693564378668128,0.0573701336687648,36,38,11.0,48.0,0.6412386706948641,0.25755287009063443,0.289,845,2870,0.1,0.2,45
60,30,false,,0.12138061286946676,0.16086005087673416,0.06185002822912381,35,57,3.0,58.0,0.6630883567299752,0.09248554913294797,0.2566,845,2870,0.1,0.2,45
20,10,false,,0.08303012416228167,0.3728291682488552,0.29049862410859706,16,16,8.0,19.0,0.859251259899208,0.0,0.2872,846,2871,0.1,0.2,45
30,15,true,,0.10253521411327186,0.1814167221047896,0.10231029797333227,19,25,3.0,29.0,0.7120398773006135,0.0,0.2776,846,2871,0.1,0.2,45
20,10,true,,0.09892611216246043,0.37170869269017814,0.27604053804193424,14,16,2.0,19.0,0.8507462686567164,0.0,0.3064,847,2872,0.1,0.2,45
20,10,false,,0.09829789942214628,0.1305139471059004,0.04762535697294522,11,16,1.0,19.0,0.6201495194019224,0.0,0.306,848,2873,0.1,0.2,45
30,15,true,,0.10078418812997005,0.5152575832678299,0.4177330639243307,23,26,3.0,29.0,0.795552087397581,0.0,0.2844,848,2873,0.1,0.2,45
20,10,false,,0.10563946604753546,0.10421330234896536,0.008354125830817669,11,1,1.0,19.0,0.5157728706624606,0.0,0.2572,849,2874,0.1,0.2,45
30,15,true,,0.09462866811669685,0.4550491271235408,0.371299138281856,24,26,6.0,29.0,0.8871775125144398,0.0,0.284,849,2874,0.1,0.2,45
20,10,true,,0.1178566804519409,0.23234395430361543,0.12761544796309535,13,18,1.0,19.0,0.7228403141361257,0.0,0.3032,850,2875,0.1,0.2,45
20,10,false,,0.25358899550026237,0.061780622189991335,-0.1968319563964132,5,3,1.0,15.0,0.11436082813013473,0.0,0.2618,851,2876,0.1,0.2,45
30,15,false,,0.16432330442299636,0.08907408395227888,-0.0834439725083213,7,4,1.0,28.0,0.2900733874082657,0.0,0.2418,851,2876,0.1,0.2,45
40,20,false,,0.6749609223628195,0.07691544131138413,-0.5987839389674869,3,2,1.0,15.825000000000045,0.053286852589641436,0.0,0.15,851,2876,0.1,0.2,45
50,25,false,,0.12203980347799848,0.087505328905988,-0.043394898287071854,13,17,2.0,36.0,0.31520223152022314,0.0,0.1706,851,2876,0.1,0.2,45
60,30,false,,0.17311159138256768,0.10558538997124421,-0.08110178875266297,13,3,1.0,45.0,0.2573804573804574,0.052390852390852394,0.2404,851,2876,0.1,0.2,45
20,10,false,,0.11398331774633826,0.1716065288361225,0.07230215446454422,12,15,1.0,19.0,0.6861408633560532,0.0,0.3138,852,2877,0.1,0.2,45
30,15,false,,0.12088882695594946,0.6648002204318565,0.5417884057426421,26,26,6.0,29.0,0.859708573364961,0.0,0.2706,852,2877,0.1,0.2,45
40,20,false,,0.13339711563347104,0.13575847582935913,0.014407832002018311,20,36,1.0,38.44999999999982,0.5538566089024805,0.0,0.2572,852,2877,0.1,0.2,45
50,25,false,,0.177392646043425,0.10377883475927481,-0.09351520913030514,9,3,1.0,42.0,0.18141755416819685,0.027543150936467132,0.2226,852,2877,0.1,0.2,45
60,30,false,,0.15129013345360146,0.12098986935529445,-0.031396437665445545,9,3,1.0,44.0,0.3408123791102515,0.021663442940038684,0.17,852,2877,0.1,0.2,45
20,10,false,,0.7119945586225308,0.09917748416117239,-0.614736917042814,2,2,1.0,17.0,0.07933359777865927,0.0,0.1912,853,2878,0.1,0.2,45
30,15,false,,0.11112962242886017,0.6069732452909693,0.4970364409055996,26,27,12.0,29.0,0.9249908525429931,0.0,0.2472,853,2878,0.1,0.2,45
40,20,false,,0.1270084082384263,0.11082266334248979,-0.01999647706668955,24,2,1.0,39.0,0.4666666666666667,0.0,0.21,853,2878,0.1,0.2,45
50,25,false,,0.1489113442445241,0.10191241230032871,-0.058273758914104995,18,4,1.0,45.0,0.2928982725527831,0.05796545105566219,0.2478,853,2878,0.1,0.2,45
60,30,true,,0.11683648472569681,0.5969560192114256,0.4743522629404227,54,59,29.0,59.0,0.8808829654310704,0.10745522698875469,0.2172,853,2878,0.1,0.2,45
20,10,true,,0.10288104735117579,0.3855121191520159,0.3025226332714772,14,15,2.0,19.0,0.8371390194761585,0.0,0.2974,854,2879,0.1,0.2,45
20,10,true,,0.08408377016060965,0.34594177848696495,0.2797151036211687,14,15,2.0,19.0,0.7803617571059431,0.0,0.285,855,2880,0.1,0.2,45
20,10,true,,0.09432584917423303,0.2567241525192292,0.17745969676638657,14,16,2.0,19.0,0.7655052264808362,0.0,0.2992,856,2881,0.1,0.2,45
20,10,false,,0.1421948386451787,0.10810508905806956,-0.039503338514726524,5,2,1.0,18.0,0.4116655428186109,0.0,0.3046,857,2882,0.1,0.2,45
30,15,false,,0.12736661889111514,0.1195600289034694,-0.0054250968029535,14,4,1.0,29.0,0.48392921632358255,0.0,0.2704,857,2882,0.1,0.2,45
40,20,false,,0.24724825251473417,0.106884383859042,-0.1486914740889968,5,2,1.0,38.0,0.3290187891440501,0.0,0.2344,857,2882,0.1,0.2,45
50,25,false,,0.15148139797725754,0.09432249708539032,-0.06315801775718291,9,4,1.0,28.875,0.2708512467755804,0.0,0.2332,857,2882,0.1,0.2,45
60,30,false,,0.3642109796219438,0.09802562741800845,-0.2599689794767387,4,3,1.0,25.0,0.10285179990649837,0.0,0.1722,857,2882,0.1,0.2,45
20,10,false,,0.10226308937556405,0.12486292163189294,0.031724738966132635,10,17,1.0,19.0,0.5685997171145686,0.0,0.2942,858,2883,0.1,0.2,45
30,15,true,,0.10644382911155394,0.1870496682898684,0.08969074432622685,23,27,6.0,29.0,0.7019774011299436,0.0,0.3058,858,2883,0.1,0.2,45
20,10,false,,0.19304167655652987,0.08768787931208623,-0.11438176327514696,4,1,1.0,18.0,0.3544018058690745,0.0,0.2652,859,2884,0.1,0.2,45
30,15,false,,0.09722979639820577,0.10193977400788556,0.015201344564026836,17,25,1.0,29.0,0.5479285134037368,0.0,0.2506,859,2884,0.1,0.2,45
40,20,false,,0.1456442706167804,0.1174092675773106,-0.036707632612934665,11,2,1.0,38.0,0.4664698439477014,0.0,0.27,859,2884,0.1,0.2,45
50,25,false,,0.11482866146360719,0.12682955990213232,0.018402871691068343,26,37,2.0,47.0,0.560717196414018,0.11817440912795436,0.2666,859,2884,0.1,0.2,45
60,30,false,,0.1601732023332238,0.10755229588498111,-0.05762409168078764,6,3,1.0,32.0,0.3625974025974026,0.0,0.1574,859,2884,0.1,0.2,45
20,10,false,,0.14106426104464118,0.1292459263815003,-0.006373714301617706,8,1,1.0,19.0,0.4851799576570219,0.0,0.2702,860,2885,0.1,0.2,45
30,15,false,,0.09828210725733241,0.5859770888351015,0.4990551401285981,25,27,13.0,29.0,0.9568345323741008,0.0,0.2762,860,2885,0.1,0.2,45
40,20,false,,0.13974537520376812,0.0820324978988023,-0.07283901569735668,8,3,1.0,29.0,0.24090121317157712,0.0,0.2118,860,2885,0.1,0.2,45
50,25,false,,0.12751546040670747,0.5667095365031047,0.45449082658579276,41,46,1.0,49.0,0.696,0.45094736842105265,0.2292,860,2885,0.1,0.2,45
60,30,false,,0.18770826992493753,0.10029340681090214,-0.09002584272827326,7,4,1.0,29.0,0.2214828897338403,0.0,0.186,860,2885,0.1,0.2,45
20,10,false,,0.10383272955289446,0.4361374899807432,0.3295028281266482,15,15,2.0,19.0,0.7987295218990305,0.0,0.298,861,2886,0.1,0.2,45
30,15,false,,0.12349031700265571,0.1420414874592626,0.04283032106093568,16,25,1.0,28.0,0.5737246680642907,0.0,0.2968,861,2886,0.1,0.2,45
40,20,false,,0.1410035559425329,0.10664154424328554,-0.047325361358686695,13,2,1.0,37.0,0.3540856031128405,0.0,0.269,861,2886,0.1,0.2,45
50,25,false,,0.1663248802414793,0.11087709097019517,-0.06020258212839179,8,2,1.0,48.0,0.3346487766377269,0.21783741120757696,0.2384,861,2886,0.1,0.2,45
60,30,false,,0.172888059853474,0.11785490873738601,-0.05936603624912966,7,3,1.0,56.0,0.31185270425776757,0.017644802454929037,0.2194,861,2886,0.1,0.2,45
20,10,false,,0.13095734457720543,0.20061861467206935,0.07564473284637577,14,16,2.0,19.0,0.5992255566311714,0.0,0.267,862,2887,0.1,0.2,45
30,15,false,,0.13975995364603377,0.08803484085358923,-0.062410885853369916,11,2,1.0,29.0,0.38061564059900166,0.0,0.2118,862,2887,0.1,0.2,45
40,20,false,,0.11227221058840184,0.09260929763460829,-0.011188793369296707,21,35,2.0,39.0,0.4606334841628959,0.0,0.1724,862,2887,0.1,0.2,45
50,25,false,,0.11622028379244961,0.08270683645362856,-0.04865479157522129,17,2,2.0,35.0,0.3094512195121951,0.0,0.1184,862,2887,0.1,0.2,45
60,30,false,,0.09274811018746423,0.16291307560136498,0.06759882660504941,54,57,38.0,59.0,0.6897089397089398,0.1741164241164241,0.0788,862,2887,0.1,0.2,45
20,10,false,,0.09281821079588834,0.47350734317438514,0.39349922516706964,15,17,3.0,19.0,0.8232607167955025,0.0,0.2918,863,2888,0.1,0.2,45
30,15,true,,0.09949743374935635,0.16678186862192673,0.08509536917425786,20,26,1.0,29.0,0.7173745173745174,0.0,0.2838,863,2888,0.1,0.2,45
20,10,false,,0.18274997302361726,0.09965123652098383,-0.0843190096210342,6,1,1.0,19.0,0.3323771961276443,0.0,0.2474,864,2889,0.1,0.2,45
30,15,false,,0.12655451274506407,0.12706951912691844,0.010752782390246685,19,2,1.0,29.0,0.5245098039215687,0.0,0.2742,864,2889,0.1,0.2,45
40,20,false,,0.1792971933343575,0.10193596691070243,-0.10264556851154873,11,1,1.0,37.0,0.27916331456154464,0.0,0.2336,864,2889,0.1,0.2,45
50,25,false,,0.1220288431372096,0.1587109789938973,0.052629929459438604,38,45,2.0,49.0,0.6163007071082992,0.3442500930405657,0.2642,864,2889,0.1,0.2,45
60,30,false,,0.12481135825789043,0.14147643885380728,0.023741902517739777,35,53,2.0,58.0,0.5982241953385128,0.10062893081761007,0.22,864,2889,0.1,0.2,45
20,10,false,,0.09270870787108798,0.13536779894431497,0.05660621782826136,11,15,1.0,19.0,0.6276634163958108,0.0,0.27,865,2890,0.1,0.2,45
30,15,false,,0.11663724326954483,0.1725939239186393,0.06711614863391707,24,26,3.0,29.0,0.6404109589041096,0.0,0.2942,865,2890,0.1,0.2,45
40,20,false,,0.11263926174268614,0.6137364981533067,0.5037382990901679,35,36,17.0,39.0,0.9699336196798126,0.0,0.255,865,2890,0.1,0.2,45
50,25,false,,0.16038884469469106,0.11445148651593913,-0.05187633198363387,7,1,1.0,46.875,0.4040574809805579,0.09847844463229079,0.2434,865,2890,0.1,0.2,45
60,30,false,,0.12244200739614877,0.13038271140332633,0.03200348657967488,11,6,1.0,58.0,0.6063664596273292,0.028338509316770188,0.2148,865,2890,0.1,0.2,45
20,10,false,,0.13056191609569343,0.10881781005091241,-0.03130544634085734,9,2,1.0,19.0,0.4530931339225017,0.0,0.29,866,2891,0.1,0.2,45
30,15,false,,0.34212568643545077,0.10334558804615146,-0.2525560549042538,4,1,1.0,28.0,0.34264585045193097,0.0,0.2238,866,2891,0.1,0.2,45
40,20,false,,0.13279911117877996,0.11225783655000482,-0.0188794475649752,15,6,1.0,39.0,0.459053343350864,0.0,0.2572,866,2891,0.1,0.2,45
50,25,true,,0.10537176934262475,0.3993094922748579,0.29486645712153847,44,47,33.0,49.0,0.8793969849246231,0.6268844221105527,0.2244,866,2891,0.1,0.2,45
20,10,false,,0.3991098340481369,0.11755844148701275,-0.29544405031890464,3,1,1.0,18.0,0.2707041225829989,0.0,0.225,867,2892,0.1,0.2,45
30,15,false,,0.12998146726585627,0.13221924084523135,0.0052973497564868105,19,28,3.0,29.0,0.5122564424890006,0.0,0.2946,867,2892,0.1,0.2,45
40,20,false,,0.12411507350265615,0.2354659823278823,0.11719215550714743,32,36,2.0,39.0,0.6357222428518381,0.0,0.2422,867,2892,0.1,0.2,45
50,25,false,,0.31846971145853986,0.09651927313856434,-0.226125967207925,6,2,1.0,28.0,0.11845841784989858,0.0,0.2258,867,2892,0.1,0.2,45
60,30,false,,0.12755661596824033,0.21035926837917315,0.09960409710710678,48,55,3.0,59.0,0.6554493307839389,0.10669216061185469,0.2246,867,2892,0.1,0.2,45
20,10,false,,0.09684348431386952,0.15478399023330647,0.06561477676179904,13,16,2.0,19.0,0.6760237780713342,0.0,0.318,868,2893,0.1,0.2,45
30,15,false,,0.11060864685106876,0.1591019448565674,0.06723032954340695,23,25,2.0,29.0,0.6540621490078622,0.0,0.264,868,2893,0.1,0.2,45
40,20,false,,0.11567425501125705,0.13158175538411138,0.01789061845812201,25,32,2.0,38.0,0.5681243223707987,0.0,0.271,868,2893,0.1,0.2,45
50,25,false,,0.2172960827313232,0.10215763944633896,-0.13705045250582168,5,2,1.0,46.0,0.27242246437552387,0.14040234702430845,0.1958,868,2893,0.1,0.2,45
60,30,false,,0.11629264208379703,0.5564506999751846,0.4379459549884238,55,57,31.0,59.0,0.8803666184273999,0.08972503617945007,0.1446,868,2893,0.1,0.2,45
20,10,false,,0.12916060569666182,0.1381788282670297,-0.0038853291527889966,10,1,1.0,19.0,0.4953028830579851,0.0,0.297,869,2894,0.1,0.2,45
30,15,false,,0.3284779421649154,0.08591496382611066,-0.240844802022586,3,1,1.0,17.0,0.1369691923397169,0.0,0.1984,869,2894,0.1,0.2,45
40,20,false,,0.11506632012983421,0.12130640094067864,0.01039730047704554,17,4,2.0,38.0,0.5350609756097561,0.0,0.2688,869,2894,0.1,0.2,45
50,25,false,,0.1237220350952658,0.1328797044149528,0.02626938098493002,23,47,3.0,49.0,0.5521251002405774,0.27987169206094625,0.2612,869,2894,0.1,0.2,45
60,30,true,,0.11819924511860228,0.26111871704079936,0.13166988045257882,51,51,39.0,59.0,0.8059157212317666,0.2807941653160454,0.1926,869,2894,0.1,0.2,45
20,10,false,,0.12067610803485265,0.18377673844324985,0.07525647022638654,12,17,1.0,19.0,0.6532360406091371,0.0,0.3246,870,2895,0.1,0.2,45
30,15,false,,0.14133111272700982,0.1131604539650967,-0.031825490434001125,8,4,1.0,29.0,0.4432765494744473,0.0,0.2686,870,2895,0.1,0.2,45
40,20,false,,0.24140805955959196,0.11275228874943449,-0.14128041074168474,5,1,1.0,39.0,0.34599504541701076,0.0,0.2254,870,2895,0.1,0.2,45
50,25,false,,0.1206951439542768,0.23461378391303295,0.12329495028330473,44,45,28.924999999999997,49.0,0.6736370425690814,0.5862584017923824,0.237,870,2895,0.1,0.2,45
60,30,false,,0.12487262893109513,0.138950078619809,0.02327717715838487,24,5,3.0,57.0,0.6068965517241379,0.07549909255898367,0.2206,870,2895,0.1,0.2,45
20,10,false,,0.2877052680289653,0.08116816348784632,-0.21432714461845143,3,1,1.0,19.0,0.2919204222492895,0.0,0.2136,871,2896,0.1,0.2,45
30,15,false,,0.09255003295006703,0.1441714283888428,0.061667272889530333,20,26,3.0,29.0,0.6559865092748736,0.0,0.2394,871,2896,0.1,0.2,45
40,20,false,,0.08774943503478005,0.6599767035969413,0.5592732362112119,36,37,23.0,39.0,0.954864593781344,0.0,0.1646,871,2896,0.1,0.2,45
50,25,false,,0.09117033208603896,0.8078160034611812,0.722228310873134,45,47,39.0,49.0,1.0,0.8108407079646017,0.1184,871,2896,0.1,0.2,45
60,30,false,,0.09700686305204602,0.08571686905616414,-0.0183708533613339,39,39,24.0,54.0,0.4212812160694897,0.1780673181324647,0.0442,871,2896,0.1,0.2,45
20,10,false,,0.04564040411131978,0.6782200803616455,0.6279592707615865,17,17,10.0,19.0,0.9649784482758621,0.0,0.129,872,2897,0.1,0.2,45
30,15,false,,0.09411932934280641,0.15903059674452588,0.07301873767514813,17,22,2.0,28.0,0.6770382040173296,0.0,0.2952,872,2897,0.1,0.2,45
40,20,false,,0.10447490744401468,0.12814535061238597,0.027564730976580618,28,37,3.0,39.0,0.5905096660808435,0.0,0.2346,872,2897,0.1,0.2,45
50,25,false,,0.11337671688503044,0.1806757076037389,0.0812569245691003,34,44,3.0,48.72499999999991,0.6872037914691943,0.2677725118483412,0.295,872,2897,0.1,0.2,45
60,30,true,,0.11491203258264875,0.4857797803124886,0.3734102871179304,52,55,31.0,59.0,0.9193614408514122,0.17928776094965207,0.2306,872,2897,0.1,0.2,45
20,10,false,,0.16448190401304968,0.10582717466256343,-0.09018946952659253,9,2,1.0,19.0,0.3728813559322034,0.0,0.2486,873,2898,0.1,0.2,45
30,15,false,,0.13618750262017076,0.10555285198139826,-0.03356085795700309,12,3,2.0,29.0,0.44297082228116713,0.0,0.2492,873,2898,0.1,0.2,45
40,20,false,,0.12431197565415295,0.11465120398204222,-0.007987942864632697,11,3,2.0,38.0,0.48733914487339147,0.0,0.2614,873,2898,0.1,0.2,45
50,25,false,,0.1929253518262327,0.10746316409468722,-0.09859512638717728,8,1,1.0,47.0,0.3578690524603497,0.11020740138267589,0.2528,873,2898,0.1,0.2,45
60,30,false,,0.5024950811996116,0.10992611338141117,-0.3981800527264079,3,2,1.0,33.0,0.11356013416387159,0.0004791566842357451,0.1256,873,2898,0.1,0.2,45
20,10,false,,0.13024448616909617,0.34186855036513364,0.23898768525779138,13,16,1.0,19.0,0.6934954007884363,0.0,0.2774,874,2899,0.1,0.2,45
30,15,false,,0.13350269369428983,0.14642356797257125,0.023224651738952884,22,27,1.0,29.0,0.5543057996485061,0.0,0.2404,874,2899,0.1,0.2,45
40,20,false,,0.13330177484722916,0.11690624051684012,-0.022614438342348026,14,3,1.0,37.0,0.42409470752089135,0.0,0.2612,874,2899,0.1,0.2,45
50,25,false,,0.13165895501360747,0.12042791740345216,-0.027165656273376568,39,2,1.0,49.0,0.42618073633320935,0.3811825957605058,0.2242,874,2899,0.1,0.2,45
60,30,false,,0.12701314601054534,0.16644261561421023,0.06893176126085192,50,54,3.0,59.0,0.6802259887005649,0.050094161958568736,0.1994,874,2899,0.1,0.2,45
20,10,false,,0.14329686766771518,0.11039584869068242,-0.04340276871164504,7,1,1.0,19.0,0.4187725631768953,0.0,0.2682,875,2900,0.1,0.2,45
30,15,false,,0.10702763142496123,0.6412710833455375,0.5402255065729735,25,26,2.0,29.0,0.8081821690467001,0.0,0.2738,875,2900,0.1,0.2,45
40,20,false,,0.10253392355685757,0.632269074906958,0.5352993164574708,36,36,26.0,39.0,0.9771863117870723,0.0,0.2346,875,2900,0.1,0.2,45
50,25,true,,0.11629288393203047,0.21696587136858214,0.10359995731160856,41,46,23.0,49.0,0.7092307692307692,0.4542307692307692,0.2892,875,2900,0.1,0.2,45
20,10,true,,0.10457660207362536,0.2132297095929352,0.12597712772947173,12,15,1.0,19.0,0.7551546391752577,0.0,0.304,876,2901,0.1,0.2,45
20,10,false,,0.11213949170935324,0.1370691646183084,0.03351648357757094,10,16,1.0,19.0,0.5767580059425553,0.0,0.3102,877,2902,0.1,0.2,45
30,15,false,,0.12157897837307823,0.16659751545096146,0.08469052113623854,23,26,2.0,29.0,0.6200071968333933,0.0,0.2656,877,2902,0.1,0.2,45
40,20,false,,0.13314079340982296,0.11675354815709947,-0.027499411923296774,13,1,1.0,38.0,0.4282852564102564,0.0,0.2306,877,2902,0.1,0.2,45
50,25,false,,0.1345611291105526,0.12814892918932835,0.009333519723682099,23,3,1.0,49.0,0.5169796244506593,0.3463843387934479,0.2316,877,2902,0.1,0.2,45
60,30,false,,0.12807548829129103,0.13615009305350756,0.01704583360112749,34,4,1.0,55.5,0.5746078073695732,0.14228383801532288,0.2392,877,2902,0.1,0.2,45
20,10,true,,0.04416680187286983,0.17304506200822029,0.1322110015229183,14,16,2.0,19.0,0.7673883003224321,0.0,0.143,878,2903,0.1,0.2,45
20,10,false,,0.06561267458543149,0.11615067343904519,0.05296821405006327,12,16,1.0,19.0,0.6364399664147775,0.0,0.1952,879,2904,0.1,0.2,45
30,15,false,,0.09869726348048886,0.11803829578150285,0.03128823767592044,14,3,1.0,28.0,0.5706848217861433,0.0,0.2744,879,2904,0.1,0.2,45
40,20,false,,0.1085833900060814,0.13656921948882528,0.0282571233408916,30,34,3.0,39.0,0.6191607284243864,0.0,0.2854,879,2904,0.1,0.2,45
50,25,true,,0.11258322700547493,0.4765768305914613,0.3563833787654347,43,45,24.049999999999997,49.0,0.906749902458057,0.5481857198595396,0.28,879,2904,0.1,0.2,45
20,10,false,,0.07872087774159107,0.5894302083470719,0.501295914431491,16,16,11.0,19.0,0.9948243992606285,0.0,0.2694,880,2905,0.1,0.2,45
30,15,true,,0.10960956665306693,0.19084879368234636,0.09770340719855797,20,21,3.0,29.0,0.7150295036445679,0.0,0.299,880,2905,0.1,0.2,45
20,10,false,,0.1205015115366541,0.14816613544780627,0.03192255697165472,11,12,2.0,19.0,0.5848588271796463,0.0,0.3346,881,2906,0.1,0.2,45
30,15,false,,0.12587447597962603,0.088455781854412,-0.045676741839441606,9,2,1.0,27.0,0.3743295019157088,0.0,0.2424,881,2906,0.1,0.2,45
40,20,false,,0.13426202927897546,0.08479193469084288,-0.0764121297551659,8,1,1.0,39.0,0.32599118942731276,0.0,0.1348,881,2906,0.1,0.2,45
50,25,false,,0.19788836690643818,0.10098617040151968,-0.1138188889108932,8,2,1.0,47.0,0.297514033680834,0.05052125100240577,0.2532,881,2906,0.1,0.2,45
60,30,true,,0.11557239281555691,0.20693298469338414,0.09007616698027257,44,46,28.0,57.0,0.7261050245561013,0.3112958065734794,0.2812,881,2906,0.1,0.2,45
20,10,false,,0.11540753320953348,0.11551075600519745,0.0013822224093264224,10,2,1.0,19.0,0.5013860013860014,0.0,0.2922,882,2907,0.1,0.2,45
30,15,true,,0.08981476785072154,0.24196296587718047,0.1554095063140017,24,28,2.0,29.0,0.7010309278350515,0.0,0.2138,882,2907,0.1,0.2,45
20,10,false,,0.12133226262977614,0.2518159013612814,0.15729701801927556,14,16,1.0,19.0,0.6604402935290193,0.0,0.2936,883,2908,0.1,0.2,45
30,15,false,,0.1719015922835699,0.10826161867399693,-0.07830044100463153,6,1,1.0,27.0,0.3062636562272396,0.0,0.2672,883,2908,0.1,0.2,45
40,20,true,,0.11637147624629385,0.24665141514589786,0.13701624107719626,30,35,2.0,38.0,0.7557491289198607,0.0,0.261,883,2908,0.1,0.2,45
20,10,false,,0.11778053778801381,0.4735541253399672,0.35114722736000303,16,16,5.0,19.0,0.8296844816484225,0.0,0.315,884,2909,0.1,0.2,45
30,15,false,,0.13073242384914474,0.11267040485496828,-0.011008416172953783,12,5,1.0,28.0,0.4628042509427494,0.0,0.2864,884,2909,0.1,0.2,45
40,20,false,,0.11381013079763244,0.5402852549409195,0.4186008805520485,36,36,27.0,39.0,0.8250294233032561,0.0,0.237,884,2909,0.1,0.2,45
50,25,false,,0.15170937998339054,0.11181103104360002,-0.06225937812908375,14,2,1.0,46.0,0.3465930018416206,0.09023941068139964,0.2276,884,2909,0.1,0.2,45
60,30,false,,0.12532984778615916,0.13566304660253542,0.021549190021269107,16,5,2.0,54.0,0.583810888252149,0.036532951289398284,0.209,884,2909,0.1,0.2,45
20,10,false,,0.045641110922370144,0.6874611081338564,0.6287108212636013,16,16,7.0,19.0,0.9515418502202643,0.0,0.1608,885,2910,0.1,0.2,45
30,15,false,,0.10849343338228928,0.11861302393846157,0.023002613464987567,14,1,1.0,28.0,0.5524667188723571,0.0,0.2946,885,2910,0.1,0.2,45
40,20,false,,0.18561405368491685,0.09850897003463178,-0.09746211500326596,6,2,1.0,36.0,0.3304042179261863,0.0,0.2452,885,2910,0.1,0.2,45
50,25,false,,0.14209039715423025,0.10918944661591064,-0.03477508142156338,17,5,1.0,46.0,0.4009603841536615,0.09963985594237695,0.2688,885,2910,0.1,0.2,45
60,30,true,,0.11289619658178245,0.21359080694250296,0.10090553357649085,50,57,33.0,59.0,0.7650360866078588,0.2566158781074579,0.255,885,2910,0.1,0.2,45
20,10,false,,0.08672464584190545,0.14020224147353022,0.0607830178896315,13,15,2.0,19.0,0.6663003663003663,0.0,0.3026,886,2911,0.1,0.2,45
30,15,true,,0.09401482861834859,0.27085284551556144,0.1912353582598895,20,25,2.0,29.0,0.7428571428571429,0.0,0.3038,886,2911,0.1,0.2,45
20,10,false,,0.1164698557214327,0.1389225824230972,0.04384912272825302,9,2,1.0,18.0,0.5840238647663242,0.0,0.3014,887,2912,0.1,0.2,45
30,15,false,,0.11901308250166816,0.10425872963066009,-0.017776318992543214,14,4,1.0,28.0,0.4625046176579239,0.0,0.2622,887,2912,0.1,0.2,45
40,20,true,,0.11121779542511243,0.26421350308026853,0.15912660889043895,31,36,2.0,39.0,0.7553359683794466,0.0,0.2764,887,2912,0.1,0.2,45
20,10,false,,0.11144045948545607,0.28987174304623303,0.19508435533783672,15,17,2.0,19.0,0.7642521797451375,0.0,0.296,888,2913,0.1,0.2,45
30,15,false,,0.11234526460401727,0.13605692006066436,0.04017641318264058,18,26,2.0,29.0,0.6378194207836456,0.0,0.275,888,2913,0.1,0.2,45
40,20,false,,0.1254222522823677,0.18024909495808542,0.07847575523535485,27,37,2.0,39.0,0.5929759704251386,0.0,0.266,888,2913,0.1,0.2,45
50,25,false,,0.12059232437945393,0.10108015777642317,-0.026808898970137995,26,20,2.0,48.0,0.36745098039215685,0.1388235294117647,0.2376,888,2913,0.1,0.2,45
60,30,false,,0.12084792451949197,0.1378596109880819,0.025175758772604168,36,55,15.0,58.0,0.5880047040376323,0.15405723245785966,0.2246,888,2913,0.1,0.2,45
20,10,false,,0.1602853883817048,0.22265806657822057,0.07830045991041934,13,18,2.0,19.0,0.5891777509068924,0.0,0.3134,889,2914,0.1,0.2,45
30,15,false,,0.18721930134252157,0.10748565420885942,-0.10180409168590852,10,2,1.0,28.0,0.34797891036906853,0.0,0.251,889,2914,0.1,0.2,45
40,20,false,,0.1388374395198646,0.09202281873268026,-0.06634303937286669,18,4,2.0,36.0,0.2675373134328358,0.0,0.2298,889,2914,0.1,0.2,45
50,25,false,,0.11658139188595405,0.7200178099620729,0.5883087754289829,45,46,34.0,49.0,0.9476720230737536,0.7317676143386898,0.2442,889,2914,0.1,0.2,45
60,30,false,,0.1432975860878881,0.11759359602397604,-0.031597488827142695,28,4,1.0,57.0,0.3993055555555556,0.1076388888888889,0.22,889,2914,0.1,0.2,45
20,10,true,,0.08562869699110714,0.1566012563212143,0.08173347866317641,13,17,1.0,19.0,0.7270796460176991,0.0,0.2972,890,2915,0.1,0.2,45
20,10,true,,0.07883713638440565,0.25887069533048346,0.18454258082652197,14,16,2.0,19.0,0.7839668799397818,0.0,0.295,891,2916,0.1,0.2,45
20,10,false,,0.13711131432360124,0.18772058401224997,0.06427467564293354,13,16,1.0,19.0,0.6286248830682881,0.0,0.3042,892,2917,0.1,0.2,45
30,15,false,,0.13859688733536563,0.1149611888028961,-0.03213474462784825,15,11,1.0,29.0,0.42106979778212655,0.0,0.2946,892,2917,0.1,0.2,45
40,20,false,,0.13922798518335963,0.11057154731873861,-0.04016790979586979,11,4,1.0,36.0,0.33772411269667035,0.0,0.256,892,2917,0.1,0.2,45
50,25,false,,0.11745197681172145,0.23401849012972814,0.11820720910766261,41,46,9.0,49.0,0.6931905126243305,0.45830145371078806,0.2482,892,2917,0.1,0.2,45
60,30,false,,0.13435746033698084,0.12149185485176169,-0.032831925932700096,21,4,2.0,57.0,0.3959818535320804,0.09721322099805574,0.1048,892,2917,0.1,0.2,45
20,10,true,,0.10278324045645541,0.2893572178122747,0.19669544313871992,14,15,2.0,19.0,0.7842741935483871,0.0,0.3144,893,2918,0.1,0.2,45
20,10,false,,0.10927740128629444,0.15775542139849807,0.05482659657464778,13,16,2.0,19.0,0.6264516129032258,0.0,0.308,894,2919,0.1,0.2,45
30,15,true,,0.10828688789972285,0.32990146130408327,0.23208982390029298,24,26,3.0,29.0,0.7604633781763827,0.0,0.2552,894,2919,0.1,0.2,45
20,10,false,,0.09325741767145036,0.1496069019693792,0.061346731074144734,12,15,1.0,19.0,0.6355960824045931,0.0,0.3182,895,2920,0.1,0.2,45
30,15,true,,0.09767861106973702,0.31407227666699306,0.22145399467526877,24,26,13.0,29.0,0.7915057915057915,0.0,0.2894,895,2920,0.1,0.2,45
20,10,false,,0.10151976645485863,0.13271203523685024,0.04015150991092792,11,12,1.0,19.0,0.6094977792962077,0.0,0.2852,896,2921,0.1,0.2,45
30,15,false,,0.10301582474418346,0.20925367718845259,0.12434551056162561,21,1,1.0,29.0,0.6456692913385826,0.0,0.2138,896,2921,0.1,0.2,45
40,20,false,,0.14155815547898248,0.10186347894391806,-0.04658271794466545,10,2,1.0,37.0,0.3950240069838499,0.0,0.2272,896,2921,0.1,0.2,45
50,25,false,,0.1375629476892208,0.11357123959334213,-0.016637311663997373,12,3,1.0,48.0,0.4311549527332511,0.14303329223181258,0.2634,896,2921,0.1,0.2,45
60,30,false,,0.13552006537177866,0.10305825214040662,-0.03640955265064308,22,28,3.0,39.0,0.3412666397741025,0.00927793465106898,0.2272,896,2921,0.1,0.2,45
20,10,false,,0.08977363168574884,0.1412482308586814,0.06606233159375594,12,17,1.0,19.0,0.5967436577054146,0.0,0.256,897,2922,0.1,0.2,45
30,15,false,,0.07261291443869294,0.1149483125232982,0.04827353186972082,22,29,7.0,29.0,0.6355140186915887,0.0,0.1598,897,2922,0.1,0.2,45
40,20,true,,0.10856801037027368,0.4543535281086399,0.34343522408643956,32,36,4.0,39.0,0.8338097182523478,0.0,0.2874,897,2922,0.1,0.2,45
20,10,false,,0.15312257863596473,0.17657367869923635,0.041081847841295586,10,16,1.0,19.0,0.5758599508599509,0.0,0.2998,898,2923,0.1,0.2,45
30,15,false,,0.34520732891201344,0.12247249255578194,-0.2616780004912654,4,1,1.0,29.0,0.35660941000746826,0.0,0.2044,898,2923,0.1,0.2,45
40,20,false,,0.13685697996450785,0.158132479533809,0.04238677918129677,27,36,3.0,39.0,0.599269588313413,0.0,0.2592,898,2923,0.1,0.2,45
50,25,true,,0.12931748791960743,0.2816057188411013,0.15282065109346177,44,46,8.0,49.0,0.7312477781727693,0.5833629576964096,0.239,898,2923,0.1,0.2,45
20,10,false,,0.0992602109049752,0.40872364849437914,0.3196032473962753,15,17,1.0,19.0,0.8202578268876611,0.0,0.2836,899,2924,0.1,0.2,45
30,15,true,,0.10194582494076572,0.15295549673383305,0.074797363357399,17,26,2.0,29.0,0.7024208566108008,0.0,0.283,899,2924,0.1,0.2,45
20,10,false,,0.133249980764586,0.21806421559052516,0.11615150548746384,14,16,2.0,19.0,0.6970542635658915,0.0,0.3062,900,2925,0.1,0.2,45
30,15,false,,0.13758022042162454,0.11588245059937442,-0.03160251088844017,12,1,1.0,28.0,0.4051165803108808,0.0,0.2796,900,2925,0.1,0.2,45
40,20,false,,0.11816164316693956,0.09265699001166366,-0.028092135302136237,26,33,5.0,39.0,0.41906262307995273,0.0,0.2208,900,2925,0.1,0.2,45
50,25,false,,0.14182443040488338,0.1059763058820736,-0.03341857304466239,20,4,2.0,47.0,0.39737654320987653,0.11149691358024691,0.2642,900,2925,0.1,0.2,45
60,30,false,,0.4638627596674353,0.09815918961787126,-0.363199778074267,4,2,1.0,28.0,0.11395646606914213,0.0,0.1128,900,2925,0.1,0.2,45
20,10,false,,0.1576706561607103,0.18915371214298907,0.06787749315241712,13,17,1.0,19.0,0.5835500650195059,0.0,0.2666,901,2926,0.1,0.2,45
30,15,false,,0.15973607270637458,0.13460429156466786,-0.020393203168178636,8,2,1.0,29.0,0.48259052924791085,0.0,0.2394,901,2926,0.1,0.2,45
40,20,false,,0.12557948224107351,0.3606465023785444,0.24375343403725636,34,36,6.0,39.0,0.6870466321243524,0.0,0.2422,901,2926,0.1,0.2,45
50,25,false,,0.4333750345821703,0.10278655174788605,-0.3364581681306098,4,2,1.0,26.0,0.064453125,0.0,0.183,901,2926,0.1,0.2,45
60,30,false,,0.1340533123188877,0.142685023857707,0.027388356863784297,35,46,1.0,56.0,0.5751781027371579,0.19872515935508062,0.1758,901,2926,0.1,0.2,45
20,10,false,,0.13705863118464365,0.1293360961092973,-0.010484937093448679,10,16,1.0,19.0,0.4793187347931874,0.0,0.3044,902,2927,0.1,0.2,45
30,15,false,,0.1370530489640467,0.22731397992032754,0.15588111897464224,20,26,1.0,29.0,0.5438144329896907,0.0,0.2572,902,2927,0.1,0.2,45
40,20,false,,0.11694252200879797,0.12073562034163804,0.014822978710235357,26,35,2.0,39.0,0.5212475633528265,0.0,0.251,902,2927,0.1,0.2,45
50,25,false,,0.12218575727180907,0.14425625919839266,0.04516750080702017,39,45,2.825000000000003,49.0,0.6010023130300693,0.3781804163454125,0.2582,902,2927,0.1,0.2,45
60,30,true,,0.11918425404680655,0.2885760626725388,0.16674831378830918,49,53,28.0,59.0,0.7552160953800298,0.19485842026825634,0.2332,902,2927,0.1,0.2,45
20,10,false,,0.10430063424514215,0.4229432335567209,0.33029829815886513,15,16,1.0,19.0,0.7589498806682577,0.0,0.2926,903,2928,0.1,0.2,45
30,15,false,,0.11618961403532203,0.11002268996989197,0.001664800281897541,13,3,2.0,29.0,0.5056672760511883,0.0,0.2778,903,2928,0.1,0.2,45
40,20,false,,0.1075727196890976,0.10911893875208421,0.00947341465306556,23,23,3.0,38.0,0.5304347826086957,0.0,0.2246,903,2928,0.1,0.2,45
50,25,false,,0.13280375562809096,0.16886372365478056,0.06891878848813109,31,48,1.0,49.0,0.5691797845898923,0.32187241093620544,0.2554,903,2928,0.1,0.2,45
60,30,false,,0.303936908626672,0.10209417647529737,-0.19873415550914958,6,2,1.0,34.0,0.195578231292517,0.0,0.238,903,2928,0.1,0.2,45
20,10,false,,0.1883352755788465,0.13833309500016977,-0.06516378666840716,6,1,1.0,18.0,0.38312541037426134,0.0,0.2726,904,2929,0.1,0.2,45
30,15,false,,0.12717824512110887,0.1794791429628098,0.06873155228791691,23,27,3.0,29.0,0.6081081081081081,0.0,0.2576,904,2929,0.1,0.2,45
40,20,false,,0.16510897853902315,0.0890948179366834,-0.0980218531301374,10,2,1.0,30.0,0.21371610845295055,0.0,0.24,904,2929,0.1,0.2,45
50,25,false,,0.11454557618809733,0.5905426536784573,0.46124796030451176,45,45,27.0,49.0,0.845642829230168,0.7170769831965611,0.2498,904,2929,0.1,0.2,45
60,30,false,,0.17790198580764574,0.11591931151290528,-0.06493737830071228,6,3,1.0,37.0,0.2979397781299525,0.002377179080824089,0.1688,904,2929,0.1,0.2,45
20,10,false,,0.10841055090329701,0.14942130905914644,0.05274867154379341,10,16,1.0,19.0,0.6382207578253707,0.0,0.2886,905,2930,0.1,0.2,45
30,15,false,,0.11466482941651523,0.12115661336033141,0.008054034524814596,15,17,1.0,28.0,0.5287237702098383,0.0,0.2808,905,2930,0.1,0.2,45
40,20,true,,0.12236900219501182,0.372299844870857,0.2605692996778933,34,38,9.0,39.0,0.7972544878563886,0.0,0.2464,905,2930,0.1,0.2,45
20,10,false,,0.11857444322600016,0.12671433986983702,0.02274099598332853,11,1,1.0,19.0,0.5403949730700179,0.0,0.2658,906,2931,0.1,0.2,45
30,15,false,,0.11719405065211802,0.20081714652050736,0.08870368448090146,22,25,1.0,29.0,0.6212952799121844,0.0,0.272,906,2931,0.1,0.2,45
40,20,false,,0.10912480374753236,0.3289438485109537,0.2231642732144617,35,35,12.0,39.0,0.8501589825119237,0.0,0.2548,906,2931,0.1,0.2,45
50,25,false,,0.22608789724557543,0.10052828146696975,-0.12444718855784458,7,3,1.0,26.0,0.20584652862362973,0.0,0.2522,906,2931,0.1,0.2,45
60,30,true,,0.12232028957253537,0.2682039985600288,0.1517704784269972,45,55,2.0,58.0,0.7364760432766615,0.17697063369397217,0.232,906,2931,0.1,0.2,45
20,10,false,,0.13651211924393475,0.10737716039568974,-0.025751333921054873,6,2,1.0,19.0,0.4510086455331412,0.0,0.2664,907,2932,0.1,0.2,45
30,15,false,,0.12197458150358402,0.11087898790348917,-0.017328720290766778,15,4,1.0,28.0,0.4589676940215373,0.0,0.2692,907,2932,0.1,0.2,45
40,20,false,,0.10527027286337552,0.672481636058408,0.561212708945148,36,37,27.0,39.0,0.8881607688947138,0.0,0.2434,907,2932,0.1,0.2,45
50,25,false,,0.20032058414129625,0.09824150450066071,-0.11183657033569612,6,3,1.0,29.0,0.2607036880033913,0.0,0.2156,907,2932,0.1,0.2,45
60,30,false,,0.12203858532570988,0.15821707184824113,0.045538671397984926,43,56,4.0,59.0,0.5959438377535101,0.07254290171606864,0.1046,907,2932,0.1,0.2,45
20,10,false,,0.1326076597565529,0.44749627679608106,0.3178782960321515,15,16,2.0,19.0,0.8355387523629489,0.0,0.2958,908,2933,0.1,0.2,45
30,15,false,,0.13994620879355493,0.09845984169274583,-0.04915578609862881,11,3,1.0,29.0,0.3857457751653196,0.0,0.243,908,2933,0.1,0.2,45
40,20,true,,0.10889889123180015,0.6195262702238667,0.5113886617144409,34,36,3.0,39.0,0.7595993322203672,0.0,0.2294,908,2933,0.1,0.2,45
20,10,false,,0.08926097949977858,0.18060697552997332,0.0991255947729438,13,17,1.0,19.0,0.6867599569429494,0.0,0.2922,909,2934,0.1,0.2,45
30,15,true,,0.08498195817668457,0.42911115047542037,0.35448982900562953,24,28,1.0,29.0,0.7258687258687259,0.0,0.1844,909,2934,0.1,0.2,45
20,10,false,,0.19816919472124195,0.09907523707614839,-0.10993656931707253,5,3,1.0,18.0,0.2990415335463259,0.0,0.2882,910,2935,0.1,0.2,45
30,15,false,,0.11335499976333718,0.24018804744004157,0.14715996194592804,22,26,1.0,29.0,0.6601906158357771,0.0,0.2596,910,2935,0.1,0.2,45
40,20,false,,0.10436221159226157,0.10894855828574199,0.0057933289248995185,25,23,7.425000000000004,38.0,0.5273338940285954,0.0,0.1968,910,2935,0.1,0.2,45
50,25,false,,0.5287563978225649,0.07172599844171446,-0.4527987399328276,3,2,1.0,19.0,0.028387787895018748,0.0,0.0926,910,2935,0.1,0.2,45
60,30,false,,0.1544515738566126,0.07479072922594344,-0.08267184243297963,12,13,1.0,28.0,0.14396028681742967,0.0,0.0834,910,2935,0.1,0.2,45
20,10,false,,0.13974095619890273,0.19027147616469653,0.06479270097431955,14,16,1.0,19.0,0.6556271082490034,0.0,0.3276,911,2936,0.1,0.2,45
30,15,false,,0.13517500500343968,0.1427008736645062,0.02428602784429404,14,27,1.0,28.0,0.5702533728200065,0.0,0.265,911,2936,0.1,0.2,45
40,20,false,,0.11537075586683093,0.4296751725825297,0.32121282746134205,35,37,15.0,39.0,0.826585179526356,0.0,0.2508,911,2936,0.1,0.2,45
50,25,false,,0.19523728133941215,0.0992487719686838,-0.09944270512094498,8,2,1.0,45.0,0.18431514275388508,0.05818576075171666,0.2288,911,2936,0.1,0.2,45
60,30,true,,0.1290276775559494,0.40485654244159125,0.27023766071475486,50,53,2.0,59.0,0.7938564026646928,0.055144337527757215,0.1914,911,2936,0.1,0.2,45
20,10,false,,0.1366397558869576,0.11018486392505361,-0.03460264953994763,9,2,1.0,19.0,0.4179752756431674,0.0,0.2898,912,2937,0.1,0.2,45
30,15,false,,0.10340414113508871,0.1437608228113679,0.04414505468552654,22,25,1.0,29.0,0.6175625769388593,0.0,0.2436,912,2937,0.1,0.2,45
40,20,false,,0.11395012758634572,0.22522871274626152,0.09735832702018725,31,36,3.0,39.0,0.675797373358349,0.0,0.2954,912,2937,0.1,0.2,45
50,25,false,,0.29676812804844344,0.09306284313427855,-0.21018796090456338,5,3,1.0,37.0,0.18460833715071004,0.010994044892349977,0.2032,912,2937,0.1,0.2,45
60,30,false,,0.11889249844758407,0.12502187340079596,0.007029113935085353,42,53,6.0,58.0,0.5563025210084034,0.1638655462184874,0.2138,912,2937,0.1,0.2,45
20,10,false,,0.11321903319071126,0.23705182132007038,0.127957481264577,13,15,1.0,19.0,0.651566757493188,0.0,0.272,913,2938,0.1,0.2,45
30,15,false,,0.12224654627890802,0.11731596021012426,0.004591073875028162,16,28,1.0,29.0,0.5105708245243129,0.0,0.2696,913,2938,0.1,0.2,45
40,20,true,,0.116908117957408,0.37800379774595316,0.2675255126397935,33,36,3.0,39.0,0.7732383808095952,0.0,0.2726,913,2938,0.1,0.2,45
20,10,false,,0.14017364839649576,0.16407873814027696,0.03554041788508493,13,16,1.0,19.0,0.5719568567026194,0.0,0.3226,914,2939,0.1,0.2,45
30,15,false,,0.13371655228616472,0.2879888503690821,0.17073164394890344,23,26,1.0,29.0,0.6550534667126595,0.0,0.218,914,2939,0.1,0.2,45
40,20,true,,0.11697144626252083,0.3975479715436744,0.2838549003685657,34,36,6.0,39.0,0.8042959427207638,0.0,0.2592,914,2939,0.1,0.2,45
20,10,false,,0.09332867394140265,0.22035493238759202,0.13704727994075497,14,16,1.0,19.0,0.6853220696937699,0.0,0.2818,915,2940,0.1,0.2,45
30,15,false,,0.1286092890147509,0.07253155351086135,-0.06497617032736352,5,1,1.0,23.25,0.3173851255329228,0.0,0.1658,915,2940,0.1,0.2,45
40,20,false,,0.10514665350524886,0.1436375923830536,0.05250481784597617,18,14,3.0,38.0,0.6497401039584166,0.0,0.2552,915,2940,0.1,0.2,45
50,25,false,,0.14712202378641678,0.1110661139881722,-0.034440220511671296,15,5,1.0,48.0,0.4202148826104258,0.14723438121766813,0.2776,915,2940,0.1,0.2,45
60,30,false,,0.19419139505254082,0.1083323083836966,-0.08526975640259746,5,4,1.0,38.0,0.28696796840719613,0.008336989907854322,0.2488,915,2940,0.1,0.2,45
20,10,false,,0.10838710947074859,0.17875771165741047,0.07813599667342752,13,17,1.0,19.0,0.6309849521203831,0.0,0.2902,916,2941,0.1,0.2,45
30,15,false,,0.09723595769794573,0.19042108120922052,0.09972781042893317,23,27,6.0,29.0,0.6920684292379471,0.0,0.2478,916,2941,0.1,0.2,45
40,20,false,,0.11355883429267827,0.1182688597535175,0.01871714506382284,16,6,2.0,37.0,0.5593087195600943,0.0,0.2814,916,2941,0.1,0.2,45
50,25,false,,0.11426602393277112,0.15848286776915452,0.0451002176821705,38,47,3.0,48.0,0.59386209645277,0.35113591072140293,0.2642,916,2941,0.1,0.2,45
60,30,false,,0.20023740705236143,0.1094851731147457,-0.09789373869286899,5,1,1.0,40.0,0.27810902896081774,0.016183986371379896,0.2114,916,2941,0.1,0.2,45
20,10,true,,0.10655647154987843,0.1945270862195379,0.10139701005253603,12,16,2.0,19.0,0.7473412826297132,0.0,0.3248,917,2942,0.1,0.2,45
20,10,false,,0.16017209078123323,0.2081862396797699,0.07716531976627647,13,16,1.0,19.0,0.6155494337312519,0.0,0.3122,918,2943,0.1,0.2,45
30,15,false,,0.17367123017125072,0.11250465828292777,-0.07619798922839416,9,2,1.0,28.0,0.3106827834041163,0.0,0.2848,918,2943,0.1,0.2,45
40,20,false,,0.1241576294251087,0.1875835956182555,0.0815145750357456,31,36,3.0,39.0,0.6585865483100034,0.0,0.2532,918,2943,0.1,0.2,45
50,25,false,,0.458660978960875,0.10705767572275963,-0.35666011140974496,4,3,1.0,37.0,0.1359683794466403,0.010276679841897233,0.1966,918,2943,0.1,0.2,45
60,30,false,,0.14918918809496343,0.12420590317509043,-0.02740427110343477,7,5,1.0,31.0,0.336734693877551,0.0,0.1144,918,2943,0.1,0.2,45
20,10,false,,0.07795604606846676,0.2176860624990904,0.15009965861185726,14,16,1.0,19.0,0.6538931920097839,0.0,0.2194,919,2944,0.1,0.2,45
30,15,false,,0.08174734184473322,0.08433475078177485,0.002316154205803927,15,2,1.0,28.0,0.5066666666666667,0.0,0.1174,919,2944,0.1,0.2,45
40,20,false,,0.05880407352290639,0.12588228052890127,0.061654560905759936,28,30,10.0,37.0,0.6597593582887701,0.0,0.0618,919,2944,0.1,0.2,45
50,25,true,,0.05376551932974579,0.07975865222492111,0.038010622459720325,31,34,25.0,35.0,0.7980561555075594,0.0,0.026,919,2944,0.1,0.2,45
20,10,false,,0.13778341841228778,0.13596216096736352,-0.0023850809007633297,11,16,1.0,19.0,0.49668275030156817,0.0,0.3242,920,2945,0.1,0.2,45
30,15,false,,0.15680105236773803,0.10049377525421456,-0.07984643530954455,6,1,1.0,27.0,0.3186402689577886,0.0,0.2554,920,2945,0.1,0.2,45
40,20,false,,0.16445572796572155,0.0998228681425259,-0.07672798653631827,9,1,1.0,25.0,0.2806949806949807,0.0,0.2494,920,2945,0.1,0.2,45
50,25,false,,0.12447190292341336,0.12257096556700274,0.006781901442164839,17,6,2.0,48.0,0.5269913174782936,0.15364288410721028,0.2692,920,2945,0.1,0.2,45
60,30,false,,0.5414982096441998,0.10515784444313245,-0.4435917237073976,4,2,1.0,22.425000000000182,0.18543956043956045,0.0,0.1692,920,2945,0.1,0.2,45
20,10,false,,0.11614933805222129,0.0848376199818636,-0.026623670917629683,7,1,1.0,19.0,0.43262987012987014,0.0,0.2398,921,2946,0.1,0.2,45
30,15,false,,0.2838133398313003,0.07287301004666473,-0.21582362837041097,3,1,1.0,28.0,0.25539387857501256,0.0,0.1296,921,2946,0.1,0.2,45
40,20,true,,0.08259872249645678,0.28029771963674766,0.19025663278644728,32,34,2.0,39.0,0.8225726959093149,0.0,0.1342,921,2946,0.1,0.2,45
20,10,false,,0.09805062394431534,0.1652260852478796,0.0809235927428294,13,17,1.0,19.0,0.6465426465426466,0.0,0.259,922,2947,0.1,0.2,45
30,15,false,,0.6541666321727532,0.07874972846006341,-0.588558063128578,2,1,1.0,27.0,0.23768844221105528,0.0,0.1514,922,2947,0.1,0.2,45
40,20,false,,0.2935800660103923,0.08568357441170031,-0.208481221576509,5,3,1.0,32.0,0.16401889222842422,0.0,0.2138,922,2947,0.1,0.2,45
50,25,false,,0.1597789008392827,0.0920168978829712,-0.07644320028821164,10,4,1.0,47.0,0.26017316017316017,0.07445887445887446,0.195,922,2947,0.1,0.2,45
60,30,false,,0.12301890443391718,0.1328948482249816,0.032077607182219206,38,56,2.0,59.0,0.5365853658536586,0.07269249163079866,0.1516,922,2947,0.1,0.2,45
20,10,false,,0.1393828584263711,0.14374352796199286,0.010314896204515492,11,17,2.0,19.0,0.522671568627451,0.0,0.3172,923,2948,0.1,0.2,45
30,15,false,,0.16860443428473665,0.10121297408898716,-0.08368750413437581,6,2,1.0,26.050000000000182,0.2953291651342405,0.0,0.2704,923,2948,0.1,0.2,45
40,20,false,,0.12892445215653572,0.12688942980761775,0.006703307145136367,22,2,1.0,38.0,0.5087386018237082,0.0,0.25,923,2948,0.1,0.2,45
50,25,false,,0.1501523247692096,0.10661398138863008,-0.04936249994254739,19,3,1.0,39.0,0.31678945327646374,0.008530438154323382,0.2446,923,2948,0.1,0.2,45
60,30,false,,0.1216671819065697,0.19295666653742835,0.0716267795026686,49,56,2.0,59.0,0.6617234468937876,0.16152304609218437,0.212,923,2948,0.1,0.2,45
20,10,false,,0.1447222392062471,0.1024434791685067,-0.054265234184660616,7,4,1.0,18.0,0.3362944162436548,0.0,0.3218,924,2949,0.1,0.2,45
30,15,false,,0.13232387312845312,0.10994861792150779,-0.03685806116284853,17,26,2.0,29.0,0.4282758620689655,0.0,0.2732,924,2949,0.1,0.2,45
40,20,false,,0.11731552347538743,0.2309376240321081,0.12715500945647434,31,34,4.0,39.0,0.6778523489932886,0.0,0.2832,924,2949,0.1,0.2,45
50,25,false,,0.33997555929083145,0.09758576254163467,-0.23948672361179887,5,2,1.0,22.0,0.10968009970918155,0.0,0.2254,924,2949,0.1,0.2,45
60,30,false,,0.15929771675848933,0.11061500207479567,-0.05677631435956068,9,1,1.0,46.0,0.31952902963865204,0.0389768574908648,0.2178,924,2949,0.1,0.2,45
20,10,false,,0.11673425171882275,0.47489778760545,0.34144041588502816,15,17,1.0,19.0,0.7889154977762572,0.0,0.2766,925,2950,0.1,0.2,45
30,15,false,,0.19880784140516944,0.09383210334177741,-0.11196154620458731,5,2,1.0,26.0,0.24081632653061225,0.0,0.254,925,2950,0.1,0.2,45
40,20,true,,0.11887904599799697,0.2467864718922945,0.14025716299440574,30,37,2.5999999999999943,39.0,0.7348571428571429,0.0,0.2606,925,2950,0.1,0.2,45
20,10,false,,0.09221830385323627,0.12645175412176465,0.05480983958432549,13,16,2.0,19.0,0.6260020913210178,0.0,0.2858,926,2951,0.1,0.2,45
30,15,false,,0.11246432583798971,0.16309895540130287,0.07093412683835879,22,26,2.0,29.0,0.6452432824981844,0.0,0.2738,926,2951,0.1,0.2,45
40,20,false,,0.10901122344158491,0.1674814493696956,0.06877986031120795,31,36,6.0,39.0,0.6527565084226646,0.0,0.2682,926,2951,0.1,0.2,45
50,25,false,,0.12125209143015664,0.11087489606163699,-0.017877293351416607,22,17,3.0,47.0,0.44376434583014535,0.1315990818668707,0.2762,926,2951,0.1,0.2,45
60,30,true,,0.1179115314656539,0.588616871994917,0.4702416308255368,53,55,27.450000000000003,59.0,0.9305932531989143,0.09461031407522295,0.2414,926,2951,0.1,0.2,45
20,10,false,,0.11134053649309482,0.18598410328417206,0.0915276705152443,12,17,1.0,19.0,0.67578125,0.0,0.321,927,2952,0.1,0.2,45
30,15,false,,0.11962688240008745,0.5597171449459373,0.45068799184356956,23,26,1.0,29.0,0.6895388076490439,0.0,0.2562,927,2952,0.1,0.2,45
40,20,false,,0.11423161743720917,0.153083005334325,0.0457639740093328,28,35,5.0,39.0,0.6330376940133038,0.0,0.2846,927,2952,0.1,0.2,45
50,25,false,,0.11558423884694138,0.16452615364269285,0.049092706076985626,37,47,9.0,49.0,0.6448451587612701,0.34692277538220306,0.2564,927,2952,0.1,0.2,45
60,30,false,,0.13308208384984832,0.12296537434180556,-0.006285946877152795,13,5,1.0,54.0,0.46711259754738016,0.07840951319212189,0.2186,927,2952,0.1,0.2,45
20,10,true,,0.13653206203732446,0.2464511557539415,0.13490318071269602,14,16,2.0,19.0,0.7384204275534442,0.0,0.3132,928,2953,0.1,0.2,45
20,10,false,,0.13518240204383708,0.4813339336636958,0.3385170572923306,15,16,2.0,19.0,0.7966313162819713,0.0,0.3084,929,2954,0.1,0.2,45
30,15,true,,0.12247753873788472,0.3751397158743117,0.27107839224281916,24,26,1.0,29.0,0.7093149691917361,0.0,0.2644,929,2954,0.1,0.2,45
20,10,false,,0.22475109032220084,0.1214134368378967,-0.12069304688463901,4,1,1.0,18.0,0.3537363875328577,0.0,0.2366,930,2955,0.1,0.2,45
30,15,false,,0.12332049097747469,0.2086995012460545,0.12026326532459607,20,25,1.0,29.0,0.6611888111888112,0.0,0.2744,930,2955,0.1,0.2,45
40,20,false,,0.1628788064083211,0.1066329917090748,-0.04968009665255997,7,2,1.0,36.0,0.3708939708939709,0.0,0.2294,930,2955,0.1,0.2,45
50,25,false,,0.13821160133647994,0.11349024849858794,-0.02497858026157626,9,4,1.0,35.0,0.4086303939962477,0.0,0.2618,930,2955,0.1,0.2,45
60,30,true,,0.1210055000304773,0.3199213547465134,0.19578395326316203,52,56,19.0,59.0,0.7482157018239493,0.07969865186360031,0.1858,930,2955,0.1,0.2,45
20,10,false,,0.1424473584338649,0.5912102019563104,0.44668237685434176,16,16,3.0,19.0,0.8458815958815958,0.0,0.2758,931,2956,0.1,0.2,45
30,15,false,,0.14695434627423093,0.12776171971773242,-0.02214509773512889,10,4,1.0,28.0,0.44253968253968257,0.0,0.2842,931,2956,0.1,0.2,45
40,20,false,,0.22727411955205762,0.10153941267488556,-0.1323225763809258,6,2,1.0,27.0,0.18445896877269427,0.0,0.2312,931,2956,0.1,0.2,45
50,25,false,,0.11842689177409937,0.16669478468900825,0.05472783782577703,42,44,11.0,49.0,0.6236148261367979,0.48299579671379445,0.2426,931,2956,0.1,0.2,45
60,30,false,,0.14384018510081423,0.12495191354168995,-0.029356889035539388,12,6,1.0,58.0,0.4308141657539248,0.08470244614822928,0.2096,931,2956,0.1,0.2,45
20,10,false,,0.08424933817542535,0.17336081257082592,0.09259361175328867,14,16,2.0,19.0,0.6733176838810642,0.0,0.2526,932,2957,0.1,0.2,45
30,15,false,,0.10516773033048182,0.1440452412694609,0.055757469063781914,18,27,2.0,29.0,0.6227876106194691,0.0,0.2962,932,2957,0.1,0.2,45
40,20,false,,0.11892099555422575,0.16048698784730034,0.07235310499744393,28,37,1.0,39.0,0.6240816326530613,0.0,0.2444,932,2957,0.1,0.2,45
50,25,true,,0.11631744907672568,0.25540941041106624,0.15290481422533997,39,43,4.475000000000001,49.0,0.7108,0.3844,0.2678,932,2957,0.1,0.2,45
20,10,false,,0.13952335797608115,0.15495825950769043,0.020752247228090853,10,4,1.0,19.0,0.5511551155115512,0.0,0.3112,933,2958,0.1,0.2,45
30,15,false,,0.1625085791540845,0.1174208808448326,-0.05806095547328029,10,2,1.0,28.0,0.3603411513859275,0.0,0.258,933,2958,0.1,0.2,45
40,20,false,,0.142695086030607,0.1288138831566582,-0.019457239989916192,16,2,1.0,38.0,0.4481594056062141,0.0,0.254,933,2958,0.1,0.2,45
50,25,false,,0.13160105113867593,0.11940201557031345,-0.012952219811960292,31,44,2.0,49.0,0.43908450704225355,0.22852112676056338,0.2174,933,2958,0.1,0.2,45
60,30,false,,0.15027239800889247,0.1279148968871894,-0.027225482043495425,10,4,1.0,52.0,0.3785534364879453,0.09032025908600216,0.1936,933,2958,0.1,0.2,45
20,10,false,,0.0966537202524454,0.4275249211227389,0.3265646798748538,15,16,4.0,19.0,0.8107650643195667,0.0,0.2862,934,2959,0.1,0.2,45
30,15,false,,0.1150927256160265,0.1473440714222874,0.05388485594707107,16,26,1.0,29.0,0.6311158042942626,0.0,0.2784,934,2959,0.1,0.2,45
40,20,false,,0.11839999223044342,0.1277145873292169,0.007944718424300279,21,33,2.0,38.0,0.5262771040058802,0.0,0.2772,934,2959,0.1,0.2,45
50,25,false,,0.13485259777834754,0.12294094722962481,-0.015374912232774679,23,47,1.0,49.0,0.46726773814190514,0.2391219129753038,0.2442,934,2959,0.1,0.2,45
60,30,true,,0.12031573628881598,0.6252334963867693,0.49824146787149737,53,56,30.0,59.0,0.9256229081442916,0.11044998140572704,0.2098,934,2959,0.1,0.2,45
20,10,false,,0.13289143332225906,0.14292835752236208,0.0075435621920546675,11,16,1.0,19.0,0.5123495883470551,0.0,0.2962,935,2960,0.1,0.2,45
30,15,true,,0.11027714646319418,0.3067543283645874,0.2097249530975595,24,26,2.0,29.0,0.7530120481927711,0.0,0.2464,935,2960,0.1,0.2,45
20,10,false,,0.07637744422487819,0.12885527908016486,0.06186820405120385,12,17,1.0,19.0,0.6462373933281613,0.0,0.2776,936,2961,0.1,0.2,45
30,15,false,,0.105495909072137,0.20177197536290767,0.10930800892232127,19,25,1.0,29.0,0.6565774155995343,0.0,0.3082,936,2961,0.1,0.2,45
40,20,false,,0.1025657184195057,0.1407015085621276,0.050714800766408,30,37,5.0,39.0,0.6107354184277262,0.0,0.2448,936,2961,0.1,0.2,45
50,25,false,,0.12868316100568103,0.13107256511432458,0.009594378689052482,16,2,1.0,47.0,0.5372168284789643,0.14158576051779936,0.2564,936,2961,0.1,0.2,45
60,30,true,,0.1167602687324672,0.6446623996017982,0.5288843995893817,54,57,41.0,59.0,0.8493495593789341,0.1506504406210659,0.2256,936,2961,0.1,0.2,45
20,10,false,,0.07857412475475307,0.15423850496799266,0.08577249737958403,13,15,1.0,19.0,0.6566008517228029,0.0,0.2356,937,2962,0.1,0.2,45
30,15,false,,0.0716931233213586,0.16955973379688427,0.11361690680407269,24,26,1.0,29.0,0.6775039328788673,0.0,0.1062,937,2962,0.1,0.2,45
40,20,false,,0.06598478887609767,0.5111191486101231,0.44321325700919506,35,37,30.0,39.0,1.0,0.0,0.0646,937,2962,0.1,0.2,45
50,25,true,,0.06887867654957347,0.13182953791026403,0.05809847681217178,41,41,27.0,49.0,0.7642330877427997,0.29805760214333554,0.0334,937,2962,0.1,0.2,45
20,10,false,,0.16642391206372914,0.2084979365842447,0.08517856492675663,13,18,1.0,19.0,0.579178425838821,0.0,0.2966,938,2963,0.1,0.2,45
30,15,false,,0.14851201917187876,0.11663812582639442,-0.038123142034621096,14,26,2.0,29.0,0.39465308720560155,0.0,0.2752,938,2963,0.1,0.2,45
40,20,false,,0.1273239998446836,0.16842092208839615,0.05583346631877392,33,36,5.0,39.0,0.6136758070114544,0.0,0.2522,938,2963,0.1,0.2,45
50,25,false,,0.7957222478924367,0.09869241565098509,-0.6911588038577487,2,2,1.0,6.0,0.0,0.0,0.1352,938,2963,0.1,0.2,45
60,30,true,,0.12878330890179648,0.2293668776345403,0.11951346016040162,49,54,2.0,59.0,0.703771512266569,0.06664225558403515,0.1952,938,2963,0.1,0.2,45
20,10,false,,0.07914533279773298,0.3756697106642888,0.2941644536807396,15,16,3.0,19.0,0.8498319013821442,0.0,0.296,939,2964,0.1,0.2,45
30,15,false,,0.12000824327620585,0.109195012761671,-0.006531324403916461,8,4,1.0,28.0,0.479023646071701,0.0,0.298,939,2964,0.1,0.2,45
40,20,false,,0.2933755690995526,0.09967727125041133,-0.1963481670714569,4,2,1.0,31.0,0.21431492842535788,0.0,0.2422,939,2964,0.1,0.2,45
50,25,false,,0.132414781027243,0.11250641523445847,-0.02695243582844406,18,5,1.0,46.0,0.4052489386337321,0.09803164801235044,0.2564,939,2964,0.1,0.2,45
60,30,true,,0.11721293507735547,0.2220077647058902,0.10674339947927544,50,50,31.0,58.0,0.8089005235602095,0.2643979057591623,0.2462,939,2964,0.1,0.2,45
20,10,false,,0.0951916822388603,0.18716010737347968,0.1053397572453684,13,16,1.0,19.0,0.6990958408679928,0.0,0.3006,940,2965,0.1,0.2,45
30,15,true,,0.09167505023395303,0.2538402857441435,0.1596691464372187,24,26,3.0,29.0,0.7486128894579599,0.0,0.238,940,2965,0.1,0.2,45
20,10,false,,0.09551694967251759,0.13022438241603237,0.037427125447120235,12,18,1.0,19.0,0.5761834319526628,0.0,0.2736,941,2966,0.1,0.2,45
30,15,false,,0.09827263866467144,0.20777990528782395,0.12559331584118916,20,25,1.0,29.0,0.678,0.0,0.2904,941,2966,0.1,0.2,45
40,20,false,,0.11640470212728032,0.1419546376627039,0.04493367772104764,19,19,2.0,38.0,0.5967741935483871,0.0,0.2958,941,2966,0.1,0.2,45
50,25,false,,0.15063979592537785,0.11167324591956317,-0.04932317224425038,10,4,1.0,46.0,0.3772908366533865,0.09163346613545817,0.268,941,2966,0.1,0.2,45
60,30,false,,0.14444338570737855,0.11328720165644585,-0.03910339708319599,11,2,1.0,53.0,0.4009790832220739,0.02358700489541611,0.2416,941,2966,0.1,0.2,45
20,10,false,,0.11524796108959547,0.17241436622405626,0.08359256199594302,12,15,1.0,19.0,0.6203243958953989,0.0,0.3068,942,2967,0.1,0.2,45
30,15,true,,0.11219395089272508,0.38091535494157497,0.2846926583846496,24,27,2.0,29.0,0.763629431948151,0.0,0.2698,942,2967,0.1,0.2,45
20,10,false,,0.10927153609777915,0.17070377371914017,0.08476487722900045,10,16,1.0,19.0,0.6513422818791946,0.0,0.3044,943,2968,0.1,0.2,45
30,15,true,,0.10756078225472142,0.22446740730664239,0.12421168930354633,24,26,12.524999999999991,29.0,0.7448618001417434,0.0,0.2872,943,2968,0.1,0.2,45
20,10,false,,0.34006871233926245,0.06588228948566116,-0.277248735989965,3,1,1.0,17.0,0.18174204355108878,0.0,0.215,944,2969,0.1,0.2,45
30,15,false,,0.1037619665861759,0.16701137060607668,0.09160145260900401,15,26,1.0,29.0,0.6592649310872895,0.0,0.2906,944,2969,0.1,0.2,45
40,20,false,,0.10385647868048654,0.11391081370951088,0.012183324648496155,20,23,4.0,35.0,0.53836784409257,0.0,0.2584,944,2969,0.1,0.2,45
50,25,true,,0.10695652032895067,0.2413650813932003,0.13308255275534445,39,43,13.0,49.0,0.7341666666666666,0.385,0.2082,944,2969,0.1,0.2,45
20,10,false,,0.10894972176897182,0.2792579720374113,0.17915197926856744,15,16,1.0,19.0,0.7322834645669292,0.0,0.3154,945,2970,0.1,0.2,45
30,15,false,,0.12197722145295839,0.19759614440051868,0.1078305849653907,21,26,1.0,29.0,0.6611599297012303,0.0,0.2764,945,2970,0.1,0.2,45
40,20,false,,0.12360559809197873,0.18139293333490547,0.06389178256316719,29,34,3.0,39.0,0.6543635736460849,0.0,0.264,945,2970,0.1,0.2,45
50,25,false,,0.14785628458667155,0.11748564380239487,-0.04621504404866894,14,1,1.0,49.0,0.36854017351942664,0.2135043379856658,0.2304,945,2970,0.1,0.2,45
60,30,false,,0.18967702341579937,0.12660129401595457,-0.06354341937429972,7,1,1.0,58.0,0.3482889733840304,0.022813688212927757,0.171,945,2970,0.1,0.2,45
20,10,false,,0.09103106996644576,0.13686315097737112,0.050669817388486374,10,14,1.0,19.0,0.6307531380753139,0.0,0.2918,946,2971,0.1,0.2,45
30,15,false,,0.11152388118069746,0.09916409456252516,-0.01139762001936443,14,9,1.0,28.0,0.46982116244411326,0.0,0.2782,946,2971,0.1,0.2,45
40,20,false,,0.14186513234427825,0.11081256444239397,-0.0379886621088441,10,1,1.0,36.0,0.4010015408320493,0.0,0.2662,946,2971,0.1,0.2,45
50,25,true,,0.11197192872002142,0.6399822999756327,0.5226792219399479,44,45,31.0,49.0,0.954582651391162,0.618657937806874,0.245,946,2971,0.1,0.2,45
20,10,false,,0.06927414825757244,0.25695203633633135,0.18080557160846977,15,16,2.0,19.0,0.81625,0.0,0.2572,947,2972,0.1,0.2,45
30,15,false,,0.11654764366897911,0.1056054241720822,-0.015014932565418068,10,2,1.0,27.0,0.44837063211621514,0.0,0.2858,947,2972,0.1,0.2,45
40,20,true,,0.09622585051574131,0.4233629655777884,0.3180872864527522,32,35,7.0,39.0,0.8415227976980965,0.0,0.2198,947,2972,0.1,0.2,45
20,10,false,,0.19173562191098098,0.10952690829687942,-0.10418386622102818,4,1,1.0,18.0,0.2939501779359431,0.0,0.2214,948,2973,0.1,0.2,45
30,15,false,,0.11689939036711737,0.21073136442775237,0.0956932991494355,24,28,4.0,29.0,0.6929105806911293,0.0,0.2768,948,2973,0.1,0.2,45
40,20,false,,0.13134533366873596,0.10834378822108824,-0.024610981996820894,14,6,2.0,38.0,0.39343671114316625,0.0,0.2728,948,2973,0.1,0.2,45
50,25,true,,0.11721804732817635,0.21965493948931275,0.1058809076158889,42,47,18.0,49.0,0.7081577939486786,0.46610494063577174,0.2422,948,2973,0.1,0.2,45
20,10,false,,0.11171812057417786,0.1495392780281179,0.05160079857942654,14,16,1.0,19.0,0.5978761061946902,0.0,0.27,949,2974,0.1,0.2,45
30,15,true,,0.10775998667603545,0.18921477519670948,0.0856351367376273,21,26,3.0,29.0,0.7228915662650602,0.0,0.2894,949,2974,0.1,0.2,45
20,10,false,,0.1195289909230065,0.1698413083941941,0.0733091394748565,11,14,1.0,19.0,0.6298324742268041,0.0,0.2964,950,2975,0.1,0.2,45
30,15,true,,0.12286151541421922,0.44368112594746273,0.32831370517329406,24,27,3.0,29.0,0.7701641684511064,0.0,0.261,950,2975,0.1,0.2,45
20,10,false,,0.1259789031047243,0.13364143571794673,0.017704935404866867,12,13,1.0,19.0,0.5365469439193447,0.0,0.3174,951,2976,0.1,0.2,45
30,15,true,,0.11536998279392359,0.387949588270284,0.25963456070251073,22,27,1.0,29.0,0.749355907250644,0.0,0.2826,951,2976,0.1,0.2,45
20,10,true,,0.12322796405535641,0.296628820020808,0.1851967286793279,14,16,2.0,19.0,0.741051976346094,0.0,0.3174,952,2977,0.1,0.2,45
20,10,false,,0.7818833002322958,0.06096003021204247,-0.7071611019688571,1,1,1.0,4.0,0.0,0.0,0.1132,953,2978,0.1,0.2,45
30,15,false,,0.1098064087568611,0.2069107621327412,0.1126645918034576,22,26,2.0,29.0,0.6549108835798255,0.0,0.2852,953,2978,0.1,0.2,45
40,20,false,,0.11909053579145644,0.13212326689187187,0.022199862223504674,23,36,1.0,38.0,0.5532956685499059,0.0,0.2846,953,2978,0.1,0.2,45
50,25,false,,0.1175418703197302,0.15365546556291385,0.05043700772674624,37,45,3.049999999999997,49.0,0.62934061646508,0.36948888021849396,0.262,953,2978,0.1,0.2,45
60,30,true,,0.11932840624858977,0.2730256262188156,0.14248816762131927,49,55,10.0,59.0,0.764655541292255,0.22635857937526743,0.1954,953,2978,0.1,0.2,45
20,10,false,,0.08779685468342166,0.36698996168042125,0.278155359175289,15,16,2.0,19.0,0.8008948545861297,0.0,0.272,954,2979,0.1,0.2,45
30,15,false,,0.10002665662382669,0.16188755091636342,0.06961257288851538,21,26,3.0,29.0,0.6630222569308863,0.0,0.2684,954,2979,0.1,0.2,45
40,20,false,,0.17445338309428224,0.08492590865678591,-0.095867257552014,6,1,1.0,37.0,0.2475022706630336,0.0,0.2004,954,2979,0.1,0.2,45
50,25,false,,0.09673713873775111,0.22772239214815068,0.12013735199377296,46,46,35.0,49.0,0.7072477498815727,0.6906679298910469,0.1508,954,2979,0.1,0.2,45
60,30,false,,0.12540103990919133,0.09964949057251887,-0.020553065546124613,10,2,1.0,58.0,0.45384218669417226,0.02527075812274368,0.1122,954,2979,0.1,0.2,45
20,10,false,,0.11803099105017714,0.4156704675809457,0.3151439269512042,15,17,4.0,19.0,0.8836012861736334,0.0,0.2982,955,2980,0.1,0.2,45
30,15,false,,0.11907178466858567,0.11620883303595317,-0.0048271457088086694,19,26,1.0,29.0,0.49332344213649854,0.0,0.2356,955,2980,0.1,0.2,45
40,20,false,,0.1119460726181812,0.11037319436273889,0.0017930073140165481,24,36,1.0,38.0,0.503467972256222,0.0,0.2184,955,2980,0.1,0.2,45
50,25,false,,0.16420659948374927,0.11234768225572406,-0.050954880947292606,10,4,1.0,48.0,0.4258037922506183,0.1665292662819456,0.2398,955,2980,0.1,0.2,45
60,30,true,,0.1159137779844751,0.18576197729371688,0.06820985905757115,51,55,28.099999999999994,59.0,0.7192982456140351,0.18557504873294348,0.2344,955,2980,0.1,0.2,45
20,10,false,,0.0949411286300452,0.12037720671279699,0.03509584935464054,12,15,1.0,19.0,0.604301809491294,0.0,0.3016,956,2981,0.1,0.2,45
30,15,false,,0.08983089878697938,0.1446466182192245,0.06550133727068125,20,27,4.0,29.0,0.6671918077983459,0.0,0.2558,956,2981,0.1,0.2,45
40,20,false,,0.11730239067100443,0.12823061095142455,0.025803051143850675,21,31,1.0,38.0,0.564653425212809,0.0,0.2656,956,2981,0.1,0.2,45
50,25,false,,0.12738776056244647,0.11906109274829511,0.005201392851932496,15,3,1.0,47.0,0.5175402393726785,0.1671481634337598,0.2666,956,2981,0.1,0.2,45
60,30,false,,0.5507789611408329,0.10101380236870772,-0.4412367242452187,4,4,1.0,12.0,0.08839050131926121,0.0,0.1726,956,2981,0.1,0.2,45
20,10,true,,0.10064257247974759,0.21359498682851877,0.1300705995823242,14,18,2.0,19.0,0.7495950761256883,0.0,0.3272,957,2982,0.1,0.2,45
20,10,false,,0.09265610885127917,0.409238150611037,0.3112746452230318,15,16,4.0,19.0,0.8401102687801516,0.0,0.3012,958,2983,0.1,0.2,45
30,15,false,,0.09915558862021762,0.11638624758566046,0.021010305343856214,19,26,2.0,29.0,0.5753846153846154,0.0,0.2666,958,2983,0.1,0.2,45
40,20,false,,0.11668608720563786,0.12257540164558962,0.019729125939737288,17,36,1.0,39.0,0.5472490550188996,0.0,0.2678,958,2983,0.1,0.2,45
50,25,true,,0.1141185480502077,0.5062586851948734,0.3967367930655608,44,46,22.0,49.0,0.9236641221374046,0.5769385295299317,0.263,958,2983,0.1,0.2,45
20,10,false,,0.11749123479451988,0.31677325376575516,0.21481386645226636,13,1,1.0,19.0,0.6419706656637834,0.0,0.2628,959,2984,0.1,0.2,45
30,15,false,,0.10263951975837322,0.22883243164513575,0.12513559415216152,24,27,1.0,29.0,0.6382978723404256,0.0,0.2644,959,2984,0.1,0.2,45
40,20,false,,0.11380087309560431,0.12887481724080052,0.02999683379839377,26,31,1.0,39.0,0.5696252465483235,0.0,0.293,959,2984,0.1,0.2,45
50,25,true,,0.11359572142517554,0.44143306505053914,0.31717169061194883,43,47,3.0,49.0,0.7515579559617781,0.493560448691317,0.2566,959,2984,0.1,0.2,45
20,10,true,,0.07241955843471243,0.3306383506639204,0.25039276113201137,14,16,2.0,19.0,0.8048117966627862,0.0,0.276,960,2985,0.1,0.2,45
20,10,false,,0.1391656851640907,0.14599943962221879,0.008903240916019087,9,1,1.0,19.0,0.5085346215780998,0.0,0.2898,961,2986,0.1,0.2,45
30,15,false,,0.13550530098220148,0.1199474101826279,-0.02524940302462468,13,1,1.0,28.0,0.45041608876560335,0.0,0.253,961,2986,0.1,0.2,45
40,20,false,,0.12454902715357644,0.10819769720681895,-0.018172645712371746,18,1,1.0,38.0,0.43925985518905875,0.0,0.2238,961,2986,0.1,0.2,45
50,25,false,,0.12069257508712344,0.11635823691023076,-0.008343725095716362,32,45,2.0,48.0,0.4782264449722882,0.23950910530482977,0.2444,961,2986,0.1,0.2,45
60,30,false,,0.11889878872976999,0.18862777409233353,0.07318041824098924,43,57,7.0,59.0,0.6848655158570855,0.07868325973504617,0.2274,961,2986,0.1,0.2,45
20,10,false,,0.11073939117265753,0.11936970277445129,0.018000916091803862,9,1,1.0,19.0,0.542795232936078,0.0,0.2748,962,2987,0.1,0.2,45
30,15,true,,0.10194865480542217,0.24188901401480456,0.1334248269850497,24,27,4.0,29.0,0.7513287775246773,0.0,0.286,962,2987,0.1,0.2,45
20,10,false,,0.12983498430545404,0.11835845521075349,-0.013716922920329042,10,14,1.0,18.0,0.4540769930281904,0.0,0.3168,963,2988,0.1,0.2,45
30,15,false,,0.11737948419033328,0.12016249180056868,0.010441384924203545,18,24,3.0,29.0,0.5343406593406593,0.0,0.2894,963,2988,0.1,0.2,45
40,20,false,,0.11661013404875009,0.13022764597932293,0.018119652606068154,28,36,3.0,39.0,0.5462620281273131,0.0,0.2764,963,2988,0.1,0.2,45
50,25,false,,0.18794521603408149,0.10170300359549762,-0.08583887822531644,7,5,1.0,23.0,0.24777687954729183,0.0,0.2462,963,2988,0.1,0.2,45
60,30,false,,0.2523016666153674,0.10744620364802825,-0.1519023737285031,5,2,1.0,30.0,0.1980367050789586,0.004694835680751174,0.1974,963,2988,0.1,0.2,45
20,10,false,,0.14305543652457559,0.11988611830458053,-0.027700726513864474,7,1,1.0,19.0,0.4186200066028392,0.0,0.2884,964,2989,0.1,0.2,45
30,15,true,,0.10454432993751078,0.25587623307728063,0.16539409228632196,24,26,3.700000000000003,29.0,0.7454615681730398,0.0,0.2694,964,2989,0.1,0.2,45
20,10,false,,0.13525809663306218,0.14475820884687768,0.020882757006240316,13,17,1.0,19.0,0.5299065420560748,0.0,0.317,965,2990,0.1,0.2,45
30,15,true,,0.10719892325997207,0.5248350953939108,0.41233678877577984,24,27,2.0,29.0,0.7701458173445894,0.0,0.2792,965,2990,0.1,0.2,45
20,10,false,,0.12147416999369375,0.09903509496283913,-0.02210712727405406,11,4,1.0,19.0,0.462478184991274,0.0,0.2628,966,2991,0.1,0.2,45
30,15,false,,0.16498989546164355,0.08789485122506698,-0.07777878975870221,8,3,1.0,28.0,0.32237093690248564,0.0,0.2648,966,2991,0.1,0.2,45
40,20,false,,0.1676092862665438,0.10240608235286909,-0.07108746601636654,8,4,1.0,37.0,0.3427784336875246,0.0,0.2726,966,2991,0.1,0.2,45
50,25,false,,0.11571001084956753,0.15956540587759133,0.056335987009147256,36,38,2.0,48.0,0.6504407819087773,0.2640858566500575,0.2784,966,2991,0.1,0.2,45
60,30,false,,0.1263074711621371,0.13200563730301035,0.009203550363521808,45,53,1.0,59.0,0.5292953285827395,0.18052256532066507,0.2442,966,2991,0.1,0.2,45
20,10,false,,0.08387157477288079,0.1126817368961151,0.029753178804802834,13,16,1.0,19.0,0.5958412098298677,0.0,0.29,967,2992,0.1,0.2,45
30,15,true,,0.09680343117149288,0.32484600050598167,0.2212189219132712,24,26,9.0,29.0,0.8388349514563107,0.0,0.2916,967,2992,0.1,0.2,45
20,10,false,,0.13717288363047778,0.12741950340915603,-0.012634646807523742,7,3,1.0,19.0,0.4683782091421415,0.0,0.3086,968,2993,0.1,0.2,45
30,15,false,,0.11020341285111108,0.14002757527042956,0.04953131287399935,22,26,2.0,29.0,0.5721058870011853,0.0,0.234,968,2993,0.1,0.2,45
40,20,false,,0.1977122135029095,0.07887020474169879,-0.11856112216581469,5,1,1.0,30.0,0.21763224181360202,0.0,0.1524,968,2993,0.1,0.2,45
50,25,false,,0.12076707932640408,0.08866320874112421,-0.03987360074917265,11,5,1.0,47.0,0.40220661985957873,0.06820461384152457,0.127,968,2993,0.1,0.2,45
60,30,false,,0.13967854123815585,0.11784599566926858,-0.026615813486847287,16,5,1.0,58.0,0.43658434491419,0.05106739221431561,0.2378,968,2993,0.1,0.2,45
20,10,true,,0.10270845188100203,0.22071130163697886,0.12655193009216337,14,15,2.0,19.0,0.713186077643909,0.0,0.3108,969,2994,0.1,0.2,45
20,10,false,,0.10234453488338312,0.1832521769149301,0.10024830195138167,14,16,2.0,19.0,0.6405274115197779,0.0,0.292,970,2995,0.1,0.2,45
30,15,false,,0.1106896858302794,0.09170605866431154,-0.02748957352844504,12,5,1.0,28.0,0.4128282393456737,0.0,0.219,970,2995,0.1,0.2,45
40,20,false,,0.13329281566839762,0.11390013877737826,-0.018549726846611533,10,3,1.0,37.0,0.47217806041335453,0.0,0.275,970,2995,0.1,0.2,45
50,25,true,,0.11585776980973224,0.3742407253406028,0.261610394404254,40,45,20.0,49.0,0.84251968503937,0.40344956880389954,0.2726,970,2995,0.1,0.2,45
20,10,false,,0.18730162541861156,0.14841942741434797,-0.0496486331881925,6,2,1.0,19.0,0.4201975151322077,0.0,0.2944,971,2996,0.1,0.2,45
30,15,false,,0.1383140526033848,0.12383437180478248,-0.009764816855617572,15,26,2.0,29.0,0.4775132275132275,0.0,0.2626,971,2996,0.1,0.2,45
40,20,false,,0.18278205078927307,0.0869050189278827,-0.11526836149106258,11,3,1.0,35.0,0.1940181031090122,0.0,0.2094,971,2996,0.1,0.2,45
50,25,false,,0.11940691617229192,0.08437154807379044,-0.037553457947501416,27,27,8.0,49.0,0.35197934595524955,0.1579173838209983,0.168,971,2996,0.1,0.2,45
60,30,false,,0.10028502240608762,0.7528303476668803,0.6504345081073883,56,56,48.0,59.0,1.0,0.03991915108640728,0.1236,971,2996,0.1,0.2,45
20,10,false,,0.13445855274578855,0.15707536598188115,0.03795753784940373,9,3,1.0,19.0,0.5864925135393437,0.0,0.3084,972,2997,0.1,0.2,45
30,15,false,,0.1428783111602328,0.12003573047331938,-0.032394264116813565,12,1,1.0,29.0,0.4151536312849162,0.0,0.2564,972,2997,0.1,0.2,45
40,20,false,,0.30318097384599857,0.09966665809634787,-0.2146880056291025,4,1,1.0,25.0,0.16267748478701827,0.0,0.22,972,2997,0.1,0.2,45
50,25,false,,0.21342692324010118,0.10270948353726364,-0.12446902584891416,8,1,1.0,45.0,0.21462079749804536,0.05043002345582486,0.2362,972,2997,0.1,0.2,45
60,30,true,,0.1259967213779887,0.18727262410011555,0.09528258388090383,47,55,2.0,58.0,0.7427046263345196,0.05231316725978648,0.2184,972,2997,0.1,0.2,45
20,10,false,,0.12451872417091739,0.17699142657152808,0.06830679748082888,13,16,1.0,19.0,0.5911199469847581,0.0,0.282,973,2998,0.1,0.2,45
30,15,false,,0.1429412603009133,0.10767220863880586,-0.04339207216255776,9,1,1.0,27.0,0.3977920227920228,0.0,0.2736,973,2998,0.1,0.2,45
40,20,false,,0.11427947230137181,0.12805861765477236,0.017954241519552577,20,20,2.0,38.0,0.5679912504557054,0.0,0.282,973,2998,0.1,0.2,45
50,25,false,,0.12368413922610305,0.1253954156062128,0.016476947670150066,25,47,2.0,48.0,0.5317492830807047,0.35190495698484225,0.2358,973,2998,0.1,0.2,45
60,30,false,,0.1303131923205459,0.11492270200902976,-0.009286167063430384,10,3,1.0,58.0,0.47132980886539244,0.024400162667751118,0.2574,973,2998,0.1,0.2,45
20,10,false,,0.19106373780665775,0.10549802444741996,-0.09787178222973675,6,4,1.0,16.0,0.258433734939759,0.0,0.327,974,2999,0.1,0.2,45
30,15,false,,0.12447088373433102,0.24619701348932907,0.16170613657419203,20,25,1.0,29.0,0.6359758265197298,0.0,0.2774,974,2999,0.1,0.2,45
40,20,true,,0.1161024070892726,0.283334617713235,0.17325232408365523,31,36,5.0,39.0,0.8096264367816092,0.0,0.2714,974,2999,0.1,0.2,45
20,10,false,,0.1125152562281661,0.4626376947338057,0.3559148301529656,15,16,1.0,19.0,0.6746499631540163,0.0,0.2804,975,3000,0.1,0.2,45
30,15,false,,0.13531604647359807,0.09835746381241868,-0.048443626787458005,11,2,1.0,29.0,0.4314056563951034,0.0,0.213,975,3000,0.1,0.2,45
40,20,false,,0.09643566101476436,0.11384649065140659,0.0302077803804459,27,28,2.0,39.0,0.5890221402214022,0.0,0.182,975,3000,0.1,0.2,45
50,25,true,,0.08720354232886683,0.41444764814953394,0.33369274562613943,44,46,29.0,49.0,0.9333333333333333,0.665625,0.118,975,3000,0.1,0.2,45
20,10,false,,0.12299291590600017,0.24641463186638723,0.14023166758365163,15,18,1.0,19.0,0.68517909957279,0.0,0.2804,976,3001,0.1,0.2,45
30,15,false,,0.12059709433180676,0.1165196152423785,-0.002176334298845964,19,26,1.0,29.0,0.488941816944539,0.0,0.2788,976,3001,0.1,0.2,45
40,20,false,,0.1436122783188258,0.09667970679216449,-0.057656833976256344,11,7,1.0,34.0,0.3177219932559011,0.0,0.267,976,3001,0.1,0.2,45
50,25,false,,0.11328337794366554,0.15976034138811585,0.04320455326093156,43,43,20.0,49.0,0.6331130975514964,0.5122425184609405,0.2536,976,3001,0.1,0.2,45
60,30,false,,0.11970443983699058,0.11742101866500847,-0.003045782532170277,40,41,7.0,58.0,0.4867986798679868,0.19306930693069307,0.1788,976,3001,0.1,0.2,45
20,10,false,,0.13095407370818085,0.303337182078308,0.16599886093607577,16,17,2.0,19.0,0.7182732878935411,0.0,0.2874,977,3002,0.1,0.2,45
30,15,false,,0.1520175452054629,0.11148151293661707,-0.05097627011979343,10,2,1.0,27.0,0.37478991596638656,0.0,0.2704,977,3002,0.1,0.2,45
40,20,false,,0.1319228283587251,0.1259364141279972,0.003456638125046013,16,31,2.0,39.0,0.5158194098826875,0.0,0.273,977,3002,0.1,0.2,45
50,25,false,,0.12277241476683473,0.13885737748951738,0.017732004795032223,31,45,2.0,48.0,0.5656826568265683,0.24132841328413285,0.2244,977,3002,0.1,0.2,45
60,30,false,,0.15573781103614234,0.12847626803803464,-0.02646125322169344,8,2,1.0,28.0,0.409024211298606,0.0,0.1822,977,3002,0.1,0.2,45
20,10,false,,0.08337698693871387,0.4977695218437123,0.4054496981832071,15,16,5.0,19.0,0.9431542461005199,0.0,0.3108,978,3003,0.1,0.2,45
30,15,false,,0.11430073225052924,0.1282961824257201,0.0317298907488934,10,4,1.0,29.0,0.5767077267637178,0.0,0.282,978,3003,0.1,0.2,45
40,20,false,,0.12635072510062573,0.11475029555744273,-0.014675948751560253,9,4,1.0,37.42500000000018,0.4578402366863905,0.0,0.265,978,3003,0.1,0.2,45
50,25,false,,0.16566173621483066,0.10576874246138196,-0.0757336020223758,8,1,1.0,46.0,0.31724422442244227,0.06848184818481848,0.2304,978,3003,0.1,0.2,45
60,30,false,,0.12326497545504023,0.15871613955887165,0.045491754456898695,42,55,1.0,58.0,0.6424038820455393,0.1269130272489735,0.246,978,3003,0.1,0.2,45
20,10,false,,0.09647472647858421,0.14527903477550608,0.06755251393846176,13,17,1.0,19.0,0.6486988847583643,0.0,0.2832,979,3004,0.1,0.2,45
30,15,false,,0.08705103059125015,0.11229902437181653,0.03114410125918192,19,23,2.0,29.0,0.5721304153640018,0.0,0.1794,979,3004,0.1,0.2,45
40,20,true,,0.0816367388671005,0.25725772275735875,0.18577680181207382,34,34,24.0,39.0,0.868771583621115,0.0,0.1156,979,3004,0.1,0.2,45
20,10,false,,0.13768691816103626,0.18193421538494128,0.07364088825594138,10,14,1.0,19.0,0.6203992514036182,0.0,0.3112,980,3005,0.1,0.2,45
30,15,false,,0.14525333563535253,0.1210665244343656,-0.04489502729168514,11,4,1.0,28.0,0.38296488946684004,0.0,0.284,980,3005,0.1,0.2,45
40,20,false,,0.1336484689591879,0.10629828093852316,-0.04175201320274764,17,5,2.0,38.0,0.35392088827203333,0.0,0.2612,980,3005,0.1,0.2,45
50,25,false,,0.20138742167461415,0.10702105023057586,-0.0959823713624729,6,4,1.0,23.0,0.22958988118052895,0.0,0.2312,980,3005,0.1,0.2,45
60,30,true,,0.12379005357429985,0.36437238367466274,0.24232825211136289,52,54,25.0,59.0,0.8912884333821376,0.16251830161054173,0.2038,980,3005,0.1,0.2,45
20,10,false,,0.12438791403147251,0.36757578810594804,0.24946576887942312,16,17,1.0,19.0,0.7366071428571429,0.0,0.2676,981,3006,0.1,0.2,45
30,15,false,,0.31670922208361924,0.10381078459755765,-0.23047447792750492,3,1,1.0,26.0,0.1685214626391097,0.0,0.2016,981,3006,0.1,0.2,45
40,20,false,,0.12549188899275426,0.13458673169202165,0.02192350790784242,21,33,2.0,38.0,0.5539823008849557,0.0,0.2614,981,3006,0.1,0.2,45
50,25,true,,0.12132652700370201,0.21833580900097796,0.09269126106177586,44,46,31.0,49.0,0.7044048052420823,0.5973789588642155,0.251,981,3006,0.1,0.2,45
20,10,true,,0.10922847397244642,0.2877235920226505,0.17897623135269478,12,15,1.0,19.0,0.7582452769772654,0.0,0.305,982,3007,0.1,0.2,45
20,10,false,,0.11056590189527761,0.12041006307778865,0.009318195455366635,11,13,1.0,18.0,0.5238249594813614,0.0,0.3204,983,3008,0.1,0.2,45
30,15,true,,0.10698366993181839,0.20121449521264118,0.10536152389404868,21,26,4.0,29.0,0.7626404494382022,0.0,0.2942,983,3008,0.1,0.2,45
20,10,true,,0.09595262427494954,0.19505520369946164,0.10877640017741866,14,16,2.0,19.0,0.7099697885196374,0.0,0.3038,984,3009,0.1,0.2,45
20,10,false,,0.15159597532627472,0.12979050657385693,-0.027112299521447253,8,3,1.0,19.0,0.4597005415737496,0.0,0.2946,985,3010,0.1,0.2,45
30,15,false,,0.15100679968934533,0.103893264244194,-0.05818341065348179,7,2,1.0,28.0,0.32238910234020257,0.0,0.2706,985,3010,0.1,0.2,45
40,20,true,,0.11793523000768869,0.44728861676865794,0.3156621651107547,33,36,3.0,39.0,0.7434335744194899,0.0,0.2486,985,3010,0.1,0.2,45
20,10,false,,0.10139135205676796,0.2832525985120479,0.19420600993913056,15,17,2.0,19.0,0.7549353301565691,0.0,0.2912,986,3011,0.1,0.2,45
30,15,false,,0.134097521863375,0.17355844085769787,0.07412313164805859,16,1,1.0,29.0,0.5386666666666666,0.0,0.265,986,3011,0.1,0.2,45
40,20,true,,0.10990866141685283,0.650272228383775,0.5312379060424645,33,37,1.0,39.0,0.7074025405168638,0.0,0.214,986,3011,0.1,0.2,45
20,10,false,,0.18612172603219573,0.545911459182734,0.4013604371850916,15,1,1.0,19.0,0.5906680805938495,0.0,0.2428,987,3012,0.1,0.2,45
30,15,false,,0.13417787390946664,0.13981575581631686,0.016800218513710524,16,26,2.0,29.0,0.5258247250916361,0.0,0.2976,987,3012,0.1,0.2,45
40,20,false,,0.19459398131219743,0.09113187708028508,-0.11609992945234951,9,2,1.0,34.0,0.14131690412013861,0.0,0.2152,987,3012,0.1,0.2,45
50,25,false,,0.12368782115296043,0.13139308271311845,0.005023062991744293,35,37,2.0,48.0,0.5188859214040442,0.24112933994658528,0.2344,987,3012,0.1,0.2,45
60,30,false,,0.15620272903103455,0.12144691605862133,-0.04083164422455951,12,7,1.0,55.0,0.3904040404040404,0.0595959595959596,0.1404,987,3012,0.1,0.2,45
20,10,false,,0.1334103574861165,0.2555011298768229,0.1573069731253444,13,16,2.0,19.0,0.6760996616425715,0.0,0.3114,988,3013,0.1,0.2,45
30,15,false,,0.11737190052707061,0.1884616279364975,0.07436735329520947,22,26,3.0,29.0,0.6413309982486866,0.0,0.2656,988,3013,0.1,0.2,45
40,20,false,,0.19136851778077954,0.08661161689953038,-0.11587025749851936,7,3,1.0,27.0,0.13983739837398373,0.0,0.2046,988,3013,0.1,0.2,45
50,25,false,,0.35509723820409217,0.08261852213531075,-0.27509013537517807,4,2,1.0,19.0,0.06228710462287105,0.0,0.1542,988,3013,0.1,0.2,45
60,30,false,,0.12000563757397034,0.12019648650642183,0.008560760977373606,39,33,13.225000000000001,58.0,0.5196787148594377,0.16666666666666666,0.2524,988,3013,0.1,0.2,45
20,10,false,,0.04278509102634283,0.6116801469743325,0.5557488981363082,16,17,5.0,19.0,0.9320083682008368,0.0,0.1326,989,3014,0.1,0.2,45
30,15,false,,0.07639970006478265,0.06507245688419952,-0.015132552876898322,12,3,1.0,29.0,0.4205158968206359,0.0,0.0726,989,3014,0.1,0.2,45
40,20,false,,0.04950615073295543,0.5515567244998361,0.5283422717856064,36,36,32.0,39.0,1.0,0.0,0.0412,989,3014,0.1,0.2,45
50,25,true,,0.012034821758228733,0.06039256778138519,0.048357746023156456,16,16,16.0,16.0,1.0,0.0,0.0042,989,3014,0.1,0.2,45
20,10,true,,0.10119158479569808,0.16453540473104714,0.07016673009085672,10,12,1.0,19.0,0.7051871306631649,0.0,0.3124,990,3015,0.1,0.2,45
20,10,false,,0.09267142241013374,0.12141565689907287,0.037012164927648486,9,1,1.0,19.0,0.5958240119313944,0.0,0.2558,991,3016,0.1,0.2,45
30,15,true,,0.08920431021015142,0.32726679872910724,0.23705424145011583,24,26,4.0,29.0,0.8112970711297071,0.0,0.2266,991,3016,0.1,0.2,45
20,10,true,,0.07735231027573913,0.27269267358105737,0.20269165396375086,14,16,2.0,19.0,0.77895936194455,0.0,0.2966,992,3017,0.1,0.2,45
20,10,false,,0.1662956896723124,0.12840741018793195,-0.03547982657885318,11,3,1.0,19.0,0.4305295950155763,0.0,0.2942,993,3018,0.1,0.2,45
30,15,false,,0.1333231704840702,0.15840612850744396,0.048242207849815644,18,26,1.0,29.0,0.5811074918566775,0.0,0.2974,993,3018,0.1,0.2,45
40,20,false,,0.13901125822577728,0.12028142077710989,-0.03230041231292338,16,2,1.0,38.0,0.4217037822552139,0.0,0.2314,993,3018,0.1,0.2,45
50,25,false,,0.12326851635629454,0.11223450512870846,-0.015170894422062903,35,44,2.825000000000003,48.0,0.4477124183006536,0.2665214233841685,0.226,993,3018,0.1,0.2,45
60,30,false,,0.1311613008098275,0.1479410112494085,0.033496021167915405,44,50,1.0,58.0,0.5591939546599496,0.15365239294710328,0.1868,993,3018,0.1,0.2,45
20,10,false,,0.08417322471509397,0.5442517868873533,0.47295705728053294,15,16,7.0,19.0,0.8871196036801132,0.0,0.2854,994,3019,0.1,0.2,45
30,15,false,,0.1217901568942778,0.19065569184346845,0.09462451075309554,18,23,1.0,28.0,0.672374053342114,0.0,0.2924,994,3019,0.1,0.2,45
40,20,false,,0.11940302403308858,0.14455307560658778,0.03479661185461563,22,36,6.0,38.0,0.6004176818656457,0.0,0.272,994,3019,0.1,0.2,45
50,25,false,,0.12407258824500447,0.14204326373074352,0.028470019097199234,39,45,1.7000000000000028,48.0,0.5713750468340202,0.3578119145747471,0.2496,994,3019,0.1,0.2,45
60,30,true,,0.12536325847428417,0.2233543052412203,0.10542511188700907,53,55,2.0,59.0,0.7182835820895522,0.10634328358208955,0.2236,994,3019,0.1,0.2,45
20,10,false,,0.15566943655904908,0.09136184199873955,-0.07389481996018699,8,2,1.0,19.0,0.29645027182603134,0.0,0.2924,995,3020,0.1,0.2,45
30,15,false,,0.11122029066355825,0.09592506098779134,-0.0126648087417491,19,26,3.0,29.0,0.45871559633027525,0.0,0.23,995,3020,0.1,0.2,45
40,20,false,,0.09199874691965937,0.09903694025092383,0.01429523426750448,30,36,4.0,39.0,0.5551041137633317,0.0,0.1248,995,3020,0.1,0.2,45
50,25,false,,0.24633186467761503,0.06491772699506464,-0.16506092294658667,5,4,1.0,21.0,0.08614668218859138,0.0,0.066,995,3020,0.1,0.2,45
60,30,false,,0.08602318759713465,0.6247574889045079,0.5309716367667454,56,56,50.0,59.0,0.928529238038984,0.010632014176018901,0.0536,995,3020,0.1,0.2,45
20,10,false,,0.10060591024324783,0.174131890058103,0.08325796863883671,12,16,1.0,19.0,0.6875210225361588,0.0,0.2974,996,3021,0.1,0.2,45
30,15,false,,0.10681055189462212,0.6314069800099369,0.5196022171406965,25,26,2.0,29.0,0.8208841463414634,0.0,0.26,996,3021,0.1,0.2,45
40,20,false,,0.11141786511682805,0.19522906904645057,0.09215543054535116,30,38,3.0,39.0,0.6657491152182462,0.0,0.2754,996,3021,0.1,0.2,45
50,25,false,,0.18447880528151625,0.10439282008615335,-0.08698806554636739,8,1,1.0,37.0,0.3033213285314126,0.0028011204481792717,0.2404,996,3021,0.1,0.2,45
60,30,true,,0.11516978475217717,0.24485178508786262,0.1341979121683804,50,55,24.0,59.0,0.7422360248447205,0.22127329192546583,0.269,996,3021,0.1,0.2,45
20,10,false,,0.1546041658013777,0.1532966893085713,0.015108145436019363,11,17,1.0,19.0,0.5181380417335474,0.0,0.2852,997,3022,0.1,0.2,45
30,15,false,,0.13240945856743333,0.4208282665052883,0.28829649420918635,25,26,13.0,29.0,0.8650385604113111,0.0,0.2718,997,3022,0.1,0.2,45
40,20,false,,0.1317793326357325,0.1201096269327878,-0.010593289868874756,28,37,3.0,38.0,0.46742398930838625,0.0,0.2428,997,3022,0.1,0.2,45
50,25,false,,0.12331376544257543,0.1012738202161868,-0.018525538582863224,38,38,16.0,48.0,0.42749190356243255,0.3263763943864699,0.2314,997,3022,0.1,0.2,45
60,30,false,,0.11953293843442364,0.49614436174975424,0.37393280878679447,55,55,43.0,59.0,0.9057489245209229,0.14274540477121628,0.2096,997,3022,0.1,0.2,45
20,10,false,,0.07442602414048934,0.29440811592645644,0.20342078227738153,15,16,3.0,19.0,0.8265227447956823,0.0,0.277,998,3023,0.1,0.2,45
30,15,false,,0.22725524041371617,0.1177319373760571,-0.1493122640651776,5,1,1.0,28.0,0.4042976522085157,0.0,0.245,998,3023,0.1,0.2,45
40,20,false,,0.1039834171071917,0.1423114668203754,0.04688970447917649,28,36,4.0,38.0,0.6606266515666289,0.0,0.2742,998,3023,0.1,0.2,45
50,25,true,,0.11230447569336229,0.28970019257933544,0.17524289322763803,43,46,12.300000000000004,49.0,0.8143389970990468,0.5196850393700787,0.27,998,3023,0.1,0.2,45
20,10,false,,0.17947093045638146,0.12606549065497846,-0.06864132047413471,8,4,1.0,19.0,0.3523142509135201,0.0,0.3146,999,3024,0.1,0.2,45
30,15,false,,0.17147205758415607,0.07600275298499704,-0.11240599174526746,8,3,1.0,27.0,0.1987346483066617,0.0,0.2314,999,3024,0.1,0.2,45
40,20,false,,0.28499237601574173,0.06625280286386975,-0.22177995604182987,5,5,1.0,16.0,0.06617982656321314,0.0,0.1394,999,3024,0.1,0.2,45
50,25,false,,0.15595991360493225,0.0690013444755049,-0.09271935035255974,12,10,2.0,29.0,0.1175,0.0,0.1032,999,3024,0.1,0.2,45
60,30,false,,0.15196579771336421,0.07848393074773324,-0.08268099571672718,9,5,2.0,58.0,0.2650862068965517,0.036637931034482756,0.0846,999,3024,0.1,0.2,45
20,10,true,,0.12813628413680386,0.2696021446473038,0.16419985037283,13,15,1.0,19.0,0.7116923076923077,0.0,0.3226,1000,3025,0.1,0.2,45
