analysis_day,n_observations,detected,elapsed_seconds,theta1_median,theta2_median,theta_diff_median,tau_median,tau_map,tau_q025,tau_q975,p_positive_effect,p_tau_near_truth,accepted_rate,rep,seed,true_theta1,true_theta2,true_t_star
20,10,false,,0.12426641142134534,0.13915890508783146,0.011994699210157889,9,4,1.0,19.0,0.5420326223337516,0.34410288582183185,0.3246,1,2026,0.1,0.25,15
30,15,true,,0.14569357616764628,0.21792346589240252,0.13368198268226786,22,28,1.0,29.0,0.7106055536968886,0.12177985948477751,0.2142,1,2026,0.1,0.25,15
20,10,false,,0.1349375138668711,0.13766442658342293,0.008955073157869906,12,16,1.0,19.0,0.5184580202548187,0.4465860829794185,0.2964,2,2027,0.1,0.25,15
30,15,true,,0.14222266854312768,0.27463338539517085,0.16074172986137536,19,25,1.0,29.0,0.7611484422724496,0.23396456933414783,0.2996,2,2027,0.1,0.25,15
20,10,false,,0.12718738056118006,0.12161457205788294,-0.00975242610394185,8,2,1.0,18.34999999999991,0.4704327717211761,0.31813676907829536,0.3104,3,2028,0.1,0.25,15
30,15,false,,0.11918497226237425,0.43675303098031004,0.3194563698661995,25,26,17.0,29.0,0.9184876864377385,0.06659729448491156,0.2728,3,2028,0.1,0.25,15
40,20,true,,0.14814130461603844,0.5131361726364884,0.3620552211317855,34,35,5.0,39.0,0.8509102322661645,0.01977401129943503,0.233,3,2028,0.1,0.25,15
20,10,false,,0.12822570904552621,0.33507357960076034,0.21493372892630458,15,16,3.0,19.0,0.765527950310559,0.6816770186335404,0.2992,4,2029,0.1,0.25,15
30,15,false,,0.1618428478851397,0.1876598717417566,0.04828213611408958,11,4,1.0,28.0,0.6069696969696969,0.1812121212121212,0.2922,4,2029,0.1,0.25,15
40,20,true,,0.1707144280098398,0.25239602288141355,0.1064886641432253,19,25,1.0,38.0,0.7632850241545893,0.20119352088661552,0.2748,4,2029,0.1,0.25,15
20,10,false,,0.10495873578073531,0.17914519347199265,0.08909496554875698,11,13,1.0,19.0,0.6620370370370371,0.43683862433862436,0.2872,5,2030,0.1,0.25,15
30,15,true,,0.13094065497362514,0.38055166438543864,0.25555968604744206,22,26,9.0,29.0,0.8837279902853673,0.21250758955676988,0.3056,5,2030,0.1,0.25,15
20,10,false,,0.12475147004380006,0.5788400827976132,0.4539337886371528,16,16,5.0,19.0,0.9232209737827716,0.7671660424469413,0.2884,6,2031,0.1,0.25,15
30,15,false,,0.15556829670671216,0.18087814940760094,0.05150860486162845,12,3,1.0,28.0,0.5938074800735745,0.1885346413243409,0.2806,6,2031,0.1,0.25,15
40,20,true,,0.1705684677705017,0.2883515304063118,0.16839851291046504,26,34,2.0,38.0,0.8121212121212121,0.1316017316017316,0.2646,6,2031,0.1,0.25,15
20,10,false,,0.24724620918043738,0.08412938367491221,-0.19184784658909898,4,1,1.0,18.0,0.21491550330639236,0.19728141072740632,0.2188,7,2032,0.1,0.25,15
30,15,true,,0.13944715504267974,0.5172712787755082,0.379993206012332,22,25,1.0,29.0,0.8318951741770534,0.14413550655161395,0.2748,7,2032,0.1,0.25,15
20,10,false,,0.1248329220751655,0.12890257072993033,0.006591416230706332,11,16,1.0,19.0,0.5125578321216127,0.4193654990085922,0.3092,8,2033,0.1,0.25,15
30,15,false,,0.1496001820723193,0.2109446663948802,0.08518933331733476,22,25,1.0,29.0,0.6002583144979012,0.11301259283177269,0.2696,8,2033,0.1,0.25,15
40,20,false,,0.1663021034448328,0.19306752318189996,0.04571393103025523,19,1,1.0,38.0,0.5927725478287276,0.126328575766778,0.248,8,2033,0.1,0.25,15
50,25,true,,0.1569050788036018,0.2792146144393243,0.1459462408300088,29,30,9.0,45.0,0.9506139154160982,0.10040927694406548,0.2588,8,2033,0.1,0.25,15
20,10,false,,0.15821385469757612,0.12280209774807099,-0.04410341245037834,7,1,1.0,19.0,0.4226729445852952,0.3208982252806954,0.2612,9,2034,0.1,0.25,15
30,15,true,,0.14785769540576005,0.33279208353948997,0.20084246456354302,20,25,3.0,29.0,0.8606793321819228,0.20063327576280945,0.3326,9,2034,0.1,0.25,15
20,10,false,,0.13130870153183555,0.12424812175328544,0.006380126229379723,9,1,1.0,19.0,0.511509817197021,0.33716993906567366,0.2904,10,2035,0.1,0.25,15
30,15,true,,0.1254272082215973,0.3758000310517785,0.2514642828863094,23,26,2.0,29.0,0.8218448218448219,0.11854811854811854,0.2952,10,2035,0.1,0.25,15
20,10,false,,0.21048707904537511,0.13090010011151978,-0.102786355041835,6,4,1.0,19.0,0.39021249195106245,0.3306503541532518,0.2822,11,2036,0.1,0.25,15
30,15,false,,0.1706111065013403,0.17492132637750615,0.001837057970082795,13,2,1.0,28.0,0.5052417991207304,0.17044301657084884,0.218,11,2036,0.1,0.25,15
40,20,true,,0.1688228151780357,0.2596741796602947,0.13266748304867718,25,34,2.0,39.0,0.8973240255962769,0.11954624781849912,0.2514,11,2036,0.1,0.25,15
20,10,false,,0.1185495590682811,0.16330592732147892,0.06522149536916629,11,1,1.0,19.0,0.6084010840108401,0.4132791327913279,0.29,12,2037,0.1,0.25,15
30,15,true,,0.1393215807601125,0.2680278357647371,0.15362035340548613,20,26,2.0,29.0,0.7994636471990465,0.19755661501787844,0.3088,12,2037,0.1,0.25,15
20,10,false,,0.0771092093939806,0.11487158152386713,0.04048331465145777,12,14,1.0,19.0,0.6487305797650625,0.5206517620310723,0.2734,13,2038,0.1,0.25,15
30,15,true,,0.11567097868645854,0.44851721741437345,0.33998521197463866,21,25,8.0,28.300000000000182,0.8958399491902191,0.21975230231819626,0.3106,13,2038,0.1,0.25,15
20,10,false,,0.11039036400873746,0.3381351068335904,0.2338454153879994,15,16,2.0,19.0,0.8211221122112211,0.6264026402640264,0.3078,14,2039,0.1,0.25,15
30,15,true,,0.15711778361469425,0.360317748467954,0.23342300559989665,21,26,1.0,28.0,0.7255501222493888,0.15556234718826406,0.2732,14,2039,0.1,0.25,15
20,10,false,,0.13608299197357873,0.19727742742870005,0.08899435775624963,12,15,1.0,19.0,0.6473369051370942,0.46170816262212416,0.3212,15,2040,0.1,0.25,15
30,15,true,,0.16662881242089295,0.2930685321658031,0.16781980549479542,15,24,2.0,28.0,0.8105055069189494,0.23354984467664502,0.2822,15,2040,0.1,0.25,15
20,10,false,,0.11204599732406176,0.3731078122781322,0.264549592074632,16,16,3.0,19.0,0.8394982309424253,0.72885172081055,0.2926,16,2041,0.1,0.25,15
30,15,true,,0.14450455707205964,0.2754319553506668,0.1591531511995651,19,24,5.0,29.0,0.8366498366498366,0.2652212652212652,0.2882,16,2041,0.1,0.25,15
20,10,false,,0.15614739605406044,0.253830219499869,0.12796521352535487,13,15,1.0,19.0,0.650703382220892,0.5522298712960192,0.3072,17,2042,0.1,0.25,15
30,15,true,,0.17953596571770436,0.2818561651141929,0.13366707146132498,20,26,2.0,29.0,0.7467003650659927,0.2285874754282505,0.2876,17,2042,0.1,0.25,15
20,10,false,,0.17309510328152064,0.13114726809977367,-0.0603619752694165,8,3,1.0,19.0,0.3660287081339713,0.3214712918660287,0.3312,18,2043,0.1,0.25,15
30,15,false,,0.17623659339315983,0.293875289849423,0.16638493403461752,16,27,1.0,29.0,0.6807703530784943,0.16515903122264372,0.269,18,2043,0.1,0.25,15
40,20,true,,0.19313628488709386,0.6708607410087042,0.4712638502479428,34,35,17.0,39.0,0.8892684315399944,0.03358952462282949,0.2346,18,2043,0.1,0.25,15
20,10,false,,0.1423198553540878,0.14385540655224327,0.004365844480994724,11,15,1.0,19.0,0.5068319034000636,0.41912932952017795,0.2926,19,2044,0.1,0.25,15
30,15,false,,0.12701115879348518,0.7734318972940626,0.643439775531115,25,25,6.0,29.0,0.9415126050420168,0.08638655462184874,0.2664,19,2044,0.1,0.25,15
40,20,true,,0.16458911767269174,0.45279994434519133,0.2913690695555755,34,34,17.0,39.0,0.8891481913652275,0.03733955659276546,0.2674,19,2044,0.1,0.25,15
20,10,false,,0.09923094352656078,0.10137732381323418,0.0027462282070380706,8,2,1.0,19.0,0.504652028284332,0.3040565686639375,0.2846,20,2045,0.1,0.25,15
30,15,false,,0.11064447445701422,0.1467844895610142,0.0441291154929154,18,26,3.0,29.0,0.6427854034147975,0.3136926682289923,0.2938,20,2045,0.1,0.25,15
40,20,true,,0.12925683134918967,0.3745352592848352,0.2483889386640427,32,34,4.775000000000006,39.0,0.8409383033419023,0.06908740359897173,0.2754,20,2045,0.1,0.25,15
20,10,true,,0.09365333598977969,0.19642375623194863,0.1062816605746941,14,16,1.0,19.0,0.700540175557056,0.6026333558406483,0.309,21,2046,0.1,0.25,15
20,10,false,,0.08868398817727415,0.48179022945866995,0.3990263538423007,15,16,4.0,19.0,0.9036063363667004,0.6892483990562858,0.2996,22,2047,0.1,0.25,15
30,15,true,,0.12983817785943763,0.30947868144952206,0.2112821232730076,18,24,1.0,29.0,0.7967637540453074,0.19093851132686085,0.2898,22,2047,0.1,0.25,15
20,10,false,,0.11013200453688211,0.22546683055721042,0.13635650760683693,14,16,1.0,19.0,0.6541274817136886,0.5092302333681644,0.2926,23,2048,0.1,0.25,15
30,15,true,,0.11988783662854466,0.21961603720601192,0.11582568860692838,21,25,2.0,29.0,0.7506485084306096,0.23540856031128404,0.3096,23,2048,0.1,0.25,15
20,10,false,,0.10329565809900015,0.10613640636136193,0.01541248328490084,11,1,1.0,19.0,0.5293904208998549,0.41364296081277213,0.2846,24,2049,0.1,0.25,15
30,15,false,,0.14087323159415527,0.19618220367234565,0.09168512762484063,14,1,1.0,28.0,0.6770601336302895,0.15653833916640153,0.289,24,2049,0.1,0.25,15
40,20,true,,0.16410858255432528,0.2981314908184526,0.14941232446898917,32,35,10.0,39.0,0.8711048158640227,0.0886685552407932,0.2746,24,2049,0.1,0.25,15
20,10,false,,0.1283175482980801,0.3040451034036079,0.18656772498757124,14,17,1.0,19.0,0.6891977258370183,0.5701200252684776,0.3046,25,2050,0.1,0.25,15
30,15,true,,0.15150985302491388,0.3004048145429559,0.18408127068143196,17,25,2.0,29.0,0.8847058823529412,0.26235294117647057,0.2852,25,2050,0.1,0.25,15
20,10,false,,0.1620794883724671,0.07068888608575635,-0.10014939900481204,6,1,1.0,18.0,0.248868778280543,0.24396681749622925,0.2406,26,2051,0.1,0.25,15
30,15,true,,0.10645882776090111,0.30612065395460125,0.2045577869773036,22,26,1.0,29.0,0.7872097449562239,0.08260373049105443,0.2744,26,2051,0.1,0.25,15
20,10,false,,0.1569785003016392,0.5884636248376036,0.44230446249759503,16,16,1.0,19.0,0.8254764292878636,0.6890672016048145,0.2714,27,2052,0.1,0.25,15
30,15,false,,0.16030060854576988,0.536283049548153,0.39063138963357735,25,26,8.0,29.0,0.8628841607565012,0.15986997635933806,0.267,27,2052,0.1,0.25,15
40,20,true,,0.1846136591743213,0.3932377938671506,0.22578884009062752,30,34,2.0,38.0,0.9044257398859625,0.043714363290795547,0.2438,27,2052,0.1,0.25,15
20,10,true,,0.09220419069557587,0.26421237247717844,0.1697827232663037,14,16,2.0,19.0,0.7651489216021911,0.5871276959945224,0.3036,28,2053,0.1,0.25,15
20,10,false,,0.14335125043709754,0.15699318508166396,0.021990748636496138,9,1,1.0,19.0,0.5364566149785549,0.3856812933025404,0.272,29,2054,0.1,0.25,15
30,15,true,,0.14871972561462674,0.4755134079590455,0.3529101065168269,23,25,5.075000000000003,29.0,0.8900730816077954,0.19549330085261876,0.2836,29,2054,0.1,0.25,15
20,10,false,,0.11171140473380768,0.10814071994182076,-0.003140989115395759,10,1,1.0,19.0,0.4914782608695652,0.3888695652173913,0.2864,30,2055,0.1,0.25,15
30,15,true,,0.12180662412466377,0.2220929627076979,0.10975267718782533,21,25,2.0,29.0,0.7215520052168243,0.14770133681121617,0.2954,30,2055,0.1,0.25,15
20,10,false,,0.24669275369032814,0.13141561433968185,-0.15875142423654384,6,2,1.0,18.0,0.2754931461049816,0.31995987963891676,0.2592,31,2056,0.1,0.25,15
30,15,false,,0.18591063379486863,0.25026995252779727,0.10092809520590165,15,26,1.0,28.0,0.6730822873082287,0.26666666666666666,0.2998,31,2056,0.1,0.25,15
40,20,false,,0.21338103540546827,0.2743214212445682,0.08638316803469834,25,1,1.0,38.0,0.6406990521327014,0.07968009478672985,0.232,31,2056,0.1,0.25,15
50,25,true,,0.20717423175060595,0.40508066123034214,0.19963586978070344,37,44,4.0,48.0,0.8454496499730748,0.09073774905761982,0.269,31,2056,0.1,0.25,15
20,10,false,,0.10929377186041267,0.20837141022873235,0.10950997979558616,13,14,2.0,19.0,0.6880733944954128,0.5612148054413161,0.3028,32,2057,0.1,0.25,15
30,15,true,,0.14113535728611468,0.5259168453720449,0.3961482764653378,24,26,2.0,29.0,0.8562070094988535,0.10809040288241074,0.2686,32,2057,0.1,0.25,15
20,10,false,,0.0569836176248147,0.7204075196124192,0.6567936782537751,16,16,12.0,19.0,1.0,0.8488909426987061,0.1852,33,2058,0.1,0.25,15
30,15,true,,0.1109551646342236,0.1799538254817491,0.09730482712969017,14,26,2.0,28.0,0.7156527682843472,0.22693096377306904,0.3026,33,2058,0.1,0.25,15
20,10,true,,0.10972215895672406,0.26291685163495215,0.16109965761235373,14,15,2.0,19.0,0.7116788321167883,0.5865958858659589,0.3096,34,2059,0.1,0.25,15
20,10,false,,0.14382681298745428,0.12977743330983285,-0.008647165601765094,10,1,1.0,19.0,0.4826129346766331,0.40851478713032174,0.2896,35,2060,0.1,0.25,15
30,15,true,,0.14883406249171036,0.26887562582641517,0.144957891174211,21,24,4.0,29.0,0.7812683499706401,0.23634762184380506,0.2888,35,2060,0.1,0.25,15
20,10,false,,0.13009995158766663,0.10613381732566235,-0.023986792436862928,6,2,1.0,18.0,0.4468826192964124,0.26854754440961337,0.299,36,2061,0.1,0.25,15
30,15,true,,0.13084974982805528,0.19533355097385793,0.08157333815095463,12,4,2.0,28.0,0.7020685396727385,0.27076258104353196,0.3108,36,2061,0.1,0.25,15
20,10,true,,0.12721826133458014,0.30460979854029047,0.1934075728715221,14,17,2.0,19.0,0.7744945567651633,0.584447900466563,0.3158,37,2062,0.1,0.25,15
20,10,false,,0.0756988902378835,0.4163863243793625,0.3452401590278357,16,16,2.0,19.0,0.8355081059707394,0.697113483590352,0.264,38,2063,0.1,0.25,15
30,15,false,,0.11822552624627991,0.4182253495968997,0.2868018550907191,25,26,4.0,29.0,0.8748294679399727,0.09072305593451568,0.283,38,2063,0.1,0.25,15
40,20,true,,0.13934965826224519,0.3029638764771164,0.1674126338929267,33,33,8.0,39.0,0.9064814814814814,0.04259259259259259,0.281,38,2063,0.1,0.25,15
20,10,true,,0.10319868384275942,0.21910278119779178,0.12815081342965734,13,16,2.0,19.0,0.7359166395310973,0.547704330836861,0.3212,39,2064,0.1,0.25,15
20,10,false,,0.2285967049033752,0.09143833940587914,-0.14476613714786266,4,2,1.0,18.0,0.25463623395149787,0.14122681883024252,0.2702,40,2065,0.1,0.25,15
30,15,true,,0.16629376836292742,0.4274189218172302,0.3106660324614574,22,26,2.2249999999999943,29.0,0.7553191489361702,0.1635258358662614,0.2576,40,2065,0.1,0.25,15
20,10,false,,0.11128700986034383,0.20262152440973677,0.10833875298049672,14,16,2.0,19.0,0.6778630838131798,0.5870121561100448,0.3198,41,2066,0.1,0.25,15
30,15,false,,0.14928508839749488,0.16047035733057963,0.021816001673788027,10,1,1.0,28.0,0.5535031847133758,0.2035031847133758,0.2766,41,2066,0.1,0.25,15
40,20,true,,0.15866974806721695,0.46283256473039663,0.2956721496685528,32,35,4.0,39.0,0.9202813599062134,0.04484173505275498,0.2646,41,2066,0.1,0.25,15
20,10,false,,0.08868830816898174,0.14047661365979586,0.06633172450993577,14,16,1.0,19.0,0.6399852452969385,0.5462928808557728,0.2706,42,2067,0.1,0.25,15
30,15,true,,0.12293762468573993,0.3676178625275643,0.2449539805501295,23,26,8.0,29.0,0.8507745810938983,0.20866266202971862,0.2988,42,2067,0.1,0.25,15
20,10,false,,0.11780505950227745,0.17436507967098827,0.08009610311853523,14,16,1.0,19.0,0.6399059455828014,0.5414847161572053,0.296,43,2068,0.1,0.25,15
30,15,true,,0.14073209472425222,0.3494750469094069,0.2115340926722166,22,25,7.0,29.0,0.878888553307158,0.2129266082754455,0.2996,43,2068,0.1,0.25,15
20,10,false,,0.10720888830422347,0.180681834890863,0.09605551798263705,10,1,1.0,18.0,0.6796581196581196,0.39521367521367523,0.2782,44,2069,0.1,0.25,15
30,15,false,,0.17515031180089577,0.19515464465225613,0.04017689830051066,11,2,1.0,28.0,0.5591430295715147,0.2356668678334339,0.2726,44,2069,0.1,0.25,15
40,20,true,,0.16739162460393353,0.25049321215610154,0.1427752731460185,15,4,1.0,37.0,0.7904516866781017,0.17895940537449972,0.2912,44,2069,0.1,0.25,15
20,10,false,,0.10012943314211115,0.09493756150828306,-0.005579749566640216,8,4,1.0,19.0,0.4898336414048059,0.3312384473197782,0.2876,45,2070,0.1,0.25,15
30,15,false,,0.11945646976513438,0.16884977573297522,0.07413248182317367,16,2,1.0,28.0,0.6286528866714184,0.2106200997861725,0.2706,45,2070,0.1,0.25,15
40,20,false,,0.22993098971741568,0.13271300976143063,-0.09829310061867966,5,1,1.0,34.0,0.32075471698113206,0.10099889012208657,0.2144,45,2070,0.1,0.25,15
50,25,true,,0.14792297936607937,0.39230337524227565,0.2547162992435213,36,38,17.0,47.0,0.9571132800946466,0.03904170363797693,0.2668,45,2070,0.1,0.25,15
20,10,false,,0.14208092041826298,0.14555232980080082,0.008917900484153168,12,16,2.0,19.0,0.5149664019547954,0.5039706780696396,0.3222,46,2071,0.1,0.25,15
30,15,true,,0.1438681734574649,0.2580821727946702,0.12743614388621735,20,24,4.0,28.0,0.7844553597226235,0.2626408552441491,0.305,46,2071,0.1,0.25,15
20,10,false,,0.12680505467986716,0.1617899711555249,0.05077869855594503,10,16,1.0,19.0,0.6005171299288946,0.41855203619909503,0.2794,47,2072,0.1,0.25,15
30,15,false,,0.15988121486408655,0.23783194254743498,0.11732083788034504,18,1,1.0,29.0,0.6512868801004394,0.2015065913370998,0.2668,47,2072,0.1,0.25,15
40,20,true,,0.17043484320979885,0.26902142890072356,0.12959414481955633,26,37,2.0,38.0,0.832634814193909,0.0972338642078793,0.2782,47,2072,0.1,0.25,15
20,10,false,,0.14486140715978654,0.13352789217710734,-0.01321266401935492,8,2,1.0,19.0,0.4768125408229915,0.34291312867406926,0.2912,48,2073,0.1,0.25,15
30,15,true,,0.15907865816487282,0.23673192963024178,0.11375738965992599,20,25,3.0,29.0,0.7206751054852321,0.18452883263009845,0.3026,48,2073,0.1,0.25,15
20,10,false,,0.1400165469977355,0.18218631840086255,0.04750783036838138,12,16,1.0,19.0,0.5823658613115783,0.47348603702541575,0.3142,49,2074,0.1,0.25,15
30,15,true,,0.14829832960861714,0.2028301987553653,0.07934496778847644,11,5,1.0,28.0,0.7177518427518428,0.2410933660933661,0.2844,49,2074,0.1,0.25,15
20,10,false,,0.1343891703987269,0.1615442892119212,0.030670590142107698,13,16,1.0,19.0,0.5601503759398496,0.5303884711779449,0.3082,50,2075,0.1,0.25,15
30,15,true,,0.16383559262616149,0.2490158839920272,0.11365014594217529,22,26,1.0,29.0,0.7092814371257485,0.1467065868263473,0.2798,50,2075,0.1,0.25,15
20,10,false,,0.11892085741795294,0.20683249758331548,0.10539314234973267,12,15,1.0,19.0,0.6476130653266332,0.4946608040201005,0.3014,51,2076,0.1,0.25,15
30,15,true,,0.15755402591202358,0.243086303867614,0.12303838548652249,14,9,1.0,28.0,0.7331042382588774,0.245418098510882,0.3082,51,2076,0.1,0.25,15
20,10,false,,0.11309494405126465,0.2210767175030057,0.13258410277667143,14,17,1.0,19.0,0.6080088170462895,0.5848640705363704,0.2548,52,2077,0.1,0.25,15
30,15,true,,0.13723994641330298,0.2759070376352875,0.15154366251029391,21,25,5.0,29.0,0.8034818530539982,0.21481262909412807,0.3058,52,2077,0.1,0.25,15
20,10,false,,0.08642427987913504,0.0702670124572213,0.0006161662176258353,9,1,1.0,19.0,0.5053554040895814,0.36952288218111,0.1554,53,2078,0.1,0.25,15
30,15,false,,0.07845071714395824,0.0736502320942869,-0.00012181310639728521,7,2,1.0,28.225000000000136,0.4925799086757991,0.1404109589041096,0.1094,53,2078,0.1,0.25,15
40,20,false,,0.2760716629624684,0.06667543713230804,-0.21615103361252078,3,1,1.0,35.0,0.3927536231884058,0.07681159420289856,0.0408,53,2078,0.1,0.25,15
50,25,false,,0.0814266897453624,0.07958686683572264,-0.007131688584164242,8,4,1.0,18.0,0.48538409245411285,0.23793337865397687,0.053,53,2078,0.1,0.25,15
60,30,false,,0.07903877694150897,0.08996730725600013,0.010043239889229692,24,23,14.0,43.0,0.6138448707256047,0.18265221017514596,0.0346,53,2078,0.1,0.25,15
20,10,false,,0.09744778074536423,0.4314061831088275,0.3255573382795104,15,16,4.0,19.0,0.8737830319888734,0.7301808066759388,0.2978,54,2079,0.1,0.25,15
30,15,true,,0.14628549740620828,0.2432426394640535,0.11498411318580105,20,26,5.0,29.0,0.7883254716981132,0.22199292452830188,0.3032,54,2079,0.1,0.25,15
20,10,false,,0.12595505323576994,0.190178203783204,0.07992948446475785,14,17,2.0,19.0,0.6506784474597664,0.5572735878826128,0.3056,55,2080,0.1,0.25,15
30,15,true,,0.14150681452230332,0.23580980113190658,0.13382229525040482,17,26,1.0,29.0,0.7232963549920761,0.13914421553090334,0.281,55,2080,0.1,0.25,15
20,10,false,,0.09945128707634601,0.47102110541890474,0.3695045714917443,15,16,2.0,19.0,0.8013361462728551,0.6452180028129395,0.2856,56,2081,0.1,0.25,15
30,15,true,,0.13910640288429665,0.663807875744342,0.5320226396567075,24,25,5.0,29.0,0.9362714013950539,0.09860494610019023,0.2748,56,2081,0.1,0.25,15
20,10,false,,0.09621791101025742,0.1346654997275319,0.054329569394110655,10,3,1.0,19.0,0.6319548872180452,0.3823308270676692,0.2832,57,2082,0.1,0.25,15
30,15,true,,0.11418441465644331,0.41519659657738694,0.3014826950631946,24,26,1.0,29.0,0.8227571115973742,0.09700948212983224,0.2824,57,2082,0.1,0.25,15
20,10,false,,0.10264325281610627,0.11599471480182097,0.01569290117780328,12,15,1.0,19.0,0.549673427294603,0.47713991062220695,0.2962,58,2083,0.1,0.25,15
30,15,false,,0.13552794379418667,0.15929390793489703,0.04582474316814453,13,1,1.0,28.0,0.5973350666233345,0.21124471888202795,0.2446,58,2083,0.1,0.25,15
40,20,true,,0.14583971073881072,0.4864756306852839,0.3450067840503857,31,33,11.0,38.0,0.9534814814814815,0.10518518518518519,0.2632,58,2083,0.1,0.25,15
20,10,false,,0.10743379902271705,0.17727615323654516,0.0896177479253676,12,16,1.0,19.0,0.6727212681638045,0.47556142668428003,0.3144,59,2084,0.1,0.25,15
30,15,false,,0.13292664889066375,0.22776645449700472,0.11654631881442876,18,23,1.0,29.0,0.6960208741030659,0.16210045662100456,0.2884,59,2084,0.1,0.25,15
40,20,true,,0.14475420295689104,0.23972375552175976,0.12681336237664365,24,31,3.0,38.0,0.8336761680869821,0.11960035263003232,0.2678,59,2084,0.1,0.25,15
20,10,false,,0.10159168942993761,0.15000571602611215,0.058250344137547864,12,18,1.0,19.0,0.6296680497925311,0.4578146611341632,0.2872,60,2085,0.1,0.25,15
30,15,true,,0.1083986649403958,0.3071282597208526,0.20340977070771887,22,23,6.0,29.0,0.7763668430335097,0.17989417989417988,0.2722,60,2085,0.1,0.25,15
20,10,false,,0.09638709419845025,0.5125380240142791,0.41228287588793455,16,16,2.0,19.0,0.8595938375350141,0.6498599439775911,0.2902,61,2086,0.1,0.25,15
30,15,true,,0.116840996507431,0.19045746157016025,0.11277509424222873,15,26,2.0,28.0,0.745186136071887,0.2345956354300385,0.2606,61,2086,0.1,0.25,15
20,10,false,,0.08050971978258077,0.5608636348583986,0.47497733327381003,16,16,3.0,19.0,0.8533017002767892,0.6982997232107553,0.2466,62,2087,0.1,0.25,15
30,15,false,,0.11159220901855829,0.13466533906399408,0.03261176307730618,14,8,2.0,28.0,0.6046343229543809,0.22049239681390298,0.296,62,2087,0.1,0.25,15
40,20,false,,0.12791133062286328,0.14964661671082505,0.056264365300359706,15,3,1.0,39.0,0.6157491797302224,0.054684651841049946,0.2672,62,2087,0.1,0.25,15
50,25,false,,0.15409241621813305,0.1470106430537945,-0.012502869337364025,10,1,1.0,41.0,0.4738120013874436,0.11793270898369754,0.2264,62,2087,0.1,0.25,15
60,30,true,,0.14554641007741703,0.4523205173863151,0.318716505236231,45,46,25.0,58.0,0.9864139020537125,0.0,0.1882,62,2087,0.1,0.25,15
20,10,false,,0.15239734332755733,0.08869778058093844,-0.07665997497523115,5,1,1.0,19.0,0.34138543516873887,0.22735346358792186,0.2606,63,2088,0.1,0.25,15
30,15,true,,0.13366462055537237,0.24252083606692043,0.12433746776689193,18,27,2.0,28.0,0.8092261904761905,0.23125,0.3036,63,2088,0.1,0.25,15
20,10,false,,0.13085682790774125,0.15001380933910136,0.02745228851195021,11,16,1.0,19.0,0.5624022521113544,0.44573037222395995,0.325,64,2089,0.1,0.25,15
30,15,true,,0.1445885875999114,0.2918909026768706,0.16414633206507748,23,25,3.0,29.0,0.7842151936151345,0.16996748448122967,0.2978,64,2089,0.1,0.25,15
20,10,false,,0.13389738593267372,0.22824339157910042,0.11187376119482152,15,16,1.0,19.0,0.6280631084256462,0.5720040281973817,0.258,65,2090,0.1,0.25,15
30,15,true,,0.14189712061427023,0.3510257011381934,0.23077109225548725,22,26,4.0,29.0,0.886736214605067,0.20894187779433682,0.2886,65,2090,0.1,0.25,15
20,10,false,,0.09532956611717565,0.10427556641313923,0.013133485573958673,10,15,1.0,19.0,0.5309766763848397,0.41217201166180756,0.2962,66,2091,0.1,0.25,15
30,15,false,,0.15435568937945393,0.16160511388774784,0.02602557253272092,9,1,1.0,29.0,0.5235602094240838,0.1581151832460733,0.2524,66,2091,0.1,0.25,15
40,20,true,,0.14989223423819525,0.23992686202117045,0.10996776614839465,18,27,1.0,33.0,0.7191348753379393,0.19194953439471313,0.278,66,2091,0.1,0.25,15
20,10,false,,0.10437174586377666,0.092416887567603,-0.010718074478479951,9,14,1.0,18.0,0.4668792065178888,0.3475026567481403,0.2692,67,2092,0.1,0.25,15
30,15,false,,0.13414414429495336,0.0970257246840338,-0.040145898016152926,8,4,1.0,28.0,0.4014251781472684,0.16072842438638163,0.2796,67,2092,0.1,0.25,15
40,20,true,,0.11859165647498317,0.39715200893713243,0.27983022635582444,34,36,4.0,39.0,0.8165104542177362,0.032444124008651765,0.2818,67,2092,0.1,0.25,15
20,10,true,,0.1047555436746142,0.4027068830911687,0.30870954906279435,14,16,3.0,19.0,0.8849154746423927,0.657997399219766,0.3092,68,2093,0.1,0.25,15
20,10,true,,0.08931034108643654,0.37677279533309904,0.27237852075694746,14,15,2.0,19.0,0.7545264623955432,0.6302228412256268,0.3076,69,2094,0.1,0.25,15
20,10,false,,0.16594881694761485,0.1873832247928734,0.029111917736746318,12,16,2.0,19.0,0.5641173087981599,0.44508338125359403,0.3274,70,2095,0.1,0.25,15
30,15,true,,0.18170398517746017,0.30984782328280536,0.14524686893498706,24,25,4.0,29.0,0.7396982008125362,0.08763784097504353,0.273,70,2095,0.1,0.25,15
20,10,false,,0.1303504720213812,0.17491952110304546,0.06424191724229228,12,1,1.0,19.0,0.5785764622973926,0.46264975334742775,0.2204,71,2096,0.1,0.25,15
30,15,true,,0.1635307237399838,0.2672997110445841,0.14808615873739972,19,26,2.0,28.0,0.7763272410791993,0.2683492892370177,0.3026,71,2096,0.1,0.25,15
20,10,false,,0.08240156858708568,0.13165561152136507,0.051572884426210636,12,15,1.0,19.0,0.6621037463976945,0.5223342939481268,0.2642,72,2097,0.1,0.25,15
30,15,true,,0.11594433090240723,0.2286872986011818,0.13339296107825943,19,25,1.0,29.0,0.7520966118752097,0.15565246561556526,0.3006,72,2097,0.1,0.25,15
20,10,false,,0.06194503242920384,0.28662732005798947,0.2367260564784465,16,16,4.0,19.0,0.8765327695560253,0.7446088794926005,0.2186,73,2098,0.1,0.25,15
30,15,true,,0.10852465705682393,0.2892183812666228,0.18629205806875354,22,24,3.0,29.0,0.8012465373961218,0.1623961218836565,0.2962,73,2098,0.1,0.25,15
20,10,false,,0.08483161184505322,0.13682189479146895,0.04846311715037169,12,16,1.0,19.0,0.6575598802395209,0.4569610778443114,0.2826,74,2099,0.1,0.25,15
30,15,false,,0.11039477674835044,0.13920941788018365,0.03621180301766999,18,1,1.0,28.0,0.5946745562130178,0.16937869822485208,0.2526,74,2099,0.1,0.25,15
40,20,false,,0.1281215389914356,0.16872588340753514,0.05746060536452972,19,3,1.0,38.0,0.6620244565217391,0.12703804347826086,0.2736,74,2099,0.1,0.25,15
50,25,true,,0.14181799046536026,0.4301315133090345,0.2873042598143172,33,33,12.900000000000006,46.0,0.9639559130175752,0.07864164432529044,0.2704,74,2099,0.1,0.25,15
20,10,false,,0.1484171759219443,0.48652873444728034,0.34988714037727286,15,16,2.0,19.0,0.6970967741935484,0.5432258064516129,0.282,75,2100,0.1,0.25,15
30,15,true,,0.15566326373253864,0.48688156516503556,0.3392383047666626,23,26,3.0,29.0,0.8887886985272017,0.0862639014126841,0.2856,75,2100,0.1,0.25,15
20,10,false,,0.1564331245411935,0.227359715772217,0.11010004379596754,13,16,1.0,19.0,0.6433479075577764,0.48500936914428483,0.3068,76,2101,0.1,0.25,15
30,15,true,,0.17176131544171855,0.4301358318875125,0.2728930719391637,23,26,1.0,29.0,0.7792765174739423,0.09196811771919068,0.2634,76,2101,0.1,0.25,15
20,10,true,,0.0855139860590317,0.20914105097594135,0.13605603097915492,13,15,1.0,19.0,0.7511455763130067,0.5417694747973211,0.3054,77,2102,0.1,0.25,15
20,10,false,,0.10437965028603602,0.11317091382636525,0.010487311203681071,12,1,1.0,19.0,0.5231431646932185,0.4804449228561177,0.2612,78,2103,0.1,0.25,15
30,15,false,,0.12778630125899232,0.1481150522859926,0.029958507473626994,13,1,1.0,27.0,0.5712848037571285,0.2723918148272392,0.2746,78,2103,0.1,0.25,15
40,20,true,,0.14749409517685524,0.5625056071724988,0.4042914752721548,34,34,6.0,39.0,0.9107142857142857,0.03822055137844611,0.2536,78,2103,0.1,0.25,15
20,10,true,,0.08205044318068469,0.3458017981238196,0.25428867919362175,14,15,1.0,19.0,0.7545385779122542,0.6066565809379728,0.2908,79,2104,0.1,0.25,15
20,10,false,,0.10164466879252587,0.6460542399996545,0.5466913907657998,16,16,6.0,19.0,0.9640635798203179,0.7646855563234278,0.2838,80,2105,0.1,0.25,15
30,15,true,,0.13133396034334738,0.5593833302744939,0.44548591149811334,23,26,3.0,29.0,0.870051085568327,0.10568326947637292,0.2904,80,2105,0.1,0.25,15
20,10,false,,0.11633837802516574,0.19684621568423682,0.10517397893674658,12,15,1.0,19.0,0.6356936879205383,0.49022749118872155,0.2988,81,2106,0.1,0.25,15
30,15,true,,0.14077849111759727,0.3009408641391863,0.1835811051780482,20,26,3.0,29.0,0.8528715216104203,0.2030787448194198,0.2976,81,2106,0.1,0.25,15
20,10,true,,0.1119823908367763,0.2627371545004684,0.16966938335365825,14,17,1.0,19.0,0.7198675496688741,0.6029801324503311,0.2942,82,2107,0.1,0.25,15
20,10,false,,0.15788020245148143,0.23599982695521737,0.1079310572161464,13,16,1.0,19.0,0.6711590296495957,0.48487571129080564,0.3316,83,2108,0.1,0.25,15
30,15,false,,0.19651657732641314,0.21323287525466733,0.039269912300704146,10,2,1.0,28.0,0.56136638452237,0.13724304715840388,0.2564,83,2108,0.1,0.25,15
40,20,true,,0.198517613899359,0.30117615831752237,0.13889162159875945,25,34,3.0,39.0,0.8801331853496115,0.1595449500554939,0.276,83,2108,0.1,0.25,15
20,10,true,,0.08660236098899741,0.19346369529706633,0.11459438300380899,13,16,1.0,19.0,0.7074804614812058,0.5269817640491254,0.287,84,2109,0.1,0.25,15
20,10,false,,0.06269630656275237,0.6438841151948838,0.5746805704604531,16,16,10.0,19.0,0.9641137855579869,0.8288840262582057,0.2186,85,2110,0.1,0.25,15
30,15,true,,0.13082580032682822,0.2296402822079617,0.11752851688145388,20,24,2.0,29.0,0.729320987654321,0.2351851851851852,0.2984,85,2110,0.1,0.25,15
20,10,false,,0.07229539895946717,0.38380473985152774,0.3133671294084662,15,15,4.0,19.0,0.8909861325115562,0.7268875192604006,0.277,86,2111,0.1,0.25,15
30,15,false,,0.22129556514457796,0.11401831248232933,-0.12395068859936684,5,1,1.0,29.0,0.3475471698113208,0.09169811320754717,0.2408,86,2111,0.1,0.25,15
40,20,true,,0.13992006905271737,0.43127359246907976,0.3019174003260975,31,34,9.0,39.0,0.9296205630354957,0.08598531211750306,0.2764,86,2111,0.1,0.25,15
20,10,false,,0.13124325668449174,0.17631805518669158,0.0651320757628213,12,16,1.0,19.0,0.628173374613003,0.46408668730650154,0.317,87,2112,0.1,0.25,15
30,15,false,,0.14661060896145617,0.1828495632447264,0.04934478638955256,11,5,1.0,28.0,0.6360884044807751,0.20647895852255524,0.3032,87,2112,0.1,0.25,15
40,20,true,,0.1655806280771717,0.31232321116918316,0.18217096408675978,21,20,5.0,39.0,0.8861651169343477,0.23189630881938575,0.2844,87,2112,0.1,0.25,15
20,10,false,,0.1441377975742934,0.5627532539574365,0.4141685594491057,15,16,2.0,19.0,0.806984126984127,0.5984126984126984,0.2932,88,2113,0.1,0.25,15
30,15,true,,0.167001501896301,0.29377119086254705,0.16955469052272987,15,5,2.0,28.0,0.8737700309249368,0.2946303064380096,0.3038,88,2113,0.1,0.25,15
20,10,false,,0.13926605129547737,0.17610283811317576,0.05019698334307965,12,15,1.0,19.0,0.6054380664652568,0.4670694864048338,0.2948,89,2114,0.1,0.25,15
30,15,true,,0.14134707330359542,0.3961982458073695,0.26742072511833526,24,26,2.0,29.0,0.8597444089456869,0.13578274760383385,0.2892,89,2114,0.1,0.25,15
20,10,false,,0.16162165796171965,0.0880239614015343,-0.0880410288393508,6,4,1.0,17.0,0.2974944497304155,0.19061211544560736,0.3022,90,2115,0.1,0.25,15
30,15,false,,0.15677871556386025,0.17324600840494123,0.03152773757249715,11,4,1.0,27.0,0.5879137564530823,0.20801700576981477,0.2428,90,2115,0.1,0.25,15
40,20,true,,0.17248213537609577,0.3043582571726952,0.1748953793033881,24,34,3.0,39.0,0.8916073968705548,0.20711237553342818,0.262,90,2115,0.1,0.25,15
20,10,false,,0.11861024068322067,0.12859347805235902,0.02283003535471889,11,15,1.0,19.0,0.5344075193017791,0.4236320913058073,0.2874,91,2116,0.1,0.25,15
30,15,true,,0.13872280547240445,0.2915275087179896,0.17890987544778186,19,26,3.0,29.0,0.8301361386138614,0.23081683168316833,0.2892,91,2116,0.1,0.25,15
20,10,false,,0.12866496526161147,0.34073303994758614,0.21858466187931871,13,16,1.0,19.0,0.6797771222549983,0.5240904621435595,0.3052,92,2117,0.1,0.25,15
30,15,true,,0.15079088956493938,0.2845243232778397,0.16334365128890085,20,25,3.0,29.0,0.7821782178217822,0.20432043204320433,0.2938,92,2117,0.1,0.25,15
20,10,false,,0.16840903538639443,0.15082115541872188,-0.029403423707363888,10,1,1.0,19.0,0.4653665097511769,0.3937457969065232,0.275,93,2118,0.1,0.25,15
30,15,true,,0.14834670214022208,0.2534625268523891,0.13859620128106165,17,26,2.0,29.0,0.786273329319687,0.21372667068031306,0.2892,93,2118,0.1,0.25,15
20,10,true,,0.09422317422553035,0.3623021526387717,0.2542138059307849,14,13,3.0,19.0,0.9030934343434344,0.6609848484848485,0.3228,94,2119,0.1,0.25,15
20,10,false,,0.08536156188753145,0.31545346156105075,0.23686140243919013,15,16,2.0,19.0,0.7278552581982661,0.575197889182058,0.2564,95,2120,0.1,0.25,15
30,15,false,,0.12619099352457702,0.12540442752056938,0.0016629797660172169,13,1,1.0,28.0,0.5046664362253716,0.2627030763912893,0.2482,95,2120,0.1,0.25,15
40,20,true,,0.12662830625852056,0.27602023272739346,0.16130319059718784,28,33,7.0,39.0,0.8720440557175251,0.14933592484612893,0.269,95,2120,0.1,0.25,15
20,10,false,,0.0936610880097157,0.49061610909290315,0.3923260912797001,15,15,3.0,19.0,0.8782095766828591,0.6727966689798751,0.2996,96,2121,0.1,0.25,15
30,15,true,,0.14663046217960513,0.3849650921962658,0.2512268765193464,23,26,3.0,29.0,0.8209857877230118,0.13788932567281523,0.2848,96,2121,0.1,0.25,15
20,10,false,,0.0870055967429376,0.35087445798198535,0.24841616893134882,15,16,3.0,19.0,0.8397412863816026,0.6539705353934603,0.2892,97,2122,0.1,0.25,15
30,15,false,,0.12089044967859679,0.19155279219974797,0.08562938103556945,15,16,1.0,28.0,0.6751203852327448,0.27640449438202247,0.2986,97,2122,0.1,0.25,15
40,20,true,,0.1502917545723199,0.27092528460056814,0.1406920820399776,28,31,5.0,38.0,0.8508848273861329,0.15752828546562228,0.286,97,2122,0.1,0.25,15
20,10,false,,0.13795363151227555,0.5864812558633198,0.4603828366725682,16,17,5.0,19.0,0.8449266113592853,0.7661135928525845,0.2632,98,2123,0.1,0.25,15
30,15,false,,0.16963741432127097,0.5381621308813881,0.3784973646146166,25,27,12.0,29.0,0.8811851851851852,0.10251851851851852,0.2722,98,2123,0.1,0.25,15
40,20,true,,0.19319167755505742,0.44980966826238566,0.2601561705978271,33,35,17.0,39.0,0.9380530973451328,0.025995575221238937,0.2618,98,2123,0.1,0.25,15
20,10,false,,0.142187059067784,0.13905484918551209,0.001374052000490636,11,17,1.0,18.0,0.5040197897340755,0.45701917130488556,0.3058,99,2124,0.1,0.25,15
30,15,true,,0.14585340752210701,0.331771216773204,0.19592342033964774,22,25,2.0,29.0,0.7789572275991258,0.12176084920387137,0.2704,99,2124,0.1,0.25,15
20,10,false,,0.12323393723963987,0.14759203361583623,0.033455331456049966,11,15,1.0,19.0,0.5877791563275434,0.43517369727047145,0.321,100,2125,0.1,0.25,15
30,15,false,,0.1395688609460037,0.18463691204890148,0.0743418052499211,16,27,2.0,28.0,0.6705846895720313,0.1784207353827607,0.304,100,2125,0.1,0.25,15
40,20,true,,0.15877135741255635,0.4906921483854936,0.3424608415777862,32,34,14.0,38.0,0.9637232845894264,0.09505061867266591,0.2502,100,2125,0.1,0.25,15
20,10,false,,0.11117576750671312,0.12069093485081761,0.010070130749067152,9,1,1.0,19.0,0.5209270148737462,0.3286060186786579,0.2744,101,2126,0.1,0.25,15
30,15,false,,0.11480171459138085,0.13613197960473933,0.030396913951240834,16,1,1.0,28.0,0.5552808194984105,0.1819145178382197,0.277,101,2126,0.1,0.25,15
40,20,true,,0.1264464205688646,0.1784471829895513,0.07427212539851644,15,9,2.0,37.0,0.71584,0.22144,0.2834,101,2126,0.1,0.25,15
20,10,true,,0.11329254614486614,0.5459814163999318,0.43431131967359227,14,16,3.0,19.0,0.8626075868664329,0.6738922537456168,0.313,102,2127,0.1,0.25,15
20,10,false,,0.17414991183418238,0.13689294135226898,-0.04277085097043854,7,2,1.0,18.574999999999818,0.4395846444304594,0.2986154814348647,0.3062,103,2128,0.1,0.25,15
30,15,true,,0.15526230160895405,0.25266350265287024,0.11817560058658708,19,24,3.3499999999999943,29.0,0.7701317715959004,0.23923865300146413,0.286,103,2128,0.1,0.25,15
20,10,true,,0.09369866505147934,0.4568004325871356,0.367832566224665,14,15,1.0,19.0,0.8018239214310768,0.6096106629252894,0.2942,104,2129,0.1,0.25,15
20,10,false,,0.11004049400982,0.16563527496300057,0.06333430262061202,10,11,1.0,18.0,0.67875,0.3896875,0.3322,105,2130,0.1,0.25,15
30,15,true,,0.1401005279041357,0.3575322804795355,0.25393289640969163,23,26,6.0,29.0,0.8074650077760498,0.1614307931570762,0.2768,105,2130,0.1,0.25,15
20,10,false,,0.09127914033098762,0.4539991044802849,0.3541034885523386,16,17,4.0,19.0,0.9253625751680227,0.7364697559250089,0.3014,106,2131,0.1,0.25,15
30,15,false,,0.14221603279395012,0.18839340864953966,0.09078891715450055,15,25,1.0,29.0,0.6623622047244094,0.20062992125984253,0.2938,106,2131,0.1,0.25,15
40,20,false,,0.1622234362955438,0.1929326662564163,0.06014861187771098,30,35,2.0,39.0,0.646102919049052,0.1281974119771291,0.2424,106,2131,0.1,0.25,15
50,25,true,,0.16863963196605478,0.4249224083854627,0.2648105610356847,35,38,3.0,47.0,0.9486320491345617,0.0711892797319933,0.2446,106,2131,0.1,0.25,15
20,10,true,,0.1300874172381002,0.41893619390108583,0.30267171258239345,14,16,1.0,19.0,0.7443272611057846,0.5340364333652924,0.2782,107,2132,0.1,0.25,15
20,10,false,,0.07692869932988138,0.28528019523637527,0.19896228673787622,15,17,1.0,19.0,0.7102842809364549,0.6191471571906354,0.2136,108,2133,0.1,0.25,15
30,15,true,,0.11544592502908704,0.35854743517296245,0.25177166336223766,22,26,5.0,29.0,0.8555297243440717,0.22650282298239788,0.2992,108,2133,0.1,0.25,15
20,10,false,,0.43437267670853125,0.08050788734049455,-0.36174693132526814,3,2,1.0,15.0,0.084375,0.057291666666666664,0.2494,109,2134,0.1,0.25,15
30,15,false,,0.3739584968122732,0.14193292784816192,-0.2307293467806691,4,2,1.0,28.0,0.297722705961152,0.048894842598794376,0.2394,109,2134,0.1,0.25,15
40,20,false,,0.18522167647806848,0.2029630018584986,0.05697348240544731,13,1,1.0,38.0,0.5722256664600124,0.0712957222566646,0.2284,109,2134,0.1,0.25,15
50,25,true,,0.1764735560309369,0.3798974368812467,0.2228649083598896,35,34,18.0,48.0,0.9624724061810155,0.02676600441501104,0.2536,109,2134,0.1,0.25,15
20,10,false,,0.34922135286233025,0.09651717477189337,-0.2703302122693139,3,1,1.0,18.0,0.29931423961274706,0.200080677692618,0.21,110,2135,0.1,0.25,15
30,15,true,,0.13884661424492575,0.22411650854364967,0.11502699494831697,13,10,2.0,28.0,0.7567646203084085,0.23887110852487634,0.3048,110,2135,0.1,0.25,15
20,10,false,,0.09684087452140769,0.16696057621162969,0.08047502689359906,12,16,2.0,19.0,0.6745124411566913,0.48386012104909215,0.3048,111,2136,0.1,0.25,15
30,15,true,,0.12408608764085728,0.26325989361579494,0.1634541097337172,21,26,2.0,28.0,0.8224269377382465,0.22141041931385005,0.303,111,2136,0.1,0.25,15
20,10,false,,0.1224300676857616,0.38223174324406906,0.2666233375730954,15,15,3.0,19.0,0.8008004926108374,0.6567118226600985,0.3052,112,2137,0.1,0.25,15
30,15,true,,0.15097560220258177,0.3408268439748541,0.21457052306035346,24,26,3.0,29.0,0.8244796520658589,0.10624417520969245,0.2834,112,2137,0.1,0.25,15
20,10,false,,0.10749940602677795,0.1837522758673378,0.07776098606605743,12,1,1.0,19.0,0.5895865237366003,0.4571209800918836,0.259,113,2138,0.1,0.25,15
30,15,true,,0.11545680462580475,0.27498814209676686,0.16192251292936963,21,26,3.0,29.0,0.7749419953596288,0.1935697712959894,0.2834,113,2138,0.1,0.25,15
20,10,false,,0.19480715271200805,0.13713143819587592,-0.0906415168045715,6,1,1.0,19.0,0.35390676296782664,0.21011162179908077,0.2786,114,2139,0.1,0.25,15
30,15,false,,0.16939855854122024,0.22015751900364666,0.07318626738628195,17,26,3.0,28.0,0.69720890893713,0.2850296024809698,0.2976,114,2139,0.1,0.25,15
40,20,true,,0.1927744987954089,0.5526302422952653,0.3555648944355229,31,34,4.0,38.0,0.9555079067274189,0.0825515947467167,0.2796,114,2139,0.1,0.25,15
20,10,false,,0.08642190441482897,0.313371382735274,0.22197628977578746,15,16,2.0,19.0,0.7430888315517877,0.6347217102838186,0.2932,115,2140,0.1,0.25,15
30,15,true,,0.12579663136711758,0.2581547146916527,0.1538374079175746,20,23,3.0,29.0,0.7852564102564102,0.2948717948717949,0.2994,115,2140,0.1,0.25,15
20,10,true,,0.09696629037418925,0.18088555161009182,0.09426706936107745,14,16,1.0,19.0,0.7086834733893558,0.5588235294117647,0.28,116,2141,0.1,0.25,15
20,10,false,,0.14110108762315032,0.13741168952570443,-0.005338878009299497,11,17,1.0,19.0,0.48203221809169766,0.4231722428748451,0.3066,117,2142,0.1,0.25,15
30,15,true,,0.1529707770351897,0.25555806537851367,0.11729866221666671,23,27,7.0,29.0,0.7475447718082033,0.19901790872328134,0.2984,117,2142,0.1,0.25,15
20,10,true,,0.11411820486767639,0.21351856377849873,0.11269129670191191,13,15,2.0,19.0,0.7321370309951061,0.5122349102773246,0.3142,118,2143,0.1,0.25,15
20,10,true,,0.09727796838022866,0.2571144363459302,0.17180348910879226,13,16,1.0,19.0,0.7245867041857194,0.5663032008441787,0.3108,119,2144,0.1,0.25,15
20,10,false,,0.09976331184873376,0.09351071758805445,-0.00654513078759833,8,1,1.0,19.0,0.47719298245614034,0.3298245614035088,0.2874,120,2145,0.1,0.25,15
30,15,false,,0.12582870366839952,0.16881083634773197,0.06505197756137603,12,2,1.0,28.0,0.5827338129496403,0.12435765673175746,0.2806,120,2145,0.1,0.25,15
40,20,false,,0.15200407921077935,0.18895485110139912,0.05786133676716723,20,2,1.0,38.0,0.6290322580645161,0.14832384566729917,0.2688,120,2145,0.1,0.25,15
50,25,true,,0.1648323221124231,0.45832761517261184,0.30034903397075463,38,39,24.0,48.0,0.9538590604026845,0.010626398210290829,0.2484,120,2145,0.1,0.25,15
20,10,false,,0.1061231269212562,0.08008069959939469,-0.030677202482754226,8,4,1.0,18.0,0.37995005351409206,0.25508383874420265,0.2668,121,2146,0.1,0.25,15
30,15,true,,0.10952328824631653,0.3125755538162029,0.2208157760129774,21,27,5.0,29.0,0.8569500674763832,0.2078272604588394,0.2976,121,2146,0.1,0.25,15
20,10,false,,0.13576728456805062,0.12140979698244099,-0.015843463145508788,7,1,1.0,19.0,0.48189030700241464,0.35150051741979993,0.2834,122,2147,0.1,0.25,15
30,15,true,,0.13983003779876138,0.24544368991835702,0.13211179342019755,17,26,2.0,29.0,0.8260100265408434,0.30905337658507814,0.3096,122,2147,0.1,0.25,15
20,10,false,,0.1339264723259898,0.16148433541982832,0.03576840989391279,10,15,1.0,19.0,0.5829023425616063,0.41740188621843627,0.3122,123,2148,0.1,0.25,15
30,15,false,,0.1859316424554754,0.1802946536184365,-0.0069226406851600475,6,1,1.0,27.0,0.47487593052109184,0.1346153846153846,0.25,123,2148,0.1,0.25,15
40,20,true,,0.1786368605781484,0.2500329371662662,0.09605141780060408,19,13,2.0,38.0,0.8273518216421969,0.2607395323545405,0.2918,123,2148,0.1,0.25,15
20,10,false,,0.1561970492024606,0.6586043535563734,0.4968242488276825,15,17,4.0,19.0,0.8897734231475811,0.70789957134109,0.3114,124,2149,0.1,0.25,15
30,15,true,,0.16734822845322514,0.27355997680519495,0.16052805834303546,14,25,1.0,28.0,0.788546255506608,0.12393538913362702,0.297,124,2149,0.1,0.25,15
20,10,false,,0.128958173442746,0.14453351991892766,0.03121809463992973,11,14,1.0,19.0,0.5584247901872176,0.4448030987734022,0.299,125,2150,0.1,0.25,15
30,15,true,,0.17250942328791613,0.2546019114214201,0.10460981249009338,19,24,1.0,28.0,0.7140872464573492,0.2297860516810225,0.3034,125,2150,0.1,0.25,15
20,10,false,,0.12978110694043715,0.5031043304190383,0.3819288231934668,15,16,1.0,19.0,0.735819492322156,0.6333437793795048,0.3038,126,2151,0.1,0.25,15
30,15,false,,0.15137548850604132,0.16643219269225182,0.028270113800041075,13,1,1.0,28.0,0.5421138211382114,0.1824390243902439,0.2778,126,2151,0.1,0.25,15
40,20,true,,0.1566461904174596,0.31739082085799053,0.1779846553627929,30,33,2.0,38.0,0.8342655284074183,0.06770680011775096,0.2678,126,2151,0.1,0.25,15
20,10,false,,0.0848625801263729,0.16438976753133344,0.07727762963888928,12,13,1.0,19.0,0.6730769230769231,0.4878917378917379,0.3016,127,2152,0.1,0.25,15
30,15,false,,0.1263027749518067,0.14475038464000853,0.04697101591445277,16,1,1.0,28.0,0.5690690690690691,0.18768768768768768,0.2386,127,2152,0.1,0.25,15
40,20,true,,0.14013523861646793,0.3725416552301211,0.2543728534545611,31,35,4.0,39.0,0.9159584513692163,0.10985206169342146,0.27,127,2152,0.1,0.25,15
20,10,true,,0.09315780869975092,0.5970713511990888,0.5069515206151183,14,15,2.0,19.0,0.8974615898463594,0.6282565130260521,0.3006,128,2153,0.1,0.25,15
20,10,false,,0.1030296396401739,0.1297190567430624,0.050339843391239605,12,18,1.0,19.0,0.5536290322580645,0.4346774193548387,0.2568,129,2154,0.1,0.25,15
30,15,false,,0.12158157774214083,0.11085636045141507,-0.014689430307376933,7,9,1.0,26.0,0.46641074856046066,0.12437619961612284,0.2696,129,2154,0.1,0.25,15
40,20,true,,0.12622442156320926,0.32904515862716077,0.23685119146304023,30,34,2.0,39.0,0.7876943881000676,0.05273833671399594,0.274,129,2154,0.1,0.25,15
20,10,true,,0.0696584364737391,0.22989218336841982,0.17067327020385553,14,16,3.0,19.0,0.8033489096573209,0.5829439252336449,0.2288,130,2155,0.1,0.25,15
20,10,false,,0.09601348992567829,0.1381209858068039,0.05256482361689707,10,8,1.0,19.0,0.6360366252452584,0.3891432308698496,0.3126,131,2156,0.1,0.25,15
30,15,false,,0.35439478683877923,0.1355902140325941,-0.21562395627071076,4,1,1.0,27.0,0.3099308839578028,0.12113495816660604,0.221,131,2156,0.1,0.25,15
40,20,true,,0.15360708437953974,0.28044470849843167,0.1457458742321776,25,26,5.0,38.0,0.8743961352657005,0.18073316283034954,0.2874,131,2156,0.1,0.25,15
20,10,false,,0.08201441071104855,0.3730999710094197,0.2916458326572745,16,16,2.0,19.0,0.8585439456808751,0.7314221048660883,0.285,132,2157,0.1,0.25,15
30,15,false,,0.12376813225185526,0.1890786959233114,0.08568989244903366,20,2,1.0,29.0,0.5975395430579965,0.08391915641476275,0.228,132,2157,0.1,0.25,15
40,20,true,,0.12187526444326471,0.20442307634454848,0.09678530269006223,27,34,2.0999999999999943,39.0,0.7193162393162393,0.12034188034188034,0.2848,132,2157,0.1,0.25,15
20,10,false,,0.10764210963743484,0.19716637678316132,0.09434554263005754,13,16,1.0,19.0,0.6173562797510069,0.5283778835591358,0.2952,133,2158,0.1,0.25,15
30,15,false,,0.11410345100303995,0.22975992102296086,0.1390283608708282,19,25,2.0,29.0,0.6939550949913644,0.16338514680483593,0.2856,133,2158,0.1,0.25,15
40,20,true,,0.13524417851450865,0.24292387223989217,0.11917430946244029,27,31,2.0,38.0,0.7888080935820424,0.10527979766044894,0.2812,133,2158,0.1,0.25,15
20,10,false,,0.16184540446072088,0.2185210187228744,0.09010595070983235,11,16,1.0,19.0,0.6522258739169405,0.42724828204362114,0.3232,134,2159,0.1,0.25,15
30,15,false,,0.1767105521030382,0.1932971933820887,0.037835311278927836,12,4,1.0,29.0,0.5830388692579506,0.14840989399293286,0.2784,134,2159,0.1,0.25,15
40,20,true,,0.19368423613825175,0.4643606135411965,0.2813709278895743,34,35,24.0,39.0,0.9118634583100168,0.0,0.2432,134,2159,0.1,0.25,15
20,10,true,,0.14373389960333066,0.23149422333203937,0.10816156838470284,13,16,2.0,19.0,0.7303436225975539,0.5541642399534071,0.3324,135,2160,0.1,0.25,15
20,10,false,,0.10158544078076698,0.31734678360396174,0.23470867369085774,14,1,1.0,19.0,0.6568814334731223,0.5181090354555852,0.2522,136,2161,0.1,0.25,15
30,15,false,,0.15873018132767042,0.16063772722442343,0.034758058642050726,14,1,1.0,29.0,0.5203313253012049,0.04743975903614458,0.2472,136,2161,0.1,0.25,15
40,20,true,,0.14041461653013168,0.2686662642485764,0.140018659309051,29,31,4.0,39.0,0.818734793187348,0.09276155717761557,0.2834,136,2161,0.1,0.25,15
20,10,false,,0.08614721070017042,0.3778793788524834,0.2856118640129516,15,15,3.0,19.0,0.8565325738697045,0.6974012103951585,0.2966,137,2162,0.1,0.25,15
30,15,true,,0.12529645771835887,0.30034077809287135,0.18653153547014317,22,26,2.0,29.0,0.8175570134333021,0.15620118712902217,0.3064,137,2162,0.1,0.25,15
20,10,false,,0.08110212492647871,0.3795921745450771,0.29715293980552127,15,16,4.0,19.0,0.8972529432750624,0.7384944702104888,0.3028,138,2163,0.1,0.25,15
30,15,true,,0.1160156314270654,0.20036130213909323,0.08711331827650876,19,21,3.0,29.0,0.7157523259544434,0.28745588707090153,0.308,138,2163,0.1,0.25,15
20,10,true,,0.08216613338111725,0.29046483771605225,0.211877398010288,14,16,2.0,19.0,0.8191214470284238,0.6046511627906976,0.2776,139,2164,0.1,0.25,15
20,10,true,,0.08962260229178919,0.2545866296552016,0.16757319617413116,14,16,4.0,19.0,0.8229475766567754,0.6195186284207056,0.3096,140,2165,0.1,0.25,15
20,10,true,,0.0852795511386388,0.30473882439016264,0.2226898471799276,14,15,2.0,19.0,0.7663316582914573,0.628140703517588,0.2746,141,2166,0.1,0.25,15
20,10,false,,0.14911759085523632,0.23095560210373925,0.11742988738689086,12,18,1.0,19.0,0.6542436580018791,0.48481052301910427,0.2866,142,2167,0.1,0.25,15
30,15,false,,0.20661284801005428,0.15593983436007405,-0.06981928105427798,7,3,1.0,29.0,0.3873735825927061,0.08673000306466441,0.2668,142,2167,0.1,0.25,15
40,20,true,,0.1668787830252754,0.2564627862762704,0.12808469105063064,20,14,2.0,37.22499999999991,0.8292050691244239,0.20305299539170507,0.264,142,2167,0.1,0.25,15
20,10,false,,0.09852303945688777,0.22955947628124762,0.14454158299893638,15,16,1.0,19.0,0.7775482093663911,0.6084710743801653,0.3036,143,2168,0.1,0.25,15
30,15,false,,0.12475402061187343,0.17163551910294397,0.07370273150307415,16,26,1.0,29.0,0.6806212018906145,0.17150573936529373,0.2928,143,2168,0.1,0.25,15
40,20,true,,0.15318631330693525,0.5693639848903196,0.4107066568572063,33,37,7.0,39.0,0.9221705426356589,0.05116279069767442,0.2578,143,2168,0.1,0.25,15
20,10,false,,0.12888010315050336,0.17474851686293913,0.062239100270274975,11,16,1.0,19.0,0.6522292993630573,0.435031847133758,0.3186,144,2169,0.1,0.25,15
30,15,true,,0.14819218935355394,0.26791901453478484,0.13557440210347288,23,25,4.0,29.0,0.7940469031870114,0.10643415514131088,0.3038,144,2169,0.1,0.25,15
20,10,false,,0.13294896289076089,0.6573412487474445,0.5422468239158724,16,16,1.0,19.0,0.7450777202072539,0.6065630397236614,0.2766,145,2170,0.1,0.25,15
30,15,true,,0.14320592501615848,0.27454190400188866,0.15706933607351342,22,26,1.0,29.0,0.7288299935358759,0.08241758241758242,0.2636,145,2170,0.1,0.25,15
20,10,false,,0.09438534957587677,0.20789158431037294,0.121177803555079,13,16,1.0,19.0,0.6983260553129549,0.49563318777292575,0.2684,146,2171,0.1,0.25,15
30,15,true,,0.11624893236481652,0.27983277496712183,0.18628524786575487,21,26,2.0,29.0,0.7718052738336714,0.1663286004056795,0.2768,146,2171,0.1,0.25,15
20,10,false,,0.09316773766736647,0.4190832928888352,0.32524917227716377,15,17,1.0,19.0,0.7968633308439134,0.572068707991038,0.2724,147,2172,0.1,0.25,15
30,15,true,,0.11228246369926653,0.182498018139781,0.09286159908401223,20,26,3.0,28.0,0.7321785476349101,0.20986009327115257,0.2924,147,2172,0.1,0.25,15
20,10,false,,0.1526210825736574,0.2543929040914332,0.1175229562356391,14,16,1.0,19.0,0.6772754312908983,0.5693039857227841,0.3198,148,2173,0.1,0.25,15
30,15,true,,0.16552032369274924,0.22808778148545544,0.07957354084928836,20,24,3.0,29.0,0.7400620242458416,0.20580772483789117,0.2992,148,2173,0.1,0.25,15
20,10,false,,0.06543401946198325,0.4718013067306243,0.4057450100138019,15,16,4.0,19.0,0.896630064369557,0.6993563044301401,0.2746,149,2174,0.1,0.25,15
30,15,true,,0.10833064084221194,0.3860344772396817,0.2872381789835893,23,26,5.0,29.0,0.86212976022567,0.1343441466854725,0.3014,149,2174,0.1,0.25,15
20,10,true,,0.08506761458812892,0.21921064184753622,0.14256781229382315,13,15,1.0,19.0,0.7474534597822269,0.5461889708465051,0.3042,150,2175,0.1,0.25,15
20,10,false,,0.14539141486854223,0.3103276861356126,0.19586235454159473,14,16,1.0,19.0,0.6790974616107803,0.5484174240050141,0.2638,151,2176,0.1,0.25,15
30,15,false,,0.1568986703313681,0.15025049559116235,-0.014400393487690843,12,3,1.0,28.0,0.4735249621785174,0.22904689863842662,0.2896,151,2176,0.1,0.25,15
40,20,true,,0.1640605877525518,0.31635770693305093,0.16303121401638185,30,32,6.0,38.0,0.8447844228094575,0.02948539638386648,0.2614,151,2176,0.1,0.25,15
20,10,false,,0.12863880783094192,0.11099103566276829,-0.04140055998041136,9,1,1.0,19.0,0.4473782075120863,0.352547415396058,0.254,152,2177,0.1,0.25,15
30,15,true,,0.11858184955338319,0.24519925348492588,0.13496336555025157,19,24,2.0,29.0,0.8217153870864118,0.21426276903308705,0.3024,152,2177,0.1,0.25,15
20,10,false,,0.12046019595594565,0.15751542759554968,0.049884755973382836,11,17,1.0,19.0,0.573781983876621,0.4419908867858395,0.2874,153,2178,0.1,0.25,15
30,15,true,,0.13647222846910584,0.46680017563198584,0.33579457181570793,24,26,5.0,29.0,0.8377179080824089,0.14833597464342313,0.2952,153,2178,0.1,0.25,15
20,10,false,,0.10175309351794508,0.1780883570767784,0.09179751165502825,13,18,1.0,19.0,0.6473429951690821,0.5410628019323671,0.3072,154,2179,0.1,0.25,15
30,15,true,,0.1453925130316483,0.3085397977824781,0.17481472117654945,21,26,4.0,29.0,0.8365642708022666,0.2388905457798986,0.2938,154,2179,0.1,0.25,15
20,10,false,,0.14373679795997638,0.1502266015768242,0.011943183546692798,12,16,1.0,19.0,0.5247921157991993,0.4641207268247613,0.328,155,2180,0.1,0.25,15
30,15,false,,0.1565879166728532,0.18306447007430993,0.054136751875877936,15,2,1.0,29.0,0.61053276178812,0.1500306184935701,0.2792,155,2180,0.1,0.25,15
40,20,true,,0.16973125716929444,0.39001530902684656,0.23234801150350454,27,34,3.0,38.0,0.9139310344827586,0.13986206896551723,0.2708,155,2180,0.1,0.25,15
20,10,false,,0.12088173769762818,0.20225822658995773,0.10618076571501987,12,16,1.0,19.0,0.6961670302274852,0.49205359925210346,0.3216,156,2181,0.1,0.25,15
30,15,false,,0.1498248201746709,0.1755959454893618,0.0392877350434655,16,24,1.0,28.0,0.6081122293382129,0.20951509606587373,0.2886,156,2181,0.1,0.25,15
40,20,true,,0.17325300003907373,0.3045712684605433,0.14365889094607123,33,35,18.0,39.0,0.8051063829787234,0.03602836879432624,0.2402,156,2181,0.1,0.25,15
20,10,false,,0.1532106636244729,0.20105276980239617,0.0629295518515838,13,18,1.0,19.0,0.6094420600858369,0.5291232372777437,0.3106,157,2182,0.1,0.25,15
30,15,false,,0.1887364715367103,0.24775937840797982,0.09926600973541072,20,25,1.0,29.0,0.6402508551881414,0.17559863169897377,0.284,157,2182,0.1,0.25,15
40,20,false,,0.2041450302627426,0.28783262278556837,0.09200009171262546,33,34,10.0,39.0,0.6905537459283387,0.05211726384364821,0.2736,157,2182,0.1,0.25,15
50,25,true,,0.19744168916358934,0.32299878646640345,0.15296945709707763,30,29,6.0,48.0,0.8123309897241753,0.09653866955110871,0.2574,157,2182,0.1,0.25,15
20,10,false,,0.10300444277693957,0.14783622301165145,0.04294840330038288,12,16,1.0,19.0,0.6420157068062827,0.49836387434554974,0.3146,158,2183,0.1,0.25,15
30,15,true,,0.1332885448806054,0.3464065550418636,0.2283446956058714,23,26,3.25,29.0,0.837590665405235,0.14222642699463892,0.2928,158,2183,0.1,0.25,15
20,10,false,,0.12558758337127654,0.1586395541986121,0.043893913887236,10,16,1.0,19.0,0.5988664987405542,0.3929471032745592,0.3176,159,2184,0.1,0.25,15
30,15,false,,0.16829395840803912,0.3304380302188068,0.186119953038196,23,25,1.0,29.0,0.6999700867484295,0.09213281483697278,0.2876,159,2184,0.1,0.25,15
40,20,true,,0.18382745591228053,0.47344965483408724,0.3100672143419596,31,31,5.0,38.0,0.9357162648933223,0.06816292601828762,0.2722,159,2184,0.1,0.25,15
20,10,true,,0.09438115868454058,0.3050862103723913,0.21124469097574766,14,17,1.0,19.0,0.7505175983436853,0.6048999309868875,0.2992,160,2185,0.1,0.25,15
20,10,false,,0.11683758993926262,0.1629361329659567,0.06662788480320651,13,17,1.0,19.0,0.6109824677472709,0.5266291763149189,0.2802,161,2186,0.1,0.25,15
30,15,true,,0.1419546796864858,0.25927819011148895,0.14703622453628903,19,25,3.0,29.0,0.7913374304945859,0.24846356453028973,0.3142,161,2186,0.1,0.25,15
20,10,false,,0.14110776479102802,0.24238675002763885,0.14060365734373828,12,18,1.0,19.0,0.6885779368695086,0.4627399934917019,0.299,162,2187,0.1,0.25,15
30,15,true,,0.15412383547255412,0.23370303588815833,0.11753520923788302,15,10,2.0,29.0,0.7629674306393245,0.20506634499396864,0.2798,162,2187,0.1,0.25,15
20,10,true,,0.10848136495650099,0.26754643142486856,0.1746926770448099,13,16,1.0,19.0,0.7486106570774763,0.5632559660019614,0.3128,163,2188,0.1,0.25,15
20,10,false,,0.1379388892380322,0.24119452438064273,0.12617371696566515,15,17,2.0,19.0,0.6625233064014916,0.6289620882535737,0.2986,164,2189,0.1,0.25,15
30,15,false,,0.17427363527710316,0.24696197926385366,0.08161880001214997,20,24,5.0,29.0,0.6724330357142857,0.2734375,0.2908,164,2189,0.1,0.25,15
40,20,true,,0.19077105660055751,0.2938232918169299,0.1191884463998446,24,26,6.0,38.0,0.8748317631224765,0.20619111709286675,0.2876,164,2189,0.1,0.25,15
20,10,false,,0.1262022922389658,0.1588990203716274,0.03995594327871024,12,2,1.0,19.0,0.5379632961496942,0.4897445124145376,0.275,165,2190,0.1,0.25,15
30,15,false,,0.16414398266165756,0.15897325603841095,0.012154679346272006,8,1,1.0,29.0,0.5174216027874564,0.12195121951219512,0.24,165,2190,0.1,0.25,15
40,20,true,,0.16662983680154603,0.7316017163071664,0.5635082802350238,34,35,4.0,39.0,0.9889387144992526,0.014349775784753363,0.242,165,2190,0.1,0.25,15
20,10,false,,0.11397510144794744,0.2572595750843056,0.16950083903573268,14,17,1.0,19.0,0.6774642981539534,0.5332636711947056,0.2876,166,2191,0.1,0.25,15
30,15,true,,0.1487200118510968,0.26235777719604686,0.1330874328368756,23,26,7.0,29.0,0.7615894039735099,0.1568332329921734,0.2828,166,2191,0.1,0.25,15
20,10,false,,0.09791221336807401,0.19016170796250387,0.11283390366250692,13,17,1.0,19.0,0.6771050800278358,0.5229645093945721,0.2734,167,2192,0.1,0.25,15
30,15,true,,0.12130475830180718,0.719016484104225,0.6162588363956174,24,25,1.0,29.0,0.8379711165903487,0.054948925678055656,0.245,167,2192,0.1,0.25,15
20,10,false,,0.09581160481182605,0.10862767533575018,0.015376785857961595,10,2,1.0,19.0,0.54304381245196,0.39738662567255956,0.2606,168,2193,0.1,0.25,15
30,15,false,,0.12257743374282776,0.13757824403510002,0.03388654775864472,10,3,1.0,28.0,0.5747167138810199,0.16111898016997167,0.298,168,2193,0.1,0.25,15
40,20,true,,0.13868330401983198,0.38342628198283085,0.2610894527915384,30,33,9.0,39.0,0.9040404040404041,0.1433080808080808,0.29,168,2193,0.1,0.25,15
20,10,false,,0.127449298113981,0.08468176809442825,-0.05362861262828564,10,2,1.0,19.0,0.35412262156448204,0.38231148696264977,0.2744,169,2194,0.1,0.25,15
30,15,false,,0.13410552378044424,0.17670877040345886,0.07233582081831078,15,1,1.0,28.0,0.6313181367690783,0.2345556656755864,0.2832,169,2194,0.1,0.25,15
40,20,true,,0.13545774094301344,0.20610590993213668,0.0973950730660122,13,12,2.0,32.0,0.7641703377386196,0.2734214390602056,0.2864,169,2194,0.1,0.25,15
20,10,false,,0.14258833130278434,0.14673072072216117,0.0038629376875109755,9,1,1.0,19.0,0.5028267376122381,0.3964083804456269,0.288,170,2195,0.1,0.25,15
30,15,true,,0.1289926728356954,0.18718059355262923,0.09772271146052193,12,5,1.0,28.0,0.7263092269326683,0.23129675810473815,0.3076,170,2195,0.1,0.25,15
20,10,false,,0.14061733337624452,0.16017496528657754,0.03244278593720271,13,16,1.0,19.0,0.5551447935921133,0.49168207024029575,0.313,171,2196,0.1,0.25,15
30,15,true,,0.14788630436210476,0.28479819862943623,0.1518480593966001,23,26,1.0,29.0,0.7076923076923077,0.12051282051282051,0.2778,171,2196,0.1,0.25,15
20,10,false,,0.1556739482076039,0.17106227667450888,0.03245887012889678,12,17,1.0,19.0,0.5547554755475548,0.4683468346834683,0.3074,172,2197,0.1,0.25,15
30,15,true,,0.15808676264992566,0.2617232512356139,0.12632121227755502,21,25,4.0,29.0,0.7689039932030586,0.21042197677711696,0.309,172,2197,0.1,0.25,15
20,10,false,,0.0775066374889607,0.13131938757838205,0.05558938159140819,12,15,2.0,19.0,0.6475440569928759,0.49606299212598426,0.2458,173,2198,0.1,0.25,15
30,15,true,,0.12366710512615983,0.24889975277053722,0.1458183938180985,16,23,2.0,28.0,0.7710727969348659,0.2672413793103448,0.3136,173,2198,0.1,0.25,15
20,10,false,,0.09411801388234764,0.19016125552543622,0.11819852903089204,12,16,1.0,19.0,0.6839452843772498,0.5100791936645068,0.2944,174,2199,0.1,0.25,15
30,15,true,,0.12184481702953223,0.2734430216325909,0.1697141610939492,22,25,4.0,29.0,0.7988971780733052,0.2131041193642556,0.297,174,2199,0.1,0.25,15
20,10,true,,0.07884053166332003,0.254865191246857,0.1757590021984724,13,17,1.0,19.0,0.7768595041322314,0.5484598046581518,0.2954,175,2200,0.1,0.25,15
20,10,false,,0.15378654377790768,0.188050547049263,0.05638835432978208,13,15,2.0,19.0,0.6234948604992658,0.5236417033773862,0.338,176,2201,0.1,0.25,15
30,15,true,,0.17803249069418595,0.45091788820463935,0.27233633478319813,22,26,1.0,29.0,0.8345708345708346,0.0888030888030888,0.2638,176,2201,0.1,0.25,15
20,10,false,,0.055933490556480066,0.4114623165265535,0.3552595369627284,15,16,2.0,19.0,0.8233151183970856,0.644808743169399,0.1834,177,2202,0.1,0.25,15
30,15,true,,0.10387288091131355,0.5103544388805267,0.4086869631542358,23,26,2.0,29.0,0.8693560325684678,0.12139156180606958,0.3098,177,2202,0.1,0.25,15
20,10,false,,0.1446435810873073,0.09930005611640667,-0.051347580911219465,6,1,1.0,18.0,0.4096296296296296,0.20444444444444446,0.2286,178,2203,0.1,0.25,15
30,15,true,,0.1380713607870897,0.4362464697623771,0.30743271230797864,21,27,1.0,29.0,0.8003972194637538,0.14564713670969878,0.2636,178,2203,0.1,0.25,15
20,10,false,,0.20356765991507267,0.1469367063196047,-0.08196866304652899,5,2,1.0,18.375,0.3789439793947199,0.24629748873148744,0.291,179,2204,0.1,0.25,15
30,15,false,,0.16928501958867392,0.6055628180913437,0.4416870853890239,25,26,6.0,29.0,0.8695518723143032,0.08041743400859423,0.2338,179,2204,0.1,0.25,15
40,20,true,,0.18779863499954794,0.26873360566331234,0.09616294490087066,30,36,8.0,39.0,0.7700800441622965,0.08970466464256141,0.2664,179,2204,0.1,0.25,15
20,10,false,,0.125730297792937,0.19932023306762986,0.0947567598632332,10,1,1.0,19.0,0.6674193548387096,0.40419354838709676,0.3098,180,2205,0.1,0.25,15
30,15,true,,0.1551643607393565,0.3393983798658649,0.1929481980983829,24,26,4.0,29.0,0.8366074212659806,0.16308076083567197,0.269,180,2205,0.1,0.25,15
20,10,false,,0.11211262979864184,0.16043776833835635,0.061697910940065694,12,14,2.0,19.0,0.6466453674121406,0.5124600638977636,0.3144,181,2206,0.1,0.25,15
30,15,false,,0.1641483927933898,0.22837392245146754,0.08774577811694881,19,26,1.0,29.0,0.6684381458517863,0.1573664009447889,0.2848,181,2206,0.1,0.25,15
40,20,true,,0.1891682300890759,0.3018573371176528,0.13405167602604393,30,36,5.0,39.0,0.7994945240101096,0.07273237854535243,0.259,181,2206,0.1,0.25,15
20,10,true,,0.12128304385414593,0.22838493571731117,0.13617448931374512,12,14,2.0,19.0,0.7296879827000309,0.5044794562866852,0.3348,182,2207,0.1,0.25,15
20,10,false,,0.11024954329608641,0.14525239010639618,0.05069274535848709,13,15,1.0,19.0,0.6116248348745046,0.49339498018494055,0.2904,183,2208,0.1,0.25,15
30,15,true,,0.13421222336473163,0.221547051944128,0.13427763118031083,16,2,1.0,29.0,0.7218973359324237,0.09096816114359974,0.2838,183,2208,0.1,0.25,15
20,10,false,,0.11511668308557552,0.16536037150616828,0.05808030502125915,12,16,1.0,19.0,0.581081081081081,0.4653922214897825,0.2964,184,2209,0.1,0.25,15
30,15,true,,0.13584077130753205,0.306265037078235,0.18581437198137346,22,26,4.0,29.0,0.8095091077493053,0.15405989502933004,0.3058,184,2209,0.1,0.25,15
20,10,false,,0.1320024822820407,0.7674193806549195,0.6348101433509039,16,16,10.0,19.0,0.9830508474576272,0.816271186440678,0.2792,185,2210,0.1,0.25,15
30,15,false,,0.16940503188845898,0.7403680892696965,0.5710067556630897,26,26,12.0,29.0,0.9620456738501125,0.07783853329044708,0.2256,185,2210,0.1,0.25,15
40,20,false,,0.1849953066013773,0.24895836511960565,0.09620673487600273,14,2,1.0,33.0,0.6935294117647058,0.19411764705882353,0.253,185,2210,0.1,0.25,15
50,25,true,,0.18129448986646152,0.27854468471132193,0.11307248178355453,23,18,4.0,45.0,0.8725099601593626,0.19575033200531208,0.2878,185,2210,0.1,0.25,15
20,10,false,,0.11412460048582283,0.3850468397978003,0.2656743321695404,15,17,2.0,19.0,0.7900166389351082,0.7321131447587355,0.294,186,2211,0.1,0.25,15
30,15,true,,0.13529027925578796,0.23164564743567506,0.11340691447080624,22,26,2.0,29.0,0.7594008922880816,0.12874442319949012,0.2878,186,2211,0.1,0.25,15
20,10,false,,0.10042539440562132,0.10402529857085555,-0.0009755613510832595,11,15,1.0,18.0,0.48967851099830795,0.4436548223350254,0.2812,187,2212,0.1,0.25,15
30,15,true,,0.13242669229633328,0.2406794797778123,0.13051539048212368,21,25,5.0,29.0,0.7433795712484237,0.2310844892812106,0.2906,187,2212,0.1,0.25,15
20,10,false,,0.30765548815950117,0.11481074120917448,-0.19605238277876896,4,1,1.0,19.0,0.27753141167775314,0.2328159645232816,0.2224,188,2213,0.1,0.25,15
30,15,false,,0.1453706642030473,0.17422459232272008,0.049433915019079955,16,25,1.0,28.0,0.6230088495575221,0.2336283185840708,0.297,188,2213,0.1,0.25,15
40,20,false,,0.1705448386253244,0.19256572142307163,0.027854176755285898,9,2,1.0,34.0,0.5808186435613982,0.19599641469973111,0.2484,188,2213,0.1,0.25,15
50,25,true,,0.17148309899515943,0.35656984218292687,0.20038710691583422,32,36,9.0,47.0,0.9400110071546505,0.11942762795817281,0.254,188,2213,0.1,0.25,15
20,10,false,,0.18625487477822017,0.1745078338876132,-0.0028328043251265034,9,1,1.0,19.0,0.494596312778131,0.3785759694850604,0.2702,189,2214,0.1,0.25,15
30,15,true,,0.17293479961617605,0.2552802949722401,0.12520404055588535,16,26,2.0,29.0,0.7484348321001707,0.18952760387023335,0.303,189,2214,0.1,0.25,15
20,10,true,,0.08629824456611593,0.22975190596930123,0.16059894447958675,12,14,2.0,19.0,0.7295864262990456,0.4980558501237186,0.3096,190,2215,0.1,0.25,15
20,10,false,,0.09097809017192358,0.5702481222963872,0.4741538298727832,16,16,5.0,19.0,0.8955823293172691,0.7864184008762322,0.281,191,2216,0.1,0.25,15
30,15,true,,0.12051752964719363,0.39216535704945404,0.28566300906759234,21,25,2.0,29.0,0.850612785690626,0.20304736667770784,0.304,191,2216,0.1,0.25,15
20,10,true,,0.1436679139411343,0.28685293946485774,0.1789810211500015,12,17,2.0,19.0,0.749925306244398,0.4759486106961458,0.3198,192,2217,0.1,0.25,15
20,10,false,,0.11639225323762896,0.07510948773443465,-0.04093775510162426,8,1,1.0,19.0,0.37681159420289856,0.3172737955346651,0.2424,193,2218,0.1,0.25,15
30,15,false,,0.12436201936459584,0.12840231444307626,0.00629644288443712,10,1,1.0,28.0,0.5052631578947369,0.20254083484573504,0.2856,193,2218,0.1,0.25,15
40,20,true,,0.13803183358705817,0.46187476889207624,0.33035247292929887,31,35,8.0,39.0,0.9378109452736318,0.08799751243781094,0.271,193,2218,0.1,0.25,15
20,10,false,,0.14917275892032852,0.16724678888348557,0.028424795370857736,11,16,1.0,19.0,0.549127640036731,0.4273033363942455,0.308,194,2219,0.1,0.25,15
30,15,false,,0.251312999345167,0.15629735274879208,-0.12485679086780767,4,1,1.0,27.0,0.2901175722910709,0.12202097235462345,0.2358,194,2219,0.1,0.25,15
40,20,true,,0.18011591607039326,0.3876330110105707,0.21454387718911855,34,35,21.0,39.0,0.8858211101524303,0.004026459591601955,0.2488,194,2219,0.1,0.25,15
20,10,false,,0.10460837982423737,0.5038368907923414,0.4088189733099846,15,16,2.0,19.0,0.839572192513369,0.6811497326203209,0.2962,195,2220,0.1,0.25,15
30,15,true,,0.14063064719203008,0.4710311483115788,0.34180549724527215,24,24,3.0,29.0,0.8772854044003718,0.11651688875116208,0.2904,195,2220,0.1,0.25,15
20,10,false,,0.11449520193738638,0.3382195515162628,0.21004107032232866,15,16,2.0,19.0,0.7354260089686099,0.6633568225496477,0.3062,196,2221,0.1,0.25,15
30,15,false,,0.14183509287853385,0.559544710635539,0.4328967960381088,25,26,3.0,29.0,0.8805152979066022,0.09887278582930757,0.2614,196,2221,0.1,0.25,15
40,20,true,,0.16051707659556255,0.3052678628230016,0.1802494995408384,24,33,3.0,38.0,0.8940194714881781,0.19165507649513214,0.2668,196,2221,0.1,0.25,15
20,10,false,,0.11467282287712766,0.10413440592233028,-0.01651263633943382,6,1,1.0,18.0,0.46075854299662033,0.22155463762673677,0.2654,197,2222,0.1,0.25,15
30,15,false,,0.14497775167412033,0.20226600115297985,0.07373161008499088,15,25,1.0,28.0,0.6798179059180577,0.26251896813353565,0.3028,197,2222,0.1,0.25,15
40,20,true,,0.16310302221962755,0.3548324527045544,0.21651991920253638,29,34,2.0,38.0,0.8910494709751215,0.09150700600514727,0.263,197,2222,0.1,0.25,15
20,10,false,,0.09316938710780528,0.17772394434797323,0.10387865134457173,12,17,1.0,19.0,0.6678885630498533,0.5124633431085044,0.2922,198,2223,0.1,0.25,15
30,15,false,,0.14693074239217443,0.1723487586413566,0.041964622418644446,18,1,1.0,29.0,0.550597329585383,0.13457484188334504,0.2606,198,2223,0.1,0.25,15
40,20,true,,0.14927784146182743,0.3015407636486012,0.17655996952624176,23,20,3.0,38.0,0.9168356997971603,0.1553172993335265,0.304,198,2223,0.1,0.25,15
20,10,false,,0.13806466494122246,0.1907067406381571,0.07959955764099541,12,16,1.0,19.0,0.6296408089345005,0.46906127376999696,0.307,199,2224,0.1,0.25,15
30,15,false,,0.1670777575267455,0.21591293999835692,0.06164716565890258,22,26,1.0,29.0,0.630819092516205,0.14466705951679434,0.2856,199,2224,0.1,0.25,15
40,20,true,,0.1748452342451302,0.243006291352806,0.08822615303198461,26,30,4.0,38.0,0.7677789934354485,0.1463347921225383,0.2724,199,2224,0.1,0.25,15
20,10,false,,0.09129570521262317,0.10063318290610013,0.006947030696029741,10,16,1.0,19.0,0.5129342202512934,0.37509238728750927,0.2568,200,2225,0.1,0.25,15
30,15,false,,0.11805100662079408,0.12376980645355262,0.01905646763788938,14,3,1.0,29.0,0.5427580893682589,0.2172573189522342,0.2738,200,2225,0.1,0.25,15
40,20,false,,0.1415575057340163,0.16140805159160748,0.05699943657830568,16,2,1.0,38.0,0.5904496340188219,0.16695712791913558,0.2204,200,2225,0.1,0.25,15
50,25,true,,0.14711750391588768,0.4539599754222489,0.3079307676329417,42,44,29.0,48.0,0.9427020506634499,0.0030156815440289505,0.2526,200,2225,0.1,0.25,15
20,10,false,,0.24174044845896045,0.07795337187476427,-0.17067360082279695,4,2,1.0,18.0,0.15949188426252647,0.14678899082568808,0.2522,201,2226,0.1,0.25,15
30,15,true,,0.1457495466302005,0.41167794425308796,0.2694798044352422,21,25,7.0,29.0,0.9322381930184805,0.2675271340569082,0.2958,201,2226,0.1,0.25,15
20,10,false,,0.09513874767915423,0.19512116124501772,0.11511530332954144,14,16,1.0,19.0,0.6808588064046579,0.5498544395924309,0.286,202,2227,0.1,0.25,15
30,15,true,,0.12828804620167072,0.20439126408829153,0.10411327417388444,13,4,2.0,27.0,0.7011147936125339,0.2799035854172944,0.3166,202,2227,0.1,0.25,15
20,10,false,,0.12369901223987642,0.12515985874472574,0.008278697062304163,10,1,1.0,19.0,0.5232136977280211,0.3901876852156734,0.3032,203,2228,0.1,0.25,15
30,15,true,,0.12883640030722343,0.2591267703768035,0.16118661172412546,21,25,3.0,29.0,0.8002556727388942,0.1975071907957814,0.2848,203,2228,0.1,0.25,15
20,10,false,,0.15125599859815522,0.1379939121046318,-0.014333843424461104,12,16,1.0,19.0,0.47628143903215536,0.44476281439032156,0.2924,204,2229,0.1,0.25,15
30,15,true,,0.1502451281071735,0.3476324280435938,0.23371340386517347,19,26,1.0,28.0,0.7668106107341147,0.16656384947563233,0.2806,204,2229,0.1,0.25,15
20,10,false,,0.17598220059844327,0.12132924222386714,-0.05944483380492635,8,1,1.0,19.0,0.3597640891218873,0.3394495412844037,0.2908,205,2230,0.1,0.25,15
30,15,true,,0.16827572429203985,0.5228982713335403,0.3726717237415819,24,25,5.0,29.0,0.8895972181976238,0.1283685888148363,0.2884,205,2230,0.1,0.25,15
20,10,true,,0.1251561051714441,0.21288203256966476,0.11134632308954656,13,17,2.0,19.0,0.7593700787401575,0.5140157480314961,0.2952,206,2231,0.1,0.25,15
20,10,false,,0.09843653892080811,0.13163078444806298,0.047111314716463765,11,16,1.0,19.0,0.6036278132348001,0.45078938528720186,0.315,207,2232,0.1,0.25,15
30,15,false,,0.13868569776848302,0.17683724804688516,0.05529286212427943,15,23,2.0,28.0,0.6325678496868476,0.23262749776319713,0.3086,207,2232,0.1,0.25,15
40,20,true,,0.17074313651043518,0.3155148332562634,0.17616229704191128,25,1,1.0,39.0,0.7367441860465116,0.0862015503875969,0.2384,207,2232,0.1,0.25,15
20,10,false,,0.12530414573945137,0.26189158895020553,0.16028549596656877,13,2,1.0,19.0,0.6523489932885906,0.4802013422818792,0.2948,208,2233,0.1,0.25,15
30,15,true,,0.15891060613782124,0.24066521071516025,0.10513741243994668,16,10,2.0,28.0,0.7486033519553073,0.2698324022346369,0.3076,208,2233,0.1,0.25,15
20,10,false,,0.1304576539161347,0.1409667776173382,0.013858035123543416,7,2,1.0,18.0,0.5272669625871909,0.28059606848446417,0.3002,209,2234,0.1,0.25,15
30,15,true,,0.13162396603669407,0.32194247695109546,0.19309531102799019,24,26,4.0,29.0,0.8100065402223675,0.12753433616742968,0.2814,209,2234,0.1,0.25,15
20,10,true,,0.07831137995774216,0.36830638102112545,0.28767558980480923,13,16,1.0,19.0,0.853588171655247,0.5824017309772809,0.2882,210,2235,0.1,0.25,15
20,10,true,,0.07922901978503107,0.1991396100759694,0.12846953141220796,14,16,2.0,19.0,0.7658948915839765,0.5689084895259096,0.2872,211,2236,0.1,0.25,15
20,10,false,,0.11717449522411467,0.24735743691520679,0.14472726384356882,12,16,1.0,18.0,0.697953881130237,0.48327379019162064,0.3194,212,2237,0.1,0.25,15
30,15,true,,0.13634972613800206,0.32626198611064644,0.2103837178026748,22,24,6.0,29.0,0.8608511922728644,0.24750980984002416,0.2836,212,2237,0.1,0.25,15
20,10,true,,0.08709030858434845,0.36725182978379534,0.27597119741191567,14,15,1.0,19.0,0.7024078254326561,0.5601956358164033,0.2954,213,2238,0.1,0.25,15
20,10,false,,0.11635429614612618,0.20832518551572127,0.10272944017928211,13,15,1.0,19.0,0.659954530691783,0.5076323481649886,0.3042,214,2239,0.1,0.25,15
30,15,true,,0.13708437219849837,0.20311874777860006,0.08903853578717524,14,20,2.0,28.0,0.7052821128451381,0.2734093637454982,0.3218,214,2239,0.1,0.25,15
20,10,false,,0.07086053702731376,0.1307782090659952,0.06152252931730149,13,15,2.0,19.0,0.6603186941313641,0.5180722891566265,0.2414,215,2240,0.1,0.25,15
30,15,true,,0.10788132361927356,0.5906126007510794,0.4834871065475857,24,25,4.0,29.0,0.9210432297249017,0.07002500893176135,0.2844,215,2240,0.1,0.25,15
20,10,false,,0.06888720725726925,0.21967757291169349,0.146233230409611,15,17,2.0,19.0,0.7436734693877551,0.5848979591836735,0.2406,216,2241,0.1,0.25,15
30,15,true,,0.12081293755344125,0.2253667582422328,0.12159718205305609,21,26,2.0,29.0,0.7161334240980258,0.17392784206943498,0.3002,216,2241,0.1,0.25,15
20,10,false,,0.07519566096328845,0.09213946103610723,0.02786178879921084,13,1,1.0,19.0,0.5842696629213483,0.4887640449438202,0.1876,217,2242,0.1,0.25,15
30,15,false,,0.29959416724645843,0.08786050123955874,-0.21380524464793133,4,1,1.0,18.0,0.2415682967959528,0.1239460370994941,0.2338,217,2242,0.1,0.25,15
40,20,false,,0.10379224529278334,0.13449622206571538,0.047490626504063715,14,13,2.0,38.0,0.6645817044566067,0.2736512900703675,0.271,217,2242,0.1,0.25,15
50,25,true,,0.13110781571039754,0.3874430625849197,0.2675479474891021,36,43,3.0,48.0,0.8628628628628628,0.03970637303970637,0.2458,217,2242,0.1,0.25,15
20,10,false,,0.114996409537052,0.1885996108514629,0.08872989002118592,13,15,2.0,19.0,0.6990843069150616,0.5456267761288286,0.3096,218,2243,0.1,0.25,15
30,15,false,,0.156819544239524,0.20127983594476132,0.08357140836752006,17,25,1.0,29.0,0.6316273368066196,0.1946061906221269,0.2674,218,2243,0.1,0.25,15
40,20,true,,0.17398642487273874,0.4832119535677082,0.30561704444627014,33,35,5.0,39.0,0.9367799113737075,0.05878877400295421,0.2606,218,2243,0.1,0.25,15
20,10,false,,0.0711615825989375,0.23985069117604352,0.17560119337401964,15,17,2.0,19.0,0.7609814008705975,0.6648199445983379,0.242,219,2244,0.1,0.25,15
30,15,false,,0.13755742521287942,0.06323810394601001,-0.08013970030789984,5,1,1.0,26.0,0.3,0.12938144329896908,0.1396,219,2244,0.1,0.25,15
40,20,true,,0.1107180594595907,0.21560209441020162,0.11150539109453905,31,35,2.0,39.0,0.7213114754098361,0.09094457455113193,0.2736,219,2244,0.1,0.25,15
20,10,true,,0.10967758712338826,0.2740290223997934,0.17585759742412752,13,13,2.0,19.0,0.8165752589884216,0.5728214503351615,0.3248,220,2245,0.1,0.25,15
20,10,false,,0.12389255715834319,0.23537476448475342,0.12595923218624702,13,16,1.0,19.0,0.6631756756756757,0.5307432432432433,0.2836,221,2246,0.1,0.25,15
30,15,true,,0.12548565443597134,0.2858154287459676,0.17390678344195978,23,26,2.0,29.0,0.7558561530847905,0.12174199934015177,0.295,221,2246,0.1,0.25,15
20,10,false,,0.07043397323301312,0.43856130616240674,0.3659884696325283,15,16,1.0,19.0,0.7693617021276595,0.5736170212765958,0.2198,222,2247,0.1,0.25,15
30,15,true,,0.11907819919316052,0.28999354736640165,0.18643752257834798,19,25,1.0,28.0,0.7589498806682577,0.1431980906921241,0.2936,222,2247,0.1,0.25,15
20,10,false,,0.0965468312665334,0.18413560861969794,0.10941888636096009,12,15,1.0,19.0,0.6844490934449093,0.49546722454672243,0.2968,223,2248,0.1,0.25,15
30,15,true,,0.1240603328080602,0.25090015783005604,0.14330357832843732,22,25,6.0,29.0,0.7822477650063857,0.17369093231162197,0.3038,223,2248,0.1,0.25,15
20,10,false,,0.11397072882771897,0.12416775131430775,0.007500134957581908,10,9,1.0,19.0,0.527490297542044,0.3858344113842173,0.3232,224,2249,0.1,0.25,15
30,15,true,,0.13955332256113306,0.2767281326296003,0.15543992569339898,24,25,5.0,29.0,0.813064419024684,0.15562913907284767,0.288,224,2249,0.1,0.25,15
20,10,false,,0.09978153391705424,0.21859261252225803,0.13856347295885177,10,15,1.0,19.0,0.6916221033868093,0.41889483065953653,0.2952,225,2250,0.1,0.25,15
30,15,true,,0.1146180669695595,0.47731066577498865,0.36682839042801235,23,25,4.0,29.0,0.8655824759376037,0.1417192167275141,0.2956,225,2250,0.1,0.25,15
20,10,false,,0.14200510642431635,0.20495145428475756,0.08076013704707827,14,16,2.0,19.0,0.6346561647985459,0.614056346561648,0.3046,226,2251,0.1,0.25,15
30,15,true,,0.18575162517508528,0.31148525883006495,0.15287678427098694,24,26,3.0,29.0,0.7362015284460798,0.12001132182281347,0.2752,226,2251,0.1,0.25,15
20,10,false,,0.2938680828308544,0.0906570281746542,-0.21133464459330195,5,2,1.0,19.0,0.30565247732030704,0.30041870202372645,0.2376,227,2252,0.1,0.25,15
30,15,false,,0.13945347547678105,0.1372722545708959,-0.004363889358768164,13,2,1.0,29.0,0.48739495798319327,0.15529411764705883,0.2796,227,2252,0.1,0.25,15
40,20,true,,0.14155815211466316,0.639834889123343,0.4979630208259523,34,36,8.0,39.0,0.9195254889387624,0.047130490541840334,0.257,227,2252,0.1,0.25,15
20,10,false,,0.11103092355040456,0.20356599733135752,0.11421391215384065,11,16,1.0,19.0,0.68416,0.45888,0.3188,228,2253,0.1,0.25,15
30,15,true,,0.14263208763217425,0.2755160375582853,0.15629309869928634,22,25,2.0,29.0,0.772937905468026,0.1828853877046648,0.2812,228,2253,0.1,0.25,15
20,10,false,,0.10498239653742997,0.533157995692369,0.41842628833073026,15,16,2.0,19.0,0.8822920262340352,0.6876078702105627,0.3186,229,2254,0.1,0.25,15
30,15,true,,0.14169590092629764,0.24168309742283192,0.12955382557878475,19,26,1.0,29.0,0.7109879963065558,0.15943367189904586,0.2892,229,2254,0.1,0.25,15
20,10,false,,0.2421554368391052,0.08917542696410655,-0.15580394194456765,5,2,1.0,18.0,0.19545903257650543,0.2204672589667654,0.2604,230,2255,0.1,0.25,15
30,15,true,,0.13944073682258762,0.3883711850050894,0.2593336707360302,21,21,5.0,29.0,0.8792596944770857,0.1836075205640423,0.288,230,2255,0.1,0.25,15
20,10,false,,0.14349299116880262,0.18639497715705458,0.05548047334935363,11,13,1.0,18.0,0.6240942028985508,0.43327294685990336,0.3322,231,2256,0.1,0.25,15
30,15,true,,0.16388445110091865,0.5573626922188052,0.4081170212139081,24,26,4.0,29.0,0.8455816721213925,0.0949122285034216,0.2866,231,2256,0.1,0.25,15
20,10,false,,0.09377376296152012,0.14979738782679894,0.06444669621451167,13,17,1.0,19.0,0.6398589065255732,0.5735449735449736,0.287,232,2257,0.1,0.25,15
30,15,false,,0.10845875164720581,0.15226601431723685,0.06586106031312056,12,5,1.0,28.0,0.6614620298083748,0.17920511000709724,0.2872,232,2257,0.1,0.25,15
40,20,true,,0.12658124140983448,0.3958702077018309,0.2585900232999979,29,35,4.0,39.0,0.8887438825448614,0.10701468189233279,0.2742,232,2257,0.1,0.25,15
20,10,false,,0.08355738115685175,0.44478818152570865,0.3726671836573633,15,17,1.0,19.0,0.7479355092410539,0.6527723161620134,0.2508,233,2258,0.1,0.25,15
30,15,false,,0.0961032345538103,0.16040230830226854,0.0804751259999755,17,25,2.0,29.0,0.6728273692489186,0.19819111285882815,0.2804,233,2258,0.1,0.25,15
40,20,false,,0.12630779842395654,0.16552237089323824,0.05845050602143029,20,1,1.0,37.0,0.6286499484713157,0.14771556166265887,0.2866,233,2258,0.1,0.25,15
50,25,true,,0.12464859920499868,0.29320606810904215,0.2061636432361774,27,43,5.0,46.55000000000018,0.924816820643517,0.19751513220770947,0.2562,233,2258,0.1,0.25,15
20,10,false,,0.09065071296856081,0.4205871078978997,0.336047321173149,15,17,2.0,19.0,0.7695620961952621,0.613424264178033,0.297,234,2259,0.1,0.25,15
30,15,true,,0.11518290913181191,0.26008038126552535,0.16939133305888737,19,25,2.0,28.0,0.7791054967565723,0.2096278593376579,0.3018,234,2259,0.1,0.25,15
20,10,false,,0.07407167274701464,0.6678867754096669,0.5866021397493888,16,16,10.0,19.0,0.996116504854369,0.7704854368932039,0.267,235,2260,0.1,0.25,15
30,15,false,,0.11600526286001682,0.1544952098628433,0.05720912371616886,17,1,1.0,28.0,0.649299317283507,0.19834710743801653,0.2528,235,2260,0.1,0.25,15
40,20,true,,0.13460754387492704,0.42534763430786005,0.3011122832099812,33,34,20.0,39.0,0.9107950872656755,0.012281835811247576,0.2564,235,2260,0.1,0.25,15
20,10,false,,0.09972180372753041,0.14110617709324708,0.06560094584177434,13,17,1.0,19.0,0.5811823480432973,0.5,0.2268,236,2261,0.1,0.25,15
30,15,true,,0.07744204137340004,0.26698725027018616,0.22019140624614697,22,26,3.0,29.0,0.7104283054003724,0.1857541899441341,0.1738,236,2261,0.1,0.25,15
20,10,false,,0.09762180475791286,0.15493147855940842,0.06969208761038584,13,16,1.0,19.0,0.6561972306653158,0.5180682201958797,0.3012,237,2262,0.1,0.25,15
30,15,false,,0.13250028795621552,0.1653939841613192,0.05391649145262861,12,3,1.0,28.0,0.5928827946457721,0.1524649036891936,0.3084,237,2262,0.1,0.25,15
40,20,true,,0.15365641651537248,0.28938244851430556,0.14236385137324453,30,34,8.0,39.0,0.8045157456922163,0.08912655971479501,0.2634,237,2262,0.1,0.25,15
20,10,true,,0.08335491700346855,0.20538664976738846,0.14395986188983523,14,16,3.0,19.0,0.7186212064443612,0.5889846384413638,0.2792,238,2263,0.1,0.25,15
20,10,false,,0.08971340869080671,0.6272329678142399,0.5283148763224468,15,16,2.0,19.0,0.8894143324845398,0.6900691160421971,0.2866,239,2264,0.1,0.25,15
30,15,false,,0.1268124145446627,0.16970922054466425,0.05788398028411698,14,24,1.0,28.0,0.6534109279017135,0.2405431619786615,0.2948,239,2264,0.1,0.25,15
40,20,false,,0.21071793269101832,0.16746546930037462,-0.037139278978160745,4,1,1.0,38.0,0.4766355140186916,0.0778816199376947,0.2114,239,2264,0.1,0.25,15
50,25,true,,0.1467837543271345,0.23941656128295313,0.1118610954435943,21,27,2.0,38.0,0.8689138576779026,0.20858542206856814,0.2744,239,2264,0.1,0.25,15
20,10,false,,0.1371664490664935,0.1537536390130784,0.0308125081330118,11,17,1.0,19.0,0.5453987730061349,0.4153374233128834,0.32,240,2265,0.1,0.25,15
30,15,true,,0.1420562603602308,0.2554021189187396,0.13192840262207478,22,24,3.0,29.0,0.7366837195305447,0.1790550707192296,0.2984,240,2265,0.1,0.25,15
20,10,false,,0.1404707790189956,0.20155373334916024,0.07735023851470632,10,1,1.0,19.0,0.6333754740834386,0.4083438685208597,0.2964,241,2266,0.1,0.25,15
30,15,true,,0.14956923831034277,0.23177842840748686,0.11233232108311163,21,25,3.0,29.0,0.7548754875487549,0.1335133513351335,0.2904,241,2266,0.1,0.25,15
20,10,false,,0.09703285446090483,0.15543614425320157,0.07400860391318759,12,16,1.0,19.0,0.688977688977689,0.4985014985014985,0.323,242,2267,0.1,0.25,15
30,15,true,,0.12978913934512756,0.2613810817351854,0.15238205756980563,18,21,3.0,28.0,0.806548513066987,0.2844698107539802,0.2942,242,2267,0.1,0.25,15
20,10,false,,0.10472328470071457,0.7230275884070699,0.6178095717188743,16,16,5.0,19.0,0.8853161843515541,0.7702750982493748,0.2762,243,2268,0.1,0.25,15
30,15,true,,0.124821632286904,0.2410901728931909,0.14101063782768358,18,24,2.0,28.0,0.8032530497341257,0.2599311854863935,0.2904,243,2268,0.1,0.25,15
20,10,false,,0.10299428872459959,0.5010538982776364,0.39924726052831155,15,16,2.0,19.0,0.803454231433506,0.6860103626943005,0.2828,244,2269,0.1,0.25,15
30,15,false,,0.12970350260900848,0.42967891482939924,0.3094609028065518,25,25,4.0,29.0,0.8871287128712871,0.10528052805280529,0.2948,244,2269,0.1,0.25,15
40,20,true,,0.15674730131168646,0.2869076999667255,0.1381769929579073,32,34,7.0,39.0,0.7793533749290982,0.03828701077708452,0.2716,244,2269,0.1,0.25,15
20,10,false,,0.17158733339251253,0.0853955209601619,-0.10419765744313511,6,1,1.0,18.0,0.2661637931034483,0.2252155172413793,0.266,245,2270,0.1,0.25,15
30,15,false,,0.15863714325716233,0.23902868283562367,0.10151321104793244,19,1,1.0,29.0,0.6243243243243243,0.13682432432432431,0.248,245,2270,0.1,0.25,15
40,20,true,,0.16724769578205917,0.296142400782715,0.14904954559207467,29,36,3.0,39.0,0.8297018348623854,0.10349770642201835,0.2742,245,2270,0.1,0.25,15
20,10,false,,0.1158808223475598,0.3096322720100725,0.2254012519473682,13,15,1.0,19.0,0.6624530235736249,0.5295524427741715,0.2798,246,2271,0.1,0.25,15
30,15,true,,0.14091821972849233,0.20601672922292907,0.09073791253807117,13,10,2.0,28.0,0.733838089691322,0.2926616191030868,0.3076,246,2271,0.1,0.25,15
20,10,true,,0.08206966464848374,0.16393177553990804,0.08986305006578513,12,15,3.0,19.0,0.7535112359550562,0.5031601123595506,0.3058,247,2272,0.1,0.25,15
20,10,false,,0.12470893015020687,0.07197078186470864,-0.059327916905956714,8,4,1.0,18.0,0.3377391304347826,0.3060869565217391,0.246,248,2273,0.1,0.25,15
30,15,true,,0.12023546565910669,0.22419801506043888,0.1184997730440397,18,22,2.0,28.0,0.7911453320500481,0.287776708373436,0.3158,248,2273,0.1,0.25,15
20,10,false,,0.10911118506513737,0.1891532748763366,0.09777160333136531,13,15,1.0,19.0,0.6589876703439325,0.5665152498377677,0.2984,249,2274,0.1,0.25,15
30,15,true,,0.12726432794092427,0.19837425205304832,0.08681231715906892,20,24,3.0,29.0,0.7552083333333334,0.26286764705882354,0.3056,249,2274,0.1,0.25,15
20,10,false,,0.10840588766448313,0.4209098596670971,0.3163884852621258,16,17,3.0,19.0,0.7734638757596218,0.6735313977042539,0.2834,250,2275,0.1,0.25,15
30,15,false,,0.13456767015336024,0.15279445161134086,0.020341499816138198,20,25,3.0,29.0,0.5644376899696049,0.21185410334346505,0.3024,250,2275,0.1,0.25,15
40,20,true,,0.15139006090963553,0.2346361766148816,0.10549157083483512,24,35,1.0,38.0,0.7222222222222222,0.12854609929078015,0.2746,250,2275,0.1,0.25,15
20,10,true,,0.1303571509803658,0.2944630381357531,0.19798258020480397,14,16,2.0,19.0,0.7398734177215189,0.5386075949367088,0.3072,251,2276,0.1,0.25,15
20,10,false,,0.09598575310232381,0.4575406890596928,0.36862114328608697,16,16,4.0,19.0,0.8094399436421275,0.697076435364565,0.283,252,2277,0.1,0.25,15
30,15,false,,0.1470802854625955,0.1788956832684882,0.058232411568681614,13,2,1.0,29.0,0.5892857142857143,0.11266233766233766,0.282,252,2277,0.1,0.25,15
40,20,true,,0.13797624013043283,0.21883183876056564,0.09643309940267997,21,13,4.0,38.0,0.8105544026089535,0.255855321672102,0.3014,252,2277,0.1,0.25,15
20,10,false,,0.19359975408297794,0.16572680140541665,-0.04613962601089153,9,1,1.0,19.0,0.4739419377404687,0.39419377404686956,0.249,253,2278,0.1,0.25,15
30,15,true,,0.181638947952393,0.38812426344810036,0.2386966729624017,24,25,5.0,29.0,0.8345629965947786,0.13308740068104427,0.2878,253,2278,0.1,0.25,15
20,10,false,,0.08704284864434801,0.16903042663686005,0.08082876990986192,13,16,2.0,19.0,0.6722949689869056,0.5561681598897312,0.2936,254,2279,0.1,0.25,15
30,15,true,,0.11818275507908436,0.24605018229200143,0.13856662299678502,22,25,2.0,29.0,0.765586903517938,0.1518634622082898,0.2838,254,2279,0.1,0.25,15
20,10,false,,0.05294973422595551,0.15943341660119717,0.10327706177673086,12,11,2.0,19.0,0.6970397779833487,0.5272895467160037,0.1528,255,2280,0.1,0.25,15
30,15,false,,0.05153285106302217,0.5052257339795876,0.46011092473671356,26,26,12.0,29.0,0.8743424897720631,0.061367621274108705,0.068,255,2280,0.1,0.25,15
40,20,false,,0.3500339004159384,0.05850678050096484,-0.28242710581810626,2,1,1.0,15.0,0.14556962025316456,0.06724683544303797,0.04,255,2280,0.1,0.25,15
50,25,false,,0.7744694683531743,0.04526444226964228,-0.7345508861413867,1,1,1.0,3.0,0.0,0.0,0.014,255,2280,0.1,0.25,15
60,30,false,,0.05443692540280142,0.6811407272088266,0.6267038018060251,56,58,48.0,59.0,1.0,0.0,0.012,255,2280,0.1,0.25,15
20,10,false,,0.11090563689898758,0.15878281266465102,0.05445774309451888,14,16,1.0,19.0,0.6134343101745143,0.5696410931840632,0.3108,256,2281,0.1,0.25,15
30,15,false,,0.129182941584508,0.17452661753202622,0.05556618795876109,20,26,2.0,29.0,0.6176377952755906,0.17165354330708663,0.2788,256,2281,0.1,0.25,15
40,20,true,,0.14078927339608205,0.22698930155993757,0.1239225412103862,17,11,3.0,38.0,0.8373262348417628,0.22448979591836735,0.2834,256,2281,0.1,0.25,15
20,10,false,,0.10402205914603319,0.15530651143355662,0.060338223555881365,12,12,2.0,19.0,0.6594040371675745,0.49599487343800064,0.3042,257,2282,0.1,0.25,15
30,15,true,,0.14522713415447325,0.27399164676892523,0.14968385224029152,23,26,3.0,29.0,0.7784577723378213,0.2460220318237454,0.289,257,2282,0.1,0.25,15
20,10,true,,0.10222658273304477,0.24001242610421106,0.15540557553342582,14,16,1.0,19.0,0.7113115891741846,0.5624566273421235,0.3006,258,2283,0.1,0.25,15
20,10,false,,0.13701556670130366,0.12353754534900722,-0.01744811056670237,8,4,1.0,18.0,0.44402985074626866,0.2941542288557214,0.3198,259,2284,0.1,0.25,15
30,15,true,,0.15136151455180138,0.26386765897126224,0.1521499724975318,20,25,2.0,29.0,0.8005358737719559,0.20571598690086335,0.2914,259,2284,0.1,0.25,15
20,10,true,,0.10311334235862929,0.21939716779938243,0.1343496007753432,14,15,2.0,19.0,0.7784532252617359,0.6072272880783519,0.328,260,2285,0.1,0.25,15
20,10,false,,0.13453801444907865,0.15806220604740634,0.03698756860179769,12,2,1.0,19.0,0.5467877094972067,0.4664804469273743,0.2618,261,2286,0.1,0.25,15
30,15,true,,0.13901888230487708,0.35896822820823737,0.23970364037312428,24,26,1.0,29.0,0.7006130790190735,0.0994550408719346,0.2398,261,2286,0.1,0.25,15
20,10,false,,0.1166505954077009,0.185879669101115,0.09044815981363834,11,1,1.0,19.0,0.5780621572212066,0.44460694698354664,0.2794,262,2287,0.1,0.25,15
30,15,true,,0.11450681897488776,0.35565801861850543,0.23180065467070765,24,26,2.0,29.0,0.8556771545827634,0.09746922024623803,0.2902,262,2287,0.1,0.25,15
20,10,false,,0.06563032926833201,0.511005521285558,0.4454025208860629,16,17,10.0,19.0,0.9659185369908562,0.816708229426434,0.221,263,2288,0.1,0.25,15
30,15,true,,0.11521060237969646,0.2737793801522336,0.17470130530902145,22,25,5.0,29.0,0.7988067616837918,0.19091813059330462,0.2912,263,2288,0.1,0.25,15
20,10,false,,0.10570999512298429,0.524787668461061,0.41617219523742793,15,16,2.0,19.0,0.8259820813232254,0.7091660923501034,0.3032,264,2289,0.1,0.25,15
30,15,false,,0.14717344076789823,0.7187527009775045,0.5743124202727526,25,26,3.0,29.0,0.9496262593435164,0.06662333441663959,0.2574,264,2289,0.1,0.25,15
40,20,true,,0.17335564287620156,0.3161308668854513,0.16711778418398598,30,33,5.0,38.0,0.8623268698060942,0.1257617728531856,0.27,264,2289,0.1,0.25,15
20,10,false,,0.10800975819721977,0.12520859280539204,0.016955837004522537,12,15,2.0,19.0,0.5597667638483965,0.47457078069322967,0.3094,265,2290,0.1,0.25,15
30,15,false,,0.16862604544409646,0.15996988090091646,-0.01973467410084745,9,2,1.0,28.0,0.47488151658767774,0.1330173775671406,0.274,265,2290,0.1,0.25,15
40,20,true,,0.16523228606259216,0.21485739822647645,0.07553974950494341,19,4,2.0,38.0,0.7030442274554853,0.13268236645605974,0.2744,265,2290,0.1,0.25,15
20,10,false,,0.1695585208572189,0.16007237474407676,-0.005463043670724255,12,16,1.0,19.0,0.49116087212728343,0.47908073070123747,0.317,266,2291,0.1,0.25,15
30,15,true,,0.15811321937597578,0.3780768185353578,0.23027276899599178,24,26,3.0,29.0,0.7366818873668188,0.12876712328767123,0.2458,266,2291,0.1,0.25,15
20,10,false,,0.14834352927090566,0.07976959527564609,-0.07376263249830671,7,1,1.0,18.0,0.33806499813223756,0.2939858050056033,0.2522,267,2292,0.1,0.25,15
30,15,true,,0.08633567653619909,0.2891988693936735,0.21844448646349465,24,26,2.0,29.0,0.7315260166156536,0.07214691735898557,0.2042,267,2292,0.1,0.25,15
20,10,false,,0.09806425789431032,0.18647684542424933,0.09997659285756365,13,16,1.0,19.0,0.6746822397801443,0.5207832360013741,0.2926,268,2293,0.1,0.25,15
30,15,true,,0.1284530666739096,0.2067759116385473,0.09832211975770534,19,24,2.0,28.0,0.7206703910614525,0.18528864059590316,0.322,268,2293,0.1,0.25,15
20,10,false,,0.12143850025561716,0.10551039957383551,-0.0035678388207758746,8,1,1.0,19.0,0.4945862335653519,0.37587006960556846,0.2364,269,2294,0.1,0.25,15
30,15,true,,0.11539307111584511,0.4216454144219156,0.30626042780379537,20,24,2.0,28.0,0.8251312335958005,0.16994750656167978,0.2968,269,2294,0.1,0.25,15
20,10,false,,0.11613470261532881,0.4177713145656485,0.3021282913758047,16,16,4.0,19.0,0.7984878369493754,0.7235371466140696,0.2908,270,2295,0.1,0.25,15
30,15,true,,0.1443232507704524,0.24566986978331626,0.11525924639638603,20,20,3.0,29.0,0.7713450292397661,0.22543859649122808,0.3008,270,2295,0.1,0.25,15
20,10,false,,0.11005357020326785,0.18303166069625684,0.0839022585885561,13,16,1.0,19.0,0.6901267511674449,0.4986657771847899,0.3128,271,2296,0.1,0.25,15
30,15,true,,0.15368967278343762,0.2805909708917221,0.1488945736487699,18,25,3.0,28.0,0.774606872451951,0.2501456027955737,0.3068,271,2296,0.1,0.25,15
20,10,false,,0.6316174852506515,0.04182427847479055,-0.5759791931194125,1,1,1.0,18.0,0.12429087158329036,0.1186178442496132,0.1194,272,2297,0.1,0.25,15
30,15,false,,0.10170803735830826,0.12260423952849017,0.026010292910506688,16,23,1.0,29.0,0.5856697819314641,0.1810747663551402,0.2972,272,2297,0.1,0.25,15
40,20,true,,0.1143167509086012,0.23240092225895373,0.135407747529961,31,36,6.0,39.0,0.7839374555792467,0.09275053304904052,0.2868,272,2297,0.1,0.25,15
20,10,false,,0.12291596532694539,0.11504719657482235,-0.009205274027987851,8,3,1.0,18.97499999999991,0.4770153231179214,0.2871419053964024,0.3118,273,2298,0.1,0.25,15
30,15,false,,0.16299255725752726,0.1437940010854869,-0.03369496388420015,8,2,1.0,28.0,0.4325522482583914,0.18366054464851173,0.2404,273,2298,0.1,0.25,15
40,20,true,,0.15892827178259186,0.23105472071416797,0.09435558395053563,20,17,1.9000000000000057,37.0,0.7870344043218652,0.2829115723628092,0.2766,273,2298,0.1,0.25,15
20,10,false,,0.18731657854617767,0.2900323519332883,0.12598351373427902,15,17,3.0,19.0,0.6771606771606772,0.6323136323136324,0.3108,274,2299,0.1,0.25,15
30,15,true,,0.19532890859531143,0.27617010957833615,0.12863331263030625,19,27,2.0,29.0,0.7731386861313868,0.1637956204379562,0.283,274,2299,0.1,0.25,15
20,10,true,,0.11503244175758688,0.27257818674405254,0.16217448302387852,13,15,1.0,19.0,0.7429281939695368,0.5129002175940317,0.289,275,2300,0.1,0.25,15
20,10,true,,0.0985178266476501,0.3183595222913117,0.2357051604222014,13,16,1.0,19.0,0.8120672601384767,0.5469831849653808,0.2928,276,2301,0.1,0.25,15
20,10,false,,0.18127391714372745,0.11144595790391836,-0.0809565564598052,5,1,1.0,18.0,0.32495697074010327,0.1944922547332186,0.2686,277,2302,0.1,0.25,15
30,15,false,,0.13207136742764405,0.1584506591420922,0.03849811739048001,13,8,2.0,28.0,0.6072887213320767,0.26201696512723843,0.3074,277,2302,0.1,0.25,15
40,20,false,,0.16900333849839166,0.2380606725018162,0.11266886209768735,26,1,1.0,38.0,0.6336541446755666,0.08755045017075443,0.2404,277,2302,0.1,0.25,15
50,25,true,,0.1613672702792247,0.3317871447971124,0.19352713691428794,30,33,10.0,46.0,0.9880256196045669,0.1314397103870788,0.2784,277,2302,0.1,0.25,15
20,10,true,,0.11324742986458206,0.24435341632740953,0.1388488290170905,12,16,1.0,19.0,0.7085113374958922,0.4939204732172198,0.3026,278,2303,0.1,0.25,15
20,10,true,,0.11032808965534979,0.19501734812128782,0.09320477748999673,13,16,2.0,19.0,0.7005858772741289,0.5405488744989208,0.3242,279,2304,0.1,0.25,15
20,10,false,,0.09511889947738585,0.19307384937061056,0.11032298081993595,14,16,2.0,19.0,0.6853582554517134,0.6008999653859467,0.3038,280,2305,0.1,0.25,15
30,15,false,,0.12300553589720621,0.15055953688204388,0.037694921941269874,17,27,1.0,29.0,0.6027260638297872,0.22905585106382978,0.2876,280,2305,0.1,0.25,15
40,20,true,,0.1433487798301668,0.4046382047189521,0.2761863766752183,27,28,2.0,38.0,0.8973200843119542,0.10478771454381211,0.2838,280,2305,0.1,0.25,15
20,10,false,,0.13969089245955724,0.17451676744086736,0.04209218058709038,12,17,1.0,19.0,0.5601941747572815,0.4608414239482201,0.3148,281,2306,0.1,0.25,15
30,15,false,,0.139888674018029,0.2062353441003547,0.1103549563192778,16,24,1.0,28.0,0.6905193236714976,0.21980676328502416,0.3068,281,2306,0.1,0.25,15
40,20,true,,0.17150124842016326,0.3554930395846355,0.20934803933565485,30,34,14.0,39.0,0.8899782135076253,0.08306100217864924,0.2824,281,2306,0.1,0.25,15
20,10,true,,0.11765056823204845,0.28876760746704216,0.18478073884797874,11,14,1.0,19.0,0.7045454545454546,0.46094750320102434,0.3224,282,2307,0.1,0.25,15
20,10,false,,0.11725515691487254,0.20364724590670502,0.1173573224903523,12,1,1.0,19.0,0.6606425702811245,0.4598393574297189,0.2906,283,2308,0.1,0.25,15
30,15,true,,0.14260805139703392,0.23701078334270945,0.11586104538307357,18,26,2.0,29.0,0.7332930148170548,0.23162987602056245,0.2912,283,2308,0.1,0.25,15
20,10,false,,0.08787643938564126,0.1131362374144991,0.025216254569141075,10,16,1.0,19.0,0.5637435519528371,0.4170965364775239,0.2816,284,2309,0.1,0.25,15
30,15,true,,0.11223783312579794,0.3765127975171293,0.27756319543527314,23,25,5.0,29.0,0.8900100908173562,0.19374369323915236,0.2936,284,2309,0.1,0.25,15
20,10,false,,0.10133329854339339,0.16428113517624104,0.08206204343224344,12,16,1.0,19.0,0.6646174863387978,0.4603825136612022,0.2634,285,2310,0.1,0.25,15
30,15,true,,0.12460968550831572,0.43511184861265323,0.3173309535359339,23,26,1.0,29.0,0.7619374785297148,0.07591892820336654,0.2868,285,2310,0.1,0.25,15
20,10,false,,0.07813282463233719,0.12204375820710456,0.04959267434651528,12,17,2.0,19.0,0.6222723852520692,0.4616252821670429,0.2622,286,2311,0.1,0.25,15
30,15,true,,0.11396953654470282,0.23686896838311006,0.13251557339856496,20,25,2.0,28.0,0.7519004837595025,0.2017968210089841,0.2846,286,2311,0.1,0.25,15
20,10,true,,0.07626011811508208,0.26051781374259136,0.18314318178124064,14,14,2.0,19.0,0.8592017738359202,0.5565410199556541,0.3014,287,2312,0.1,0.25,15
20,10,false,,0.10678776841207661,0.4938265772775717,0.3851362904575586,15,17,2.0,19.0,0.9195137976346912,0.7112352168199737,0.315,288,2313,0.1,0.25,15
30,15,true,,0.1442132778684702,0.2512376113511094,0.14736040232588732,20,25,2.0,29.0,0.7420049200492005,0.1626691266912669,0.3098,288,2313,0.1,0.25,15
20,10,false,,0.0822125463899038,0.4426998635605948,0.3759890094194082,15,16,3.0,19.0,0.8546637744034707,0.6804049168474331,0.2916,289,2314,0.1,0.25,15
30,15,false,,0.11048430992259027,0.18023126912180398,0.08129452514741367,21,26,1.0,29.0,0.6785321100917431,0.14605504587155962,0.2834,289,2314,0.1,0.25,15
40,20,true,,0.12599225416036738,0.21271815299789706,0.10410508004955896,27,35,4.0,39.0,0.789665452136469,0.14905597880092747,0.2854,289,2314,0.1,0.25,15
20,10,false,,0.12453883551000466,0.14865647185791653,0.02509621771066224,13,16,1.0,19.0,0.5495855081363218,0.5354620816702487,0.31,290,2315,0.1,0.25,15
30,15,false,,0.17220784118965446,0.14082265258496526,-0.050894746242538674,8,2,1.0,28.0,0.3703120075638197,0.15159155373463598,0.2622,290,2315,0.1,0.25,15
40,20,true,,0.16665358380734843,0.39451030770406403,0.2468365352335074,33,35,6.0,39.0,0.9194708081679609,0.030773655450100662,0.2522,290,2315,0.1,0.25,15
20,10,false,,0.0974413408164687,0.19793638112776835,0.10005873581149859,13,15,1.0,19.0,0.6586244148361541,0.5279078141879726,0.289,291,2316,0.1,0.25,15
30,15,false,,0.1175016750177891,0.15071528842169013,0.05318314959024509,14,6,1.0,28.0,0.638974358974359,0.16683760683760684,0.2964,291,2316,0.1,0.25,15
40,20,false,,0.12641067193998523,0.18230570533476148,0.08122656138608278,18,3,1.0,37.0,0.6926364234056541,0.1834319526627219,0.2588,291,2316,0.1,0.25,15
50,25,true,,0.14953486580308,0.5816709024455232,0.42259133803076604,42,43,11.0,49.0,0.9778051787916153,0.02250308261405672,0.2396,291,2316,0.1,0.25,15
20,10,false,,0.15934078798993734,0.15011168755956503,-0.006439215515864544,11,16,1.0,19.0,0.4879605454017987,0.45198723527705253,0.3308,292,2317,0.1,0.25,15
30,15,true,,0.14984871391255974,0.2967359109113547,0.16626376647173935,18,21,2.0,29.0,0.8117578916883869,0.24239791485664638,0.3078,292,2317,0.1,0.25,15
20,10,true,,0.0780132116544404,0.2213905254152917,0.1453767161641875,13,15,1.0,19.0,0.7815157116451017,0.5637707948243993,0.2936,293,2318,0.1,0.25,15
20,10,false,,0.12567712409077933,0.5052020323639784,0.38277326215381835,14,17,1.0,19.0,0.6950764006791171,0.5303904923599321,0.282,294,2319,0.1,0.25,15
30,15,true,,0.14843589575666835,0.22282343133309526,0.09127405632644259,19,26,3.0,29.0,0.7314268867924528,0.20961084905660377,0.299,294,2319,0.1,0.25,15
20,10,false,,0.14994950777302285,0.16138523638917263,0.0227359063286503,12,16,1.0,19.0,0.550876114355979,0.4617276360282816,0.3166,295,2320,0.1,0.25,15
30,15,false,,0.1533785632984792,0.531203009933805,0.3828299687549172,25,25,5.0,29.0,0.9217233009708737,0.07402912621359223,0.2638,295,2320,0.1,0.25,15
40,20,true,,0.17083835943431674,0.250840623350867,0.10816841769655089,29,31,6.0,39.0,0.8099196453311166,0.12801330008312553,0.2692,295,2320,0.1,0.25,15
20,10,false,,0.13078510716317931,0.2522505200811615,0.1592927952067713,11,1,1.0,19.0,0.5760747663551402,0.44710280373831773,0.2686,296,2321,0.1,0.25,15
30,15,true,,0.13536597570581768,0.32318535571936163,0.21096721207388358,21,25,2.0,29.0,0.8410900183710961,0.19718309859154928,0.301,296,2321,0.1,0.25,15
20,10,false,,0.16717984052807583,0.16168387458794278,-0.015181662012907687,10,14,1.0,19.0,0.45990084572761736,0.38349372995042286,0.3104,297,2322,0.1,0.25,15
30,15,false,,0.1999861048058335,0.19333286800426588,-0.008354743050955349,6,2,1.0,26.0,0.4885377942998761,0.12577447335811648,0.2538,297,2322,0.1,0.25,15
40,20,true,,0.18563495369918873,0.2601000608234846,0.10193923571538352,27,34,5.0,39.0,0.788197251414713,0.2225815144165993,0.2794,297,2322,0.1,0.25,15
20,10,false,,0.09623367223525428,0.6251389138674971,0.5159918910590181,15,16,4.0,19.0,0.9455322178711285,0.7564969740121039,0.2842,298,2323,0.1,0.25,15
30,15,true,,0.13002024077755514,0.41882386922451464,0.2932347489620165,22,24,3.0,29.0,0.8754646840148699,0.14622057001239158,0.2968,298,2323,0.1,0.25,15
20,10,false,,0.09908548220325698,0.4091641945950898,0.316669656661137,15,16,1.0,19.0,0.7516198704103672,0.5788336933045356,0.2966,299,2324,0.1,0.25,15
30,15,true,,0.1263281741606998,0.25601181543733464,0.1610246613579766,19,18,3.0,29.0,0.8324409448818898,0.24251968503937008,0.3,299,2324,0.1,0.25,15
20,10,false,,0.10059812110375412,0.14891299951442474,0.07271615266513924,12,17,1.0,19.0,0.5886861313868613,0.45985401459854014,0.2756,300,2325,0.1,0.25,15
30,15,false,,0.1279023601338442,0.1409020799597687,0.019811201898146488,9,1,1.0,28.0,0.5333819773805181,0.1247719810288216,0.2518,300,2325,0.1,0.25,15
40,20,true,,0.1332681144492077,0.1965388637089233,0.08994957370147014,20,18,1.0,38.0,0.7310977538753559,0.1834862385321101,0.2816,300,2325,0.1,0.25,15
20,10,false,,0.1342167339673006,0.1287708722896655,-0.013254711842153252,10,14,1.0,19.0,0.47545454545454546,0.40575757575757576,0.3154,301,2326,0.1,0.25,15
30,15,false,,0.14302994943898126,0.17429272593846018,0.038832374177215315,15,10,2.0,28.0,0.6215022091310751,0.26480117820324006,0.3022,301,2326,0.1,0.25,15
40,20,true,,0.16544861212692996,0.3578712456252237,0.21032389805841611,30,34,2.0,39.0,0.8471337579617835,0.06398378691372322,0.2622,301,2326,0.1,0.25,15
20,10,false,,0.16266955546758274,0.15893769196187107,0.0020630328021146727,8,3,1.0,19.0,0.5009334163036714,0.35003111387678904,0.3156,302,2327,0.1,0.25,15
30,15,true,,0.16161859940687703,0.3938107741208533,0.25115994103667966,23,27,2.0,29.0,0.8258816120906801,0.13633501259445843,0.2688,302,2327,0.1,0.25,15
20,10,false,,0.12490612144313609,0.48918647719761577,0.3794375092238631,16,17,3.0,19.0,0.8039669421487603,0.6829752066115703,0.3038,303,2328,0.1,0.25,15
30,15,false,,0.16428091486599583,0.145324046045895,-0.03166465428514914,8,3,1.0,27.0,0.4160561660561661,0.16117216117216118,0.275,303,2328,0.1,0.25,15
40,20,true,,0.16881643787707187,0.37083711659568674,0.21184807133736272,33,33,8.0,39.0,0.8915135608048994,0.04286964129483815,0.2508,303,2328,0.1,0.25,15
20,10,false,,0.09797468884329354,0.22378408908344818,0.1429691101953386,12,15,1.0,19.0,0.6604249189773137,0.4872164205977674,0.298,304,2329,0.1,0.25,15
30,15,true,,0.12044239418280146,0.372778914371192,0.27125628206525826,18,22,2.0,28.15000000000009,0.8438184663536776,0.3267605633802817,0.3142,304,2329,0.1,0.25,15
20,10,false,,0.13885279874826834,0.2781609588655757,0.18669713546782782,14,17,1.0,19.0,0.6889386189258312,0.49648337595907927,0.2854,305,2330,0.1,0.25,15
30,15,false,,0.18891373770924205,0.14331261922849026,-0.054061716986780584,6,1,1.0,28.0,0.39645366343258615,0.17029106724657075,0.2588,305,2330,0.1,0.25,15
40,20,false,,0.1685218800224749,0.21369441619787866,0.07379740163606574,25,3,1.0,38.0,0.6876261897894433,0.046726276319584654,0.2528,305,2330,0.1,0.25,15
50,25,true,,0.1461990134635124,0.2456050438492209,0.12707767560186295,16,17,2.0,40.0,0.8450460829493087,0.2595046082949309,0.267,305,2330,0.1,0.25,15
20,10,false,,0.16694958660686998,0.12562969388310857,-0.051216388358982366,7,2,1.0,18.0,0.37119366626065775,0.23447015834348356,0.3052,306,2331,0.1,0.25,15
30,15,true,,0.1620109411320241,0.3405339612161154,0.2031943407327212,20,24,2.0,29.0,0.8811369509043928,0.224519092736147,0.3018,306,2331,0.1,0.25,15
20,10,false,,0.08213463739918249,0.15912147212851988,0.08619145747092914,12,16,1.0,19.0,0.6917549167927383,0.44440242057488655,0.2614,307,2332,0.1,0.25,15
30,15,false,,0.10576748670448831,0.1532023041739966,0.06683392103840105,15,7,1.0,29.0,0.6656738644825019,0.2114668652271035,0.285,307,2332,0.1,0.25,15
40,20,true,,0.12163589078475959,0.2712903344777184,0.1578050436254526,34,35,15.0,39.0,0.7592592592592593,0.0286512928022362,0.2666,307,2332,0.1,0.25,15
20,10,false,,0.05081801216686365,0.389742974791696,0.3440292277987621,15,15,1.0,19.0,0.7897940074906367,0.6502808988764045,0.1426,308,2333,0.1,0.25,15
30,15,true,,0.04284183497535499,0.18668215497481658,0.1406239330953352,19,17,10.0,29.0,0.879375,0.38875,0.0692,308,2333,0.1,0.25,15
20,10,false,,0.06613783450232193,0.0987942992636149,0.031798871361349235,10,2,1.0,19.0,0.5997357992073976,0.3720827829150154,0.1712,309,2334,0.1,0.25,15
30,15,false,,0.0988096688182016,0.12026442344317938,0.029785310095299604,18,26,2.0,29.0,0.597211155378486,0.2103585657370518,0.2836,309,2334,0.1,0.25,15
40,20,false,,0.2456709507443396,0.11542978364737341,-0.13978022986739244,6,1,1.0,38.0,0.34555984555984554,0.077992277992278,0.249,309,2334,0.1,0.25,15
50,25,true,,0.12545887491498697,0.2584842650412311,0.14370937710589,35,36,15.0,48.0,0.8379102478231748,0.0579370395177495,0.262,309,2334,0.1,0.25,15
20,10,false,,0.1853753423439492,0.11697171704818392,-0.0871560696523437,8,2,1.0,18.0,0.285243938940437,0.2726728524393894,0.2846,310,2335,0.1,0.25,15
30,15,true,,0.168153278615845,0.2600064775373922,0.11549377239143052,22,27,3.0,29.0,0.7449125824018343,0.176554886787045,0.2932,310,2335,0.1,0.25,15
20,10,false,,0.15909482367222016,0.19884956923591052,0.05836096171248306,11,16,1.0,19.0,0.60989336492891,0.4309834123222749,0.325,311,2336,0.1,0.25,15
30,15,false,,0.17328390241465955,0.179261700551993,0.008474978638643438,19,5,1.0,29.0,0.5240162037037037,0.11429398148148148,0.2712,311,2336,0.1,0.25,15
40,20,false,,0.2011210755150751,0.23900516980613826,0.12270521634297539,21,1,1.0,39.0,0.5796260477111541,0.03546099290780142,0.2084,311,2336,0.1,0.25,15
50,25,true,,0.18774407288680048,0.3066963785040976,0.11880976976512342,42,43,29.0,49.0,0.7244642360144726,0.0,0.2528,311,2336,0.1,0.25,15
20,10,true,,0.10641973556381654,0.28332380091527276,0.18982537237777608,14,17,1.0,19.0,0.8065829657278588,0.5595520868680014,0.2848,312,2337,0.1,0.25,15
20,10,false,,0.09254751226195075,0.8185970665315729,0.7263059850292035,17,17,6.0,19.0,0.9674922600619195,0.8053405572755418,0.2568,313,2338,0.1,0.25,15
30,15,false,,0.28972116170855455,0.08471115557656514,-0.22168707091085738,4,1,1.0,26.77500000000009,0.19029535864978903,0.09789029535864979,0.235,313,2338,0.1,0.25,15
40,20,false,,0.11144439918415885,0.13973605427583696,0.04267465163505814,26,36,2.0,39.0,0.6152635719905586,0.0959874114870181,0.271,313,2338,0.1,0.25,15
50,25,true,,0.11506175284514775,0.4950251867404376,0.38132718788165676,42,45,15.0,49.0,0.9059312429165093,0.01511144692104269,0.269,313,2338,0.1,0.25,15
20,10,true,,0.09502534861956687,0.2564174162914039,0.15763458634840416,14,16,2.0,19.0,0.787673552319675,0.5960040636640704,0.2992,314,2339,0.1,0.25,15
20,10,false,,0.18648128510582362,0.1344334052750225,-0.05783481535157717,8,2,1.0,19.0,0.41064033131570565,0.32749283211213764,0.2506,315,2340,0.1,0.25,15
30,15,true,,0.1655660202531576,0.21290282565447746,0.08211547111030973,17,27,1.0,29.0,0.7098616957306073,0.19242333132892364,0.2862,315,2340,0.1,0.25,15
20,10,false,,0.0884567004451687,0.1340473927755617,0.05190107237323188,12,15,1.0,19.0,0.6377331420373027,0.46305595408895267,0.2712,316,2341,0.1,0.25,15
30,15,true,,0.11053420099803742,0.5123106286295438,0.4025099753610847,24,26,4.299999999999997,29.0,0.9232136509065055,0.16103803768218983,0.2752,316,2341,0.1,0.25,15
20,10,false,,0.1519675841973219,0.12717353004970802,-0.015277951804448173,8,1,1.0,19.0,0.47298710352039036,0.36144998257232486,0.2738,317,2342,0.1,0.25,15
30,15,false,,0.1551772518744664,0.2278085064242615,0.10086845335241466,17,24,2.0,28.0,0.699228791773779,0.20536989431590974,0.2798,317,2342,0.1,0.25,15
40,20,true,,0.17263040541762995,0.28915536950300996,0.15595993294423002,20,9,1.0,38.0,0.8179223744292238,0.19121004566210045,0.2608,317,2342,0.1,0.25,15
20,10,true,,0.09713528301389764,0.18825053104828243,0.09963404997288183,12,17,1.0,19.0,0.7322091062394603,0.45868465430016864,0.3064,318,2343,0.1,0.25,15
20,10,true,,0.11205243031094414,0.4098110617790462,0.30792060334485494,14,15,1.0,19.0,0.7610770279481935,0.6192910702113156,0.2776,319,2344,0.1,0.25,15
20,10,false,,0.10897588742725733,0.3665120881962537,0.26849302297076744,15,16,4.0,19.0,0.8084278768233387,0.6745542949756889,0.3112,320,2345,0.1,0.25,15
30,15,false,,0.14999847300636587,0.1953189566997913,0.07648639789896938,11,2,1.0,28.0,0.6528825837609418,0.1660126773317235,0.2992,320,2345,0.1,0.25,15
40,20,true,,0.1599536646657349,0.2450935438116739,0.11352879694847162,15,17,2.0,35.875,0.8176403857061827,0.24220079410096426,0.2952,320,2345,0.1,0.25,15
20,10,true,,0.1019735158026796,0.21309115372759865,0.11982666824400283,13,14,1.0,19.0,0.7182119205298013,0.5304635761589404,0.3146,321,2346,0.1,0.25,15
20,10,false,,0.11544402298385152,0.1702816883665229,0.05946371234382189,12,16,1.0,19.0,0.6146435452793835,0.5289017341040463,0.3162,322,2347,0.1,0.25,15
30,15,false,,0.14754274631459952,0.14677544488324135,0.013498530771226654,8,3,1.0,27.0,0.5234833659491194,0.1963470319634703,0.2868,322,2347,0.1,0.25,15
40,20,true,,0.15706072222133433,0.31827107923633996,0.1784282544030995,30,32,8.0,39.0,0.8701866977829639,0.1088098016336056,0.2758,322,2347,0.1,0.25,15
20,10,false,,0.17467179426486704,0.15001932228538423,-0.03818559659050945,10,16,1.0,19.0,0.447242206235012,0.3920863309352518,0.3156,323,2348,0.1,0.25,15
30,15,true,,0.1644219769259685,0.35246430751649643,0.1946783094392724,23,26,2.0,29.0,0.7809072042691966,0.14438185591461608,0.2758,323,2348,0.1,0.25,15
20,10,true,,0.10506958682876483,0.20516974606157967,0.11307005253553681,14,16,2.0,19.0,0.717391304347826,0.5678929765886288,0.3046,324,2349,0.1,0.25,15
20,10,false,,0.14957420391426735,0.3016805232281348,0.17231910368694256,15,16,2.0,19.0,0.6950617283950618,0.5561728395061728,0.3214,325,2350,0.1,0.25,15
30,15,true,,0.16925946353201443,0.4466227590615419,0.2955170226651628,24,25,3.0,29.0,0.8089990817263545,0.10070400979491889,0.2512,325,2350,0.1,0.25,15
20,10,false,,0.09596152271193621,0.12366171101392238,0.03729717434464426,11,15,1.0,19.0,0.5650929899856938,0.4055793991416309,0.2862,326,2351,0.1,0.25,15
30,15,true,,0.12531716906188817,0.3523537177899597,0.23755471994783495,20,24,5.0,28.0,0.8724443088190418,0.26548672566371684,0.3114,326,2351,0.1,0.25,15
20,10,false,,0.13297030266474302,0.09162458737818246,-0.041164399226040226,6,1,1.0,18.0,0.4594363791631085,0.3223740392826644,0.221,327,2352,0.1,0.25,15
30,15,false,,0.13852992317409835,0.10808927909435878,-0.032268048516653186,8,1,1.0,28.0,0.4494426751592357,0.14848726114649682,0.2738,327,2352,0.1,0.25,15
40,20,true,,0.1228142734242379,0.24934259958941862,0.13889858422637708,28,35,2.0,38.0,0.7952218430034129,0.04880546075085324,0.2778,327,2352,0.1,0.25,15
20,10,false,,0.1585242319863465,0.12662119580627024,-0.04482912074051108,9,4,1.0,19.0,0.4105229993698803,0.35570258349086326,0.2946,328,2353,0.1,0.25,15
30,15,false,,0.17143302760151286,0.15754250846709092,-0.004652262364231441,9,1,1.0,28.0,0.4765400574529205,0.17650813916374083,0.266,328,2353,0.1,0.25,15
40,20,true,,0.15805516308927156,0.22928764898729195,0.10431076531754321,18,18,2.0,38.0,0.8067010309278351,0.2202176403207331,0.2656,328,2353,0.1,0.25,15
20,10,false,,0.15160884162612334,0.1539484009822657,0.00871279594782598,10,4,1.0,19.0,0.5242451967063129,0.37846904544068316,0.3178,329,2354,0.1,0.25,15
30,15,true,,0.1626828559143788,0.38639531739966887,0.22777249749562864,22,25,4.0,29.0,0.7951378594722799,0.17906907797213165,0.275,329,2354,0.1,0.25,15
20,10,false,,0.13909578041432868,0.13171526681334797,-0.01454445074891006,11,16,1.0,19.0,0.4564735675846787,0.4264007597340931,0.2936,330,2355,0.1,0.25,15
30,15,false,,0.16884838686136358,0.27157016987845195,0.13048452504038757,24,26,2.0,29.0,0.6517119244391971,0.11422668240850059,0.2888,330,2355,0.1,0.25,15
40,20,true,,0.16030056072112997,0.22345678053802892,0.07845897866611523,16,20,1.0,32.0,0.7750981491867639,0.2316320807627594,0.287,330,2355,0.1,0.25,15
20,10,false,,0.3028522607685249,0.10537910280869268,-0.23543487971639998,4,1,1.0,19.0,0.3804135778384705,0.2976980101443621,0.208,331,2356,0.1,0.25,15
30,15,false,,0.13320641299779906,0.20299297625845317,0.09799203782969354,20,25,1.0,29.0,0.6403537504094333,0.19325253848673435,0.2818,331,2356,0.1,0.25,15
40,20,true,,0.1464283127861574,0.1988517109936921,0.07944362293642271,12,1,1.0,36.0,0.7548899755501223,0.15006112469437652,0.2642,331,2356,0.1,0.25,15
20,10,true,,0.14657879406065297,0.2573662909729014,0.13258472682328162,12,16,1.0,19.0,0.7168491484184915,0.4787104622871046,0.3124,332,2357,0.1,0.25,15
20,10,false,,0.0527965181844686,0.35484029729616956,0.31715451843339904,15,16,1.0,19.0,0.8206997084548106,0.6457725947521866,0.1436,333,2358,0.1,0.25,15
30,15,false,,0.05737692350190612,0.09654540575967227,0.045142719813749725,14,18,2.0,28.0,0.6927744070601214,0.2272476558190844,0.0982,333,2358,0.1,0.25,15
40,20,true,,0.04837930090814316,0.46675264632989566,0.40106844329570196,34,35,13.0,39.0,0.9761015683345781,0.14339058999253174,0.0454,333,2358,0.1,0.25,15
20,10,false,,0.11318041252535656,0.2686518603263935,0.17636371461534478,16,16,2.0,19.0,0.7315573770491803,0.6273907103825137,0.2686,334,2359,0.1,0.25,15
30,15,false,,0.11685766874619025,0.17158980645565852,0.07131960464283182,20,23,4.0,29.0,0.6744487678339819,0.2525940337224384,0.299,334,2359,0.1,0.25,15
40,20,false,,0.14325907124996556,0.15251604683676193,0.010673120811509479,10,5,1.0,30.0,0.5378284267173156,0.2266540044317822,0.2782,334,2359,0.1,0.25,15
50,25,true,,0.1482212783690128,0.36093091870016847,0.22520291717394686,35,39,6.0,46.0,0.9391203029420332,0.06291872997378387,0.2702,334,2359,0.1,0.25,15
20,10,false,,0.21052412821979954,0.12338399158060442,-0.10029305912513387,5,1,1.0,18.0,0.3427488804684809,0.19807096107475025,0.2652,335,2360,0.1,0.25,15
30,15,false,,0.18512217078718413,0.18511591108916822,0.007451661314969882,6,2,1.0,25.02500000000009,0.510759493670886,0.11708860759493671,0.2638,335,2360,0.1,0.25,15
40,20,true,,0.15936285040211903,0.2516504416755632,0.11538887794654035,15,9,3.0,34.0,0.8618221855216075,0.19763281034957336,0.2816,335,2360,0.1,0.25,15
20,10,false,,0.15256470366108563,0.3269392664029294,0.18661197291523074,14,16,1.0,19.0,0.6776477832512315,0.5489532019704434,0.3114,336,2361,0.1,0.25,15
30,15,true,,0.14809932211630294,0.27650273856844915,0.16536134692073928,18,26,1.0,29.0,0.7903078329777506,0.17829929899420907,0.2738,336,2361,0.1,0.25,15
20,10,false,,0.12641042413267858,0.14467089116449103,0.03418598640197282,8,1,1.0,19.0,0.5587756431129925,0.3021816997720612,0.3076,337,2362,0.1,0.25,15
30,15,false,,0.1573332209203549,0.1612283661216215,0.009250739570717731,11,3,1.0,27.0,0.5108662381389654,0.20140801958983778,0.2634,337,2362,0.1,0.25,15
40,20,true,,0.16526528038713983,0.3586594462517054,0.21194085225668677,33,35,12.0,39.0,0.8273672055427251,0.025404157043879907,0.2616,337,2362,0.1,0.25,15
20,10,false,,0.10633513966389888,0.1471787445408536,0.05129595371264478,11,16,1.0,19.0,0.6306620209059234,0.42473867595818815,0.28,338,2363,0.1,0.25,15
30,15,true,,0.1290559829965503,0.41550421596113385,0.28741540448712244,24,26,3.0,29.0,0.8561037318153067,0.10341555977229601,0.291,338,2363,0.1,0.25,15
20,10,true,,0.13651260711596033,0.24269376889978397,0.15057858757247952,14,16,3.0,19.0,0.7096378146101903,0.55463474524248,0.3102,339,2364,0.1,0.25,15
20,10,true,,0.09397735067716415,0.2404024652651967,0.15079398549199063,13,15,2.0,19.0,0.7424547283702213,0.5251509054325956,0.298,340,2365,0.1,0.25,15
20,10,true,,0.08350672513754266,0.1673282496388956,0.08923232925450339,11,16,2.0,19.0,0.7506078499478985,0.43556790552275093,0.3176,341,2366,0.1,0.25,15
20,10,false,,0.09717023053267232,0.11363466123763682,0.02240319005059127,9,1,1.0,18.0,0.5504017531044558,0.3524470416362308,0.2766,342,2367,0.1,0.25,15
30,15,true,,0.11702421195956358,0.3185985026293916,0.2077841256913689,20,24,3.0,29.0,0.8477640342530923,0.2721217887725975,0.2814,342,2367,0.1,0.25,15
20,10,false,,0.17735025484087538,0.1114569372701866,-0.06670856566758024,5,1,1.0,19.0,0.37191301142646516,0.25285661629192774,0.2496,343,2368,0.1,0.25,15
30,15,true,,0.14937995777231575,0.2254813613517302,0.106261904525298,18,19,2.0,29.0,0.737202380952381,0.2550595238095238,0.299,343,2368,0.1,0.25,15
20,10,false,,0.11973147008928034,0.16953360870916315,0.0619280409578491,12,15,2.0,19.0,0.6448209718670077,0.4498081841432225,0.3,344,2369,0.1,0.25,15
30,15,true,,0.15861699958301945,0.3464232263402954,0.21287648761970113,22,26,2.0,29.0,0.8220388921626399,0.1770771950500884,0.2686,344,2369,0.1,0.25,15
20,10,false,,0.09265347095810673,0.4482889198145823,0.33907471362739244,15,16,2.0,19.0,0.8561224489795919,0.7149659863945578,0.3,345,2370,0.1,0.25,15
30,15,true,,0.1480663076187368,0.34525470794418645,0.2104776296771697,23,24,2.0,29.0,0.7320574162679426,0.13875598086124402,0.2988,345,2370,0.1,0.25,15
20,10,false,,0.09544034596162274,0.47338141213812,0.3771107283357591,15,16,4.0,19.0,0.9089414858645628,0.7143326758711374,0.31,346,2371,0.1,0.25,15
30,15,false,,0.15009743061060551,0.1541948535608571,0.022315525131060415,10,2,1.0,28.0,0.546457219251337,0.2159090909090909,0.2694,346,2371,0.1,0.25,15
40,20,true,,0.1548648388798055,0.2202982981982239,0.07997746372264594,26,26,4.0,39.0,0.736492343253395,0.16642588847154002,0.282,346,2371,0.1,0.25,15
20,10,false,,0.0776926076733773,0.5993301101270551,0.511968296871009,15,17,2.0,19.0,0.8501689823507322,0.6271122793841533,0.2856,347,2372,0.1,0.25,15
30,15,true,,0.14761665507298294,0.588707149922303,0.4501690419324659,24,25,3.0,29.0,0.9578072066522945,0.11087157376039421,0.2906,347,2372,0.1,0.25,15
20,10,false,,0.1065180727718136,0.1557595278825352,0.0594187357361113,13,16,1.0,19.0,0.6269193074158772,0.5178046390068605,0.2766,348,2373,0.1,0.25,15
30,15,false,,0.12636811713881743,0.2181739746390495,0.11048022134332278,21,25,2.0,29.0,0.6996688741721855,0.1804635761589404,0.2944,348,2373,0.1,0.25,15
40,20,false,,0.2948386653019312,0.15546111159569725,-0.15161530334741927,4,1,1.0,37.0,0.39244890890197437,0.09213716660893662,0.202,348,2373,0.1,0.25,15
50,25,true,,0.16291737180842802,0.34040520392641604,0.1954873634179808,37,37,6.0,48.0,0.8916339135317237,0.08731049971925885,0.268,348,2373,0.1,0.25,15
20,10,false,,0.16021901882722883,0.14625842249610382,-0.021227458026370855,8,1,1.0,19.0,0.45017399557102183,0.3328060740272066,0.2786,349,2374,0.1,0.25,15
30,15,true,,0.16509898890504213,0.28689723676047707,0.15816843391293206,22,24,3.0,28.0,0.7759795570698467,0.17291311754684838,0.2878,349,2374,0.1,0.25,15
20,10,false,,0.11796505927666988,0.5832104223377343,0.46440330573360233,16,16,6.0,19.0,0.8947022046725897,0.8084896347482725,0.295,350,2375,0.1,0.25,15
30,15,false,,0.15433807684782316,0.5953420035524001,0.4418471608359055,25,26,4.0,29.0,0.8964488212473889,0.09997015816174276,0.262,350,2375,0.1,0.25,15
40,20,true,,0.16887799310343576,0.2850218238569739,0.15346565778488416,23,29,3.0,38.0,0.8901589071647616,0.1511011987733482,0.2708,350,2375,0.1,0.25,15
20,10,false,,0.10797979930397225,0.3073538571737876,0.19787257802212133,15,15,3.0,19.0,0.8414948453608248,0.6617268041237113,0.3136,351,2376,0.1,0.25,15
30,15,false,,0.14042371050873365,0.6909758425024207,0.546543827296091,25,26,4.0,29.0,0.9391891891891891,0.05566280566280566,0.2662,351,2376,0.1,0.25,15
40,20,true,,0.17061203689139243,0.4720151080765714,0.3224525777102366,31,35,10.0,38.0,0.9514342516330588,0.06560636182902585,0.2732,351,2376,0.1,0.25,15
20,10,false,,0.09805729188783241,0.1337855606850129,0.051759414924142315,12,17,1.0,19.0,0.6126440796367447,0.4855047153335662,0.2808,352,2377,0.1,0.25,15
30,15,true,,0.1362122379578757,0.27520857789259473,0.1597163154188283,18,23,1.0499999999999972,29.0,0.7582485353068147,0.22664199814986125,0.316,352,2377,0.1,0.25,15
20,10,false,,0.11435646363241929,0.10437846055506975,-0.011991296296589765,10,16,1.0,19.0,0.47630252100840337,0.36773109243697477,0.3076,353,2378,0.1,0.25,15
30,15,false,,0.157128579668319,0.17932063922049907,0.03883308412760331,17,25,1.0,29.0,0.5842797369994023,0.14614465032875074,0.2898,353,2378,0.1,0.25,15
40,20,true,,0.16062501911058494,0.2907693764193724,0.16857388554787545,23,32,2.0,37.0,0.914469994391475,0.17134043746494673,0.2728,353,2378,0.1,0.25,15
20,10,false,,0.10818114414540342,0.48651319963618217,0.38118931231531494,15,16,1.0,19.0,0.8495297805642633,0.668408220132358,0.2924,354,2379,0.1,0.25,15
30,15,true,,0.12990051608277964,0.2628489901235508,0.155692758547065,19,25,3.0,29.0,0.8590645062671965,0.24549067563436258,0.3022,354,2379,0.1,0.25,15
20,10,false,,0.15503178807504742,0.1712373832794502,0.030343645827126738,12,16,1.0,19.0,0.5690672963400236,0.4855371900826446,0.3272,355,2380,0.1,0.25,15
30,15,true,,0.17555112550363028,0.3172535195758696,0.19086465892107193,21,24,2.0,29.0,0.767691006484353,0.17056667606427967,0.2982,355,2380,0.1,0.25,15
20,10,false,,0.08233771530727838,0.5405195738670207,0.45788405177047,16,16,3.0,19.0,0.8478821362799264,0.714548802946593,0.2836,356,2381,0.1,0.25,15
30,15,true,,0.11062441365962337,0.5949442836778831,0.4910693764427588,23,26,3.0,29.0,0.8875572788156504,0.16284807895664435,0.2756,356,2381,0.1,0.25,15
20,10,false,,0.10499585272564528,0.10316618016484763,0.012302331878552883,8,2,1.0,18.0,0.5315847801994829,0.30439601034355374,0.2696,357,2382,0.1,0.25,15
30,15,false,,0.13840476353164266,0.180827744802287,0.060640704400899206,15,4,1.0,29.0,0.6333333333333333,0.25792880258899675,0.3032,357,2382,0.1,0.25,15
40,20,true,,0.15782138342588545,0.33000521714275005,0.19801317692398296,29,36,7.0,39.0,0.8808611029194928,0.1321144205249189,0.2728,357,2382,0.1,0.25,15
20,10,false,,0.1532124124661023,0.4138016861048372,0.2855433817751111,15,18,4.0,19.0,0.7593664331404203,0.6944867499238502,0.3068,358,2383,0.1,0.25,15
30,15,false,,0.16884908489266917,0.22060280293134943,0.08547225919945056,21,27,2.0,29.0,0.6422182468694096,0.14311270125223613,0.2818,358,2383,0.1,0.25,15
40,20,false,,0.18840586670081408,0.214277460393733,0.038494703338302266,18,7,1.0,38.0,0.6175660792951542,0.16795154185022027,0.2638,358,2383,0.1,0.25,15
50,25,true,,0.18874058431426483,0.3131268408025999,0.13839308804758663,37,37,4.0,48.0,0.8402159244264508,0.07017543859649122,0.2592,358,2383,0.1,0.25,15
20,10,false,,0.150461699478588,0.08720887425804215,-0.0804986761527197,5,1,1.0,17.0,0.3504488330341113,0.24021543985637342,0.2732,359,2384,0.1,0.25,15
30,15,false,,0.1766093924478221,0.14958411067812055,-0.04178096088194502,10,1,1.0,27.0,0.4045327538031667,0.21452964917727413,0.266,359,2384,0.1,0.25,15
40,20,false,,0.1831729978523335,0.20025981907688742,0.023545492780030625,17,1,1.0,38.0,0.5380418308578357,0.12943316156411033,0.2542,359,2384,0.1,0.25,15
50,25,true,,0.17780472856484103,0.2989880842465076,0.13063428242007546,33,33,16.0,47.0,0.8927621075039914,0.029803086748270355,0.2688,359,2384,0.1,0.25,15
20,10,false,,0.12190170902332863,0.10114070470975632,-0.009893926498870664,11,1,1.0,19.0,0.4811669128508124,0.4261447562776957,0.2448,360,2385,0.1,0.25,15
30,15,true,,0.11766445839834315,0.18162197716880063,0.08092803628537293,16,26,2.0,28.0,0.7319121447028424,0.1902454780361757,0.2944,360,2385,0.1,0.25,15
20,10,false,,0.09895939206306899,0.13834920975231235,0.04939091782168642,12,17,1.0,19.0,0.6100714528751275,0.519564477713508,0.2652,361,2386,0.1,0.25,15
30,15,false,,0.1501920707572746,0.18370805751751845,0.06950084046923644,10,2,1.0,28.0,0.5895051477914314,0.18532049153105282,0.2742,361,2386,0.1,0.25,15
40,20,true,,0.15737703112139845,0.2958571489498892,0.1648883985874488,23,22,3.0,38.0,0.9205316742081447,0.17335972850678733,0.2704,361,2386,0.1,0.25,15
20,10,false,,0.13780096145191104,0.14818721962762926,0.01887089007740543,11,16,1.0,19.0,0.5502304147465438,0.4414746543778802,0.3262,362,2387,0.1,0.25,15
30,15,false,,0.16793139018357467,0.28308764408271697,0.17773273769505554,21,25,2.0,29.0,0.6804489072652097,0.07560543414057885,0.284,362,2387,0.1,0.25,15
40,20,true,,0.17821504851651862,0.5753125636530257,0.39073716911241485,33,34,9.0,39.0,0.9579006455234353,0.08055009823182711,0.2668,362,2387,0.1,0.25,15
20,10,false,,0.1376588591009812,0.2705987832583262,0.14650968973765532,12,15,1.0,19.0,0.6858498961732423,0.4897656481756155,0.312,363,2388,0.1,0.25,15
30,15,true,,0.1563060458721605,0.3105416297955351,0.19280503913280939,17,23,3.0,29.0,0.8574673480976718,0.22969903463940944,0.311,363,2388,0.1,0.25,15
20,10,true,,0.11563369538506775,0.3106667764527483,0.2210903801307584,14,16,1.0,19.0,0.7569466624081763,0.5921430852762696,0.3094,364,2389,0.1,0.25,15
20,10,false,,0.10233497029028704,0.13724780281964707,0.03765985133382076,11,16,1.0,19.0,0.583723442563918,0.4169967590925459,0.2766,365,2390,0.1,0.25,15
30,15,true,,0.12559012719065832,0.3668715100730928,0.24527472209637002,24,25,8.0,29.0,0.8394208621256992,0.13655807831523528,0.2818,365,2390,0.1,0.25,15
20,10,false,,0.10388514835014974,0.4499791241336947,0.3562471702737448,15,16,2.0,19.0,0.8547954393024816,0.6653252850435949,0.3132,366,2391,0.1,0.25,15
30,15,true,,0.1346239506914114,0.3204540542815385,0.20453661951485338,22,25,7.0,29.0,0.8075117370892019,0.20219092331768387,0.2956,366,2391,0.1,0.25,15
20,10,false,,0.09225251739032014,0.2729265180839951,0.18843030687494575,15,17,1.0,19.0,0.745049504950495,0.5983026874115983,0.2886,367,2392,0.1,0.25,15
30,15,true,,0.11168277760757984,0.28204801089333303,0.17893766238015382,21,26,3.0,29.0,0.8350653704324505,0.21153201475025143,0.307,367,2392,0.1,0.25,15
20,10,false,,0.15319102649324562,0.18490164122369124,0.04255421402258017,10,6,2.0,19.0,0.5955903684363214,0.3907745865970409,0.3388,368,2393,0.1,0.25,15
30,15,false,,0.17684209681683724,0.19390488783310014,0.028082557429646465,13,2,1.0,28.0,0.5457777777777778,0.22014814814814815,0.2754,368,2393,0.1,0.25,15
40,20,false,,0.190077914822791,0.1989560058333222,0.014445522416094064,8,1,1.0,31.0,0.5275284260921603,0.15200478755236385,0.2334,368,2393,0.1,0.25,15
50,25,true,,0.1825878285819264,0.2653333386429522,0.10439080345110405,31,32,5.0,48.0,0.8355175180529554,0.0698047606311848,0.2626,368,2393,0.1,0.25,15
20,10,false,,0.12769526318983568,0.13394993286650855,0.00853673585012861,12,16,1.0,19.0,0.517643352236925,0.5053560176433523,0.3192,369,2394,0.1,0.25,15
30,15,true,,0.15020917799685818,0.49695351132196064,0.3451744697367173,24,26,1.0,29.0,0.7803768680961664,0.07959714100064977,0.2628,369,2394,0.1,0.25,15
20,10,false,,0.09725634440264819,0.1231916842317467,0.033540825121994335,13,15,2.0,19.0,0.5930388219544847,0.5585676037483266,0.299,370,2395,0.1,0.25,15
30,15,false,,0.14031222551108738,0.18437997644126736,0.06220326670341822,20,26,3.0,29.0,0.6513219284603421,0.29486780715396577,0.293,370,2395,0.1,0.25,15
40,20,true,,0.15059718240496625,0.350083673890746,0.24458354486110664,27,33,2.0,39.0,0.9130304841601913,0.14584578601315004,0.2796,370,2395,0.1,0.25,15
20,10,false,,0.09102029915654745,0.12624258265707888,0.041636136996793374,12,16,1.0,19.0,0.5880434782608696,0.47391304347826085,0.28,371,2396,0.1,0.25,15
30,15,false,,0.12855664314178625,0.19604960303338617,0.09180829687747047,16,1,1.0,28.0,0.6922827496757458,0.20979247730220493,0.3026,371,2396,0.1,0.25,15
40,20,true,,0.14084343900479038,0.25886414328363333,0.14692227013978848,24,26,2.0,38.0,0.8752969121140143,0.09916864608076009,0.2956,371,2396,0.1,0.25,15
20,10,false,,0.10208458694052029,0.1437519811494818,0.0506919415764777,14,17,2.0,19.0,0.619285952619286,0.6366366366366366,0.293,372,2397,0.1,0.25,15
30,15,true,,0.12977900016395655,0.5155986846680286,0.39051428011094236,24,26,14.0,29.0,0.9006707122325136,0.12583839029064198,0.2932,372,2397,0.1,0.25,15
20,10,false,,0.15963323257227746,0.15627890787778295,-0.0068357749068353735,11,2,1.0,19.0,0.4922004646531696,0.43976103551277795,0.2844,373,2398,0.1,0.25,15
30,15,false,,0.1755426004412432,0.18726255139624606,0.01172154787302486,10,4,1.0,26.0,0.5388793596340766,0.25471698113207547,0.2964,373,2398,0.1,0.25,15
40,20,true,,0.18735397700257744,0.3778784759398191,0.22506116011379906,30,34,12.0,38.0,0.9099362380446334,0.07412327311370882,0.2654,373,2398,0.1,0.25,15
20,10,true,,0.07474903939055821,0.18384599777073035,0.11336461943930125,13,17,2.0,19.0,0.7360060514372163,0.5086989409984871,0.2724,374,2399,0.1,0.25,15
20,10,false,,0.11518780510724849,0.1858454491540418,0.08414655253511868,13,17,1.0,19.0,0.669799092676604,0.5016202203499676,0.3028,375,2400,0.1,0.25,15
30,15,false,,0.14849338721845595,0.13407578570608683,-0.020789297938993007,11,1,1.0,28.0,0.4531019202363368,0.16469719350073855,0.2298,375,2400,0.1,0.25,15
40,20,true,,0.1384733342722183,0.45611997092671264,0.3289621629792403,33,35,6.0,39.0,0.9089767733835531,0.07501569365976146,0.2476,375,2400,0.1,0.25,15
20,10,false,,0.061114710403954775,0.09804946036540274,0.046894250407966326,11,2,1.0,19.0,0.5953379953379954,0.45594405594405596,0.148,376,2401,0.1,0.25,15
30,15,false,,0.7752023212902066,0.041663370661763253,-0.7343039697151761,1,1,1.0,6.0,0.05196850393700787,0.0,0.0406,376,2401,0.1,0.25,15
40,20,false,,0.12922063123277372,0.046480760632693435,-0.08906785961020168,3,1,1.0,12.0,0.27120315581854043,0.045364891518737675,0.0264,376,2401,0.1,0.25,15
50,25,false,,0.5763874042322292,0.04005398704313527,-0.5397518027157153,2,2,1.0,4.0,0.0,0.0,0.0158,376,2401,0.1,0.25,15
60,30,false,,0.47351545833534814,0.4980188551464982,0.024503396811150074,15,15,15.0,15.0,0.5,1.0,0.0002,376,2401,0.1,0.25,15
20,10,false,,0.10594693335289512,0.19602322138010822,0.10787472044286184,14,15,2.0,19.0,0.6785714285714286,0.5874499332443258,0.3004,377,2402,0.1,0.25,15
30,15,false,,0.11818856305182152,0.15805155123898007,0.053546349297810464,21,24,1.0,29.0,0.6165857043719639,0.15163081193615544,0.2628,377,2402,0.1,0.25,15
40,20,true,,0.13478413057866917,0.35269409094784787,0.22388996015445436,31,36,7.0,39.0,0.8807484934982557,0.11132254995242626,0.2788,377,2402,0.1,0.25,15
20,10,false,,0.1198306260979792,0.08212914758004748,-0.04710791625002991,7,1,1.0,19.0,0.38429906542056075,0.2833644859813084,0.2628,378,2403,0.1,0.25,15
30,15,true,,0.11762008283282267,0.6463704352947397,0.525748118582013,23,24,7.0,29.0,0.9646397884996696,0.12987442167878388,0.29,378,2403,0.1,0.25,15
20,10,false,,0.11449939187173061,0.3661824336059082,0.2849752565633147,14,16,1.0,19.0,0.6793867120954004,0.559114139693356,0.2884,379,2404,0.1,0.25,15
30,15,true,,0.13061412490855737,0.26856129680310536,0.17331622629557988,18,26,3.0,29.0,0.8483556638246041,0.22137637028014617,0.2938,379,2404,0.1,0.25,15
20,10,false,,0.15851769517915545,0.23041501746634951,0.09533992468842292,11,14,1.0,19.0,0.6199162679425837,0.4333133971291866,0.306,380,2405,0.1,0.25,15
30,15,true,,0.2028926713210931,0.30448576471265343,0.1456437190845593,19,25,2.0,29.0,0.7563141826255898,0.22675548154315847,0.3098,380,2405,0.1,0.25,15
20,10,false,,0.11941309872898345,0.4710880834314357,0.3743942623620354,15,17,4.0,19.0,0.8491709183673469,0.7037627551020408,0.2932,381,2406,0.1,0.25,15
30,15,true,,0.14826459261784763,0.35262055937379183,0.21649561357528296,24,25,5.0,29.0,0.8295042321644498,0.17110036275695284,0.285,381,2406,0.1,0.25,15
20,10,false,,0.06423962715833045,0.29272872834153063,0.23569446856827703,15,16,2.0,19.0,0.8511166253101737,0.6679073614557486,0.2206,382,2407,0.1,0.25,15
30,15,true,,0.1040958204766042,0.4152066892083839,0.30909938901115075,22,24,2.0,29.0,0.8325808878856283,0.17569601203912716,0.2898,382,2407,0.1,0.25,15
20,10,false,,0.08699938389349479,0.1300991672985157,0.04949483023467147,12,14,2.0,19.0,0.6426229508196721,0.4965391621129326,0.2966,383,2408,0.1,0.25,15
30,15,true,,0.1165459197301129,0.3086474904649305,0.20260064858799198,20,24,4.0,29.0,0.8673015873015874,0.23142857142857143,0.308,383,2408,0.1,0.25,15
20,10,false,,0.11140704081428836,0.18108339152103747,0.08645313718524097,14,17,1.0,19.0,0.6405545927209705,0.5618717504332755,0.291,384,2409,0.1,0.25,15
30,15,true,,0.13130608071666608,0.25458137253092444,0.1352554598257657,20,22,2.0,29.0,0.7330415754923414,0.17411691153485465,0.2886,384,2409,0.1,0.25,15
20,10,false,,0.15273769940563658,0.10712997944640668,-0.06064859666975159,6,1,1.0,19.0,0.42671480144404333,0.29169675090252706,0.2584,385,2410,0.1,0.25,15
30,15,false,,0.12609656944293135,0.1764664415356347,0.0852000611912642,13,4,1.0,28.824999999999818,0.6502695417789758,0.21057951482479784,0.2884,385,2410,0.1,0.25,15
40,20,true,,0.14326566787450426,0.2903383334265669,0.15615100693630934,31,33,12.0,39.0,0.8424574209245742,0.09367396593673966,0.2702,385,2410,0.1,0.25,15
20,10,false,,0.14346502529242644,0.09047660938817105,-0.06363912960919635,8,2,1.0,18.0,0.3376792698826597,0.33148631029986964,0.2874,386,2411,0.1,0.25,15
30,15,false,,0.13198757550729628,0.16091692397232996,0.04661531813454142,19,1,1.0,29.0,0.5672814207650273,0.15949453551912568,0.2598,386,2411,0.1,0.25,15
40,20,true,,0.14308333347263424,0.2263475858381127,0.11797230290829377,17,5,2.0,36.0,0.7775147928994083,0.19319526627218936,0.2696,386,2411,0.1,0.25,15
20,10,false,,0.10771997994380841,0.21305896420123063,0.09706369663914487,14,15,1.0,19.0,0.6717255031342791,0.5951831078851864,0.3088,387,2412,0.1,0.25,15
30,15,true,,0.1308881210202534,0.26989301060673543,0.15764975144918225,23,25,3.0,29.0,0.7115628970775095,0.15787801778907243,0.2966,387,2412,0.1,0.25,15
20,10,false,,0.1198852639742756,0.1236179471927315,0.004899859758891165,9,1,1.0,19.0,0.5151717239079693,0.3157719239746582,0.307,388,2413,0.1,0.25,15
30,15,true,,0.1346634256493775,0.22936527449616625,0.11198456852836593,19,23,1.0,28.0,0.7175015852885225,0.20481927710843373,0.2852,388,2413,0.1,0.25,15
20,10,false,,0.13716593994989434,0.14501750644515365,0.009285505193174046,11,16,1.0,19.0,0.5267175572519084,0.42334605597964375,0.2916,389,2414,0.1,0.25,15
30,15,false,,0.17304930974777827,0.18156172310148896,0.017513123260223265,10,3,1.0,28.0,0.5417406749555951,0.16725873297809354,0.2872,389,2414,0.1,0.25,15
40,20,true,,0.17887846441293076,0.329415088243457,0.18111319794267644,28,32,3.0,39.0,0.9128871681415929,0.09651548672566372,0.287,389,2414,0.1,0.25,15
20,10,true,,0.14153009416162723,0.23868678857095454,0.1140052844473509,13,16,1.0,19.0,0.7163375224416517,0.547576301615799,0.3186,390,2415,0.1,0.25,15
20,10,false,,0.11164221017238624,0.11122107873063734,-0.00684273321404523,8,1,1.0,19.0,0.48184818481848185,0.32306563989732306,0.27,391,2416,0.1,0.25,15
30,15,true,,0.12821058118343184,0.21557528754282096,0.13498773206311573,13,7,2.0,27.0,0.7435193656602622,0.20433058859408357,0.3026,391,2416,0.1,0.25,15
20,10,false,,0.1905843599619284,0.14215385845445336,-0.05758648533511626,6,2,1.0,18.0,0.3763440860215054,0.2280202403542062,0.2522,392,2417,0.1,0.25,15
30,15,false,,0.1860979056292477,0.28374558112868326,0.14090851486482553,16,3,1.0,28.0,0.6964591661907481,0.21501998857795546,0.2984,392,2417,0.1,0.25,15
40,20,true,,0.17751325163023224,0.24788367513213722,0.1007335870803315,15,8,1.0,36.0,0.778052805280528,0.2268976897689769,0.28,392,2417,0.1,0.25,15
20,10,false,,0.15838396133132818,0.17489782625224035,0.018160190224347617,9,1,1.0,19.0,0.5269683818970862,0.3862368257904526,0.2922,393,2418,0.1,0.25,15
30,15,true,,0.15173625648659372,0.23148529313493074,0.10064746434118171,22,26,3.0,29.0,0.7058314087759815,0.20092378752886836,0.2894,393,2418,0.1,0.25,15
20,10,false,,0.1123966590648488,0.17239249422372216,0.08157366068641836,12,16,1.0,19.0,0.6427158866183257,0.494726433750824,0.3098,394,2419,0.1,0.25,15
30,15,true,,0.13187056615147671,0.3081697363204869,0.20878523372860686,20,24,2.0,29.0,0.8399872245289045,0.22165442350686682,0.2808,394,2419,0.1,0.25,15
20,10,false,,0.20048982586954286,0.11854626920607332,-0.10258349916275529,5,1,1.0,18.0,0.3453473132372215,0.22378768020969855,0.2756,395,2420,0.1,0.25,15
30,15,false,,0.15531955962091115,0.16341976437308295,0.009858515615195323,12,2,1.0,28.0,0.5132716049382716,0.15524691358024692,0.2842,395,2420,0.1,0.25,15
40,20,true,,0.1522639883845065,0.2627682906564121,0.14812758050989647,19,21,2.0,38.0,0.8614177803602556,0.1841952353282975,0.292,395,2420,0.1,0.25,15
20,10,false,,0.13932162670214637,0.22103282698515103,0.1091961565654858,12,17,1.0,19.0,0.6721162579473207,0.47048138056312444,0.3236,396,2421,0.1,0.25,15
30,15,false,,0.1870721215915859,0.26598462113423893,0.08907189199408991,21,25,2.0,29.0,0.6868801360158685,0.24681212808160952,0.2948,396,2421,0.1,0.25,15
40,20,true,,0.18623459599936343,0.26138417215428156,0.11690526818317595,13,7,1.0,38.0,0.8074361820199778,0.18701442841287458,0.2834,396,2421,0.1,0.25,15
20,10,true,,0.08511667859044,0.24332244014636664,0.1662230815449464,14,17,2.0,19.0,0.7406340057636888,0.6188760806916427,0.2878,397,2422,0.1,0.25,15
20,10,false,,0.11887721133146992,0.3208380012376665,0.21691561379985896,15,16,2.0,19.0,0.7255469755469756,0.592985842985843,0.3032,398,2423,0.1,0.25,15
30,15,false,,0.16582330298920292,0.22467046038316849,0.11362419799782411,17,3,1.0,29.0,0.6689990873136599,0.15759050806206268,0.2714,398,2423,0.1,0.25,15
40,20,true,,0.17770037268195682,0.30234964712010526,0.1427717353076714,27,33,5.0,39.0,0.8614130434782609,0.11739130434782609,0.2774,398,2423,0.1,0.25,15
20,10,false,,0.09049020837259454,0.14730406650453437,0.05760639943428174,13,16,1.0,19.0,0.6590909090909091,0.5171328671328671,0.299,399,2424,0.1,0.25,15
30,15,false,,0.10615466439818493,0.1403297979182056,0.045103720957205606,19,26,2.0,29.0,0.6266140602582496,0.21377331420373027,0.3056,399,2424,0.1,0.25,15
40,20,false,,0.11143214983218176,0.153884636083605,0.04905499333979152,30,36,4.0,39.0,0.6298059318930794,0.07799340900768949,0.2884,399,2424,0.1,0.25,15
50,25,false,,0.12310827614343388,0.1589519263589193,0.06828231291533512,18,14,1.0,48.0,0.666420664206642,0.1981549815498155,0.2682,399,2424,0.1,0.25,15
60,30,true,,0.1293863413408699,0.3315154632013594,0.2001895788095527,46,49,3.0,58.0,0.9356237491661107,0.037358238825883926,0.2306,399,2424,0.1,0.25,15
20,10,false,,0.1341503642765743,0.21350743436006392,0.09666106889068257,11,11,1.0,19.0,0.6970163026760997,0.4014149492463857,0.3198,400,2425,0.1,0.25,15
30,15,true,,0.16975283744157846,0.3199360754276499,0.189193042072006,18,25,3.0,29.0,0.7940264863341786,0.24485770639616794,0.2906,400,2425,0.1,0.25,15
20,10,false,,0.14179616474614123,0.1793981049654231,0.04620776990996429,12,16,2.0,19.0,0.6095017381228274,0.5011587485515643,0.337,401,2426,0.1,0.25,15
30,15,false,,0.16701840542595978,0.22705231160082986,0.0810769750746029,17,3,1.0,29.0,0.6706499562809677,0.23491693383853104,0.2942,401,2426,0.1,0.25,15
40,20,true,,0.17638617357746567,0.23621160202833008,0.10206557810383775,23,35,1.0,39.0,0.7871345029239766,0.11988304093567251,0.2456,401,2426,0.1,0.25,15
20,10,false,,0.08783440542828012,0.40209516772053006,0.31517094885297375,15,15,2.0,19.0,0.8480113636363636,0.6502130681818182,0.3044,402,2427,0.1,0.25,15
30,15,false,,0.16347018914639064,0.1561104279034718,0.004712949192124449,9,1,1.0,28.0,0.5101971447994561,0.1539768864717879,0.2496,402,2427,0.1,0.25,15
40,20,true,,0.14972823625938103,0.2776772743823493,0.14898202065746097,22,22,3.0,37.0,0.8948863636363636,0.16477272727272727,0.3028,402,2427,0.1,0.25,15
20,10,false,,0.10318481354277013,0.09354878134234385,0.0071514455252072034,12,1,1.0,19.0,0.5011296882060551,0.4509715318572074,0.1464,403,2428,0.1,0.25,15
30,15,true,,0.09962025251634121,0.23213921966154885,0.14080175155046773,23,25,2.0,29.0,0.7291831879460745,0.10150674068199841,0.2606,403,2428,0.1,0.25,15
20,10,false,,0.2025214415183816,0.15737980631202012,-0.0830724344220397,6,1,1.0,18.0,0.38409161250386875,0.3218817703497369,0.3024,404,2429,0.1,0.25,15
30,15,true,,0.1791366840598289,0.25243665969889334,0.0817435072832951,20,21,5.0,29.0,0.7229114971050455,0.2561345464571271,0.2944,404,2429,0.1,0.25,15
20,10,false,,0.12852105803909364,0.25284578218221543,0.13480446109132127,15,16,4.0,19.0,0.6933617539585871,0.6093179049939099,0.3108,405,2430,0.1,0.25,15
30,15,false,,0.13947086206084527,0.14779891275164306,0.012867659607430831,11,2,1.0,28.0,0.5503563681437867,0.19646730709637433,0.287,405,2430,0.1,0.25,15
40,20,true,,0.15913039438080165,0.336119805878138,0.20083607762386246,31,34,6.0,39.0,0.8997641509433962,0.11084905660377359,0.2682,405,2430,0.1,0.25,15
20,10,false,,0.17586031215037798,0.08461479266006233,-0.10243950892900701,6,2,1.0,19.0,0.2906621392190153,0.232937181663837,0.2682,406,2431,0.1,0.25,15
30,15,true,,0.12984166575621386,0.4615152702815424,0.3470631729478547,23,25,4.0,29.0,0.867979341510652,0.19044544867656552,0.2756,406,2431,0.1,0.25,15
20,10,false,,0.10642224415502026,0.6110981835273173,0.497394914743026,15,16,3.0,19.0,0.9049224544841538,0.7673634524612273,0.2962,407,2432,0.1,0.25,15
30,15,false,,0.14432861638412364,0.23488145564277377,0.12142721250096407,22,26,2.0,29.0,0.6730418943533698,0.17304189435336975,0.2944,407,2432,0.1,0.25,15
40,20,true,,0.16523708050941568,0.38871596140991393,0.23288457173469257,31,36,4.0,39.0,0.8752171395483498,0.06832657788071801,0.2524,407,2432,0.1,0.25,15
20,10,false,,0.08026223729246404,0.10764592031038378,0.028525740132244404,13,15,1.0,19.0,0.5885579937304075,0.4988244514106583,0.2412,408,2433,0.1,0.25,15
30,15,true,,0.10410762662542575,0.25950803964737357,0.16272679762005313,23,26,2.0,29.0,0.7854220899962812,0.15619189289698773,0.285,408,2433,0.1,0.25,15
20,10,false,,0.15048079795664365,0.10981358004770238,-0.0486233498787526,7,4,1.0,19.0,0.35482825664290346,0.27900194426442,0.3086,409,2434,0.1,0.25,15
30,15,false,,0.13425620124532195,0.17024112693188856,0.0570941417677035,15,25,2.0,29.0,0.6425015556938395,0.19477286869943994,0.303,409,2434,0.1,0.25,15
40,20,true,,0.15221118968978964,0.21061456019909372,0.08611516208722458,15,4,2.0,37.0,0.7420011634671321,0.13089005235602094,0.2682,409,2434,0.1,0.25,15
20,10,false,,0.11359323382070864,0.52761904274862,0.4238810865931224,15,16,1.0,19.0,0.6955445544554455,0.5463224893917963,0.2696,410,2435,0.1,0.25,15
30,15,false,,0.11364087317668163,0.14440484467574677,0.04656135441249121,18,25,1.0,29.0,0.6365828453324147,0.12848777127109887,0.2928,410,2435,0.1,0.25,15
40,20,true,,0.1356644055523645,0.24065030112063565,0.122962798013075,31,34,3.9000000000000057,39.0,0.7335066623334416,0.07117322066948327,0.2684,410,2435,0.1,0.25,15
20,10,false,,0.15153110992515764,0.12193777269764441,-0.046956995820448905,9,1,1.0,19.0,0.4150523975865354,0.3620196887900921,0.2996,411,2436,0.1,0.25,15
30,15,true,,0.14198318792987538,0.23488722794192993,0.1225285369289909,16,24,1.0,28.0,0.7056303549571603,0.22643818849449204,0.2922,411,2436,0.1,0.25,15
20,10,false,,0.1115343823700356,0.3238859258049267,0.21314717532661465,15,16,2.0,19.0,0.7696520618556701,0.6842783505154639,0.2908,412,2437,0.1,0.25,15
30,15,false,,0.13858971395753245,0.5993635636789493,0.4713425059434575,25,25,7.0,29.0,0.958005249343832,0.09284776902887139,0.2624,412,2437,0.1,0.25,15
40,20,true,,0.15000580027935032,0.2181981189531592,0.08584506650675278,20,16,3.0,39.0,0.7739385065885798,0.24216691068814056,0.2738,412,2437,0.1,0.25,15
20,10,false,,0.10444266252922946,0.4007606011453824,0.298186781878269,15,18,2.0,19.0,0.7219566016917984,0.608679661640309,0.257,413,2438,0.1,0.25,15
30,15,false,,0.1565447226160858,0.1220684922017783,-0.0549599831256289,8,1,1.0,29.0,0.4413767019667171,0.07791225416036308,0.2376,413,2438,0.1,0.25,15
40,20,true,,0.137560880155154,0.23441943596438072,0.11510346326536604,25,36,3.825000000000003,39.0,0.7652383826191913,0.1288473144236572,0.278,413,2438,0.1,0.25,15
20,10,true,,0.13948233582962108,0.3346671289825033,0.21723964041902577,14,16,1.0,19.0,0.7546434991012583,0.6153385260635111,0.3138,414,2439,0.1,0.25,15
20,10,false,,0.14556510310597898,0.14183247354028922,-0.015059675629440154,9,7,1.0,18.0,0.4583581201665675,0.34770969660916123,0.3246,415,2440,0.1,0.25,15
30,15,true,,0.1589640982679428,0.2709074784916483,0.1335943953647924,20,24,1.0,29.0,0.7555092316855271,0.21262656343061345,0.2776,415,2440,0.1,0.25,15
20,10,true,,0.16295682890391805,0.2818660134761053,0.157811616976323,14,16,1.0,19.0,0.7459627329192546,0.5363354037267081,0.3052,416,2441,0.1,0.25,15
20,10,false,,0.09440549509272377,0.35952648902436773,0.27711082082293204,15,16,2.0,19.0,0.8332735747579778,0.6805306561491574,0.2818,417,2442,0.1,0.25,15
30,15,true,,0.14221798755564818,0.2932708720720894,0.16821273323087377,19,26,5.0,29.0,0.839766081871345,0.30350877192982456,0.3148,417,2442,0.1,0.25,15
20,10,false,,0.14406796507953373,0.14169532282163066,0.00474719661580672,11,17,1.0,19.0,0.5160478288231592,0.4150409062303335,0.2898,418,2443,0.1,0.25,15
30,15,false,,0.1779451096679613,0.21099206736301607,0.040801977963287966,21,25,2.0,29.0,0.5790519443655975,0.20493897246664775,0.273,418,2443,0.1,0.25,15
40,20,true,,0.18804812949114677,0.6486769298530934,0.45391746171244635,34,35,11.0,39.0,0.9539417914665159,0.04549307714043515,0.242,418,2443,0.1,0.25,15
20,10,false,,0.12042584228841542,0.6267893663220294,0.5087798258731279,16,17,3.0,19.0,0.8617747440273038,0.7170648464163822,0.278,419,2444,0.1,0.25,15
30,15,false,,0.1413663777826727,0.17752992448021165,0.0667615069732217,15,4,1.0,29.0,0.6572755417956656,0.14829721362229104,0.2992,419,2444,0.1,0.25,15
40,20,true,,0.1581950595140434,0.2246940164422633,0.09325924164221766,23,27,3.0,39.0,0.7364651962188484,0.1486680034374105,0.267,419,2444,0.1,0.25,15
20,10,false,,0.15564711479978086,0.15611466202116558,0.0016527701105874537,10,17,1.0,19.0,0.5024183796856106,0.3633615477629988,0.299,420,2445,0.1,0.25,15
30,15,false,,0.17028941421391305,0.22131508449018522,0.0700063734255767,12,12,1.0,29.0,0.6713467048710602,0.23839541547277937,0.269,420,2445,0.1,0.25,15
40,20,true,,0.2010461606872738,0.28695748385075137,0.11509330537203216,33,37,6.0,39.0,0.7523598001110494,0.06774014436424208,0.2672,420,2445,0.1,0.25,15
20,10,true,,0.10418906352883386,0.17547386561691228,0.0936421281185257,11,15,1.0,18.0,0.7038653366583542,0.44046134663341646,0.3218,421,2446,0.1,0.25,15
20,10,false,,0.1408148710659204,0.11125125406521823,-0.03746672949944052,9,5,1.0,19.0,0.42833662064431294,0.3349769888231427,0.2934,422,2447,0.1,0.25,15
30,15,true,,0.12688397271257162,0.19165249350921557,0.09328877298145663,20,24,2.0,29.0,0.7033070866141732,0.19338582677165353,0.2984,422,2447,0.1,0.25,15
20,10,false,,0.11873002430458704,0.21006616181482451,0.10648247058665553,13,17,1.0,19.0,0.6754583467352847,0.5239626889675136,0.3188,423,2448,0.1,0.25,15
30,15,true,,0.13045946754060717,0.42981150396069456,0.29440710543908677,24,26,2.0,29.0,0.8026183282980867,0.11715340718361866,0.2756,423,2448,0.1,0.25,15
20,10,false,,0.16520769860929307,0.19281678398098256,0.04586545610692737,12,16,1.0,19.0,0.5744292237442923,0.46453576864535767,0.313,424,2449,0.1,0.25,15
30,15,false,,0.16033186070142252,0.19627620770342402,0.07419466387748175,14,27,1.0,29.0,0.6205652435357787,0.1915213469633193,0.2744,424,2449,0.1,0.25,15
40,20,true,,0.18164839208722083,0.33431362251604374,0.1718969473478387,32,34,4.0,39.0,0.8078453666856168,0.06395679363274588,0.245,424,2449,0.1,0.25,15
20,10,false,,0.22606060752327142,0.09208208116059084,-0.13730218827512228,4,1,1.0,19.0,0.3141300116776956,0.20786298170494355,0.2288,425,2450,0.1,0.25,15
30,15,true,,0.134160056095372,0.2105592666391399,0.11078363423218737,13,7,1.0,28.0,0.7741641337386018,0.21033434650455926,0.305,425,2450,0.1,0.25,15
20,10,false,,0.140293266892579,0.30419741032021735,0.191153220665226,15,16,2.0,19.0,0.721998138380391,0.6192987899472541,0.2912,426,2451,0.1,0.25,15
30,15,false,,0.1601701122457648,0.19134216673131155,0.06527071694704287,17,3,1.0,28.0,0.6247678018575852,0.09411764705882353,0.2766,426,2451,0.1,0.25,15
40,20,true,,0.16839334984052734,0.26638559538038276,0.12041096227083238,27,31,4.0,38.0,0.8234336859235151,0.14266341198806617,0.265,426,2451,0.1,0.25,15
20,10,false,,0.06354215891203623,0.11748684745766606,0.061541901236113555,12,17,1.0,19.0,0.6479227864036928,0.48174569869911876,0.2088,427,2452,0.1,0.25,15
30,15,true,,0.12304024761449771,0.6707132713882437,0.5378472822744598,24,26,2.0,29.0,0.920997920997921,0.11053361053361054,0.2902,427,2452,0.1,0.25,15
20,10,false,,0.15108532186462498,0.11458886626666484,-0.048504719845617626,5,1,1.0,18.0,0.4711183941007784,0.3510856206472757,0.2368,428,2453,0.1,0.25,15
30,15,true,,0.12227771190219949,0.22379389641919908,0.10847819489131418,23,26,3.0,29.0,0.7069585102907546,0.15485135576608952,0.3016,428,2453,0.1,0.25,15
20,10,false,,0.10992918829215663,0.13151651875847867,0.03516499519451059,11,1,1.0,19.0,0.5600782778864971,0.42818003913894326,0.2648,429,2454,0.1,0.25,15
30,15,true,,0.12782941933026112,0.5063653246767497,0.3865421824214709,24,26,12.0,29.0,0.9133205863607393,0.14754620777565328,0.2902,429,2454,0.1,0.25,15
20,10,false,,0.12070998744839218,0.17443472117780012,0.06457517793935866,13,16,1.0,19.0,0.6156985871271585,0.5372056514913658,0.3128,430,2455,0.1,0.25,15
30,15,false,,0.15585893758061867,0.17957426829184378,0.03891442866430957,17,23,1.0,29.0,0.583580320094843,0.23829282750444578,0.291,430,2455,0.1,0.25,15
40,20,true,,0.14990787912505055,0.22891156203338836,0.11572269196288508,11,10,1.0,37.0,0.8012636415852958,0.13009764503159105,0.2798,430,2455,0.1,0.25,15
20,10,false,,0.09456947811923376,0.17143744348508208,0.08232512291013103,13,14,2.0,19.0,0.6993639102778708,0.5376632072313358,0.3212,431,2456,0.1,0.25,15
30,15,true,,0.12056465899166473,0.41041975384009205,0.3016987240789739,23,25,10.0,29.0,0.8767488341105929,0.2195203197868088,0.2856,431,2456,0.1,0.25,15
20,10,false,,0.0998276728126918,0.15460703587770702,0.08557902515993195,14,17,2.0,19.0,0.6131182041388986,0.5289372150122764,0.2866,432,2457,0.1,0.25,15
30,15,false,,0.1660257625772186,0.12797338923168514,-0.05898394256562142,8,1,1.0,28.0,0.4218583125667497,0.12103951584193663,0.2388,432,2457,0.1,0.25,15
40,20,true,,0.14207139344835026,0.21789339880909317,0.10811044794542672,25,35,3.0,38.0,0.8052600472813238,0.15218676122931443,0.2756,432,2457,0.1,0.25,15
20,10,true,,0.12050742098904126,0.38179567559829763,0.27783528149656234,14,16,1.0,19.0,0.8196141479099679,0.5980707395498392,0.3038,433,2458,0.1,0.25,15
20,10,false,,0.09660727426518323,0.6327193343382459,0.5352183768911309,15,15,4.0,19.0,0.9537688442211055,0.7755443886097152,0.2882,434,2459,0.1,0.25,15
30,15,true,,0.1481170958432169,0.3827387293339528,0.2584827235747429,20,25,4.0,29.0,0.8875453446191052,0.2717654171704958,0.2942,434,2459,0.1,0.25,15
20,10,false,,0.12723407277987658,0.6196529170032148,0.5044082959774592,15,16,1.0,19.0,0.6986810957051065,0.6022996280013527,0.266,435,2460,0.1,0.25,15
30,15,false,,0.1335592472052575,0.15851241456133747,0.03884309869807613,19,26,1.0,29.0,0.5766612641815235,0.15202593192868719,0.2708,435,2460,0.1,0.25,15
40,20,true,,0.1558360011127796,0.2400778494852964,0.10013205058601848,29,33,4.0,39.0,0.7722141823444284,0.12416787264833574,0.2736,435,2460,0.1,0.25,15
20,10,false,,0.10788490014429136,0.21697352946887322,0.12078748001513842,14,16,2.0,19.0,0.6937416777629827,0.5366178428761651,0.309,436,2461,0.1,0.25,15
30,15,true,,0.14798951826315923,0.3707542403868161,0.234444676133986,21,25,2.0,29.0,0.8353823088455772,0.1679160419790105,0.2932,436,2461,0.1,0.25,15
20,10,true,,0.07578245144424603,0.21164445420483644,0.1341873703552168,14,14,2.0,19.0,0.7754723971841423,0.5809559095961467,0.2848,437,2462,0.1,0.25,15
20,10,false,,0.09315323298820405,0.42105268753848857,0.3205189707023878,15,16,3.0,19.0,0.8049036777583187,0.6865148861646234,0.2856,438,2463,0.1,0.25,15
30,15,true,,0.1345733734204697,0.23418925302765325,0.11346266693065782,18,25,3.0,28.0,0.7387116195063215,0.25677302829620713,0.311,438,2463,0.1,0.25,15
20,10,false,,0.170618462844161,0.152825942916626,-0.009888109844035403,8,1,1.0,19.0,0.48767663489977,0.3739730529083142,0.2766,439,2464,0.1,0.25,15
30,15,true,,0.16067085112594842,0.34027659721747544,0.1887451511997003,23,26,5.0,29.0,0.8584740827023879,0.17035527082119978,0.297,439,2464,0.1,0.25,15
20,10,false,,0.09494203107999455,0.4853831139727256,0.39530894923112003,15,16,3.0,19.0,0.8992932862190812,0.7374558303886926,0.2926,440,2465,0.1,0.25,15
30,15,true,,0.142717456489463,0.38198440071645107,0.2669020228388071,19,19,3.0,29.0,0.8790346907993967,0.23469079939668175,0.3006,440,2465,0.1,0.25,15
20,10,true,,0.10997600277055437,0.3054626833966282,0.2163610571081631,14,15,2.0,19.0,0.8157475294867708,0.6149187121453618,0.311,441,2466,0.1,0.25,15
20,10,true,,0.08142506113805388,0.3734908830616367,0.3014540592699062,14,16,2.0,19.0,0.839896945160103,0.6492454913507545,0.3034,442,2467,0.1,0.25,15
20,10,false,,0.3250540181527572,0.09709914461463798,-0.23995381473539557,3,1,1.0,19.0,0.3065233506300964,0.21015567086730913,0.231,443,2468,0.1,0.25,15
30,15,true,,0.12189282999042925,0.2779576344280415,0.16413222866759175,23,26,2.0,29.0,0.7732136693130826,0.1301346220227822,0.2884,443,2468,0.1,0.25,15
20,10,true,,0.10723068703070951,0.2862643524706666,0.18614851613573746,14,16,1.0,19.0,0.829979879275654,0.5335345405767941,0.3066,444,2469,0.1,0.25,15
20,10,true,,0.08750413723797931,0.4899320155557754,0.4079113550711215,14,16,2.0,19.0,0.8517980385034508,0.6033418089357065,0.2914,445,2470,0.1,0.25,15
20,10,false,,0.11569133983303898,0.5011677107143608,0.3836221348946781,15,16,2.0,19.0,0.8466257668711656,0.6642808452624404,0.2758,446,2471,0.1,0.25,15
30,15,false,,0.11968342918391617,0.1240464364842168,0.00825849893442876,10,4,1.0,28.0,0.5271834444054717,0.20168361978253244,0.2826,446,2471,0.1,0.25,15
40,20,true,,0.12297983380309761,0.40373651681505446,0.28927572724946754,29,34,13.0,38.0,0.947317388493859,0.1134453781512605,0.2806,446,2471,0.1,0.25,15
20,10,false,,0.09677541341306355,0.5528188153799055,0.45483010005586383,15,17,3.0,19.0,0.8947008547008547,0.7452991452991453,0.302,447,2472,0.1,0.25,15
30,15,false,,0.1698690808976052,0.16368625496869074,-0.012613536671219422,14,1,1.0,28.0,0.4891970332150919,0.19542083198968074,0.268,447,2472,0.1,0.25,15
40,20,true,,0.1604120831188691,0.3107080458819358,0.17504856291367624,29,34,4.0,38.0,0.9034561553841759,0.1305341331048272,0.2698,447,2472,0.1,0.25,15
20,10,false,,0.1766719765183115,0.11710580772503906,-0.0746768805778584,6,1,1.0,18.0,0.3731973267674991,0.24164614843475202,0.2548,448,2473,0.1,0.25,15
30,15,true,,0.14608350223157981,0.27468980341826876,0.14624926115026246,23,26,2.0,29.0,0.8066382460414129,0.14859926918392205,0.2896,448,2473,0.1,0.25,15
20,10,false,,0.3152516277023934,0.09446832567861423,-0.2454711481553688,4,1,1.0,18.0,0.31853496115427304,0.24602293747687753,0.2318,449,2474,0.1,0.25,15
30,15,true,,0.15328588907683588,0.33141631877255634,0.20989628855721043,22,25,1.0,29.0,0.7157670021347972,0.15065568770966759,0.282,449,2474,0.1,0.25,15
20,10,true,,0.10386861296127352,0.2480021028833424,0.1485486823999984,14,16,1.0,19.0,0.7256576699692517,0.5579091219678852,0.2908,450,2475,0.1,0.25,15
20,10,true,,0.11685792552545682,0.24349080538957468,0.14191535720717074,13,16,2.0,19.0,0.727869878010635,0.5223647169221145,0.3218,451,2476,0.1,0.25,15
20,10,false,,0.1576730757303783,0.14580173033750368,-0.009137599704420837,10,2,1.0,19.0,0.4930953182889862,0.40047153923880097,0.2798,452,2477,0.1,0.25,15
30,15,true,,0.1403523301392446,0.28385817124387325,0.17168528863966237,17,21,2.0,28.0,0.8134838134838135,0.286011286011286,0.3086,452,2477,0.1,0.25,15
20,10,true,,0.11558430324793141,0.19462323930430242,0.1039396986155487,11,16,1.0,19.0,0.7292590246991767,0.4423685877137429,0.323,453,2478,0.1,0.25,15
20,10,false,,0.08381166901862594,0.1797759645945108,0.10069563921261682,13,15,1.0,19.0,0.6684861717612809,0.5243813682678311,0.2964,454,2479,0.1,0.25,15
30,15,true,,0.13034284899981027,0.22851950462720827,0.12924877177402133,18,27,1.0,29.0,0.7477535301668806,0.13510911424903724,0.2984,454,2479,0.1,0.25,15
20,10,false,,0.11503789462616805,0.14386288406010106,0.053481353382994784,11,17,1.0,19.0,0.5808189655172413,0.4005028735632184,0.28,455,2480,0.1,0.25,15
30,15,false,,0.1422027727280853,0.1828787065237454,0.06467966750459297,13,5,1.0,27.0,0.6596587446678854,0.25929311395490556,0.2834,455,2480,0.1,0.25,15
40,20,true,,0.15280669104658065,0.30335791736616474,0.1726323958844216,23,27,3.0,37.0,0.9118387909319899,0.16484746711446963,0.2844,455,2480,0.1,0.25,15
20,10,false,,0.10603043071113821,0.670101415437275,0.5646629437635952,15,16,1.0,19.0,0.8521956444127098,0.6436986790431989,0.2722,456,2481,0.1,0.25,15
30,15,true,,0.1640904764109294,0.3648975352720488,0.252782654021325,18,1,1.0,29.0,0.7496192506853487,0.19311605239110569,0.2826,456,2481,0.1,0.25,15
20,10,false,,0.1181736676505911,0.10610899377536523,-0.010301947472573764,7,1,1.0,18.0,0.4820359281437126,0.2657185628742515,0.2562,457,2482,0.1,0.25,15
30,15,true,,0.14328578637810493,0.21858912843166084,0.0936543562527412,17,26,1.0,29.0,0.7424422050978068,0.21280379371665678,0.3168,457,2482,0.1,0.25,15
20,10,false,,0.13387075538190865,0.19550640620057805,0.08205322122537324,12,16,1.0,19.0,0.6038798498122653,0.4862327909887359,0.303,458,2483,0.1,0.25,15
30,15,true,,0.12380254403037178,0.2936929537286911,0.18637354464824657,23,27,3.0,29.0,0.754302103250478,0.14244741873804972,0.2932,458,2483,0.1,0.25,15
20,10,true,,0.09514247513905676,0.1910905370110649,0.11499867579404535,13,16,3.0,19.0,0.774380431284197,0.5774058577405857,0.3272,459,2484,0.1,0.25,15
20,10,false,,0.10919244968820452,0.5839363101556303,0.48433889164110333,15,16,1.0,19.0,0.785921625544267,0.6048621190130624,0.2648,460,2485,0.1,0.25,15
30,15,false,,0.36422647443954537,0.10731494818032994,-0.2597689399332698,3,1,1.0,17.0,0.16539923954372623,0.06539923954372624,0.2352,460,2485,0.1,0.25,15
40,20,true,,0.14812028973109412,0.31058978828023526,0.205590487355574,28,34,2.0,38.0,0.772852338734332,0.05350045857535922,0.2444,460,2485,0.1,0.25,15
20,10,false,,0.21926715150774279,0.13191354887409662,-0.08478173942488477,6,2,1.0,19.0,0.44319727891156463,0.3625850340136054,0.2698,461,2486,0.1,0.25,15
30,15,true,,0.1431334859810044,0.2573341392960313,0.14161918453847852,22,28,4.0,29.0,0.7233518176216882,0.18299445471349354,0.295,461,2486,0.1,0.25,15
20,10,true,,0.08239324878988649,0.17252808705930217,0.09699221059804097,14,16,1.0,19.0,0.7098811292719168,0.5787518573551264,0.2606,462,2487,0.1,0.25,15
20,10,false,,0.19090799025667973,0.1613113458892022,-0.025046966339348387,8,4,1.0,19.0,0.46576168929110107,0.3393665158371041,0.3038,463,2488,0.1,0.25,15
30,15,true,,0.1658537202789763,0.38936805549818904,0.23744707299162177,24,26,11.0,29.0,0.8002976190476191,0.15476190476190477,0.2638,463,2488,0.1,0.25,15
20,10,false,,0.14341889252575826,0.14543879184998537,0.02679942661835931,11,16,1.0,19.0,0.5343811394891945,0.4430255402750491,0.2848,464,2489,0.1,0.25,15
30,15,false,,0.1431385494414024,0.39475040828583824,0.2677108710233903,25,27,2.0,29.0,0.7906536154089043,0.08809598989580045,0.2624,464,2489,0.1,0.25,15
40,20,true,,0.15843856180974616,0.2719811188474506,0.12375942807734339,26,27,9.0,38.0,0.8470169677066228,0.15599343185550082,0.2988,464,2489,0.1,0.25,15
20,10,false,,0.0848092959071276,0.10523571256903447,0.03824971728620696,9,1,1.0,19.0,0.5943284757778653,0.33517132729421034,0.2486,465,2490,0.1,0.25,15
30,15,true,,0.11124582385492497,0.2371961408712536,0.1389631399933124,20,23,4.0,29.0,0.817154255319149,0.24202127659574468,0.3122,465,2490,0.1,0.25,15
20,10,false,,0.10689661507055344,0.5013319266019087,0.3796520711213367,15,16,3.0,19.0,0.853355155482815,0.6824877250409165,0.2908,466,2491,0.1,0.25,15
30,15,true,,0.14542517435706,0.29727834474579257,0.18676843848094074,16,19,2.0,28.0,0.8920800696257616,0.29213809109370464,0.3046,466,2491,0.1,0.25,15
20,10,false,,0.07385192094831768,0.5644944989081735,0.5003682797530308,15,16,6.0,19.0,0.9585566273669167,0.7070382279385495,0.3056,467,2492,0.1,0.25,15
30,15,true,,0.10798248077009737,0.2356972156133347,0.13462634840233467,23,26,5.0,29.0,0.7970211291998615,0.18496709386906823,0.2924,467,2492,0.1,0.25,15
20,10,false,,0.12324872146009629,0.17202178127242268,0.0733198884647657,11,16,1.0,19.0,0.6479233226837061,0.4351437699680511,0.2834,468,2493,0.1,0.25,15
30,15,true,,0.1380451688038676,0.2332342323989699,0.12337623224584637,22,25,3.0,29.0,0.7222222222222222,0.17399267399267399,0.298,468,2493,0.1,0.25,15
20,10,false,,0.14430848412357783,0.13418967297329337,-0.012623922727972858,9,4,1.0,19.0,0.47295255364158356,0.3695980658809308,0.3156,469,2494,0.1,0.25,15
30,15,true,,0.14174016527818603,0.7019599124507945,0.5662221925077286,23,26,1.0,29.0,0.8640336678536743,0.10359339592101004,0.2686,469,2494,0.1,0.25,15
20,10,false,,0.13976145342520535,0.13992791095749946,0.009361566413812972,10,5,1.0,19.0,0.5170913610938471,0.4204474829086389,0.2812,470,2495,0.1,0.25,15
30,15,false,,0.16162354252084565,0.21351202216920132,0.07741290023624284,21,25,2.0,29.0,0.6890930646117368,0.18612922347362182,0.2872,470,2495,0.1,0.25,15
40,20,true,,0.18321853816544,0.4830847360532548,0.3170191920086697,34,36,13.0,39.0,0.8988061398521887,0.05400795906765207,0.2678,470,2495,0.1,0.25,15
20,10,false,,0.11691790974096977,0.13820489738927758,0.032530916810808996,11,1,1.0,19.0,0.557035519125683,0.43408469945355194,0.3004,471,2496,0.1,0.25,15
30,15,false,,0.4856241426941084,0.11629757315766252,-0.3678920672701338,3,1,1.0,27.0,0.29206592564200845,0.08087389804522806,0.2252,471,2496,0.1,0.25,15
40,20,true,,0.1465973697588013,0.2422062519656926,0.13680408748578055,21,30,1.0,37.0,0.7543964232488822,0.14456035767511177,0.2708,471,2496,0.1,0.25,15
20,10,false,,0.16218402890686462,0.21494593034988144,0.07688214008358166,13,17,1.0,19.0,0.6317599249765552,0.5026570803376055,0.2938,472,2497,0.1,0.25,15
30,15,false,,0.1840996495087406,0.18674179710007602,0.015764290145171653,15,2,1.0,28.0,0.5210526315789473,0.14024767801857585,0.256,472,2497,0.1,0.25,15
40,20,true,,0.17644315764769827,0.2567097540310549,0.1346062495294467,19,4,1.0,37.0,0.811586051743532,0.14510686164229472,0.2768,472,2497,0.1,0.25,15
20,10,false,,0.07774503677624606,0.5269841010911648,0.4557102634516677,15,15,3.0,19.0,0.9144144144144144,0.7496246246246246,0.2788,473,2498,0.1,0.25,15
30,15,true,,0.0997177850586431,0.3503122182587074,0.24666270114012795,23,25,9.0,29.0,0.8858080992338563,0.17803721269609632,0.303,473,2498,0.1,0.25,15
20,10,true,,0.0632109355582346,0.19471893872037888,0.1392835272110211,14,16,1.0,19.0,0.7205882352941176,0.6059688581314879,0.1936,474,2499,0.1,0.25,15
20,10,false,,0.08440874051493778,0.14793662177995864,0.07401030930507238,13,16,1.0,19.0,0.6874274661508704,0.4986460348162476,0.2804,475,2500,0.1,0.25,15
30,15,true,,0.1159795842154084,0.42597924855073105,0.3117103939161631,22,25,3.0,29.0,0.8909811694747275,0.18070697059795177,0.3,475,2500,0.1,0.25,15
20,10,false,,0.10915935122083617,0.6720646707334476,0.5667155125919173,16,16,3.0,19.0,0.8816649466804266,0.7557619539043687,0.3034,476,2501,0.1,0.25,15
30,15,false,,0.1415187736077696,0.16630935466991084,0.04654850493340652,17,26,1.0,28.0,0.5980576441102757,0.17919799498746866,0.2808,476,2501,0.1,0.25,15
40,20,true,,0.14696892667085168,0.22822209140586444,0.10246000146918499,21,36,3.0,38.0,0.8053070960047705,0.22003577817531306,0.2688,476,2501,0.1,0.25,15
20,10,false,,0.0859466591065884,0.2099749679980028,0.1301911317033726,14,17,1.0,19.0,0.6482452601855587,0.5611133521581283,0.2362,477,2502,0.1,0.25,15
30,15,false,,0.13083704465242135,0.13890460900109247,0.02044562015177817,10,1,1.0,28.0,0.5371872887085869,0.24171737660581474,0.296,477,2502,0.1,0.25,15
40,20,true,,0.1409698842764185,0.26144007010499076,0.145273179152362,27,36,3.0,39.0,0.8678387390118217,0.1106395877538648,0.269,477,2502,0.1,0.25,15
20,10,false,,0.12593218585729377,0.18578306460323638,0.07123142072894487,12,16,1.0,19.0,0.6760519801980198,0.4904084158415842,0.324,478,2503,0.1,0.25,15
30,15,true,,0.15656617546667237,0.2134076240557616,0.07894518398754019,20,26,4.0,29.0,0.7326618705035971,0.20690647482014388,0.3008,478,2503,0.1,0.25,15
20,10,true,,0.0725686352906741,0.3382921639659804,0.26260393897937373,14,15,3.0,19.0,0.8268365817091454,0.5895802098950524,0.2818,479,2504,0.1,0.25,15
20,10,false,,0.10624872517462283,0.21512795093356898,0.1306918472250363,15,16,1.0,19.0,0.6726705923103568,0.6394180810529961,0.2906,480,2505,0.1,0.25,15
30,15,true,,0.1343597940938495,0.35265683430919026,0.23142356986873383,23,26,2.3499999999999943,29.0,0.8296650717703349,0.16778309409888356,0.277,480,2505,0.1,0.25,15
20,10,true,,0.10218717702616925,0.18499044711251594,0.09859894775679147,13,16,2.0,19.0,0.7419041450777202,0.5239637305699482,0.306,481,2506,0.1,0.25,15
20,10,false,,0.0908677812092087,0.11292111420656574,0.03073733417844656,12,15,1.0,19.0,0.5577422948384702,0.46899368733754176,0.2616,482,2507,0.1,0.25,15
30,15,false,,0.1315892351270229,0.11969883480289151,-0.013912218098126011,10,2,1.0,27.0,0.4656066367092983,0.20532319391634982,0.2988,482,2507,0.1,0.25,15
40,20,true,,0.1361722625694876,0.3859580466797188,0.2587349556002825,30,33,17.0,39.0,0.9030131826741996,0.04833647206528562,0.2706,482,2507,0.1,0.25,15
20,10,false,,0.08060727300357562,0.39311573193917015,0.31424983967602016,15,16,1.0,19.0,0.7937941869599372,0.6319717203456402,0.2794,483,2508,0.1,0.25,15
30,15,false,,0.11316026662822277,0.1221218283062143,0.01537524187812253,13,5,1.0,29.0,0.5451364590622814,0.1602519244226732,0.2978,483,2508,0.1,0.25,15
40,20,true,,0.1281231997456487,0.26332478225352846,0.1492370261473141,28,36,1.0,39.0,0.7832050853128136,0.0742723318835731,0.263,483,2508,0.1,0.25,15
20,10,true,,0.08971139336682768,0.25875603115204665,0.19068870680310285,14,17,1.0,19.0,0.7747464148303602,0.5376005596362364,0.2982,484,2509,0.1,0.25,15
20,10,false,,0.1690070878520132,0.17321014615206473,0.005953237001819794,11,1,1.0,19.0,0.5070422535211268,0.4413145539906103,0.2984,485,2510,0.1,0.25,15
30,15,true,,0.1820146460756454,0.27153376335934115,0.11828066136641543,20,26,2.0,28.0,0.7459320582357979,0.18441335997716243,0.2822,485,2510,0.1,0.25,15
20,10,false,,0.14892291904190827,0.19630200552439225,0.07319952356165989,13,16,2.0,19.0,0.5763680096211665,0.5333734215273602,0.3106,486,2511,0.1,0.25,15
30,15,true,,0.16561436471587948,0.29587721792896415,0.1451072106956534,23,26,7.0,29.0,0.7741190063547082,0.1608896591565569,0.2816,486,2511,0.1,0.25,15
20,10,false,,0.11772054469270603,0.15323942200140808,0.043266770256029694,12,16,1.0,19.0,0.5531147540983606,0.4724590163934426,0.3126,487,2512,0.1,0.25,15
30,15,true,,0.13518361462150041,0.24802569843570205,0.13408682364293495,21,26,4.0,29.0,0.770935960591133,0.1853448275862069,0.2926,487,2512,0.1,0.25,15
20,10,false,,0.16455154298179678,0.07418799764440716,-0.10512374880584775,5,2,1.0,18.0,0.27918600499821494,0.17350946090681899,0.2646,488,2513,0.1,0.25,15
30,15,false,,0.12038741195456741,0.1425337387730243,0.03777645215079857,16,1,1.0,29.0,0.5691685062545989,0.17844002943340692,0.2894,488,2513,0.1,0.25,15
40,20,false,,0.13064976825675953,0.17047284284111072,0.07689027922841107,18,35,2.0,39.0,0.6601615074024226,0.14535666218034993,0.245,488,2513,0.1,0.25,15
50,25,true,,0.14099939209563322,0.5183017227092311,0.37922412097648805,42,44,2.0,49.0,0.9233961059687201,0.015001595914458985,0.2254,488,2513,0.1,0.25,15
20,10,false,,0.1529575446315513,0.1712672107127417,0.04335435719286056,13,16,2.0,19.0,0.5551537070524413,0.5132610006027728,0.314,489,2514,0.1,0.25,15
30,15,true,,0.1660606219795979,0.37398374417427127,0.21572296643539682,24,25,4.0,29.0,0.8105109489051094,0.12204379562043796,0.2824,489,2514,0.1,0.25,15
20,10,true,,0.12795748179242486,0.3102002484356414,0.1930666225981148,14,16,1.0,19.0,0.7326700898587933,0.5635430038510911,0.2928,490,2515,0.1,0.25,15
20,10,false,,0.12129801628452438,0.44709525769083464,0.3247812005483691,15,17,3.0,19.0,0.8570975918884665,0.6467046894803549,0.3122,491,2516,0.1,0.25,15
30,15,true,,0.1785405813317515,0.31953597251077404,0.17197648091444065,22,26,4.0,29.0,0.8074380165289257,0.16418732782369147,0.306,491,2516,0.1,0.25,15
20,10,false,,0.13359613831392866,0.08842611487948854,-0.06240428565508502,9,1,1.0,19.0,0.3655015197568389,0.3324468085106383,0.238,492,2517,0.1,0.25,15
30,15,false,,0.13430791038135997,0.13177833598315278,-0.0005335820449052231,8,2,1.0,28.0,0.49804200783196867,0.141687433250267,0.2698,492,2517,0.1,0.25,15
40,20,true,,0.1384786174638441,0.19612612319806572,0.07538823674733493,22,25,2.0,38.0,0.7345565749235474,0.14434250764525994,0.2668,492,2517,0.1,0.25,15
20,10,false,,0.6089249656340183,0.10850011470726499,-0.49550003200028697,3,1,1.0,18.0,0.20441176470588235,0.1948529411764706,0.2338,493,2518,0.1,0.25,15
30,15,true,,0.16610703436427693,0.39192620957784974,0.26822080492591716,22,26,3.0,29.0,0.8609982588508416,0.18717353453279165,0.2718,493,2518,0.1,0.25,15
20,10,false,,0.142612343018875,0.16296938437483224,0.05444303286122326,9,1,1.0,19.0,0.5636986301369863,0.3969178082191781,0.2766,494,2519,0.1,0.25,15
30,15,true,,0.13966489252233485,0.2758055150885299,0.1704366490578717,19,24,1.6500000000000057,29.0,0.78818487909397,0.17600244872972146,0.2942,494,2519,0.1,0.25,15
20,10,false,,0.10848686705534093,0.3932381166956154,0.28038980349066006,15,16,3.0,19.0,0.8594470046082949,0.6326530612244898,0.3042,495,2520,0.1,0.25,15
30,15,true,,0.1368542342666871,0.4666732730681959,0.3280888441049442,24,25,4.0,29.0,0.8968156766687079,0.11941212492345377,0.3038,495,2520,0.1,0.25,15
20,10,true,,0.10293884882303153,0.23461954175815478,0.13175385836275796,14,16,2.0,19.0,0.7636603028308098,0.6066491112574062,0.3056,496,2521,0.1,0.25,15
20,10,false,,0.12910606572313577,0.13075336781353775,0.0192945712293442,9,4,1.0,19.0,0.5368007850834151,0.35132482826300293,0.3042,497,2522,0.1,0.25,15
30,15,false,,0.12983177436247148,0.17625208418404675,0.07924239599772501,20,27,1.0,29.0,0.6805970149253732,0.14427860696517414,0.289,497,2522,0.1,0.25,15
40,20,true,,0.1472565767781059,0.2006684454758342,0.08170505768340758,18,9,2.0,38.0,0.7173270254287404,0.21732702542874038,0.2844,497,2522,0.1,0.25,15
20,10,false,,0.20563122584340074,0.16664039886822565,-0.03248791029556031,6,2,1.0,19.0,0.47198748043818467,0.3539906103286385,0.2614,498,2523,0.1,0.25,15
30,15,false,,0.1790986567604587,0.23719377815543785,0.09606231169529622,20,26,2.0,29.0,0.6790764790764791,0.13015873015873017,0.2866,498,2523,0.1,0.25,15
40,20,true,,0.19358827541354737,0.25660724689193776,0.09154746357609443,29,36,2.0,38.0,0.7423076923076923,0.07225274725274725,0.2686,498,2523,0.1,0.25,15
20,10,false,,0.04974016453572088,0.6569391340944886,0.5902215243125772,15,16,4.0,19.0,0.8896385542168674,0.7662650602409639,0.1578,499,2524,0.1,0.25,15
30,15,false,,0.15102861869240805,0.10963452002597643,-0.05904845978716483,11,1,1.0,28.0,0.4135188866799205,0.14950298210735585,0.2604,499,2524,0.1,0.25,15
40,20,false,,0.11979667257738627,0.17644176990196034,0.10037019275693862,16,1,1.0,38.0,0.6560659599528857,0.11974872398900667,0.2504,499,2524,0.1,0.25,15
50,25,false,,0.17135078783098148,0.15031893087564302,-0.029200844241715457,6,1,1.0,41.0,0.44825124910778014,0.1206281227694504,0.1954,499,2524,0.1,0.25,15
60,30,true,,0.12118530432231261,0.20832172404633437,0.09793047102041502,22,19,3.0,56.0,0.8455931080185554,0.1779324055666004,0.2176,499,2524,0.1,0.25,15
20,10,false,,0.10165273230932906,0.32070534014842006,0.2358465226037742,15,16,2.0,19.0,0.7808641975308642,0.6227709190672154,0.292,500,2525,0.1,0.25,15
30,15,true,,0.15149642242670966,0.23407861148568637,0.11629275358040722,18,25,2.0,28.0,0.7838307736887858,0.23819182845552014,0.3014,500,2525,0.1,0.25,15
20,10,true,,0.12590514899515323,0.308095929405274,0.1968629552858696,14,16,2.0,19.0,0.7731926776295377,0.5820663977660565,0.3176,501,2526,0.1,0.25,15
20,10,false,,0.1285118119717102,0.4548481396321215,0.3311671815500383,16,16,1.6499999999999915,19.0,0.7606781871535703,0.6866644929898924,0.2828,502,2527,0.1,0.25,15
30,15,true,,0.13281020147063055,0.5315101721306361,0.40152675825498063,24,27,3.0,29.0,0.8960655737704918,0.08032786885245902,0.2812,502,2527,0.1,0.25,15
20,10,false,,0.1044780947565316,0.7103089441403164,0.6143790918531198,16,16,1.0,19.0,0.8807372605710155,0.6949765088543549,0.2846,503,2528,0.1,0.25,15
30,15,false,,0.14755293026218058,0.12556372938764032,-0.03745913217693314,11,1,1.0,29.0,0.40132890365448504,0.13853820598006644,0.2714,503,2528,0.1,0.25,15
40,20,false,,0.15736727055579558,0.17004234810700322,0.018836486464100022,16,3,1.0,39.0,0.5368550368550369,0.14465601965601965,0.2598,503,2528,0.1,0.25,15
50,25,true,,0.15522844895412893,0.3096720830180842,0.16635635760098244,33,32,9.0,47.0,0.9064606741573034,0.06573033707865168,0.2612,503,2528,0.1,0.25,15
20,10,false,,0.09792687668857299,0.17139765181637473,0.08332479312819595,13,16,1.0,19.0,0.6560714285714285,0.5278571428571428,0.2802,504,2529,0.1,0.25,15
30,15,true,,0.11287440047515174,0.1937667263545532,0.09062768807056747,20,25,2.0,29.0,0.7490774907749077,0.22844682992284468,0.323,504,2529,0.1,0.25,15
20,10,true,,0.08097500014171768,0.19459761374984913,0.11402205238767713,12,16,2.0,19.0,0.7320284697508896,0.501423487544484,0.3044,505,2530,0.1,0.25,15
20,10,false,,0.13211545222973506,0.1839105063834439,0.067472670343943,11,15,1.0,18.0,0.6052141527001862,0.45747982619491,0.3304,506,2531,0.1,0.25,15
30,15,true,,0.13340422521676587,0.19392089455933528,0.07926936893879259,18,25,2.0,28.0,0.7014421601718318,0.2476219699294262,0.2946,506,2531,0.1,0.25,15
20,10,true,,0.13371916757652696,0.47401958380366643,0.359234801261818,13,13,2.0,19.0,0.8400713436385255,0.5921521997621879,0.3252,507,2532,0.1,0.25,15
20,10,false,,0.08381785819369961,0.13583080880324852,0.0602337563468556,14,16,1.0,19.0,0.5971583786042625,0.5148349352277476,0.1864,508,2533,0.1,0.25,15
30,15,false,,0.10631684343391296,0.15382152793740395,0.06753189664320006,18,1,1.0,29.0,0.6754523996852871,0.14988198269079464,0.259,508,2533,0.1,0.25,15
40,20,true,,0.11708862707517859,0.19883494540138785,0.10513915489056738,26,35,3.0,38.0,0.7490935460478607,0.07868020304568528,0.2664,508,2533,0.1,0.25,15
20,10,false,,0.11854914223301327,0.5123896286189421,0.3949217715575587,15,16,2.0,19.0,0.861056105610561,0.7260726072607261,0.3066,509,2534,0.1,0.25,15
30,15,true,,0.15221697728148087,0.39901924079697465,0.2663774541660705,23,25,2.0,28.0,0.8431718061674008,0.1765051395007342,0.2966,509,2534,0.1,0.25,15
20,10,false,,0.11752175964371099,0.14933888584315516,0.04003333341994722,12,16,1.0,19.0,0.5943724312361682,0.45558014543155234,0.314,510,2535,0.1,0.25,15
30,15,false,,0.1572412354701122,0.22604017787437528,0.09367194653916014,18,19,1.0,28.0,0.6748109365910413,0.22367655613728912,0.3122,510,2535,0.1,0.25,15
40,20,true,,0.17465948474619702,0.27541539676312843,0.13382347331418085,22,34,5.0,38.0,0.8601973684210527,0.2637061403508772,0.2704,510,2535,0.1,0.25,15
20,10,false,,0.12374806158108924,0.14917025543838475,0.04511282114433661,10,1,1.0,19.0,0.5727565248480515,0.41651769753307116,0.267,511,2536,0.1,0.25,15
30,15,false,,0.1383983653388079,0.15709512087100577,0.043288804027896394,7,1,1.0,27.0,0.5771767810026385,0.12203166226912929,0.2926,511,2536,0.1,0.25,15
40,20,false,,0.16674607034694905,0.20983575236151752,0.0882544259850129,25,1,1.0,39.0,0.6249178172255095,0.05982905982905983,0.2332,511,2536,0.1,0.25,15
50,25,true,,0.14917518673073174,0.2565438033373995,0.12755411705913927,24,31,4.0,44.0,0.8847146544307427,0.17636937195296817,0.2756,511,2536,0.1,0.25,15
20,10,false,,0.15170415216467295,0.10572981589227329,-0.06721625794429373,5,1,1.0,18.0,0.3991707500942329,0.2612137203166227,0.2432,512,2537,0.1,0.25,15
30,15,false,,0.13530828551936508,0.18717766487310597,0.06016181874772231,17,25,1.0,28.0,0.6768996960486322,0.26717325227963523,0.2918,512,2537,0.1,0.25,15
40,20,true,,0.15598703862390376,0.24551826706264857,0.12062020920005712,24,34,2.0,38.0,0.8201459854014599,0.14452554744525548,0.2662,512,2537,0.1,0.25,15
20,10,false,,0.14953424536851215,0.2925421974623388,0.16104847786831952,14,16,2.0,19.0,0.6965925925925925,0.5656296296296296,0.3246,513,2538,0.1,0.25,15
30,15,false,,0.16684770923142245,0.2224551205048968,0.09414357999873277,16,26,2.0,29.0,0.6969785860956292,0.10120269873863302,0.2684,513,2538,0.1,0.25,15
40,20,true,,0.17208728497694462,0.2892438422938875,0.15440995109295996,21,33,2.0,38.0,0.9343575418994413,0.16815642458100558,0.2788,513,2538,0.1,0.25,15
20,10,true,,0.11196473265857948,0.27392037823575394,0.1791294629855768,14,16,2.0,19.0,0.7477477477477478,0.6052123552123552,0.3034,514,2539,0.1,0.25,15
20,10,false,,0.1132024263173605,0.17363138093109282,0.08321403253655918,12,16,1.0,19.0,0.6134020618556701,0.48109965635738833,0.2824,515,2540,0.1,0.25,15
30,15,true,,0.1307877018338595,0.45419503913597187,0.3260087621633112,24,27,9.0,29.0,0.8841103086014446,0.1582403151674327,0.2808,515,2540,0.1,0.25,15
20,10,false,,0.0966643058704248,0.16971785436098138,0.08780795465643437,13,16,2.0,19.0,0.6642636457260556,0.5272914521112255,0.2876,516,2541,0.1,0.25,15
30,15,true,,0.10164686712942514,0.19043045226974986,0.09911237490697071,20,20,3.0,29.0,0.7457865168539326,0.28230337078651685,0.292,516,2541,0.1,0.25,15
20,10,false,,0.43916675552170753,0.10302380535540145,-0.34462968035598446,2,1,1.0,18.0,0.23435722411831628,0.08153204398938187,0.2296,517,2542,0.1,0.25,15
30,15,true,,0.15208877154266714,0.3064009604603002,0.18308609883718596,21,25,3.0,29.0,0.784084084084084,0.19579579579579579,0.2836,517,2542,0.1,0.25,15
20,10,false,,0.14960187940600383,0.292641554859605,0.16356914447245696,14,17,1.0,19.0,0.6292274278622402,0.5646912814148309,0.2886,518,2543,0.1,0.25,15
30,15,false,,0.1951695591362704,0.17614213873759074,-0.030289279870723745,8,1,1.0,28.0,0.42752068648482994,0.14189396261109408,0.2694,518,2543,0.1,0.25,15
40,20,true,,0.17260826882672506,0.2745808254698412,0.13901780855205897,21,33,2.0,39.0,0.9074864787930543,0.1457443780244805,0.2738,518,2543,0.1,0.25,15
20,10,false,,0.10422543614053852,0.17368943633164646,0.09866931817577251,13,16,1.0,19.0,0.627493652520856,0.4969169387014871,0.2808,519,2544,0.1,0.25,15
30,15,false,,0.14514727315578047,0.15465796074653093,0.008359020593382463,11,2,1.0,28.0,0.5156713955790169,0.17485978225008247,0.2774,519,2544,0.1,0.25,15
40,20,false,,0.16617779615929204,0.18635741183625112,0.04626321245418444,14,1,1.0,38.0,0.5648480888598497,0.1159751715125776,0.2386,519,2544,0.1,0.25,15
50,25,true,,0.13940864709095147,0.2183730411262881,0.09478908242007242,17,22,1.0,32.0,0.7908148148148149,0.26696296296296296,0.2654,519,2544,0.1,0.25,15
20,10,true,,0.13718396846255226,0.25080093501075273,0.14686190920533315,14,16,2.0,19.0,0.7257160647571607,0.5706724782067247,0.3054,520,2545,0.1,0.25,15
20,10,false,,0.12191102587193124,0.13575852327509905,0.02264491615425844,9,2,1.0,19.0,0.567285760834148,0.35320951449983706,0.2934,521,2546,0.1,0.25,15
30,15,true,,0.14123154000476082,0.2681134886874631,0.15052582292273958,19,26,2.0,29.0,0.7727272727272727,0.21842586943258085,0.2952,521,2546,0.1,0.25,15
20,10,true,,0.08608395075240949,0.38883824626723557,0.30322305084875806,14,16,2.0,19.0,0.7946714031971581,0.639076376554174,0.2988,522,2547,0.1,0.25,15
20,10,false,,0.19474499527365902,0.13048302482452465,-0.09454276868059142,8,1,1.0,18.0,0.34808917197452227,0.31528662420382164,0.2802,523,2548,0.1,0.25,15
30,15,false,,0.15781207727769944,0.17802660626684225,0.041319403952795486,16,26,1.0,29.0,0.5930268435668004,0.12773835236038258,0.2702,523,2548,0.1,0.25,15
40,20,false,,0.17413516197635176,0.20788081752318704,0.054325828962338354,19,5,1.0,39.0,0.6583481877599525,0.13220439691027927,0.246,523,2548,0.1,0.25,15
50,25,true,,0.1645284449689164,0.26867289873354183,0.139682131807125,22,33,2.0,43.0,0.8824668141592921,0.14297566371681417,0.2652,523,2548,0.1,0.25,15
20,10,true,,0.09724680433660073,0.2282461452306073,0.1341322148170879,14,15,2.0,19.0,0.7715265866209262,0.5454545454545454,0.3118,524,2549,0.1,0.25,15
20,10,true,,0.081282649916771,0.19887329963841563,0.11542274491338318,12,15,1.0,19.0,0.7588255854596295,0.5200978678783642,0.2962,525,2550,0.1,0.25,15
20,10,false,,0.1178777528322182,0.2920022148969945,0.20750704264510544,13,16,1.0,19.0,0.6761717469682071,0.5545722713864307,0.2628,526,2551,0.1,0.25,15
30,15,true,,0.1347934626043031,0.4637319924320879,0.3537525852762368,22,24,2.0,29.0,0.862869869551384,0.10308622335348393,0.2862,526,2551,0.1,0.25,15
20,10,false,,0.12238169869264107,0.2202914993390598,0.12427529577533451,13,1,1.0,19.0,0.6408402203856749,0.5041322314049587,0.279,527,2552,0.1,0.25,15
30,15,false,,0.16302081757961112,0.24821917641492675,0.12207549730822115,21,24,2.0,29.0,0.6851635514018691,0.12850467289719625,0.2988,527,2552,0.1,0.25,15
40,20,true,,0.17910162662844806,0.3273444561434684,0.20233254973648884,26,35,5.0,39.0,0.8797612279704378,0.1702671972711768,0.2666,527,2552,0.1,0.25,15
20,10,false,,0.07810556040118406,0.27049968001309027,0.19663981129632027,15,16,3.0,19.0,0.7986651835372637,0.6470152020763812,0.2776,528,2553,0.1,0.25,15
30,15,true,,0.10786623690114036,0.19490173640448408,0.10940916131467279,17,24,2.0,29.0,0.7153179190751445,0.282514450867052,0.2826,528,2553,0.1,0.25,15
20,10,false,,0.1479201234978678,0.17589516949289544,0.032217448292701734,11,16,1.0,19.0,0.5668595796527566,0.43161742308863843,0.2978,529,2554,0.1,0.25,15
30,15,true,,0.14821062003037483,0.24988961368266183,0.13832800828509556,16,23,2.0,28.0,0.794908466819222,0.2640160183066362,0.3028,529,2554,0.1,0.25,15
20,10,false,,0.15323194204919377,0.19043425287535445,0.05956495465459154,12,16,1.0,19.0,0.5786448880822747,0.4730792498487598,0.3126,530,2555,0.1,0.25,15
30,15,false,,0.17032798044173297,0.19394425873051302,0.041299522455229165,22,26,2.0,29.0,0.5909221488078138,0.13559322033898305,0.2882,530,2555,0.1,0.25,15
40,20,false,,0.19068848667257662,0.2619699936436049,0.13087659382376016,28,1,1.0,39.0,0.6945543048372376,0.1186492242166109,0.2386,530,2555,0.1,0.25,15
50,25,true,,0.1917319605913866,0.3320242580480116,0.181458901823611,34,39,2.0,48.0,0.8711808422791082,0.07129094412331406,0.2686,530,2555,0.1,0.25,15
20,10,true,,0.08768178934732018,0.18841180152935885,0.10569576456333545,12,17,2.0,19.0,0.7454050374404356,0.5204220558202859,0.3012,531,2556,0.1,0.25,15
20,10,false,,0.17129988542426566,0.110717752407228,-0.0780787320022546,8,1,1.0,19.0,0.295827633378933,0.3348153214774282,0.2492,532,2557,0.1,0.25,15
30,15,false,,0.15840288107475908,0.19036939245274967,0.07398539896462747,19,1,1.0,29.0,0.5529616724738676,0.08954703832752613,0.2244,532,2557,0.1,0.25,15
40,20,true,,0.15788847267967157,0.44410817991435453,0.30912575843678375,31,36,3.0,39.0,0.924651438742213,0.12637199644022545,0.2618,532,2557,0.1,0.25,15
20,10,true,,0.09790867960924156,0.33114743143678,0.2286673225889962,14,16,3.0,19.0,0.9012791079042309,0.6575926533289603,0.3152,533,2558,0.1,0.25,15
20,10,false,,0.14887618963815058,0.11428258446871255,-0.044541345191421666,7,2,1.0,18.0,0.3817186997103315,0.2841969745735436,0.3194,534,2559,0.1,0.25,15
30,15,false,,0.20502860938384704,0.15857989154221064,-0.07182741355635938,6,1,1.0,28.0,0.3995239714382863,0.13090785447126826,0.2338,534,2559,0.1,0.25,15
40,20,true,,0.17849485244904156,0.34287639632382844,0.1894778836447243,31,34,3.0,38.0,0.8197889934416881,0.1317365269461078,0.266,534,2559,0.1,0.25,15
20,10,false,,0.09723757561551756,0.6561060119616616,0.5449267443341274,15,16,2.0,19.0,0.8702608695652174,0.7328695652173913,0.2958,535,2560,0.1,0.25,15
30,15,false,,0.14582915376218214,0.16607848493783228,0.0491795851862825,20,26,1.0,29.0,0.5882548108825482,0.057398805573988056,0.2642,535,2560,0.1,0.25,15
40,20,true,,0.15401233427285535,0.2152085647874682,0.09009244268921351,25,37,2.0,38.0,0.7945443993035404,0.1436448055716773,0.2684,535,2560,0.1,0.25,15
20,10,false,,0.08972162773580941,0.43989358911189874,0.3449387610612581,16,16,6.0,19.0,0.8363368885619713,0.7517469657962487,0.2856,536,2561,0.1,0.25,15
30,15,false,,0.1428912710689581,0.11425175059595645,-0.045366243639975296,13,1,1.0,27.0,0.38985005767012687,0.2037677816224529,0.245,536,2561,0.1,0.25,15
40,20,true,,0.12708211393019758,0.34495728002675297,0.23108664709670684,29,36,2.0,39.0,0.8278580814717477,0.11038107752956636,0.2852,536,2561,0.1,0.25,15
20,10,false,,0.11735583489694791,0.1268476868621659,0.015985605773002204,13,17,1.0,19.0,0.5324543610547667,0.49019607843137253,0.2728,537,2562,0.1,0.25,15
30,15,false,,0.1280623118612893,0.16575329862084215,0.052637476412553286,16,2,1.0,28.0,0.628782784129119,0.19435104236718226,0.2652,537,2562,0.1,0.25,15
40,20,false,,0.1723829789272604,0.16563459467654362,-0.004133541507288174,6,2,1.0,37.0,0.48314606741573035,0.07732980832782552,0.2238,537,2562,0.1,0.25,15
50,25,true,,0.1549217605837524,0.42502631816734765,0.28622992316165957,33,36,4.0,45.0,0.9387813211845103,0.03502277904328018,0.2646,537,2562,0.1,0.25,15
20,10,false,,0.11699064255691578,0.22161281229118585,0.11518943326201483,14,17,1.0,19.0,0.684931506849315,0.6073059360730594,0.298,538,2563,0.1,0.25,15
30,15,false,,0.15466656676306087,0.1880826496667981,0.04385612941371206,13,5,1.0,28.0,0.6061145740575838,0.1834372217275156,0.2906,538,2563,0.1,0.25,15
40,20,false,,0.18316746174688953,0.23075371919095475,0.06835332103455957,23,34,1.0,38.0,0.670814479638009,0.10265837104072398,0.2644,538,2563,0.1,0.25,15
50,25,true,,0.18109347670621742,0.38318257108224196,0.22084971036843457,33,34,5.0,48.0,0.9310626702997276,0.043596730245231606,0.2708,538,2563,0.1,0.25,15
20,10,false,,0.09595810635628435,0.1533975144716329,0.07151743995465905,10,16,1.0,19.0,0.6603206412825652,0.3593854375417502,0.318,539,2564,0.1,0.25,15
30,15,false,,0.13217417738949222,0.19630462267259852,0.08283067089792356,21,26,1.0,29.0,0.6948831332912192,0.15508528111181302,0.2872,539,2564,0.1,0.25,15
40,20,true,,0.1548570381704296,0.22466787519438158,0.12084722428908914,23,36,2.0,39.0,0.7492373398413666,0.13819402074435633,0.2618,539,2564,0.1,0.25,15
20,10,false,,0.10903454171926465,0.4090860034408029,0.30173512293851,15,16,2.0,19.0,0.7731788079470199,0.6801324503311258,0.2906,540,2565,0.1,0.25,15
30,15,true,,0.14178182922121996,0.5528841747908738,0.4202381828580771,23,25,8.0,29.0,0.9874025194961008,0.16196760647870426,0.3012,540,2565,0.1,0.25,15
20,10,false,,0.08068205995579382,0.1473915297632888,0.08720319394993459,13,17,1.0,19.0,0.693955623565417,0.5363427697016068,0.2896,541,2566,0.1,0.25,15
30,15,false,,0.12911146157815287,0.23939704057847006,0.13620842901490515,16,1,1.0,28.0,0.6750620787513303,0.17062788222774034,0.2362,541,2566,0.1,0.25,15
40,20,true,,0.1426001907301644,0.21936798790255047,0.09824266599831052,25,33,1.0,38.0,0.773349558868269,0.07818679647094615,0.264,541,2566,0.1,0.25,15
20,10,false,,0.13389265098281394,0.13148283243686293,0.01331289508460401,8,2,1.0,19.0,0.5255845476109793,0.3381904439173162,0.2652,542,2567,0.1,0.25,15
30,15,false,,0.15005800457873805,0.1782202346018321,0.04301308669147093,14,4,1.0,28.0,0.6112576956904133,0.24626209322779244,0.3004,542,2567,0.1,0.25,15
40,20,true,,0.16711290260752806,0.24265944724473884,0.10697748004877947,21,34,3.0,38.0,0.7964970809007507,0.1782040589380039,0.2806,542,2567,0.1,0.25,15
20,10,true,,0.0903095111473096,0.2953335848593122,0.21177935362275874,14,16,2.0,19.0,0.7791887125220458,0.6296296296296297,0.3096,543,2568,0.1,0.25,15
20,10,true,,0.12510863024585137,0.23519303947835687,0.12768575392828252,12,16,1.0,19.0,0.7135220125786164,0.459748427672956,0.3194,544,2569,0.1,0.25,15
20,10,false,,0.08882097806426789,0.13220662115195075,0.05203553837225876,11,16,1.0,19.0,0.6419971671388102,0.4557365439093484,0.299,545,2570,0.1,0.25,15
30,15,true,,0.1255600078398324,0.3233689578538636,0.22051383729990742,22,25,3.0,29.0,0.8492890995260663,0.14375987361769352,0.3016,545,2570,0.1,0.25,15
20,10,false,,0.1537844162651613,0.187985273483699,0.06348616714389826,12,15,1.0,19.0,0.6404733009708737,0.4833131067961165,0.3208,546,2571,0.1,0.25,15
30,15,false,,0.16838282013704867,0.428870271364429,0.27642164259834545,25,27,9.0,29.0,0.8548773189706762,0.08677438659485338,0.2776,546,2571,0.1,0.25,15
40,20,true,,0.1871870043259613,0.32101114193701036,0.14964163977752165,33,36,6.0,39.0,0.7743387732132808,0.032920652785593696,0.2538,546,2571,0.1,0.25,15
20,10,false,,0.13063686819465947,0.14422509053202714,0.02267487977256419,10,5,1.0,19.0,0.545134443021767,0.39628681177976954,0.3012,547,2572,0.1,0.25,15
30,15,false,,0.16600739643274592,0.19620071625885485,0.05013833929503396,11,2,1.0,28.0,0.5712936732766761,0.1274787535410765,0.2822,547,2572,0.1,0.25,15
40,20,true,,0.18495468587385167,0.33601454975051837,0.18657446695837887,32,37,2.0,39.0,0.8370853080568721,0.12855450236966826,0.2574,547,2572,0.1,0.25,15
20,10,false,,0.10278510505004494,0.17276190749597597,0.08347748485001988,12,16,2.0,19.0,0.6994182288299935,0.4922430510665805,0.3142,548,2573,0.1,0.25,15
30,15,true,,0.12977924925786394,0.4253033329384286,0.30446485192568795,23,24,6.0,29.0,0.8840262582056893,0.1925601750547046,0.3044,548,2573,0.1,0.25,15
20,10,true,,0.09818172455816178,0.24003025622540894,0.14696856662710173,14,16,1.0,19.0,0.7389095834744328,0.5689129698611581,0.305,549,2574,0.1,0.25,15
20,10,false,,0.07193521692359539,0.0694024179464915,-0.001461914439200629,9,6,1.0,19.0,0.49279538904899134,0.3211198023878139,0.2112,550,2575,0.1,0.25,15
30,15,false,,0.08623988465560652,0.06745181939426032,-0.03036119105887801,15,2,1.0,27.125,0.4160839160839161,0.16375291375291376,0.0758,550,2575,0.1,0.25,15
40,20,false,,0.06688473215016366,0.12763185833186308,0.07197506834538864,28,1,1.0,38.0,0.6141078838174274,0.022821576763485476,0.0474,550,2575,0.1,0.25,15
50,25,false,,0.7690441200473054,0.0540387297550602,-0.7177114450347295,1,1,1.0,3.0,0.0,0.0,0.0198,550,2575,0.1,0.25,15
60,30,true,,0.06659320751694803,0.21001216621131566,0.1443351263645002,52,47,42.0,58.0,0.8773281952472703,0.0,0.0258,550,2575,0.1,0.25,15
20,10,false,,0.10843091433298477,0.40881792453386817,0.3042125681242167,15,16,1.0,19.0,0.7889163430991881,0.6470172961524885,0.2766,551,2576,0.1,0.25,15
30,15,false,,0.13663462739647916,0.1771726781547493,0.06059814264441246,19,1,1.0,29.0,0.6247900571044676,0.10077258985555929,0.2616,551,2576,0.1,0.25,15
40,20,true,,0.15213876311242167,0.7062780262895721,0.5600959802566566,34,36,22.0,39.0,0.9572225666460012,0.0018598884066955983,0.2456,551,2576,0.1,0.25,15
20,10,true,,0.08943489051465747,0.1978315350131267,0.11697564422560294,12,16,1.0,19.0,0.7160236357316649,0.5116440736878693,0.2944,552,2577,0.1,0.25,15
20,10,false,,0.12561201974410818,0.13601105833102034,0.027415700025865734,11,1,1.0,19.0,0.5376344086021505,0.4121863799283154,0.275,553,2578,0.1,0.25,15
30,15,false,,0.12908250796666693,0.21701425645008518,0.11434364909770597,20,23,2.0,29.0,0.6968238691049086,0.13506576836701956,0.2886,553,2578,0.1,0.25,15
40,20,true,,0.1431046221514518,0.2510734526378164,0.13134052831852916,21,23,5.0,37.0,0.8706019191625473,0.20907240476882816,0.288,553,2578,0.1,0.25,15
20,10,false,,0.09419487850360131,0.1885133904516713,0.12527330718831073,11,16,1.0,19.0,0.6467168262653898,0.46751025991792067,0.2966,554,2579,0.1,0.25,15
30,15,true,,0.10521920015750445,0.1897757560804484,0.10351000281831506,17,25,2.0,28.0,0.7357973990417522,0.19267624914442164,0.2974,554,2579,0.1,0.25,15
20,10,false,,0.15782433438777566,0.19023126687125674,0.04712698148303776,12,14,1.0,19.0,0.6057159521726451,0.4753572470107903,0.317,555,2580,0.1,0.25,15
30,15,true,,0.16627315782894458,0.27911242766003547,0.14709927580225168,17,25,3.0,28.0,0.8172192811368069,0.29451100585121204,0.3046,555,2580,0.1,0.25,15
20,10,false,,0.12369333361871948,0.25485437793032495,0.16128061283434603,13,16,1.0,19.0,0.6869421487603306,0.484297520661157,0.3066,556,2581,0.1,0.25,15
30,15,true,,0.1513402768635663,0.23956769756753543,0.12058113976645406,14,12,2.0,28.0,0.7609388583019414,0.29904375543320777,0.3036,556,2581,0.1,0.25,15
20,10,true,,0.10618117417156332,0.2047147545081103,0.11937528157685898,14,15,2.0,19.0,0.7631578947368421,0.5824350031705771,0.2864,557,2582,0.1,0.25,15
20,10,false,,0.09735409672115392,0.4659917472873483,0.3708114659157993,15,18,2.0,19.0,0.877186843946816,0.625962211336599,0.3098,558,2583,0.1,0.25,15
30,15,true,,0.12105799517855044,0.26025426634277116,0.16300198795178245,18,24,3.0,29.0,0.8306658130601793,0.21574903969270168,0.304,558,2583,0.1,0.25,15
20,10,true,,0.11218491796030233,0.23680309030250932,0.1288197333770178,14,16,2.0,19.0,0.7068095838587641,0.6503783102143758,0.3008,559,2584,0.1,0.25,15
20,10,false,,0.10124006294584263,0.27120316040398645,0.16991106343670978,15,17,3.0,19.0,0.7939110070257611,0.5767815322850451,0.3054,560,2585,0.1,0.25,15
30,15,true,,0.1478347728973721,0.5770093712337263,0.4396300396742032,24,26,7.0,29.0,0.9104882459312839,0.11512959614225438,0.2856,560,2585,0.1,0.25,15
20,10,false,,0.10034352909576169,0.11870217155460537,0.013654747944057202,11,16,1.0,19.0,0.5345115038346115,0.4471490496832277,0.315,561,2586,0.1,0.25,15
30,15,false,,0.11352718763048943,0.5929572434583756,0.4828858375901621,25,26,5.0,29.0,0.9287477954144621,0.0564373897707231,0.2872,561,2586,0.1,0.25,15
40,20,true,,0.13738292025913731,0.19548863821438137,0.09105106117230549,17,4,1.0,37.0,0.7782124586217274,0.18086066807102016,0.2936,561,2586,0.1,0.25,15
20,10,false,,0.1005401113208396,0.15209542965125641,0.06170010102015576,11,16,1.0,19.0,0.6619953286619953,0.43843843843843844,0.305,562,2587,0.1,0.25,15
30,15,true,,0.12713569113912904,0.27401870385199306,0.16183702710120185,23,24,2.0,29.0,0.7769623484365029,0.15634971282705806,0.2922,562,2587,0.1,0.25,15
20,10,true,,0.11124054703484816,0.38798090835985527,0.29517996544100855,14,16,1.0,19.0,0.7901153212520593,0.5627677100494234,0.304,563,2588,0.1,0.25,15
20,10,true,,0.10253445947664036,0.18158353518830683,0.10082278074171606,12,14,2.0,19.0,0.7055953155497723,0.4840598568640208,0.301,564,2589,0.1,0.25,15
20,10,true,,0.1233707265230803,0.3107925864734715,0.19683605437079468,14,15,2.0,19.0,0.7982456140350878,0.6237468671679198,0.3186,565,2590,0.1,0.25,15
20,10,true,,0.11539260055395761,0.2588713170419244,0.16212282515530352,12,13,1.0,18.0,0.7289836888331243,0.4836888331242158,0.3228,566,2591,0.1,0.25,15
20,10,false,,0.1850870774565468,0.13945561379657345,-0.06233672721065037,8,2,1.0,19.0,0.403134378126042,0.3451150383461154,0.2994,567,2592,0.1,0.25,15
30,15,true,,0.17284846562236536,0.2712553798557235,0.12199520728882457,23,25,3.0,29.0,0.7053848322526078,0.12940513109670143,0.2806,567,2592,0.1,0.25,15
20,10,false,,0.11780485386140638,0.6637542855196037,0.5431941149643993,16,17,6.0,19.0,0.9490381370232872,0.8153898076274047,0.2768,568,2593,0.1,0.25,15
30,15,false,,0.14377416922459826,0.6178868582817209,0.4777056758504573,25,25,11.0,29.0,0.8856065367693274,0.08233815210559396,0.2732,568,2593,0.1,0.25,15
40,20,true,,0.15590735836182418,0.31526069462262796,0.1802654990972314,24,21,5.174999999999997,38.0,0.8833142201834863,0.18922018348623854,0.2826,568,2593,0.1,0.25,15
20,10,false,,0.1200366588720862,0.5771646946772209,0.4457575922285649,15,16,4.0,19.0,0.8976504666881235,0.733183134856775,0.31,569,2594,0.1,0.25,15
30,15,true,,0.1459053138241656,0.4007307030056287,0.26171547200254447,24,25,2.0,29.0,0.7990922844175492,0.10015128593040847,0.2856,569,2594,0.1,0.25,15
20,10,false,,0.1364844833553966,0.11367914015737429,-0.024019663487557963,11,1,1.0,19.0,0.4638898219684246,0.42190124286194153,0.2664,570,2595,0.1,0.25,15
30,15,false,,0.7525541695269242,0.1464395006258072,-0.6137595005910689,2,1,1.0,12.0,0.07938299473288186,0.035364936042136946,0.1736,570,2595,0.1,0.25,15
40,20,true,,0.18442673594175452,0.36824434643867365,0.21424662546274098,29,34,12.0,39.0,0.9117971334068358,0.08213891951488424,0.2724,570,2595,0.1,0.25,15
20,10,true,,0.08436424959610532,0.18656515997501433,0.11373909653707925,13,15,1.0,19.0,0.7099152230003686,0.5145595281975672,0.297,571,2596,0.1,0.25,15
20,10,false,,0.10129130443106107,0.19260355687757832,0.09571684516428844,12,15,1.0,19.0,0.6939525559639158,0.5245573003675242,0.3066,572,2597,0.1,0.25,15
30,15,true,,0.14639774950974666,0.2363982893419509,0.10813197059614066,18,18,2.0,29.0,0.7613204791118902,0.28980426526438796,0.2994,572,2597,0.1,0.25,15
20,10,false,,0.10597591962795126,0.1614333157272369,0.06696180186437248,12,17,1.0,19.0,0.6349757113115891,0.4715475364330326,0.2998,573,2598,0.1,0.25,15
30,15,true,,0.12152994744209719,0.35270817214514405,0.24982962745004306,22,24,2.0,29.0,0.9037958115183246,0.143651832460733,0.2926,573,2598,0.1,0.25,15
20,10,false,,0.11537082442134379,0.44763503520831904,0.344635306192157,15,16,2.0,19.0,0.7904114026563006,0.6485260770975056,0.298,574,2599,0.1,0.25,15
30,15,true,,0.15623284050905334,0.25057614568229747,0.1326538257210167,15,25,3.0,29.0,0.7818606007582386,0.21347331583552057,0.2964,574,2599,0.1,0.25,15
20,10,false,,0.11792671623801929,0.5594358822898042,0.4559762260319429,16,17,3.0,19.0,0.8406219630709426,0.6967930029154519,0.3058,575,2600,0.1,0.25,15
30,15,true,,0.13996761243015182,0.3685409445139531,0.2551102969014649,21,26,2.0,29.0,0.836864406779661,0.17947941888619856,0.2808,575,2600,0.1,0.25,15
20,10,false,,0.10629591003155468,0.7145559036402752,0.6159574204567756,16,17,3.0,19.0,0.8939234281700035,0.7759044608359676,0.2698,576,2601,0.1,0.25,15
30,15,false,,0.13089293473756988,0.20809919022395887,0.0962953521384523,20,27,2.0,29.0,0.6788899900891973,0.16022464486290056,0.2904,576,2601,0.1,0.25,15
40,20,false,,0.13966361198670918,0.21101440225755902,0.09493281667856204,24,32,1.0,38.0,0.6987179487179487,0.1605769230769231,0.2498,576,2601,0.1,0.25,15
50,25,true,,0.13784352258911675,0.22440959684941242,0.11907191747861579,23,25,3.0,45.0,0.8821223997588182,0.14862827856496835,0.2546,576,2601,0.1,0.25,15
20,10,true,,0.12136074828213421,0.2357741603404391,0.1251384773776871,14,17,1.0,19.0,0.7223119147562157,0.5566677429770746,0.3098,577,2602,0.1,0.25,15
20,10,false,,0.11977783819087093,0.10100374910670327,-0.02049744707213015,6,1,1.0,19.0,0.4755381604696673,0.31976516634050883,0.2616,578,2603,0.1,0.25,15
30,15,true,,0.11552393327252931,0.23972569733146765,0.13975624792750227,22,27,10.0,29.0,0.7073419442556085,0.2505098572399728,0.2832,578,2603,0.1,0.25,15
20,10,false,,0.07792613998443092,0.17242626361685323,0.08596308885696041,12,16,2.0,19.0,0.6712738139708629,0.5054165110197982,0.2474,579,2604,0.1,0.25,15
30,15,true,,0.09555359483864538,0.403729869812642,0.3046676198538252,23,26,10.0,29.0,0.9105360443622921,0.2033271719038817,0.3066,579,2604,0.1,0.25,15
20,10,true,,0.10989198901896283,0.24265341614976987,0.15123645229650007,13,15,1.0,19.0,0.7262369791666666,0.5179036458333334,0.2746,580,2605,0.1,0.25,15
20,10,false,,0.1701630332892422,0.1081511684485948,-0.06945796562386108,9,9,1.0,19.0,0.3349325337331334,0.3559220389805097,0.2918,581,2606,0.1,0.25,15
30,15,true,,0.13814908859430292,0.2427866917223562,0.1237672505642248,19,21,2.0,28.0,0.7809747504403993,0.24427480916030533,0.2934,581,2606,0.1,0.25,15
20,10,false,,0.08721323165090382,0.2709917102776855,0.18570216180627308,15,16,3.0,19.0,0.8254767902123066,0.6711047139258726,0.2908,582,2607,0.1,0.25,15
30,15,true,,0.12942259436018477,0.3948180378742567,0.2659160442902496,21,26,6.0,29.0,0.9128973105134475,0.26314180929095354,0.305,582,2607,0.1,0.25,15
20,10,false,,0.14838172817361123,0.2577818968135252,0.13994306131340736,14,16,3.0,19.0,0.6737151248164464,0.6669603524229075,0.3034,583,2608,0.1,0.25,15
30,15,false,,0.1597547381253091,0.1880176155761704,0.05097562933704258,15,6,1.0,28.0,0.6011040092969204,0.27425915165601394,0.307,583,2608,0.1,0.25,15
40,20,true,,0.17941485159722642,0.27730258925330786,0.1371608478776044,28,32,1.0,38.0,0.7578888578609327,0.0980173135995532,0.2676,583,2608,0.1,0.25,15
20,10,false,,0.08152865633763925,0.47814176609486536,0.39948687758935986,15,16,6.0,19.0,0.8903177004538578,0.7114220877458396,0.2878,584,2609,0.1,0.25,15
30,15,true,,0.12746597318960753,0.21726887284384241,0.11128833851858301,16,23,2.0,28.0,0.7554364954301922,0.22439331862590609,0.2982,584,2609,0.1,0.25,15
20,10,false,,0.09871932745433683,0.14923904199837007,0.06006493430395843,13,15,1.0,19.0,0.5957902247591866,0.5151623260792009,0.2644,585,2610,0.1,0.25,15
30,15,true,,0.11601980183279344,0.21154642406999097,0.12075202580214457,19,24,1.0,28.0,0.727547931382442,0.18634376051126808,0.3142,585,2610,0.1,0.25,15
20,10,false,,0.12365236895423519,0.1520647324180365,0.0435019596260152,12,17,1.0,19.0,0.5891647855530474,0.48081264108352145,0.3044,586,2611,0.1,0.25,15
30,15,false,,0.16827595834114273,0.1655452994282993,0.0024233837246241674,10,1,1.0,28.0,0.5024777006937562,0.19722497522299307,0.2628,586,2611,0.1,0.25,15
40,20,true,,0.17705054820060617,0.44918018890000705,0.27667397735382476,33,33,8.0,39.0,0.8888260254596888,0.05968882602545969,0.2552,586,2611,0.1,0.25,15
20,10,false,,0.10774109044400444,0.17122880937080842,0.06314194207124102,13,16,1.0,19.0,0.6596160104132769,0.5434428896843475,0.3038,587,2612,0.1,0.25,15
30,15,true,,0.13075950562837363,0.22680549965165323,0.1236505205490299,17,23,2.0,28.0,0.8088103086604734,0.2729997003296374,0.317,587,2612,0.1,0.25,15
20,10,false,,0.11446075327003377,0.12170454822997447,0.00722639477888809,9,3,1.0,19.0,0.5123770769752458,0.3743641912512716,0.2936,588,2613,0.1,0.25,15
30,15,true,,0.1303768244005014,0.22558756166234084,0.12643739169346613,17,26,1.0,29.0,0.7491992312620115,0.24887892376681614,0.2966,588,2613,0.1,0.25,15
20,10,false,,0.10286342387853356,0.2648277392341721,0.17829468976100804,15,17,1.0,19.0,0.6514350453172205,0.5600453172205438,0.2648,589,2614,0.1,0.25,15
30,15,true,,0.13138475510582778,0.32410203786507397,0.21074102098129444,20,25,1.0,29.0,0.7630150111785372,0.12551900351325454,0.2922,589,2614,0.1,0.25,15
20,10,true,,0.08991777622690465,0.3077862550491771,0.22270126827184317,14,15,4.0,19.0,0.86342123056119,0.6183231913455037,0.3138,590,2615,0.1,0.25,15
20,10,false,,0.13010184916551337,0.1368639116804613,0.012775228110206954,10,16,1.0,19.0,0.5256495669553631,0.39573617588274485,0.3108,591,2616,0.1,0.25,15
30,15,false,,0.14035984361627282,0.1972711929783451,0.07895764328830092,18,26,2.0,29.0,0.6556675832569508,0.19217842957531317,0.3012,591,2616,0.1,0.25,15
40,20,true,,0.1514847624185454,0.20015689991027813,0.07051460514824459,14,9,2.0,38.0,0.7104573259539761,0.2004078065831634,0.2794,591,2616,0.1,0.25,15
20,10,false,,0.10371863223260962,0.2595450752428392,0.15546000507352759,15,16,2.0,19.0,0.7739159218801721,0.6722939424031777,0.302,592,2617,0.1,0.25,15
30,15,true,,0.13111536624597425,0.2857104592048888,0.16502510885136568,23,26,2.0,29.0,0.7597319719208679,0.1723037651563497,0.2852,592,2617,0.1,0.25,15
20,10,false,,0.10584235831650893,0.127237749216423,0.03505811124047889,11,15,1.0,19.0,0.5747760165403171,0.4638180565127498,0.2976,593,2618,0.1,0.25,15
30,15,false,,0.08442519574638577,0.7653790671720162,0.6815719797066245,26,27,20.0,29.0,0.9710763394973921,0.006164058795637743,0.192,593,2618,0.1,0.25,15
40,20,false,,0.22557477311153826,0.07301788182384299,-0.16370267530303456,4,2,1.0,15.0,0.19224724986904138,0.05028810895756941,0.1124,593,2618,0.1,0.25,15
50,25,true,,0.11359072391282614,0.26162124765261147,0.1483431740458313,43,44,30.0,49.0,0.8284023668639053,0.0,0.2716,593,2618,0.1,0.25,15
20,10,false,,0.13543212457689585,0.412891454902026,0.2880969342578443,15,16,2.0,19.0,0.792332268370607,0.6958466453674121,0.3018,594,2619,0.1,0.25,15
30,15,true,,0.15996737754532298,0.3247493836023951,0.19493322174997305,23,26,3.0,29.0,0.7882726747544772,0.18341998844598498,0.2966,594,2619,0.1,0.25,15
20,10,false,,0.10012167452996638,0.49126549566995004,0.3893122858967328,15,16,5.0,19.0,0.9038393800634026,0.7611835153222966,0.2698,595,2620,0.1,0.25,15
30,15,true,,0.1283548110655729,0.21693303589647475,0.12066196009553096,17,25,1.0,28.0,0.7488415199258572,0.1785603954278653,0.2966,595,2620,0.1,0.25,15
20,10,false,,0.11740355627889262,0.2062909302933261,0.09503176683784265,14,16,2.0,19.0,0.6694641704325371,0.6065203357004519,0.308,596,2621,0.1,0.25,15
30,15,false,,0.16072220746694796,0.21554449405774256,0.08906912751363957,17,2,1.0,29.0,0.5779455201837873,0.08500164095831966,0.2332,596,2621,0.1,0.25,15
40,20,true,,0.16665722039356146,0.30743458976944904,0.16121323410193233,30,36,3.0,39.0,0.88988698927847,0.1341640104317589,0.2642,596,2621,0.1,0.25,15
20,10,false,,0.17954585418643412,0.14421509012794242,-0.0454001770005097,11,1,1.0,19.0,0.4284741144414169,0.4247275204359673,0.2638,597,2622,0.1,0.25,15
30,15,false,,0.21046318181323617,0.1677846193715744,-0.04020167941392047,6,2,1.0,27.5,0.41539894442719655,0.1347407637379696,0.2594,597,2622,0.1,0.25,15
40,20,true,,0.1876764392534368,0.30722025449843504,0.14624057549922198,30,33,2.0,39.0,0.7960653920753671,0.050429481850928236,0.2684,597,2622,0.1,0.25,15
20,10,false,,0.11974681405584711,0.15977084662867796,0.0520541388785673,13,16,2.0,19.0,0.6190328580285183,0.5266584004959702,0.3306,598,2623,0.1,0.25,15
30,15,true,,0.15255664135287242,0.23964005655245998,0.11763268038310953,17,25,2.0,29.0,0.7540603248259861,0.22389791183294663,0.304,598,2623,0.1,0.25,15
20,10,false,,0.10836211653398374,0.5620386982360611,0.4607699937936712,15,16,1.0,19.0,0.7286271727562965,0.6456190138346931,0.2814,599,2624,0.1,0.25,15
30,15,true,,0.129115127479202,0.18295226845601262,0.07322831025380189,11,6,2.0,28.0,0.7049773755656109,0.2138763197586727,0.2966,599,2624,0.1,0.25,15
20,10,true,,0.09355028166608188,0.24450856421856074,0.15548875508791116,14,16,3.0,19.0,0.7303836847563083,0.5858969927410992,0.2882,600,2625,0.1,0.25,15
20,10,false,,0.08653972641685828,0.1548692374092721,0.08146240345371213,12,17,1.0,19.0,0.673777123942626,0.5045972784111806,0.2962,601,2626,0.1,0.25,15
30,15,true,,0.12406411249561149,0.29264632438287164,0.18867256297943075,20,24,2.0,29.0,0.7985444922262653,0.2345352299040688,0.2872,601,2626,0.1,0.25,15
20,10,false,,0.1701878855313178,0.19444091115649845,0.038770846177344775,11,17,1.0,19.0,0.5754107981220657,0.43163145539906106,0.2962,602,2627,0.1,0.25,15
30,15,true,,0.1798117267123934,0.264165191106537,0.14621996738241824,12,26,1.0,28.0,0.7309377738825592,0.11860940695296524,0.2918,602,2627,0.1,0.25,15
20,10,false,,0.10592487393858374,0.12858553914135235,0.02144472391906646,12,1,1.0,19.0,0.5421638822593476,0.4713603818615752,0.2488,603,2628,0.1,0.25,15
30,15,true,,0.10169528131811564,0.21927569074970502,0.1352887255531512,19,26,2.0,29.0,0.7894930198383542,0.18221895664952242,0.2874,603,2628,0.1,0.25,15
20,10,false,,0.13914079409382113,0.1429463050238384,-0.0032350845028512737,12,17,1.0,19.0,0.49128081779915816,0.48045700541190617,0.3254,604,2629,0.1,0.25,15
30,15,false,,0.15860258931917565,0.21601661820705972,0.09097268987121951,18,26,2.0,29.0,0.6921052631578948,0.17251461988304093,0.2926,604,2629,0.1,0.25,15
40,20,false,,0.18871122498330423,0.2850721738067051,0.11409417735843538,29,37,1.0,39.0,0.6914318246512952,0.04924565898092798,0.2608,604,2629,0.1,0.25,15
50,25,false,,0.19250881570835787,0.2581637690375445,0.12480957562311326,20,1,1.0,46.0,0.659077109896782,0.0588949605343048,0.2276,604,2629,0.1,0.25,15
60,30,true,,0.14925522900357707,0.2427186466485013,0.11033689917675002,14,7,2.0,36.0,0.8714622641509434,0.2709316037735849,0.2526,604,2629,0.1,0.25,15
20,10,false,,0.12466208547144891,0.1451436729167913,0.027494368909577016,11,1,1.0,19.0,0.5554468362687541,0.4380300065231572,0.2946,605,2630,0.1,0.25,15
30,15,true,,0.1346667227262346,0.20709525823584987,0.08709487108268975,20,26,4.0,29.0,0.731263063601075,0.2720214989549119,0.3138,605,2630,0.1,0.25,15
20,10,true,,0.12509156266362542,0.24329208093704557,0.14566843813790536,13,16,1.0750000000000028,19.0,0.7356429463171036,0.5436953807740325,0.3224,606,2631,0.1,0.25,15
20,10,false,,0.14118525115467245,0.19532306468112837,0.07484388289875549,10,16,1.0,19.0,0.6399241945672773,0.42924826279216677,0.3064,607,2632,0.1,0.25,15
30,15,false,,0.1697213378481064,0.20036714045299406,0.03745411129470716,13,27,1.0,28.0,0.5988286969253295,0.14904831625183015,0.3004,607,2632,0.1,0.25,15
40,20,false,,0.1902801419084748,0.20164917213822967,0.026568733756555274,24,1,1.0,39.0,0.5642118076688983,0.02982349360925137,0.1984,607,2632,0.1,0.25,15
50,25,true,,0.19241480413047607,0.33430598640362635,0.14809878596757595,38,36,25.0,49.0,0.7751686909581647,0.0032388663967611335,0.2474,607,2632,0.1,0.25,15
20,10,false,,0.08568885164004642,0.24785792854772895,0.16658122474779882,15,16,3.0,19.0,0.799070432606364,0.6596353235609582,0.2904,608,2633,0.1,0.25,15
30,15,false,,0.12125404066388623,0.18982989437232237,0.10462232642248348,17,25,1.0,28.0,0.6745045347665435,0.15283842794759825,0.2804,608,2633,0.1,0.25,15
40,20,true,,0.14158064120362682,0.49775491585225623,0.3627658359569586,32,34,12.0,39.0,0.9227929867733006,0.09781605659796985,0.261,608,2633,0.1,0.25,15
20,10,true,,0.1001057189167656,0.2601881942064527,0.16712189050956633,13,15,1.0,19.0,0.7482470784641069,0.5402337228714524,0.31,609,2634,0.1,0.25,15
20,10,false,,0.07996982950717546,0.315179246603823,0.23546833552165453,15,16,2.0,19.0,0.8201687116564417,0.651457055214724,0.2804,610,2635,0.1,0.25,15
30,15,false,,0.12987873632450928,0.16323170139894833,0.058812867551662956,14,1,1.0,28.0,0.6388246946186861,0.20468801584681412,0.2526,610,2635,0.1,0.25,15
40,20,true,,0.1588418730186505,0.3306817082667079,0.1779444466456197,33,35,12.0,39.0,0.8215016067776804,0.023955594507741748,0.2582,610,2635,0.1,0.25,15
20,10,false,,0.13214515576605693,0.13926382029025924,0.005154829298457078,11,17,1.0,19.0,0.5084314349347757,0.43779828189627745,0.3174,611,2636,0.1,0.25,15
30,15,true,,0.14488376920432736,0.31495461202917335,0.21293878481612427,21,26,2.0,29.0,0.8449404761904762,0.20773809523809525,0.2972,611,2636,0.1,0.25,15
20,10,false,,0.09654616707682098,0.21034745807090155,0.15094434576888163,14,1,1.0,19.0,0.6356066613798572,0.528152260111023,0.2178,612,2637,0.1,0.25,15
30,15,false,,0.13731871874678317,0.1508333804748177,0.04410502897867122,11,1,1.0,28.0,0.5685997171145686,0.17503536067892503,0.2816,612,2637,0.1,0.25,15
40,20,true,,0.1465164967912414,0.24311010703592334,0.11787260449380266,24,28,1.0,38.0,0.738255033557047,0.10433190970103721,0.2784,612,2637,0.1,0.25,15
20,10,false,,0.138882703130314,0.15643294234594582,0.026951197224128195,11,16,2.0,19.0,0.5331885856079405,0.43610421836228286,0.3076,613,2638,0.1,0.25,15
30,15,false,,0.3378603231419793,0.14303160551403923,-0.19774329353023687,4,1,1.0,25.699999999999818,0.23661779747698602,0.09205591544493692,0.2454,613,2638,0.1,0.25,15
40,20,true,,0.17896556879245257,0.35114179387855715,0.19616752238754684,30,34,13.0,39.0,0.8232723299644906,0.0693799508331057,0.272,613,2638,0.1,0.25,15
20,10,true,,0.10002578081546337,0.39900262550876064,0.29789505819473966,13,16,1.0,19.0,0.7896147403685092,0.6177554438860972,0.3064,614,2639,0.1,0.25,15
20,10,false,,0.11682066960038573,0.12591791242044342,0.013501093150576116,11,4,1.0,19.0,0.5227422544495716,0.41924851680949243,0.2938,615,2640,0.1,0.25,15
30,15,false,,0.12873597976142906,0.14165004184255975,0.022908291692391614,15,25,1.0,29.0,0.5279369627507163,0.13789398280802292,0.2584,615,2640,0.1,0.25,15
40,20,false,,0.16418089797058802,0.13458260199590136,-0.04024262040196322,9,1,1.0,38.0,0.4514799550393406,0.14050206069689022,0.2244,615,2640,0.1,0.25,15
50,25,true,,0.14324364309344728,0.23478481742719345,0.1156839149720724,35,45,3.0,48.0,0.7549079754601227,0.048466257668711654,0.2506,615,2640,0.1,0.25,15
20,10,false,,0.1302969240408779,0.1876574124319288,0.06751506575710473,12,16,1.0,19.0,0.6482273838630807,0.5036674816625917,0.3232,616,2641,0.1,0.25,15
30,15,false,,0.22590523405519528,0.18880998318013403,-0.07820153196859084,6,1,1.0,29.0,0.4356887007489417,0.08954737870400521,0.2314,616,2641,0.1,0.25,15
40,20,true,,0.19599463198064684,0.2914359216414965,0.14823840232969027,30,34,3.0,39.0,0.7781777900858488,0.16449736914982,0.2698,616,2641,0.1,0.25,15
20,10,false,,0.10706585202838653,0.15361125819640922,0.05211870351763642,11,15,1.0,19.0,0.6429508196721312,0.43344262295081964,0.3088,617,2642,0.1,0.25,15
30,15,false,,0.16075185770045172,0.22502245116933733,0.07115247886894246,19,24,1.0,28.0,0.6234111735146319,0.20928170263080106,0.296,617,2642,0.1,0.25,15
40,20,true,,0.1764595624892265,0.3782645818770371,0.2153172472868147,29,27,13.0,39.0,0.9522510231923602,0.0679399727148704,0.2842,617,2642,0.1,0.25,15
20,10,false,,0.107785682829897,0.21396060292096447,0.11549748047730324,14,17,2.0,19.0,0.6600343053173242,0.516295025728988,0.2856,618,2643,0.1,0.25,15
30,15,false,,0.12082193334140388,0.20254500849244833,0.11060339242445745,16,26,1.0,29.0,0.6995305164319249,0.12240107310529846,0.2784,618,2643,0.1,0.25,15
40,20,true,,0.12366341770777628,0.19654490169198505,0.0920301759971475,19,16,3.0,37.0,0.8060836501901141,0.24397972116603295,0.2848,618,2643,0.1,0.25,15
20,10,false,,0.1473018628054077,0.20026032310340916,0.09406353295514094,11,1,1.0,19.0,0.6437299035369775,0.45562700964630226,0.2926,619,2644,0.1,0.25,15
30,15,false,,0.1615758824912154,0.23293408535233365,0.13591212404044253,19,26,1.0,28.0,0.6974191634529813,0.11391278552358351,0.276,619,2644,0.1,0.25,15
40,20,true,,0.17985286820882077,0.32723336766913275,0.18015330443810046,33,33,5.0,39.0,0.7944606413994169,0.09795918367346938,0.2552,619,2644,0.1,0.25,15
20,10,false,,0.16973628826379294,0.12474117811009362,-0.06743011570487129,7,2,1.0,19.0,0.4127254168084382,0.33038448451854374,0.2828,620,2645,0.1,0.25,15
30,15,false,,0.1708914213261479,0.189591317982363,0.037444083714081366,13,2,1.0,29.0,0.5681133212778783,0.1506931886678722,0.266,620,2645,0.1,0.25,15
40,20,true,,0.16649287050391526,0.23236859308041388,0.08179624811494696,18,14,2.0,38.0,0.7528925619834711,0.2159779614325069,0.2824,620,2645,0.1,0.25,15
20,10,false,,0.1549501785495303,0.12115566547407652,-0.04611576175247703,9,2,1.0,19.0,0.39525444895410555,0.34093037777083984,0.2686,621,2646,0.1,0.25,15
30,15,true,,0.1411854505965568,0.23573422170235686,0.1274199968413421,16,25,2.0,28.0,0.7808730614589316,0.2469844916714532,0.3242,621,2646,0.1,0.25,15
20,10,false,,0.0979508010225653,0.40388105253221734,0.3119154588022547,15,16,1.0,19.0,0.8123011664899258,0.648639095086603,0.2826,622,2647,0.1,0.25,15
30,15,true,,0.13669015329659975,0.2600890489740711,0.1479864602900619,20,25,1.0,28.0,0.7327823691460055,0.20599938781756963,0.2848,622,2647,0.1,0.25,15
20,10,false,,0.15942275893245894,0.1531628450447061,-0.006407228372070972,10,1,1.0,19.0,0.49190733100602985,0.4046334496985084,0.267,623,2648,0.1,0.25,15
30,15,false,,0.17827713448674046,0.14983527810657607,-0.038431595926345735,8,2,1.0,28.0,0.4430498901788516,0.08346407279573266,0.2746,623,2648,0.1,0.25,15
40,20,true,,0.15930464448110868,0.28687640706040923,0.14692590418969864,25,35,4.0,38.0,0.8818362142249929,0.1601020119013885,0.2636,623,2648,0.1,0.25,15
20,10,false,,0.1265623996269571,0.45422323682918797,0.34204774517247194,16,17,3.0,19.0,0.80644111906311,0.6929082628497072,0.2916,624,2649,0.1,0.25,15
30,15,false,,0.16807162021424715,0.19230729502825758,0.04028073863751941,17,4,1.0,29.0,0.6016138673042438,0.1192468619246862,0.2652,624,2649,0.1,0.25,15
40,20,true,,0.17100723014875122,0.35918677327110415,0.20822493026399477,29,34,6.0,38.0,0.9156526548672567,0.11393805309734513,0.2824,624,2649,0.1,0.25,15
20,10,false,,0.13287665975496868,0.14185264856249932,0.011859606252069915,10,9,1.0,19.0,0.5251552795031056,0.3838509316770186,0.3108,625,2650,0.1,0.25,15
30,15,true,,0.15847239571231814,0.22523886917740973,0.11616533485705806,15,26,2.0,29.0,0.7636308254645142,0.16296070667072798,0.2812,625,2650,0.1,0.25,15
20,10,false,,0.10259085043520844,0.1100489656625729,0.008567299631995498,9,3,1.0,18.0,0.5331660093223377,0.37181785586231625,0.3068,626,2651,0.1,0.25,15
30,15,false,,0.12061345174269802,0.19232576150281458,0.09079166719591365,19,24,1.0,29.0,0.6747939560439561,0.15625,0.279,626,2651,0.1,0.25,15
40,20,true,,0.13860483818341307,0.36836211927651974,0.23934567693157,29,34,8.0,38.0,0.9417622208811104,0.08811104405552203,0.2802,626,2651,0.1,0.25,15
20,10,false,,0.1194973276569641,0.20524123523412216,0.09592049223874478,12,14,1.0,19.0,0.6859327217125383,0.4859327217125382,0.3242,627,2652,0.1,0.25,15
30,15,true,,0.13639605326724555,0.22340624825019115,0.11599256093327368,18,22,2.0,29.0,0.7586206896551724,0.22534785238959468,0.297,627,2652,0.1,0.25,15
20,10,false,,0.15453686824448795,0.11862988525704143,-0.03806850931705481,7,1,1.0,19.0,0.4047459893048128,0.3185160427807487,0.2924,628,2653,0.1,0.25,15
30,15,false,,0.14366308494286348,0.7292464913989855,0.5870540411469098,25,25,15.0,29.0,0.9661181026137464,0.0500161342368506,0.2622,628,2653,0.1,0.25,15
40,20,false,,0.16978846322717842,0.20539375351506806,0.07013658563829356,16,2,1.0,37.0,0.6285458345774858,0.09644670050761421,0.2748,628,2653,0.1,0.25,15
50,25,true,,0.1694926101726487,0.27975587946877895,0.12754432634392557,30,29,9.0,48.0,0.9031362753261172,0.13322231473771856,0.2566,628,2653,0.1,0.25,15
20,10,false,,0.1308367534120849,0.14645167290801975,0.023760519471731245,12,17,1.0,19.0,0.5460925039872409,0.46124401913875596,0.304,629,2654,0.1,0.25,15
30,15,true,,0.15440878158216376,0.40036306910151126,0.25122992465272637,22,25,3.0,29.0,0.9283143371325735,0.19196160767846432,0.289,629,2654,0.1,0.25,15
20,10,false,,0.09434525803068247,0.11185887023495071,0.021864961291329175,8,1,1.0,19.0,0.5734341252699784,0.34269258459323254,0.2868,630,2655,0.1,0.25,15
30,15,false,,0.13166554269576608,0.184439442464994,0.09402309546213786,16,3,1.0,29.0,0.6123499142367067,0.18490566037735848,0.275,630,2655,0.1,0.25,15
40,20,true,,0.14910648695382178,0.21671974930163354,0.09355194697214175,25,36,2.0,39.0,0.7232115907032901,0.10956836703893752,0.2816,630,2655,0.1,0.25,15
20,10,false,,0.19612466796156255,0.21971146756117457,0.043569997105945,12,16,1.0,19.0,0.5665083135391924,0.49643705463182897,0.3114,631,2656,0.1,0.25,15
30,15,false,,0.21266588916956544,0.27290160115494794,0.07546023755921674,20,26,3.0,29.0,0.6709483465427712,0.22191855698278218,0.2914,631,2656,0.1,0.25,15
40,20,true,,0.21525579709825987,0.2818611729588734,0.10893533770093798,21,36,2.0,39.0,0.7882907880133185,0.1678690344062153,0.271,631,2656,0.1,0.25,15
20,10,false,,0.15584251590041434,0.14432429467504693,-0.007304950459444612,9,5,1.0,18.0,0.49378976067858227,0.33535292335655864,0.3342,632,2657,0.1,0.25,15
30,15,false,,0.15746165653210983,0.15572777672080587,-0.00944100836418571,16,26,1.0,29.0,0.4742268041237113,0.148271679805943,0.2634,632,2657,0.1,0.25,15
40,20,true,,0.16214985986269767,0.21615600871387167,0.07482565197428785,23,12,4.0,38.0,0.7394464635169136,0.19345820519988818,0.2858,632,2657,0.1,0.25,15
20,10,false,,0.1176299610287204,0.36460474644248825,0.24462917505252477,15,16,5.0,19.0,0.7921125038214614,0.7138489758483644,0.3252,633,2658,0.1,0.25,15
30,15,false,,0.17559186585647085,0.16702874356618094,-0.018969471464713422,8,1,1.0,27.0,0.4789612097304405,0.2126890203813281,0.246,633,2658,0.1,0.25,15
40,20,true,,0.17492740609463417,0.4623982707137967,0.28854640779569907,32,36,6.0,39.0,0.9211678832116789,0.08700729927007299,0.27,633,2658,0.1,0.25,15
20,10,true,,0.12738654465241106,0.2077613145161605,0.11085331179793301,13,16,2.0,19.0,0.7099308610936518,0.4896291640477687,0.3096,634,2659,0.1,0.25,15
20,10,false,,0.11635713172343945,0.09692382725859952,-0.018959983025367333,7,1,1.0,18.0,0.4273753185293047,0.2591918456497998,0.2764,635,2660,0.1,0.25,15
30,15,true,,0.12155153831163974,0.24540134239245734,0.14966231209063577,18,26,2.0,29.0,0.814779575007929,0.2787821122740247,0.3198,635,2660,0.1,0.25,15
20,10,false,,0.1075082854135396,0.13739084656058848,0.02779163968554077,12,16,1.0,19.0,0.5709054593874834,0.4637150466045273,0.268,636,2661,0.1,0.25,15
30,15,false,,0.1111696465194529,0.14912812520290541,0.06200184307677881,16,26,2.0,29.0,0.6726472579553149,0.21800947867298578,0.3034,636,2661,0.1,0.25,15
40,20,true,,0.13071663163831615,0.4054907295425777,0.285099826241027,32,33,4.0,39.0,0.9128425222845824,0.06932981181908221,0.2468,636,2661,0.1,0.25,15
20,10,false,,0.1549465022464431,0.21648433561920757,0.08001160194737034,12,16,1.0,19.0,0.6115130544196288,0.4784523435042466,0.3188,637,2662,0.1,0.25,15
30,15,false,,0.1815203242831621,0.2049020919351891,0.03630342984316143,15,4,1.0,28.0,0.5824332006822058,0.22171688459351904,0.2924,637,2662,0.1,0.25,15
40,20,true,,0.19717539671975057,0.3931429148824828,0.21699381695742107,30,35,7.0,39.0,0.8924905456509995,0.08995137763371151,0.2778,637,2662,0.1,0.25,15
20,10,false,,0.08812296464517802,0.11211992577069853,0.028546270123540815,11,13,1.0,19.0,0.5668185269552012,0.43583902809415337,0.2558,638,2663,0.1,0.25,15
30,15,true,,0.10896362358455088,0.29136856721079396,0.1850846656711635,22,25,1.0,29.0,0.7052310042000763,0.14165712103856434,0.2828,638,2663,0.1,0.25,15
20,10,false,,0.19809209850986245,0.11535688247523644,-0.10050845916025472,6,2,1.0,18.0,0.3331153971886237,0.2321019941157241,0.2826,639,2664,0.1,0.25,15
30,15,true,,0.14105200258270703,0.36603968792040303,0.23240696942487882,23,25,8.0,29.0,0.8031148986188658,0.20922715251248897,0.3032,639,2664,0.1,0.25,15
20,10,false,,0.11777353593721653,0.5221776625413581,0.4058692775704418,15,16,4.0,19.0,0.9015594541910331,0.7225471085120208,0.3046,640,2665,0.1,0.25,15
30,15,false,,0.1697490212624883,0.214485800879132,0.06457725468003594,17,17,1.0,29.0,0.6039317721884938,0.27088753975137325,0.3008,640,2665,0.1,0.25,15
40,20,true,,0.18765123595322825,0.3051514376996586,0.17920437721000726,29,34,2.0,38.0,0.8226489692177351,0.09517085569048292,0.2812,640,2665,0.1,0.25,15
20,10,true,,0.04354141750766365,0.15685481841332582,0.12093355168618956,14,16,1.0,19.0,0.7256763170384433,0.6506881822496441,0.1354,641,2666,0.1,0.25,15
20,10,false,,0.12970187573995856,0.20681608961659265,0.10322614469985349,13,15,1.9500000000000028,19.0,0.6833385432947796,0.5267271022194435,0.33,642,2667,0.1,0.25,15
30,15,false,,0.15331200993186034,0.17888947505755487,0.030456778325801168,14,26,2.0,29.0,0.5826010544815465,0.23550087873462214,0.2984,642,2667,0.1,0.25,15
40,20,true,,0.17190058962293917,0.27420874425350816,0.1569864433676531,25,34,1.0,38.0,0.8213980028530671,0.11355206847360913,0.2654,642,2667,0.1,0.25,15
20,10,false,,0.1028765327938124,0.09796929972800703,-0.012955122543882577,9,2,1.0,18.0,0.46456140350877195,0.3740350877192982,0.2924,643,2668,0.1,0.25,15
30,15,true,,0.13719879004325294,0.30386435684304486,0.1888184341121592,21,26,3.0,29.0,0.8460835111246571,0.18805242304175557,0.2936,643,2668,0.1,0.25,15
20,10,false,,0.1054932635917488,0.1397238638618324,0.04602767854874223,13,17,2.0,19.0,0.613517060367454,0.52001312335958,0.3132,644,2669,0.1,0.25,15
30,15,true,,0.11958286711593083,0.39180129127034774,0.2711594593702099,23,26,4.0,29.0,0.8823720025923526,0.19053791315618923,0.3074,644,2669,0.1,0.25,15
20,10,false,,0.10120629013467437,0.16385946669667864,0.07354803687329921,12,17,1.0,19.0,0.6449149600833044,0.46199236376258246,0.297,645,2670,0.1,0.25,15
30,15,true,,0.12400658342135713,0.308797459540581,0.20482026902615058,18,25,2.0,29.0,0.8424376381433534,0.23302810230502052,0.2902,645,2670,0.1,0.25,15
20,10,false,,0.12358899993621018,0.14609244278928324,0.039590024259613804,9,1,1.0,19.0,0.5678927466483328,0.3489171536610519,0.2964,646,2671,0.1,0.25,15
30,15,true,,0.14531666301867632,0.2692199897748534,0.16673899606111897,23,27,2.0,29.0,0.762962962962963,0.10885668276972625,0.281,646,2671,0.1,0.25,15
20,10,false,,0.1157572369643544,0.15043285616613303,0.05538655563086839,12,16,1.0,19.0,0.600869856139177,0.45299431247909,0.3074,647,2672,0.1,0.25,15
30,15,false,,0.13359158181726197,0.37621287241113877,0.2565691692149329,25,25,15.0,29.0,0.8360446570972887,0.11387559808612441,0.2904,647,2672,0.1,0.25,15
40,20,true,,0.14437178270520715,0.2085350901737642,0.08742046584648545,16,9,3.0,38.0,0.736857476635514,0.2362733644859813,0.2742,647,2672,0.1,0.25,15
20,10,false,,0.561543515767769,0.08415763127357716,-0.47278054048638685,2,1,1.0,16.0,0.14025131738954194,0.10012160518848805,0.2162,648,2673,0.1,0.25,15
30,15,true,,0.11430793696929818,0.18380206402889532,0.08489721817232353,16,25,2.0,28.0,0.7561294540699575,0.2491010134030729,0.3062,648,2673,0.1,0.25,15
20,10,false,,0.08701324758576146,0.13516147039559498,0.06098764725046087,11,17,1.0,19.0,0.6427007299270073,0.42445255474452553,0.2608,649,2674,0.1,0.25,15
30,15,true,,0.081468801042561,0.3026758489969073,0.21379643397994158,23,26,2.0,29.0,0.7175090252707581,0.09476534296028881,0.1646,649,2674,0.1,0.25,15
20,10,false,,0.16156172235335234,0.14137490815398027,0.003803986406474613,10,17,1.0,19.0,0.5041186161449753,0.39242174629324544,0.2762,650,2675,0.1,0.25,15
30,15,false,,0.17672522904555202,0.14547599046533755,-0.06663043533475091,10,1,1.0,29.0,0.3758911211924822,0.11827608554763448,0.2476,650,2675,0.1,0.25,15
40,20,true,,0.16689516781423336,0.3393725426092687,0.1860644076910775,30,34,10.0,39.0,0.853721129170231,0.13743940690048476,0.2496,650,2675,0.1,0.25,15
20,10,false,,0.20013830280469935,0.1546087050270191,-0.08125408793201225,6,1,1.0,18.0,0.35360501567398117,0.3018808777429467,0.2898,651,2676,0.1,0.25,15
30,15,true,,0.1825951442395524,0.2570753008371343,0.10205626179382674,19,26,3.0,28.0,0.756986301369863,0.23589041095890412,0.3054,651,2676,0.1,0.25,15
20,10,false,,0.08398073113683305,0.18867031110573923,0.10699161538932356,13,16,1.0,19.0,0.653307392996109,0.4964980544747082,0.279,652,2677,0.1,0.25,15
30,15,true,,0.11462050784503042,0.6156445723871393,0.5089096205309649,23,25,8.0,29.0,0.9499492729117349,0.12445045654379439,0.2964,652,2677,0.1,0.25,15
20,10,true,,0.1425877571213914,0.2912235612299174,0.16942480089168593,14,17,2.0,19.0,0.7220683287165282,0.5780240073868883,0.3076,653,2678,0.1,0.25,15
20,10,false,,0.1624751935032744,0.1648287768985365,0.02063818419666824,8,1,1.0,19.0,0.531750924784217,0.34648581997533906,0.3074,654,2679,0.1,0.25,15
30,15,false,,0.19128975313909063,0.17785606987890495,-0.033419660282406394,16,2,1.0,29.0,0.431945674638323,0.1824623560673162,0.2754,654,2679,0.1,0.25,15
40,20,true,,0.18828295546138954,0.3310506801966379,0.1899469160649072,33,36,2.0,39.0,0.8310570071258907,0.03414489311163896,0.223,654,2679,0.1,0.25,15
20,10,true,,0.09897187097724079,0.3588650993535703,0.2526943994438663,14,16,3.0,19.0,0.885815374718559,0.6822129302026375,0.3222,655,2680,0.1,0.25,15
20,10,true,,0.08632650914761594,0.1648360642718387,0.08090090533016144,12,16,2.0,19.0,0.7016654598117307,0.49348298334540186,0.2966,656,2681,0.1,0.25,15
20,10,false,,0.11876655106271661,0.4550316550319947,0.33842697394512194,15,16,1.0249999999999915,19.0,0.8004791238877481,0.6242299794661191,0.2702,657,2682,0.1,0.25,15
30,15,true,,0.1587715843199966,0.2744403589952057,0.15837762018600238,19,26,2.0,29.0,0.7560106856634016,0.2246957554170377,0.3036,657,2682,0.1,0.25,15
20,10,false,,0.1490343955882688,0.14831902862876623,0.0059569554551633305,10,2,1.0,19.0,0.5099806825499034,0.4021249195106246,0.2986,658,2683,0.1,0.25,15
30,15,false,,0.1575779119901922,0.20891004711418,0.059706521046196614,14,20,1.0,27.0,0.6436122017517366,0.2642706131078224,0.2866,658,2683,0.1,0.25,15
40,20,true,,0.1802482583429644,0.3199458320305398,0.17233496313839852,28,31,9.0,39.0,0.8357836338418863,0.10901525658807212,0.281,658,2683,0.1,0.25,15
20,10,false,,0.1079838368119305,0.3003554390997515,0.200986304961046,15,17,3.0,19.0,0.7817513368983957,0.6547459893048129,0.299,659,2684,0.1,0.25,15
30,15,true,,0.13451688056166006,0.4206293918697015,0.299195165225835,24,25,4.0,29.0,0.9035087719298246,0.1156015037593985,0.3016,659,2684,0.1,0.25,15
20,10,false,,0.11271379868102155,0.21809188150809372,0.13276067714097742,11,1,1.0,19.0,0.679169701383831,0.4093226511289148,0.271,660,2685,0.1,0.25,15
30,15,false,,0.15045011241800085,0.1324913577905015,-0.024169682478891952,7,1,1.0,28.0,0.4522880454061724,0.12202908832919475,0.258,660,2685,0.1,0.25,15
40,20,true,,0.1403494888867731,0.44347015080257357,0.31188218607695617,33,35,14.0,39.0,0.8839452395768512,0.027380211574362167,0.2516,660,2685,0.1,0.25,15
20,10,true,,0.08703599563041074,0.30163958350203834,0.21751595659226938,12,14,1.0,19.0,0.7305171158048069,0.5225782957028405,0.2842,661,2686,0.1,0.25,15
20,10,false,,0.14179998322783063,0.10971482015992519,-0.04314822463785811,8,5,1.0,19.0,0.3964162213140522,0.3366865765482553,0.322,662,2687,0.1,0.25,15
30,15,false,,0.16129458896172105,0.24617195005308576,0.13107627474233438,17,29,1.0,29.0,0.690881913303438,0.24633781763826607,0.2912,662,2687,0.1,0.25,15
40,20,true,,0.1780519439366683,0.2604658134171631,0.10818881414211992,29,36,3.0,39.0,0.7458272327964861,0.14612005856515373,0.2566,662,2687,0.1,0.25,15
20,10,false,,0.0909070455445836,0.11184512532460787,0.02421756044672812,11,15,1.0,19.0,0.5708841463414634,0.4188262195121951,0.2306,663,2688,0.1,0.25,15
30,15,false,,0.140155770259702,0.14423453795306773,-0.0021538223148925423,16,1,1.0,28.0,0.4976851851851852,0.13657407407407407,0.2444,663,2688,0.1,0.25,15
40,20,false,,0.14895432867715586,0.18444172775939616,0.08166295797509306,13,1,1.0,38.0,0.6254071661237784,0.14039087947882736,0.2574,663,2688,0.1,0.25,15
50,25,true,,0.15929103277523793,0.3615945693944088,0.21753866571688765,36,44,1.0,48.0,0.880938242280285,0.06739904988123516,0.259,663,2688,0.1,0.25,15
20,10,false,,0.1114114630300527,0.3536644461031505,0.25694813349256107,15,15,2.0,19.0,0.7435064935064936,0.6431818181818182,0.2962,664,2689,0.1,0.25,15
30,15,false,,0.15863935847381416,0.2323092665648669,0.10315160795592179,19,26,1.0,29.0,0.6833435021354485,0.162294081757169,0.2918,664,2689,0.1,0.25,15
40,20,true,,0.1686254084569737,0.23539890026582552,0.08755045311761264,16,7,2.0,38.0,0.7242074927953891,0.22046109510086456,0.2872,664,2689,0.1,0.25,15
20,10,true,,0.13226426716327538,0.3062967080535473,0.1905106275955541,13,15,2.0,19.0,0.8294314381270903,0.5515354211006385,0.3246,665,2690,0.1,0.25,15
20,10,false,,0.07578122507326672,0.35395791273614996,0.2770682228255916,15,16,1.0,19.0,0.7834847886210984,0.7028842354800474,0.2496,666,2691,0.1,0.25,15
30,15,false,,0.16312160922742155,0.10393673837100625,-0.07004911602021674,6,1,1.0,26.0,0.3871479571598572,0.14875049583498612,0.2804,666,2691,0.1,0.25,15
40,20,true,,0.12503303121832496,0.17476538764099822,0.058069789904264174,23,26,1.0,36.0,0.7443975316661253,0.1497239363429685,0.2968,666,2691,0.1,0.25,15
20,10,true,,0.11679413006428037,0.30118462432384036,0.1946457068688556,13,16,2.0,19.0,0.7814445828144458,0.5376712328767124,0.3332,667,2692,0.1,0.25,15
20,10,true,,0.10378051806828581,0.23288840900180852,0.14931422021359242,12,19,1.0,19.0,0.700801114594218,0.43051201671891326,0.2836,668,2693,0.1,0.25,15
20,10,false,,0.15058214557371627,0.1511897878587059,0.007105726902203152,10,15,1.9249999999999972,18.0,0.5174520069808028,0.42437463641652123,0.3162,669,2694,0.1,0.25,15
30,15,true,,0.17309950825023976,0.2637387669308653,0.11368745114977072,19,26,2.0,29.0,0.7892677473448854,0.28870877585243154,0.2962,669,2694,0.1,0.25,15
20,10,false,,0.17354952311328592,0.13051733922396797,-0.05955111719013893,8,3,1.0,19.0,0.394227817009518,0.3122505373042677,0.3092,670,2695,0.1,0.25,15
30,15,true,,0.1553692010076883,0.3266638991578267,0.19293063184332818,24,26,2.0,29.0,0.7801866907557965,0.1352002408912978,0.2742,670,2695,0.1,0.25,15
20,10,false,,0.12412880357859939,0.17685805026116172,0.05733161387662429,14,17,3.0,19.0,0.607427869858809,0.643646408839779,0.3132,671,2696,0.1,0.25,15
30,15,true,,0.14104465856238887,0.25075836013379965,0.1438898896797555,20,24,1.0,29.0,0.7607879924953096,0.1275797373358349,0.2594,671,2696,0.1,0.25,15
20,10,false,,0.13824019361976023,0.12603032837095418,-0.013316740018135181,11,16,1.0,19.0,0.4659347755892799,0.44139489828866646,0.2976,672,2697,0.1,0.25,15
30,15,true,,0.14601735856344736,0.23415344369245933,0.11870445698993468,19,26,1.0,29.0,0.7076875387476751,0.20830750154990701,0.2782,672,2697,0.1,0.25,15
20,10,false,,0.11541863768157047,0.37289090663910357,0.2725583317440038,15,16,2.0,19.0,0.8012566137566137,0.6157407407407407,0.2952,673,2698,0.1,0.25,15
30,15,false,,0.1698020193830389,0.18584290833225914,0.01866474806702892,19,1,1.0,29.0,0.5168123739071957,0.10591795561533289,0.2424,673,2698,0.1,0.25,15
40,20,true,,0.17136892358621383,0.33871195287258093,0.19303782022435587,25,27,1.0,38.0,0.850014257199886,0.11263187909894497,0.2696,673,2698,0.1,0.25,15
20,10,true,,0.0850014323677208,0.18316285494635298,0.10820218630320975,13,15,2.0,19.0,0.7150442477876107,0.5780530973451328,0.2978,674,2699,0.1,0.25,15
20,10,false,,0.14854921885582362,0.16034712262732004,0.028487397258169372,12,1,1.0,19.0,0.5373942470389171,0.44263959390862945,0.27,675,2700,0.1,0.25,15
30,15,false,,0.16005229053747805,0.15487451626607057,-0.0052441809984725,8,3,1.0,28.0,0.47991211550533586,0.1902071563088512,0.2744,675,2700,0.1,0.25,15
40,20,true,,0.17542125040536585,0.2515034016465988,0.12123227571991035,31,36,1.0,39.0,0.7142022209234365,0.03389830508474576,0.2392,675,2700,0.1,0.25,15
20,10,true,,0.12501912586030473,0.3331724295061452,0.21025082974309298,14,15,3.0,19.0,0.8038682381384104,0.5989724992444847,0.318,676,2701,0.1,0.25,15
20,10,false,,0.3485569731703158,0.10685605115362781,-0.24070541755123118,4,2,1.0,18.0,0.24244482173174872,0.21765704584040746,0.264,677,2702,0.1,0.25,15
30,15,true,,0.1561179279483034,0.3266239344583053,0.18696847980400377,20,24,3.0,29.0,0.9086538461538461,0.2536764705882353,0.291,677,2702,0.1,0.25,15
20,10,false,,0.1156741432509171,0.44317212643612275,0.34230179031379315,15,16,1.0,19.0,0.727304591657904,0.6028741675429372,0.2686,678,2703,0.1,0.25,15
30,15,true,,0.14245944162998297,0.29080265476170986,0.17933038133764953,19,24,2.0,28.0,0.7918781725888325,0.20901761719916392,0.3016,678,2703,0.1,0.25,15
20,10,false,,0.10668121423939202,0.10869077038229503,0.005226054094111338,10,4,1.0,19.0,0.5144855144855145,0.3802863802863803,0.2984,679,2704,0.1,0.25,15
30,15,false,,0.1494280045509691,0.20606003502059933,0.0974258424916426,16,1,1.0,28.0,0.6044094488188977,0.2258267716535433,0.2782,679,2704,0.1,0.25,15
40,20,true,,0.1641235294559269,0.576307096570541,0.4117624026336011,33,36,6.0,39.0,0.9458823529411765,0.11823529411764706,0.2536,679,2704,0.1,0.25,15
20,10,false,,0.11493752055223055,0.10105967480234493,-0.015771045567325587,11,16,1.0,19.0,0.4458454574846427,0.41577756223731005,0.3084,680,2705,0.1,0.25,15
30,15,true,,0.1300349257199021,0.40961059902703856,0.2995073353266,22,25,6.0,29.0,0.8641936497956617,0.17227287016661427,0.2904,680,2705,0.1,0.25,15
20,10,false,,0.10852866694736113,0.27668044954578214,0.1725646629285758,15,17,1.0,19.0,0.7214550353654429,0.660491748063321,0.294,681,2706,0.1,0.25,15
30,15,true,,0.12992919175670292,0.19000586884662587,0.08080014161292443,17,26,2.0,29.0,0.7403261912376079,0.2110649184521906,0.2902,681,2706,0.1,0.25,15
20,10,false,,0.1202498739336992,0.20688669312492228,0.10258373043400139,14,16,2.0,19.0,0.650345260514752,0.5470809792843692,0.2976,682,2707,0.1,0.25,15
30,15,false,,0.1684847432642043,0.17165146187346397,-0.0046640007933760885,14,2,1.0,29.0,0.49672591206735267,0.16495166822575616,0.2714,682,2707,0.1,0.25,15
40,20,true,,0.1708290210789952,0.29127369410567994,0.16325702444623091,22,21,2.0,38.0,0.8514739229024944,0.18310657596371882,0.2796,682,2707,0.1,0.25,15
20,10,false,,0.13630447773187168,0.18936769135169618,0.07252612536147691,13,16,2.0,19.0,0.6424445120097294,0.5101854667072059,0.3134,683,2708,0.1,0.25,15
30,15,true,,0.15379337365214665,0.2862325039549352,0.14868065337034908,22,26,3.0,29.0,0.8238553514144066,0.16564596092155148,0.2834,683,2708,0.1,0.25,15
20,10,true,,0.15105774409110603,0.2393626564196554,0.11519358786843327,10,15,1.0,19.0,0.7142426979825354,0.40499849442938873,0.3174,684,2709,0.1,0.25,15
20,10,true,,0.11562615711912948,0.20321500427621622,0.10345067006260782,12,16,1.0,19.0,0.708400386224654,0.4837463791438687,0.3264,685,2710,0.1,0.25,15
20,10,false,,0.09103174572348857,0.19825708873923886,0.1065583857645015,14,17,1.0,19.0,0.6911447084233261,0.587832973362131,0.2936,686,2711,0.1,0.25,15
30,15,true,,0.121508450601356,0.5056139015137039,0.40135726401178673,21,26,2.0,29.0,0.8436460412508316,0.1483699268130406,0.2898,686,2711,0.1,0.25,15
20,10,false,,0.10514720464757228,0.12047969242766539,0.01897659830728604,10,14,1.0,19.0,0.5510204081632653,0.4202074272331884,0.3022,687,2712,0.1,0.25,15
30,15,true,,0.1153552015983907,0.41522393972953753,0.30858318018946496,23,28,2.0,29.0,0.8399725274725275,0.1353021978021978,0.2948,687,2712,0.1,0.25,15
20,10,false,,0.12513273515231899,0.1705596552041933,0.053509290444024554,13,16,1.0,19.0,0.6087898483441659,0.5236768802228412,0.333,688,2713,0.1,0.25,15
30,15,false,,0.15487128476384038,0.21885881055904852,0.10102921571150754,17,25,1.0,29.0,0.6599253266957062,0.19321717485998754,0.2788,688,2713,0.1,0.25,15
40,20,true,,0.17108795912334235,0.3111532513255809,0.1705807816460202,26,34,6.0,38.0,0.9074852817493693,0.1393327726380712,0.2718,688,2713,0.1,0.25,15
20,10,false,,0.15271743062879542,0.12125680902212745,-0.03635381641090169,8,4,1.0,18.0,0.40133982947624847,0.328258221680877,0.3196,689,2714,0.1,0.25,15
30,15,false,,0.1900291827819596,0.18485089726505777,-0.017389476994242925,8,3,1.0,28.0,0.46672661870503596,0.15887290167865709,0.261,689,2714,0.1,0.25,15
40,20,false,,0.18483813962053197,0.21453328214938475,0.05522967586330452,20,33,2.0,37.0,0.6749516708091687,0.1463684065175366,0.2712,689,2714,0.1,0.25,15
50,25,true,,0.1907397462680185,0.46230015778851563,0.2730024536407202,36,36,26.0,48.0,0.9569693769799367,0.002375923970432946,0.2676,689,2714,0.1,0.25,15
20,10,false,,0.15092596826770538,0.19090753968183488,0.06458407678609934,12,16,1.0,19.0,0.6126993680409268,0.48630755341558835,0.2842,690,2715,0.1,0.25,15
30,15,false,,0.1682536073519648,0.2122289077397866,0.06261010439909988,17,25,3.0,29.0,0.6703389830508475,0.2403954802259887,0.2972,690,2715,0.1,0.25,15
40,20,true,,0.19130158297195435,0.30630438202649246,0.14233594470959696,27,33,10.0,38.0,0.8975791433891993,0.15775472200053206,0.2708,690,2715,0.1,0.25,15
20,10,false,,0.12859842383652934,0.67730351052167,0.5622568821019179,15,15,3.0,19.0,0.8538899430740038,0.7413029728020241,0.3062,691,2716,0.1,0.25,15
30,15,true,,0.16419467072540828,0.30227654689631195,0.17457986764558675,23,24,3.0,29.0,0.811875367430923,0.1728395061728395,0.287,691,2716,0.1,0.25,15
20,10,false,,0.12959683048855997,0.44195326619615644,0.3168294223324747,16,15,4.0,19.0,0.8395534290271133,0.7215311004784689,0.2878,692,2717,0.1,0.25,15
30,15,false,,0.15613607328318474,0.19988408952328254,0.07199934582714351,16,1,1.0,28.0,0.6640695235241235,0.21756068324842673,0.2854,692,2717,0.1,0.25,15
40,20,true,,0.17599386307143386,0.30365973205746233,0.1684732934898629,23,36,3.0,38.0,0.9156895589056393,0.1476828587381351,0.2928,692,2717,0.1,0.25,15
20,10,false,,0.10204066128876636,0.4576946763172739,0.3588561530057854,16,16,5.0,19.0,0.9163025210084034,0.7428571428571429,0.3066,693,2718,0.1,0.25,15
30,15,true,,0.1319674730063722,0.23473348941552707,0.1341809053452028,18,23,2.0,28.0,0.751840490797546,0.2441717791411043,0.2934,693,2718,0.1,0.25,15
20,10,false,,0.10848696561200467,0.13144731731906092,0.03781548270924064,14,16,1.0,19.0,0.5989196488858879,0.5543551654287644,0.3078,694,2719,0.1,0.25,15
30,15,false,,0.14425704174674395,0.11836493690750036,-0.03266474541792397,9,1,1.0,28.0,0.422008547008547,0.15705128205128205,0.2668,694,2719,0.1,0.25,15
40,20,true,,0.13280882742188893,0.3795304288910948,0.25138950949781225,32,36,3.0,39.0,0.8855689764780674,0.04926891290527654,0.2648,694,2719,0.1,0.25,15
20,10,false,,0.16796266821828354,0.16441165404355207,-0.007079436894655705,10,1,1.0,19.0,0.4914440108075653,0.40168117682377663,0.3076,695,2720,0.1,0.25,15
30,15,true,,0.16701084544003056,0.279664525327852,0.14274710355306314,22,27,1.0,29.0,0.7504520795660036,0.11874623267028331,0.2516,695,2720,0.1,0.25,15
20,10,false,,0.09113201452653603,0.19963723388473173,0.11289559575959024,14,16,2.0,19.0,0.6902748414376322,0.6050035236081748,0.3056,696,2721,0.1,0.25,15
30,15,false,,0.11573219675345929,0.15526152650406155,0.054713126763919845,11,10,1.0,28.0,0.6466241182398388,0.22606650990930466,0.2792,696,2721,0.1,0.25,15
40,20,true,,0.14065980685990537,0.22967241679176179,0.11910122603766163,28,33,3.0,38.0,0.8392638036809816,0.11779141104294479,0.2552,696,2721,0.1,0.25,15
20,10,false,,0.15885708655906453,0.06913588306761892,-0.09568539822785366,5,2,1.0,18.0,0.2932575142160845,0.2668562144597888,0.185,697,2722,0.1,0.25,15
30,15,false,,0.12584471149361123,0.2543514590295366,0.14970439368617552,19,1,1.0,29.0,0.6885919835560124,0.18499486125385406,0.2406,697,2722,0.1,0.25,15
40,20,false,,0.21645903032616287,0.1587805628172419,-0.07221663707971746,4,1,1.0,35.0,0.4225852272727273,0.09339488636363637,0.1936,697,2722,0.1,0.25,15
50,25,true,,0.1633115115872473,0.40850222543834824,0.2525634088863049,37,39,14.0,47.0,0.954824316787507,0.05995538204127161,0.2568,697,2722,0.1,0.25,15
20,10,false,,0.10788338183121589,0.41028057812804236,0.29904681408429656,15,16,3.0,19.0,0.8400667779632721,0.6757929883138565,0.3164,698,2723,0.1,0.25,15
30,15,true,,0.1465887541330679,0.37162539085232016,0.23882505717168706,22,24,4.0,28.0,0.8224627083942674,0.17724480842351564,0.2956,698,2723,0.1,0.25,15
20,10,false,,0.13065867244546187,0.16944182330321184,0.07195232348317604,14,1,1.0,19.0,0.5524296675191815,0.49725977347460726,0.2484,699,2724,0.1,0.25,15
30,15,true,,0.14282697294594918,0.3138628470183975,0.1932095756887902,21,25,2.0,29.0,0.870844365989997,0.22065313327449249,0.305,699,2724,0.1,0.25,15
20,10,false,,0.1397325264630716,0.12694632373177145,-0.026247653156734094,10,16,1.0,19.0,0.4192643391521197,0.39214463840399,0.3208,700,2725,0.1,0.25,15
30,15,false,,0.16716227894866642,0.1747425816546757,0.02311800754344631,9,4,1.0,28.0,0.5629897528631705,0.1410488245931284,0.2846,700,2725,0.1,0.25,15
40,20,true,,0.17615765428244357,0.2553736621123012,0.10562739349242467,28,32,2.0,38.0,0.744466237041188,0.08433734939759036,0.2628,700,2725,0.1,0.25,15
20,10,false,,0.16126777949205015,0.13153662031805874,-0.045221226930909415,8,2,1.0,19.0,0.40498442367601245,0.3679127725856698,0.3012,701,2726,0.1,0.25,15
30,15,false,,0.17608023625438393,0.18970327564809922,0.03152284712286177,7,1,1.0,27.0,0.560285891858297,0.18645121193287756,0.2754,701,2726,0.1,0.25,15
40,20,true,,0.18334512793985702,0.28608623686115897,0.12066486261430376,26,27,6.0,38.0,0.844994617868676,0.16576964477933262,0.2832,701,2726,0.1,0.25,15
20,10,false,,0.09070815512442548,0.7424411099995194,0.651288937587932,16,16,6.0,19.0,0.9555555555555556,0.7844444444444445,0.2646,702,2727,0.1,0.25,15
30,15,true,,0.12679114057281465,0.35567832511793884,0.25520789082319106,18,25,4.0,29.0,0.8929455445544554,0.2645420792079208,0.3178,702,2727,0.1,0.25,15
20,10,false,,0.15766026610873313,0.1383422871388825,-0.022843094153926685,13,16,1.0,19.0,0.46066029003394016,0.49367479173094725,0.3132,703,2728,0.1,0.25,15
30,15,false,,0.30943414704641453,0.13987210448917178,-0.1823711852216663,4,2,1.0,24.0,0.26544187519797274,0.09059233449477352,0.2542,703,2728,0.1,0.25,15
40,20,true,,0.17319084284941022,0.3276053894257975,0.18216015932389554,32,35,4.0,39.0,0.7805084745762711,0.08983050847457627,0.2388,703,2728,0.1,0.25,15
20,10,false,,0.07668058384160295,0.098822105765362,0.024458772704850164,13,15,1.0,19.0,0.5457999155761925,0.5006331785563529,0.1964,704,2729,0.1,0.25,15
30,15,false,,0.0916807438240147,0.07828722652249896,-0.016865233767786092,12,1,1.0,27.0,0.47962867457452296,0.2490974729241877,0.107,704,2729,0.1,0.25,15
40,20,true,,0.06326315071993054,0.24950306571660585,0.1854995228549313,32,34,20.0,38.0,0.9249408983451537,0.00591016548463357,0.0618,704,2729,0.1,0.25,15
20,10,false,,0.1360234822455916,0.05427513151171862,-0.07798027234724295,5,3,1.0,19.0,0.28278513455788123,0.18923536950021358,0.201,705,2730,0.1,0.25,15
30,15,false,,0.6899535891474092,0.04936888583683915,-0.6547188975659222,2,1,1.0,24.0,0.17263843648208468,0.019543973941368076,0.0574,705,2730,0.1,0.25,15
40,20,false,,0.07789391905392408,0.08029164755364461,0.009706169319087823,10,11,1.0,24.0,0.5703225806451613,0.22903225806451613,0.069,705,2730,0.1,0.25,15
50,25,true,,0.06727491981670734,0.09639693192290723,0.03630946941484185,30,36,10.0,40.0,0.7008166295471417,0.07126948775055679,0.04,705,2730,0.1,0.25,15
20,10,false,,0.0853849425051113,0.11096726226121585,0.02760581958494021,12,16,1.0,19.0,0.567488047076131,0.46818683339463035,0.278,706,2731,0.1,0.25,15
30,15,false,,0.10457403540124995,0.142773140890085,0.05536977911086639,13,2,1.0,28.0,0.6338655774229484,0.17526921648718902,0.2866,706,2731,0.1,0.25,15
40,20,false,,0.13017665300336628,0.1780627474482039,0.08057045551879596,16,1,1.0,38.0,0.6942631398144967,0.1181724493301271,0.2652,706,2731,0.1,0.25,15
50,25,true,,0.14226263181137377,0.3308348489452331,0.20222231934037976,37,43,4.0,48.0,0.9254227053140096,0.10054347826086957,0.263,706,2731,0.1,0.25,15
20,10,false,,0.21446716355558262,0.09859599846169337,-0.1369203458162311,4,1,1.0,17.0,0.36966246441642947,0.25701504676697845,0.2358,707,2732,0.1,0.25,15
30,15,true,,0.10880459352833159,0.34418629301472103,0.24243233893921226,23,25,2.0,29.0,0.7903571428571429,0.1675,0.2832,707,2732,0.1,0.25,15
20,10,false,,0.11093932716038442,0.1381859931694418,0.04599597347124905,10,1,1.0,19.0,0.589798087141339,0.35812964930924546,0.2708,708,2733,0.1,0.25,15
30,15,false,,0.14899974886372977,0.14356486597170892,-0.007408765864021366,7,1,1.0,23.0,0.4767000345184674,0.2492233344839489,0.262,708,2733,0.1,0.25,15
40,20,true,,0.14494225149696366,0.23542008667008302,0.10800355672314962,25,29,5.0,38.0,0.8113584474885844,0.1860730593607306,0.2954,708,2733,0.1,0.25,15
20,10,false,,0.16943957453250308,0.1639155111664785,-0.028187576964415623,9,2,1.0,19.0,0.4754853570253373,0.37874300756827906,0.2676,709,2734,0.1,0.25,15
30,15,false,,0.14981124466165938,0.18740711021039255,0.05984799455490619,15,26,1.9749999999999943,28.0,0.6779411764705883,0.18941176470588236,0.2718,709,2734,0.1,0.25,15
40,20,false,,0.17425676169238002,0.219432195265618,0.051926874610680324,28,36,4.0,38.0,0.6777717094483888,0.08874931731294375,0.2548,709,2734,0.1,0.25,15
50,25,true,,0.17263786918470506,0.2765899961847354,0.1324797571267097,30,39,3.0,47.0,0.8955878322828172,0.07865168539325842,0.26,709,2734,0.1,0.25,15
20,10,false,,0.13997851385596194,0.18651443652457333,0.05775828572855159,12,16,2.0,19.0,0.6295413936867182,0.5002977963073257,0.331,710,2735,0.1,0.25,15
30,15,false,,0.1568631725472332,0.18754624499750036,0.04968202931165561,16,4,1.0,28.0,0.6187997550520514,0.18983466013472136,0.2834,710,2735,0.1,0.25,15
40,20,true,,0.17345848245623524,0.24182948688426756,0.0931789956118752,27,36,2.0,39.0,0.7241379310344828,0.09468626342566422,0.2582,710,2735,0.1,0.25,15
20,10,false,,0.11039901262159146,0.2516327615118722,0.16269108487979686,14,17,1.0,19.0,0.6701447324133288,0.5540222147425109,0.296,711,2736,0.1,0.25,15
30,15,true,,0.13929216617991214,0.26409891166590543,0.1417382240738635,21,23,1.0,29.0,0.7043363994743759,0.14947437582128778,0.2464,711,2736,0.1,0.25,15
20,10,false,,0.14297627735084437,0.1646072987862596,0.02923728191187805,10,15,1.0,19.0,0.5642023346303502,0.3759353486979946,0.33,712,2737,0.1,0.25,15
30,15,true,,0.17552950740083184,0.2773725617380737,0.1406123731165223,19,27,3.0,29.0,0.7901977644024075,0.25136142161077674,0.2818,712,2737,0.1,0.25,15
20,10,true,,0.08322127106947469,0.38244485910829906,0.29066204210442714,14,15,2.0,19.0,0.7596226415094339,0.6324528301886793,0.2772,713,2738,0.1,0.25,15
20,10,false,,0.08521109511468639,0.07984787608325655,-0.0018418080111750612,9,1,1.0,19.0,0.4957191780821918,0.3377568493150685,0.192,714,2739,0.1,0.25,15
30,15,true,,0.05963247491310643,0.31386170857519896,0.2387888194175815,22,26,2.0,29.0,0.8525714285714285,0.14971428571428572,0.0986,714,2739,0.1,0.25,15
20,10,false,,0.12442632233222262,0.18920785194844025,0.08829779645406165,13,16,1.0,19.0,0.6459807073954984,0.5096463022508039,0.2892,715,2740,0.1,0.25,15
30,15,false,,0.154621368828092,0.16950723089636022,0.024494796418121717,12,1,1.0,27.0,0.566574839302112,0.2950719314355678,0.2864,715,2740,0.1,0.25,15
40,20,true,,0.16751544969017265,0.2976603909017494,0.17405865448779817,28,35,2.0,38.0,0.8600858369098713,0.07181688125894134,0.2716,715,2740,0.1,0.25,15
20,10,false,,0.08031088269571589,0.5756932680489187,0.49290458710811497,15,16,7.0,19.0,0.9515570934256056,0.7768166089965398,0.3098,716,2741,0.1,0.25,15
30,15,false,,0.13686724323784544,0.17561307775740856,0.04964518314904531,19,25,1.0,29.0,0.6438269655825702,0.1771392485001579,0.2956,716,2741,0.1,0.25,15
40,20,true,,0.1537530876048055,0.3218129184690449,0.19080479267911307,24,26,3.0,38.0,0.8886039886039886,0.18205128205128204,0.2928,716,2741,0.1,0.25,15
20,10,false,,0.13209057002217514,0.15131474599327083,0.03599044727354762,12,1,1.0,19.0,0.5401234567901234,0.4711934156378601,0.279,717,2742,0.1,0.25,15
30,15,true,,0.1414948230092129,0.35482469508972003,0.24341708436143047,23,25,2.0,29.0,0.7575468700349539,0.1601525262154433,0.2922,717,2742,0.1,0.25,15
20,10,false,,0.1407706688520127,0.09130179761524532,-0.04922443320922891,7,1,1.0,19.0,0.4182655410590944,0.28626247122026094,0.2598,718,2743,0.1,0.25,15
30,15,false,,0.10730038344984627,0.11618440927861476,0.019259341656126944,14,1,1.0,28.0,0.5467683661180249,0.20072260136491368,0.2752,718,2743,0.1,0.25,15
40,20,true,,0.11082369308604237,0.18770618860172736,0.09612212846583694,27,32,2.0,39.0,0.7411038489469862,0.1111111111111111,0.2728,718,2743,0.1,0.25,15
20,10,true,,0.08122264988912259,0.1761660690175348,0.10322141513243567,13,16,2.0,19.0,0.7309208169115012,0.49982085274095306,0.2576,719,2744,0.1,0.25,15
20,10,false,,0.07100399400673774,0.09870732118625311,0.033456838711121366,11,16,1.0,19.0,0.6013787510137875,0.42700729927007297,0.2592,720,2745,0.1,0.25,15
30,15,false,,0.09264771420931485,0.07556042323001992,-0.024944411552436208,12,1,1.0,26.0,0.3909217230199166,0.2107457156090783,0.176,720,2745,0.1,0.25,15
40,20,false,,0.1573136184397033,0.06939098226675625,-0.09232606369902588,5,1,1.0,23.0,0.24058823529411766,0.09411764705882353,0.0974,720,2745,0.1,0.25,15
50,25,true,,0.07961909588835228,0.19244949445689452,0.116718593288041,40,42,24.0,48.0,0.8048780487804879,0.008672086720867209,0.0952,720,2745,0.1,0.25,15
20,10,true,,0.11073040902897267,0.21906803398259397,0.12914537714317242,13,16,1.0,19.0,0.7312677837496048,0.5728738539361365,0.3188,721,2746,0.1,0.25,15
20,10,false,,0.1442209873736736,0.12566979515054075,-0.022927278536136034,7,1,1.0,19.0,0.4678450545317789,0.2861978187288454,0.2606,722,2747,0.1,0.25,15
30,15,false,,0.15268555606243198,0.6381047054009037,0.4887664227575971,25,27,13.0,29.0,0.9387239418825016,0.082122552116235,0.2766,722,2747,0.1,0.25,15
40,20,false,,0.18574196349838146,0.258350401355751,0.09563497140622237,26,34,1.0,38.0,0.6469580119965724,0.10082833476149672,0.2562,722,2747,0.1,0.25,15
50,25,true,,0.15544249546458044,0.2367468050966377,0.11915051278321476,13,2,1.0,39.0,0.7883064516129032,0.23127880184331798,0.226,722,2747,0.1,0.25,15
20,10,true,,0.05054528763940934,0.19284304398159635,0.14568752548691197,14,16,1.0,19.0,0.731638418079096,0.5451977401129944,0.1606,723,2748,0.1,0.25,15
20,10,false,,0.1467311880069907,0.12450177903218064,-0.027674079187104655,10,2,1.0,19.0,0.4375,0.3993055555555556,0.3078,724,2749,0.1,0.25,15
30,15,true,,0.15973066717915085,0.27035338293840105,0.14878923475544997,20,25,2.0,29.0,0.7959006928406467,0.17436489607390301,0.2974,724,2749,0.1,0.25,15
20,10,false,,0.11876776553992578,0.5897606188132473,0.46569148732102084,16,16,6.0,19.0,0.8977458346945443,0.7533485788957857,0.2996,725,2750,0.1,0.25,15
30,15,true,,0.16371959207816972,0.25399848380263207,0.11770020989228933,17,24,2.0,29.0,0.7610544217687075,0.20776643990929705,0.3002,725,2750,0.1,0.25,15
20,10,false,,0.08798839263842945,0.2995722962863093,0.22675122983326712,15,17,1.0,19.0,0.6726190476190477,0.5992063492063492,0.2358,726,2751,0.1,0.25,15
30,15,true,,0.10011572156287889,0.17867941263577936,0.08656579217302625,21,27,2.0,29.0,0.702168124762267,0.16432103461392164,0.2982,726,2751,0.1,0.25,15
20,10,false,,0.04316696098103269,0.36576514012187367,0.34159710920482794,16,17,2.0,19.0,0.8575788402848423,0.6790437436419126,0.1402,727,2752,0.1,0.25,15
30,15,false,,0.060588697598423974,0.6789171594011378,0.6263163853131116,25,26,2.0,29.0,0.8888245512449334,0.0225825130283729,0.084,727,2752,0.1,0.25,15
40,20,false,,0.6334868903409141,0.051927689591286096,-0.5886623647162892,1,1,1.0,4.0,0.0,0.0,0.0356,727,2752,0.1,0.25,15
50,25,false,,0.06265001937007288,0.7773151164385598,0.7005226340597879,45,48,38.0,49.0,1.0,0.0,0.0246,727,2752,0.1,0.25,15
60,30,true,,0.19508655295793043,0.2494297939520353,0.06300534936122217,27,27,19.15,32.849999999999994,0.8181818181818182,0.0,0.0042,727,2752,0.1,0.25,15
20,10,false,,0.11560474345111303,0.38690295252370854,0.2797976885497313,15,16,2.0,19.0,0.8181527644614893,0.6573985298817514,0.3122,728,2753,0.1,0.25,15
30,15,true,,0.14795507454900877,0.22770093732499752,0.10169775627970941,21,26,1.0,29.0,0.7236919459141682,0.18342151675485008,0.3066,728,2753,0.1,0.25,15
20,10,false,,0.11860707181134036,0.16591027311325932,0.06170569137334554,13,17,1.0,19.0,0.570034843205575,0.48606271777003485,0.287,729,2754,0.1,0.25,15
30,15,false,,0.13992007550612368,0.16681258755573924,0.026834915481248278,15,17,1.0,28.0,0.5656504678539088,0.3302143072743737,0.3086,729,2754,0.1,0.25,15
40,20,false,,0.1714867207802707,0.2217410927831208,0.06733284311157584,19,1,1.0,37.0,0.6351311523725317,0.15767757147067493,0.2538,729,2754,0.1,0.25,15
50,25,true,,0.12024728433944183,0.22543362100850364,0.11907137649765606,14,17,2.0,26.0,0.8868940754039497,0.32286056253740275,0.2798,729,2754,0.1,0.25,15
20,10,false,,0.10796534625545048,0.17366277621149567,0.07028087251341525,13,14,1.0,19.0,0.651246719160105,0.5482283464566929,0.308,730,2755,0.1,0.25,15
30,15,false,,0.21663255917660626,0.18425220141809892,-0.0880654753592494,11,1,1.0,27.0,0.4213197969543147,0.19289340101522842,0.1942,730,2755,0.1,0.25,15
40,20,true,,0.17606657519708357,0.2712232548097787,0.1391622524961558,17,32,1.0,38.0,0.8694806998056096,0.18911413496251042,0.2812,730,2755,0.1,0.25,15
20,10,false,,0.14714666512861396,0.3144447312750231,0.18313048875212423,16,17,3.0,19.0,0.7118320610687023,0.6650763358778626,0.2946,731,2756,0.1,0.25,15
30,15,false,,0.16307373167876676,0.18123451934822693,0.048616725393470145,16,26,1.0,28.0,0.5873815165876777,0.2109004739336493,0.2772,731,2756,0.1,0.25,15
40,20,true,,0.17444491578180715,0.24469449287312275,0.09550935112038975,31,35,5.0,39.0,0.7976631518951268,0.10088344257623255,0.2626,731,2756,0.1,0.25,15
20,10,true,,0.11458771998025888,0.2581413558391265,0.15932445596855632,13,15,1.0,19.0,0.7591952216284187,0.5315938384155926,0.3228,732,2757,0.1,0.25,15
20,10,false,,0.0969174264189519,0.14232881984388193,0.060795740707944176,13,16,1.0,19.0,0.6264767199444058,0.5246699096594858,0.2962,733,2758,0.1,0.25,15
30,15,true,,0.12098233960915666,0.2371740991644687,0.1475399043104585,20,26,1.0,29.0,0.7323509252912954,0.19705277587388623,0.2814,733,2758,0.1,0.25,15
20,10,false,,0.11840737427944274,0.09991761728947651,-0.020993479891628225,8,4,1.0,18.0,0.43649982975825674,0.2791964589717399,0.2982,734,2759,0.1,0.25,15
30,15,true,,0.1534138172948154,0.30187258176980264,0.1688266630880439,23,25,4.0,29.0,0.8105105105105105,0.15675675675675677,0.3004,734,2759,0.1,0.25,15
20,10,false,,0.07258515802324779,0.2386337687123878,0.1719453716384766,14,18,1.0,19.0,0.6935956467141063,0.5064880703223106,0.2084,735,2760,0.1,0.25,15
30,15,false,,0.1180624006042804,0.09981212095089652,-0.023998894542469965,12,2,1.0,28.0,0.4254352763058289,0.20174110522331568,0.2864,735,2760,0.1,0.25,15
40,20,true,,0.10903779721717806,0.22177825230229484,0.1092042188790824,31,34,9.450000000000003,39.0,0.7897042716319824,0.05366922234392114,0.2874,735,2760,0.1,0.25,15
20,10,false,,0.04726329389535738,0.09446089487656793,0.055532717328759765,10,13,1.0,19.0,0.6290944123314065,0.39065510597302505,0.1378,736,2761,0.1,0.25,15
30,15,true,,0.09835645513796525,0.3139469446854129,0.21708111723120363,21,25,6.0,29.0,0.8479595521849043,0.24088118454315638,0.3172,736,2761,0.1,0.25,15
20,10,false,,0.18398625549966405,0.14168415821829758,-0.05976001234760364,5,1,1.0,18.0,0.3885589246639575,0.17067833698030635,0.2934,737,2762,0.1,0.25,15
30,15,true,,0.1635994438772731,0.23304282973233162,0.09571860007653468,21,27,4.0,29.0,0.773491879350348,0.1925754060324826,0.2818,737,2762,0.1,0.25,15
20,10,false,,0.18489291361274446,0.11452567233524107,-0.08511158241327463,6,1,1.0,19.0,0.37717855968431435,0.2607694837224597,0.2782,738,2763,0.1,0.25,15
30,15,true,,0.15233805366798253,0.2630995364635732,0.14186141013857836,18,27,3.0,29.0,0.7959964674712982,0.23373564910214895,0.298,738,2763,0.1,0.25,15
20,10,false,,0.09213045802922123,0.14439733128326568,0.05768575605366813,10,1,1.0,19.0,0.6,0.42437137330754354,0.268,739,2764,0.1,0.25,15
30,15,true,,0.10724666862888327,0.30905207926408446,0.20525821304990358,23,26,1.0,29.0,0.7297794117647058,0.13051470588235295,0.246,739,2764,0.1,0.25,15
20,10,false,,0.09220461081136876,0.09567817080806996,0.008664408377962125,9,1,1.0,19.0,0.5244698205546493,0.3605220228384992,0.2576,740,2765,0.1,0.25,15
30,15,true,,0.11315442188493693,0.3761707571215,0.279705894677667,22,23,6.0,29.0,0.8438943894389439,0.2023102310231023,0.3146,740,2765,0.1,0.25,15
20,10,true,,0.08076614498553537,0.23604663717399516,0.1554815459781744,14,16,2.0,19.0,0.7537796976241901,0.6141108711303096,0.3072,741,2766,0.1,0.25,15
20,10,false,,0.1427254347920581,0.08149487748508846,-0.07527970657612017,5,1,1.0,17.0,0.3512176560121766,0.182648401826484,0.25,742,2767,0.1,0.25,15
30,15,true,,0.12291850616863856,0.32687142843376144,0.22572344357800564,22,25,1.0,29.0,0.7442340791738382,0.11876075731497418,0.2768,742,2767,0.1,0.25,15
20,10,true,,0.06942620077710615,0.22401075743223886,0.1526790203217801,14,17,2.0,19.0,0.7647758825862753,0.6497421658072193,0.2376,743,2768,0.1,0.25,15
20,10,false,,0.11091439448954031,0.5155399945440248,0.4090712836461282,15,17,2.0,19.0,0.9024064171122995,0.6915106951871658,0.2966,744,2769,0.1,0.25,15
30,15,true,,0.1373335851009625,0.19921578873171217,0.08366107016092278,11,6,1.0,28.0,0.7283987024476556,0.23680330286051313,0.3136,744,2769,0.1,0.25,15
20,10,false,,0.14432784867897536,0.17770256021187308,0.048307051749799976,11,16,1.0,19.0,0.5774302361238883,0.4363692118981907,0.305,745,2770,0.1,0.25,15
30,15,true,,0.17094836455473905,0.6035549440529064,0.4443715915933786,23,26,1.0,29.0,0.7006737247353224,0.04491498235482836,0.2392,745,2770,0.1,0.25,15
20,10,false,,0.13224270829393123,0.1446439556059222,0.023995472003963916,9,2,1.0,19.0,0.5484379930577469,0.35973493215525404,0.2972,746,2771,0.1,0.25,15
30,15,true,,0.14431625444770835,0.40342148714937615,0.2857633669312011,21,24,2.0,28.0,0.8651079136690647,0.18105515587529977,0.29,746,2771,0.1,0.25,15
20,10,false,,0.11023946634986033,0.577416950238916,0.47600743589714156,16,16,6.0,19.0,0.9240673489600528,0.8104985143611753,0.2938,747,2772,0.1,0.25,15
30,15,true,,0.14657950101694472,0.2138302010759369,0.09187958819499935,20,24,2.0,29.0,0.7116711671167116,0.18391839183918393,0.2926,747,2772,0.1,0.25,15
20,10,false,,0.1436501848095459,0.05541472614950407,-0.09961895740918969,4,1,1.0,18.0,0.26025032369443246,0.17393180837289599,0.1748,748,2773,0.1,0.25,15
30,15,false,,0.06463616318236289,0.11648027414104849,0.06011243563755813,13,28,1.0,29.0,0.6177351707609346,0.18873576992210905,0.1032,748,2773,0.1,0.25,15
40,20,true,,0.07116995605048296,0.16196896213006118,0.09571772892565636,27,6,3.0,38.575000000000045,0.7057613168724279,0.021262002743484224,0.049,748,2773,0.1,0.25,15
20,10,false,,0.1083653686918694,0.19921592265404825,0.10373087969248579,14,17,1.0,19.0,0.6164237468894419,0.5570565232847494,0.2778,749,2774,0.1,0.25,15
30,15,true,,0.12919193066095064,0.28390336728142174,0.17920319405714508,20,27,2.0,29.0,0.810828025477707,0.15859872611464967,0.3096,749,2774,0.1,0.25,15
20,10,false,,0.11204759486142847,0.33510965346230925,0.22681279640098312,15,16,3.0,19.0,0.7671232876712328,0.6667728575979611,0.3122,750,2775,0.1,0.25,15
30,15,true,,0.12918134624206287,0.26481278835514893,0.15654002396281555,17,24,2.0,28.0,0.8353329334133174,0.2756448710257948,0.3052,750,2775,0.1,0.25,15
20,10,true,,0.11395702728004144,0.23144499282777084,0.13575930380762066,12,15,1.0,19.0,0.7241825833603108,0.5131110391712528,0.2898,751,2776,0.1,0.25,15
20,10,false,,0.14675571658056333,0.13101792388336164,-0.007104437135019098,8,1,1.0,19.0,0.4862572107227689,0.3505259586019681,0.283,752,2777,0.1,0.25,15
30,15,false,,0.1419089158346711,0.18076868771769852,0.05669765078204772,18,26,2.0,29.0,0.6604059375946683,0.22780975461981218,0.2906,752,2777,0.1,0.25,15
40,20,true,,0.1566623206293016,0.244720455931226,0.11527968832862133,20,20,2.0,37.0,0.8314253005151688,0.2149398969662278,0.2728,752,2777,0.1,0.25,15
20,10,true,,0.1127256616776484,0.5163003250048877,0.4115551597251459,14,15,2.0,19.0,0.8324555628703094,0.67412771560237,0.3126,753,2778,0.1,0.25,15
20,10,true,,0.10649371725607834,0.25114154510972586,0.16263776674744548,12,13,1.0,19.0,0.7451737451737451,0.49388674388674386,0.3096,754,2779,0.1,0.25,15
20,10,false,,0.12593164647535932,0.1633989916642047,0.0571420357111518,12,15,1.0,19.0,0.5838668373879642,0.4753521126760563,0.3164,755,2780,0.1,0.25,15
30,15,true,,0.14771086960222,0.245986315660493,0.1388845631014652,18,24,2.0,28.0,0.757718318141723,0.2311084975007351,0.274,755,2780,0.1,0.25,15
20,10,true,,0.15123803682566866,0.27017781232959737,0.13546837524992672,14,16,2.0,19.0,0.7594451003541912,0.569952774498229,0.3216,756,2781,0.1,0.25,15
20,10,false,,0.14301072033613993,0.18452976638739157,0.05901125788503439,12,16,1.0,19.0,0.583984985924304,0.49233656553018457,0.2932,757,2782,0.1,0.25,15
30,15,false,,0.1522941633781686,0.4515430928798551,0.3083273559107649,25,26,2.0,29.0,0.8437209302325581,0.09023255813953489,0.2696,757,2782,0.1,0.25,15
40,20,true,,0.1752052051306129,0.3381040698472349,0.18894805737882292,31,34,3.0,39.0,0.8408763332372442,0.09829922167771692,0.2614,757,2782,0.1,0.25,15
20,10,false,,0.1441898659444446,0.23902802405693363,0.12006184579536444,14,17,2.0,19.0,0.6767228630582668,0.6015971606033718,0.308,758,2783,0.1,0.25,15
30,15,false,,0.15720753870449353,0.20166490685545174,0.06884364563536817,20,25,1.0,29.0,0.6706515242080096,0.12253436939629408,0.2832,758,2783,0.1,0.25,15
40,20,true,,0.18111927392112784,0.3067389311650567,0.15363850435955417,30,36,2.0,39.0,0.7852794687327062,0.10431654676258993,0.2742,758,2783,0.1,0.25,15
20,10,true,,0.10233195073752621,0.308716063459682,0.22799126145798343,14,16,1.0,19.0,0.7320607988688582,0.5425945563803464,0.3006,759,2784,0.1,0.25,15
20,10,false,,0.055012416914115445,0.10790880502010468,0.045472933834725164,10,13,1.0,18.0,0.6307550644567219,0.40239410681399634,0.16,760,2785,0.1,0.25,15
30,15,false,,0.10806193727746985,0.0635608107298413,-0.041678430324297716,5,1,1.0,23.0,0.3589905362776025,0.09779179810725552,0.078,760,2785,0.1,0.25,15
40,20,false,,0.1625323873962271,0.05949800701894226,-0.113306732417331,3,2,1.0,8.0,0.21168501270110077,0.0,0.0396,760,2785,0.1,0.25,15
50,25,true,,0.0642313787408752,0.4446233092693369,0.3865375428003802,44,44,43.0,49.0,1.0,0.0,0.0212,760,2785,0.1,0.25,15
20,10,false,,0.0374510369345255,0.5910800880428977,0.5402934150948275,16,16,4.0,19.0,0.9156812339331619,0.7655526992287918,0.1274,761,2786,0.1,0.25,15
30,15,false,,0.05205407339290077,0.08781280454555272,0.03364023158603674,23,26,6.0,29.0,0.6603098927294399,0.15137067938021453,0.0702,761,2786,0.1,0.25,15
40,20,true,,0.032196919462770854,0.11850885691984935,0.08088477306528963,25,19,7.0,30.0,0.9213085764809903,0.07427055702917772,0.0382,761,2786,0.1,0.25,15
20,10,false,,0.09879978905462315,0.5515141951952168,0.43736770336999375,16,17,5.0,19.0,0.9461121157323689,0.7446654611211573,0.292,762,2787,0.1,0.25,15
30,15,false,,0.15081283234126805,0.22910865382917875,0.13284675336237836,19,26,1.0,29.0,0.6421052631578947,0.08484848484848485,0.2748,762,2787,0.1,0.25,15
40,20,true,,0.15434721438643764,0.2465388536217185,0.12034153891432278,23,33,3.0,38.0,0.8119148936170213,0.16652482269503546,0.2926,762,2787,0.1,0.25,15
20,10,true,,0.11506855552999856,0.24003552998422822,0.14687282971377177,14,15,2.0,19.0,0.7351301115241635,0.5870508054522925,0.3128,763,2788,0.1,0.25,15
20,10,false,,0.15124268694277926,0.10647340004630754,-0.05686351976593404,7,2,1.0,19.0,0.4167233174711081,0.2919782460910945,0.2482,764,2789,0.1,0.25,15
30,15,true,,0.14386416363677335,0.3642175830369833,0.23841817346927613,22,25,5.0,29.0,0.8867980884109916,0.1436678614097969,0.2976,764,2789,0.1,0.25,15
20,10,true,,0.11842175017451034,0.30285024983583936,0.19253383176858266,13,16,1.0,19.0,0.730718085106383,0.555186170212766,0.3058,765,2790,0.1,0.25,15
20,10,false,,0.10383065771165721,0.17577545894586558,0.08282393429054835,11,14,1.0,18.0,0.6710775047258979,0.44896030245746693,0.3268,766,2791,0.1,0.25,15
30,15,false,,0.149098018797231,0.15795738464711687,0.007004025237016626,10,2,1.0,28.0,0.5233889434085705,0.17010140660778542,0.285,766,2791,0.1,0.25,15
40,20,true,,0.15240802457282707,0.2940828684557119,0.17651168866604558,24,35,2.0,39.0,0.8505013673655424,0.12701306593740505,0.2698,766,2791,0.1,0.25,15
20,10,false,,0.11724936839980614,0.2906032417833722,0.16158792490904988,15,16,4.0,19.0,0.7843877872206484,0.722064841045011,0.2996,767,2792,0.1,0.25,15
30,15,false,,0.16021147148533627,0.2028023196063333,0.06857780759492824,19,1,1.0,29.0,0.5886683738796414,0.09923175416133162,0.25,767,2792,0.1,0.25,15
40,20,true,,0.16791381628434812,0.3502205822686176,0.19604714781373758,32,36,5.0,39.0,0.8566995768688294,0.07080394922425952,0.2568,767,2792,0.1,0.25,15
20,10,false,,0.1168696907826885,0.15144712681087774,0.039051085820182366,12,1,1.0,19.0,0.5366229760986893,0.4502698535080956,0.256,768,2793,0.1,0.25,15
30,15,false,,0.14110660829147137,0.0989136666080188,-0.0432374364510021,7,1,1.0,25.0,0.4013260530421217,0.17394695787831513,0.2534,768,2793,0.1,0.25,15
40,20,false,,0.12591828849672876,0.15165980920114655,0.04538742856584704,11,2,1.0,34.0,0.6033696033696033,0.19761319761319762,0.2808,768,2793,0.1,0.25,15
50,25,true,,0.12638791771160096,0.23982971757115318,0.13176437100132338,25,5,2.0,45.0,0.8895820336868372,0.10542732376793512,0.2738,768,2793,0.1,0.25,15
20,10,false,,0.0635595216689966,0.5801297864729767,0.5138617067685569,16,16,3.0,19.0,0.8941029900332226,0.757890365448505,0.2302,769,2794,0.1,0.25,15
30,15,false,,0.06433774810125438,0.07889969028425067,0.002075187512650234,18,25,1.0,28.0,0.5087336244541485,0.20578602620087336,0.0924,769,2794,0.1,0.25,15
40,20,true,,0.06134774707830194,0.35170685865897805,0.3055600735364719,33,33,27.0,39.0,0.9623621025308241,0.0,0.053,769,2794,0.1,0.25,15
20,10,false,,0.0805268227590286,0.38947864424711176,0.31330469942435957,16,17,1.0,19.0,0.7549137585238668,0.659045326915363,0.2422,770,2795,0.1,0.25,15
30,15,true,,0.11145809520842129,0.2345903019806898,0.13794883587443726,21,26,3.0,29.0,0.7575129533678756,0.17271157167530224,0.2904,770,2795,0.1,0.25,15
20,10,false,,0.1009489672703391,0.22150342342846177,0.13991253130431056,15,16,1.0,19.0,0.7450842696629213,0.5323033707865169,0.2978,771,2796,0.1,0.25,15
30,15,false,,0.14582077546012806,0.14494264867924853,-0.0019406572800796107,8,2,1.0,28.0,0.4921311475409836,0.16393442622950818,0.2758,771,2796,0.1,0.25,15
40,20,true,,0.14593831162684023,0.21558032133429345,0.09469852214665542,26,36,2.0,39.0,0.7593694229625223,0.10826888756692445,0.26,771,2796,0.1,0.25,15
20,10,false,,0.11438128222097534,0.1398142043823757,0.04091406792967134,12,15,2.0,19.0,0.58060413354531,0.4712241653418124,0.3116,772,2797,0.1,0.25,15
30,15,true,,0.13877413598977778,0.47704635406509444,0.3379064506575601,24,26,6.0,29.0,0.8728195369489375,0.13035204567078973,0.2856,772,2797,0.1,0.25,15
20,10,false,,0.10153424163406659,0.18612129337879516,0.09591385103297292,13,16,1.0,19.0,0.6409200137315483,0.49879848952969447,0.3088,773,2798,0.1,0.25,15
30,15,false,,0.13851841490210293,0.16463382559277173,0.045032465317729045,11,6,1.0,28.0,0.6119402985074627,0.2280088917116545,0.2974,773,2798,0.1,0.25,15
40,20,true,,0.14852506617388764,0.27685986394411305,0.17514736279894855,26,34,5.0,39.0,0.8896734333627537,0.1641659311562224,0.2794,773,2798,0.1,0.25,15
20,10,true,,0.1105266039132426,0.17631246809789067,0.08436109911800863,11,10,1.0,19.0,0.7249201277955272,0.41789137380191693,0.3276,774,2799,0.1,0.25,15
20,10,true,,0.12202716111215903,0.2478569869897461,0.14115718146594003,14,16,2.0,19.0,0.7285223367697594,0.5810684161199625,0.3042,775,2800,0.1,0.25,15
20,10,false,,0.10229879266866503,0.14611820287338012,0.055175468524577546,12,16,1.0,19.0,0.5996527777777778,0.4909722222222222,0.278,776,2801,0.1,0.25,15
30,15,false,,0.21266174517596803,0.10540222390251676,-0.13166150399658877,5,1,1.0,28.0,0.24724871606749815,0.06089508437270726,0.2492,776,2801,0.1,0.25,15
40,20,true,,0.1341407271887489,0.2059472580967349,0.09624333959048717,25,30,4.0,38.0,0.7192057089668011,0.13744958113558797,0.3018,776,2801,0.1,0.25,15
20,10,true,,0.11620537440049565,0.3188546943477972,0.20840297944009906,14,15,2.0,19.0,0.8196513470681458,0.6472266244057052,0.3148,777,2802,0.1,0.25,15
20,10,false,,0.10092837149855677,0.1658705270400154,0.0814673375886999,13,17,1.0,19.0,0.6459264352011,0.5084221381918185,0.2956,778,2803,0.1,0.25,15
30,15,true,,0.1217876730022352,0.28081128113225456,0.17081100821409095,19,22,5.0,29.0,0.8720073664825047,0.30171884591774095,0.3098,778,2803,0.1,0.25,15
20,10,true,,0.11835962825330193,0.2882993276316069,0.18902627973897157,13,16,1.0,19.0,0.7427307206068268,0.5300252844500632,0.3134,779,2804,0.1,0.25,15
20,10,false,,0.1307763927004564,0.30080918831596715,0.16412717634616117,15,16,2.0,19.0,0.6882463859208046,0.6184789440603394,0.2992,780,2805,0.1,0.25,15
30,15,true,,0.1517322129854598,0.23527590612727048,0.11853609079137212,17,25,2.0,29.0,0.7398230088495575,0.21976401179941002,0.2932,780,2805,0.1,0.25,15
20,10,false,,0.13735735814072378,0.28869197670467406,0.1777915880558939,15,17,2.0,19.0,0.6756756756756757,0.5945945945945946,0.3034,781,2806,0.1,0.25,15
30,15,false,,0.15398601008301455,0.2591434800952382,0.12161770600798136,20,24,1.0,28.0,0.6831653823355068,0.1816834617664493,0.2902,781,2806,0.1,0.25,15
40,20,true,,0.1761099211870365,0.5892453643502068,0.4063986402697755,32,34,3.0,39.0,0.9539170506912442,0.08525345622119816,0.2454,781,2806,0.1,0.25,15
20,10,true,,0.11427867534601344,0.21176602707045084,0.12825208129898585,12,11,1.0,19.0,0.7285082174462706,0.48198482932996206,0.3126,782,2807,0.1,0.25,15
20,10,false,,0.1508047289809644,0.23945226831948624,0.1366394966866381,14,1,1.0,19.0,0.5684446102200671,0.46027601641178667,0.2464,783,2808,0.1,0.25,15
30,15,false,,0.13542396077708646,0.1809128303912123,0.06652198297838856,18,25,2.0,28.0,0.6569548872180451,0.2399749373433584,0.283,783,2808,0.1,0.25,15
40,20,false,,0.1794575761710265,0.19087557289620213,0.05776435862769458,6,1,1.0,39.0,0.5634946411172459,0.02273465410847678,0.2446,783,2808,0.1,0.25,15
50,25,true,,0.1588829858278124,0.2576113626678346,0.1415139998771508,25,21,3.0,48.0,0.8591795170206575,0.13529240616816993,0.2804,783,2808,0.1,0.25,15
20,10,true,,0.11714586468982079,0.24139653030356467,0.13758886350188465,12,10,1.0,19.0,0.7355632691700852,0.48122436099716,0.3094,784,2809,0.1,0.25,15
20,10,false,,0.0890143962803056,0.5305242695626787,0.43898241505126545,15,17,1.0,19.0,0.8388537402307406,0.7037588388537402,0.272,785,2810,0.1,0.25,15
30,15,true,,0.10533372208565475,0.1974639608205551,0.10996241564457208,21,25,3.0,29.0,0.7443422913719944,0.18104667609618105,0.2938,785,2810,0.1,0.25,15
20,10,false,,0.14671197733770464,0.2069320522349508,0.07287254021073786,13,16,2.0,19.0,0.6705539358600583,0.5174927113702624,0.3302,786,2811,0.1,0.25,15
30,15,false,,0.16845319337768674,0.647574944855506,0.47757192186054104,25,25,5.0,29.0,0.8454572894657411,0.07425294295200724,0.2678,786,2811,0.1,0.25,15
40,20,true,,0.1800873755550523,0.34487656715038467,0.20389772525300626,28,35,5.0,38.0,0.9309090909090909,0.1423776223776224,0.2912,786,2811,0.1,0.25,15
20,10,false,,0.11429233160699917,0.07135779477441323,-0.049059722315619086,8,2,1.0,19.0,0.35863781482795315,0.27562965590634975,0.2776,787,2812,0.1,0.25,15
30,15,true,,0.11612488966384268,0.2881365682106785,0.19116677445515806,22,26,2.0,29.0,0.7642521797451375,0.14050972501676728,0.2872,787,2812,0.1,0.25,15
20,10,false,,0.1514956178164091,0.14838268749404862,-0.013403117591923364,9,17,1.0,19.0,0.46672856700711857,0.3862581244196843,0.3108,788,2813,0.1,0.25,15
30,15,true,,0.15098544033348008,0.241035434258578,0.10571364191570759,20,25,2.0,29.0,0.7206274045575614,0.21544835750221958,0.3012,788,2813,0.1,0.25,15
20,10,false,,0.15704716445365022,0.15809617117068941,-0.001153661658910149,11,16,1.0,19.0,0.4950117370892019,0.4495305164319249,0.3106,789,2814,0.1,0.25,15
30,15,true,,0.1453871894045924,0.2903932239227352,0.15597954479520365,20,25,3.0,28.0,0.8336696454309599,0.2709714615162871,0.2966,789,2814,0.1,0.25,15
20,10,false,,0.15652897423903206,0.11608759025106938,-0.04482754872397887,10,3,1.0,19.0,0.42034847542003734,0.4079029247044182,0.295,790,2815,0.1,0.25,15
30,15,false,,0.16132325110467005,0.1841765124980736,0.031483911112765606,16,4,1.0,29.0,0.5670840787119857,0.21347644603458557,0.295,790,2815,0.1,0.25,15
40,20,true,,0.17038760488512783,0.26389202351074775,0.11222322293741865,28,32,2.0,38.0,0.8003355704697986,0.07941834451901567,0.2636,790,2815,0.1,0.25,15
20,10,false,,0.07925106541779847,0.5055716372258257,0.43100020035783326,16,17,6.0,19.0,0.8854324734446131,0.7355842185128983,0.27,791,2816,0.1,0.25,15
30,15,true,,0.11596035591024709,0.2328695411008764,0.13573968458686303,20,25,4.0,29.0,0.7931707317073171,0.2370731707317073,0.284,791,2816,0.1,0.25,15
20,10,false,,0.07048830131404617,0.12395974412198212,0.0542873695209336,12,16,2.0,19.0,0.6954828660436138,0.5093457943925234,0.296,792,2817,0.1,0.25,15
30,15,false,,0.2159087300354446,0.09555957453039811,-0.1452378545230532,4,1,1.0,26.0,0.36129032258064514,0.08688172043010753,0.241,792,2817,0.1,0.25,15
40,20,true,,0.11163971364005927,0.22345181294358293,0.12885022993632228,19,35,2.0,37.0,0.7793103448275862,0.2113793103448276,0.2976,792,2817,0.1,0.25,15
20,10,false,,0.12163107918150931,0.17244270652149474,0.08207990107718573,12,17,1.0,19.0,0.6188565697091274,0.46038114343029085,0.2886,793,2818,0.1,0.25,15
30,15,true,,0.14660640218872673,0.33682152039517377,0.21914026310698423,23,25,4.0,29.0,0.8048780487804879,0.20500154368632295,0.276,793,2818,0.1,0.25,15
20,10,false,,0.11144240553919461,0.14938024917838882,0.06340962978928323,12,14,1.0,19.0,0.6368142762723067,0.4596827495042961,0.3112,794,2819,0.1,0.25,15
30,15,true,,0.13678717386445216,0.31929887797534084,0.19736079850090033,23,26,2.0,29.0,0.7231638418079096,0.15505335844318896,0.2562,794,2819,0.1,0.25,15
20,10,false,,0.0806550377142101,0.11929219765809296,0.049305360332388304,12,15,1.0,19.0,0.6312340735347652,0.4874408445576993,0.2854,795,2820,0.1,0.25,15
30,15,false,,0.10495036871848229,0.13068464392572268,0.0390878953091974,13,13,2.0,28.0,0.607964925100475,0.2732919254658385,0.2948,795,2820,0.1,0.25,15
40,20,true,,0.11500542628543385,0.21468096039414888,0.12236031805280034,27,34,2.0,39.0,0.7544367982614995,0.10901847156827237,0.2822,795,2820,0.1,0.25,15
20,10,false,,0.12148065338442957,0.3220253384924952,0.23619050292994198,14,16,1.0,19.0,0.6568127760788312,0.5372069317023446,0.2876,796,2821,0.1,0.25,15
30,15,true,,0.1532707526488987,0.31798423831156447,0.1833927582760723,20,25,2.0,28.0,0.8139604553624925,0.2067106051527861,0.2962,796,2821,0.1,0.25,15
20,10,false,,0.059102055957758914,0.6487955049330907,0.5847814079557813,15,16,2.0,19.0,0.8063042485153038,0.6075833714024669,0.2032,797,2822,0.1,0.25,15
30,15,true,,0.10821054568252354,0.5930348865697079,0.49439735925844475,23,24,7.0,29.0,0.9306080384747509,0.1202335967021642,0.3068,797,2822,0.1,0.25,15
20,10,true,,0.09595373136990284,0.3058153965241299,0.20911021863546464,13,15,1.0,19.0,0.729254571026723,0.5305907172995781,0.2712,798,2823,0.1,0.25,15
20,10,false,,0.11366443605242185,0.2000208186301345,0.09542591018370189,13,16,1.0,19.0,0.671181848967152,0.5292922451743989,0.3038,799,2824,0.1,0.25,15
30,15,true,,0.13270306276060556,0.5542403393637875,0.4099797931827506,23,26,2.0,29.0,0.8262458471760797,0.04850498338870432,0.2804,799,2824,0.1,0.25,15
20,10,false,,0.15343551592257892,0.11969833070557274,-0.029471159843667077,6,1,1.0,18.0,0.4435812060673326,0.25009248982611915,0.2582,800,2825,0.1,0.25,15
30,15,true,,0.1273495162980577,0.18046290957286587,0.08198931518927693,16,24,2.0,28.0,0.706802938358352,0.17885659533695306,0.2892,800,2825,0.1,0.25,15
20,10,false,,0.23989744255879414,0.07025815189099532,-0.1751061383530507,4,1,1.0,18.0,0.206734534064213,0.18833202819107284,0.222,801,2826,0.1,0.25,15
30,15,false,,0.12173594381971058,0.13108514083563472,0.019686326352923847,13,2,1.0,29.0,0.550297932001402,0.15106905012267788,0.2646,801,2826,0.1,0.25,15
40,20,false,,0.14992529321234413,0.14224254892311577,-0.027881964592251257,10,3,1.0,37.0,0.4460670428144706,0.12213740458015267,0.2574,801,2826,0.1,0.25,15
50,25,true,,0.15127297872841514,0.24801177421823478,0.1398416161003172,35,42,2.0,48.0,0.7505422993492408,0.06135729779981407,0.2432,801,2826,0.1,0.25,15
20,10,false,,0.14832440460393542,0.14818311771771397,0.0006756486600014294,11,17,1.0,19.0,0.50187265917603,0.4447565543071161,0.311,802,2827,0.1,0.25,15
30,15,true,,0.16168336645651157,0.3105484282796104,0.173006008167085,20,25,1.0,29.0,0.7898107714701601,0.17321688500727803,0.2946,802,2827,0.1,0.25,15
20,10,false,,0.06033462409821991,0.07541712705489577,0.014853154665020813,9,16,1.0,19.0,0.5657089024964672,0.35138954309938764,0.1698,803,2828,0.1,0.25,15
30,15,false,,0.13283039176863215,0.09883931689523626,-0.039714350655729494,8,4,1.0,28.0,0.40533015115354015,0.16388225934765313,0.2838,803,2828,0.1,0.25,15
40,20,false,,0.1146842418641406,0.1514081298738111,0.05637678243593677,18,3,2.0,37.0,0.6490539093181007,0.13709389503748662,0.2934,803,2828,0.1,0.25,15
50,25,false,,0.1441365259081052,0.14545764002270553,-0.001572699538045133,15,1,1.0,48.0,0.4914407988587732,0.05420827389443652,0.2226,803,2828,0.1,0.25,15
60,30,true,,0.14121428501686822,0.39702883619919094,0.26411448581188396,47,49,29.0,57.0,0.9645717806531116,0.0,0.221,803,2828,0.1,0.25,15
20,10,false,,0.11376916914071188,0.09287634079712333,-0.024667816333308376,8,1,1.0,18.0,0.44585295182904744,0.3071350959797175,0.2606,804,2829,0.1,0.25,15
30,15,true,,0.1274574835237417,0.23813942096803217,0.12998886433362972,18,26,2.0,29.0,0.792364990689013,0.25232774674115455,0.294,804,2829,0.1,0.25,15
20,10,false,,0.15352029267319997,0.11622628201681151,-0.05216989937653718,10,17,1.0,19.0,0.4020085209981741,0.3953134510042605,0.3086,805,2830,0.1,0.25,15
30,15,false,,0.1462211142409452,0.19171482579353805,0.07202588498179069,14,4,2.0,28.0,0.6749482401656315,0.19520851818988466,0.3046,805,2830,0.1,0.25,15
40,20,true,,0.16926039409407048,0.3072729912768613,0.14557308566986768,33,35,5.0,39.0,0.8321125109874011,0.03252270729563434,0.2492,805,2830,0.1,0.25,15
20,10,false,,0.1467512412771491,0.1174982816803098,-0.03159504592989601,8,1,1.0,19.0,0.4213446475195822,0.3302872062663185,0.275,806,2831,0.1,0.25,15
30,15,false,,0.14816806071150698,0.21477205749537967,0.09864207427922023,17,25,1.0,28.0,0.674888558692422,0.22169390787518573,0.2848,806,2831,0.1,0.25,15
40,20,true,,0.16994519156209945,0.2830561096104418,0.12744208483826783,29,35,12.0,38.0,0.8038343984440123,0.10113920533481523,0.2664,806,2831,0.1,0.25,15
20,10,false,,0.11325780387739562,0.15264426462397682,0.056152827057627835,13,16,1.0,19.0,0.601456471367097,0.497848394571334,0.303,807,2832,0.1,0.25,15
30,15,false,,0.17058963276379926,0.1381048619849103,-0.048439434854390104,6,2,1.0,26.0,0.40044529262086515,0.18129770992366412,0.2968,807,2832,0.1,0.25,15
40,20,true,,0.15350970196525027,0.295289453361957,0.15765860535779824,26,33,2.0,38.0,0.8512130955860859,0.08769365682548963,0.273,807,2832,0.1,0.25,15
20,10,false,,0.08716533641668264,0.15676683211502224,0.08830913291997122,13,16,1.0,19.0,0.6779417056495142,0.5221302626844189,0.2864,808,2833,0.1,0.25,15
30,15,true,,0.12356877700992051,0.24599119559295335,0.16278888349926587,20,26,1.0,29.0,0.7122181083810165,0.1454055873443285,0.2906,808,2833,0.1,0.25,15
20,10,false,,0.13710357110567312,0.21234787554771192,0.08988330810024803,13,15,1.0,19.0,0.6820433436532508,0.5281733746130031,0.3074,809,2834,0.1,0.25,15
30,15,true,,0.15511072254550767,0.4519363107776147,0.31818464987931494,22,26,3.0,29.0,0.8378947368421052,0.1554887218045113,0.2922,809,2834,0.1,0.25,15
20,10,false,,0.16785961498345175,0.12539784088526304,-0.05407188815660188,9,2,1.0,19.0,0.35226237473428484,0.34193744306103857,0.3048,810,2835,0.1,0.25,15
30,15,true,,0.17554792646117007,0.30457540075029577,0.16030358043524057,19,24,1.0,28.0,0.744933410538506,0.24319629415170815,0.2684,810,2835,0.1,0.25,15
20,10,false,,0.13325267003446087,0.16688075701182847,0.03522978732381457,11,16,1.0,19.0,0.5967387895892129,0.4070241455001568,0.2694,811,2836,0.1,0.25,15
30,15,true,,0.13963453839709944,0.22249811589532786,0.11954432733572587,17,20,1.0,28.0,0.7708089097303634,0.264947245017585,0.2926,811,2836,0.1,0.25,15
20,10,false,,0.12074765766465821,0.1971322589621562,0.0874881131658814,13,15,2.0,19.0,0.6831113801452785,0.5587167070217918,0.3256,812,2837,0.1,0.25,15
30,15,false,,0.1478214271711487,0.19643520583794022,0.07934281072648772,14,26,1.0,28.75,0.6858097842601033,0.21634761470677605,0.2908,812,2837,0.1,0.25,15
40,20,true,,0.16475010187302352,0.31186360225517223,0.16332546599074618,28,28,7.0,38.0,0.8830555555555556,0.10861111111111112,0.2832,812,2837,0.1,0.25,15
20,10,false,,0.11972813114625999,0.4559522014617488,0.33809318141656486,15,17,3.0,19.0,0.7948467058056099,0.6493803000652316,0.2982,813,2838,0.1,0.25,15
30,15,true,,0.1411725981526653,0.41801855920628955,0.28509053677495577,23,25,7.0,29.0,0.8258928571428571,0.17857142857142858,0.2952,813,2838,0.1,0.25,15
20,10,false,,0.10488714890425765,0.21388217260985115,0.14832330523828766,13,16,1.0,19.0,0.6119515885022693,0.4909228441754917,0.2642,814,2839,0.1,0.25,15
30,15,true,,0.10040244177407533,0.39243721159365974,0.3041172599868237,24,26,8.0,29.0,0.9114642451759364,0.10669693530079455,0.2966,814,2839,0.1,0.25,15
20,10,false,,0.09838842160693119,0.5770568085170179,0.48077079150522584,15,15,3.0,19.0,0.9024889191953631,0.7211046709853393,0.31,815,2840,0.1,0.25,15
30,15,true,,0.16057689788361673,0.39297996405593216,0.2575729827787976,21,26,1.0,29.0,0.7352762598664238,0.09927140255009108,0.2732,815,2840,0.1,0.25,15
20,10,false,,0.09469173545191344,0.13304924854810715,0.05081308005460179,11,15,1.0,19.0,0.5702479338842975,0.4489105935386927,0.271,816,2841,0.1,0.25,15
30,15,true,,0.11942810772768275,0.1894290035167847,0.09384562746110678,15,4,1.0,28.0,0.704582385440364,0.24666883327916803,0.3078,816,2841,0.1,0.25,15
20,10,false,,0.1316982514179379,0.5907369752488597,0.45212083168420947,15,16,2.0,19.0,0.7867575462512172,0.6407010710808179,0.2762,817,2842,0.1,0.25,15
30,15,true,,0.14668183555560493,0.2375340090815649,0.11490122665381364,19,22,3.0,29.0,0.7809187279151943,0.28975265017667845,0.302,817,2842,0.1,0.25,15
20,10,false,,0.12628652724145206,0.09096877527801438,-0.03015970592446758,8,1,1.0,19.0,0.4325221238938053,0.31784660766961653,0.2638,818,2843,0.1,0.25,15
30,15,false,,0.12112726075946441,0.16171846352054825,0.0549469259523334,21,1,1.0,29.0,0.6147631289019464,0.1072346676459787,0.2664,818,2843,0.1,0.25,15
40,20,false,,0.12448361197159613,0.1783647866835322,0.0703698488196124,28,34,3.0,39.0,0.6980820105820106,0.12996031746031747,0.2762,818,2843,0.1,0.25,15
50,25,true,,0.14201053660092897,0.4621704831524123,0.33488053769532033,37,39,13.0,47.0,0.9641010039549741,0.061758442348646185,0.2656,818,2843,0.1,0.25,15
20,10,true,,0.09455834090373749,0.26248449893346987,0.1785228395872976,14,15,1.0,19.0,0.7552891396332864,0.5828631875881524,0.2648,819,2844,0.1,0.25,15
20,10,false,,0.12714794716265246,0.19823229458200903,0.09150480278520745,13,17,1.0,19.0,0.6847435478601764,0.4897092453446586,0.3002,820,2845,0.1,0.25,15
30,15,true,,0.14949452605035748,0.25144150481052663,0.12717213866356572,22,25,3.0,29.0,0.8010720667063729,0.13609291244788566,0.2814,820,2845,0.1,0.25,15
20,10,false,,0.07133598173180891,0.08218784759522389,0.008486608675269826,12,1,1.0,19.0,0.5366084081247048,0.4747283892300425,0.1618,821,2846,0.1,0.25,15
30,15,false,,0.05412924379610249,0.8522399050014774,0.7836043128161427,27,28,22.0,29.0,1.0,0.0,0.0668,821,2846,0.1,0.25,15
40,20,false,,0.06830835349952975,0.07846033133818918,0.02748696617524881,11,6,1.0,26.0,0.6157082748948106,0.2650771388499299,0.055,821,2846,0.1,0.25,15
50,25,false,,0.05952678196690762,0.08909361078363094,0.032197844536971595,18,18,8.0,25.0,0.665296052631579,0.46792763157894735,0.0414,821,2846,0.1,0.25,15
60,30,false,,0.7695210062285293,0.05847795162738219,-0.7101786566703391,1,1,1.0,5.0,0.0,0.0,0.0128,821,2846,0.1,0.25,15
20,10,false,,0.07615790934233174,0.7250753968675592,0.6349637890363027,15,15,8.0,19.0,0.9625730994152046,0.8226120857699805,0.2778,822,2847,0.1,0.25,15
30,15,true,,0.10732329945802038,0.1901988301834111,0.11997294759618354,20,24,1.8499999999999943,29.0,0.7386569872958257,0.18548094373865698,0.2858,822,2847,0.1,0.25,15
20,10,false,,0.11838329008112618,0.12123973057445402,0.013997780596009146,11,16,1.0,19.0,0.5322076297686054,0.4540337711069418,0.3054,823,2848,0.1,0.25,15
30,15,false,,0.1253572928135063,0.11961748315339048,-0.012055124109033213,15,2,1.0,29.0,0.47317073170731705,0.22589118198874297,0.27,823,2848,0.1,0.25,15
40,20,false,,0.14384936974788423,0.17799271721445686,0.06186560537767255,16,1,1.0,38.0,0.6024617431803061,0.10778443113772455,0.2288,823,2848,0.1,0.25,15
50,25,true,,0.1561179635724342,0.298696235879895,0.18707243311558744,29,38,2.0,48.0,0.8335304553518628,0.13305736250739209,0.261,823,2848,0.1,0.25,15
20,10,false,,0.12265393757592283,0.1807273635946008,0.08185807711901347,11,15,1.0,19.0,0.6526181353767561,0.43103448275862066,0.3156,824,2849,0.1,0.25,15
30,15,false,,0.19505090422681368,0.1612243750912044,-0.047634687119986044,6,1,1.0,28.0,0.4242324199405744,0.1406404754044239,0.266,824,2849,0.1,0.25,15
40,20,true,,0.17380496249239424,0.2947096974591233,0.1527361058134383,26,35,4.0,38.0,0.8414634146341463,0.14492342597844582,0.2732,824,2849,0.1,0.25,15
20,10,true,,0.07699234660894914,0.21209616784957247,0.13927612085550514,12,16,1.0,19.0,0.7629437869822485,0.5081360946745562,0.2974,825,2850,0.1,0.25,15
20,10,false,,0.15644591951625436,0.17395977700557316,0.029523594763953137,12,16,1.0,19.0,0.5677003377341111,0.4593183911575069,0.3156,826,2851,0.1,0.25,15
30,15,true,,0.1612349757748381,0.3062976813786764,0.1713310654010296,21,25,5.0,29.0,0.8480294868159909,0.2444003402324922,0.3098,826,2851,0.1,0.25,15
20,10,false,,0.11125142891790862,0.1519041746824022,0.060827674282347255,13,17,1.0,19.0,0.6123054114158636,0.4933283914010378,0.2628,827,2852,0.1,0.25,15
30,15,true,,0.11842491702484459,0.30805334238995,0.19719458032009463,20,24,3.0,29.0,0.8855058674278465,0.25562955915001584,0.2924,827,2852,0.1,0.25,15
20,10,false,,0.1148000260690465,0.14363604792796172,0.047217180317134955,9,1,1.0,19.0,0.5985279357644697,0.3670123787219806,0.3166,828,2853,0.1,0.25,15
30,15,true,,0.12269276898904946,0.2931846588843492,0.18450137293269264,20,21,5.0,29.0,0.855202222908305,0.2599567767829577,0.3044,828,2853,0.1,0.25,15
20,10,true,,0.09955783076465977,0.23038819617965595,0.1520193238533363,13,16,2.0,19.0,0.7723440134907251,0.5430016863406408,0.3066,829,2854,0.1,0.25,15
20,10,false,,0.07725249500937263,0.3863494068983351,0.3123452519878095,15,17,3.0,19.0,0.8342205323193916,0.6866920152091255,0.264,830,2855,0.1,0.25,15
30,15,true,,0.13028735930223245,0.22624817707645697,0.13381948184290518,18,26,1.0,29.0,0.7215647600262984,0.13576594345825116,0.2676,830,2855,0.1,0.25,15
20,10,false,,0.10544573229790273,0.12059810003250304,0.019775827367071806,10,1,1.0,18.0,0.5527397260273973,0.3815068493150685,0.2988,831,2856,0.1,0.25,15
30,15,false,,0.1305840474138258,0.15952741741248022,0.038507045371473175,15,2,1.0,29.0,0.5975212002609263,0.21852576647097194,0.29,831,2856,0.1,0.25,15
40,20,true,,0.15241126867535934,0.4460646209430752,0.3028743638169781,33,36,17.0,39.0,0.9014171287738756,0.034195933456561925,0.2564,831,2856,0.1,0.25,15
20,10,false,,0.12014110573432979,0.06913799683604609,-0.06132997124780899,7,1,1.0,19.0,0.3614609571788413,0.3157010915197313,0.2052,832,2857,0.1,0.25,15
30,15,false,,0.12241535693902748,0.18126157448652921,0.09750100054309419,15,1,1.0,29.0,0.6256944444444444,0.17256944444444444,0.2704,832,2857,0.1,0.25,15
40,20,true,,0.12607123841235335,0.3066315637215249,0.20030720081320308,28,34,3.0,38.0,0.8876006441223833,0.15104669887278582,0.2726,832,2857,0.1,0.25,15
20,10,false,,0.13680333316293145,0.17459669470994915,0.0546169641646269,11,17,1.0,19.0,0.5880195599022005,0.41656479217603914,0.3106,833,2858,0.1,0.25,15
30,15,true,,0.15384541747209088,0.35907975829853916,0.2281238984250668,22,26,4.0,29.0,0.842481417953116,0.18610634648370497,0.3078,833,2858,0.1,0.25,15
20,10,false,,0.12271268576021355,0.2317624195899205,0.1273120351694218,14,15,2.0,19.0,0.6962917560527122,0.6022065583818572,0.3214,834,2859,0.1,0.25,15
30,15,true,,0.15207867618431561,0.5255572187397655,0.372256550087649,23,26,8.0,29.0,0.9038750375488135,0.19315109642535297,0.2974,834,2859,0.1,0.25,15
20,10,true,,0.1020810039336763,0.2752305584849792,0.17115106204265024,14,15,2.424999999999997,19.0,0.7972531066056245,0.6533682145192936,0.3128,835,2860,0.1,0.25,15
20,10,true,,0.07675041113782577,0.2719020205084373,0.20533448974033686,14,16,2.0,19.0,0.7322340007852375,0.5936395759717314,0.2646,836,2861,0.1,0.25,15
20,10,false,,0.09620963536477861,0.10068715278197421,0.00064230966116147,10,1,1.0,19.0,0.5018814675446849,0.396519285042333,0.1506,837,2862,0.1,0.25,15
30,15,false,,0.12752203354132122,0.1667828739000677,0.054025854885573266,14,1,1.0,28.0,0.6440235140431091,0.22926192031352058,0.2856,837,2862,0.1,0.25,15
40,20,true,,0.14068554805079195,0.21592298988200695,0.10966794564782661,18,34,1.0,38.0,0.7307572452477408,0.19414147709566842,0.256,837,2862,0.1,0.25,15
20,10,false,,0.1896477592124567,0.13870151984682882,-0.06935846244039301,9,2,1.0,19.0,0.3941582914572864,0.3853643216080402,0.2698,838,2863,0.1,0.25,15
30,15,true,,0.1729270403078838,0.568592534367283,0.4094403815291118,24,27,5.0,29.0,0.9114774114774115,0.10286935286935286,0.2746,838,2863,0.1,0.25,15
20,10,false,,0.11682033548408718,0.20454506223187693,0.11273727546339568,13,16,2.0,19.0,0.6648136036625245,0.5899280575539568,0.3158,839,2864,0.1,0.25,15
30,15,true,,0.14169012419101135,0.3174021825408165,0.1896640278226273,22,25,5.0,28.0,0.8191644756061934,0.1831726555652936,0.289,839,2864,0.1,0.25,15
20,10,false,,0.11078523258620065,0.15174185208359203,0.047256671578988385,11,16,1.0,19.0,0.5904255319148937,0.44680851063829785,0.2668,840,2865,0.1,0.25,15
30,15,true,,0.1463455654382539,0.22772851007643663,0.11708827723513453,13,8,1.0,28.0,0.705934983596779,0.2493289591410677,0.3018,840,2865,0.1,0.25,15
20,10,false,,0.06406676428476803,0.43201142805763376,0.37737789734821126,15,16,1.0,19.0,0.7537551206190259,0.6522530723714156,0.1618,841,2866,0.1,0.25,15
30,15,false,,0.10085993556855836,0.13156457933853624,0.04719350367292784,21,26,1.0,29.0,0.624457593688363,0.15108481262327417,0.2796,841,2866,0.1,0.25,15
40,20,false,,0.22073865997965592,0.10617023586987252,-0.1349769812324062,5,1,1.0,37.0,0.32092638544251445,0.05128205128205128,0.2284,841,2866,0.1,0.25,15
50,25,false,,0.11475452529626763,0.144636303712596,0.04410109174882722,15,9,1.0,45.0,0.6762106751502298,0.20431247790738777,0.2574,841,2866,0.1,0.25,15
60,30,false,,0.2124090346495156,0.14743530940853358,-0.0688529025576638,5,2,1.0,38.0,0.3899213724088635,0.08863473909935668,0.1926,841,2866,0.1,0.25,15
20,10,false,,0.09984813774561055,0.14522133390239175,0.05757616019723562,12,16,1.0,19.0,0.5961262553802008,0.47740315638450503,0.295,842,2867,0.1,0.25,15
30,15,true,,0.10617908414825514,0.2000079959482498,0.10624825447532524,21,24,1.0,29.0,0.7487401007919366,0.16594672426205903,0.293,842,2867,0.1,0.25,15
20,10,false,,0.09771236673906543,0.13357336553984506,0.05001434772097913,12,1,1.0,19.0,0.5847791798107256,0.46608832807570977,0.2604,843,2868,0.1,0.25,15
30,15,false,,0.14377020351081637,0.1428932453400565,0.004922524938399286,8,2,1.0,28.0,0.5141757087854393,0.1960098004900245,0.2656,843,2868,0.1,0.25,15
40,20,true,,0.13986158374387467,0.530302591594524,0.3879749001852773,32,36,4.0,39.0,0.9199249296215202,0.033156083828589304,0.2562,843,2868,0.1,0.25,15
20,10,false,,0.11665374657472831,0.13378170901436287,0.021232036945138172,8,6,1.0,17.0,0.5530085959885387,0.25151225724291626,0.326,844,2869,0.1,0.25,15
30,15,true,,0.1463600094237682,0.28359643257191436,0.16115186097632095,20,24,3.0,29.0,0.837181764357608,0.27827116637063354,0.3042,844,2869,0.1,0.25,15
20,10,false,,0.24254126045653476,0.09700598235817297,-0.16002192560211015,4,2,1.0,18.0,0.30985387785687524,0.21168977144998127,0.22,845,2870,0.1,0.25,15
30,15,false,,0.20590903944918118,0.14485744598663497,-0.08037775186275652,6,1,1.0,27.0,0.35981912144702843,0.16149870801033592,0.253,845,2870,0.1,0.25,15
40,20,true,,0.17798000852624712,0.34781669098704654,0.19453439862663235,31,33,4.0,39.0,0.8564245810055866,0.059497206703910614,0.2548,845,2870,0.1,0.25,15
20,10,false,,0.1103480120895944,0.17035903135775843,0.07178675615388584,12,15,1.0,19.0,0.6165064633742128,0.4527676499834272,0.3104,846,2871,0.1,0.25,15
30,15,false,,0.1999574080963917,0.11407333204465529,-0.11334665568881111,4,1,1.0,27.0,0.3333333333333333,0.10795902285263988,0.211,846,2871,0.1,0.25,15
40,20,true,,0.1364051630599156,0.2549954024746214,0.13823410948268142,23,32,4.0,39.0,0.8760606060606061,0.2109090909090909,0.2902,846,2871,0.1,0.25,15
20,10,true,,0.09889204362877219,0.27213728757754796,0.21244326753525986,13,17,2.0,19.0,0.789403532155948,0.5398200599800067,0.2804,847,2872,0.1,0.25,15
20,10,false,,0.10111599575035243,0.267047977136204,0.16841418145731954,14,16,1.0,19.0,0.6498316498316499,0.5443322109988776,0.274,848,2873,0.1,0.25,15
30,15,true,,0.12129268430662792,0.3393405969231564,0.226109331803871,21,25,5.0,29.0,0.8987583572110793,0.201209805794333,0.3002,848,2873,0.1,0.25,15
20,10,false,,0.08188976480320091,0.7311197926248402,0.6522130048463574,16,16,3.0,19.0,0.8882917466410749,0.7535508637236085,0.2798,849,2874,0.1,0.25,15
30,15,true,,0.11850187799348401,0.2692677677754648,0.16981407927956157,19,23,3.950000000000003,28.0,0.8306426084203862,0.26495726495726496,0.2972,849,2874,0.1,0.25,15
20,10,false,,0.13822283338381,0.1486036844617593,0.029617590671494873,11,1,1.0,19.0,0.5378459486495498,0.4371457152384128,0.2876,850,2875,0.1,0.25,15
30,15,false,,0.16358319482954506,0.23064303794329305,0.10933722034643384,20,26,2.0,29.0,0.6955232730506967,0.1689890305366143,0.2944,850,2875,0.1,0.25,15
40,20,true,,0.17965675008407955,0.318547840448576,0.18265099499912227,30,34,6.0,39.0,0.8708133971291866,0.15873909372361386,0.2668,850,2875,0.1,0.25,15
20,10,false,,0.24670084364686298,0.0682673435985144,-0.18020757179223873,5,3,1.0,18.0,0.13361611876988336,0.13503004595263343,0.2142,851,2876,0.1,0.25,15
30,15,false,,0.182504785094561,0.15742359516571672,-0.03901782244161317,13,1,1.0,27.0,0.4407361197754211,0.27011852776044915,0.2684,851,2876,0.1,0.25,15
40,20,true,,0.16748400649057046,0.36954543515095734,0.21752954804938207,30,32,3.0,37.0,0.9084507042253521,0.07436619718309859,0.2784,851,2876,0.1,0.25,15
20,10,false,,0.11212434700712236,0.17705363083422782,0.07278605598501374,11,12,1.0,18.0,0.6849874371859297,0.4120603015075377,0.3172,852,2877,0.1,0.25,15
30,15,true,,0.1578506073726643,0.2275042807072958,0.10935032335604404,17,23,1.0,29.0,0.7138607971445569,0.1998810232004759,0.3074,852,2877,0.1,0.25,15
20,10,false,,0.16472102403243405,0.13424487695922482,-0.031072362912314064,8,1,1.0,19.0,0.44953271028037384,0.30809968847352026,0.2942,853,2878,0.1,0.25,15
30,15,true,,0.17108987793013555,0.38790383324602323,0.22453527748994004,24,26,9.0,29.0,0.8068783068783069,0.11699000587889477,0.2906,853,2878,0.1,0.25,15
20,10,true,,0.10362999775226732,0.2691999715744952,0.18114102931936493,12,16,1.0,19.0,0.7542401064183571,0.5074825407382774,0.3044,854,2879,0.1,0.25,15
20,10,false,,0.07651001829931717,0.5379687335986156,0.4592628458953742,15,16,6.599999999999994,19.0,0.9652495378927911,0.7593345656192236,0.2794,855,2880,0.1,0.25,15
30,15,false,,0.1486606522201093,0.13513076236412172,-0.01799580155899247,8,1,1.0,26.0,0.4726883255980007,0.21063905747947162,0.262,855,2880,0.1,0.25,15
40,20,true,,0.13810962379948843,0.22278795814061092,0.1149080940691663,19,31,2.200000000000003,38.0,0.8311071534579995,0.21579103591570198,0.2872,855,2880,0.1,0.25,15
20,10,true,,0.1008536894721708,0.3523880851175909,0.2520767499924859,14,15,4.0,19.0,0.8940375891121193,0.6578094620868438,0.3132,856,2881,0.1,0.25,15
20,10,false,,0.10075638518859995,0.535137343643718,0.430869034734378,16,16,4.0,19.0,0.902801798685576,0.7381528882739536,0.301,857,2882,0.1,0.25,15
30,15,false,,0.13943384534699396,0.27075430632098096,0.1484866550178796,23,26,1.0,29.0,0.6747474747474748,0.08047138047138047,0.2686,857,2882,0.1,0.25,15
40,20,true,,0.14030716815917807,0.19617219668037383,0.0760228511585031,20,22,2.0,39.0,0.7467591196864637,0.18329816098884535,0.2444,857,2882,0.1,0.25,15
20,10,false,,0.0966015321267018,0.12296755194800119,0.04218218800324348,10,15,1.0,19.0,0.6062544420753376,0.4072494669509595,0.3108,858,2883,0.1,0.25,15
30,15,false,,0.15279965298282994,0.22544795622868,0.12828289160666076,12,4,1.0,28.0,0.6737523105360443,0.2128773875539125,0.2916,858,2883,0.1,0.25,15
40,20,true,,0.1752261064171212,0.3055433172263782,0.14560800742774238,24,22,2.0,38.0,0.8633864760857614,0.17399670148433205,0.2944,858,2883,0.1,0.25,15
20,10,false,,0.07932238038304426,0.5071534836306444,0.4236616949376637,16,16,5.0,19.0,0.9438444924406048,0.8023758099352052,0.2994,859,2884,0.1,0.25,15
30,15,false,,0.12719521142316323,0.12319070144354843,0.004603907365351427,11,2,1.0,28.0,0.5057265569076592,0.19649248389405868,0.2856,859,2884,0.1,0.25,15
40,20,true,,0.13205059823967305,0.3289559011735749,0.20992821840730624,33,34,3.0,39.0,0.8903267550954383,0.03720478809446781,0.2622,859,2884,0.1,0.25,15
20,10,false,,0.11448020424456049,0.17547787325147685,0.07379298324754119,12,15,1.0,19.0,0.6652416968102598,0.5067412035514633,0.2998,860,2885,0.1,0.25,15
30,15,false,,0.12618084028106608,0.16451558563194832,0.06311620327894146,20,25,2.0,28.0,0.6686539064951365,0.16567304675243175,0.2936,860,2885,0.1,0.25,15
40,20,false,,0.1774340746141956,0.15402923863046022,-0.029630162284323733,9,1,1.0,38.0,0.4488031914893617,0.10904255319148937,0.2474,860,2885,0.1,0.25,15
50,25,true,,0.14744497173592655,0.2707871521898481,0.13824422959086802,30,36,5.0,46.0,0.9065366972477065,0.13474770642201836,0.2658,860,2885,0.1,0.25,15
20,10,false,,0.115896605606585,0.1686052391451001,0.05808994798926698,14,16,2.0,19.0,0.6205707118218877,0.5729068673565381,0.3114,861,2886,0.1,0.25,15
30,15,false,,0.16156294958569742,0.20543953848983548,0.07462083163079469,19,1,1.0,29.0,0.6290222772277227,0.15996287128712872,0.257,861,2886,0.1,0.25,15
40,20,true,,0.17243942819548863,0.21629788012187948,0.07821145449013248,22,36,3.0,38.0,0.7165745856353591,0.15248618784530388,0.2706,861,2886,0.1,0.25,15
20,10,false,,0.1809164271827078,0.12124297361800578,-0.055410248721147096,8,2,1.0,19.0,0.45975344452501815,0.35242929659173317,0.2534,862,2887,0.1,0.25,15
30,15,false,,0.1384843605656306,0.18253218128456103,0.060993939638430916,16,26,1.0,29.0,0.6771678103555833,0.1703056768558952,0.2886,862,2887,0.1,0.25,15
40,20,true,,0.16311159544469514,0.4173696836904512,0.27952916701293534,29,34,2.0,38.0,0.9043604651162791,0.10668604651162791,0.2864,862,2887,0.1,0.25,15
20,10,false,,0.09700311157222843,0.43338443281307953,0.34660657223314606,15,17,2.0,19.0,0.8043094312963617,0.7160014129282939,0.2788,863,2888,0.1,0.25,15
30,15,true,,0.1296393843571012,0.19855108661831466,0.08783405715921486,18,28,2.0,29.0,0.7077018249304052,0.22579647386328489,0.3048,863,2888,0.1,0.25,15
20,10,true,,0.11636654021970748,0.21886595296523176,0.12147306486255258,13,15,1.0,19.0,0.750788643533123,0.4867507886435331,0.3126,864,2889,0.1,0.25,15
20,10,true,,0.0777107724005471,0.2409305494919577,0.16563651643512445,14,16,2.0,19.0,0.7853658536585366,0.6108818011257036,0.2872,865,2890,0.1,0.25,15
20,10,false,,0.14725654390565476,0.09574695924589831,-0.061365528314327844,7,5,1.0,19.0,0.38534201954397396,0.2775244299674267,0.3008,866,2891,0.1,0.25,15
30,15,true,,0.123078493949162,0.44834790374114064,0.3292608236230061,23,23,10.0,29.0,0.8841735800893427,0.14422463305679642,0.2916,866,2891,0.1,0.25,15
20,10,false,,0.13489783619509332,0.5304735511298291,0.4009744156871711,16,17,2.0,19.0,0.9022770398481973,0.6967109424414927,0.301,867,2892,0.1,0.25,15
30,15,true,,0.14908851393245698,0.3428107084507348,0.20575482871750134,22,25,3.0,29.0,0.7901866345574955,0.17639975918121614,0.2986,867,2892,0.1,0.25,15
20,10,false,,0.10724742188988545,0.18077284151984094,0.0920428460729059,10,5,1.0,19.0,0.681786703601108,0.39058171745152354,0.2936,868,2893,0.1,0.25,15
30,15,false,,0.13575702750400404,0.17794742823365328,0.05953982139038519,13,4,1.0,28.0,0.6617693029071585,0.22538293216630198,0.2906,868,2893,0.1,0.25,15
40,20,true,,0.1567708998615689,0.24220411102130723,0.13238026306254855,18,6,2.0,37.0,0.8377835199540626,0.16795865633074936,0.2688,868,2893,0.1,0.25,15
20,10,false,,0.11107495574181597,0.39339944952373085,0.29739757277661094,15,17,1.4249999999999972,19.0,0.8097345132743363,0.5721579305650102,0.2924,869,2894,0.1,0.25,15
30,15,true,,0.14462202244274583,0.3447006751558464,0.20644226223799114,23,26,7.0,29.0,0.7994497095689391,0.1595842250076429,0.2898,869,2894,0.1,0.25,15
20,10,false,,0.10686604879581682,0.6335216104737501,0.5305132274536293,15,16,3.0,19.0,0.8404721753794266,0.6354131534569983,0.3042,870,2895,0.1,0.25,15
30,15,true,,0.13471903033963847,0.2312910923479588,0.11981788281150177,22,25,3.0,29.0,0.7120049124961622,0.18544673011974208,0.2908,870,2895,0.1,0.25,15
20,10,false,,0.09149165634354739,0.1418936860013502,0.05384277532196675,12,16,1.0,19.0,0.6256427836818649,0.4720603359616044,0.3152,871,2896,0.1,0.25,15
30,15,true,,0.12259898007237308,0.20872898894331632,0.11621028902716762,16,25,1.5750000000000028,28.0,0.7372715404699739,0.2372715404699739,0.3056,871,2896,0.1,0.25,15
20,10,false,,0.06444516686236344,0.11222161205894825,0.05387236272355342,11,18,1.0,19.0,0.6357615894039735,0.4422894985808893,0.1554,872,2897,0.1,0.25,15
30,15,false,,0.10110194524703559,0.12398590680456134,0.027061732048401524,16,16,1.0,28.0,0.573260785075787,0.270501360279829,0.284,872,2897,0.1,0.25,15
40,20,false,,0.12359994723797159,0.10720907936340733,-0.022447619260689722,14,1,1.0,38.0,0.4455324357405141,0.05711954304365565,0.2702,872,2897,0.1,0.25,15
50,25,false,,0.1203719240730401,0.13435941131312212,0.029058257091312892,14,4,1.0,45.0,0.5993017843289372,0.16602017067494182,0.272,872,2897,0.1,0.25,15
60,30,false,,0.11995918277539833,0.14719013521508803,0.02718402638770684,10,9,1.0,30.0,0.6086655112651647,0.24818024263431543,0.2184,872,2897,0.1,0.25,15
20,10,false,,0.16023046950302433,0.11402389076557522,-0.054995282842124904,9,7,1.0,19.0,0.3456752655538695,0.3520485584218513,0.3262,873,2898,0.1,0.25,15
30,15,false,,0.15714246975404111,0.16894307379239665,0.005798392566183766,13,4,1.0,28.0,0.5121268656716418,0.22294776119402984,0.2784,873,2898,0.1,0.25,15
40,20,true,,0.16294623491089258,0.22165122506214258,0.1006018428259737,18,6,1.0,38.0,0.7482706766917293,0.09984962406015038,0.254,873,2898,0.1,0.25,15
20,10,false,,0.12860231045816023,0.16349408694206144,0.05566655412498778,10,16,1.0,19.0,0.6192560175054704,0.38793372929040326,0.3058,874,2899,0.1,0.25,15
30,15,true,,0.14933672489025426,0.24399125494480847,0.11515002715134832,23,25,3.0,29.0,0.7702342128668841,0.17669730210495108,0.2848,874,2899,0.1,0.25,15
20,10,false,,0.09650505994662693,0.12979218508931442,0.040825503634827606,11,16,2.0,19.0,0.6351444291609354,0.43672627235213207,0.2992,875,2900,0.1,0.25,15
30,15,true,,0.1416263125563706,0.4429970971458658,0.3220292689428086,22,25,3.0,29.0,0.8651788443900947,0.17273005197187405,0.3074,875,2900,0.1,0.25,15
20,10,true,,0.11150759952779947,0.2610841548263295,0.16108204640974555,13,16,1.0,19.0,0.8147049126277613,0.5107154632377184,0.321,876,2901,0.1,0.25,15
20,10,true,,0.1063648415689355,0.1747509800121318,0.08688778081619888,13,16,2.0,19.0,0.7136942675159236,0.5060509554140128,0.3176,877,2902,0.1,0.25,15
20,10,true,,0.04416680187286983,0.17304506200822029,0.1322110015229183,14,16,2.0,19.0,0.7673883003224321,0.5688622754491018,0.143,878,2903,0.1,0.25,15
20,10,false,,0.08727149536891773,0.2683801148809473,0.22511235337681565,15,18,1.0,19.0,0.6299009047824213,0.5527789745799224,0.1886,879,2904,0.1,0.25,15
30,15,true,,0.09965426671790963,0.25972049764749255,0.16117205939171875,23,26,1.0,29.0,0.7781225756400311,0.14119472459270752,0.2914,879,2904,0.1,0.25,15
20,10,false,,0.11187690750503547,0.08627238497653926,-0.028594631267818794,8,3,1.0,18.0,0.40698080279232113,0.2799301919720768,0.2854,880,2905,0.1,0.25,15
30,15,true,,0.11789301567693083,0.49572339885340955,0.38174403288934317,23,26,6.0,29.0,0.8943433029908973,0.20286085825747724,0.3026,880,2905,0.1,0.25,15
20,10,false,,0.13529514678051513,0.16335338888420511,0.030742164458699366,12,16,1.0,19.0,0.5685310387215734,0.47111247695144437,0.2944,881,2906,0.1,0.25,15
30,15,true,,0.13084497095277614,0.3704878797053483,0.24264443927302362,23,26,1.0,29.0,0.7572178477690289,0.10400262467191601,0.2758,881,2906,0.1,0.25,15
20,10,false,,0.09491709391562797,0.28135347337460737,0.20846602005549714,15,16,3.0,19.0,0.7929936305732485,0.678343949044586,0.2888,882,2907,0.1,0.25,15
30,15,true,,0.1269965559276401,0.40426977754487115,0.2893823351415242,22,26,3.0,29.0,0.8654336734693877,0.1913265306122449,0.2984,882,2907,0.1,0.25,15
20,10,false,,0.11805666348867465,0.18558586442042294,0.07359798767651438,12,16,2.0,19.0,0.6944876985362816,0.49268140766116475,0.3088,883,2908,0.1,0.25,15
30,15,true,,0.15934481620949822,0.2536444941459508,0.12700405395548203,21,26,3.0,29.0,0.7546189376443418,0.22892609699769054,0.2944,883,2908,0.1,0.25,15
20,10,false,,0.18075260034504795,0.13621957919314615,-0.06358890350572202,7,1,1.0,18.0,0.40051430408228866,0.288974606235937,0.2788,884,2909,0.1,0.25,15
30,15,true,,0.16458093840463317,0.37328124386601297,0.2259035953115029,23,26,8.0,29.0,0.8947674418604651,0.22703488372093023,0.2986,884,2909,0.1,0.25,15
20,10,true,,0.053252768844242154,0.2055656978857411,0.15098465211093326,14,16,2.0,19.0,0.832034632034632,0.6138528138528139,0.1982,885,2910,0.1,0.25,15
20,10,false,,0.08957054140375288,0.1297391042068993,0.05866804366961658,11,17,2.0,19.0,0.6229159276339127,0.44164597374955655,0.3036,886,2911,0.1,0.25,15
30,15,true,,0.10225562305425501,0.17518072863404507,0.09606789621958274,16,24,1.0,28.0,0.7109682029296177,0.23258306538049303,0.3166,886,2911,0.1,0.25,15
20,10,false,,0.10431678370282561,0.14699468955948555,0.04926874947030714,9,12,1.0,18.0,0.6221562809099901,0.32113419057039233,0.3248,887,2912,0.1,0.25,15
30,15,true,,0.12225998974481721,0.20578105489232196,0.11581937025726563,20,26,2.0,29.0,0.7093628088426528,0.2181404421326398,0.3082,887,2912,0.1,0.25,15
20,10,false,,0.10862468369946954,0.16905527929291508,0.07200526816908161,13,16,2.0,19.0,0.6494743758212878,0.5387647831800263,0.3176,888,2913,0.1,0.25,15
30,15,true,,0.14446837047852115,0.4937138962002499,0.35420833996372025,23,24,5.0,29.0,0.9219173952366596,0.16973168525776303,0.2934,888,2913,0.1,0.25,15
20,10,false,,0.18610158354136563,0.13244158840118467,-0.06673905870944431,8,4,1.0,19.0,0.3873552983081033,0.29177797566043334,0.303,889,2914,0.1,0.25,15
30,15,false,,0.16618099634934094,0.274515404900331,0.148931403139967,20,26,1.0,29.0,0.6822183098591549,0.14084507042253522,0.2796,889,2914,0.1,0.25,15
40,20,true,,0.170207377271873,0.2878739585412537,0.13347693593414647,21,21,3.0,36.0,0.8556559846617365,0.21281840591618734,0.275,889,2914,0.1,0.25,15
20,10,false,,0.11512752977991697,0.09842477992452103,-0.02154110930532606,7,1,1.0,19.0,0.463855421686747,0.32379518072289154,0.2652,890,2915,0.1,0.25,15
30,15,false,,0.15292634434679364,0.13141476749806835,-0.031879822315247094,8,2,1.0,28.0,0.4472115047351806,0.1497720098211154,0.269,890,2915,0.1,0.25,15
40,20,true,,0.1417503261881078,0.2259869317410302,0.0986459914157983,22,24,1.0,37.0,0.7841306884480747,0.13885647607934656,0.2856,890,2915,0.1,0.25,15
20,10,false,,0.09035140535204926,0.13587692621461728,0.04901724454405368,12,16,1.0,19.0,0.562946260804209,0.49943630214205187,0.248,891,2916,0.1,0.25,15
30,15,true,,0.11666042388509275,0.18322430001131168,0.09137857411759638,18,24,1.0,29.0,0.7033723331039229,0.19339298004129388,0.2876,891,2916,0.1,0.25,15
20,10,false,,0.21867279745645907,0.10767728526744964,-0.1284848269904626,6,1,1.0,19.0,0.26125244618395305,0.24690150032615785,0.2792,892,2917,0.1,0.25,15
30,15,true,,0.1649462161359464,0.30269715988663015,0.16227841969634912,24,25,7.0,29.0,0.7556521739130435,0.12289855072463768,0.2938,892,2917,0.1,0.25,15
20,10,false,,0.09581101807568394,0.18239318227948023,0.09716204786105614,13,16,2.0,19.0,0.6885892798421572,0.5300887865833608,0.3172,893,2918,0.1,0.25,15
30,15,false,,0.1419889955348489,0.19916863455876524,0.0806058424407393,15,1,1.0,28.0,0.6521739130434783,0.29822412737293325,0.2514,893,2918,0.1,0.25,15
40,20,true,,0.18204957034842767,0.6140574693337953,0.4416165784067386,33,34,10.0,39.0,0.88668802796388,0.09845616079230993,0.266,893,2918,0.1,0.25,15
20,10,false,,0.11008695645389652,0.3114881486944333,0.2086576681891737,15,16,2.0,19.0,0.6940577249575551,0.6366723259762309,0.2822,894,2919,0.1,0.25,15
30,15,false,,0.15337951962962246,0.18817321704252832,0.06382969436340413,12,1,1.0,29.0,0.6278481012658228,0.18544303797468353,0.2982,894,2919,0.1,0.25,15
40,20,true,,0.17527088383737885,0.5992639831831647,0.4187890908795032,33,34,2.0,39.0,0.9368267831149927,0.060553129548762734,0.258,894,2919,0.1,0.25,15
20,10,true,,0.0952172886120178,0.23391170203032222,0.15543935785942423,13,15,1.0,19.0,0.7540983606557377,0.5221485873735612,0.2996,895,2920,0.1,0.25,15
20,10,true,,0.10175221886955418,0.19365900173979977,0.09194418424720481,12,15,2.0,19.0,0.7157556270096463,0.49742765273311895,0.3234,896,2921,0.1,0.25,15
20,10,false,,0.08827328843952562,0.6238983477200737,0.5424868074216924,16,16,1.0,19.0,0.8251775848460932,0.7040252565114443,0.2284,897,2922,0.1,0.25,15
30,15,true,,0.12382434460498137,0.28379037952408886,0.1701002916078986,23,25,2.0,29.0,0.8340467566677643,0.11261112940401712,0.2946,897,2922,0.1,0.25,15
20,10,false,,0.15721970024170084,0.16227341724343397,0.001154975260512392,8,3,1.0,18.0,0.5031277926720286,0.2949061662198391,0.336,898,2923,0.1,0.25,15
30,15,true,,0.1706242795815626,0.44943289422745125,0.29145230571659775,23,25,2.0,29.0,0.8610868933449579,0.11973263586166812,0.2838,898,2923,0.1,0.25,15
20,10,false,,0.10467380228677002,0.17744133836454953,0.09090263795143343,10,4,1.0,19.0,0.6804772953264833,0.40835266821345706,0.3014,899,2924,0.1,0.25,15
30,15,true,,0.12419362295260677,0.3039194716510083,0.18411946380533167,21,22,2.0,28.0,0.8922466422466423,0.1614774114774115,0.2978,899,2924,0.1,0.25,15
20,10,false,,0.16594771077109557,0.16506309123646243,-0.0016030527133951422,8,1,1.0,18.0,0.4984015345268542,0.32161125319693096,0.2988,900,2925,0.1,0.25,15
30,15,true,,0.16336654752373872,0.2300592173188265,0.10885758894953318,14,19,1.0,29.0,0.7122683142100618,0.19741100323624594,0.2758,900,2925,0.1,0.25,15
20,10,false,,0.15371108923467583,0.2799834117040237,0.1420757685032036,15,16,2.0,19.0,0.7084233261339092,0.5951866707806233,0.3074,901,2926,0.1,0.25,15
30,15,false,,0.17792242840270256,0.19249561294371567,0.01889790909622263,13,3,2.0,28.0,0.5604611923509561,0.22609673790776152,0.2984,901,2926,0.1,0.25,15
40,20,false,,0.19912549311121175,0.26869601996295317,0.10168866334398807,29,2,1.0,39.0,0.6394728584876059,0.07154063382491371,0.211,901,2926,0.1,0.25,15
50,25,true,,0.17834682763111806,0.24497330965238756,0.10392080839033721,20,24,2.0,46.0,0.8471198471198471,0.19383019383019384,0.256,901,2926,0.1,0.25,15
20,10,false,,0.1505369544015504,0.23701531716843638,0.10298924000291448,10,1,1.0,19.0,0.6321158275748602,0.42119118130964134,0.2934,902,2927,0.1,0.25,15
30,15,false,,0.21058747706162306,0.167433954326423,-0.05191089747670263,7,1,1.0,28.72499999999991,0.44692005242463956,0.0910878112712975,0.246,902,2927,0.1,0.25,15
40,20,true,,0.1575385800863803,0.2060129531273582,0.06409077731822244,10,4,1.0,35.0,0.7291607396870555,0.1721194879089616,0.2796,902,2927,0.1,0.25,15
20,10,false,,0.11528018546096402,0.4148670528609077,0.29608813897583036,15,16,2.0,19.0,0.6414023372287145,0.5612687813021703,0.2698,903,2928,0.1,0.25,15
30,15,false,,0.13626919719982064,0.19034497890994853,0.08714712387124025,20,26,1.0,29.0,0.6410857908847185,0.13505361930294907,0.2742,903,2928,0.1,0.25,15
40,20,false,,0.1357121427347426,0.17058715295863877,0.04757926902937254,12,4,1.0,32.0,0.6613447958243782,0.2575990175007676,0.273,903,2928,0.1,0.25,15
50,25,false,,0.1516697760736941,0.18826142783782082,0.06269226829147703,9,1,1.0,36.0,0.6050366592285623,0.1408989480395282,0.242,903,2928,0.1,0.25,15
60,30,true,,0.16269826185966918,0.2908040156566459,0.14251079107733805,31,27,1.0,57.0,0.8624777711914642,0.03852993479549496,0.2356,903,2928,0.1,0.25,15
20,10,false,,0.14450305300330085,0.5076793735602567,0.37409891724409294,16,16,2.0,19.0,0.8192319700280987,0.6937246331564159,0.3032,904,2929,0.1,0.25,15
30,15,true,,0.15402376489648167,0.2555312826212919,0.1180273100139358,23,24,2.0,29.0,0.7217777777777777,0.09422222222222222,0.289,904,2929,0.1,0.25,15
20,10,false,,0.1137726341100696,0.1507284663509238,0.05250877700084153,11,1,1.0,19.0,0.6131361760660248,0.44154057771664373,0.2556,905,2930,0.1,0.25,15
30,15,false,,0.569790128919152,0.12673211966841344,-0.4513324003991599,3,1,1.0,26.0,0.20237212750185324,0.1334321719792439,0.2048,905,2930,0.1,0.25,15
40,20,true,,0.15501476117694613,0.23098835319264518,0.13042952263465502,14,4,1.0,37.0,0.7828604516502605,0.13462651997683844,0.2638,905,2930,0.1,0.25,15
20,10,false,,0.11233983400269987,0.5538696940890396,0.44435062095649874,15,16,2.0,19.0,0.8479571332886805,0.695244474212994,0.2882,906,2931,0.1,0.25,15
30,15,false,,0.14803584701433442,0.19277761529079104,0.060569508050402815,18,14,2.0,29.0,0.6511967308814944,0.3134851138353765,0.2896,906,2931,0.1,0.25,15
40,20,true,,0.165787537649818,0.25366795970523337,0.11682333764136163,22,35,2.0,38.0,0.7937643020594966,0.17791762013729978,0.2794,906,2931,0.1,0.25,15
20,10,false,,0.1346669875507496,0.1279580944638026,-0.021893845981461837,7,1,1.0,19.0,0.45799457994579945,0.33367208672086723,0.2946,907,2932,0.1,0.25,15
30,15,true,,0.14239288730241226,0.23340900914346263,0.1078379306198485,21,26,3.0,29.0,0.7181571815718157,0.15085817524841916,0.2972,907,2932,0.1,0.25,15
20,10,false,,0.14022653191656614,0.3029693250378275,0.16696583969980452,15,16,5.0,19.0,0.752026418492945,0.7238066646652657,0.3124,908,2933,0.1,0.25,15
30,15,true,,0.1541771835087299,0.23301894389649536,0.10487855816376442,18,26,2.0,29.0,0.7649647887323944,0.23415492957746478,0.299,908,2933,0.1,0.25,15
20,10,true,,0.09687026948314217,0.34176887298179165,0.23241144224792953,14,16,2.0,19.0,0.7937542896362388,0.6043239533287578,0.3002,909,2934,0.1,0.25,15
20,10,false,,0.18184068474120665,0.10397100661437039,-0.09682330437785197,5,2,1.0,18.0,0.33675496688741724,0.2539735099337748,0.2788,910,2935,0.1,0.25,15
30,15,false,,0.14726585656671978,0.15056251898350753,0.004541152348914598,16,3,1.0,28.0,0.5118469015795869,0.1852976913730255,0.2832,910,2935,0.1,0.25,15
40,20,false,,0.15782877890699054,0.20107263739673434,0.06709793478099221,11,1,1.0,35.0,0.6658746658746659,0.17136917136917137,0.2498,910,2935,0.1,0.25,15
50,25,true,,0.1581942046378317,0.29518147255093835,0.15799118367314707,26,29,5.0,46.0,0.9081081081081082,0.15163584637268848,0.2688,910,2935,0.1,0.25,15
20,10,true,,0.14675514065146048,0.2537905934303399,0.12537146809580532,14,16,2.0,19.0,0.7238442822384428,0.5714720194647201,0.3134,911,2936,0.1,0.25,15
20,10,false,,0.1692553650358889,0.10870616067130359,-0.07867528256070536,6,1,1.0,19.0,0.3798230088495575,0.2948672566371681,0.2644,912,2937,0.1,0.25,15
30,15,false,,0.11477881226307929,0.15906610525876647,0.06329299762988355,21,27,2.0,29.0,0.6036067892503536,0.1188118811881188,0.2914,912,2937,0.1,0.25,15
40,20,true,,0.12386193003987392,0.2921585640511756,0.17460850122020202,30,33,7.0,39.0,0.8152280932064325,0.10928782408926813,0.2848,912,2937,0.1,0.25,15
20,10,false,,0.1487179524937467,0.12471141758190789,-0.02585641521562071,10,2,1.0,19.0,0.444895199459094,0.4083840432724814,0.2846,913,2938,0.1,0.25,15
30,15,true,,0.12852250628192413,0.3409576473720911,0.2232341020095185,22,26,5.0,29.0,0.7986111111111112,0.25315656565656564,0.2942,913,2938,0.1,0.25,15
20,10,false,,0.13706033666216152,0.2681104624774644,0.15643648010548578,15,16,2.0,19.0,0.7263712426402231,0.5986984815618221,0.303,914,2939,0.1,0.25,15
30,15,true,,0.15756072464454862,0.2834243390602746,0.14877269976083676,21,26,4.0,29.0,0.8178913738019169,0.23961661341853036,0.295,914,2939,0.1,0.25,15
20,10,false,,0.083009201209052,0.2854027909272048,0.21140477369390467,15,16,2.0,19.0,0.7507987220447284,0.6332978345757898,0.274,915,2940,0.1,0.25,15
30,15,true,,0.10277524826033071,0.4931890345171865,0.38104422391531984,23,25,1.0,29.0,0.8427491903562433,0.0982367758186398,0.2842,915,2940,0.1,0.25,15
20,10,false,,0.10220629554884278,0.31295482691807036,0.22003392743279893,15,17,3.0,19.0,0.7638208537438769,0.6270118964310707,0.2776,916,2941,0.1,0.25,15
30,15,false,,0.11431351969430957,0.16720651000708478,0.06813993608744381,18,26,2.0,29.0,0.6606648199445984,0.2389196675900277,0.3002,916,2941,0.1,0.25,15
40,20,true,,0.14117254219421457,0.4916151607069072,0.3537720267142254,33,33,17.0,39.0,0.9026494146642021,0.020948860135551448,0.2522,916,2941,0.1,0.25,15
20,10,false,,0.106115819961531,0.5303439831410973,0.4187075331081286,15,16,3.0,19.0,0.9232804232804233,0.7278439153439153,0.3024,917,2942,0.1,0.25,15
30,15,false,,0.15400876509850764,0.1833148936611316,0.06560699253383522,9,3,1.0,28.0,0.6288114499066584,0.10547604231487244,0.2882,917,2942,0.1,0.25,15
40,20,true,,0.17362183339294593,0.3957301764110332,0.22421855276131403,32,34,13.0,38.0,0.8381662524164596,0.05357636012151339,0.2472,917,2942,0.1,0.25,15
20,10,false,,0.15050763249837482,0.21208391628934956,0.08467640609781996,13,17,2.0,19.0,0.6688485569770901,0.525438857482892,0.3404,918,2943,0.1,0.25,15
30,15,false,,0.224903799208311,0.17489163384196396,-0.05132925816859066,4,1,1.0,26.0,0.42011834319526625,0.09894806048652202,0.2052,918,2943,0.1,0.25,15
40,20,true,,0.16901104695146557,0.2530842762145701,0.12066101450623021,15,1,1.0,37.0,0.7459180750501289,0.17960469779432828,0.2694,918,2943,0.1,0.25,15
20,10,false,,0.07541681479349921,0.12003593007346683,0.043367139566868496,13,16,1.0,19.0,0.633358954650269,0.5196003074558032,0.2496,919,2944,0.1,0.25,15
30,15,false,,0.10182374394916516,0.15468627363789683,0.07527074945280987,18,26,2.0,29.0,0.6652014652014652,0.22747252747252747,0.3044,919,2944,0.1,0.25,15
40,20,false,,0.12279530521190346,0.18671743556747256,0.07428071319040139,25,31,3.0,38.0,0.6962491627595445,0.1610850636302746,0.281,919,2944,0.1,0.25,15
50,25,true,,0.14456698542816437,0.4347766420494086,0.30271786143329693,39,45,1.0,49.0,0.8492838541666666,0.025065104166666668,0.2342,919,2944,0.1,0.25,15
20,10,false,,0.12886583611740524,0.1845975596337066,0.08072689961689063,12,16,1.0,19.0,0.6137325089489098,0.5037422713960299,0.3002,920,2945,0.1,0.25,15
30,15,false,,0.171832953025875,0.22758608663702481,0.08224520245473543,22,25,3.0,29.0,0.6721835075493612,0.2224157955865273,0.2976,920,2945,0.1,0.25,15
40,20,true,,0.18074247173919228,0.36768721712459423,0.19179255841667797,34,35,3.0,39.0,0.8135691504783995,0.05885763989562192,0.2534,920,2945,0.1,0.25,15
20,10,true,,0.07501245445712823,0.16228633174162813,0.09813514702885905,13,15,2.0,19.0,0.7531272994849154,0.5688005886681383,0.2984,921,2946,0.1,0.25,15
20,10,false,,0.12529479133144525,0.10305733633654067,-0.024433517282370254,8,1,1.0,19.0,0.4422296050203027,0.33517903285345146,0.251,922,2947,0.1,0.25,15
30,15,true,,0.10804856529629754,0.18460680753425512,0.09648330821911612,21,25,2.0,29.0,0.7194777699364855,0.2018348623853211,0.289,922,2947,0.1,0.25,15
20,10,false,,0.12710661986621072,0.19667379996572731,0.08590034941493288,13,17,1.0,19.0,0.672493100275989,0.5446182152713891,0.2992,923,2948,0.1,0.25,15
30,15,true,,0.1447973991638061,0.2709012798693954,0.14311218375834575,21,25,1.2249999999999943,29.0,0.7209230769230769,0.15076923076923077,0.2916,923,2948,0.1,0.25,15
20,10,false,,0.1300170067611879,0.24388423337801993,0.1262415811569365,14,16,1.0,19.0,0.6433656957928803,0.586084142394822,0.2994,924,2949,0.1,0.25,15
30,15,true,,0.1524007635561668,0.27991367495622366,0.15357310436983285,20,26,3.0,29.0,0.8270986745213549,0.2686303387334315,0.275,924,2949,0.1,0.25,15
20,10,false,,0.1452450840976512,0.1086287678419004,-0.04992835141969225,7,1,1.0,18.0,0.39035516454871294,0.3118279569892473,0.2976,925,2950,0.1,0.25,15
30,15,true,,0.14319645241447543,0.29585851401080004,0.18606079197699435,21,26,2.0,29.0,0.7760629921259843,0.13763779527559056,0.2774,925,2950,0.1,0.25,15
20,10,false,,0.10707550409999843,0.11917935762189912,0.019914028826414645,13,17,1.0,19.0,0.5388944058258854,0.506454816285998,0.2772,926,2951,0.1,0.25,15
30,15,true,,0.13248740649797203,0.27562508548562165,0.17161290956199005,20,27,4.0,29.0,0.8266205160478288,0.2517306482064191,0.2858,926,2951,0.1,0.25,15
20,10,true,,0.10092016264454884,0.220699723777737,0.11880484615033253,14,16,2.0,19.0,0.7992073976221928,0.5670409511228534,0.301,927,2952,0.1,0.25,15
20,10,true,,0.13757393170179819,0.2607427300271486,0.13947671080095678,13,16,1.0,19.0,0.7654631083202512,0.5293563579277865,0.3234,928,2953,0.1,0.25,15
20,10,false,,0.14812295413896345,0.1558653297777806,0.017024625022595996,8,3,1.0,19.0,0.5322277847309136,0.36107634543178974,0.3228,929,2954,0.1,0.25,15
30,15,true,,0.1493807750264136,0.23627761899418578,0.09880849275649906,20,25,4.0,28.0,0.7085137085137085,0.23376623376623376,0.3048,929,2954,0.1,0.25,15
20,10,true,,0.11359845855161359,0.433462512281498,0.3243676607141945,14,16,3.0,19.0,0.8877679697351829,0.6724464060529635,0.3122,930,2955,0.1,0.25,15
20,10,false,,0.18203553240727577,0.11986567280023622,-0.08234334262338217,8,4,1.0,19.0,0.29193643319599766,0.3431430253090053,0.2906,931,2956,0.1,0.25,15
30,15,false,,0.1734181046480791,0.21307734280596952,0.07503049628348199,22,26,2.0,29.0,0.6223714953271028,0.18049065420560748,0.2862,931,2956,0.1,0.25,15
40,20,true,,0.1992439275285925,0.45894466608213463,0.26410528503641856,34,36,13.450000000000003,39.0,0.9143825939530941,0.05368748233964397,0.2522,931,2956,0.1,0.25,15
20,10,false,,0.07726684896929785,0.4809981005893324,0.3968256611815624,16,16,3.0,19.0,0.8578016910069177,0.7336664104534973,0.2566,932,2957,0.1,0.25,15
30,15,false,,0.13644795577177085,0.19761898205244444,0.08583970853475402,18,25,1.0,29.0,0.6862683766030654,0.1995620894588677,0.3062,932,2957,0.1,0.25,15
40,20,true,,0.16213348381256248,0.44168444349767405,0.2910491739931968,31,34,2.0,39.0,0.8197437390797904,0.06493884682585906,0.2588,932,2957,0.1,0.25,15
20,10,false,,0.13927456888737036,0.17844188115364082,0.05180729150580651,12,15,1.0,19.0,0.5996321275291232,0.49356223175965663,0.3258,933,2958,0.1,0.25,15
30,15,false,,0.17464754324983506,0.174341702995361,0.00913346281219618,15,1,1.0,29.0,0.5176701570680629,0.10602094240837696,0.2316,933,2958,0.1,0.25,15
40,20,true,,0.1727795411852282,0.27662298997125756,0.12115618047821108,22,26,5.0,38.0,0.8531181619256017,0.22784463894967177,0.2824,933,2958,0.1,0.25,15
20,10,false,,0.10586476411310894,0.2994385085998157,0.20934198620154007,15,16,1.0,19.0,0.7855004988360492,0.6391752577319587,0.3022,934,2959,0.1,0.25,15
30,15,true,,0.144545293155873,0.2216361537551375,0.10235533716882912,16,21,2.0,28.0,0.7286594309181578,0.26518040481079497,0.3148,934,2959,0.1,0.25,15
20,10,false,,0.13513053322782548,0.13231971622825303,0.0026898658391522057,12,16,1.0,19.0,0.5027027027027027,0.4470588235294118,0.3038,935,2960,0.1,0.25,15
30,15,false,,0.18025625395102723,0.14252818415722412,-0.062392066742231495,6,1,1.0,28.0,0.3997262149212868,0.12080766598220397,0.2394,935,2960,0.1,0.25,15
40,20,true,,0.1621101320288321,0.5307978991456748,0.36761301851624184,33,36,10.0,39.0,0.9300699300699301,0.09877622377622378,0.2462,935,2960,0.1,0.25,15
20,10,false,,0.08889749367780614,0.1084980375395692,0.01880505521053443,11,1,1.0,19.0,0.5446640316205533,0.4189723320158103,0.273,936,2961,0.1,0.25,15
30,15,true,,0.09882944387261693,0.19215437932243823,0.10367335392278075,21,23,2.0,29.0,0.7722882615156018,0.13224368499257058,0.2874,936,2961,0.1,0.25,15
20,10,false,,0.07857412475475307,0.15423850496799266,0.08577249737958403,13,15,1.0,19.0,0.6566008517228029,0.5203252032520326,0.2356,937,2962,0.1,0.25,15
30,15,false,,0.0716931233213586,0.16955973379688427,0.11361690680407269,24,26,1.0,29.0,0.6775039328788673,0.1221814368117462,0.1062,937,2962,0.1,0.25,15
40,20,false,,0.06598478887609767,0.5111191486101231,0.44321325700919506,35,37,30.0,39.0,1.0,0.0,0.0646,937,2962,0.1,0.25,15
50,25,true,,0.06887867654957347,0.13182953791026403,0.05809847681217178,41,41,27.0,49.0,0.7642330877427997,0.0,0.0334,937,2962,0.1,0.25,15
20,10,false,,0.1914851859039379,0.18701004174234256,-0.0027628917977445544,11,1,1.0,19.0,0.49677221026744545,0.42237934214571166,0.255,938,2963,0.1,0.25,15
30,15,false,,0.19252648338754136,0.27696012961933125,0.10815907188783633,19,23,1.0,29.0,0.69927333705981,0.23420905533817776,0.289,938,2963,0.1,0.25,15
40,20,true,,0.20704093490841025,0.40866947893883826,0.21882739224042377,30,35,8.0,39.0,0.8809845820935894,0.105220449012713,0.2678,938,2963,0.1,0.25,15
20,10,false,,0.0784717682299945,0.7066911099368183,0.607140436004795,16,16,3.0,19.0,0.91469013006886,0.7456006120887528,0.2776,939,2964,0.1,0.25,15
30,15,true,,0.11582682146132361,0.27994200325957336,0.18489531078312976,22,24,4.0,29.0,0.8514323784143905,0.15989340439706862,0.3082,939,2964,0.1,0.25,15
20,10,false,,0.10773112527129212,0.135896915537275,0.04200569527780725,11,1,1.0,19.0,0.5631293570875291,0.4078233927188226,0.218,940,2965,0.1,0.25,15
30,15,false,,0.11270545877065172,0.12315124266957458,0.018205802167805644,11,4,1.0,29.0,0.5392301998519615,0.16506291635825315,0.2934,940,2965,0.1,0.25,15
40,20,true,,0.12451540839984748,0.5507701460416413,0.43386922751906287,34,35,24.0,39.0,0.9572049481778669,0.0,0.2738,940,2965,0.1,0.25,15
20,10,false,,0.12448426417120492,0.10037601544402629,-0.028468244234828216,8,1,1.0,19.0,0.44274224435082343,0.35273841440061277,0.2638,941,2966,0.1,0.25,15
30,15,false,,0.1046750154599689,0.5836110995702383,0.4689965165955015,25,26,12.474999999999994,29.0,0.8842105263157894,0.0793233082706767,0.2762,941,2966,0.1,0.25,15
40,20,false,,0.13268625861626268,0.18437668386097292,0.06778875940732748,18,21,2.0,36.0,0.6854179761156506,0.1995600251414205,0.2776,941,2966,0.1,0.25,15
50,25,true,,0.15309381656368898,0.27984137156987754,0.1497291865002026,35,42,11.0,48.0,0.8488505747126437,0.08160919540229886,0.2628,941,2966,0.1,0.25,15
20,10,true,,0.11161864193371708,0.19816058750231236,0.1130902088220519,11,16,1.0,19.0,0.7505422993492408,0.43569879144716456,0.3286,942,2967,0.1,0.25,15
20,10,false,,0.09880159188133229,0.5937003596583482,0.48785506408629836,16,16,7.0,19.0,0.9227207977207977,0.7784900284900285,0.2772,943,2968,0.1,0.25,15
30,15,true,,0.1299334651071254,0.3710894190356914,0.26903950566568546,21,25,1.0,29.0,0.8624595469255664,0.16537216828478965,0.2852,943,2968,0.1,0.25,15
20,10,false,,0.08052510768979927,0.740884352587589,0.6565693443022852,16,16,3.0,19.0,0.9142425387230827,0.7676615035889687,0.2718,944,2969,0.1,0.25,15
30,15,true,,0.09863078947098496,0.2686303339697032,0.1655638159166713,22,26,3.0,29.0,0.7814761215629522,0.22141823444283648,0.3064,944,2969,0.1,0.25,15
20,10,false,,0.11090294865048014,0.1396270405980619,0.0317294038218649,8,2,1.0,19.0,0.5795904887714664,0.31704095112285335,0.3122,945,2970,0.1,0.25,15
30,15,true,,0.16302586302491162,0.43510384673765506,0.27345887963522114,21,25,7.0,29.0,0.926021136818052,0.2633533276206798,0.2944,945,2970,0.1,0.25,15
20,10,true,,0.0950264174012093,0.358033246176654,0.271567892148058,14,16,1.0,19.0,0.765485141424991,0.6512710347296814,0.2946,946,2971,0.1,0.25,15
20,10,true,,0.07450730748432167,0.21797713739164015,0.14529110322425695,14,17,2.0,19.0,0.7690003743916136,0.6020217147135905,0.2828,947,2972,0.1,0.25,15
20,10,false,,0.14148729537180899,0.20884382720649633,0.08671652870975753,12,1,1.0,19.0,0.600203114421124,0.46073121191604605,0.275,948,2973,0.1,0.25,15
30,15,true,,0.1410227846309361,0.2058567042717017,0.08999351604344237,16,6,2.0,29.0,0.7469665581532998,0.1825984018940515,0.3108,948,2973,0.1,0.25,15
20,10,true,,0.11253208349212643,0.2669536535626738,0.1575739164004086,14,16,3.0,19.0,0.7270186335403727,0.6354037267080745,0.291,949,2974,0.1,0.25,15
20,10,true,,0.12068466566823188,0.29587186993649284,0.18708899753594338,13,16,1.0,19.0,0.7874015748031497,0.5622047244094488,0.3102,950,2975,0.1,0.25,15
20,10,false,,0.12415394358308328,0.32131806791077705,0.20640412238204492,15,16,2.0,19.0,0.722,0.561,0.2892,951,2976,0.1,0.25,15
30,15,false,,0.17896264502065615,0.19721394803187434,0.03466737676221367,8,1,1.0,25.0,0.533375715193897,0.2530197075651621,0.2712,951,2976,0.1,0.25,15
40,20,true,,0.17714910703252765,0.30551072975685956,0.16722876762612768,26,28,4.0,38.0,0.8956545806808747,0.16191530584002214,0.2874,951,2976,0.1,0.25,15
20,10,false,,0.16302786871868816,0.11837299142796452,-0.051868109417106595,7,1,1.0,19.0,0.43821892393320966,0.3369202226345083,0.2526,952,2977,0.1,0.25,15
30,15,true,,0.14505784712069655,0.20211032560495698,0.08188772159926136,15,22,2.0,28.0,0.7285464098073555,0.23496789258610626,0.299,952,2977,0.1,0.25,15
20,10,false,,0.18715744533216824,0.08189638846602858,-0.12649732263224883,6,2,1.0,18.0,0.2866219555241793,0.24567596187786797,0.2636,953,2978,0.1,0.25,15
30,15,true,,0.1260766627214155,0.23936321102356958,0.13329621549655218,18,25,3.0,29.0,0.7749840865690643,0.24443029917250159,0.2924,953,2978,0.1,0.25,15
20,10,false,,0.09483585056416459,0.12425230580713167,0.031826647442829696,10,10,1.0,18.0,0.610979329041003,0.3900372754998306,0.3186,954,2979,0.1,0.25,15
30,15,true,,0.12653583348111497,0.4535879894058779,0.3495737856013269,23,26,2.0,29.0,0.7780879274249826,0.12351709699930216,0.2772,954,2979,0.1,0.25,15
20,10,true,,0.12899155731848783,0.2578572669073532,0.15724121564879712,14,15,2.0,19.0,0.7402557856272838,0.5849573690621194,0.3148,955,2980,0.1,0.25,15
20,10,true,,0.0880552920642937,0.2397884419923275,0.15502529805305662,14,16,2.0,19.0,0.7773813770959686,0.558687120941848,0.288,956,2981,0.1,0.25,15
20,10,true,,0.10894767182951479,0.26839809925352665,0.19557699125707212,14,16,1.0,19.0,0.710499139414802,0.5693631669535284,0.294,957,2982,0.1,0.25,15
20,10,false,,0.10996193108791338,0.1347065932838894,0.036411947355129023,13,15,1.0,19.0,0.5912986156888596,0.4878048780487805,0.3166,958,2983,0.1,0.25,15
30,15,true,,0.13521131868477046,0.5244005111414219,0.4248864584091454,23,24,2.0,29.0,0.8293701799485861,0.11696658097686376,0.2856,958,2983,0.1,0.25,15
20,10,false,,0.11079161113392662,0.22580785286900878,0.13969928323662492,13,15,1.0,19.0,0.6865979381443299,0.4896907216494845,0.303,959,2984,0.1,0.25,15
30,15,true,,0.12553266037744173,0.3281878112174967,0.220291283605342,22,25,2.0,29.0,0.7687479352494219,0.20482325735051204,0.2826,959,2984,0.1,0.25,15
20,10,false,,0.06330180036294296,0.172039868189041,0.12139894499914552,15,16,5.0,19.0,0.7622519238558121,0.6354799513973268,0.224,960,2985,0.1,0.25,15
30,15,true,,0.09283972535203461,0.681142157119794,0.5799089821430136,24,25,7.25,29.0,0.9264649559555725,0.15587897357334354,0.294,960,2985,0.1,0.25,15
20,10,true,,0.11155312001630734,0.28316835975985816,0.18031739125118335,14,16,2.0,19.0,0.7755570117955439,0.5619266055045872,0.2972,961,2986,0.1,0.25,15
20,10,false,,0.0949392118445877,0.3744165250519528,0.2919971967073023,14,17,1.0,19.0,0.671473109898675,0.505066250974279,0.2536,962,2987,0.1,0.25,15
30,15,false,,0.11137707529133527,0.7268800926604276,0.6170740039561466,25,26,6.0,29.0,0.965428466347922,0.08275101140125046,0.281,962,2987,0.1,0.25,15
40,20,true,,0.1375396128241813,0.2547142875520182,0.12522444822298864,31,36,17.0,39.0,0.789806900918012,0.04020259575815131,0.276,962,2987,0.1,0.25,15
20,10,true,,0.12503849176290682,0.35707043790580034,0.2356740262034763,14,16,2.0,19.0,0.7865307383379673,0.5922150139017609,0.323,963,2988,0.1,0.25,15
20,10,false,,0.12560872645897456,0.17344996073280886,0.07105281664473191,10,1,1.0,19.0,0.6091798852514344,0.4198447519406007,0.2806,964,2989,0.1,0.25,15
30,15,false,,0.12906267256018428,0.4665298234568932,0.3408362586313888,25,26,16.0,29.0,0.9276872964169381,0.06938110749185668,0.2852,964,2989,0.1,0.25,15
40,20,true,,0.14763398600820485,0.22970497627842631,0.10022174204588842,19,27,2.0,37.0,0.7893341190335886,0.2150854449027696,0.2702,964,2989,0.1,0.25,15
20,10,false,,0.12758381547332917,0.19636050321131274,0.07352541573746982,15,16,1.0,19.0,0.6043920026220911,0.588659455916093,0.293,965,2990,0.1,0.25,15
30,15,false,,0.13583356187165965,0.18287344345783235,0.07070007152264958,18,26,1.0,29.0,0.6579691920779629,0.2571518390443257,0.2638,965,2990,0.1,0.25,15
40,20,true,,0.14933887047591338,0.22723043464213424,0.09974599104032386,21,22,3.0,38.0,0.773491879350348,0.2166473317865429,0.2846,965,2990,0.1,0.25,15
20,10,false,,0.16523963139811046,0.06470783667052458,-0.1124783533688293,7,6,1.0,19.0,0.25310344827586206,0.2503448275862069,0.2308,966,2991,0.1,0.25,15
30,15,false,,0.12906129887030576,0.1688058998888402,0.05214863248390725,16,19,1.7000000000000028,28.0,0.6611954165376277,0.24372870857850729,0.2916,966,2991,0.1,0.25,15
40,20,false,,0.1615965550869434,0.20086272896865137,0.0798664430619934,10,1,1.0,36.0,0.6328671328671329,0.14113159567705022,0.2456,966,2991,0.1,0.25,15
50,25,true,,0.15534049364698777,0.24526619230440125,0.11949462930085403,16,1,1.0,41.0,0.7571856287425149,0.14011976047904193,0.2572,966,2991,0.1,0.25,15
20,10,false,,0.08103814851787924,0.12881231784989547,0.06180587630614237,13,16,1.0,19.0,0.6199919061108863,0.4961554026709834,0.2442,967,2992,0.1,0.25,15
30,15,false,,0.10594734952945203,0.17065914306412647,0.07098302172451898,20,24,2.0,29.0,0.6983441324694024,0.20086393088552915,0.2874,967,2992,0.1,0.25,15
40,20,false,,0.12517692698153,0.17329835809190397,0.07371062537266129,16,2,1.0,36.0,0.6439552760307478,0.1883298392732355,0.237,967,2992,0.1,0.25,15
50,25,true,,0.13161024389374126,0.20154586782541095,0.09368451158927704,19,16,1.0,48.0,0.8175782484982611,0.22415428390768258,0.2604,967,2992,0.1,0.25,15
20,10,false,,0.18534080674042816,0.11255183827149268,-0.09531115321227732,5,2,1.0,19.0,0.3888111888111888,0.30979020979020977,0.2578,968,2993,0.1,0.25,15
30,15,false,,0.12517078410683424,0.6589733797684725,0.5391236832726524,25,25,3.0,29.0,0.9265795975997176,0.06106600776561948,0.27,968,2993,0.1,0.25,15
40,20,true,,0.14429197787316778,0.3615591084818038,0.22147962367667465,31,34,2.0,39.0,0.8822469209972965,0.092820666866927,0.2726,968,2993,0.1,0.25,15
20,10,false,,0.25256498496522983,0.08508494718627399,-0.17837786353509288,3,1,1.0,18.0,0.24677296886864086,0.1867881548974943,0.2446,969,2994,0.1,0.25,15
30,15,true,,0.11923910820646366,0.44964592339132914,0.3440849151577775,24,26,4.0,29.0,0.897680763983629,0.09447476125511596,0.2838,969,2994,0.1,0.25,15
20,10,true,,0.10179710257009235,0.22723495581162115,0.13361022982349594,14,16,2.0,19.0,0.7034825870646766,0.6232172470978441,0.2902,970,2995,0.1,0.25,15
20,10,false,,0.15572623253483536,0.2091215446926443,0.07144280628321843,14,17,2.0,19.0,0.6466367713004484,0.522272047832586,0.3102,971,2996,0.1,0.25,15
30,15,true,,0.15805303673622173,0.30839646038420915,0.1803587759866316,20,25,3.0,29.0,0.8367642795013047,0.19541896201797623,0.29,971,2996,0.1,0.25,15
20,10,false,,0.14336614773740275,0.1341124201573169,-0.004806184627222598,10,1,1.0,19.0,0.49463065408395707,0.38594207614708753,0.2918,972,2997,0.1,0.25,15
30,15,true,,0.1564506019656863,0.2501354150501615,0.1215327276104154,21,26,2.0,29.0,0.7323022010707912,0.16597263533610945,0.296,972,2997,0.1,0.25,15
20,10,false,,0.12498501308707846,0.1413456678011561,0.016000993312412143,11,16,1.0,19.0,0.5382577012255714,0.3998012586949321,0.2976,973,2998,0.1,0.25,15
30,15,false,,0.18261825240444354,0.16576353462836804,-0.024615890317750112,10,1,1.0,29.0,0.4745269286754003,0.08842794759825327,0.2496,973,2998,0.1,0.25,15
40,20,false,,0.16025976384725357,0.20606398196188389,0.0640918185493484,21,20,4.0,37.0,0.6848892626857304,0.20100925147182505,0.265,973,2998,0.1,0.25,15
50,25,true,,0.17676923803083489,0.2878194923723189,0.12840151482199005,36,36,9.0,48.0,0.7977099236641222,0.0485278080697928,0.2618,973,2998,0.1,0.25,15
20,10,false,,0.12020696618538976,0.567988436457598,0.4454611107035212,16,17,3.0,19.0,0.7841174507841174,0.666332999666333,0.279,974,2999,0.1,0.25,15
30,15,true,,0.1391680368387278,0.31999105241685516,0.20088665541532305,20,25,2.0,29.0,0.7939485627836611,0.20121028744326777,0.2938,974,2999,0.1,0.25,15
20,10,false,,0.494720355047811,0.09931934542589606,-0.4376476682267751,3,1,1.0,16.0,0.2781703235403496,0.12904425436965414,0.227,975,3000,0.1,0.25,15
30,15,true,,0.14360992403384967,0.23930461372200854,0.12049768787130656,16,26,2.0,28.0,0.7028003613369467,0.24119241192411925,0.2978,975,3000,0.1,0.25,15
20,10,false,,0.13482762097743667,0.14342057109524786,0.007399751011366362,9,2,1.0,18.0,0.5142007926023778,0.3560105680317041,0.2894,976,3001,0.1,0.25,15
30,15,false,,0.1720957528726349,0.3538605870586206,0.21221980835548196,18,1,1.0,29.0,0.6337007874015748,0.16724409448818897,0.2614,976,3001,0.1,0.25,15
40,20,true,,0.17523689335138906,0.2990195345491067,0.163700367397287,26,33,4.0,38.0,0.8941441441441441,0.1883445945945946,0.2768,976,3001,0.1,0.25,15
20,10,true,,0.1261624561827416,0.23254537597396505,0.1256075550466476,13,17,2.0,19.0,0.7304267731040835,0.512127724900215,0.3134,977,3002,0.1,0.25,15
20,10,false,,0.10220581118889821,0.19891078365772116,0.13300539005828926,12,1,1.0,19.0,0.6575091575091575,0.4472527472527473,0.271,978,3003,0.1,0.25,15
30,15,false,,0.13450921234097876,0.17241487228571378,0.0501374462241079,20,25,2.0,29.0,0.6193846153846154,0.23876923076923076,0.3102,978,3003,0.1,0.25,15
40,20,true,,0.15321773247597784,0.2718979865664966,0.1346341077419715,26,27,5.0,38.0,0.8283089290841229,0.10910134941142693,0.2802,978,3003,0.1,0.25,15
20,10,false,,0.10774236584974059,0.134377185381672,0.0426483253061119,12,17,1.0,19.0,0.5919803024973619,0.4780161800914527,0.2814,979,3004,0.1,0.25,15
30,15,false,,0.11694725563769161,0.67903190662472,0.5618615439377865,25,26,6.825000000000003,29.0,0.9008589835361489,0.1073729420186113,0.283,979,3004,0.1,0.25,15
40,20,true,,0.14612015405791187,0.3637081963814119,0.23704672449736688,30,34,8.0,39.0,0.857565011820331,0.10874704491725769,0.2714,979,3004,0.1,0.25,15
20,10,false,,0.19560142401596092,0.1618210137844979,-0.05500888984004304,6,1,1.0,18.52500000000009,0.46601307189542485,0.3627450980392157,0.2598,980,3005,0.1,0.25,15
30,15,true,,0.17070070101217857,0.23625113588092247,0.09545534602442532,17,25,2.0,28.0,0.7171658986175116,0.20910138248847926,0.2942,980,3005,0.1,0.25,15
20,10,false,,0.1396946581923795,0.1362731915819245,-0.002844376439070706,11,16,1.0,19.0,0.49613601236476046,0.44791344667697064,0.3234,981,3006,0.1,0.25,15
30,15,true,,0.1479652809036196,0.2333761378227494,0.12095533475011828,15,24,2.0,28.0,0.8274769585253456,0.25144009216589863,0.31,981,3006,0.1,0.25,15
20,10,false,,0.13342949198886678,0.13562310758081178,0.02187602821892723,8,1,1.0,19.0,0.53125,0.3508522727272727,0.2672,982,3007,0.1,0.25,15
30,15,true,,0.14888666371223203,0.21914230334418683,0.1011641652161323,14,10,2.0,29.0,0.7429934406678592,0.22599880739415623,0.3118,982,3007,0.1,0.25,15
20,10,false,,0.10277717503350309,0.15301422811499543,0.049021953181875855,11,14,1.0,19.0,0.6102990033222592,0.467109634551495,0.304,983,3008,0.1,0.25,15
30,15,true,,0.14186458227063195,0.232942366657836,0.13210887865953724,15,16,1.0,28.0,0.7732937685459941,0.272106824925816,0.2996,983,3008,0.1,0.25,15
20,10,false,,0.10254097608659242,0.47448822779226557,0.36848296644570044,15,16,2.0,19.0,0.8110023624704691,0.6496793790077624,0.2916,984,3009,0.1,0.25,15
30,15,false,,0.1589170892494524,0.17629301470107842,0.028357203140466067,13,3,1.0,28.0,0.5505415162454874,0.2539109506618532,0.2904,984,3009,0.1,0.25,15
40,20,true,,0.16816398928804904,0.28001567102747793,0.1324059771564566,28,31,8.0,38.0,0.8497495826377296,0.14941569282136896,0.2752,984,3009,0.1,0.25,15
20,10,false,,0.12110650297133735,0.5580731992306404,0.4520367072188484,15,16,3.0,19.0,0.8296900489396412,0.7406199021207178,0.2974,985,3010,0.1,0.25,15
30,15,false,,0.15201870638873138,0.7341394702595114,0.5783458782881423,25,27,3.0,29.0,0.9281045751633987,0.10032679738562092,0.2664,985,3010,0.1,0.25,15
40,20,true,,0.17917238381810321,0.36661699038873513,0.22909706760910573,28,35,3.0,39.0,0.8573834924199888,0.10303200449185851,0.2838,985,3010,0.1,0.25,15
20,10,false,,0.12030367632749131,0.2013405736270399,0.09423534683045569,13,17,1.0,19.0,0.6274118429807053,0.5409181636726547,0.2876,986,3011,0.1,0.25,15
30,15,true,,0.1443806753651443,0.31215374597321954,0.1991359193152859,20,26,2.0,29.0,0.7837511325883418,0.1549380851706433,0.2842,986,3011,0.1,0.25,15
20,10,false,,0.1640855177857267,0.17522213723143992,0.018067598176509936,13,16,1.0,19.0,0.5376732971669681,0.48794454490657024,0.2894,987,3012,0.1,0.25,15
30,15,false,,0.17658350520093027,0.6414902157480865,0.4661296100944159,25,25,15.0,29.0,0.9568175096125406,0.06359065365276545,0.2732,987,3012,0.1,0.25,15
40,20,true,,0.1968303236176286,0.358893831573464,0.17929933083339564,33,35,8.0,39.0,0.8741998330086279,0.050654049540773724,0.2698,987,3012,0.1,0.25,15
20,10,true,,0.13147594428883352,0.2834772459719667,0.1670187072445706,13,16,2.0,19.0,0.7626707132018209,0.5526555386949924,0.3136,988,3013,0.1,0.25,15
20,10,false,,0.06734796761272578,0.09945993676137804,0.04106920649198727,10,15,1.0,19.0,0.5984503190519599,0.4261622607110301,0.1464,989,3014,0.1,0.25,15
30,15,true,,0.11075381741956335,0.2975881927545884,0.19899988825631068,22,23,1.0,29.0,0.7276357827476039,0.11022364217252396,0.2654,989,3014,0.1,0.25,15
20,10,false,,0.12385246902288495,0.18225841318186742,0.10726244686045609,11,1,1.0,19.0,0.6517605633802817,0.43591549295774645,0.2492,990,3015,0.1,0.25,15
30,15,false,,0.1572768707522129,0.1931801434205691,0.0666612883387136,12,1,1.0,28.0,0.6082066869300912,0.2270516717325228,0.2916,990,3015,0.1,0.25,15
40,20,true,,0.17065482403622215,0.24361539253708098,0.10117723994646385,19,3,1.0,36.0,0.7479374110953059,0.1283072546230441,0.2728,990,3015,0.1,0.25,15
20,10,false,,0.09984840087202594,0.14757140901839633,0.05286711855380263,14,18,1.0,19.0,0.5961742826780021,0.5108041091037903,0.287,991,3016,0.1,0.25,15
30,15,true,,0.11318473947199835,0.29296114711208304,0.19470191375913196,20,25,3.0,29.0,0.8256005264889766,0.21717670286278382,0.2994,991,3016,0.1,0.25,15
20,10,false,,0.05701755331270155,0.10218262919296733,0.05906986831360476,13,16,1.0,19.0,0.640926640926641,0.5173745173745173,0.1516,992,3017,0.1,0.25,15
30,15,false,,0.09911464225195878,0.642240806323532,0.5286465112470847,25,26,5.0,29.0,0.9214026602176542,0.04796453043127771,0.2896,992,3017,0.1,0.25,15
40,20,true,,0.11120026677239207,0.19068135486772606,0.1065107250334829,19,6,1.0,37.0,0.766798418972332,0.14552641034854474,0.2964,992,3017,0.1,0.25,15
20,10,false,,0.19214012008238954,0.11542586252299353,-0.08214994270217095,6,4,1.0,17.0,0.30824261275272163,0.17076205287713841,0.3016,993,3018,0.1,0.25,15
30,15,true,,0.16502051875876286,0.43142596012936973,0.27292184860736013,22,25,9.0,29.0,0.9264166901606992,0.2624753312658585,0.287,993,3018,0.1,0.25,15
20,10,true,,0.08827383298433512,0.2063783454035585,0.12297880958472321,12,16,2.0,19.0,0.7580813347236705,0.5008689607229754,0.3064,994,3019,0.1,0.25,15
20,10,false,,0.15844733186804438,0.11446220522600162,-0.06842022234551767,9,1,1.0,19.0,0.3646833013435701,0.3534868841970569,0.2946,995,3020,0.1,0.25,15
30,15,true,,0.13418380524420684,0.27348668613281524,0.1489729272284678,20,23,6.0,28.0,0.8670520231213873,0.3017341040462428,0.3004,995,3020,0.1,0.25,15
20,10,false,,0.10832173504051376,0.21379151417212464,0.11212120422283901,13,15,1.0,19.0,0.6910910264686895,0.5348612007746933,0.2976,996,3021,0.1,0.25,15
30,15,true,,0.1382160851407772,0.2969791966345041,0.1678134276676806,22,26,3.0,29.0,0.8454210202827289,0.17363245236631838,0.297,996,3021,0.1,0.25,15
20,10,false,,0.15231671521223458,0.18607695380561753,0.05308285274719163,12,2,1.0,19.0,0.5436195689360246,0.43551146082791653,0.2748,997,3022,0.1,0.25,15
30,15,true,,0.17506003991677124,0.5553032118425174,0.41206371578959705,22,26,1.0,29.0,0.7243793761935073,0.08879694462126034,0.2614,997,3022,0.1,0.25,15
20,10,false,,0.07662114300377587,0.11358731948800385,0.054410320126859923,10,1,1.0,19.0,0.6289537712895377,0.35036496350364965,0.2496,998,3023,0.1,0.25,15
30,15,true,,0.11306017531754659,0.23962728552459608,0.13013873259539693,20,24,9.0,29.0,0.8036750483558994,0.3239845261121857,0.3032,998,3023,0.1,0.25,15
20,10,false,,0.21827040732327257,0.12019516352766298,-0.12610315765101918,6,4,1.0,19.0,0.2941542288557214,0.2599502487562189,0.2962,999,3024,0.1,0.25,15
30,15,false,,0.16384100160863008,0.1688851640301542,0.03337765062336935,12,25,1.0,29.0,0.5613981762917933,0.10303951367781156,0.2826,999,3024,0.1,0.25,15
40,20,true,,0.17139179153384096,0.27472671839649154,0.13508574892694725,28,35,2.0,39.0,0.8144886363636363,0.10965909090909091,0.261,999,3024,0.1,0.25,15
20,10,false,,0.13324087973868026,0.19513012174028393,0.07845819188444333,13,16,1.0,19.0,0.6524685382381413,0.5388835108099387,0.28,1000,3025,0.1,0.25,15
30,15,true,,0.14995115635330225,0.3539686510309859,0.22023303820303408,22,25,2.0,29.0,0.8337371290127196,0.16384009691096305,0.2928,1000,3025,0.1,0.25,15
