analysis_day,n_observations,detected,elapsed_seconds,theta1_median,theta2_median,theta_diff_median,tau_median,tau_map,tau_q025,tau_q975,p_positive_effect,p_tau_near_truth,accepted_rate,rep,seed,true_theta1,true_theta2,true_t_star
20,10,false,,0.09970710949696635,0.35279407159942,0.25891119038466004,15,17,2.0,19.0,0.7756130332549547,0.0,0.2852,1,2026,0.1,0.25,45
30,15,true,,0.0998128692994642,0.3437504945019719,0.2423259299047532,24,26,4.0,29.0,0.8393467527535131,0.0,0.2948,1,2026,0.1,0.25,45
20,10,false,,0.119375693390931,0.3689037436352459,0.2617040859880767,15,16,3.0,19.0,0.6853237878294826,0.0,0.293,2,2027,0.1,0.25,45
30,15,false,,0.15380383295040165,0.09107563912521034,-0.08093142014286364,8,3,1.0,27.0,0.35035349567949725,0.0,0.2728,2,2027,0.1,0.25,45
40,20,false,,0.7373786262581709,0.07615618951487758,-0.6611480866226186,2,1,1.0,6.0,0.0,0.0,0.104,2,2027,0.1,0.25,45
50,25,false,,0.2561702455088643,0.08667069228108783,-0.17932062112277924,5,3,1.0,44.0,0.2143928035982009,0.04697651174412794,0.121,2,2027,0.1,0.25,45
60,30,true,,0.09942336248267504,0.39406844425374227,0.2871608692839709,53,55,37.0,59.0,0.8892128279883382,0.14965986394557823,0.1492,2,2027,0.1,0.25,45
20,10,false,,0.11535437732134349,0.16556277662549834,0.05403790950459621,12,14,2.0,19.0,0.6102435977514054,0.0,0.3096,3,2028,0.1,0.25,45
30,15,false,,0.12440312772445639,0.10953220498535716,-0.0033404217395046343,12,2,1.0,29.0,0.49463955637707946,0.0,0.2626,3,2028,0.1,0.25,45
40,20,false,,0.11901687478838693,0.11932503375258344,0.011321900491383596,15,4,2.0,38.0,0.532746074301034,0.0,0.2698,3,2028,0.1,0.25,45
50,25,false,,0.11792669068655938,0.11990687097522384,0.003838877301565541,37,46,3.0,49.0,0.5116459627329193,0.296972049689441,0.2596,3,2028,0.1,0.25,45
60,30,true,,0.12120747791821324,0.24969976489316173,0.12951620759404625,49,51,33.0,59.0,0.8730672419992809,0.2398417835311039,0.2416,3,2028,0.1,0.25,45
20,10,false,,0.11653989533314991,0.6127760159550929,0.5078992177931865,16,16,4.0,19.0,0.8839406207827261,0.0,0.286,4,2029,0.1,0.25,45
30,15,false,,0.13082997449096376,0.13209202103083287,0.006482576571935711,16,26,1.0,29.0,0.5129847029526858,0.0,0.262,4,2029,0.1,0.25,45
40,20,false,,0.11447075458671026,0.6711507469712817,0.5622963036660777,35,35,26.0,39.0,0.9500580720092915,0.0,0.2494,4,2029,0.1,0.25,45
50,25,true,,0.11717674124830023,0.4089900315407413,0.29488899480311753,42,47,20.0,49.0,0.75920125293657,0.4577133907595928,0.2426,4,2029,0.1,0.25,45
20,10,false,,0.24138680321333336,0.07539338961672327,-0.1702714841077575,4,1,1.0,18.0,0.3154281098546042,0.0,0.2064,5,2030,0.1,0.25,45
30,15,false,,0.09336506245313721,0.1071262968121911,0.01881667676651371,14,24,2.0,28.0,0.5506329113924051,0.0,0.2462,5,2030,0.1,0.25,45
40,20,false,,0.09324354612388559,0.1503114049908805,0.06069479810775959,27,36,7.0,38.0,0.676326348640214,0.0,0.1862,5,2030,0.1,0.25,45
50,25,false,,0.12154713578998372,0.09357381984545578,-0.032639382793894944,15,4,1.0,48.125,0.4164926931106472,0.17693110647181629,0.1218,5,2030,0.1,0.25,45
60,30,false,,0.13834973291319166,0.08591694208396018,-0.05604229724363455,8,4,1.0,28.0,0.25996631106120155,0.0,0.0902,5,2030,0.1,0.25,45
20,10,false,,0.13540910969476339,0.34156854836200184,0.2293922023341362,15,16,1.0,19.0,0.7153521583901331,0.0,0.2938,6,2031,0.1,0.25,45
30,15,false,,0.1251099370919684,0.09488474366405086,-0.04270339035518397,16,1,1.0,29.0,0.3857404021937843,0.0,0.2506,6,2031,0.1,0.25,45
40,20,false,,0.1468675105340978,0.0926803126175698,-0.06463301529735559,10,10,2.0,35.0,0.28614344723995494,0.0,0.2548,6,2031,0.1,0.25,45
50,25,true,,0.1063678104591988,0.19478258846379887,0.08099786282666069,42,45,26.0,49.0,0.750994431185362,0.5079554494828958,0.2334,6,2031,0.1,0.25,45
20,10,false,,0.12245391007720524,0.3903327495116906,0.2821140232320096,15,17,1.0,19.0,0.6830265848670757,0.0,0.2744,7,2032,0.1,0.25,45
30,15,true,,0.0931086704852192,0.38372536797486173,0.27867835061630875,24,25,4.0,29.0,0.7014989293361884,0.0,0.2086,7,2032,0.1,0.25,45
20,10,false,,0.11465627382242763,0.246465839750247,0.16381690967057508,13,16,1.0,19.0,0.6428571428571429,0.0,0.2732,8,2033,0.1,0.25,45
30,15,false,,0.10834830333983897,0.32226070228638853,0.21401897536837622,25,26,4.0,29.0,0.8106743598990264,0.0,0.2744,8,2033,0.1,0.25,45
40,20,false,,0.195681352720746,0.0980534653950495,-0.10809024295727485,6,1,1.0,37.0,0.3059574468085106,0.0,0.2162,8,2033,0.1,0.25,45
50,25,false,,0.13767592986186716,0.11084874786803571,-0.03205458760641972,15,5,2.0,48.0,0.41733226837060705,0.11661341853035144,0.2712,8,2033,0.1,0.25,45
60,30,false,,0.12129606380950933,0.15420633597816827,0.04035378649790401,46,52,1.0,59.0,0.6180039138943249,0.23052837573385518,0.2072,8,2033,0.1,0.25,45
20,10,false,,0.11652216902875373,0.3708257832975217,0.2623396695883141,15,17,3.0,19.0,0.8152724968314322,0.0,0.3144,9,2034,0.1,0.25,45
30,15,false,,0.1285262019157757,0.11369860533914285,-0.019917356601105607,17,1,1.0,29.0,0.45003568879371875,0.0,0.2254,9,2034,0.1,0.25,45
40,20,false,,0.1193944085322872,0.0977354414692372,-0.03238003846775184,24,28,1.0,38.0,0.37334933973589435,0.0,0.2306,9,2034,0.1,0.25,45
50,25,true,,0.11835175446048658,0.24956587286894608,0.14809289080090854,37,45,4.0,49.0,0.7137504683402023,0.32521543649306855,0.2854,9,2034,0.1,0.25,45
20,10,false,,0.11590365192866303,0.20864473792278415,0.10124407099919192,15,16,3.0,19.0,0.6812101910828026,0.0,0.3092,10,2035,0.1,0.25,45
30,15,false,,0.09867545794529928,0.18709618663525798,0.10315571661459806,24,27,5.0,29.0,0.6743639921722113,0.0,0.2344,10,2035,0.1,0.25,45
40,20,false,,0.12251588656937434,0.15338334008996518,0.06142423254318791,26,1,1.0,39.0,0.5984053713806127,0.0,0.2464,10,2035,0.1,0.25,45
50,25,false,,0.13244116402091247,0.09703563406392242,-0.05448195511417088,29,2,1.0,47.0,0.37638703950288505,0.18331114070128718,0.1964,10,2035,0.1,0.25,45
60,30,true,,0.10992327110040023,0.3560154858336198,0.2381160449945835,50,55,8.0,59.0,0.7268806899856253,0.052228078581696216,0.1698,10,2035,0.1,0.25,45
20,10,false,,0.14536072253269766,0.1384836805118047,0.002246375312075166,11,16,1.0,19.0,0.5045731707317073,0.0,0.2914,11,2036,0.1,0.25,45
30,15,false,,0.11776356318082495,0.607264935356482,0.4892087376452534,25,26,13.0,29.0,0.8863238894718433,0.0,0.2776,11,2036,0.1,0.25,45
40,20,true,,0.12346360096506402,0.44624710982832005,0.32347620041914904,34,36,7.0,39.0,0.8781527531083482,0.0,0.2346,11,2036,0.1,0.25,45
20,10,false,,0.146237281942778,0.1118496716807917,-0.030302122841223873,7,1,1.0,18.0,0.45885286783042395,0.0,0.2774,12,2037,0.1,0.25,45
30,15,false,,0.1086203230532028,0.15711908007356398,0.07003527261695598,18,26,2.0,29.0,0.634795650543682,0.0,0.2696,12,2037,0.1,0.25,45
40,20,false,,0.6627599369396229,0.09557697863448943,-0.563099414667477,3,1,1.0,12.0,0.13499768839574663,0.0,0.2052,12,2037,0.1,0.25,45
50,25,false,,0.14727533242762686,0.1136165690840334,-0.038386954999581696,9,1,1.0,48.0,0.417319587628866,0.12412371134020618,0.2458,12,2037,0.1,0.25,45
60,30,true,,0.12261933508174444,0.5230011806990265,0.397556859695036,53,56,41.0,59.0,0.8921641791044777,0.1832089552238806,0.1942,12,2037,0.1,0.25,45
20,10,false,,0.07779678553628683,0.13984554217155604,0.0636560657235261,10,10,1.0,19.0,0.6517450682852808,0.0,0.2986,13,2038,0.1,0.25,45
30,15,true,,0.095879341396206,0.35867627222366427,0.26711721620465934,21,25,2.0,29.0,0.7849250197316495,0.0,0.2916,13,2038,0.1,0.25,45
20,10,false,,0.10864698114065807,0.3432537538830782,0.23433618344496,15,17,2.0,19.0,0.8203534031413613,0.0,0.311,14,2039,0.1,0.25,45
30,15,false,,0.33952293178884657,0.08884556950024218,-0.24729615214073236,3,1,1.0,28.0,0.17503059975520197,0.0,0.2132,14,2039,0.1,0.25,45
40,20,true,,0.10950400761843995,0.4117405386228338,0.30640720704390245,33,36,12.0,39.0,0.8774289985052317,0.0,0.2676,14,2039,0.1,0.25,45
20,10,false,,0.12424132181673155,0.14931833393372607,0.03731048264962736,10,1,1.0,19.0,0.5784724460199807,0.0,0.308,15,2040,0.1,0.25,45
30,15,false,,0.1364719388576845,0.1337325188224886,-0.003285852460743255,13,3,1.0,29.0,0.49374176548089593,0.0,0.2726,15,2040,0.1,0.25,45
40,20,false,,0.126919248005599,0.3003157614891573,0.19179860435948176,32,35,5.0,39.0,0.685973482205164,0.0,0.2774,15,2040,0.1,0.25,45
50,25,false,,0.15653259303009634,0.10725281085414248,-0.06297559457086326,12,2,1.0,42.0,0.25306748466257667,0.02607361963190184,0.2474,15,2040,0.1,0.25,45
60,30,true,,0.1266622307737249,0.6888180608845443,0.5606951930005994,54,54,45.0,59.0,0.9468164794007491,0.09925093632958802,0.176,15,2040,0.1,0.25,45
20,10,false,,0.1275220328801842,0.13915499607080095,0.02230058869226162,8,1,1.0,19.0,0.5429565217391304,0.0,0.2758,16,2041,0.1,0.25,45
30,15,false,,0.10817697804309205,0.23281804789790986,0.13340825410247814,21,26,1.0,29.0,0.6780744640842422,0.0,0.2742,16,2041,0.1,0.25,45
40,20,false,,0.14364810583398738,0.10285755454141567,-0.039098527725098677,10,8,1.0,37.0,0.37215477996965096,0.0,0.2644,16,2041,0.1,0.25,45
50,25,false,,0.11374213930883871,0.1236485246731829,0.03480962568028609,25,4,1.0,48.0,0.5685279187817259,0.24492385786802032,0.2178,16,2041,0.1,0.25,45
60,30,false,,0.15645301188464064,0.13978954223215811,-0.014930469093469956,30,2,1.0,58.0,0.4896063688633348,0.07607253427686864,0.1906,16,2041,0.1,0.25,45
20,10,true,,0.1429984729923117,0.26311438440526597,0.13393924388722275,14,18,1.0,19.0,0.7182373753618527,0.0,0.302,17,2042,0.1,0.25,45
20,10,false,,0.19187553953018277,0.12109808171895604,-0.0906448043395183,8,5,1.0,19.0,0.3079346892008021,0.0,0.3232,18,2043,0.1,0.25,45
30,15,false,,0.1816540913442334,0.12843527833232804,-0.08472601865918514,9,4,1.0,29.0,0.3675827607745159,0.0,0.2732,18,2043,0.1,0.25,45
40,20,false,,0.31369471926615106,0.09650205256436742,-0.21886153057860702,6,2,1.0,37.0,0.11012235817575083,0.0,0.2154,18,2043,0.1,0.25,45
50,25,false,,0.4391724592759936,0.0999871681546,-0.35543024873250995,6,3,1.0,46.0,0.2204786190663005,0.09611612397018439,0.2002,18,2043,0.1,0.25,45
60,30,true,,0.127572774203157,0.2241938907862729,0.0969673845542755,48,56,12.0,58.0,0.7660390516039052,0.1593444909344491,0.2006,18,2043,0.1,0.25,45
20,10,false,,0.13136685857234043,0.20544506959270925,0.08415378989335807,13,15,2.0,19.0,0.6777439024390244,0.0,0.3268,19,2044,0.1,0.25,45
30,15,false,,0.11193026460010883,0.4202801781113771,0.30660478337571173,25,27,9.0,29.0,0.8804425410421127,0.0,0.2726,19,2044,0.1,0.25,45
40,20,false,,0.15231759966968747,0.10563938892550714,-0.056490115485367906,9,3,1.0,35.0,0.3266144083613289,0.0,0.2458,19,2044,0.1,0.25,45
50,25,false,,0.14363180140508228,0.10704682182519297,-0.043595780510168394,9,5,1.0,27.0,0.33810660302307083,0.0,0.2334,19,2044,0.1,0.25,45
60,30,false,,0.12802814531624512,0.14891083969091587,0.03059377414153039,32,2,1.0,57.0,0.5883010432190761,0.13301043219076006,0.2174,19,2044,0.1,0.25,45
20,10,false,,0.0953791825083338,0.06899375605421822,-0.03781429927469686,7,1,1.0,19.0,0.38934250107434465,0.0,0.2252,20,2045,0.1,0.25,45
30,15,false,,0.09081736873677801,0.13742529013509128,0.05616177289829161,13,5,1.0,29.0,0.6738197424892703,0.0,0.2466,20,2045,0.1,0.25,45
40,20,false,,0.1664497666831577,0.07232234000247394,-0.09431854307537843,6,1,1.0,29.0,0.2204684317718941,0.0,0.1572,20,2045,0.1,0.25,45
50,25,false,,0.09630747740219127,0.19579284590963222,0.09784775135280338,44,45,31.0,49.0,0.6961797752808989,0.6053932584269663,0.153,20,2045,0.1,0.25,45
60,30,true,,0.09875371183663338,0.3061087279314806,0.21185840373696568,46,57,18.0,58.0,0.8005794302269436,0.20328343795267986,0.1226,20,2045,0.1,0.25,45
20,10,true,,0.10048340855169982,0.19122958529912473,0.10538300782275546,13,16,2.0,19.0,0.7178409825468649,0.0,0.3172,21,2046,0.1,0.25,45
20,10,false,,0.09479633045044318,0.13301492763947245,0.04204758706367269,10,16,1.0,19.0,0.5875265768958186,0.0,0.2954,22,2047,0.1,0.25,45
30,15,false,,0.10576532752778914,0.14576223148118894,0.05668623257022632,17,27,2.0,29.0,0.660431654676259,0.0,0.3004,22,2047,0.1,0.25,45
40,20,false,,0.10405548103337833,0.12747695605380863,0.033914298063464035,13,8,2.0,34.0,0.6277173913043478,0.0,0.279,22,2047,0.1,0.25,45
50,25,true,,0.11373352582496911,0.3328532159018399,0.2179767995209825,43,46,23.0,49.0,0.7956232903477921,0.5029308323563892,0.2722,22,2047,0.1,0.25,45
20,10,false,,0.11319234151054551,0.10613266858564811,-0.002167798050459094,10,2,1.0,19.0,0.4976491862567812,0.0,0.2686,23,2048,0.1,0.25,45
30,15,true,,0.09846984711296489,0.22714845380905344,0.12500301053944082,22,26,3.0,29.0,0.7789799072642968,0.0,0.2936,23,2048,0.1,0.25,45
20,10,false,,0.12073522241253015,0.09959355741510373,-0.010596730966423981,8,1,1.0,19.0,0.4825318536785861,0.0,0.2054,24,2049,0.1,0.25,45
30,15,false,,0.08528538725115538,0.24032513700931427,0.15676640307868855,25,26,16.0,29.0,0.7582139848357203,0.0,0.2172,24,2049,0.1,0.25,45
40,20,false,,0.10266269018270527,0.1066184980398426,0.002911754598759822,20,36,1.0,39.0,0.5075794621026894,0.0,0.157,24,2049,0.1,0.25,45
50,25,false,,0.6436656992615107,0.0746579205422381,-0.5648707702820175,2,1,1.0,18.0,0.08598130841121496,0.0,0.0766,24,2049,0.1,0.25,45
60,30,true,,0.09380159106772905,0.7161269543457467,0.6251171033091257,53,56,27.125000000000007,59.0,0.9257688229056203,0.0784729586426299,0.1002,24,2049,0.1,0.25,45
20,10,false,,0.12356088895965997,0.2308173001487882,0.11967668478970844,13,16,2.0,19.0,0.6994038280514591,0.0,0.3306,25,2050,0.1,0.25,45
30,15,false,,0.1342585112794095,0.15893616899115576,0.07140164094610672,15,26,1.0,29.0,0.6053169734151329,0.0,0.2712,25,2050,0.1,0.25,45
40,20,false,,0.11980574824151803,0.12331936354504568,0.010214451238517067,28,35,3.0,39.0,0.528040786598689,0.0,0.2612,25,2050,0.1,0.25,45
50,25,false,,0.12525902617683718,0.10927320979416148,-0.017183013699652666,27,42,2.0,49.0,0.4137524557956778,0.1756385068762279,0.2456,25,2050,0.1,0.25,45
60,30,false,,0.13583461588236817,0.16826083751913506,0.05358364323218401,46,1,1.0,59.0,0.5621069182389937,0.10023584905660378,0.2162,25,2050,0.1,0.25,45
20,10,false,,0.12722455280023331,0.0846397281807655,-0.046964297608881586,10,1,1.0,19.0,0.40287226001511717,0.0,0.247,26,2051,0.1,0.25,45
30,15,false,,0.10538729795203705,0.07682804178300554,-0.036234858381932064,11,5,1.0,29.0,0.406280193236715,0.0,0.151,26,2051,0.1,0.25,45
40,20,true,,0.07237284382315536,0.319998663446093,0.24476040323935994,34,35,25.0,39.0,0.8545849158979925,0.0,0.0874,26,2051,0.1,0.25,45
20,10,true,,0.15235764720950554,0.2867323511920771,0.172875101873894,14,16,1.0,19.0,0.730909090909091,0.0,0.3118,27,2052,0.1,0.25,45
20,10,false,,0.2970960329217187,0.08261708075243865,-0.23260191683223214,3,1,1.0,18.0,0.2663316582914573,0.0,0.2346,28,2053,0.1,0.25,45
30,15,false,,0.11239629616407651,0.09378674155023976,-0.01701125888018898,9,1,1.0,28.0,0.44864176570458403,0.0,0.2348,28,2053,0.1,0.25,45
40,20,false,,0.08755277866203279,0.6886618969960334,0.5916235711902142,36,38,23.0,39.0,0.96142578125,0.0,0.1564,28,2053,0.1,0.25,45
50,25,false,,0.09056043134494898,0.6466239074763441,0.5422606579112863,45,45,34.0,49.0,0.9664570230607966,0.6656184486373166,0.1178,28,2053,0.1,0.25,45
60,30,false,,0.12513064491323356,0.08151793898054065,-0.026477234271637257,13,37,1.0,40.0,0.39603960396039606,0.0039603960396039604,0.043,28,2053,0.1,0.25,45
20,10,false,,0.14961851002593632,0.13421728058034305,-0.018958018976132696,10,1,1.0,19.0,0.4624257252708843,0.0,0.2466,29,2054,0.1,0.25,45
30,15,false,,0.13858698096939703,0.11013757992358364,-0.03479746879769621,9,4,1.0,29.0,0.4268160462594868,0.0,0.2886,29,2054,0.1,0.25,45
40,20,true,,0.10529626387065348,0.2801241367276538,0.16776424750042263,33,36,16.0,39.0,0.7678282009724473,0.0,0.2374,29,2054,0.1,0.25,45
20,10,false,,0.09353759770431569,0.26093591334568367,0.17003036996543092,15,16,2.2249999999999943,19.0,0.7617543859649123,0.0,0.2976,30,2055,0.1,0.25,45
30,15,false,,0.13520572097745076,0.08576274099297657,-0.06167479989049504,7,3,1.0,28.0,0.3119047619047619,0.0,0.2706,30,2055,0.1,0.25,45
40,20,false,,0.10562090614940738,0.48487002851024635,0.3784883824089185,35,36,17.0,39.0,0.8932655654383735,0.0,0.2752,30,2055,0.1,0.25,45
50,25,false,,0.11826126951085213,0.13402708494577292,0.02811222287915184,33,46,3.0,49.0,0.5878619595398651,0.2641808806029353,0.264,30,2055,0.1,0.25,45
60,30,false,,0.12527971936659082,0.1281785522775955,0.0006630830850562833,32,4,2.0,58.0,0.5031397174254317,0.1271585557299843,0.238,30,2055,0.1,0.25,45
20,10,false,,0.17888447957557496,0.15390624035355785,-0.03288827778744313,9,5,1.0,19.0,0.43492063492063493,0.0,0.3266,31,2056,0.1,0.25,45
30,15,false,,0.137963166405905,0.4311303089109881,0.3142977053251379,25,26,5.0,29.0,0.7792250081406707,0.0,0.2642,31,2056,0.1,0.25,45
40,20,false,,0.15279621415030994,0.11336743839423923,-0.059974685879430806,15,5,1.0,38.0,0.2719707057256991,0.0,0.2414,31,2056,0.1,0.25,45
50,25,false,,0.16621557476120696,0.10804206814281514,-0.07124738656633763,11,4,1.0,46.0,0.2659727207465901,0.057071069633883705,0.2176,31,2056,0.1,0.25,45
60,30,false,,0.26920631705740417,0.11620361642143347,-0.15670567306009844,5,3,1.0,19.0,0.11682615629984051,0.0,0.17,31,2056,0.1,0.25,45
20,10,false,,0.13783487637658745,0.1147752405557745,-0.009486571239950753,6,1,1.0,19.0,0.4795880838543582,0.0,0.279,32,2057,0.1,0.25,45
30,15,true,,0.10653019575404549,0.24559998335250494,0.14037483486328747,24,25,6.0,29.0,0.7814661134163209,0.0,0.2968,32,2057,0.1,0.25,45
20,10,false,,0.07697763791259254,0.0992046173198498,0.03104085464662648,11,17,1.0,19.0,0.5812074829931972,0.0,0.2064,33,2058,0.1,0.25,45
30,15,false,,0.10541862994701297,0.11528654905036706,0.020543544444020435,16,18,1.0,29.0,0.5545816733067729,0.0,0.2752,33,2058,0.1,0.25,45
40,20,false,,0.1188294651186508,0.11431774392329724,-0.0035243584917625803,10,4,1.0,37.0,0.494,0.0,0.2752,33,2058,0.1,0.25,45
50,25,false,,0.11687932926620659,0.11914025594052387,0.004197715393693138,31,38,4.0,48.0,0.5146312914553258,0.166601638704643,0.2672,33,2058,0.1,0.25,45
60,30,false,,0.1390980550098634,0.10905984998780797,-0.032146785131400055,15,6,1.0,54.0,0.36795131845841783,0.03407707910750507,0.2562,33,2058,0.1,0.25,45
20,10,false,,0.1407172450107703,0.11232707813424335,-0.030971380993128322,7,1,1.0,19.0,0.4520255863539446,0.0,0.2552,34,2059,0.1,0.25,45
30,15,false,,0.12589973343649585,0.1407214699534662,0.04162363368073482,12,3,1.0,29.0,0.5902899056933287,0.0,0.2898,34,2059,0.1,0.25,45
40,20,false,,0.1282830539719633,0.12903627313924987,0.0056441285988639706,15,3,1.0,38.0,0.5162011173184358,0.0,0.2566,34,2059,0.1,0.25,45
50,25,false,,0.18361900325934336,0.11026438909078147,-0.07828763344900896,6,2,1.0,40.55000000000018,0.279243796770382,0.023631350925561245,0.2224,34,2059,0.1,0.25,45
60,30,true,,0.12495283654270473,0.41428400653129893,0.2842696841772618,52,54,34.0,59.0,0.9308839578028374,0.19679883594034195,0.225,34,2059,0.1,0.25,45
20,10,false,,0.11893912696509375,0.12814740988493378,0.018757304666963827,11,15,1.0,19.0,0.5407051282051282,0.0,0.3086,35,2060,0.1,0.25,45
30,15,false,,0.172545054181272,0.0964815738884553,-0.08994311646771065,7,1,1.0,28.15000000000009,0.3406060606060606,0.0,0.24,35,2060,0.1,0.25,45
40,20,false,,0.25481931471100044,0.1069091245274616,-0.16897142237608043,5,2,1.0,38.0,0.3410981697171381,0.0,0.237,35,2060,0.1,0.25,45
50,25,true,,0.11206815904394991,0.3633287526449952,0.2519602427448857,42,47,21.425000000000004,49.0,0.8665581773799838,0.4825061025223759,0.248,35,2060,0.1,0.25,45
20,10,false,,0.10184589970251767,0.13706816985467096,0.057728377262019806,12,16,1.0,19.0,0.592959295929593,0.0,0.2806,36,2061,0.1,0.25,45
30,15,false,,0.09798208290007199,0.298785979339119,0.20858617742239013,25,27,3.0,29.0,0.7513057452792286,0.0,0.2504,36,2061,0.1,0.25,45
40,20,true,,0.10724507110650429,0.24304386981902645,0.13133614542565264,31,34,4.075000000000003,39.0,0.7187004754358162,0.0,0.2894,36,2061,0.1,0.25,45
20,10,false,,0.12500238606497457,0.5053909172590557,0.3838384609125083,16,17,2.0,19.0,0.8591877496671105,0.0,0.2956,37,2062,0.1,0.25,45
30,15,false,,0.128175991098601,0.2010743413809575,0.0985890608618135,22,26,2.0,29.0,0.6314878892733564,0.0,0.2744,37,2062,0.1,0.25,45
40,20,false,,0.12226619020695469,0.11678129362966273,-0.0021773137448088953,12,10,2.0,39.0,0.48942598187311176,0.0,0.2636,37,2062,0.1,0.25,45
50,25,false,,0.1295647192899198,0.11968730525040062,-0.01782192683571747,32,46,1.0,49.0,0.4573024740622506,0.2825219473264166,0.2504,37,2062,0.1,0.25,45
60,30,false,,0.12251997182218846,0.18575946366899168,0.07872181272161843,43,57,2.0,59.0,0.6517973148549155,0.11779991338241663,0.1706,37,2062,0.1,0.25,45
20,10,false,,0.3186183001507075,0.06061099371630691,-0.27264549238731883,3,1,1.0,18.0,0.19308855291576674,0.0,0.1692,38,2063,0.1,0.25,45
30,15,false,,0.07272947632699343,0.5460980904286349,0.46761878246912014,25,26,16.0,29.0,0.884990253411306,0.0,0.16,38,2063,0.1,0.25,45
40,20,false,,0.10793108148169381,0.17410486259100527,0.06993340590743555,27,28,4.0,39.0,0.6713419257012888,0.0,0.3002,38,2063,0.1,0.25,45
50,25,false,,0.35863381486854873,0.09903950638034285,-0.25562618699229905,4,2,1.0,43.0,0.17765168048886948,0.02968136185072021,0.2288,38,2063,0.1,0.25,45
60,30,false,,0.7170470867376288,0.10610775937237021,-0.6085199299784143,3,1,1.0,8.0,0.03905765654060756,0.0,0.1002,38,2063,0.1,0.25,45
20,10,false,,0.175411319791481,0.09013981994865587,-0.10231573918276066,5,1,1.0,19.0,0.2896233120113717,0.0,0.2694,39,2064,0.1,0.25,45
30,15,false,,0.10504096694561679,0.14160995820618064,0.04410948695437268,17,26,2.0,29.0,0.6491103202846975,0.0,0.3128,39,2064,0.1,0.25,45
40,20,true,,0.11188078507505211,0.273129027239143,0.16189381634893502,33,37,5.0,39.0,0.7639612807148176,0.0,0.2868,39,2064,0.1,0.25,45
20,10,false,,0.12887455897742267,0.31088706118055953,0.19638890005576642,15,16,2.0,19.0,0.6835607537361923,0.0,0.2932,40,2065,0.1,0.25,45
30,15,false,,0.12234402186601322,0.15627490066357755,0.06127376084217068,20,27,1.0,29.0,0.6254095376774663,0.0,0.2648,40,2065,0.1,0.25,45
40,20,false,,0.1276234825230218,0.14370391730848256,0.031093759964209558,29,37,1.0,39.0,0.5567086730911787,0.0,0.2332,40,2065,0.1,0.25,45
50,25,false,,0.12815369343635255,0.12640231867315696,0.0005672879913566492,27,15,3.0,48.0,0.5042583392476934,0.16394606103619588,0.2454,40,2065,0.1,0.25,45
60,30,true,,0.12477581529294762,0.22407645824687647,0.108531972006016,40,36,25.0,54.0,0.8435374149659864,0.22874149659863946,0.0822,40,2065,0.1,0.25,45
20,10,false,,0.15619204620588228,0.08761005909430782,-0.10005672520726676,6,1,1.0,19.0,0.3334583645911478,0.0,0.247,41,2066,0.1,0.25,45
30,15,false,,0.10733153978027238,0.16058678819284514,0.06454819298175565,22,27,3.0,29.0,0.6664270309130123,0.0,0.2744,41,2066,0.1,0.25,45
40,20,false,,0.13613982460274646,0.10502215677585486,-0.038998594825400607,13,2,1.0,37.0,0.4007604562737643,0.0,0.2774,41,2066,0.1,0.25,45
50,25,false,,0.19229723423621953,0.10695495435387324,-0.08488248729514611,7,3,1.0,48.0,0.3651315789473684,0.11060855263157894,0.241,41,2066,0.1,0.25,45
60,30,false,,0.13581506125913645,0.12586378523537428,-0.011913940215389551,11,3,1.0,51.47499999999991,0.46498719043552517,0.019214346712211786,0.1582,41,2066,0.1,0.25,45
20,10,false,,0.0898281423428045,0.09991135796853234,0.021301119383735877,10,10,1.0,19.0,0.5642135642135642,0.0,0.2852,42,2067,0.1,0.25,45
30,15,false,,0.10620816820040685,0.13745318389441208,0.03558304291421255,18,26,1.0,28.0,0.6079759217456734,0.0,0.2858,42,2067,0.1,0.25,45
40,20,false,,0.7418651660501158,0.09179150280835517,-0.6467988787961763,3,1,1.0,15.25,0.06454504706409682,0.0,0.1894,42,2067,0.1,0.25,45
50,25,true,,0.11053884282963876,0.26327876086380037,0.15149668931537102,42,44,25.0,49.0,0.7989524576954069,0.4951651893634166,0.2614,42,2067,0.1,0.25,45
20,10,false,,0.1270078517346127,0.09853107784653083,-0.02162529386450404,9,4,1.0,19.0,0.43594707970313007,0.0,0.3002,43,2068,0.1,0.25,45
30,15,false,,0.23546099380673585,0.10360508606589075,-0.1315571199358352,5,3,1.0,25.0,0.3005181347150259,0.0,0.2652,43,2068,0.1,0.25,45
40,20,false,,0.12028726462728495,0.16665196184598519,0.07340895752602059,22,36,2.0,39.0,0.6447678992918962,0.0,0.2616,43,2068,0.1,0.25,45
50,25,false,,0.11787480257021468,0.15335289323070378,0.04330860072432229,37,47,11.0,49.0,0.6212672978878369,0.2909686817188638,0.2578,43,2068,0.1,0.25,45
60,30,false,,0.20391453604225415,0.12558226518869506,-0.07880294594713433,5,2,1.0,26.0,0.32901706886403764,0.0,0.1044,43,2068,0.1,0.25,45
20,10,false,,0.1368939008436593,0.15047564497388194,0.025156489067434527,10,1,1.0,19.0,0.5254237288135594,0.0,0.2304,44,2069,0.1,0.25,45
30,15,false,,0.12688945960961884,0.14003594119719787,0.02073836058405787,16,26,1.0,29.0,0.5706874189364461,0.0,0.3058,44,2069,0.1,0.25,45
40,20,false,,0.1221625712944291,0.6418899684932797,0.5180495034930911,35,36,23.0,39.0,0.8821107784431138,0.0,0.2534,44,2069,0.1,0.25,45
50,25,false,,0.1969473797208348,0.10668097113220036,-0.09958024707769667,6,3,1.0,25.0,0.17733598409542745,0.0,0.1936,44,2069,0.1,0.25,45
60,30,false,,0.19279769013693263,0.11247875979258315,-0.08031893034434948,8,4,1.0,29.0,0.22855029585798817,0.0,0.0854,44,2069,0.1,0.25,45
20,10,false,,0.07676825986100257,0.34317109041619515,0.2522889721417544,15,16,2.0,19.0,0.8496411031356252,0.0,0.2822,45,2070,0.1,0.25,45
30,15,false,,0.40153213797461335,0.08660107314151969,-0.32331987689284236,3,1,1.0,26.0,0.1987152034261242,0.0,0.2316,45,2070,0.1,0.25,45
40,20,false,,0.12897581947256972,0.12433468954559339,0.01660691176292338,16,1,1.0,39.0,0.5304600082884376,0.0,0.2282,45,2070,0.1,0.25,45
50,25,false,,0.1351508572992722,0.10064063354069738,-0.061151681732006746,27,2,1.0,48.0,0.35711081202332884,0.14042171377299237,0.1936,45,2070,0.1,0.25,45
60,30,false,,0.1166538933937638,0.13493809001341467,0.023297970649960364,45,52,17.0,58.0,0.5890952192809167,0.20189648360331885,0.266,45,2070,0.1,0.25,45
20,10,false,,0.1267219111066416,0.20919209237558828,0.09593540978735485,14,15,2.0,19.0,0.6512868801004394,0.0,0.3144,46,2071,0.1,0.25,45
30,15,false,,0.12338904379149944,0.17018997996294438,0.06579325176237766,23,25,2.0,29.0,0.6034366576819407,0.0,0.2812,46,2071,0.1,0.25,45
40,20,false,,0.12768237828086934,0.11316043559170229,-0.009525775043136897,17,38,1.0,39.0,0.4662215239591516,0.0,0.2264,46,2071,0.1,0.25,45
50,25,false,,0.170023898066486,0.09194283867596405,-0.07632548286329571,7,3,1.0,45.0,0.24043478260869566,0.04043478260869565,0.2012,46,2071,0.1,0.25,45
60,30,false,,0.1290992568859852,0.12402841254574946,0.0019668180932655432,27,2,1.0,58.0,0.5079936051159073,0.12390087929656275,0.2276,46,2071,0.1,0.25,45
20,10,false,,0.12784644532256217,0.4986641594494328,0.36808448838489644,15,18,1.0,19.0,0.7207145310889729,0.0,0.2924,47,2072,0.1,0.25,45
30,15,false,,0.15018945346448942,0.10950580014312442,-0.06310725582316698,10,3,1.0,29.0,0.3458697112155809,0.0,0.2756,47,2072,0.1,0.25,45
40,20,false,,0.11817693098813103,0.1395386685270792,0.03381276806206432,32,36,6.0,39.0,0.5681731864793012,0.0,0.2298,47,2072,0.1,0.25,45
50,25,false,,0.12127153469539402,0.12211355691013467,0.009939086777074405,26,24,5.0,48.0,0.5408502772643253,0.15120147874306838,0.2506,47,2072,0.1,0.25,45
60,30,true,,0.1269208285383947,0.2580188589429363,0.13650261037072314,48,48,22.0,58.0,0.8643895840378762,0.2769699019276294,0.2102,47,2072,0.1,0.25,45
20,10,false,,0.13909873015656046,0.34005798077542265,0.21815376539007492,15,16,2.0,19.0,0.6896024464831805,0.0,0.2996,48,2073,0.1,0.25,45
30,15,true,,0.13587471658427497,0.26167026053096964,0.14113181302360422,22,26,2.0,29.0,0.7735849056603774,0.0,0.2626,48,2073,0.1,0.25,45
20,10,true,,0.11893026316850885,0.21169157801346478,0.12336768301706483,12,16,2.0,19.0,0.7485011044493531,0.0,0.3238,49,2074,0.1,0.25,45
20,10,false,,0.11497421847559536,0.14263579880482397,0.03914385479269498,13,16,1.0,19.0,0.5964195979899497,0.0,0.3056,50,2075,0.1,0.25,45
30,15,false,,0.12225341697073851,0.12066794207657956,-0.0030908458433101527,18,26,2.0,29.0,0.49536560247167866,0.0,0.2818,50,2075,0.1,0.25,45
40,20,false,,0.2135804684681016,0.09575783221519191,-0.1412725698940481,5,1,1.0,36.0,0.21283643892339543,0.0,0.228,50,2075,0.1,0.25,45
50,25,false,,0.1589303883796236,0.10358924085656931,-0.06981992737304896,12,4,1.0,46.0,0.29604743083003954,0.059683794466403164,0.2652,50,2075,0.1,0.25,45
60,30,false,,0.12228831962917067,0.14039709397492803,0.04002860775574249,22,54,2.0,58.0,0.6322693484914735,0.05378224748578924,0.1884,50,2075,0.1,0.25,45
20,10,true,,0.10548753524866139,0.32094162089288225,0.2346277282363913,13,15,1.0,19.0,0.7672471533824514,0.0,0.2918,51,2076,0.1,0.25,45
20,10,false,,0.10468022936470273,0.12419820620497465,0.022587278451119464,10,8,2.0,19.0,0.5554448871181938,0.0,0.2994,52,2077,0.1,0.25,45
30,15,true,,0.11073573831317196,0.22060576873495386,0.1250468195174709,20,26,3.0,29.0,0.7517146776406035,0.0,0.2972,52,2077,0.1,0.25,45
20,10,false,,0.08642427987913504,0.0702670124572213,0.0006161662176258353,9,1,1.0,19.0,0.5053554040895814,0.0,0.1554,53,2078,0.1,0.25,45
30,15,false,,0.07845071714395824,0.0736502320942869,-0.00012181310639728521,7,2,1.0,28.225000000000136,0.4925799086757991,0.0,0.1094,53,2078,0.1,0.25,45
40,20,false,,0.2760716629624684,0.06667543713230804,-0.21615103361252078,3,1,1.0,35.0,0.3927536231884058,0.0,0.0408,53,2078,0.1,0.25,45
50,25,false,,0.0814266897453624,0.07958686683572264,-0.007131688584164242,8,4,1.0,18.0,0.48538409245411285,0.0,0.053,53,2078,0.1,0.25,45
60,30,false,,0.07903877694150897,0.08996730725600013,0.010043239889229692,24,23,14.0,43.0,0.6138448707256047,0.03919933277731443,0.0346,53,2078,0.1,0.25,45
20,10,true,,0.10013791447994128,0.22165314331704833,0.13879920561767392,14,16,2.0,19.0,0.7560810810810811,0.0,0.3092,54,2079,0.1,0.25,45
20,10,false,,0.19526627621169187,0.09719845526141412,-0.11028374837668908,5,1,1.0,18.0,0.2433931484502447,0.0,0.2826,55,2080,0.1,0.25,45
30,15,false,,0.10499999727111482,0.16860769056507505,0.06217805759520391,24,26,7.0,29.0,0.6407695153533112,0.0,0.2734,55,2080,0.1,0.25,45
40,20,false,,0.1193666720244981,0.11583789169218076,-8.209980741993861e-5,27,35,1.0,38.0,0.4986397201710066,0.0,0.2628,55,2080,0.1,0.25,45
50,25,true,,0.10467408513885905,0.4896873542554079,0.3745885492875185,42,45,13.0,49.0,0.8367258553486357,0.516240796881767,0.2156,55,2080,0.1,0.25,45
20,10,true,,0.09822444605821394,0.2727925842522182,0.19452886915933343,14,17,2.0,19.0,0.7374872318692544,0.0,0.3052,56,2081,0.1,0.25,45
20,10,false,,0.10725229385419471,0.12305823719765534,0.021959697609740675,9,1,1.0,19.0,0.5275619681834998,0.0,0.2798,57,2082,0.1,0.25,45
30,15,false,,0.10379830663271326,0.18061056420327928,0.08353208049035082,20,25,1.0,29.0,0.6704161979752531,0.0,0.2884,57,2082,0.1,0.25,45
40,20,false,,0.10795615454994403,0.1969616847005823,0.09881208525707641,31,36,2.0,39.0,0.6952,0.0,0.2786,57,2082,0.1,0.25,45
50,25,false,,0.3333524899885604,0.10173380972745713,-0.24056619193779202,5,2,1.0,29.0,0.21003795866722902,0.0,0.2326,57,2082,0.1,0.25,45
60,30,true,,0.1167555411199369,0.3814626537166998,0.259674654202233,51,52,29.0,58.80000000000018,0.9256323140807852,0.20196300490751226,0.2464,57,2082,0.1,0.25,45
20,10,false,,0.6997589504257808,0.0407076202612742,-0.6634493166480622,1,1,1.0,4.0,0.01157830591102986,0.0,0.0986,58,2083,0.1,0.25,45
30,15,false,,0.08258449875709627,0.1160932017430862,0.040668553556983955,14,2,1.0,29.0,0.5977011494252874,0.0,0.1564,58,2083,0.1,0.25,45
40,20,true,,0.06424670206609087,0.16416469564312053,0.0900183976521111,30,29,21.0,39.0,0.8167281672816729,0.0,0.078,58,2083,0.1,0.25,45
20,10,false,,0.09928737777809689,0.5482718568282685,0.44680325986798863,15,16,3.0,19.0,0.849290780141844,0.0,0.2854,59,2084,0.1,0.25,45
30,15,false,,0.10390749821380475,0.5353312695802034,0.4283386620186977,25,25,12.0,29.0,0.9162616822429906,0.0,0.2834,59,2084,0.1,0.25,45
40,20,true,,0.10826386319036849,0.4628735584097291,0.35017628787052946,33,36,3.0,39.0,0.7650978758850479,0.0,0.2382,59,2084,0.1,0.25,45
20,10,false,,0.09260693795580503,0.4050944119348184,0.32108197145127226,15,16,2.0,19.0,0.8166029871483154,0.0,0.2864,60,2085,0.1,0.25,45
30,15,false,,0.14378145054831334,0.07743684161863579,-0.07324398989001227,5,2,1.0,19.0,0.32164282418089524,0.0,0.1952,60,2085,0.1,0.25,45
40,20,true,,0.10590234907689836,0.5579344689487791,0.45128101491314115,34,34,20.0,39.0,0.8692120227457352,0.0,0.2638,60,2085,0.1,0.25,45
20,10,false,,0.08665309277489189,0.4847864994657772,0.39617030437652323,16,16,2.549999999999997,19.0,0.9198706431908013,0.0,0.2956,61,2086,0.1,0.25,45
30,15,false,,0.1064209812000878,0.10864414931105591,0.0019824991856501745,17,6,1.0,29.0,0.5049741345005969,0.0,0.2504,61,2086,0.1,0.25,45
40,20,false,,0.09644166027140914,0.12089224515873481,0.03236115781173937,25,36,2.0,38.0,0.5819337267362688,0.0,0.1974,61,2086,0.1,0.25,45
50,25,true,,0.09921409577646659,0.20003992680341467,0.10619023849726587,42,43,16.450000000000003,49.0,0.7405329593267882,0.4731182795698925,0.15,61,2086,0.1,0.25,45
20,10,false,,0.07191591300814056,0.293160948667567,0.21622010184214974,15,15,4.0,19.0,0.8393801965230536,0.0,0.248,62,2087,0.1,0.25,45
30,15,false,,0.10242520418715492,0.11814982691553233,0.020287165237952667,18,22,2.0,28.0,0.5700612557427259,0.0,0.267,62,2087,0.1,0.25,45
40,20,false,,0.11316098690469828,0.1581433997501937,0.06148786032975943,30,38,3.0,39.0,0.6049023680930619,0.0,0.2754,62,2087,0.1,0.25,45
50,25,true,,0.1148776246638129,0.20424579143978602,0.09511946145737568,37,46,3.0,49.0,0.7151664611590629,0.35347307850390464,0.266,62,2087,0.1,0.25,45
20,10,false,,0.14140680207172268,0.07498947355625425,-0.0844215728899251,5,3,1.0,17.0,0.2906891495601173,0.0,0.257,63,2088,0.1,0.25,45
30,15,true,,0.10154594847405832,0.2125900617239731,0.11235606247888721,24,27,5.0,29.0,0.7050037341299478,0.0,0.2514,63,2088,0.1,0.25,45
20,10,false,,0.11859951699418908,0.16426821234058372,0.04532532320020713,10,11,1.0,19.0,0.6563467492260062,0.0,0.3226,64,2089,0.1,0.25,45
30,15,false,,0.11010617791234273,0.43834361189448917,0.3247241555415248,25,26,3.0,29.0,0.809489575844716,0.0,0.2852,64,2089,0.1,0.25,45
40,20,false,,0.13553346757860577,0.11183692606782521,-0.04553462523403373,22,1,1.0,39.0,0.3948481353325644,0.0,0.2252,64,2089,0.1,0.25,45
50,25,true,,0.11424114777788516,0.3114361444760244,0.1921065957137394,43,45,19.0,49.0,0.7270962732919255,0.5275621118012422,0.2486,64,2089,0.1,0.25,45
20,10,true,,0.12502300437555514,0.23293572878006932,0.11852760932335742,14,16,2.0,19.0,0.7312830071450761,0.0,0.3038,65,2090,0.1,0.25,45
20,10,true,,0.07803682467456641,0.3522663328501476,0.2698419750249056,14,15,3.0,19.0,0.8908629441624365,0.0,0.2876,66,2091,0.1,0.25,45
20,10,false,,0.1037840447033079,0.14089397398050582,0.05182202460953325,11,16,1.0,19.0,0.5788727401630628,0.0,0.291,67,2092,0.1,0.25,45
30,15,false,,0.1625730725352911,0.07982449971821891,-0.11141615844480554,7,1,1.0,28.0,0.3182616330114135,0.0,0.1814,67,2092,0.1,0.25,45
40,20,false,,0.0872418723152742,0.6086290691364542,0.5145236731183022,35,36,20.0,39.0,0.9630856601987695,0.0,0.1686,67,2092,0.1,0.25,45
50,25,false,,0.14936929859082695,0.08176222791211593,-0.0749019874783025,7,4,1.0,34.0,0.2394736842105263,0.0,0.123,67,2092,0.1,0.25,45
60,30,true,,0.09085274718548494,0.22013558911636452,0.1340260898779289,52,54,41.0,58.0,0.7403846153846154,0.1673076923076923,0.106,67,2092,0.1,0.25,45
20,10,false,,0.10299876065848199,0.19268179896228435,0.1013272209327289,13,16,1.0,19.0,0.6817110138093634,0.0,0.3004,68,2093,0.1,0.25,45
30,15,false,,0.5187731144753263,0.10270082775534586,-0.42957340456698434,3,1,1.0,27.0,0.26753670473083196,0.0,0.223,68,2093,0.1,0.25,45
40,20,false,,0.1953628298147789,0.09728976377671146,-0.1004654355842164,5,1,1.0,28.0,0.2553542009884679,0.0,0.2338,68,2093,0.1,0.25,45
50,25,false,,0.1324375319610802,0.1200378732153012,-0.008648669082432114,14,5,1.0,49.0,0.4767716535433071,0.25,0.2624,68,2093,0.1,0.25,45
60,30,false,,0.27339097039972204,0.11158286258714221,-0.167850028802782,6,2,1.0,37.0,0.23804627249357327,0.008740359897172237,0.1258,68,2093,0.1,0.25,45
20,10,true,,0.07642014806722192,0.46848584832970436,0.39729351174530514,14,16,2.0,19.0,0.8604818410643653,0.0,0.3006,69,2094,0.1,0.25,45
20,10,false,,0.16069569161687922,0.1765644870585002,0.03995910332828038,11,17,1.0,19.0,0.5665456745311555,0.0,0.2958,70,2095,0.1,0.25,45
30,15,false,,0.16439096116515042,0.12359420205972513,-0.05285229368907393,12,2,1.0,28.0,0.31864815932407964,0.0,0.2838,70,2095,0.1,0.25,45
40,20,false,,0.15236598668736107,0.11681654176646088,-0.045969434886704824,13,11,2.0,37.0,0.3192534381139489,0.0,0.2536,70,2095,0.1,0.25,45
50,25,false,,0.4367154250047555,0.10379429275420173,-0.3383119320095333,5,2,1.0,47.22499999999991,0.16065830721003135,0.14067398119122257,0.1618,70,2095,0.1,0.25,45
60,30,true,,0.13393556629332873,0.20497176164670036,0.09535936203089303,46,51,3.0,58.0,0.7550681289464939,0.18245264207377868,0.2264,70,2095,0.1,0.25,45
20,10,false,,0.10498654592684517,0.39033965676841775,0.29041996051235064,15,16,2.0,19.0,0.8194630872483222,0.0,0.2966,71,2096,0.1,0.25,45
30,15,false,,0.12006481280435388,0.1369515039162998,0.03030752919692524,19,27,1.0,29.0,0.5647948164146869,0.0,0.275,71,2096,0.1,0.25,45
40,20,false,,0.1510995484135183,0.11564543686206197,-0.04637448160577609,6,2,1.0,37.07499999999982,0.4025777103866566,0.0,0.2434,71,2096,0.1,0.25,45
50,25,false,,0.24624761695846376,0.10153256558187482,-0.1510044652638758,6,2,1.0,28.0,0.22868852459016392,0.0,0.2104,71,2096,0.1,0.25,45
60,30,false,,,,,,,,,,,0.0,71,2096,0.1,0.25,45
20,10,false,,0.08726176495722278,0.21256063646453693,0.1320879943111414,13,15,1.0,19.0,0.6711661042369704,0.0,0.2834,72,2097,0.1,0.25,45
30,15,false,,0.10992847024774458,0.15251513791532023,0.06374154479281469,16,25,1.0,28.0,0.5966892400300978,0.0,0.2928,72,2097,0.1,0.25,45
40,20,false,,0.12972496582459572,0.09736825815263679,-0.03996957536651223,16,3,1.0,37.0,0.3762945914844649,0.0,0.275,72,2097,0.1,0.25,45
50,25,true,,0.1095163166713749,0.16871355265388513,0.06518986367953963,33,43,6.0,48.0,0.702437106918239,0.24803459119496854,0.2882,72,2097,0.1,0.25,45
20,10,false,,0.07597831391610174,0.13045920279602738,0.06031399271732268,13,16,1.0,19.0,0.6099058534588621,0.0,0.1984,73,2098,0.1,0.25,45
30,15,false,,0.09838124246014415,0.13369115922366914,0.04078382493918868,15,12,2.0,29.0,0.607457898957498,0.0,0.2874,73,2098,0.1,0.25,45
40,20,true,,0.10350256157942658,0.2665536115343234,0.16021503271445625,33,36,4.0,39.0,0.7331660393140945,0.0,0.2492,73,2098,0.1,0.25,45
20,10,true,,0.07543802741541532,0.2370601804060468,0.16113471556541017,14,15,1.0,19.0,0.7240726722180166,0.0,0.268,74,2099,0.1,0.25,45
20,10,false,,0.20346462181492064,0.09004888745833597,-0.13019249920838816,7,4,1.0,19.0,0.2516050137572608,0.0,0.2822,75,2100,0.1,0.25,45
30,15,false,,0.13669706489292,0.14511572666251432,0.02487766946539388,15,24,1.0,28.0,0.5369872225958305,0.0,0.2846,75,2100,0.1,0.25,45
40,20,false,,0.1265160164478841,0.24986127000640834,0.12920270379080606,31,36,2.0,39.0,0.6933760683760684,0.0,0.2558,75,2100,0.1,0.25,45
50,25,false,,0.1343572303895169,0.1174160832572538,-0.02703352599391226,19,8,2.0,49.0,0.3986558188892819,0.14715245843650512,0.2406,75,2100,0.1,0.25,45
60,30,true,,0.1325280772461066,0.7537180338568266,0.622176708232872,53,53,39.0,59.0,0.9091580502215657,0.10930576070901034,0.1888,75,2100,0.1,0.25,45
20,10,false,,0.1833079808930516,0.13330233679236606,-0.07764533885466517,6,1,1.0,17.0,0.3229265216020183,0.0,0.2926,76,2101,0.1,0.25,45
30,15,false,,0.14482310876689564,0.10805688100389861,-0.05587847326113286,10,4,1.0,28.0,0.3591713999331774,0.0,0.2824,76,2101,0.1,0.25,45
40,20,false,,0.14776215334611248,0.11529453233190934,-0.04479700152991231,11,7,2.0,38.0,0.36015063334474495,0.0,0.2582,76,2101,0.1,0.25,45
50,25,false,,0.16135712446450215,0.10238059842233098,-0.05018262436553865,11,3,2.0,48.0,0.3615751789976134,0.09745425616547335,0.225,76,2101,0.1,0.25,45
60,30,true,,0.12085058902313474,0.4990935813766483,0.37027682379104654,54,56,38.0,59.0,0.8786351298953082,0.11244668476153548,0.1874,76,2101,0.1,0.25,45
20,10,true,,0.09175572005694417,0.23187112058606998,0.16032687848223015,14,15,1.0,19.0,0.7230496453900709,0.0,0.2936,77,2102,0.1,0.25,45
20,10,false,,0.10439083839887843,0.09307746593591386,-0.019942981447617913,10,15,1.0,19.0,0.4484699261343651,0.0,0.286,78,2103,0.1,0.25,45
30,15,true,,0.09706058899723781,0.3261196156222479,0.2353363881591033,24,27,3.0,29.0,0.8023070803500397,0.0,0.2802,78,2103,0.1,0.25,45
20,10,true,,0.07155309991621693,0.22250554513053689,0.1637993346269789,13,17,1.0,19.0,0.7778628877824588,0.0,0.2756,79,2104,0.1,0.25,45
20,10,false,,0.17403130027320682,0.09662576151346858,-0.09128926209255704,6,2,1.0,19.0,0.2770764119601329,0.0,0.2768,80,2105,0.1,0.25,45
30,15,false,,0.11808286683223844,0.12101293811713337,0.0007985244063094254,16,22,2.0,28.0,0.5060687795010115,0.0,0.285,80,2105,0.1,0.25,45
40,20,false,,0.11674638732406296,0.12805761058168796,0.018746877789313304,25,36,2.0,39.0,0.5470343785417454,0.0,0.2468,80,2105,0.1,0.25,45
50,25,false,,0.1443541822780629,0.11700791852858625,-0.020370868535496536,13,2,1.0,48.0,0.45112490302560126,0.25989138867339023,0.2414,80,2105,0.1,0.25,45
60,30,true,,0.12146941650529847,0.1888341440202473,0.07246024917589386,47,55,16.0,59.0,0.7408231368186874,0.13681868743047831,0.2284,80,2105,0.1,0.25,45
20,10,false,,0.21539514751714875,0.08539581356726968,-0.13316163967930994,4,2,1.0,17.0,0.26956221992416407,0.0,0.2576,81,2106,0.1,0.25,45
30,15,false,,0.12358621357018844,0.16601066585470525,0.07827990219862524,19,26,1.0,29.0,0.5889955686853766,0.0,0.2636,81,2106,0.1,0.25,45
40,20,false,,0.11971343741375495,0.5536530551121226,0.4424129871958269,35,36,4.0,39.0,0.8381614522981846,0.0,0.241,81,2106,0.1,0.25,45
50,25,true,,0.1171545806062469,0.23152919498649244,0.12012270282273527,43,45,28.0,49.0,0.7249141549027089,0.5616177031667302,0.2304,81,2106,0.1,0.25,45
20,10,false,,0.13978829500654633,0.10303361055206722,-0.052805656928871736,7,1,1.0,18.0,0.3855140186915888,0.0,0.2942,82,2107,0.1,0.25,45
30,15,false,,0.5631878346493376,0.08678457949114743,-0.4752667037920133,3,1,1.0,27.0,0.15237672145713016,0.0,0.1916,82,2107,0.1,0.25,45
40,20,false,,0.1798691761084097,0.103553331081149,-0.09100691859445441,7,3,1.0,37.0,0.3019230769230769,0.0,0.2332,82,2107,0.1,0.25,45
50,25,true,,0.11430823983055394,0.23307051465106748,0.11979148544118148,42,46,19.0,49.0,0.7443339960238569,0.46163021868787274,0.2596,82,2107,0.1,0.25,45
20,10,false,,0.2885347598638491,0.11651798276792025,-0.19176622236739116,5,2,1.0,19.0,0.26192031352057477,0.0,0.265,83,2108,0.1,0.25,45
30,15,false,,0.15701339726185226,0.14505626031611707,-0.00019413845879018288,11,3,1.0,29.0,0.49937067337948393,0.0,0.2688,83,2108,0.1,0.25,45
40,20,false,,0.13535515368473608,0.4124198097609627,0.28126965767578016,35,36,4.0,39.0,0.7062283737024222,0.0,0.2206,83,2108,0.1,0.25,45
50,25,false,,0.15371553965652307,0.11537585159599521,-0.06688496219728338,13,4,1.0,48.0,0.21207177814029363,0.1200652528548124,0.222,83,2108,0.1,0.25,45
60,30,true,,0.13708477782458137,0.3705401036849949,0.2365082180653834,52,53,34.0,59.0,0.8936309914642153,0.18647406434668418,0.1854,83,2108,0.1,0.25,45
20,10,false,,0.07646900722304478,0.617256922661064,0.5397595028473001,16,16,8.0,19.0,0.9699687987519501,0.0,0.2806,84,2109,0.1,0.25,45
30,15,false,,0.10693896685129618,0.13012597115216074,0.03299559126012372,16,27,1.0,29.0,0.5741857659831122,0.0,0.2718,84,2109,0.1,0.25,45
40,20,false,,0.09677799249982785,0.12502061422451802,0.03229749823593751,29,30,9.0,39.0,0.609375,0.0,0.2276,84,2109,0.1,0.25,45
50,25,false,,0.09945143935676562,0.10592276163847948,0.0036415708765102223,31,45,14.0,48.0,0.5069316081330869,0.20841035120147874,0.1666,84,2109,0.1,0.25,45
60,30,false,,0.15605901857242752,0.08726202722963543,-0.0713761541884421,10,3,2.0,36.0,0.2560446373217607,0.0,0.081,84,2109,0.1,0.25,45
20,10,false,,0.0749408320714072,0.5282852140103769,0.44015179665912185,16,17,8.0,19.0,0.9313840155945419,0.0,0.266,85,2110,0.1,0.25,45
30,15,true,,0.10975876514889522,0.21620519452706188,0.119027182036941,18,24,1.0,29.0,0.72359470103831,0.0,0.2736,85,2110,0.1,0.25,45
20,10,false,,0.08376367756624428,0.14278401675313773,0.06398629008216869,13,16,1.0,19.0,0.6569531538177794,0.0,0.2568,86,2111,0.1,0.25,45
30,15,false,,0.10214879630147415,0.15990397201414308,0.07244708798081403,17,26,2.0,29.0,0.6765384615384615,0.0,0.3066,86,2111,0.1,0.25,45
40,20,true,,0.10869853450786021,0.2380411998094578,0.14871786023018688,25,36,2.0,38.0,0.7373965387509406,0.0,0.2942,86,2111,0.1,0.25,45
20,10,false,,0.22317989047177622,0.11905754945255971,-0.1184385994524215,5,1,1.0,19.0,0.38057103064066855,0.0,0.2768,87,2112,0.1,0.25,45
30,15,false,,0.10839674231060033,0.13590998131714832,0.03478971713157169,20,26,3.0,29.0,0.582314881380302,0.0,0.3086,87,2112,0.1,0.25,45
40,20,false,,0.10714861534499333,0.43058860758382933,0.31421989460153965,35,35,23.0,39.0,0.8921212121212121,0.0,0.252,87,2112,0.1,0.25,45
50,25,false,,0.12276204310852665,0.11300752115680901,-0.00818796435596493,19,19,2.0,48.0,0.46946713341112406,0.09568261376896149,0.268,87,2112,0.1,0.25,45
60,30,false,,0.12348542047437305,0.16029476320280925,0.053115095524097405,42,4,1.0,59.0,0.6268311488049345,0.12490362374710871,0.2378,87,2112,0.1,0.25,45
20,10,false,,0.1338114019985674,0.6940324118389504,0.5743448432233897,16,16,5.0,19.0,0.9103989535644212,0.0,0.2786,88,2113,0.1,0.25,45
30,15,false,,0.32390643497700955,0.12637170086652336,-0.20544176947802925,4,1,1.0,28.0,0.2936789772727273,0.0,0.2112,88,2113,0.1,0.25,45
40,20,false,,0.15421755915605043,0.11126161769180062,-0.0665383747242664,16,4,1.0,38.0,0.29523809523809524,0.0,0.2382,88,2113,0.1,0.25,45
50,25,false,,0.11852206782876885,0.2096825409600283,0.08777593549133994,44,46,26.0,49.0,0.6444866920152091,0.6220532319391635,0.216,88,2113,0.1,0.25,45
60,30,false,,0.1625237593233166,0.12705869582231308,-0.03968513812929958,8,6,1.0,22.0,0.3613476490188819,0.0,0.1914,88,2113,0.1,0.25,45
20,10,false,,0.13468614920631036,0.20136052494679557,0.0919551089747036,11,16,1.0,19.0,0.6543327008222644,0.0,0.305,89,2114,0.1,0.25,45
30,15,false,,0.12540381798003658,0.12202254806888556,-0.0027942489355450434,19,26,3.0,28.824999999999818,0.48657289002557547,0.0,0.2938,89,2114,0.1,0.25,45
40,20,false,,0.1171492903982763,0.5759514219043557,0.45879480074236406,35,37,8.0,39.0,0.8604992657856094,0.0,0.2392,89,2114,0.1,0.25,45
50,25,false,,0.1303668208076133,0.13647603397522756,0.020252534887787277,39,43,1.0,49.0,0.5437665782493368,0.3861311102690413,0.212,89,2114,0.1,0.25,45
60,30,true,,0.13214438362092923,0.2528411952555857,0.12645938815132293,47,51,26.0,58.0,0.8180610889774237,0.2410358565737052,0.2372,89,2114,0.1,0.25,45
20,10,false,,0.16946459754696508,0.08695105600503973,-0.08842273042865512,7,4,1.0,19.0,0.2762594665788607,0.0,0.3018,90,2115,0.1,0.25,45
30,15,false,,0.1419612580554323,0.11164818224310316,-0.03218611463760444,10,1,1.0,29.0,0.4708502024291498,0.0,0.2464,90,2115,0.1,0.25,45
40,20,false,,0.1166007928408025,0.11906177039268201,0.000650103817215586,28,35,3.0,39.0,0.5007434944237918,0.0,0.265,90,2115,0.1,0.25,45
50,25,false,,0.13139842707756005,0.11023145718600899,-0.022489602423274774,14,7,1.0,35.0,0.4126611957796014,0.01406799531066823,0.2486,90,2115,0.1,0.25,45
60,30,true,,0.1231608521206696,0.36607046551099653,0.2458282808785625,53,53,39.0,59.0,0.8790204678362573,0.14108187134502925,0.2298,90,2115,0.1,0.25,45
20,10,false,,0.1157643724997887,0.1407331938907489,0.03524947808217335,9,1,1.0,19.0,0.5710196779964222,0.0,0.244,91,2116,0.1,0.25,45
30,15,false,,0.12106707716833205,0.14565299091678505,0.02937874022850301,17,1,1.0,29.0,0.5288348371910553,0.0,0.2524,91,2116,0.1,0.25,45
40,20,false,,0.10798902337202651,0.11270066441570237,0.008876204175382651,25,33,4.0,38.0,0.5326170376055257,0.0,0.253,91,2116,0.1,0.25,45
50,25,false,,0.3907523334127591,0.09476815638058378,-0.28751028618722907,4,1,1.0,43.0,0.12703296703296704,0.03428571428571429,0.225,91,2116,0.1,0.25,45
60,30,false,,0.803239859463843,0.0994818903193474,-0.6971340340058403,3,2,1.0,8.0,0.0,0.0,0.1474,91,2116,0.1,0.25,45
20,10,false,,0.12506384093885195,0.3794602523361419,0.2986034154407392,15,17,1.0,19.0,0.7009921313718782,0.0,0.267,92,2117,0.1,0.25,45
30,15,false,,0.12263575221029879,0.13889581099958828,0.04355524558128577,21,25,2.0,29.0,0.5785267546907574,0.0,0.2696,92,2117,0.1,0.25,45
40,20,false,,0.1116206344243841,0.48065604628740705,0.36643463423257183,35,35,6.0,39.0,0.8260533436412834,0.0,0.2478,92,2117,0.1,0.25,45
50,25,true,,0.1157166588446009,0.26609058908440103,0.15043265383199156,42,45,9.0,49.0,0.7614213197969543,0.4802811401796173,0.2476,92,2117,0.1,0.25,45
20,10,false,,0.12804998998962103,0.17181833192995852,0.05683258505799395,14,16,1.0,19.0,0.6186119873817034,0.0,0.323,93,2118,0.1,0.25,45
30,15,false,,0.11761801663804808,0.6760828601342507,0.5613266380270334,26,26,20.0,29.0,0.9771324863883848,0.0,0.2676,93,2118,0.1,0.25,45
40,20,false,,0.12355766488037014,0.628873705619892,0.5104641368956099,35,36,4.0,39.0,0.8720666161998486,0.0,0.25,93,2118,0.1,0.25,45
50,25,false,,0.14060674888813504,0.13056366198848335,-0.00987344542776808,25,2,1.0,48.0,0.48333333333333334,0.21185185185185185,0.2264,93,2118,0.1,0.25,45
60,30,true,,0.12856777526063753,0.22148376963096775,0.1129058877611046,39,47,2.0,58.0,0.8505516549648947,0.19558676028084251,0.221,93,2118,0.1,0.25,45
20,10,true,,0.10757102256265001,0.21382377845035733,0.12687677779977435,14,15,2.0,19.0,0.7194599934145538,0.0,0.3096,94,2119,0.1,0.25,45
20,10,false,,0.14707435661116847,0.06143700640021187,-0.08922647046475304,6,1,1.0,19.0,0.2563121652639633,0.0,0.228,95,2120,0.1,0.25,45
30,15,false,,0.10612621714781821,0.17695917046887805,0.0864723721537288,20,27,2.0,29.0,0.652450430228208,0.0,0.2642,95,2120,0.1,0.25,45
40,20,false,,0.13112847243349707,0.11456363991493468,-0.020229583315623093,16,2,1.0,38.0,0.4440461967343688,0.0,0.263,95,2120,0.1,0.25,45
50,25,false,,0.15042278046655044,0.1310796062154813,-0.017057380989485796,12,2,1.0,48.0,0.48360315483603156,0.27106683271066834,0.2528,95,2120,0.1,0.25,45
60,30,false,,0.1217461273061819,0.1746238219466944,0.05683574275370527,48,57,3.0,59.0,0.6631832797427653,0.12419614147909967,0.2508,95,2120,0.1,0.25,45
20,10,false,,0.10998021813399778,0.15252109961210053,0.07033273139402454,13,14,1.0,19.0,0.6278104462123832,0.0,0.2974,96,2121,0.1,0.25,45
30,15,false,,0.11391906853818408,0.12300261033848177,0.025180516229971278,15,2,1.0,29.0,0.5595640736565201,0.0,0.2744,96,2121,0.1,0.25,45
40,20,true,,0.10647360999183914,0.2886436760279577,0.17817180765386056,34,36,16.0,39.0,0.8275039745627981,0.0,0.2774,96,2121,0.1,0.25,45
20,10,false,,0.09289156578051713,0.18059654647944864,0.0979826747251705,13,17,1.0,19.0,0.6381818181818182,0.0,0.2868,97,2122,0.1,0.25,45
30,15,false,,0.0934198805626284,0.1090111264341064,0.013414872816848267,18,2,1.0,29.0,0.5350210970464135,0.0,0.2168,97,2122,0.1,0.25,45
40,20,true,,0.1042807109104285,0.5954772842436992,0.4870536373528345,33,36,2.0,39.0,0.7979319258940112,0.0,0.2292,97,2122,0.1,0.25,45
20,10,false,,0.13595596466620144,0.16613726752627628,0.055668014495903445,11,17,2.0,19.0,0.6091401082381239,0.0,0.3046,98,2123,0.1,0.25,45
30,15,true,,0.11509928072841161,0.19929317977750968,0.11246506844641735,20,26,2.0,29.0,0.7012942779291553,0.0,0.2774,98,2123,0.1,0.25,45
20,10,false,,0.11661691606454344,0.5360684780171749,0.43377224213592613,16,16,3.0,19.0,0.8506921555702044,0.0,0.2858,99,2124,0.1,0.25,45
30,15,false,,0.14544659971449897,0.10979828734422606,-0.04441845421400857,10,2,1.0,28.0,0.42894836034677725,0.0,0.266,99,2124,0.1,0.25,45
40,20,false,,0.2877851137492865,0.09703119051868121,-0.2017436502769429,4,2,1.0,24.0,0.1707519734108849,0.0,0.2106,99,2124,0.1,0.25,45
50,25,false,,0.13608162607810706,0.11723364762906911,-0.015202690138907404,13,4,1.4749999999999943,47.0,0.4549618320610687,0.08473282442748091,0.2466,99,2124,0.1,0.25,45
60,30,true,,0.12168174044014328,0.3612190977148888,0.24454522315448676,50,53,18.0,59.0,0.8727473335785215,0.13203383596910628,0.1996,99,2124,0.1,0.25,45
20,10,false,,0.1085501513717096,0.5212615074531456,0.4136178756314278,15,16,3.0,19.0,0.875530872263966,0.0,0.2936,100,2125,0.1,0.25,45
30,15,false,,0.10252959701926698,0.24639164452054102,0.15229143266562017,24,28,3.0,29.0,0.6959847036328872,0.0,0.2634,100,2125,0.1,0.25,45
40,20,false,,0.12155842971801202,0.11252797593402147,-0.008797227111887976,16,5,2.0,36.0,0.47930910399424254,0.0,0.3044,100,2125,0.1,0.25,45
50,25,true,,0.11365236753998847,0.49897961247882605,0.3731744381127817,44,44,17.0,49.0,0.882120253164557,0.5988924050632911,0.2692,100,2125,0.1,0.25,45
20,10,false,,0.08328045538965886,0.5285410375568569,0.45039521751724465,15,16,5.0,19.0,0.930682617874736,0.0,0.302,101,2126,0.1,0.25,45
30,15,true,,0.09916300762109613,0.6683323865492461,0.5721928591148061,24,26,2.0,29.0,0.8368167202572347,0.0,0.2634,101,2126,0.1,0.25,45
20,10,true,,0.1086916390556071,0.18339634863490917,0.09647043590628762,11,16,1.0,19.0,0.7050187777398429,0.0,0.3062,102,2127,0.1,0.25,45
20,10,false,,0.1254106238349418,0.1429434988939027,0.02124782539478995,11,16,1.0,19.0,0.5470646113479829,0.0,0.316,103,2128,0.1,0.25,45
30,15,false,,0.11508354171536674,0.5035700053533494,0.40339477318175343,25,27,2.0,29.0,0.7641440117560617,0.0,0.2762,103,2128,0.1,0.25,45
40,20,false,,0.11276767730611782,0.24313391532932516,0.13829990787701915,31,36,1.0,39.0,0.6434305027460921,0.0,0.226,103,2128,0.1,0.25,45
50,25,true,,0.11353445013778968,0.41602485076875184,0.3070461114191663,44,46,22.0,49.0,0.8274353876739563,0.6353876739562624,0.2724,103,2128,0.1,0.25,45
20,10,false,,0.114742788791605,0.1416546374935632,0.04500247528027545,8,1,1.0,19.0,0.5858798735511064,0.0,0.2928,104,2129,0.1,0.25,45
30,15,false,,0.11185709762430021,0.14080554010591415,0.04526584111668374,21,26,1.0,29.0,0.6138952164009112,0.0,0.26,104,2129,0.1,0.25,45
40,20,false,,0.1068414540446801,0.5380729489677879,0.4276246952508371,35,37,24.0,39.0,0.9171717171717172,0.0,0.2634,104,2129,0.1,0.25,45
50,25,false,,0.14600826826385388,0.10915820085238347,-0.048679626949991936,8,4,1.0,40.0,0.35454916360669114,0.0138718890248878,0.2434,104,2129,0.1,0.25,45
60,30,true,,0.11882849833535244,0.31276200358261963,0.1915872724331342,53,56,33.0,59.0,0.8100961538461539,0.16546474358974358,0.2198,104,2129,0.1,0.25,45
20,10,false,,0.1222268838617924,0.2739743369845879,0.16042416591726283,14,15,1.0,19.0,0.6723803363518758,0.0,0.3024,105,2130,0.1,0.25,45
30,15,false,,0.1208901827532985,0.12542239656377688,0.002296823430051803,17,27,1.0,29.0,0.5030808263863719,0.0,0.2738,105,2130,0.1,0.25,45
40,20,false,,0.1122074884584427,0.1545401814275509,0.04914416267300463,28,36,2.0,39.0,0.6191369606003753,0.0,0.2842,105,2130,0.1,0.25,45
50,25,false,,0.14389778534941894,0.11411499091993767,-0.044485502587515435,17,2,1.0,48.0,0.39030113414157214,0.27297614391865466,0.238,105,2130,0.1,0.25,45
60,30,false,,0.14496517579072332,0.1238461259203177,-0.02232058757347148,12,11,1.0,36.0,0.41797994269340977,0.0,0.23,105,2130,0.1,0.25,45
20,10,true,,0.09442330322672438,0.3560088131198829,0.2673870431350202,14,16,2.0,19.0,0.8046848088184636,0.0,0.3062,106,2131,0.1,0.25,45
20,10,false,,0.12372366158432706,0.29283661604063355,0.16992495898837423,15,16,2.0,19.0,0.7009689274974942,0.0,0.3054,107,2132,0.1,0.25,45
30,15,false,,0.1228050683922672,0.12315703470530914,0.009112176538019642,15,26,1.0,28.0,0.5194434534427399,0.0,0.2838,107,2132,0.1,0.25,45
40,20,false,,0.5039444477701098,0.08998585121721385,-0.42456742482309184,4,2,1.0,35.0,0.13372582001682085,0.0,0.2134,107,2132,0.1,0.25,45
50,25,false,,0.4238049852603261,0.09422744299891088,-0.317237033280623,4,3,1.0,25.0,0.08492663405958203,0.0,0.2098,107,2132,0.1,0.25,45
60,30,true,,0.11758589287508615,0.611619282688222,0.49394694854677257,54,56,32.0,59.0,0.913113435237329,0.12992759452936445,0.2076,107,2132,0.1,0.25,45
20,10,false,,0.07413484881637972,0.6692741120133525,0.586318079903571,16,16,4.0,19.0,0.9063625450180072,0.0,0.2418,108,2133,0.1,0.25,45
30,15,true,,0.06628556091959817,0.2633556652791819,0.19623063977576338,23,26,12.0,29.0,0.8972182932578973,0.0,0.1428,108,2133,0.1,0.25,45
20,10,false,,0.15008156092168962,0.1365228477736733,-0.013293526966700359,10,2,1.0,19.0,0.47695262483994877,0.0,0.3084,109,2134,0.1,0.25,45
30,15,false,,0.2623509706854741,0.08102270026532404,-0.19638277486872807,5,2,1.0,27.0,0.1766798418972332,0.0,0.1966,109,2134,0.1,0.25,45
40,20,false,,0.4729884694263531,0.09051818791244172,-0.3861836963968344,4,3,1.0,17.0,0.09709911361804996,0.0,0.2104,109,2134,0.1,0.25,45
50,25,false,,0.17534695856918253,0.1029635491464277,-0.0732069951689498,12,6,1.0,43.0,0.30038610038610036,0.035907335907335906,0.2558,109,2134,0.1,0.25,45
60,30,true,,0.12138854320554955,0.2643747783074226,0.14714053992545678,52,55,26.0,59.0,0.7813935681470138,0.15926493108728942,0.1898,109,2134,0.1,0.25,45
20,10,false,,0.09873282563598149,0.20067234305022494,0.10642941176352078,14,16,1.0,19.0,0.6790431988575508,0.0,0.2932,110,2135,0.1,0.25,45
30,15,false,,0.11997233275795174,0.1404048157685756,0.021852132039481997,15,11,1.0,28.0,0.5574453314821243,0.0,0.2928,110,2135,0.1,0.25,45
40,20,false,,0.13342067337208974,0.09704943647381853,-0.05720539847244038,13,2,1.0,37.0,0.33113097551496307,0.0,0.2496,110,2135,0.1,0.25,45
50,25,false,,0.14589785822965956,0.10615511771874833,-0.05177262565543657,16,4,1.0,45.0,0.34365443425076453,0.06460244648318043,0.254,110,2135,0.1,0.25,45
60,30,true,,0.1211501414459006,0.228017715403183,0.12969468809025086,42,50,15.0,58.0,0.7512820512820513,0.1717948717948718,0.1488,110,2135,0.1,0.25,45
20,10,false,,0.09372888114584305,0.16371207788916953,0.08870343206754108,12,17,1.0,19.0,0.662303664921466,0.0,0.2766,111,2136,0.1,0.25,45
30,15,false,,0.11718004299959679,0.24947974640519163,0.15644657967329398,16,2,1.0,29.0,0.6486792452830189,0.0,0.2778,111,2136,0.1,0.25,45
40,20,false,,0.10614458531052641,0.6330219585505767,0.5161653159787369,35,36,4.250000000000007,39.0,0.8633487979755378,0.0,0.2548,111,2136,0.1,0.25,45
50,25,false,,0.12948163529501544,0.12315334457770781,0.01091413786006449,20,3,1.0,48.0,0.5285273708558211,0.18696993060909792,0.2614,111,2136,0.1,0.25,45
60,30,false,,0.13526234876829685,0.12792193898442109,-0.011153604833521222,12,3,1.0,52.0,0.46871356393315194,0.03575592693354061,0.1992,111,2136,0.1,0.25,45
20,10,false,,0.132438028370963,0.12015482360121883,-0.030446086395936336,9,2,1.0,19.0,0.45311475409836066,0.0,0.3026,112,2137,0.1,0.25,45
30,15,false,,0.11583757086765697,0.41531835922199284,0.30618933474817345,25,26,2.0,29.0,0.7838420107719928,0.0,0.274,112,2137,0.1,0.25,45
40,20,false,,0.2200690889666005,0.09137552971292714,-0.13692343116065098,6,3,1.0,26.0,0.17453798767967146,0.0,0.2332,112,2137,0.1,0.25,45
50,25,false,,0.1308958034035116,0.11699253196111668,-0.018098633603345404,20,4,1.0,45.0,0.43172849250197315,0.0840568271507498,0.2386,112,2137,0.1,0.25,45
60,30,true,,0.11890191526997686,0.4429221563336186,0.3173818611561372,51,51,32.0,58.0,0.9344994417566059,0.18943059173799776,0.2494,112,2137,0.1,0.25,45
20,10,false,,0.08237516813602876,0.35161363956533953,0.27828802697629035,15,16,2.0,19.0,0.8609369236444117,0.0,0.3038,113,2138,0.1,0.25,45
30,15,false,,0.09456100531116592,0.09524017285887848,0.006176033706161377,12,4,1.0,26.0,0.5225073622212874,0.0,0.2306,113,2138,0.1,0.25,45
40,20,true,,0.10788194323986762,0.2320497752465311,0.12605866785601647,31,35,11.0,39.0,0.7596039603960396,0.0,0.2676,113,2138,0.1,0.25,45
20,10,false,,0.13806734006001453,0.19871312651351944,0.06645900463523549,13,14,1.0,19.0,0.6197396306388132,0.0,0.3194,114,2139,0.1,0.25,45
30,15,false,,0.13595986393723491,0.1341022504646652,-0.00310033332775031,15,3,1.0,29.0,0.49688530597288383,0.0,0.2516,114,2139,0.1,0.25,45
40,20,false,,0.30424095826865194,0.10442814709427725,-0.20601145534477336,4,3,1.0,15.0,0.15268329554043839,0.0,0.2352,114,2139,0.1,0.25,45
50,25,false,,0.11829552583979959,0.49531362223142716,0.3888568332493023,45,46,29.0,49.0,0.9234042553191489,0.7013539651837524,0.2432,114,2139,0.1,0.25,45
60,30,true,,0.12980055441226196,0.17968583963384133,0.07099381055372232,26,23,2.0,58.0,0.7186295503211991,0.06552462526766595,0.1582,114,2139,0.1,0.25,45
20,10,false,,0.09023174107942086,0.14756069302450894,0.06539667187371964,10,16,1.0,19.0,0.6210287443267776,0.0,0.2646,115,2140,0.1,0.25,45
30,15,false,,0.10625907850656426,0.075609935184393,-0.03695789885638297,11,2,1.0,28.0,0.345636126791142,0.0,0.2092,115,2140,0.1,0.25,45
40,20,true,,0.08678251757228699,0.2543092305296204,0.1644170668162097,33,36,8.0,39.0,0.856951871657754,0.0,0.1692,115,2140,0.1,0.25,45
20,10,false,,0.10113799489432013,0.37629232054420325,0.28379222239327545,16,17,2.0,19.0,0.7642831476823572,0.0,0.272,116,2141,0.1,0.25,45
30,15,false,,0.11950334292922156,0.1286223343613718,0.019242932560190468,15,26,2.0,29.0,0.5662274618585298,0.0,0.2914,116,2141,0.1,0.25,45
40,20,false,,0.13185525666178435,0.10877972802701427,-0.026810736774066007,18,4,1.0,38.0,0.43080531665363564,0.0,0.249,116,2141,0.1,0.25,45
50,25,false,,0.2969025049835929,0.10391530254770713,-0.19099893459589934,5,3,1.0,45.0,0.18061855670103094,0.03422680412371134,0.2248,116,2141,0.1,0.25,45
60,30,true,,0.12552060927824732,0.7801521397900459,0.6451610127340073,53,54,39.0,59.0,0.9916792738275341,0.16565809379727686,0.2388,116,2141,0.1,0.25,45
20,10,false,,0.13342667298788632,0.20274452885369973,0.09629475782864677,13,16,1.0,19.0,0.6188023180940115,0.0,0.2786,117,2142,0.1,0.25,45
30,15,true,,0.12359718091527784,0.2239527238204573,0.10924356530872054,21,26,3.0,29.0,0.7287644787644788,0.0,0.3012,117,2142,0.1,0.25,45
20,10,true,,0.10389447192730546,0.24150996510640324,0.16153020475270308,14,16,1.0,19.0,0.7371581054036024,0.0,0.312,118,2143,0.1,0.25,45
20,10,false,,0.0793023087480968,0.5539023570730562,0.4734254214748844,15,16,2.0,19.0,0.880074487895717,0.0,0.2922,119,2144,0.1,0.25,45
30,15,false,,0.08829332787446348,0.09539365820081568,0.007644317675748788,13,11,1.7000000000000028,27.0,0.5354394491697043,0.0,0.2348,119,2144,0.1,0.25,45
40,20,false,,0.08587759109704719,0.7387341250132861,0.64329571485533,36,37,22.0,39.0,0.958656330749354,0.0,0.1536,119,2144,0.1,0.25,45
50,25,true,,0.092105908541875,0.19526469640374922,0.09885632194803723,41,44,27.0,49.0,0.7580246913580246,0.4528395061728395,0.1168,119,2144,0.1,0.25,45
20,10,false,,0.07995423417416851,0.266118939763921,0.1892043834973008,15,16,2.0,19.0,0.7579570688378978,0.0,0.2952,120,2145,0.1,0.25,45
30,15,false,,0.24513133786197597,0.06381371469498087,-0.18649497340551924,4,1,1.0,29.0,0.3113258185721954,0.0,0.1322,120,2145,0.1,0.25,45
40,20,false,,0.084807447198999,0.09268264019270576,0.016263139849653677,14,5,2.0,38.0,0.5570752235665439,0.0,0.1186,120,2145,0.1,0.25,45
50,25,false,,0.08959259285406267,0.0933736141701989,-0.004873995861707968,24,24,3.0,40.0,0.4865497076023392,0.012280701754385965,0.0874,120,2145,0.1,0.25,45
60,30,false,,0.08517138507334802,0.11279629631185525,0.0270441197330583,44,42,33.0,56.0,0.5966005665722379,0.398300283286119,0.0714,120,2145,0.1,0.25,45
20,10,true,,0.07589128226403855,0.22422161671899907,0.1464176090485033,14,16,3.0,19.0,0.7667427701674278,0.0,0.2878,121,2146,0.1,0.25,45
20,10,false,,0.0930593594119282,0.5580458059006737,0.46515365472078485,16,17,4.0,19.0,0.9368460388639761,0.0,0.2732,122,2147,0.1,0.25,45
30,15,false,,0.12148728927610504,0.13249178231538877,0.026459513543187735,16,26,1.0,29.0,0.5583607757043542,0.0,0.2782,122,2147,0.1,0.25,45
40,20,false,,0.15109683872105092,0.093659079719182,-0.08005286474958404,12,1,1.0,37.0,0.25573770491803277,0.0,0.2186,122,2147,0.1,0.25,45
50,25,true,,0.11525422087392084,0.3742531785381495,0.2518091097075924,43,45,28.0,49.0,0.7858508604206501,0.5812619502868069,0.2534,122,2147,0.1,0.25,45
20,10,false,,0.14526888741333657,0.12524516427118254,-0.040207182772059966,10,1,1.0,19.0,0.44183740912095176,0.0,0.2506,123,2148,0.1,0.25,45
30,15,false,,0.10113654314204928,0.4291798019318356,0.33109035755853244,25,26,2.0,29.0,0.7448575949367089,0.0,0.2588,123,2148,0.1,0.25,45
40,20,false,,0.11230898002291692,0.1871519276940824,0.07549519477727976,31,35,3.924999999999997,38.0,0.652317880794702,0.0,0.2716,123,2148,0.1,0.25,45
50,25,false,,0.11863147953753773,0.22857774249530052,0.1238762092198878,43,46,3.0,49.0,0.6610778443113773,0.5137724550898204,0.2548,123,2148,0.1,0.25,45
60,30,true,,0.11856258547536694,0.506944759822394,0.38924274730021996,52,56,18.0,59.0,0.9385625965996909,0.15726429675425038,0.2384,123,2148,0.1,0.25,45
20,10,true,,0.1479587200279861,0.37896715643379325,0.25323372537235955,14,16,1.0,19.0,0.7818679647094615,0.0,0.3032,124,2149,0.1,0.25,45
20,10,false,,0.1351480033896308,0.1263410447962317,-0.0009888918453492823,11,3,1.0,19.0,0.499832383506537,0.0,0.2754,125,2150,0.1,0.25,45
30,15,false,,0.1220147567125196,0.2009663695230891,0.09991583894277972,22,27,2.0,29.0,0.6608167397907526,0.0,0.2724,125,2150,0.1,0.25,45
40,20,false,,0.11824557947085725,0.24688431379686074,0.1409847419385467,32,36,2.0,39.0,0.6882923191648024,0.0,0.2496,125,2150,0.1,0.25,45
50,25,false,,0.11986791345400043,0.14146053167180406,0.03405726455540997,36,45,3.0,48.0,0.572147001934236,0.29941972920696325,0.2556,125,2150,0.1,0.25,45
60,30,true,,0.12083066781325989,0.47366856423080544,0.3454099690128032,51,53,25.0,59.0,0.9028248587570622,0.1943502824858757,0.1932,125,2150,0.1,0.25,45
20,10,true,,0.1239429381736003,0.2811916212325096,0.18311378007781853,14,17,3.0,19.0,0.8006172839506173,0.0,0.3112,126,2151,0.1,0.25,45
20,10,false,,0.10624269733289565,0.09713861971366879,-0.01917009360647441,8,1,1.0,19.0,0.4587786259541985,0.0,0.2618,127,2152,0.1,0.25,45
30,15,false,,0.5362705162514536,0.07159801017662912,-0.4710324786923422,2,1,1.0,27.0,0.2645320197044335,0.0,0.1178,127,2152,0.1,0.25,45
40,20,false,,0.09013284007814311,0.23046050167829107,0.13987187719623811,35,38,15.0,39.0,0.7680293982544787,0.0,0.154,127,2152,0.1,0.25,45
50,25,true,,0.11547976726137492,0.24680235933850103,0.12747748462423308,39,44,21.0,49.0,0.7284417549167927,0.38502269288956126,0.2936,127,2152,0.1,0.25,45
20,10,true,,0.0925381457572687,0.3689771958588497,0.29680297485974855,14,15,5.0,19.0,0.8885288399222294,0.0,0.3122,128,2153,0.1,0.25,45
20,10,false,,0.10638130025453642,0.08196159491509722,-0.026691030682203826,8,3,1.0,19.0,0.4514506769825919,0.0,0.2366,129,2154,0.1,0.25,45
30,15,true,,0.0937013431226816,0.3690488049327113,0.2899336885349351,23,27,5.0,29.0,0.8546906187624751,0.0,0.2876,129,2154,0.1,0.25,45
20,10,false,,0.1203903757620603,0.0700034498024093,-0.06004688683685204,7,1,1.0,19.0,0.3304056879966541,0.0,0.2232,130,2155,0.1,0.25,45
30,15,false,,0.0717401366941102,0.6206908065382692,0.5666743417595415,25,26,3.0,29.0,0.8199195171026157,0.0,0.1378,130,2155,0.1,0.25,45
40,20,false,,0.48350942775542477,0.06252780493968489,-0.41661679714185473,2,1,1.0,17.0,0.15429831006612785,0.0,0.045,130,2155,0.1,0.25,45
50,25,false,,0.09007707395354278,0.08003602327211608,-0.005021590486647173,15,1,1.0,29.0,0.47707847707847706,0.0,0.0402,130,2155,0.1,0.25,45
60,30,false,,0.06662306782471701,0.4103993946420497,0.3627814121038782,56,57,51.0,59.0,1.0,0.0,0.0154,130,2155,0.1,0.25,45
20,10,false,,0.09723441561800089,0.1701376571777837,0.08861751503805265,12,15,1.0,19.0,0.6727649292371418,0.0,0.2992,131,2156,0.1,0.25,45
30,15,false,,0.10501880600270376,0.15388976081810823,0.07084412189431821,20,26,1.0,29.0,0.5994431185361973,0.0,0.238,131,2156,0.1,0.25,45
40,20,true,,0.10821115648122126,0.30275872433543766,0.20525968607951117,31,35,3.0,39.0,0.7456780637725701,0.0,0.2872,131,2156,0.1,0.25,45
20,10,false,,0.13698858899440491,0.07610410039057888,-0.05188673720454531,6,1,1.0,19.0,0.35966257668711654,0.0,0.243,132,2157,0.1,0.25,45
30,15,false,,0.19995166558464694,0.0802196118155162,-0.11116901611865204,4,2,1.0,24.0,0.2272340425531915,0.0,0.2388,132,2157,0.1,0.25,45
40,20,false,,0.095810834643249,0.7053460845892084,0.5983535364814346,36,36,27.0,39.0,1.0,0.0,0.203,132,2157,0.1,0.25,45
50,25,true,,0.11761703621435317,0.30805453218695006,0.180944351746481,42,46,6.0,49.0,0.7381242387332522,0.4831506293138449,0.2772,132,2157,0.1,0.25,45
20,10,false,,0.10331774072028402,0.0987834865065083,-0.002314432470936989,10,1,1.0,18.0,0.4959378311550689,0.0,0.2902,133,2158,0.1,0.25,45
30,15,true,,0.0839718750166702,0.24764898932195348,0.16166342180868282,24,26,2.0,29.0,0.7944325481798715,0.0,0.2092,133,2158,0.1,0.25,45
20,10,false,,0.14519279626524767,0.18115077533324533,0.04944938793977964,13,16,2.0,19.0,0.566066066066066,0.0,0.3128,134,2159,0.1,0.25,45
30,15,false,,0.2064050136866371,0.10369419954595176,-0.12148771850407164,6,1,1.0,29.0,0.24337260677466863,0.0,0.2296,134,2159,0.1,0.25,45
40,20,false,,0.14365250958733575,0.11326329723292916,-0.048169743806578805,18,2,1.0,39.0,0.3860531991373113,0.0,0.254,134,2159,0.1,0.25,45
50,25,false,,0.12466325232605158,0.1663409972721649,0.055649766529042646,34,43,3.0,48.0,0.6554681915654038,0.26125804145818443,0.224,134,2159,0.1,0.25,45
60,30,false,,0.7572521500803202,0.12168317954114986,-0.633354788182072,2,1,1.0,8.0,0.02357100766057749,0.0,0.0718,134,2159,0.1,0.25,45
20,10,false,,0.17145452076634699,0.13030490419414578,-0.05054219060826799,7,1,1.0,19.0,0.4152400134273246,0.0,0.2796,135,2160,0.1,0.25,45
30,15,false,,0.1650072078715465,0.11424656127001286,-0.06671325469290412,11,6,1.0,26.0,0.29033251231527096,0.0,0.2766,135,2160,0.1,0.25,45
40,20,false,,0.15663546604091969,0.09589414980436634,-0.08663625386141416,16,7,2.0,38.0,0.24095102909865151,0.0,0.2194,135,2160,0.1,0.25,45
50,25,false,,0.49606972007727945,0.09874530490673673,-0.39677020104193594,4,3,1.0,22.0,0.11752988047808766,0.0,0.1922,135,2160,0.1,0.25,45
60,30,true,,0.12216335586160339,0.23015997127506782,0.10971209547251505,50,54,30.0,59.0,0.7898341744772891,0.2649603460706561,0.2512,135,2160,0.1,0.25,45
20,10,false,,0.07746226072338941,0.33114718501909585,0.25852083272067977,15,16,1.0,19.0,0.7480854494155582,0.0,0.2448,136,2161,0.1,0.25,45
30,15,false,,0.09803874528508585,0.4166457966908693,0.3154475251154454,25,26,10.0,29.0,0.8702053467648199,0.0,0.2778,136,2161,0.1,0.25,45
40,20,true,,0.10376345090954568,0.4146154852066772,0.3138369056831197,33,38,1.0,39.0,0.7324263038548753,0.0,0.2232,136,2161,0.1,0.25,45
20,10,false,,0.09780206627214244,0.5600469124401879,0.45678458218715773,15,15,1.0,19.0,0.7407550077041603,0.0,0.2724,137,2162,0.1,0.25,45
30,15,false,,0.0982437838068781,0.16117281198837285,0.08546751798340053,21,26,1.0,29.0,0.6701548765173713,0.0,0.2506,137,2162,0.1,0.25,45
40,20,false,,0.09671858909278135,0.1288423543086934,0.04738514708978728,31,36,2.0,39.0,0.5996318453750575,0.0,0.1926,137,2162,0.1,0.25,45
50,25,false,,0.15592617495491132,0.08565763504536213,-0.06655091809146398,5,5,1.0,16.0,0.24987303199593702,0.0,0.1418,137,2162,0.1,0.25,45
60,30,true,,0.09646803994313491,0.36035207946561787,0.25229458006732086,53,56,32.0,59.0,0.7911392405063291,0.16570771001150747,0.0736,137,2162,0.1,0.25,45
20,10,false,,0.0785704071198937,0.6354996173609488,0.5616474671402205,16,16,8.0,19.0,0.9553638409602401,0.0,0.2872,138,2163,0.1,0.25,45
30,15,true,,0.09362963546761884,0.4404316440104252,0.3384313194482516,21,27,3.0,29.0,0.8028747433264887,0.0,0.2486,138,2163,0.1,0.25,45
20,10,false,,0.14269181214249396,0.10172475094600295,-0.03374735784190688,6,1,1.0,19.0,0.460998761865456,0.0,0.2448,139,2164,0.1,0.25,45
30,15,false,,0.10321750674836923,0.11663536200025976,0.018236326420041214,15,3,1.0,28.0,0.5583584337349398,0.0,0.2918,139,2164,0.1,0.25,45
40,20,true,,0.10500112320917619,0.19054413573602666,0.0893335445392608,32,37,6.0,39.0,0.723046875,0.0,0.2746,139,2164,0.1,0.25,45
20,10,false,,0.10433238572502783,0.14984251073052077,0.04703211794753534,11,2,1.0,18.0,0.6179738562091504,0.0,0.3096,140,2165,0.1,0.25,45
30,15,true,,0.0958321352130928,0.3093353779489053,0.2091172213401027,23,24,6.0,29.0,0.8132267441860465,0.0,0.3056,140,2165,0.1,0.25,45
20,10,false,,0.07588847616279286,0.4084973472327428,0.3328854931834848,15,17,2.0,19.0,0.7102502017756255,0.0,0.2252,141,2166,0.1,0.25,45
30,15,false,,0.07778354333483169,0.11706143805479256,0.04286112078429927,22,24,2.0,29.0,0.5845873233014136,0.0,0.1488,141,2166,0.1,0.25,45
40,20,true,,0.10499769411585426,0.42085656077396666,0.32307479075912937,34,35,5.0,39.0,0.8089120835006022,0.0,0.2782,141,2166,0.1,0.25,45
20,10,false,,0.15012499298590576,0.20062866165928628,0.0688016019467182,13,16,1.0,19.0,0.6058282208588958,0.0,0.3132,142,2167,0.1,0.25,45
30,15,false,,0.12554428469036108,0.3116905756709153,0.18859805140901265,24,27,2.0,29.0,0.6752250750250083,0.0,0.2824,142,2167,0.1,0.25,45
40,20,false,,0.12188872784344924,0.32998674754069096,0.20962710170984244,35,36,19.0,39.0,0.7783803326102675,0.0,0.2478,142,2167,0.1,0.25,45
50,25,false,,0.12581356770446717,0.14209520013517843,0.037430885476063436,24,46,1.0,48.0,0.5807705903145988,0.2735949098621421,0.2484,142,2167,0.1,0.25,45
60,30,false,,0.666039816204359,0.1312139364914923,-0.5406528629889531,2,1,1.0,12.0,0.08565153733528551,0.0,0.061,142,2167,0.1,0.25,45
20,10,false,,0.16531035453823842,0.08433639485599632,-0.11061462913208625,5,1,1.0,18.0,0.27965772073123296,0.0,0.2374,143,2168,0.1,0.25,45
30,15,false,,0.08509164327600595,0.26944552446937364,0.19421024117537872,25,26,9.0,29.0,0.7846633972358449,0.0,0.2068,143,2168,0.1,0.25,45
40,20,false,,0.09392242779256035,0.09757883104885481,0.016852299081754687,27,37,1.0,39.0,0.5396586345381527,0.0,0.1394,143,2168,0.1,0.25,45
50,25,false,,0.0923687654614492,0.1184850187777364,0.03118164343327618,39,43,4.0,49.0,0.5859969558599696,0.3607305936073059,0.1118,143,2168,0.1,0.25,45
60,30,false,,0.2681146023581,0.07731628417248529,-0.18216671737224374,4,4,1.0,12.0,0.10256410256410256,0.0,0.0486,143,2168,0.1,0.25,45
20,10,true,,0.11282712948042241,0.2351574360112923,0.13839783407549966,13,18,2.0,19.0,0.7819645732689211,0.0,0.3086,144,2169,0.1,0.25,45
20,10,false,,0.11980520454365262,0.35560637698764896,0.24921012150551664,15,16,2.0,19.0,0.7531353135313531,0.0,0.3074,145,2170,0.1,0.25,45
30,15,false,,0.12635372866053957,0.23552470859286911,0.13072491416859486,22,26,2.0,29.0,0.6097222222222223,0.0,0.2774,145,2170,0.1,0.25,45
40,20,false,,0.11509987213595874,0.21773270019955668,0.11338527650600062,32,37,7.0,39.0,0.6804777902202315,0.0,0.258,145,2170,0.1,0.25,45
50,25,false,,0.14401321216875887,0.10795088872364823,-0.043781989821996825,14,1,1.0,42.0,0.35111464968152867,0.03144904458598726,0.2456,145,2170,0.1,0.25,45
60,30,true,,0.11962627272082726,0.1563578804410319,0.0601403634399993,24,7,1.0,51.0,0.7129304286718201,0.129304286718201,0.249,145,2170,0.1,0.25,45
20,10,false,,0.11463085091458428,0.11287931588720697,0.0009146265830756312,9,16,1.0,18.0,0.5031825795644891,0.0,0.311,146,2171,0.1,0.25,45
30,15,false,,0.12276476827342081,0.11055474951578868,-0.01239793893971533,12,1,1.0,29.0,0.4715151515151515,0.0,0.228,146,2171,0.1,0.25,45
40,20,false,,0.11807012079068191,0.11273128842551067,-0.005124425527338591,19,1,1.0,38.0,0.4888623707239459,0.0,0.2776,146,2171,0.1,0.25,45
50,25,false,,0.11263705422515315,0.21978700845837493,0.1108925067682719,39,46,5.0,49.0,0.6929577464788732,0.3505030181086519,0.2508,146,2171,0.1,0.25,45
60,30,true,,0.11809566782743598,0.3910916276326948,0.2661270288343196,53,57,37.0,59.0,0.7991935483870968,0.20887096774193548,0.2536,146,2171,0.1,0.25,45
20,10,true,,0.09706534768461289,0.2509029136590858,0.16665091821191022,14,17,1.0,19.0,0.7294364718235912,0.0,0.2982,147,2172,0.1,0.25,45
20,10,false,,0.16218170994578918,0.15347633903016747,-0.0021669134180979654,9,2,1.0,19.0,0.49818621523579204,0.0,0.3072,148,2173,0.1,0.25,45
30,15,false,,0.15607433407153487,0.11758717464004471,-0.04646601812359037,9,4,1.0,28.0,0.3224815724815725,0.0,0.2948,148,2173,0.1,0.25,45
40,20,false,,0.15061904174529706,0.12977233026003268,-0.036979461304335146,17,1,1.0,39.0,0.4211611130195809,0.0,0.2332,148,2173,0.1,0.25,45
50,25,false,,0.12788731368586254,0.14195772262048995,0.023452397315226393,35,45,2.7749999999999915,48.0,0.573170731707317,0.27947154471544716,0.228,148,2173,0.1,0.25,45
60,30,false,,0.14908792721191808,0.14944849227032808,0.003727736343818358,23,1,1.0,56.0,0.5127688172043011,0.1327284946236559,0.2108,148,2173,0.1,0.25,45
20,10,false,,0.07914251152385623,0.1610022381026389,0.09159469631072209,13,15,1.0,19.0,0.6609458428680397,0.0,0.2818,149,2174,0.1,0.25,45
30,15,true,,0.07753944890002022,0.18452541534553635,0.10038267896163364,22,24,2.0,29.0,0.7399813606710158,0.0,0.1826,149,2174,0.1,0.25,45
20,10,true,,0.08801612252081406,0.2919272617341639,0.20830351574013106,14,16,1.0,19.0,0.7236608726498759,0.0,0.3072,150,2175,0.1,0.25,45
20,10,false,,0.1985758793790031,0.1021761752070943,-0.10729003272035877,7,2,1.0,19.0,0.24408703878902555,0.0,0.2836,151,2176,0.1,0.25,45
30,15,false,,0.265999089726035,0.07506831548782053,-0.1974661260657436,5,5,1.0,14.0,0.07914201183431953,0.0,0.2462,151,2176,0.1,0.25,45
40,20,false,,0.26981951941929716,0.0838324019841857,-0.19260401123144788,6,3,1.0,37.0,0.14469453376205788,0.0,0.2276,151,2176,0.1,0.25,45
50,25,false,,0.12108571676866346,0.11735777049801974,0.005359138134230668,30,7,3.0,48.0,0.5075593952483801,0.27041036717062633,0.2042,151,2176,0.1,0.25,45
60,30,false,,0.16871884785461583,0.08993022778929191,-0.08726933058865133,8,4,1.0,40.0,0.22575832918945798,0.0174042764793635,0.1328,151,2176,0.1,0.25,45
20,10,false,,0.10433005549962217,0.13714236328198384,0.04044577607908201,12,16,1.0,19.0,0.5792767732962448,0.0,0.2996,152,2177,0.1,0.25,45
30,15,false,,0.12060859664637488,0.11433139149805578,-0.007702032788561089,10,3,1.0,28.0,0.4795486600846262,0.0,0.2974,152,2177,0.1,0.25,45
40,20,false,,0.12209889630300742,0.2540250735780801,0.13513058669309114,31,35,1.0,39.0,0.639935196435804,0.0,0.2442,152,2177,0.1,0.25,45
50,25,false,,0.3325534642530771,0.10716004286049968,-0.22979535626563308,4,1,1.0,19.0,0.2179432924248836,0.0,0.2188,152,2177,0.1,0.25,45
60,30,true,,0.1243049550345427,0.16508776806360523,0.048549781051515806,28,48,2.0,55.0,0.7027027027027027,0.15003465003465002,0.246,152,2177,0.1,0.25,45
20,10,false,,0.10335803933803508,0.32274836318046607,0.22065554893702666,15,16,1.0,19.0,0.8137059214903526,0.0,0.2954,153,2178,0.1,0.25,45
30,15,false,,0.09575170213917578,0.3342019640352496,0.23376964713339238,25,27,4.0,29.0,0.768909318846636,0.0,0.215,153,2178,0.1,0.25,45
40,20,true,,0.10452530898382137,0.3102714055474469,0.20145511698997395,32,34,12.0,39.0,0.7883986928104575,0.0,0.2716,153,2178,0.1,0.25,45
20,10,false,,0.0911608399884744,0.4024812193814986,0.29608171109065995,15,16,3.0,19.0,0.8101754385964912,0.0,0.2646,154,2179,0.1,0.25,45
30,15,false,,0.11243544457058734,0.37856905183443,0.26567249324275755,25,26,8.0,29.0,0.8013018156903049,0.0,0.2796,154,2179,0.1,0.25,45
40,20,false,,0.12609342309231952,0.10901696847816836,-0.023263708055907745,22,30,2.0,39.0,0.41075972373682296,0.0,0.2824,154,2179,0.1,0.25,45
50,25,true,,0.11746144046630373,0.2088224435884323,0.09975533114149199,41,45,2.0,49.0,0.7207275483137552,0.43690791966654036,0.2546,154,2179,0.1,0.25,45
20,10,false,,0.14439986421303044,0.1365883158670903,-0.0053556968865867555,11,2,1.0,19.0,0.490426189005559,0.0,0.3192,155,2180,0.1,0.25,45
30,15,false,,0.12726457363044794,0.10313620507332841,-0.03721258968044046,12,4,1.0,29.0,0.42438326778691454,0.0,0.2754,155,2180,0.1,0.25,45
40,20,true,,0.11205584755875443,0.3558179962743348,0.22660909898975412,34,37,3.0,39.0,0.7722068693249112,0.0,0.2576,155,2180,0.1,0.25,45
20,10,false,,0.13133809412783048,0.3395141224507286,0.21497831083163862,15,17,1.0,19.0,0.7078189300411523,0.0,0.2806,156,2181,0.1,0.25,45
30,15,false,,0.15517934465478092,0.09632908062852703,-0.07710628941997738,10,1,1.0,28.0,0.3072356215213358,0.0,0.2282,156,2181,0.1,0.25,45
40,20,false,,0.11500418407652883,0.16535226086576685,0.07005893200235068,29,37,1.0,39.0,0.6521739130434783,0.0,0.2558,156,2181,0.1,0.25,45
50,25,false,,0.47320865892390523,0.10108144713284169,-0.3702209204968536,5,2,1.0,44.0,0.1933445661331087,0.041280539174389216,0.2206,156,2181,0.1,0.25,45
60,30,false,,0.12585167147489904,0.18648445776266007,0.068408258927274,49,51,2.0,59.0,0.6983735830458354,0.20896993592902907,0.1418,156,2181,0.1,0.25,45
20,10,false,,0.1933730996174776,0.13422318515499482,-0.08943051708581297,8,1,1.0,18.0,0.33111480865224624,0.0,0.247,157,2182,0.1,0.25,45
30,15,false,,0.1618680428206715,0.11566132724551803,-0.0764709849690596,11,2,1.0,28.0,0.2968400893712097,0.0,0.2712,157,2182,0.1,0.25,45
40,20,false,,0.12199230291998141,0.22485745681466937,0.12884042708249366,31,36,6.0,39.0,0.6757654002213206,0.0,0.2318,157,2182,0.1,0.25,45
50,25,false,,0.2296349828986244,0.09937848127465057,-0.13803200349765182,7,2,1.0,23.0,0.12668250197941408,0.0,0.2178,157,2182,0.1,0.25,45
60,30,false,,0.12389707139335762,0.1711154865443935,0.05257327809451881,49,53,20.0,58.0,0.6896306818181818,0.19176136363636365,0.2208,157,2182,0.1,0.25,45
20,10,false,,0.09857553532537582,0.1541257487989532,0.07076521012522985,13,16,2.0,19.0,0.6584726319239593,0.0,0.306,158,2183,0.1,0.25,45
30,15,false,,0.12886096756448384,0.12127015544151767,-0.0030514231670915604,16,1,1.0,29.0,0.49455864570737607,0.0,0.2478,158,2183,0.1,0.25,45
40,20,false,,0.11217164248961493,0.15807437556592502,0.05322653491154658,26,24,3.0,38.0,0.6701627486437614,0.0,0.2788,158,2183,0.1,0.25,45
50,25,false,,0.5516489505539827,0.10806611940984065,-0.4396275622377825,3,1,1.0,35.0,0.1511925042589438,0.0,0.1734,158,2183,0.1,0.25,45
60,30,false,,0.1345769294320918,0.15744004620187388,0.055362927574833604,9,4,1.0,57.0,0.6339608979000724,0.08363504706734251,0.2046,158,2183,0.1,0.25,45
20,10,false,,0.1301808002156195,0.12408915280817745,-0.0026150441164807248,9,1,1.0,19.0,0.4925124792013311,0.0,0.302,159,2184,0.1,0.25,45
30,15,false,,0.1398748720882983,0.11061142397506063,-0.04171426662388376,8,1,1.0,26.0,0.36776097381040207,0.0,0.2594,159,2184,0.1,0.25,45
40,20,true,,0.11697055482922268,0.21377165940930676,0.10940257047659487,32,37,5.474999999999994,39.0,0.7294326241134752,0.0,0.2558,159,2184,0.1,0.25,45
20,10,false,,0.08798348890513713,0.4972561211680542,0.401732514481259,16,17,5.0,19.0,0.8839316835134193,0.0,0.2728,160,2185,0.1,0.25,45
30,15,false,,0.1165094818873587,0.12624431035053324,0.03363040659209275,12,1,1.0,29.0,0.5706214689265536,0.0,0.277,160,2185,0.1,0.25,45
40,20,false,,0.11016322458252763,0.10847979137102437,-0.0017114554329389492,22,28,2.0,38.0,0.49702734839476814,0.0,0.2776,160,2185,0.1,0.25,45
50,25,false,,0.16267154154538802,0.09736504410011657,-0.07459954863164468,9,3,1.0,27.0,0.26437263953000417,0.0,0.2356,160,2185,0.1,0.25,45
60,30,false,,0.11946640262143277,0.1486041978376579,0.027895614757642795,47,54,16.0,59.0,0.5794059405940594,0.18772277227722772,0.2588,160,2185,0.1,0.25,45
20,10,false,,0.1217706743005825,0.11542704604349527,-0.0028263321548756687,13,16,1.0,19.0,0.4947617438323758,0.0,0.2896,161,2186,0.1,0.25,45
30,15,false,,0.08970961944625565,0.13368527087202337,0.05984186465180409,18,26,1.0,29.0,0.6169336384439359,0.0,0.1698,161,2186,0.1,0.25,45
40,20,false,,0.08463693568098388,0.13383510321423522,0.05310099548020419,31,32,14.0,39.0,0.6284584980237155,0.0,0.1292,161,2186,0.1,0.25,45
50,25,false,,0.0779723986946938,0.7137395754549641,0.6086287080497695,45,47,26.0,49.0,0.886875,0.713125,0.058,161,2186,0.1,0.25,45
60,30,false,,0.20392725582471213,0.06989670315624912,-0.12803576894592694,5,5,1.0,9.0,0.12317666126418152,0.0,0.0292,161,2186,0.1,0.25,45
20,10,false,,0.13784658578983408,0.14951158573939646,0.008953264566962812,9,4,1.0,18.0,0.5179595532749773,0.0,0.3314,162,2187,0.1,0.25,45
30,15,true,,0.10999473401378373,0.6512617999834167,0.5295906316158419,24,27,2.0,29.0,0.7804878048780488,0.0,0.27,162,2187,0.1,0.25,45
20,10,false,,0.10541808253566169,0.16430646661531484,0.07807538720087996,11,15,1.0,19.0,0.6905241935483871,0.0,0.328,163,2188,0.1,0.25,45
30,15,true,,0.11787858310895118,0.19142795075599625,0.09311382409579258,21,25,4.0,29.0,0.7074784910655195,0.0,0.2972,163,2188,0.1,0.25,45
20,10,false,,0.12873291057899466,0.5004577656523698,0.3702345023283306,16,16,3.0,19.0,0.8195679796696315,0.0,0.2932,164,2189,0.1,0.25,45
30,15,false,,0.13120777787651264,0.13363974671891105,0.014113927842162255,12,4,1.0,29.0,0.5352921310368118,0.0,0.244,164,2189,0.1,0.25,45
40,20,true,,0.12241367681730661,0.2408060317516525,0.1263518688060119,33,37,2.0,39.0,0.7021048876204067,0.0,0.2524,164,2189,0.1,0.25,45
20,10,false,,0.1580817075198791,0.07694685640780208,-0.09234332885083466,4,2,1.0,19.0,0.36778846153846156,0.0,0.2172,165,2190,0.1,0.25,45
30,15,false,,0.11037924326442194,0.1298213096440013,0.02624455744902962,19,25,2.0,29.0,0.5776017284839755,0.0,0.2812,165,2190,0.1,0.25,45
40,20,false,,0.14602735876185058,0.10182902330885739,-0.05443028626258904,9,5,1.0,29.0,0.31759149940968123,0.0,0.2716,165,2190,0.1,0.25,45
50,25,false,,0.12130789847152276,0.13872478925191115,0.01731437170517297,32,47,1.0,49.0,0.559185242121445,0.265564950038432,0.253,165,2190,0.1,0.25,45
60,30,false,,0.1711479291958392,0.12004751567965041,-0.048868921453740485,6,2,1.0,57.0,0.3412793007548669,0.02463249900675407,0.1712,165,2190,0.1,0.25,45
20,10,false,,0.2337533602412134,0.09598925764905035,-0.1441428678811123,4,1,1.0,18.0,0.2782480677217519,0.0,0.2528,166,2191,0.1,0.25,45
30,15,false,,0.11074458785495793,0.14410226602504447,0.043968985715096845,23,26,3.0,29.0,0.6137832017229002,0.0,0.2824,166,2191,0.1,0.25,45
40,20,false,,0.10198028370803189,0.18839066914243996,0.09279420090622656,33,36,14.0,39.0,0.6659785301403799,0.0,0.2312,166,2191,0.1,0.25,45
50,25,true,,0.11250116983268717,0.5408125154642611,0.42003338151398284,44,46,26.0,49.0,0.8803768947152806,0.5620647275706677,0.2716,166,2191,0.1,0.25,45
20,10,false,,0.09506161039805053,0.22027392429461617,0.1425013836670305,14,16,1.0,19.0,0.6717134416543574,0.0,0.2768,167,2192,0.1,0.25,45
30,15,false,,0.09785736330316716,0.17545540194591636,0.09774351481476616,16,27,2.0,29.0,0.6931593515223409,0.0,0.2878,167,2192,0.1,0.25,45
40,20,false,,0.14183284019562048,0.09109509895381625,-0.05370739372030654,9,3,1.0,35.0,0.3546819787985866,0.0,0.207,167,2192,0.1,0.25,45
50,25,false,,0.14504982947118303,0.09139528873406336,-0.05626017343781862,6,4,1.0,40.075000000000045,0.3253253253253253,0.023523523523523524,0.159,167,2192,0.1,0.25,45
60,30,true,,0.10441248366898395,0.345302051582635,0.22844664181373492,54,56,22.625000000000007,59.0,0.8241881298992161,0.048152295632698766,0.1074,167,2192,0.1,0.25,45
20,10,true,,0.08053197646868843,0.2145395078202155,0.1448559459216583,13,15,1.0,19.0,0.728656273199703,0.0,0.2876,168,2193,0.1,0.25,45
20,10,false,,0.11185270156379565,0.11442095365381004,0.009274216079941972,14,17,2.0,19.0,0.525207182320442,0.0,0.2794,169,2194,0.1,0.25,45
30,15,false,,0.13798180290870815,0.09779415805779869,-0.05303252327604173,11,2,1.0,28.0,0.4095536413469068,0.0,0.2642,169,2194,0.1,0.25,45
40,20,true,,0.10033152806995269,0.5352320041809098,0.4345746294962401,34,36,4.0,39.0,0.8450892857142858,0.0,0.2222,169,2194,0.1,0.25,45
20,10,false,,0.16507999191971978,0.09735127264703185,-0.07588650887662504,6,3,1.0,18.0,0.32990022529771484,0.0,0.2684,170,2195,0.1,0.25,45
30,15,false,,0.11378621841454373,0.3858285391010326,0.2748504094050844,25,26,2.0,29.0,0.7396678254152182,0.0,0.2484,170,2195,0.1,0.25,45
40,20,false,,0.1291749614177227,0.09709761589622765,-0.04283823130666439,12,5,1.0,38.0,0.3776908023483366,0.0,0.2404,170,2195,0.1,0.25,45
50,25,false,,0.20796298673150637,0.10011645195849192,-0.10908126608721286,6,3,1.0,46.0,0.2188566552901024,0.048208191126279866,0.2528,170,2195,0.1,0.25,45
60,30,false,,0.1162082024315879,0.210158440544833,0.08802797236308386,52,56,29.0,59.0,0.6765769385295299,0.1924467657693853,0.2354,170,2195,0.1,0.25,45
20,10,false,,0.1884793127202988,0.08943282362747901,-0.11787934560378309,6,2,1.0,18.0,0.20446457457133613,0.0,0.2992,171,2196,0.1,0.25,45
30,15,false,,0.12700954075378687,0.10333924994123458,-0.03315503524992195,13,3,1.0,28.0,0.44013814274750573,0.0,0.213,171,2196,0.1,0.25,45
40,20,false,,0.0915537577645758,0.700829427716344,0.5994181660400906,36,36,22.0,39.0,0.9175557710960233,0.0,0.1626,171,2196,0.1,0.25,45
50,25,true,,0.09122558389563798,0.33805152914171754,0.24425207988647557,44,46,26.0,49.0,0.8470705064548163,0.5988083416087389,0.1186,171,2196,0.1,0.25,45
20,10,false,,0.15204766963953006,0.5456502159069144,0.40402287360667866,15,17,1.0,19.0,0.7367003367003367,0.0,0.2616,172,2197,0.1,0.25,45
30,15,false,,0.1349823159307767,0.15841256236124937,0.03666418841573357,18,27,2.0,29.0,0.5480984340044742,0.0,0.2924,172,2197,0.1,0.25,45
40,20,false,,0.12471308226537133,0.10660478735369466,-0.019501903713312008,24,38,6.0,39.0,0.4400735294117647,0.0,0.2582,172,2197,0.1,0.25,45
50,25,false,,0.12119927717614636,0.19166446034060838,0.07260827314464938,39,45,3.0,49.0,0.6299151888974557,0.38589051657671547,0.2306,172,2197,0.1,0.25,45
60,30,false,,0.18579921460715404,0.12590864106940206,-0.06930013470725534,7,2,1.0,53.0,0.32780979827089335,0.022694524495677233,0.1776,172,2197,0.1,0.25,45
20,10,false,,0.08233293648845195,0.4371876380496678,0.35870270468304405,15,16,2.0,19.0,0.8320355951056729,0.0,0.2814,173,2198,0.1,0.25,45
30,15,true,,0.10273857648912108,0.18594849756241916,0.09318483933966146,22,27,3.0,29.0,0.735869966752863,0.0,0.2712,173,2198,0.1,0.25,45
20,10,false,,0.11952877817278633,0.07803704832848739,-0.04698403702726467,6,3,1.0,18.0,0.38156403475632794,0.0,0.2812,174,2199,0.1,0.25,45
30,15,false,,0.11022681540480149,0.15611599577382018,0.06341197250450667,18,2,1.0,29.0,0.6160781367392938,0.0,0.277,174,2199,0.1,0.25,45
40,20,false,,0.13718058144603373,0.105030003459245,-0.031216694152228587,11,3,1.0,37.0,0.4138198757763975,0.0,0.281,174,2199,0.1,0.25,45
50,25,false,,0.11721052492341105,0.12102053366415991,0.0036676469179448834,34,48,1.0,49.0,0.5074818298418128,0.324497648567764,0.2366,174,2199,0.1,0.25,45
60,30,false,,0.11878347384386313,0.1292508730901542,0.01152852246670881,39,56,4.0,59.0,0.5413915693245303,0.11376333164042661,0.1636,174,2199,0.1,0.25,45
20,10,false,,0.08063169920463571,0.13503801541611313,0.0552512583810162,10,15,1.0,18.0,0.6682926829268293,0.0,0.2736,175,2200,0.1,0.25,45
30,15,true,,0.09473641250602523,0.18579450135774309,0.09847317795814697,23,26,5.0,29.0,0.7437475952289342,0.0,0.2852,175,2200,0.1,0.25,45
20,10,false,,0.14576888760600717,0.21137844254628324,0.07995700090551486,13,17,1.0,19.0,0.6532801961986512,0.0,0.3116,176,2201,0.1,0.25,45
30,15,false,,0.49947562477788715,0.10360478737201664,-0.40841000326240584,3,1,1.0,16.0,0.14506989044200982,0.0,0.2244,176,2201,0.1,0.25,45
40,20,false,,0.15891506504720976,0.11553151982410192,-0.07027080834001558,10,3,1.0,38.0,0.3121565934065934,0.0,0.2394,176,2201,0.1,0.25,45
50,25,false,,0.14782491524112457,0.11549346964144624,-0.05248647461255487,12,3,1.0,48.0,0.29879347054648686,0.14939673527324343,0.23,176,2201,0.1,0.25,45
60,30,true,,0.13209311401014967,0.20139805119173626,0.11367004526643007,42,55,2.0,58.0,0.7804625474628927,0.09941318605453918,0.2054,176,2201,0.1,0.25,45
20,10,false,,0.05717826648455083,0.08629547900879735,0.027590907954230734,10,13,1.0,19.0,0.6394678492239468,0.0,0.1858,177,2202,0.1,0.25,45
30,15,true,,0.09190390186135626,0.537168124108918,0.4430344368959914,24,26,4.0,29.0,0.875248311481923,0.0,0.2628,177,2202,0.1,0.25,45
20,10,true,,0.0890423026047614,0.23591213741540895,0.15720812257192074,13,16,2.0,19.0,0.7601654031702274,0.0,0.3108,178,2203,0.1,0.25,45
20,10,true,,0.15021645303625325,0.31934470302032414,0.17318956285683001,14,16,2.0,19.0,0.7182420228777845,0.0,0.3134,179,2204,0.1,0.25,45
20,10,false,,0.12447243010737098,0.16965208909661125,0.07095500598290239,10,16,1.0,19.0,0.6562696912413358,0.0,0.312,180,2205,0.1,0.25,45
30,15,false,,0.12517574482619745,0.1730521171916872,0.07083015550857706,18,27,1.0,29.0,0.6708609271523179,0.0,0.281,180,2205,0.1,0.25,45
40,20,false,,0.12254237917480564,0.18281091673091243,0.07469391420051827,27,38,3.0,39.0,0.6102189781021898,0.0,0.2636,180,2205,0.1,0.25,45
50,25,false,,0.1546024494490292,0.09690532242958459,-0.06131950123367545,10,10,1.0,25.0,0.2206177296430004,0.0,0.2194,180,2205,0.1,0.25,45
60,30,false,,0.20840883155947296,0.10408141576240583,-0.10746197449222139,7,3,1.0,37.0,0.22959183673469388,0.0017006802721088435,0.2162,180,2205,0.1,0.25,45
20,10,false,,0.40986825973194474,0.08459747903871657,-0.31817173009769983,3,1,1.0,17.0,0.14542124542124543,0.0,0.233,181,2206,0.1,0.25,45
30,15,false,,0.12028397850418475,0.1670257713048456,0.0597474603276513,17,26,2.0,28.0,0.6385113268608414,0.0,0.2822,181,2206,0.1,0.25,45
40,20,false,,0.1252539805786874,0.16401257543441086,0.058818936190296225,24,34,1.0,39.0,0.6369316209649427,0.0,0.2502,181,2206,0.1,0.25,45
50,25,false,,0.13075001992169774,0.1511313170660217,0.036806359102116076,37,46,1.0,49.0,0.5878744135691086,0.3287621797185132,0.24,181,2206,0.1,0.25,45
60,30,false,,0.13005874138098128,0.15795475394771386,0.043004678405407865,19,8,1.0,51.0,0.6745631067961165,0.1537864077669903,0.1676,181,2206,0.1,0.25,45
20,10,false,,0.2582002060143707,0.12376628385297901,-0.15062870327549738,4,1,1.0,18.0,0.3308270676691729,0.0,0.259,182,2207,0.1,0.25,45
30,15,false,,0.13910313837259453,0.13080687438158903,-0.009738098042254534,11,3,1.0,29.0,0.4651317984651318,0.0,0.2844,182,2207,0.1,0.25,45
40,20,false,,0.3343177519186694,0.10245153286944148,-0.23628887149299643,4,1,1.0,23.0,0.09382716049382717,0.0,0.205,182,2207,0.1,0.25,45
50,25,false,,0.12916250818494432,0.17491394566514615,0.06077236524603481,37,45,1.0,48.0,0.6311629657508468,0.3654497553631916,0.2434,182,2207,0.1,0.25,45
60,30,false,,0.13790314439189358,0.14955266170773499,0.02574602277195634,13,8,1.0,53.700000000000045,0.6016554578375582,0.13657527159855148,0.1082,182,2207,0.1,0.25,45
20,10,false,,0.0950940146925633,0.38434241178130085,0.27581514740528024,16,18,2.0,19.0,0.791948699679373,0.0,0.267,183,2208,0.1,0.25,45
30,15,false,,0.10843595341961441,0.162319097487258,0.06567995553775458,21,24,2.0,29.0,0.6431027894535728,0.0,0.29,183,2208,0.1,0.25,45
40,20,true,,0.10415699407389177,0.31030896455703144,0.21522893567761886,34,36,21.0,39.0,0.8295081967213115,0.0,0.2608,183,2208,0.1,0.25,45
20,10,false,,0.1126241367504857,0.12020043415495703,0.008443992614591521,13,17,1.0,19.0,0.512856150104239,0.0,0.2724,184,2209,0.1,0.25,45
30,15,false,,0.08867784952266738,0.36816716751057454,0.28116822090060145,25,27,11.0,29.0,0.8389006342494715,0.0,0.2286,184,2209,0.1,0.25,45
40,20,false,,0.09509749296251775,0.13077085976003316,0.06164842255704242,30,34,1.0,38.0,0.6006825938566553,0.0,0.1404,184,2209,0.1,0.25,45
50,25,true,,0.11229848642275438,0.3511757580903714,0.23336624122278044,43,47,32.0,49.0,0.8632891033373542,0.5818254925613189,0.246,184,2209,0.1,0.25,45
20,10,false,,0.13919972593218552,0.14033726204733857,0.0007473696770611687,10,12,1.0,18.0,0.5031427716252619,0.0,0.3448,185,2210,0.1,0.25,45
30,15,false,,0.13335349493115178,0.2212488769986467,0.1117169844626616,24,26,3.0,29.0,0.6774297707458831,0.0,0.2752,185,2210,0.1,0.25,45
40,20,false,,0.1328966832087249,0.1253363271638351,-0.0034432883680489274,21,33,2.0,38.0,0.49181969949916526,0.0,0.2728,185,2210,0.1,0.25,45
50,25,false,,0.15162794234529828,0.11208187955936556,-0.05048026803384485,12,2,1.0,45.0,0.3165236051502146,0.06509298998569385,0.2174,185,2210,0.1,0.25,45
60,30,true,,0.12915275996417644,0.5087664773818333,0.3910022657931065,52,56,19.0,59.0,0.9231038098566935,0.07479902132121635,0.2166,185,2210,0.1,0.25,45
20,10,true,,0.1107082035077791,0.2249430942864567,0.1392742477080484,14,15,2.0,19.0,0.7588907014681893,0.0,0.2972,186,2211,0.1,0.25,45
20,10,false,,0.2831455781770012,0.07136748868992646,-0.22355111087888097,3,1,1.0,17.0,0.27254181966544266,0.0,0.2556,187,2212,0.1,0.25,45
30,15,false,,0.09667436331312572,0.13367817025554912,0.058890849028989306,17,22,2.0,28.0,0.6603334625823962,0.0,0.293,187,2212,0.1,0.25,45
40,20,false,,0.1250254677450307,0.10023411575454631,-0.03361576757339049,8,5,1.0,35.0,0.38914405010438413,0.0,0.2486,187,2212,0.1,0.25,45
50,25,false,,0.15284890769943574,0.11762937910527939,-0.03517841583800187,10,1,1.0,42.0,0.41731974921630094,0.03213166144200627,0.2528,187,2212,0.1,0.25,45
60,30,true,,0.12114635944660106,0.2701581843719276,0.15165928849311738,48,56,15.0,59.0,0.840191036002939,0.2490815576781778,0.235,187,2212,0.1,0.25,45
20,10,false,,0.13338774715721619,0.31956646537344363,0.1980376358434784,15,16,3.0,19.0,0.7794432548179872,0.0,0.3196,188,2213,0.1,0.25,45
30,15,false,,0.12216112934329526,0.20995390149526685,0.11035553203318843,22,26,3.0,29.0,0.6248275862068966,0.0,0.2902,188,2213,0.1,0.25,45
40,20,true,,0.11585775060045166,0.24209415298919842,0.12517592437583716,33,36,3.0,39.0,0.7519494987003342,0.0,0.2714,188,2213,0.1,0.25,45
20,10,false,,0.14532480140690232,0.4162218083050364,0.28243191330880135,15,16,3.0,19.0,0.770205066344994,0.0,0.3232,189,2214,0.1,0.25,45
30,15,false,,0.46415614752916146,0.10243326369355901,-0.3709570950716058,3,2,1.0,13.0,0.07795992714025501,0.0,0.2196,189,2214,0.1,0.25,45
40,20,false,,0.1496286044987896,0.08556035566705568,-0.08619056852165506,16,10,2.0,38.0,0.21627565982404692,0.0,0.2286,189,2214,0.1,0.25,45
50,25,false,,0.5656177831980196,0.08889759945585031,-0.4849836696428514,4,2,1.0,30.0,0.06628870475359791,0.0,0.197,189,2214,0.1,0.25,45
60,30,false,,0.14195080057686507,0.11563266890618194,-0.03328653922416594,8,3,1.0,37.0,0.3684210526315789,0.0,0.055,189,2214,0.1,0.25,45
20,10,true,,0.0815555978529473,0.44319577814500366,0.3664173187702776,14,15,4.0,19.0,0.8059427732942039,0.0,0.287,190,2215,0.1,0.25,45
20,10,false,,0.10495347325985227,0.10863765780469191,0.011437541183762473,8,1,1.0,19.0,0.5261268448344635,0.0,0.2124,191,2216,0.1,0.25,45
30,15,true,,0.10008092331036907,0.6504065415300605,0.5488811749631735,24,27,2.0,29.0,0.8533283189168861,0.0,0.2902,191,2216,0.1,0.25,45
20,10,false,,0.12662408312812695,0.5635857350720319,0.4362507304272881,15,17,2.0,19.0,0.901973265436028,0.0,0.3052,192,2217,0.1,0.25,45
30,15,false,,0.1291834031500932,0.20493499396350381,0.07752629744193426,23,27,1.0,29.0,0.6565896739130435,0.0,0.2596,192,2217,0.1,0.25,45
40,20,false,,0.14535061637609398,0.14086432993060324,0.008371198849783767,8,2,1.0,38.0,0.5188133140376266,0.0,0.237,192,2217,0.1,0.25,45
50,25,false,,0.13533981524212507,0.3273071338035375,0.20469588753697715,41,46,1.0,49.0,0.671563088512241,0.43239171374764596,0.2232,192,2217,0.1,0.25,45
60,30,true,,0.13825598786213372,0.1739774209101418,0.06841636942026459,34,53,1.0,59.0,0.7301349325337332,0.06521739130434782,0.1604,192,2217,0.1,0.25,45
20,10,false,,0.0900156226484254,0.09596105802951124,0.008348197743116195,12,15,2.0,19.0,0.5233676975945017,0.0,0.2844,193,2218,0.1,0.25,45
30,15,false,,0.11097752207131802,0.09823349068648361,-0.0005027143874292705,11,4,1.0,29.0,0.49813200498132004,0.0,0.2554,193,2218,0.1,0.25,45
40,20,true,,0.09596359128407206,0.4280432990538022,0.318127568912702,33,36,12.0,39.0,0.7631218621633957,0.0,0.1886,193,2218,0.1,0.25,45
20,10,false,,0.17353400816983447,0.135135229750141,-0.052912694315200653,8,1,1.0,19.0,0.4202715503631197,0.0,0.2672,194,2219,0.1,0.25,45
30,15,true,,0.13053247745919563,0.37419421853560114,0.24229243638380843,24,26,3.0,29.0,0.7364211929356881,0.0,0.2664,194,2219,0.1,0.25,45
20,10,false,,0.0994523150649495,0.32585181723945833,0.24291748197498694,15,16,2.0,19.0,0.8297428769979153,0.0,0.2938,195,2220,0.1,0.25,45
30,15,false,,0.12188651001091907,0.14154549233897248,0.04205040935575405,19,26,1.0,29.0,0.5612588984638441,0.0,0.2636,195,2220,0.1,0.25,45
40,20,true,,0.11144072155939465,0.30759821352959205,0.21252541422329294,33,36,6.0,39.0,0.8136853849014504,0.0,0.274,195,2220,0.1,0.25,45
20,10,false,,0.11177110218611641,0.5422091205322593,0.4313207446880237,15,16,1.0,19.0,0.7341994382022472,0.0,0.2728,196,2221,0.1,0.25,45
30,15,false,,0.11665461279431721,0.12209947869883216,0.004638929651047563,19,28,1.0,29.0,0.5223625810856948,0.0,0.2946,196,2221,0.1,0.25,45
40,20,false,,0.10916052274093788,0.22111332989708865,0.12842180807846149,31,37,3.0,39.0,0.6913819875776398,0.0,0.2642,196,2221,0.1,0.25,45
50,25,false,,0.1348337902207896,0.09889705084176562,-0.045687100206141945,25,4,2.0,46.0,0.3184786784479447,0.06799846331156358,0.2628,196,2221,0.1,0.25,45
60,30,false,,0.13902491262011296,0.11799691033360521,-0.018177764937718485,9,6,1.0,58.0,0.4356395816572808,0.04625905068382945,0.2022,196,2221,0.1,0.25,45
20,10,false,,0.07940337835594669,0.1159490693628073,0.04105906587502908,12,15,2.0,19.0,0.610719322990127,0.0,0.3072,197,2222,0.1,0.25,45
30,15,false,,0.09219254073014223,0.14559344970931473,0.06136577036723583,20,23,2.0,29.0,0.6930807885581755,0.0,0.2658,197,2222,0.1,0.25,45
40,20,true,,0.10701724665649605,0.2733106741199981,0.18262259321717028,30,37,3.0,39.0,0.7382413087934561,0.0,0.2734,197,2222,0.1,0.25,45
20,10,true,,0.07891495572254663,0.2187940514810357,0.13741357021170042,13,15,2.0,19.0,0.7567466266866567,0.0,0.2916,198,2223,0.1,0.25,45
20,10,false,,0.13394831901314672,0.1867409129351087,0.05451595837529699,14,16,2.0,19.0,0.6199752628324057,0.0,0.3106,199,2224,0.1,0.25,45
30,15,false,,0.11811235079478376,0.30009877974076743,0.19016284673207606,25,25,7.0,29.0,0.7717842323651453,0.0,0.2692,199,2224,0.1,0.25,45
40,20,false,,0.15941529916906674,0.09807106737413177,-0.07603192992372697,8,2,1.0,38.0,0.26869158878504673,0.0,0.2236,199,2224,0.1,0.25,45
50,25,false,,0.13093921830607844,0.13192415457845014,-0.003890125452970364,32,46,2.0,49.0,0.4881769641495042,0.28451563691838294,0.2534,199,2224,0.1,0.25,45
60,30,false,,0.1397458279569913,0.11252397407490164,-0.028756118245687724,16,4,1.0,45.0,0.3781545741324921,0.05717665615141956,0.2334,199,2224,0.1,0.25,45
20,10,false,,0.09014126932292656,0.10492120855998799,0.01562997069735539,11,17,1.0,19.0,0.5435858393604872,0.0,0.2644,200,2225,0.1,0.25,45
30,15,true,,0.09146063596938554,0.40418527469278415,0.30381285474797814,22,26,2.0,29.0,0.8307197426618416,0.0,0.2772,200,2225,0.1,0.25,45
20,10,false,,0.13077604091034448,0.1409666663794317,0.01678704041286283,12,16,1.0,19.0,0.5258910558170814,0.0,0.2904,201,2226,0.1,0.25,45
30,15,true,,0.11453674988866695,0.17607395207806692,0.07182120394396968,20,20,4.0,29.0,0.7189329863370202,0.0,0.303,201,2226,0.1,0.25,45
20,10,false,,0.08213412932902583,0.3546600434771186,0.2895490986373604,15,15,1.0,19.0,0.775293671845396,0.0,0.2646,202,2227,0.1,0.25,45
30,15,false,,0.10078259052032615,0.7322518481890168,0.6310384391784554,25,27,7.0,29.0,0.9022774327122153,0.0,0.2794,202,2227,0.1,0.25,45
40,20,false,,0.10541637829662394,0.4134267282857472,0.306335479222851,35,38,23.0,39.0,0.9363490792634107,0.0,0.2754,202,2227,0.1,0.25,45
50,25,true,,0.11354650245633312,0.37717344356021176,0.26747803434364703,41,44,27.0,49.0,0.8443848217707934,0.4231506324262169,0.2786,202,2227,0.1,0.25,45
20,10,false,,0.12154539878113259,0.12111550258163128,0.0022252890180557566,11,16,1.0,19.0,0.5099763273588096,0.0,0.2822,203,2228,0.1,0.25,45
30,15,false,,0.11421317188507107,0.12459121396805474,0.021780520805465567,17,26,1.0,29.0,0.5375677769171185,0.0,0.2596,203,2228,0.1,0.25,45
40,20,false,,0.10806889648392311,0.18007278850485092,0.09128545975084901,31,37,1.0,39.0,0.6316472114137484,0.0,0.2108,203,2228,0.1,0.25,45
50,25,false,,0.12220154789446294,0.12580186796571813,0.010177540192636295,30,45,2.0,48.0,0.529140461215933,0.2469601677148847,0.258,203,2228,0.1,0.25,45
60,30,true,,0.11546817027389378,0.3099217967490291,0.19945783723547744,52,54,22.0,59.0,0.786741214057508,0.13218849840255592,0.2242,203,2228,0.1,0.25,45
20,10,false,,0.1863224476064555,0.11410213102070428,-0.09471312174347159,6,2,1.0,19.0,0.3167701863354037,0.0,0.2876,204,2229,0.1,0.25,45
30,15,false,,0.12954288173773867,0.1257629174955732,-0.0042981443156719645,19,26,2.0,29.0,0.4908668216539356,0.0,0.2674,204,2229,0.1,0.25,45
40,20,false,,0.1270040683426014,0.11185925853206424,-0.020330999192482484,15,8,2.0,36.0,0.44521019986216404,0.0,0.2512,204,2229,0.1,0.25,45
50,25,false,,0.11762931283953759,0.18200345846447424,0.06200043019673038,44,47,25.0,49.0,0.6646502835538752,0.6113421550094518,0.2394,204,2229,0.1,0.25,45
60,30,false,,0.12756229319266643,0.1298479053870946,0.011370181903851279,16,6,2.0,57.0,0.5494143484626647,0.09370424597364568,0.2188,204,2229,0.1,0.25,45
20,10,false,,0.15217953065823797,0.15419794020295127,0.013340092538041998,9,16,1.0,19.0,0.5252342097310365,0.0,0.3168,205,2230,0.1,0.25,45
30,15,false,,0.16538232708129047,0.09179540887502553,-0.10020136389030031,11,3,1.0,27.0,0.19933444259567387,0.0,0.2538,205,2230,0.1,0.25,45
40,20,false,,0.22946197184703213,0.11021261803724663,-0.13187098353834426,5,2,1.0,35.0,0.2415162454873646,0.0,0.2184,205,2230,0.1,0.25,45
50,25,false,,0.24568154698258254,0.10605773610532793,-0.14928017952106004,5,2,1.0,43.0,0.22625698324022347,0.03790901835594573,0.2016,205,2230,0.1,0.25,45
60,30,true,,0.12620612430626008,0.210795839688726,0.09340540313846213,50,54,19.0,59.0,0.766516208453016,0.14279852277390234,0.153,205,2230,0.1,0.25,45
20,10,true,,0.12217725040474811,0.23100851087394556,0.1308711805947066,12,16,1.0,19.0,0.7328657953458718,0.0,0.2912,206,2231,0.1,0.25,45
20,10,true,,0.09683619861743034,0.1690354758384411,0.08204454060369662,14,16,2.0,19.0,0.7090472926662097,0.0,0.3054,207,2232,0.1,0.25,45
20,10,false,,0.10950518526706088,0.15584358717423724,0.052329796105445595,11,15,1.0,19.0,0.6424361493123772,0.0,0.3172,208,2233,0.1,0.25,45
30,15,false,,0.11493515816665775,0.7320532514306233,0.6183651022908272,26,26,19.0,29.0,0.9773906597479615,0.0,0.2516,208,2233,0.1,0.25,45
40,20,false,,0.12315174908769323,0.11374429813780686,-0.008631031543801543,23,36,2.0,38.0,0.47460723419802703,0.0,0.2584,208,2233,0.1,0.25,45
50,25,false,,0.11669172347745409,0.1567503521519944,0.06426974079552583,34,46,4.0,49.0,0.6516587677725119,0.315955766192733,0.2552,208,2233,0.1,0.25,45
60,30,true,,0.12315363876218469,0.1850048045099578,0.07342368535250042,42,46,15.0,58.0,0.7415134370579916,0.2248939179632249,0.2636,208,2233,0.1,0.25,45
20,10,true,,0.11594026603114552,0.25352215021568714,0.17042391374559135,14,16,3.0,19.0,0.7509398496240601,0.0,0.3064,209,2234,0.1,0.25,45
20,10,false,,0.07405876475161914,0.5013562280104403,0.41516614732646784,15,16,6.0,19.0,0.9484574868322047,0.0,0.2894,210,2235,0.1,0.25,45
30,15,true,,0.08140637977734645,0.47785039912315513,0.4010010949876211,23,25,3.0,29.0,0.8572687224669604,0.0,0.2184,210,2235,0.1,0.25,45
20,10,false,,0.08108250862031825,0.5402599125383554,0.44882978768327814,16,16,7.0,19.0,0.9271826153259627,0.0,0.2882,211,2236,0.1,0.25,45
30,15,false,,0.10100026309049605,0.10282850920388696,0.003880936934714696,12,3,1.0,29.0,0.5098736176935229,0.0,0.2688,211,2236,0.1,0.25,45
40,20,false,,0.11827474341079396,0.09901458437773918,-0.01617701458955398,13,3,1.0,37.0,0.44803794739111685,0.0,0.2174,211,2236,0.1,0.25,45
50,25,false,,0.11977861293085541,0.1290789180948579,0.01799285417202559,20,46,2.0999999999999943,48.0,0.5536633663366337,0.20396039603960395,0.2796,211,2236,0.1,0.25,45
60,30,false,,0.11689267890803647,0.16323783992140847,0.05057592609574031,52,57,20.0,59.0,0.6278026905829597,0.15246636771300448,0.2734,211,2236,0.1,0.25,45
20,10,true,,0.09707668420011545,0.20178504305152567,0.12029684934450742,12,14,1.0,19.0,0.7475389012384884,0.0,0.3268,212,2237,0.1,0.25,45
20,10,false,,0.05018309840239093,0.7002704996413041,0.6441160856756307,16,16,11.0,19.0,0.9580838323353293,0.0,0.1704,213,2238,0.1,0.25,45
30,15,false,,0.07265752966265543,0.1386404790173448,0.06947781995673047,20,25,1.0,29.0,0.6538263995891115,0.0,0.124,213,2238,0.1,0.25,45
40,20,false,,0.12191907713944616,0.12256516005500354,0.018130828791149627,12,5,1.0,38.0,0.5324881141045958,0.0,0.2768,213,2238,0.1,0.25,45
50,25,false,,0.12280931505241771,0.14895593276106062,0.03508484594464863,31,46,3.0,49.0,0.5821727019498607,0.2924791086350975,0.2624,213,2238,0.1,0.25,45
60,30,false,,0.14303888992363506,0.11207870699526976,-0.037837389867996646,19,1,1.0,48.0,0.36583432421720175,0.07609988109393578,0.251,213,2238,0.1,0.25,45
20,10,false,,0.11054101578918352,0.1405052825912619,0.0402204225012294,10,15,1.0,19.0,0.5975765306122449,0.0,0.3188,214,2239,0.1,0.25,45
30,15,false,,0.1038619302308214,0.14715009681770944,0.06215059018242894,18,27,1.0,29.0,0.6310035142522452,0.0,0.2944,214,2239,0.1,0.25,45
40,20,false,,0.1624349303807076,0.1042577752754591,-0.07067363442831096,7,4,1.0,37.0,0.3179916317991632,0.0,0.2628,214,2239,0.1,0.25,45
50,25,false,,0.1284307753256817,0.13728671341560295,0.012902269677074849,31,1,1.0,48.0,0.5396078431372549,0.356078431372549,0.2342,214,2239,0.1,0.25,45
60,30,true,,0.12261345372537549,0.26611865381230404,0.14681732291046118,49,53,7.0,58.0,0.7700515084621045,0.20934510669610007,0.226,214,2239,0.1,0.25,45
20,10,false,,0.07419840189516307,0.10190585983545578,0.030694062790402384,14,16,2.0,19.0,0.6019880715705765,0.0,0.228,215,2240,0.1,0.25,45
30,15,false,,0.11429047563131163,0.1672938692114716,0.08766441548781426,15,1,1.0,29.0,0.5993445309299468,0.0,0.2594,215,2240,0.1,0.25,45
40,20,false,,0.0985982380601599,0.4775269813370642,0.3766325141266428,35,36,19.0,39.0,0.891746163417669,0.0,0.2368,215,2240,0.1,0.25,45
50,25,false,,0.11426400283771689,0.13110660907061347,0.020917020263191616,31,45,4.0,49.0,0.5778834720570749,0.1985731272294887,0.2884,215,2240,0.1,0.25,45
60,30,false,,0.12059982621018808,0.16607464421948384,0.03529817108675705,51,56,5.0,59.0,0.5944197331176708,0.15406389001213103,0.219,215,2240,0.1,0.25,45
20,10,false,,0.06857499498668868,0.30130423204784224,0.23260808814125494,15,17,1.0,19.0,0.7569533590072742,0.0,0.2132,216,2241,0.1,0.25,45
30,15,false,,0.06869301154715349,0.2598497723202114,0.198624867801671,25,26,13.0,29.0,0.8315533980582525,0.0,0.1472,216,2241,0.1,0.25,45
40,20,false,,0.14448870236790906,0.10590271612291982,-0.03695493747068439,11,5,1.0,36.0,0.4116706634692246,0.0,0.2718,216,2241,0.1,0.25,45
50,25,false,,0.48930263104930855,0.09347093621038123,-0.3829405923331948,4,2,1.0,23.0,0.2010166358595194,0.0,0.1898,216,2241,0.1,0.25,45
60,30,false,,0.40608748101315884,0.09106442400164741,-0.294291806937318,5,4,1.0,15.0,0.17246835443037975,0.0,0.1194,216,2241,0.1,0.25,45
20,10,false,,0.05597910794260604,0.5387116588756713,0.47420373695498935,15,16,2.0,19.0,0.7689055894786284,0.0,0.182,217,2242,0.1,0.25,45
30,15,false,,0.07266970726815702,0.07822447158297101,-0.0019849808723291368,14,4,1.0,29.0,0.49824355971896955,0.0,0.1106,217,2242,0.1,0.25,45
40,20,true,,0.05392279910687974,0.1744746567616325,0.11633809196195383,33,29,19.0,39.0,0.7802197802197802,0.0,0.0466,217,2242,0.1,0.25,45
20,10,false,,0.11821964739355562,0.4768275111977212,0.35952138204369655,15,16,2.0,19.0,0.7446236559139785,0.0,0.2728,218,2243,0.1,0.25,45
30,15,false,,0.13146313541687174,0.425050955428497,0.3127287449139891,22,26,1.0,29.0,0.6721487307829818,0.0,0.25,218,2243,0.1,0.25,45
40,20,false,,0.12929833917535297,0.1341814865103512,0.013911951809873507,22,37,1.0,39.0,0.5382698469206123,0.0,0.2634,218,2243,0.1,0.25,45
50,25,false,,0.2968462349245651,0.11517498530067197,-0.19071089675249056,5,2,1.0,42.0,0.22402720060445788,0.03135625236116358,0.198,218,2243,0.1,0.25,45
60,30,true,,0.13476974748692397,0.4042728102703449,0.28992360675514633,52,53,33.27499999999999,59.0,0.9072305593451568,0.20668485675306958,0.2084,218,2243,0.1,0.25,45
20,10,false,,0.12157513830358965,0.06939018420841028,-0.05901289221347261,7,1,1.0,19.0,0.41919191919191917,0.0,0.1648,219,2244,0.1,0.25,45
30,15,false,,0.07165718116719869,0.08869292773450828,0.022348366076105762,14,3,1.0,28.0,0.5973045822102426,0.0,0.1204,219,2244,0.1,0.25,45
40,20,true,,0.06569848286830288,0.2619096376824091,0.19207302867188963,30,34,13.0,39.0,0.8661645422943222,0.0,0.0756,219,2244,0.1,0.25,45
20,10,true,,0.10993186343039475,0.20783638050849212,0.10510750563998586,13,15,3.0,19.0,0.7385362890980869,0.0,0.3206,220,2245,0.1,0.25,45
20,10,false,,0.11897808597263208,0.14400551243598309,0.056256612994483285,12,1,1.0,19.0,0.5785369476420349,0.0,0.2562,221,2246,0.1,0.25,45
30,15,true,,0.10534842241059492,0.153640893934762,0.06400935392851229,16,26,1.0,29.0,0.7018587360594796,0.0,0.2878,221,2246,0.1,0.25,45
20,10,true,,0.06989519959364754,0.21072563400600705,0.14906296912653355,14,17,1.0,19.0,0.7352941176470589,0.0,0.2372,222,2247,0.1,0.25,45
20,10,false,,0.09311767163701982,0.146243142734251,0.05738070162046735,11,11,1.0,19.0,0.6215929203539823,0.0,0.2992,223,2248,0.1,0.25,45
30,15,false,,0.09131089397245885,0.10344464462139837,0.014479945574325456,20,25,1.0,29.0,0.5405753542292829,0.0,0.2244,223,2248,0.1,0.25,45
40,20,true,,0.1031585898322661,0.2974664603411368,0.1948826980649916,34,36,9.0,39.0,0.7978981406628941,0.0,0.2444,223,2248,0.1,0.25,45
20,10,true,,0.10430018012804254,0.23087815856738275,0.1395585489510695,14,17,1.0,19.0,0.7064063035286057,0.0,0.2966,224,2249,0.1,0.25,45
20,10,false,,0.09269365281067135,0.12235244520714554,0.039221720325440294,11,15,1.0,19.0,0.5989902632527948,0.0,0.2896,225,2250,0.1,0.25,45
30,15,false,,0.11404862255436185,0.10401560060050648,-0.007865164694928303,9,3,1.0,28.0,0.4707971586424625,0.0,0.273,225,2250,0.1,0.25,45
40,20,true,,0.11251188771715917,0.3815509445977206,0.2749256586185699,32,36,2.0,39.0,0.7081320450885669,0.0,0.276,225,2250,0.1,0.25,45
20,10,false,,0.15683937136907908,0.1848757974041232,0.05796318681374987,13,16,1.0,19.0,0.5751654585565711,0.0,0.2764,226,2251,0.1,0.25,45
30,15,false,,0.13609108646069956,0.12990297135269635,-0.007077066922068054,20,26,2.0,29.0,0.4688679245283019,0.0,0.2782,226,2251,0.1,0.25,45
40,20,false,,0.1395623227105727,0.12070489336134593,-0.030313665679177565,24,3,1.0,39.0,0.44076655052264807,0.0,0.2504,226,2251,0.1,0.25,45
50,25,false,,0.12705619083019354,0.1043812267021249,-0.02654141594578964,32,44,3.0,48.0,0.38478831022855003,0.22517796927688272,0.2492,226,2251,0.1,0.25,45
60,30,true,,0.12067893291554474,0.267717151278385,0.14782547483408615,53,55,44.0,59.0,0.7996715927750411,0.1506568144499179,0.1638,226,2251,0.1,0.25,45
20,10,false,,0.13030658729967196,0.1918916196512786,0.08181451644018256,13,16,1.0,19.0,0.5926048200726313,0.0,0.288,227,2252,0.1,0.25,45
30,15,false,,0.12463913625158791,0.1637248015132357,0.0555030403929577,20,25,2.0,29.0,0.6006568144499179,0.0,0.2976,227,2252,0.1,0.25,45
40,20,false,,0.13124867153544423,0.10705796443852922,-0.040292728790226856,26,36,1.0,39.0,0.41720348616900343,0.0,0.2418,227,2252,0.1,0.25,45
50,25,false,,0.5729299587241778,0.09857471913290447,-0.47841374419856464,4,2,1.0,48.0,0.20241691842900303,0.12041432887354338,0.2036,227,2252,0.1,0.25,45
60,30,false,,0.12557871051222363,0.12387263063144405,-0.003781956774652484,39,2,2.0,58.0,0.4888641425389755,0.13325909428359317,0.2326,227,2252,0.1,0.25,45
20,10,false,,0.12307629009037047,0.19012592571866177,0.08635645609372028,12,15,1.0,19.0,0.6343210680560079,0.0,0.3022,228,2253,0.1,0.25,45
30,15,false,,0.11829924362253193,0.21757679618049552,0.11096351312116569,19,26,1.0,29.0,0.6964407939767283,0.0,0.2902,228,2253,0.1,0.25,45
40,20,false,,0.13566961000737873,0.09674372932923264,-0.0522143815164727,16,4,1.0,35.0,0.2958444529165078,0.0,0.274,228,2253,0.1,0.25,45
50,25,true,,0.11709438743248653,0.20728423685382555,0.08742811075314766,39,45,11.0,49.0,0.7511380880121397,0.36608497723823974,0.269,228,2253,0.1,0.25,45
20,10,false,,0.10228296885766053,0.5014944030407618,0.3959047758665588,16,16,5.0,19.0,0.908842608398771,0.0,0.2894,229,2254,0.1,0.25,45
30,15,false,,0.12398583034096211,0.09702944006243919,-0.04632772505424011,12,1,1.0,28.0,0.36342136381553014,0.0,0.249,229,2254,0.1,0.25,45
40,20,false,,0.126863545116726,0.1079180096995305,-0.020127220369780652,13,7,1.0,35.0,0.41545524100994646,0.0,0.2778,229,2254,0.1,0.25,45
50,25,false,,0.11789258166207056,0.17437011019177007,0.059490918925614866,38,47,16.0,49.0,0.6504892367906067,0.3487279843444227,0.2746,229,2254,0.1,0.25,45
60,30,false,,0.12412915087637331,0.12904762227033198,0.018226453018126337,16,4,2.0,57.0,0.5606728073688426,0.09371245494593512,0.2286,229,2254,0.1,0.25,45
20,10,false,,0.13699358951938728,0.16026663855882498,0.04880690321433419,11,18,2.0,19.0,0.5869228385497366,0.0,0.3092,230,2255,0.1,0.25,45
30,15,false,,0.15400987979251018,0.09124705729800524,-0.08558259160517057,11,3,1.0,29.0,0.30148148148148146,0.0,0.2216,230,2255,0.1,0.25,45
40,20,false,,0.13265015274920858,0.09936901161217544,-0.04461577571255297,14,5,1.0,37.0,0.3492239467849224,0.0,0.2614,230,2255,0.1,0.25,45
50,25,false,,0.11994832416153965,0.1430454355470616,0.036036752320302054,32,44,2.0,48.0,0.5905963302752294,0.34824159021406725,0.2598,230,2255,0.1,0.25,45
60,30,false,,0.12386462804846717,0.1557497294707823,0.04233231173045453,34,41,2.0,52.0,0.6868940754039498,0.21795332136445242,0.2514,230,2255,0.1,0.25,45
20,10,true,,0.1442683128979393,0.31874661000989324,0.20612564785838844,13,16,1.0,19.0,0.7031446540880503,0.0,0.3118,231,2256,0.1,0.25,45
20,10,false,,0.10900678293580258,0.1376509409763358,0.05082095530948871,13,1,1.0,19.0,0.5628649279875438,0.0,0.2374,232,2257,0.1,0.25,45
30,15,false,,0.09182227000850983,0.13173814644710444,0.06280311687073654,17,25,1.0,29.0,0.6339055793991416,0.0,0.2156,232,2257,0.1,0.25,45
40,20,false,,0.12736911639975734,0.09595261082202805,-0.03905759714367789,9,5,2.0,36.0,0.3672,0.0,0.2736,232,2257,0.1,0.25,45
50,25,true,,0.10903633304202547,0.4891903751909978,0.3719486229725597,44,44,33.0,49.0,0.8675914249684742,0.6347204707860445,0.2444,232,2257,0.1,0.25,45
20,10,false,,0.07387187521923347,0.7049966038048556,0.6253079424581868,17,16,11.0,19.0,0.9850931677018634,0.0,0.2406,233,2258,0.1,0.25,45
30,15,false,,0.06991840161905914,0.5717774424262104,0.4995976415624089,26,25,20.0,29.0,1.0,0.0,0.1374,233,2258,0.1,0.25,45
40,20,false,,0.13319982670211256,0.09728949763224887,-0.037980180076783304,8,4,1.0,33.0,0.34875153499795336,0.0,0.2526,233,2258,0.1,0.25,45
50,25,false,,0.1227469189580483,0.10763974798286588,-0.013551671985875396,19,4,1.0,47.0,0.4586794927853083,0.1915172715347617,0.2184,233,2258,0.1,0.25,45
60,30,true,,0.10722689573948262,0.3343821957064318,0.21241790390891546,54,55,42.0,59.0,0.8024574669187146,0.14603024574669188,0.142,233,2258,0.1,0.25,45
20,10,false,,0.15076211297164374,0.07661339892470463,-0.0795108620807683,6,1,1.0,17.0,0.2566090941135002,0.0,0.268,234,2259,0.1,0.25,45
30,15,false,,0.08773359124174003,0.6373405443639112,0.5507662426595836,26,26,20.0,29.0,0.9877105143377333,0.0,0.2108,234,2259,0.1,0.25,45
40,20,false,,0.09176184131011758,0.1949848134861956,0.11611857685560037,29,36,2.0,39.0,0.6800959232613909,0.0,0.1542,234,2259,0.1,0.25,45
50,25,false,,0.10252013095500068,0.12137073204884831,0.04231481444178755,25,5,1.0,48.0,0.5633017289459007,0.30507529280535417,0.0954,234,2259,0.1,0.25,45
60,30,false,,0.08775055019938635,0.1536915212845765,0.06399289967450222,51,55,38.0,58.0,0.6698324022346369,0.19553072625698323,0.068,234,2259,0.1,0.25,45
20,10,false,,0.08073302155523468,0.1566382005041456,0.08362238658120422,14,16,2.0,19.0,0.6814456035767511,0.0,0.2886,235,2260,0.1,0.25,45
30,15,false,,0.08841743774154803,0.19296753724364926,0.10867086854977095,19,24,1.0,29.0,0.6792770071458596,0.0,0.2258,235,2260,0.1,0.25,45
40,20,false,,0.09672164771143418,0.1309675148200546,0.039434982886310865,28,35,2.0,38.0,0.6059618071727992,0.0,0.1656,235,2260,0.1,0.25,45
50,25,true,,0.09518624163932266,0.22459541796438712,0.13054291623458866,40,45,21.0,49.0,0.7364117364117364,0.39826839826839827,0.1394,235,2260,0.1,0.25,45
20,10,false,,0.23796323287537943,0.062350669571185936,-0.1806787464980769,4,2,1.0,18.0,0.293218345746766,0.0,0.21,236,2261,0.1,0.25,45
30,15,false,,0.08888265105600193,0.1018446011988927,0.021985131046933663,16,25,2.0,29.0,0.5734883720930233,0.0,0.1616,236,2261,0.1,0.25,45
40,20,false,,0.0697217330544263,0.5919713143522077,0.5223418462695698,35,35,29.0,39.0,1.0,0.0,0.0796,236,2261,0.1,0.25,45
50,25,false,,0.07281746970129772,0.11856549015943857,0.04888659032782269,45,45,36.0,49.0,0.6710164835164835,0.6717032967032966,0.0454,236,2261,0.1,0.25,45
60,30,true,,0.0625506406881816,0.30001512109763556,0.2461186582183268,53,54,48.0,59.0,0.9976284584980237,0.028458498023715414,0.02,236,2261,0.1,0.25,45
20,10,false,,0.09994480261677607,0.212046977756393,0.1329139912236859,13,17,1.0,19.0,0.6922547332185887,0.0,0.3012,237,2262,0.1,0.25,45
30,15,true,,0.10103556895372261,0.3120096836894982,0.21257287716017673,23,27,2.0,29.0,0.7852998065764023,0.0,0.2832,237,2262,0.1,0.25,45
20,10,false,,0.18732412993028572,0.08034455064909497,-0.11120287835414319,4,1,1.0,19.0,0.306640625,0.0,0.2616,238,2263,0.1,0.25,45
30,15,true,,0.0991975554878697,0.186047529540551,0.09904269627105688,20,27,2.0,29.0,0.7052091554853985,0.0,0.2804,238,2263,0.1,0.25,45
20,10,false,,0.1000870420238649,0.14087413788467054,0.05184653838648671,12,16,1.0,19.0,0.6467953135768436,0.0,0.2892,239,2264,0.1,0.25,45
30,15,false,,0.09717380856884267,0.14179624205319163,0.05638910159024421,19,25,2.0,29.0,0.6315192743764172,0.0,0.2612,239,2264,0.1,0.25,45
40,20,false,,0.09544712676330529,0.1642068830052139,0.07862724381759818,32,35,18.0,39.0,0.6686340640809444,0.0,0.2146,239,2264,0.1,0.25,45
50,25,false,,0.09993838877709081,0.1521130351395802,0.04108502955820034,41,46,24.0,49.0,0.6874431301182894,0.44494995450409464,0.1642,239,2264,0.1,0.25,45
60,30,false,,0.11827237434710453,0.09893579689356734,-0.021321565085022268,20,1,1.0,59.0,0.46758703481392555,0.08343337334933974,0.0744,239,2264,0.1,0.25,45
20,10,false,,0.13721487113150688,0.17884287002522267,0.06513575629994071,11,16,1.0,19.0,0.5826339573918657,0.0,0.31,240,2265,0.1,0.25,45
30,15,false,,0.13154565009901267,0.14644948291733464,0.018862149046769222,14,9,1.0,29.0,0.5637128072445019,0.0,0.292,240,2265,0.1,0.25,45
40,20,false,,0.17607724374445052,0.10494155288668494,-0.08510717723653625,6,3,1.0,37.0,0.28429569694740714,0.0,0.2552,240,2265,0.1,0.25,45
50,25,false,,0.19279236984368198,0.11022386039449555,-0.11246208549257493,10,2,1.0,45.0,0.2898089171974522,0.06807324840764331,0.2094,240,2265,0.1,0.25,45
60,30,false,,0.12775408622805384,0.15725889331324552,0.07692150471896675,29,3,1.0,58.0,0.6926260346124906,0.08653122648607976,0.1854,240,2265,0.1,0.25,45
20,10,true,,0.12147258313111454,0.24185451131502397,0.12441773775681118,13,15,2.0,19.0,0.7407749077490775,0.0,0.284,241,2266,0.1,0.25,45
20,10,false,,0.09074632672421813,0.36208970473997437,0.26401619775876983,15,17,3.0,19.0,0.7982174688057041,0.0,0.2842,242,2267,0.1,0.25,45
30,15,false,,0.12039447399720792,0.09698443854443262,-0.04184734107366606,8,1,1.0,29.0,0.4385076001842469,0.0,0.1786,242,2267,0.1,0.25,45
40,20,true,,0.08344215456588497,0.4489403957860476,0.3698132436847955,34,34,18.0,39.0,0.9204545454545454,0.0,0.1434,242,2267,0.1,0.25,45
20,10,false,,0.11971966203060876,0.1156641386725734,-0.009102531198353248,13,16,1.0,19.0,0.4813802528185856,0.0,0.2832,243,2268,0.1,0.25,45
30,15,false,,0.09382175271982757,0.22263094133239175,0.13072712579941706,22,25,2.0,29.0,0.6909456740442655,0.0,0.2306,243,2268,0.1,0.25,45
40,20,false,,0.13028083486178296,0.15285159432699197,0.056146273499715786,19,3,1.0,38.0,0.5841703495379671,0.0,0.2594,243,2268,0.1,0.25,45
50,25,false,,0.1232414990261953,0.14063848191959516,0.050931931268878454,28,46,2.0,49.0,0.6099916036943744,0.2968094038623006,0.2534,243,2268,0.1,0.25,45
60,30,false,,0.12119914949696647,0.15324402640725215,0.03255737859503118,45,47,1.0,58.0,0.5809859154929577,0.2676056338028169,0.2168,243,2268,0.1,0.25,45
20,10,false,,0.10419758913588277,0.4050679399194129,0.31751721618233325,16,17,1.0,19.0,0.7978878368536052,0.0,0.281,244,2269,0.1,0.25,45
30,15,false,,0.1096096643842085,0.0992476184846522,-0.011080143096633605,16,5,1.0,29.0,0.4690016103059581,0.0,0.2408,244,2269,0.1,0.25,45
40,20,false,,0.09494377644608466,0.10806152630280613,0.017426205895165317,28,35,4.0,39.0,0.5591054313099042,0.0,0.1878,244,2269,0.1,0.25,45
50,25,true,,0.0927503483770962,0.15511008811910787,0.05934760625046522,40,45,18.0,48.0,0.7300843486410497,0.42549203373945643,0.1414,244,2269,0.1,0.25,45
20,10,false,,0.10330335552598284,0.4850148521801001,0.38891588267831834,16,17,3.0,19.0,0.8078498293515358,0.0,0.2868,245,2270,0.1,0.25,45
30,15,false,,0.11346102772738763,0.15422033967333043,0.05629342077621294,20,26,2.0,29.0,0.6422050561797753,0.0,0.2806,245,2270,0.1,0.25,45
40,20,false,,0.12062305349999317,0.1552356118679313,0.06135441997493299,21,36,1.0,39.0,0.6241391808626314,0.0,0.2576,245,2270,0.1,0.25,45
50,25,true,,0.11952212864077807,0.26543707019410184,0.15352378229232888,43,45,24.0,49.0,0.7630385487528345,0.5291005291005291,0.2362,245,2270,0.1,0.25,45
20,10,false,,0.10892680297962677,0.31871017584525013,0.21775732331908254,15,16,2.0,19.0,0.7717647058823529,0.0,0.287,246,2271,0.1,0.25,45
30,15,false,,0.09744721719023897,0.5066947239830374,0.3965243520140824,25,26,2.0,29.0,0.7710892710892711,0.0,0.2352,246,2271,0.1,0.25,45
40,20,false,,0.09662508889321858,0.11250668004502866,0.026573330693561714,20,34,3.0,38.0,0.5817223198594025,0.0,0.1892,246,2271,0.1,0.25,45
50,25,false,,0.1348704726697716,0.07931883417043305,-0.058596930810054154,6,2,1.0,46.0,0.2813026389668725,0.060078607523863,0.109,246,2271,0.1,0.25,45
60,30,false,,0.6907548966528371,0.07280835413934693,-0.6151656501953027,2,1,1.0,10.0,0.029573590096286108,0.0,0.043,246,2271,0.1,0.25,45
20,10,false,,0.11041845984530124,0.19544291449746437,0.1206555182145242,10,1,1.0,19.0,0.6085043988269795,0.0,0.2736,247,2272,0.1,0.25,45
30,15,false,,0.12696456792203237,0.11035535008977092,-0.018350410852464,10,1,1.0,29.0,0.464476386036961,0.0,0.2388,247,2272,0.1,0.25,45
40,20,false,,0.10544654868956603,0.11436322576936159,0.016175018775884523,28,36,3.0,39.0,0.5493197278911565,0.0,0.2286,247,2272,0.1,0.25,45
50,25,false,,0.12292134707376995,0.12397515367241893,0.0034792810711571642,32,1,1.0,48.0,0.5045871559633027,0.2389491242702252,0.2528,247,2272,0.1,0.25,45
60,30,true,,0.11537018666210119,0.57106256254198,0.4426641319216239,53,56,31.0,59.0,0.8272315919374743,0.15261209378856438,0.2418,247,2272,0.1,0.25,45
20,10,false,,0.25784533130283355,0.056779825965482096,-0.21116932846699155,5,2,1.0,19.0,0.2870544090056285,0.0,0.2206,248,2273,0.1,0.25,45
30,15,false,,0.10089480814712005,0.12897293588792555,0.0481142519957382,14,4,1.0,28.0,0.6112631990614,0.0,0.285,248,2273,0.1,0.25,45
40,20,true,,0.11322367557429922,0.29475452070275626,0.18084192355109924,32,36,8.0,39.0,0.7297081167532987,0.0,0.2648,248,2273,0.1,0.25,45
20,10,false,,0.1280349638984879,0.11677700896792008,-0.010528745098883643,9,2,1.0,19.0,0.46791171477079796,0.0,0.2794,249,2274,0.1,0.25,45
30,15,false,,0.11959735325634141,0.11369027137146576,-0.011476218488660983,14,1,1.0,29.0,0.4733637747336377,0.0,0.253,249,2274,0.1,0.25,45
40,20,false,,0.10368465897838787,0.15362067409568517,0.05106901800101399,30,36,3.0,39.0,0.6372626582278481,0.0,0.253,249,2274,0.1,0.25,45
50,25,false,,0.26717956391830644,0.0999337353483023,-0.16868634071187844,4,3,1.0,13.0,0.18760757314974183,0.0,0.2574,249,2274,0.1,0.25,45
60,30,false,,0.12513662925670785,0.13077078328964487,0.022342453515692362,29,30,5.0,57.0,0.5605889014722537,0.08946772366930918,0.285,249,2274,0.1,0.25,45
20,10,false,,0.10603306333692075,0.34263816821794835,0.25571349932258347,15,17,3.0,19.0,0.8223486115757779,0.0,0.2946,250,2275,0.1,0.25,45
30,15,false,,0.10629289653006788,0.1514439862417825,0.05211499599628317,21,23,3.0,29.0,0.6490921787709497,0.0,0.2846,250,2275,0.1,0.25,45
40,20,false,,0.12141724650092146,0.11808148533743386,-0.003720843058914,23,37,1.0,39.0,0.4804035700426853,0.0,0.2664,250,2275,0.1,0.25,45
50,25,false,,0.18056881877678457,0.09561512212065383,-0.0908007024228917,8,3,1.0,24.0,0.23331951927061748,0.0,0.2292,250,2275,0.1,0.25,45
60,30,true,,0.11564795831716349,0.6856925446542169,0.5626744473931803,54,56,34.0,59.0,0.9429175475687104,0.10063424947145877,0.2514,250,2275,0.1,0.25,45
20,10,false,,0.13833356051106735,0.15835842044263,0.02637878916921703,9,1,1.0,19.0,0.5468549422336328,0.0,0.2936,251,2276,0.1,0.25,45
30,15,false,,0.13171623903643753,0.12737962095277752,-0.002799274243187294,14,4,2.0,28.0,0.4910452621295995,0.0,0.2752,251,2276,0.1,0.25,45
40,20,true,,0.11770491177179891,0.22684129001205255,0.1198148029211642,31,36,1.5999999999999943,39.0,0.7253234750462108,0.0,0.247,251,2276,0.1,0.25,45
20,10,false,,0.13214172952651398,0.10145987411815449,-0.03637256372728152,7,1,1.0,18.0,0.4044459190444592,0.0,0.282,252,2277,0.1,0.25,45
30,15,false,,0.1418307241417902,0.10187207466055816,-0.06047761926135525,8,1,1.0,29.0,0.4094488188976378,0.0,0.2592,252,2277,0.1,0.25,45
40,20,true,,0.1084645230145651,0.29766019379539177,0.21275353837704059,31,36,3.0,39.0,0.7565217391304347,0.0,0.2916,252,2277,0.1,0.25,45
20,10,false,,0.14366620050461842,0.19821984761733044,0.06390038551712977,13,14,2.0,19.0,0.6068092799035855,0.0,0.3106,253,2278,0.1,0.25,45
30,15,false,,0.3843173683764934,0.10387172755503214,-0.29191410440714327,4,2,1.0,26.0,0.12113849357861854,0.0,0.2344,253,2278,0.1,0.25,45
40,20,false,,0.12660117067645754,0.22742334746805937,0.11584532547307172,32,36,2.0,39.0,0.6384180790960452,0.0,0.2568,253,2278,0.1,0.25,45
50,25,false,,0.3504225497824363,0.10368045038574313,-0.2513679358032412,4,4,1.0,46.0,0.15364086923370188,0.06290507052992757,0.1998,253,2278,0.1,0.25,45
60,30,true,,0.12411834571447862,0.42108915869857716,0.2956424262828624,54,56,41.0,59.0,0.9,0.16925925925925925,0.2086,253,2278,0.1,0.25,45
20,10,false,,0.07397089787071129,0.16504060676636523,0.10317214943158612,15,15,2.0,19.0,0.7045807453416149,0.0,0.2572,254,2279,0.1,0.25,45
30,15,false,,0.09397629793935114,0.12455312459213368,0.0457839258734595,20,28,3.0,29.0,0.6649979140592407,0.0,0.269,254,2279,0.1,0.25,45
40,20,false,,0.10794286950011855,0.09798652809442616,-0.018906452126815215,15,6,1.0,38.0,0.450313339301701,0.0,0.1948,254,2279,0.1,0.25,45
50,25,false,,0.09931942473973449,0.6820595005300271,0.5776214505775401,45,45,38.0,49.0,0.9911214953271028,0.7714953271028038,0.1436,254,2279,0.1,0.25,45
60,30,false,,0.10938416294232561,0.0964363736989905,-0.007333537165089873,18,3,1.0,58.0,0.4661308840413318,0.10275545350172216,0.0894,254,2279,0.1,0.25,45
20,10,false,,0.05294973422595551,0.15943341660119717,0.10327706177673086,12,11,2.0,19.0,0.6970397779833487,0.0,0.1528,255,2280,0.1,0.25,45
30,15,false,,0.05153285106302217,0.5052257339795876,0.46011092473671356,26,26,12.0,29.0,0.8743424897720631,0.0,0.068,255,2280,0.1,0.25,45
40,20,false,,0.3500339004159384,0.05850678050096484,-0.28242710581810626,2,1,1.0,15.0,0.14556962025316456,0.0,0.04,255,2280,0.1,0.25,45
50,25,false,,0.7744694683531743,0.04526444226964228,-0.7345508861413867,1,1,1.0,3.0,0.0,0.0,0.014,255,2280,0.1,0.25,45
60,30,false,,0.05443692540280142,0.6811407272088266,0.6267038018060251,56,58,48.0,59.0,1.0,0.19653767820773932,0.012,255,2280,0.1,0.25,45
20,10,false,,0.11249783774474521,0.1486161345581344,0.05267183374978911,9,4,1.0,19.0,0.5823488533703961,0.0,0.2892,256,2281,0.1,0.25,45
30,15,true,,0.09394783273561512,0.28547279689090255,0.19428632090598527,24,27,6.0,29.0,0.8441509433962264,0.0,0.2806,256,2281,0.1,0.25,45
20,10,false,,0.12481371663278461,0.11562545686794057,-0.01766762092128718,6,1,1.0,18.0,0.4469923562645397,0.0,0.2908,257,2282,0.1,0.25,45
30,15,false,,0.11512590894622665,0.1319303819640306,0.03268143280943697,18,27,1.0,29.0,0.5709149021174591,0.0,0.26,257,2282,0.1,0.25,45
40,20,false,,0.1144806174340944,0.1667584572403147,0.0630671939452625,28,33,4.0,39.0,0.6513080827801639,0.0,0.2748,257,2282,0.1,0.25,45
50,25,false,,0.11325759227372231,0.1757120285710116,0.06979072808070566,40,42,21.0,48.0,0.6657894736842105,0.40714285714285714,0.275,257,2282,0.1,0.25,45
60,30,false,,0.11839568714610012,0.1554895769960034,0.04828507434378099,39,55,13.0,58.0,0.6275236918005769,0.1273176761433869,0.1938,257,2282,0.1,0.25,45
20,10,false,,0.10727076942508104,0.12799914341757354,0.023507120691980812,11,16,1.0,19.0,0.566634082763115,0.0,0.3134,258,2283,0.1,0.25,45
30,15,false,,0.12038627167100416,0.1944456799663415,0.08337525051264466,20,27,1.0,29.0,0.6564673157162726,0.0,0.2944,258,2283,0.1,0.25,45
40,20,false,,0.1745671815374479,0.10554283321957052,-0.09227856185066663,6,2,1.0,29.949999999999818,0.3164260632071791,0.0,0.2304,258,2283,0.1,0.25,45
50,25,false,,0.1633623256608973,0.10127645548224412,-0.07959244209751595,9,1,1.0,39.0,0.2518248175182482,0.015004055150040552,0.237,258,2283,0.1,0.25,45
60,30,false,,0.5858429315251843,0.11420359991882993,-0.46555057280996603,3,1,1.0,16.0,0.1478218306412139,0.0,0.1204,258,2283,0.1,0.25,45
20,10,false,,0.11558697689048406,0.1542104636347955,0.055069579621206136,12,16,1.0,19.0,0.5959144589849984,0.0,0.3082,259,2284,0.1,0.25,45
30,15,false,,0.11364789521654248,0.13488058202806938,0.02910080416224406,18,26,2.0,29.0,0.5843221862639338,0.0,0.2824,259,2284,0.1,0.25,45
40,20,false,,0.12443375992715777,0.11312194141036068,-0.015617388737592663,24,1,1.0,39.0,0.47388932190179267,0.0,0.2544,259,2284,0.1,0.25,45
50,25,false,,0.12634481775725437,0.12027366358629812,-0.018818518088093886,38,39,1.0,48.0,0.4758648431214803,0.3032984714400644,0.2564,259,2284,0.1,0.25,45
60,30,false,,0.1274497410582119,0.13368933455883858,0.013447193091412873,39,56,3.0,58.0,0.5300117693213025,0.06865437426441742,0.2518,259,2284,0.1,0.25,45
20,10,false,,0.09381047002865156,0.2841770924939672,0.1962630678657841,15,16,2.0,19.0,0.8391994478951,0.0,0.3136,260,2285,0.1,0.25,45
30,15,false,,0.11215625807554212,0.1285397890058193,0.02208547280154292,17,25,2.0,29.0,0.5610278372591007,0.0,0.2922,260,2285,0.1,0.25,45
40,20,false,,0.1089101285985765,0.1502679373685937,0.056903500437033794,25,36,2.0,39.0,0.6333859510655091,0.0,0.2706,260,2285,0.1,0.25,45
50,25,false,,0.38529888687920016,0.11092968823178982,-0.29821944148987,5,1,1.0,49.0,0.3792344918609767,0.15662120545534536,0.1994,260,2285,0.1,0.25,45
60,30,true,,0.12202103412332621,0.32418404968673253,0.20831004019151644,51,54,23.0,59.0,0.8384101040118871,0.18536404160475484,0.2446,260,2285,0.1,0.25,45
20,10,false,,0.1214653265619176,0.11961368604624115,-0.004201554449377254,8,4,1.0,19.0,0.4888135593220339,0.0,0.2976,261,2286,0.1,0.25,45
30,15,false,,0.10694362439917049,0.41017066587108986,0.3044105951195655,25,26,12.0,29.0,0.9082798001427552,0.0,0.2774,261,2286,0.1,0.25,45
40,20,true,,0.10551769754884943,0.25401207688748967,0.14207623935291963,34,36,4.0,39.0,0.715286361763494,0.0,0.2292,261,2286,0.1,0.25,45
20,10,false,,0.0914564886989306,0.10983101919306744,0.015587188007750573,10,13,1.0,19.0,0.5478229835831548,0.0,0.286,262,2287,0.1,0.25,45
30,15,true,,0.09991764066027287,0.24189043713531477,0.1609388837139945,20,26,3.0,29.0,0.742053343076361,0.0,0.3168,262,2287,0.1,0.25,45
20,10,true,,0.0702023548831992,0.1909506371070992,0.1250519637772946,14,16,1.0,19.0,0.7027824620573356,0.0,0.2162,263,2288,0.1,0.25,45
20,10,false,,0.1462670261161403,0.09713518367512358,-0.06204644303625964,7,3,1.0,19.0,0.38648180242634317,0.0,0.2892,264,2289,0.1,0.25,45
30,15,false,,0.10661250776116199,0.16999806789001562,0.07066475095689165,21,26,2.0,29.0,0.6982849142457123,0.0,0.29,264,2289,0.1,0.25,45
40,20,false,,0.12560635380730104,0.11769544890865392,-0.0056840333762117334,27,38,1.0,39.0,0.48893203883495145,0.0,0.2644,264,2289,0.1,0.25,45
50,25,false,,0.12393811258054743,0.09843518599763339,-0.03021900414288739,24,29,3.0,46.0,0.3728290235430336,0.06831339251254342,0.2756,264,2289,0.1,0.25,45
60,30,true,,0.12078183700496098,0.17257365504570113,0.057060791412360895,40,51,4.0,57.0,0.7102085620197585,0.23015001829491402,0.2384,264,2289,0.1,0.25,45
20,10,false,,0.09972740822496394,0.21850360318047504,0.11904450759181645,15,16,2.0,19.0,0.6902439024390243,0.0,0.2828,265,2290,0.1,0.25,45
30,15,false,,0.10711513868960437,0.11273675055335425,0.013412012512813487,12,4,1.0,28.0,0.5424688561721405,0.0,0.2736,265,2290,0.1,0.25,45
40,20,true,,0.11158193942104583,0.36141424837947245,0.2493692750805172,34,35,2.0,39.0,0.8220064724919094,0.0,0.2682,265,2290,0.1,0.25,45
20,10,false,,0.1781818169219835,0.13619800910897387,-0.059966955089123294,10,13,1.0,19.0,0.39337474120082816,0.0,0.3164,266,2291,0.1,0.25,45
30,15,false,,0.13630970619919028,0.1032676960065169,-0.04341015881982613,16,11,3.0,27.0,0.35802089735709897,0.0,0.3,266,2291,0.1,0.25,45
40,20,false,,0.15162304314347322,0.11705933235594812,-0.039389997650582376,12,35,1.0,39.0,0.4210718191760846,0.0,0.2452,266,2291,0.1,0.25,45
50,25,false,,0.12842294756791126,0.4438649707616257,0.3169333297851342,43,46,1.0,49.0,0.6324921135646687,0.4712145110410095,0.216,266,2291,0.1,0.25,45
60,30,true,,0.12926258059882387,0.26824504521025605,0.13953979301881803,51,56,5.0,59.0,0.700641751604379,0.09588523971309929,0.2092,266,2291,0.1,0.25,45
20,10,false,,0.08851487783926054,0.13362878277668733,0.04592431749376659,14,16,1.0,19.0,0.5905743740795287,0.0,0.2608,267,2292,0.1,0.25,45
30,15,true,,0.07443050835357679,0.6269004408400062,0.5250601551343178,24,26,1.0,29.0,0.7728,0.0,0.1108,267,2292,0.1,0.25,45
20,10,false,,0.17164033237307008,0.08867796194321115,-0.08523279535870415,4,1,1.0,18.0,0.3663442940038685,0.0,0.2376,268,2293,0.1,0.25,45
30,15,false,,0.11263770709499454,0.10149382890248018,-0.004144102926538357,11,4,1.0,28.0,0.48942714340638216,0.0,0.2816,268,2293,0.1,0.25,45
40,20,false,,0.10827130907529048,0.1256417218542546,0.029681556876595225,23,26,2.0,38.0,0.5973767885532592,0.0,0.2576,268,2293,0.1,0.25,45
50,25,true,,0.10981561477133939,0.28181601120548405,0.17204023959237558,43,45,3.0,49.0,0.793939393939394,0.5108225108225108,0.2512,268,2293,0.1,0.25,45
20,10,false,,0.0820071088884014,0.7090403304663317,0.6263907917228667,16,16,10.0,19.0,0.9805598755832037,0.0,0.2618,269,2294,0.1,0.25,45
30,15,false,,0.37295623332696826,0.08034584662168473,-0.2985037240181265,3,1,1.0,12.0,0.14111498257839722,0.0,0.2368,269,2294,0.1,0.25,45
40,20,false,,0.17123691364853327,0.08570139325218926,-0.09151754063887352,7,1,1.0,35.0,0.2818305391934753,0.0,0.1888,269,2294,0.1,0.25,45
50,25,false,,0.11395288380239038,0.12340957806334525,0.02067336906764384,38,41,2.0,48.0,0.5247971145175834,0.3408476104598738,0.1708,269,2294,0.1,0.25,45
60,30,false,,0.15042640718970796,0.09120589178322396,-0.05726439798614549,9,6,1.0,57.0,0.2930604093859211,0.0309535696455317,0.1234,269,2294,0.1,0.25,45
20,10,true,,0.11471876006009807,0.23754323631349658,0.13248590372718816,14,16,2.0,19.0,0.7161855335711969,0.0,0.3186,270,2295,0.1,0.25,45
20,10,false,,0.10945409528411944,0.2190554313987356,0.1342038170599956,12,16,1.0,19.0,0.6854920527561718,0.0,0.295,271,2296,0.1,0.25,45
30,15,false,,0.13198376785031551,0.19222817513155244,0.07121990021314957,19,1,1.0,29.0,0.6215469613259669,0.0,0.266,271,2296,0.1,0.25,45
40,20,false,,0.12073499665753604,0.5029764715916003,0.382556961777969,35,36,16.0,39.0,0.8928965771071035,0.0,0.2464,271,2296,0.1,0.25,45
50,25,true,,0.12345025959863479,0.31632887572060603,0.1959785851181949,41,46,18.0,49.0,0.7907814187972633,0.43320129636298166,0.2344,271,2296,0.1,0.25,45
20,10,false,,0.058792301556375354,0.5373157959015331,0.4947832977840286,15,17,2.0,19.0,0.8225128444652032,0.0,0.1868,272,2297,0.1,0.25,45
30,15,false,,0.2681887262531282,0.05277416536081677,-0.21873488859817092,3,2,1.0,14.0,0.1767189384800965,0.0,0.079,272,2297,0.1,0.25,45
40,20,true,,0.06432541557665053,0.4373518800831221,0.3655808551314745,34,36,30.0,39.0,0.906764168190128,0.0,0.0666,272,2297,0.1,0.25,45
20,10,false,,0.09716855211807865,0.1179390674843546,0.03229372923956811,11,1,1.0,19.0,0.5995785036880927,0.0,0.3038,273,2298,0.1,0.25,45
30,15,true,,0.10863980592328305,0.51286717636858,0.4139549120394852,24,26,6.0,29.0,0.8717858400845369,0.0,0.2808,273,2298,0.1,0.25,45
20,10,false,,0.19045455530575567,0.1760641655728648,-0.02044826260984002,12,17,1.0,19.0,0.45008807985907223,0.0,0.3134,274,2299,0.1,0.25,45
30,15,false,,0.17442476339596574,0.11789143395609644,-0.08372423449096378,18,24,2.0,29.0,0.29448032883147385,0.0,0.2804,274,2299,0.1,0.25,45
40,20,false,,0.13472421364924209,0.42170781232431054,0.2892569887373708,35,36,22.0,39.0,0.8203672787979966,0.0,0.2322,274,2299,0.1,0.25,45
50,25,false,,0.33029930530461543,0.11270865000168406,-0.21869363440674963,5,4,1.0,16.0,0.08618331053351573,0.0,0.1764,274,2299,0.1,0.25,45
60,30,false,,0.17754850262211153,0.13611571983719112,-0.04326983780212247,7,7,1.0,40.0,0.34505640345056404,0.0165892501658925,0.1968,274,2299,0.1,0.25,45
20,10,false,,0.13297366987696974,0.20016141888558334,0.09469080273786423,13,17,1.0,19.0,0.6320987654320988,0.0,0.3104,275,2300,0.1,0.25,45
30,15,true,,0.13224106576895997,0.2758465483285581,0.1555498126781466,22,26,2.0,29.0,0.7260450160771704,0.0,0.2876,275,2300,0.1,0.25,45
20,10,false,,0.092194879370675,0.32702395726874156,0.24699302933183154,15,17,3.0,19.0,0.7887977167320728,0.0,0.3002,276,2301,0.1,0.25,45
30,15,false,,0.10517420846598236,0.16857216253961768,0.06833693557997461,21,22,3.0,29.0,0.676554681915654,0.0,0.2788,276,2301,0.1,0.25,45
40,20,false,,0.1147822070129097,0.15357495927853554,0.04085482097466869,32,36,1.0,39.0,0.5813449023861171,0.0,0.2184,276,2301,0.1,0.25,45
50,25,false,,0.13949621647797333,0.09188505912772388,-0.05868536060752941,7,3,1.0,47.0,0.2693437806072478,0.08472086190009795,0.165,276,2301,0.1,0.25,45
60,30,false,,0.10807780522381086,0.14590361066682717,0.050844880705948683,39,51,7.0,58.0,0.6396551724137931,0.12873563218390804,0.1178,276,2301,0.1,0.25,45
20,10,false,,0.14507040135780852,0.13292552087286252,-0.008209233479265145,9,1,1.0,19.0,0.4886519944979367,0.0,0.2844,277,2302,0.1,0.25,45
30,15,false,,0.10768379786464619,0.3871024183671824,0.27970523788300056,25,26,6.0,29.0,0.8580691642651297,0.0,0.2832,277,2302,0.1,0.25,45
40,20,false,,0.1173543280178601,0.11603811565143148,0.008621723129728046,23,35,2.0,39.0,0.5238991343620625,0.0,0.2708,277,2302,0.1,0.25,45
50,25,false,,0.21616842686020038,0.09810993154012994,-0.12396094050010444,5,1,1.0,21.0,0.2405168820341809,0.0,0.2084,277,2302,0.1,0.25,45
60,30,false,,0.13384278967005905,0.11071144755202934,-0.026407664586877155,26,3,1.0,58.0,0.3984095427435388,0.08071570576540756,0.2462,277,2302,0.1,0.25,45
20,10,false,,0.11902599676467958,0.17174087525450582,0.07624050261480612,12,17,1.3250000000000028,19.0,0.6603654694391935,0.0,0.316,278,2303,0.1,0.25,45
30,15,true,,0.1264445546948702,0.19531750605442033,0.0847739376264367,23,25,1.0,29.0,0.7213947190250508,0.0,0.2644,278,2303,0.1,0.25,45
20,10,true,,0.10364829458238713,0.18782882677188453,0.09942624831744229,13,15,2.0,19.0,0.7467470644239924,0.0,0.3122,279,2304,0.1,0.25,45
20,10,false,,0.10436303500302538,0.09605983526627815,-0.011405514644867651,12,14,1.0,19.0,0.47276610893556426,0.0,0.2734,280,2305,0.1,0.25,45
30,15,true,,0.10171478660579279,0.5206359007506632,0.4354699404793468,24,26,3.0,29.0,0.8500194779898714,0.0,0.2798,280,2305,0.1,0.25,45
20,10,false,,0.12390813475222737,0.5828975624926647,0.4486437860686538,15,16,1.0,19.0,0.8013157894736842,0.0,0.3014,281,2306,0.1,0.25,45
30,15,false,,0.1558555222257178,0.10336248540903993,-0.06383214523720586,7,1,1.0,27.375,0.3863109048723898,0.0,0.2376,281,2306,0.1,0.25,45
40,20,false,,0.674962609462065,0.08838701679334227,-0.5885523605376937,3,1,1.0,11.0,0.05179654689687354,0.0,0.1554,281,2306,0.1,0.25,45
50,25,false,,0.1279787902341486,0.10952335649309218,-0.026951633307668282,16,9,1.0,48.0,0.4166666666666667,0.14533965244865718,0.265,281,2306,0.1,0.25,45
60,30,false,,0.12551331692628087,0.13311714160698643,0.010931792740623517,30,27,3.0,57.0,0.5585758039816233,0.1052833078101072,0.2602,281,2306,0.1,0.25,45
20,10,true,,0.10490642709370061,0.3758528573220039,0.27005472820253,14,14,2.0,19.0,0.8264649066323245,0.0,0.3144,282,2307,0.1,0.25,45
20,10,true,,0.10331754759946762,0.21148948521531974,0.1129194349196417,12,14,2.0,19.0,0.782816991376557,0.0,0.335,283,2308,0.1,0.25,45
20,10,false,,0.08746518600028295,0.08508222269941677,-0.0016796067240046272,9,3,1.0,19.0,0.49524534043362495,0.0,0.2682,284,2309,0.1,0.25,45
30,15,true,,0.10087674190338655,0.2596828846034239,0.1749435097726604,20,25,2.0,29.0,0.78149300155521,0.0,0.2976,284,2309,0.1,0.25,45
20,10,false,,0.10145253858006315,0.3085047605598714,0.2148539419128293,12,16,1.0,19.0,0.6790766939687267,0.0,0.2832,285,2310,0.1,0.25,45
30,15,false,,0.11377136416290307,0.1095025833315624,-0.00729567454123925,17,17,1.0,28.0,0.48589001447178004,0.0,0.284,285,2310,0.1,0.25,45
40,20,true,,0.1030785861533423,0.34683186956720413,0.24010405815487268,34,36,23.0,39.0,0.8569677155700858,0.0,0.2442,285,2310,0.1,0.25,45
20,10,false,,0.07471387592464176,0.19915102786405248,0.12496742361221858,13,16,2.0,19.0,0.6859024012393493,0.0,0.2492,286,2311,0.1,0.25,45
30,15,false,,0.7401958809189011,0.043974095449135116,-0.6990700577618084,2,1,1.0,12.0,0.04214819850441876,0.0,0.0668,286,2311,0.1,0.25,45
40,20,true,,0.06511971585545186,0.19260809884432414,0.13938406009125542,32,31,26.0,39.0,0.7713936430317848,0.0,0.0526,286,2311,0.1,0.25,45
20,10,false,,0.10246692126301726,0.09802412833198802,-0.010367144997437926,9,1,1.0,19.0,0.4620740197874679,0.0,0.2782,287,2312,0.1,0.25,45
30,15,false,,0.10955536296036388,0.10289710569277216,-0.01339105418705136,13,1,1.0,28.0,0.46730528946272387,0.0,0.2394,287,2312,0.1,0.25,45
40,20,true,,0.09105121346475833,0.38730904640693403,0.3055015283199146,33,36,14.0,39.0,0.8450184501845018,0.0,0.1766,287,2312,0.1,0.25,45
20,10,false,,0.1144360682423578,0.17090441611660934,0.061689324630295306,12,16,1.0,19.0,0.6511927788523533,0.0,0.3104,288,2313,0.1,0.25,45
30,15,false,,0.15169177834447614,0.11329627984619559,-0.04469922187698926,8,1,1.0,27.0,0.3923130193905817,0.0,0.2882,288,2313,0.1,0.25,45
40,20,false,,0.10811897953614731,0.779304096053554,0.6586791147683989,36,36,22.0,39.0,0.9456953642384106,0.0,0.2308,288,2313,0.1,0.25,45
50,25,false,,0.11965595971672621,0.13037169383922656,0.014995719325610876,27,46,3.0,48.0,0.5324,0.2264,0.2524,288,2313,0.1,0.25,45
60,30,true,,0.11744663083610925,0.26476406246655787,0.15120625667888354,50,57,31.0,58.0,0.8474308300395257,0.22687747035573122,0.1804,288,2313,0.1,0.25,45
20,10,false,,0.10266113991121326,0.1167098972832106,0.007626001898764806,10,8,1.0,19.0,0.5279945707499152,0.0,0.2904,289,2314,0.1,0.25,45
30,15,false,,0.08565955268445372,0.16741999953149947,0.09621384360519739,19,25,2.0,29.0,0.6887306242144952,0.0,0.2198,289,2314,0.1,0.25,45
40,20,false,,0.16181789810896458,0.08871512029081118,-0.041530429857430745,6,3,1.0,35.0,0.3995305164319249,0.0,0.1658,289,2314,0.1,0.25,45
50,25,false,,0.14097606093165183,0.0775519157877803,-0.059378603193106796,8,7,1.0,31.0,0.26297968397291194,0.0,0.0926,289,2314,0.1,0.25,45
60,30,false,,0.10250329254642697,0.09015648565576244,-0.0049882878283484325,22,8,1.0,41.0,0.4785714285714286,0.014285714285714285,0.0908,289,2314,0.1,0.25,45
20,10,false,,0.12508274227221192,0.29279419106377313,0.18151585447082713,14,16,2.0,19.0,0.6768149882903981,0.0,0.2742,290,2315,0.1,0.25,45
30,15,false,,0.18932415907378128,0.10726699731048137,-0.09715262321858209,5,1,1.0,27.0,0.28760573740345713,0.0,0.2612,290,2315,0.1,0.25,45
40,20,false,,0.12358000377144947,0.1394221784307678,0.02274795620525749,28,35,2.0,38.0,0.5718675315807443,0.0,0.2564,290,2315,0.1,0.25,45
50,25,false,,0.12621605790431967,0.3777976964747755,0.2585149202810566,45,46,5.0,49.0,0.8020565552699229,0.6309217774513405,0.2332,290,2315,0.1,0.25,45
60,30,true,,0.134087001291328,0.4152851290858329,0.2828304746766982,51,55,24.0,59.0,0.9055779569892473,0.18783602150537634,0.215,290,2315,0.1,0.25,45
20,10,true,,0.09282867342193706,0.26914405514904993,0.1854985764282251,13,16,1.0,19.0,0.7342215988779803,0.0,0.2994,291,2316,0.1,0.25,45
20,10,false,,0.1501683363104963,0.19113107866638146,0.05357329725618719,13,16,1.0,19.0,0.5949720670391061,0.0,0.2892,292,2317,0.1,0.25,45
30,15,false,,0.13432800929959604,0.17929993306300748,0.0690526644960149,22,26,2.0,29.0,0.6089639493341994,0.0,0.2656,292,2317,0.1,0.25,45
40,20,false,,0.19578879142059646,0.09728234986387164,-0.12558566478449995,9,2,1.0,37.0,0.20766053323319564,0.0,0.2288,292,2317,0.1,0.25,45
50,25,false,,0.15161242263696148,0.11237579815363327,-0.056077173708120306,14,3,1.0,48.0,0.3608009241432422,0.2776280323450135,0.2232,292,2317,0.1,0.25,45
60,30,false,,0.15276523982605808,0.1414720473540008,-0.00577152452089158,13,1,1.0,59.0,0.49210845811412385,0.06556050182112505,0.1756,292,2317,0.1,0.25,45
20,10,true,,0.0761685076782127,0.2043236478826327,0.14629717363116734,13,16,2.0,19.0,0.7494279176201373,0.0,0.2804,293,2318,0.1,0.25,45
20,10,false,,0.11151040673842234,0.20108980022334255,0.10094493196091105,15,16,2.0,19.0,0.673482635507952,0.0,0.2914,294,2319,0.1,0.25,45
30,15,false,,0.11651414042520565,0.298245551864227,0.20031875452282508,21,25,1.0,29.0,0.6040628593330778,0.0,0.2734,294,2319,0.1,0.25,45
40,20,true,,0.10668147272396471,0.4728868540148738,0.3862654975064661,31,36,2.3000000000000043,38.0,0.7586628618018753,0.0,0.2786,294,2319,0.1,0.25,45
20,10,false,,0.14570271755952244,0.18754400407435293,0.05897025520195312,13,15,2.0,19.0,0.5981735159817352,0.0,0.2966,295,2320,0.1,0.25,45
30,15,false,,0.1471615799860692,0.11161322651244807,-0.043143061054038256,9,5,1.0,27.0,0.3740284974093264,0.0,0.2944,295,2320,0.1,0.25,45
40,20,false,,0.14062227771630997,0.088668331365249,-0.06524428223087775,16,3,2.0,38.0,0.2857142857142857,0.0,0.2324,295,2320,0.1,0.25,45
50,25,false,,0.11408401728734574,0.2334442350649645,0.11649469895038563,42,46,21.0,49.0,0.6951032899770466,0.4862280030604438,0.2638,295,2320,0.1,0.25,45
60,30,false,,0.17924754235500717,0.11619952721882756,-0.06961729060426555,7,4,1.0,31.800000000000182,0.2962242117555469,0.0,0.195,295,2320,0.1,0.25,45
20,10,false,,0.10684050596627519,0.1565958341472774,0.05937755767709625,12,16,2.0,19.0,0.6411342894393742,0.0,0.3214,296,2321,0.1,0.25,45
30,15,false,,0.11894070550323373,0.10192773250793964,-0.021502035851425877,8,3,1.0,26.0,0.43967828418230565,0.0,0.2796,296,2321,0.1,0.25,45
40,20,false,,0.12244090757694341,0.1316952680318821,0.015363493403613107,16,3,1.0,39.0,0.5669988925802879,0.0,0.2768,296,2321,0.1,0.25,45
50,25,false,,0.11896488830048814,0.21798165034871478,0.09769988617845023,42,46,14.0,49.0,0.6890756302521008,0.4885408708938121,0.2432,296,2321,0.1,0.25,45
60,30,true,,0.12256470484507151,0.166698532570694,0.08287579025571287,27,54,2.0,57.0,0.763003663003663,0.06666666666666667,0.2186,296,2321,0.1,0.25,45
20,10,false,,0.15697343705159195,0.213374335119531,0.07996404073764357,12,16,1.0,19.0,0.6077348066298343,0.0,0.3282,297,2322,0.1,0.25,45
30,15,false,,0.15336306769145933,0.11148892015503936,-0.05257981923721987,15,4,1.0,28.0,0.3553530751708428,0.0,0.2718,297,2322,0.1,0.25,45
40,20,false,,0.3388509025288689,0.0898763073242417,-0.25561613547988327,5,2,1.0,37.0,0.08719346049046321,0.0,0.2176,297,2322,0.1,0.25,45
50,25,false,,0.2154591320468375,0.09472209630553384,-0.12320053518043872,7,6,1.0,37.0,0.1489607390300231,0.012702078521939953,0.2154,297,2322,0.1,0.25,45
60,30,true,,0.11633645749476357,0.34034036207199503,0.21430540867892528,53,56,36.0,59.0,0.868,0.168,0.0714,297,2322,0.1,0.25,45
20,10,false,,0.10388126228575892,0.17925702236558932,0.08720972140772904,13,15,2.0,19.0,0.6710013003901171,0.0,0.3188,298,2323,0.1,0.25,45
30,15,false,,0.13261684179759264,0.1169643774072938,-0.02194298303023931,11,2,1.0,29.0,0.4540167211922937,0.0,0.2718,298,2323,0.1,0.25,45
40,20,false,,0.16096544229520743,0.09290461377704944,-0.08062100728621842,5,1,1.0,22.0,0.29441163107678325,0.0,0.1966,298,2323,0.1,0.25,45
50,25,false,,0.13087727602378202,0.1047957147201871,-0.03370518248223382,24,44,2.0,48.0,0.3857888398233641,0.2035327177840225,0.2356,298,2323,0.1,0.25,45
60,30,false,,0.1246586189081381,0.17724881621085448,0.059837240175958456,43,55,2.0,59.0,0.6014234875444839,0.09292210359826018,0.2192,298,2323,0.1,0.25,45
20,10,false,,0.10379106882042365,0.1133031993762314,0.011147170824884766,10,1,1.0,19.0,0.5219972067039106,0.0,0.2994,299,2324,0.1,0.25,45
30,15,false,,0.12157773705417785,0.12737531546752578,0.009853210779703858,15,27,1.0,29.0,0.5184632599776203,0.0,0.2904,299,2324,0.1,0.25,45
40,20,false,,0.11650308439020589,0.10977333942964153,-0.004863982634927662,15,2,1.0,38.0,0.4841666666666667,0.0,0.2442,299,2324,0.1,0.25,45
50,25,false,,0.13647524002175446,0.12398114897860103,0.004255474717441213,21,2,2.0,48.0,0.5091724419078679,0.18141051773338768,0.276,299,2324,0.1,0.25,45
60,30,true,,0.11650383549699828,0.2890212836848944,0.17243928893063862,50,54,19.0,59.0,0.7650501672240803,0.13210702341137123,0.2558,299,2324,0.1,0.25,45
20,10,false,,0.09090072947356174,0.10343459260137791,0.02231047995858422,12,15,1.0,19.0,0.5627923713566031,0.0,0.2844,300,2325,0.1,0.25,45
30,15,false,,0.10541861568730997,0.1631180405247395,0.07674351404355315,16,26,2.0,29.0,0.6130653266331658,0.0,0.2938,300,2325,0.1,0.25,45
40,20,false,,0.13295095067356574,0.0934158075260542,-0.04532277906809344,9,3,1.0,36.0,0.3589076723016905,0.0,0.2308,300,2325,0.1,0.25,45
50,25,false,,0.11045738690612421,0.18314228006283229,0.07378554649780453,39,42,2.0,48.0,0.6390398550724637,0.35733695652173914,0.1822,300,2325,0.1,0.25,45
60,30,false,,0.12433236362363692,0.09652765440112838,-0.029663290589453946,20,6,2.0,55.0,0.4064145524174246,0.040210627094303494,0.1222,300,2325,0.1,0.25,45
20,10,false,,0.1394086785406931,0.13090788299162015,-0.011005302205189388,9,3,1.0,19.0,0.4821086261980831,0.0,0.3044,301,2326,0.1,0.25,45
30,15,false,,0.12577342660551866,0.3112966362428293,0.19595761290301647,25,26,2.0,29.0,0.7169349195241428,0.0,0.2734,301,2326,0.1,0.25,45
40,20,false,,0.1273715684532305,0.1317601143544781,0.0035485432823546825,22,37,2.0,39.0,0.5242445537596627,0.0,0.2674,301,2326,0.1,0.25,45
50,25,false,,0.1525430011060283,0.10901702980545493,-0.05727722310066738,14,3,1.0,47.0,0.3021795345400813,0.05799778352419653,0.2262,301,2326,0.1,0.25,45
60,30,true,,0.12668161367661152,0.5145425524668241,0.3911250252042015,53,56,35.0,59.0,0.9238434163701068,0.1284697508896797,0.207,301,2326,0.1,0.25,45
20,10,false,,0.1448304290544102,0.18403789735005988,0.06990865231238028,12,16,1.0,19.0,0.6110771113831089,0.0,0.3212,302,2327,0.1,0.25,45
30,15,false,,0.12482224233274908,0.2986049735631658,0.17759580938130975,25,26,10.0,29.0,0.7589077589077589,0.0,0.266,302,2327,0.1,0.25,45
40,20,false,,0.12113833001198636,0.17073183836899164,0.04931510381044289,32,37,2.0,39.0,0.6013289036544851,0.0,0.2364,302,2327,0.1,0.25,45
50,25,false,,0.11965462081687836,0.14198136089586635,0.03376797573777758,37,45,3.0,49.0,0.601435587457499,0.31545145447676615,0.2288,302,2327,0.1,0.25,45
60,30,true,,0.12651361447713874,0.292486742293262,0.1653524045756133,53,53,32.0,59.0,0.8050541516245487,0.20108303249097473,0.2242,302,2327,0.1,0.25,45
20,10,false,,0.15806254623065683,0.11571749624353907,-0.04027082017816057,9,17,1.0,19.0,0.4162196276427895,0.0,0.2958,303,2328,0.1,0.25,45
30,15,false,,0.1795743944219732,0.08650505585799442,-0.10178681544813133,7,2,1.0,23.0,0.20815295815295815,0.0,0.2592,303,2328,0.1,0.25,45
40,20,false,,0.11288025050813441,0.19412943734638388,0.0886879927583575,32,35,5.0,39.0,0.6783901377810008,0.0,0.2692,303,2328,0.1,0.25,45
50,25,false,,0.13250220200715895,0.10668285722724469,-0.027210097888959978,18,18,3.0,40.0,0.3777056277056277,0.005772005772005772,0.2536,303,2328,0.1,0.25,45
60,30,false,,0.15434348544883866,0.1266691762611485,-0.03337194831931156,15,2,1.0,37.0,0.40202553940995156,0.00044033465433729633,0.1614,303,2328,0.1,0.25,45
20,10,false,,0.08554243184100305,0.11451892389297885,0.02775133517055116,11,1,1.0,19.0,0.5828976848394324,0.0,0.2892,304,2329,0.1,0.25,45
30,15,true,,0.09804770811751515,0.23485672096193733,0.13674332987200594,21,26,1.0,29.0,0.7170671085335543,0.0,0.2472,304,2329,0.1,0.25,45
20,10,false,,0.1401253665848212,0.1520631316863485,0.01892320148903299,12,18,1.0,19.0,0.5366943203573707,0.0,0.2882,305,2330,0.1,0.25,45
30,15,false,,0.12095726224265631,0.10798145237300576,-0.019548409193193922,18,25,2.0,28.0,0.43356643356643354,0.0,0.2872,305,2330,0.1,0.25,45
40,20,false,,0.14074087219920473,0.12327816892332201,-0.02250408506402954,18,3,1.0,39.0,0.4742771310552009,0.0,0.2538,305,2330,0.1,0.25,45
50,25,false,,0.13396900970532208,0.11147161378637907,-0.02763139493254442,8,5,1.0,38.0,0.4143473147785182,0.0027440219521756176,0.2366,305,2330,0.1,0.25,45
60,30,false,,0.17727292116878055,0.12321203947029885,-0.053872344413815776,6,1,1.0,31.549999999999955,0.3548220732336256,0.0,0.1252,305,2330,0.1,0.25,45
20,10,false,,0.1342452758590976,0.37201766733519953,0.2506557114005987,15,16,3.0,19.0,0.7804580152671756,0.0,0.3044,306,2331,0.1,0.25,45
30,15,false,,0.1282798043812882,0.36609599949291466,0.24002948809036356,25,26,4.0,29.0,0.7707834416695176,0.0,0.2524,306,2331,0.1,0.25,45
40,20,false,,0.13503859560805023,0.14277046560043044,0.01808865414373889,29,33,1.0,39.0,0.5307032590051458,0.0,0.246,306,2331,0.1,0.25,45
50,25,false,,0.4900715419691749,0.10721720888788173,-0.38848508305091195,3,3,1.0,12.0,0.030781373322809787,0.0,0.1796,306,2331,0.1,0.25,45
60,30,false,,0.13326487541711662,0.1603631113676191,0.06640289220984014,24,5,1.0,57.0,0.6766286098052384,0.06816655473472129,0.2008,306,2331,0.1,0.25,45
20,10,false,,0.09193124119092629,0.16607952351882904,0.08116303972762863,13,16,2.0,19.0,0.6936656282450675,0.0,0.311,307,2332,0.1,0.25,45
30,15,false,,0.11499382005438145,0.13618882857051468,0.030398745098099866,20,26,1.0,29.0,0.5570107858243452,0.0,0.2878,307,2332,0.1,0.25,45
40,20,true,,0.10385569214865865,0.32519339586182316,0.21921983341423446,30,35,4.0,39.0,0.8308316430020284,0.0,0.2726,307,2332,0.1,0.25,45
20,10,false,,0.05081801216686365,0.389742974791696,0.3440292277987621,15,15,1.0,19.0,0.7897940074906367,0.0,0.1426,308,2333,0.1,0.25,45
30,15,true,,0.04284183497535499,0.18668215497481658,0.1406239330953352,19,17,10.0,29.0,0.879375,0.0,0.0692,308,2333,0.1,0.25,45
20,10,false,,0.06319241753516795,0.1068707639393687,0.04684313977591022,13,16,2.0,19.0,0.6563403552251136,0.0,0.204,309,2334,0.1,0.25,45
30,15,false,,0.14862240880238542,0.06270716052788639,-0.105652227816452,3,2,1.0,19.0,0.30219435736677114,0.0,0.0852,309,2334,0.1,0.25,45
40,20,false,,0.03935249248397725,0.2645432286105947,0.22519073612661744,36,37,32.0,39.0,0.9849246231155779,0.0,0.0348,309,2334,0.1,0.25,45
50,25,false,,0.0659756496434006,0.06882439368456629,-0.03472309967683551,6,5,2.0,35.0,0.3438368860055607,0.0,0.0316,309,2334,0.1,0.25,45
60,30,false,,0.4580548144439536,0.06611499321349087,-0.4186015761634004,2,1,1.0,8.0,0.14142335766423358,0.0,0.0122,309,2334,0.1,0.25,45
20,10,false,,0.15896596814335812,0.1286108908843106,-0.04739170027420499,10,2,1.0,19.0,0.4435483870967742,0.0,0.278,310,2335,0.1,0.25,45
30,15,false,,0.16607251871560522,0.10944766622764195,-0.0720794738750099,8,3,1.0,26.0,0.28356746161385166,0.0,0.274,310,2335,0.1,0.25,45
40,20,false,,0.1306059717594026,0.32858860151261016,0.20000797357324118,35,36,5.0,39.0,0.8102893890675241,0.0,0.2508,310,2335,0.1,0.25,45
50,25,false,,0.16791238402699954,0.12065952224422105,-0.0608094896164455,9,5,1.0,37.32499999999982,0.24185888738127545,0.0,0.2256,310,2335,0.1,0.25,45
60,30,true,,0.1392991473012991,0.6314179570209245,0.48369750697631053,54,54,45.0,59.0,0.9937002652519894,0.08421750663129973,0.177,310,2335,0.1,0.25,45
20,10,false,,0.1732504027555327,0.21687681794214977,0.046461017683117084,14,16,1.0,19.0,0.5701565858151674,0.0,0.2888,311,2336,0.1,0.25,45
30,15,false,,0.13631250623991356,0.12429565384330954,-0.0024355667069897308,19,25,2.0,29.0,0.49744463373083475,0.0,0.27,311,2336,0.1,0.25,45
40,20,false,,0.14224356857893372,0.11556390401235081,-0.005705947297054828,15,2,1.0,39.0,0.48839071257005606,0.0,0.2264,311,2336,0.1,0.25,45
50,25,false,,0.17331838107455766,0.11173099828731539,-0.07330741039486538,14,3,1.0,48.0,0.37090086694308333,0.22163588390501318,0.243,311,2336,0.1,0.25,45
60,30,true,,0.12463250179058152,0.5403174530108037,0.41430250100809696,53,53,40.0,59.0,0.9659790083242852,0.21606948968512488,0.2206,311,2336,0.1,0.25,45
20,10,false,,0.1087304156280041,0.32977124938680363,0.2347436230835549,15,16,3.0,19.0,0.8265876933201711,0.0,0.3042,312,2337,0.1,0.25,45
30,15,false,,0.10723731397022593,0.5815666289061233,0.46949386789016334,25,26,3.0,29.0,0.7996894409937888,0.0,0.255,312,2337,0.1,0.25,45
40,20,false,,0.13456531260942886,0.09467130532555135,-0.04571503130911718,9,2,1.0,38.0,0.3752720940356987,0.0,0.2136,312,2337,0.1,0.25,45
50,25,false,,0.11736667188346633,0.09124518436712065,-0.02610284558101112,31,1,1.0,48.0,0.4119359534206696,0.1576904415332363,0.1582,312,2337,0.1,0.25,45
60,30,false,,0.1446309837376099,0.08366622921825444,-0.06710237449124651,7,4,1.0,56.0,0.24693986162852583,0.036721660457690264,0.109,312,2337,0.1,0.25,45
20,10,false,,0.1227327331622624,0.0968631088984871,-0.02934948444740995,8,4,1.0,19.0,0.4097657538766084,0.0,0.2964,313,2338,0.1,0.25,45
30,15,true,,0.09513287535174189,0.30185097446918013,0.2101467428457826,21,26,3.0,29.0,0.749513807856865,0.0,0.2882,313,2338,0.1,0.25,45
20,10,false,,0.11234545038131093,0.16384702253194525,0.07726913672353201,12,16,1.0,19.0,0.5942580421999308,0.0,0.2966,314,2339,0.1,0.25,45
30,15,false,,0.11129314239750573,0.1634409650321151,0.0770853883540804,22,27,3.0,29.0,0.6411075612353567,0.0,0.2896,314,2339,0.1,0.25,45
40,20,false,,0.11002932128732743,0.15011324606556115,0.04737792079768428,30,36,1.0,39.0,0.618380062305296,0.0,0.2538,314,2339,0.1,0.25,45
50,25,false,,0.22501508695795816,0.10094462179649913,-0.12813291731924364,6,1,1.0,24.0,0.19186046511627908,0.0,0.2266,314,2339,0.1,0.25,45
60,30,false,,0.1401693916424255,0.11566016455702277,-0.021373814540255137,10,3,1.0,56.0,0.4328482328482329,0.040332640332640335,0.2086,314,2339,0.1,0.25,45
20,10,false,,0.14250400374592412,0.24682463116738526,0.11979526467432836,13,16,2.0,19.0,0.6632078268603617,0.0,0.3174,315,2340,0.1,0.25,45
30,15,true,,0.132793433775812,0.2976437871108816,0.1860113309258588,24,26,5.0,29.0,0.7213320766572416,0.0,0.297,315,2340,0.1,0.25,45
20,10,true,,0.07875072507398086,0.15848962948495895,0.09159403140417231,12,16,3.0,19.0,0.7210042432814711,0.0,0.295,316,2341,0.1,0.25,45
20,10,false,,0.11795220117514374,0.15038061005994555,0.03401464579067055,14,17,1.0,19.0,0.5713346482577252,0.0,0.2926,317,2342,0.1,0.25,45
30,15,true,,0.11038738820279755,0.23161959344281402,0.1433819668789577,23,27,1.0,29.0,0.7273419649657273,0.0,0.2718,317,2342,0.1,0.25,45
20,10,false,,0.09155879895860385,0.4546225589371025,0.35927226358921127,16,16,2.0,19.0,0.8338669512628958,0.0,0.3012,318,2343,0.1,0.25,45
30,15,true,,0.10692190236756628,0.40305296985131456,0.30050315577593256,23,25,2.0,29.0,0.8343087051938551,0.0,0.2878,318,2343,0.1,0.25,45
20,10,true,,0.10051618546488868,0.2597642452040884,0.16350353746158258,14,16,2.0,19.0,0.7906197654941374,0.0,0.3064,319,2344,0.1,0.25,45
20,10,false,,0.10373684139514709,0.20395324347042756,0.1189343846643419,15,16,2.0,19.0,0.6869142658799028,0.0,0.2938,320,2345,0.1,0.25,45
30,15,false,,0.10544854055194319,0.07718750735536756,-0.031091019476868292,20,26,1.0,29.0,0.4198047419804742,0.0,0.1718,320,2345,0.1,0.25,45
40,20,false,,0.07754902119142498,0.5048365109822808,0.4151460128944439,35,35,27.0,39.0,0.9641499185225421,0.0,0.1208,320,2345,0.1,0.25,45
50,25,false,,0.22683796920357896,0.10330761830089234,-0.13305488156790954,6,4,1.0,37.0,0.2626349892008639,0.004319654427645789,0.2398,320,2345,0.1,0.25,45
60,30,false,,0.20524007441897985,0.09614040082086284,-0.10755297681390898,6,4,1.0,31.0,0.20064874884151992,0.0,0.1972,320,2345,0.1,0.25,45
20,10,false,,0.12352635683269873,0.1289285461385622,0.013926931144113308,12,1,1.0,19.0,0.5310714285714285,0.0,0.266,321,2346,0.1,0.25,45
30,15,true,,0.11945538613239502,0.3483666873177242,0.24219387893095984,23,26,1.0,29.0,0.7173510913799482,0.0,0.2372,321,2346,0.1,0.25,45
20,10,false,,0.12319431470701869,0.17204079519078688,0.07412635057105199,11,16,1.0,19.0,0.6000663790242283,0.0,0.2586,322,2347,0.1,0.25,45
30,15,false,,0.11989832151619415,0.09074826775197971,-0.028847556819555142,11,3,1.0,28.0,0.39524752475247527,0.0,0.2414,322,2347,0.1,0.25,45
40,20,true,,0.09496161167953605,0.43288945502918735,0.35002660404819796,32,36,14.700000000000003,39.0,0.7338296882270824,0.0,0.1932,322,2347,0.1,0.25,45
20,10,false,,0.17875093257462937,0.10705347349797155,-0.09667441882615714,8,3,1.0,18.0,0.3002649396526347,0.0,0.3178,323,2348,0.1,0.25,45
30,15,false,,0.7858533038376765,0.1009204679477168,-0.679074271585169,2,2,1.0,21.0,0.04293028751476959,0.0,0.1726,323,2348,0.1,0.25,45
40,20,false,,0.14630764808380864,0.1165520164253358,-0.04396921161472167,18,2,2.0,38.0,0.38213811420982735,0.0,0.238,323,2348,0.1,0.25,45
50,25,false,,0.43127844325790127,0.10023060331787748,-0.33899585162984025,4,3,1.0,18.0,0.05269868253293668,0.0,0.1988,323,2348,0.1,0.25,45
60,30,true,,0.12871376530515985,0.5124392794708253,0.38042223093210936,54,55,24.0,59.0,0.8875198728139905,0.07511923688394277,0.1534,323,2348,0.1,0.25,45
20,10,false,,0.11706487590981511,0.119320317217993,-0.005761184975198119,11,3,1.0,19.0,0.49354726194628534,0.0,0.276,324,2349,0.1,0.25,45
30,15,false,,0.1296363732916043,0.1260705112839823,0.0044260662505327675,17,2,1.0,29.0,0.5089253187613844,0.0,0.2558,324,2349,0.1,0.25,45
40,20,false,,0.16492368648488373,0.10457966078434743,-0.0755872118866027,7,1,1.0,37.0,0.3139628732849072,0.0,0.202,324,2349,0.1,0.25,45
50,25,false,,0.11736045314563891,0.13532455490170886,0.02328041704229028,35,46,4.0,48.0,0.5573248407643312,0.3320063694267516,0.2424,324,2349,0.1,0.25,45
60,30,false,,0.12165246889392481,0.12258021652143432,0.005777420274237721,27,12,3.0,57.0,0.5173996175908222,0.12963671128107074,0.2194,324,2349,0.1,0.25,45
20,10,false,,0.1888654647870377,0.1325947772775204,-0.08004291785642065,6,1,1.0,19.0,0.3552456839309429,0.0,0.28,325,2350,0.1,0.25,45
30,15,false,,0.1757633533350945,0.10939715296555273,-0.08227941824508053,6,3,1.0,28.0,0.2936229852838122,0.0,0.2616,325,2350,0.1,0.25,45
40,20,false,,0.1333619678540178,0.16680492199403643,0.06399808154080061,18,36,1.0,39.0,0.5764531654942614,0.0,0.2432,325,2350,0.1,0.25,45
50,25,false,,0.12876405867782934,0.11828403035742752,-0.006300736231283077,23,11,5.0,47.0,0.47141848976711365,0.17784050811573748,0.2616,325,2350,0.1,0.25,45
60,30,false,,0.13372610351775654,0.12653591397579528,-0.00826543501570013,17,5,1.0,48.0,0.4712601326455416,0.10980103168754606,0.2274,325,2350,0.1,0.25,45
20,10,false,,0.09128767030254042,0.1762092641845672,0.08412839870248696,14,16,1.0,19.0,0.6835016835016835,0.0,0.2876,326,2351,0.1,0.25,45
30,15,false,,0.10359679786219865,0.14948332175258505,0.051035871381389306,15,20,1.0,29.0,0.6771347918136909,0.0,0.2844,326,2351,0.1,0.25,45
40,20,false,,0.13320007053028582,0.13210654635669122,0.00844359581725404,12,2,1.0,38.69999999999982,0.5169063350174893,0.0,0.2134,326,2351,0.1,0.25,45
50,25,false,,0.11531249879173697,0.5444176225274874,0.4319978231388603,45,46,28.0,49.0,0.9188966652943599,0.6550020584602717,0.2126,326,2351,0.1,0.25,45
60,30,false,,0.12800936397267082,0.1839964351637223,0.05903047943820472,47,51,1.0,57.0,0.6858437935843794,0.2629009762900976,0.2236,326,2351,0.1,0.25,45
20,10,false,,0.07856691007150512,0.09260416370473959,0.012959354758996344,10,7,1.0,19.0,0.5591692789968652,0.0,0.2602,327,2352,0.1,0.25,45
30,15,false,,0.07154260161663487,0.6128336522768163,0.5497683936929778,25,26,16.0,29.0,0.9995267392333176,0.0,0.1662,327,2352,0.1,0.25,45
40,20,false,,0.09303209177293276,0.08587457562928605,-0.002031723463600782,21,3,2.0,38.0,0.4915,0.0,0.1292,327,2352,0.1,0.25,45
50,25,false,,0.0977840841267915,0.08656919556365819,-0.01451816451020728,8,4,1.0,29.0,0.44934172867773325,0.0,0.093,327,2352,0.1,0.25,45
60,30,true,,0.0784858683708943,0.1497642694182848,0.06184086014107042,46,46,36.0,58.0,0.8372513562386981,0.4822182037371911,0.05,327,2352,0.1,0.25,45
20,10,false,,0.14473463513009802,0.15298664032144446,0.022809289420846646,12,16,1.0,19.0,0.5451252641110775,0.0,0.3136,328,2353,0.1,0.25,45
30,15,false,,0.3518639454105438,0.08316957376688368,-0.2817046377059361,4,2,1.0,25.0,0.1446128635804998,0.0,0.211,328,2353,0.1,0.25,45
40,20,false,,0.6253245997815569,0.09167328445432045,-0.5483874921076237,3,2,1.0,35.0,0.11216158143532445,0.0,0.2124,328,2353,0.1,0.25,45
50,25,false,,0.1478639945939117,0.11661493477251979,-0.028097104566139328,15,2,1.0,46.0,0.4196696696696697,0.11261261261261261,0.262,328,2353,0.1,0.25,45
60,30,true,,0.12030280061987582,0.5083476344966675,0.3807439007585408,52,51,39.0,59.0,0.9435953420669578,0.17394468704512372,0.2132,328,2353,0.1,0.25,45
20,10,false,,0.14272271581882479,0.1655307171244284,0.03253170614938747,13,16,2.0,19.0,0.5605923239649441,0.0,0.3136,329,2354,0.1,0.25,45
30,15,false,,0.136962899619383,0.11190722085094784,-0.04384645249283334,14,4,1.0,28.0,0.39327676240208875,0.0,0.279,329,2354,0.1,0.25,45
40,20,false,,0.18040463884279867,0.09297880304194794,-0.09747599111040273,6,4,1.0,26.0,0.20199600798403194,0.0,0.2444,329,2354,0.1,0.25,45
50,25,false,,0.18013259353607058,0.1036478383438029,-0.09216405423022146,10,3,1.0,46.0,0.2890901929893659,0.08074044899566758,0.2514,329,2354,0.1,0.25,45
60,30,false,,0.12984555777485374,0.12918850740489468,0.006938892851979669,21,4,1.0,58.0,0.5165003837298542,0.09669992325402917,0.232,329,2354,0.1,0.25,45
20,10,false,,0.11780918803431946,0.1750152463497201,0.07339848283220664,14,15,2.0,19.0,0.6530880420499343,0.0,0.2984,330,2355,0.1,0.25,45
30,15,false,,0.1659928203441413,0.10250432090673028,-0.0634755149079827,7,3,1.0,26.0,0.31016597510373445,0.0,0.279,330,2355,0.1,0.25,45
40,20,false,,0.12128490908600315,0.12438468486038237,0.002814426183199048,31,36,3.0,39.0,0.5067519545131486,0.0,0.2638,330,2355,0.1,0.25,45
50,25,false,,0.11636809669111617,0.18284181697621638,0.06977562531884024,40,45,18.0,49.0,0.6612546125461255,0.4195571955719557,0.2464,330,2355,0.1,0.25,45
60,30,false,,0.12571736167170666,0.1471159918777288,0.043067480234553396,26,55,5.0,58.0,0.6189435336976321,0.03570127504553734,0.2,330,2355,0.1,0.25,45
20,10,false,,0.10259774319908938,0.14207369486342772,0.043985560155135245,15,16,3.0,19.0,0.5985675306957708,0.0,0.2982,331,2356,0.1,0.25,45
30,15,false,,0.11676268260389425,0.14494306164754953,0.05004756048714505,14,5,1.0,28.0,0.614017094017094,0.0,0.297,331,2356,0.1,0.25,45
40,20,false,,0.11050391333850151,0.14683020756241932,0.03967673409687006,30,33,10.0,39.0,0.6279740447007931,0.0,0.2714,331,2356,0.1,0.25,45
50,25,false,,0.11762652574668823,0.13197116765918385,0.0122368726380567,40,45,1.0,48.0,0.5266903914590747,0.4017398181099249,0.2474,331,2356,0.1,0.25,45
60,30,true,,0.11922101606835507,0.4978213465037631,0.3723783031455967,53,56,31.0,59.0,0.8569242540168325,0.08837031369548584,0.2402,331,2356,0.1,0.25,45
20,10,false,,0.147060904813234,0.19759948031188423,0.0732194877170697,13,17,1.0,19.0,0.6416111639708214,0.0,0.2798,332,2357,0.1,0.25,45
30,15,false,,0.16816381766817515,0.10825678223010622,-0.08154629249137951,6,4,1.0,26.0,0.3012006861063465,0.0,0.2638,332,2357,0.1,0.25,45
40,20,false,,0.13439116167113452,0.12074642018734134,-0.019170821965257698,15,3,1.0,39.0,0.4500180440274269,0.0,0.235,332,2357,0.1,0.25,45
50,25,false,,0.11962656664188757,0.24622045557654057,0.12848548758136052,43,46,21.0,49.0,0.687593984962406,0.49022556390977445,0.2358,332,2357,0.1,0.25,45
60,30,false,,0.14512525803469878,0.13516726878123064,-0.0008610853500044535,12,6,1.0,55.55000000000018,0.4950711938663746,0.0036509675063891934,0.174,332,2357,0.1,0.25,45
20,10,false,,0.0527965181844686,0.35484029729616956,0.31715451843339904,15,16,1.0,19.0,0.8206997084548106,0.0,0.1436,333,2358,0.1,0.25,45
30,15,false,,0.05737692350190612,0.09654540575967227,0.045142719813749725,14,18,2.0,28.0,0.6927744070601214,0.0,0.0982,333,2358,0.1,0.25,45
40,20,true,,0.04837930090814316,0.46675264632989566,0.40106844329570196,34,35,13.0,39.0,0.9761015683345781,0.0,0.0454,333,2358,0.1,0.25,45
20,10,false,,0.1198062834008977,0.12621878480893228,0.016842954420491718,11,16,1.0,19.0,0.5352959797404242,0.0,0.3288,334,2359,0.1,0.25,45
30,15,false,,0.09433309708295415,0.15145195878063614,0.07122142183206509,23,27,3.0,29.0,0.6509121061359867,0.0,0.23,334,2359,0.1,0.25,45
40,20,false,,0.11767614639759355,0.10932455993272455,-0.0088143337751031,15,9,2.0,36.0,0.47307692307692306,0.0,0.289,334,2359,0.1,0.25,45
50,25,false,,0.11494125922821567,0.1017647195055919,-0.015313090699689433,28,37,4.0,48.0,0.44421906693711966,0.1667342799188641,0.23,334,2359,0.1,0.25,45
60,30,false,,0.13385086880161054,0.4404084594365569,0.3080917674680256,50,56,1.0,59.0,0.6335931963146705,0.06165839829907867,0.101,334,2359,0.1,0.25,45
20,10,true,,0.12975099310586527,0.2547663191524458,0.1601469817319954,13,16,1.0,19.0,0.7024421593830334,0.0,0.2938,335,2360,0.1,0.25,45
20,10,false,,0.14008064200607598,0.3318567100314065,0.20389502629372508,15,16,2.0,19.0,0.7526512788521522,0.0,0.3174,336,2361,0.1,0.25,45
30,15,false,,0.12840571826068578,0.13282096347784977,0.01565386413000039,15,26,1.0,29.0,0.5300136425648022,0.0,0.2882,336,2361,0.1,0.25,45
40,20,false,,0.1295780083259014,0.1198098182128789,-0.008228513971890491,25,27,3.0,39.0,0.47792299540798305,0.0,0.269,336,2361,0.1,0.25,45
50,25,false,,0.16124314420199604,0.10390848926298647,-0.06541744576846097,9,3,1.0,24.0,0.2618125484120837,0.0,0.256,336,2361,0.1,0.25,45
60,30,false,,0.12656690007874155,0.14134243434724442,0.028849750025590162,21,2,1.0,57.0,0.6137931034482759,0.08103448275862069,0.0862,336,2361,0.1,0.25,45
20,10,false,,0.10595497873451598,0.330717471619227,0.2268875668522366,15,16,3.0,19.0,0.7904210864673739,0.0,0.3004,337,2362,0.1,0.25,45
30,15,true,,0.11896963357429621,0.30521992178730945,0.1969344640135924,24,25,2.0,29.0,0.7434842249657064,0.0,0.287,337,2362,0.1,0.25,45
20,10,false,,0.10119146781117086,0.4960627744437272,0.40732311703491464,16,16,1.0,19.0,0.8525311812179017,0.0,0.2756,338,2363,0.1,0.25,45
30,15,false,,0.1067947082552754,0.14857530199198654,0.051693574445698665,20,23,1.0,29.0,0.6464609800362976,0.0,0.3016,338,2363,0.1,0.25,45
40,20,false,,0.11426959931431473,0.14796562222195653,0.052662820591404765,23,34,1.0,38.47499999999991,0.6022463206816422,0.0,0.2684,338,2363,0.1,0.25,45
50,25,false,,0.12193617473029045,0.10458336738600453,-0.018275284194423425,19,46,3.0,49.0,0.43596059113300495,0.22988505747126436,0.2386,338,2363,0.1,0.25,45
60,30,false,,0.2199196089835102,0.09506769838555691,-0.12345768873879505,5,2,1.0,16.0,0.2138395002402691,0.0,0.1566,338,2363,0.1,0.25,45
20,10,false,,0.1376377207584103,0.17780825179596815,0.05488279248149247,11,17,1.0,19.0,0.6298763082778306,0.0,0.3,339,2364,0.1,0.25,45
30,15,false,,0.12163179922199154,0.2077037632833348,0.1051418751124179,22,28,2.0,29.0,0.6538856555973982,0.0,0.27,339,2364,0.1,0.25,45
40,20,true,,0.11236212512531757,0.23828908047641625,0.1388620540562898,31,37,12.0,39.0,0.7174325864033422,0.0,0.2662,339,2364,0.1,0.25,45
20,10,true,,0.0870283492553986,0.24105542435142996,0.16696340455899408,14,16,2.0,19.0,0.8118335053319573,0.0,0.3136,340,2365,0.1,0.25,45
20,10,false,,0.08558125071934702,0.45685470193950967,0.3600800209577428,15,15,2.0,19.0,0.8830242510699001,0.0,0.3006,341,2366,0.1,0.25,45
30,15,false,,0.10448787877886935,0.15328835127632967,0.054944383507437314,20,27,2.0,29.0,0.6459532029152283,0.0,0.2888,341,2366,0.1,0.25,45
40,20,false,,0.10246851652432434,0.5912748464293267,0.4765204103887324,35,36,16.0,39.0,0.8591304347826086,0.0,0.2282,341,2366,0.1,0.25,45
50,25,false,,0.12146646872281502,0.1206378842839104,0.008223045524488326,29,4,1.0,48.0,0.5200984413453651,0.22723543888433143,0.2618,341,2366,0.1,0.25,45
60,30,false,,0.11834268488332639,0.14867745812085925,0.036631975460071964,37,37,5.0,56.0,0.6574004507888805,0.18632607062359127,0.2608,341,2366,0.1,0.25,45
20,10,false,,0.08818813566219967,0.11501622889051388,0.034178016073372994,10,1,1.0,19.0,0.5510204081632653,0.0,0.1824,342,2367,0.1,0.25,45
30,15,false,,0.07141527291607189,0.09398112666435084,0.017602625469135602,13,4,1.0,29.0,0.5706521739130435,0.0,0.1218,342,2367,0.1,0.25,45
40,20,false,,0.06066639822508669,0.4843871518370767,0.397332593573328,36,38,23.0,39.0,0.9594594594594594,0.0,0.0534,342,2367,0.1,0.25,45
50,25,false,,0.072787267021679,0.12436921195760035,0.0698485328517035,46,45,39.0,49.0,0.766531713900135,0.8792172739541161,0.0394,342,2367,0.1,0.25,45
60,30,true,,0.06172924472541187,0.0668705720967166,0.006726740407518764,27,29,19.75,31.0,0.7521008403361344,0.0,0.0076,342,2367,0.1,0.25,45
20,10,false,,0.13870352024353316,0.14214698290336775,0.015942390790047285,10,1,1.0,19.0,0.5231634679020516,0.0,0.316,343,2368,0.1,0.25,45
30,15,false,,0.11254764823327522,0.2011218148677241,0.09793611610417763,22,26,2.0,29.0,0.6832546313112967,0.0,0.2752,343,2368,0.1,0.25,45
40,20,false,,0.11440003815094049,0.14595525985238914,0.045172657057370294,25,36,3.0,39.0,0.6225266362252664,0.0,0.2742,343,2368,0.1,0.25,45
50,25,false,,0.5398517512077138,0.09938888725279826,-0.44402865148888626,4,1,1.0,21.0,0.10297984224364592,0.0,0.2138,343,2368,0.1,0.25,45
60,30,true,,0.1266870083940545,0.35520648217611867,0.2253978635182776,52,52,28.0,59.0,0.8245910885504795,0.11505922165820642,0.114,343,2368,0.1,0.25,45
20,10,false,,0.2710583685659077,0.12137314449929515,-0.1766387739194829,4,1,1.0,18.425000000000182,0.41272865853658536,0.0,0.2358,344,2369,0.1,0.25,45
30,15,true,,0.11339989712848546,0.2043983762424676,0.1062386375970504,24,26,2.0,29.0,0.7011367803447012,0.0,0.2474,344,2369,0.1,0.25,45
20,10,false,,0.09383048376983477,0.4455783155486586,0.36507282139926917,15,17,2.0,19.0,0.8249733191035219,0.0,0.2886,345,2370,0.1,0.25,45
30,15,true,,0.10934580627455165,0.24120435983861743,0.1380298433838306,21,26,2.0,29.0,0.7266081871345029,0.0,0.2994,345,2370,0.1,0.25,45
20,10,true,,0.10060043378495265,0.19624396327011065,0.11022155603672323,13,16,1.0,19.0,0.7146179401993356,0.0,0.3128,346,2371,0.1,0.25,45
20,10,false,,0.09092426047540765,0.2569602371376125,0.1772659860907182,15,16,2.0,19.0,0.7189873417721518,0.0,0.2854,347,2372,0.1,0.25,45
30,15,true,,0.11558531478301944,0.4385002204921292,0.32683753514523517,23,26,4.0,29.0,0.8567648031756533,0.0,0.3028,347,2372,0.1,0.25,45
20,10,false,,0.2771283700621032,0.08371799702065416,-0.20263699062554286,3,1,1.0,18.0,0.2391304347826087,0.0,0.229,348,2373,0.1,0.25,45
30,15,true,,0.10410591018996265,0.6347721538971858,0.5253988375138923,23,26,2.0,29.0,0.7658745617452279,0.0,0.2542,348,2373,0.1,0.25,45
20,10,false,,0.237560274719168,0.11442084201358899,-0.13634183718052628,5,2,1.0,18.0,0.2565175410363695,0.0,0.2832,349,2374,0.1,0.25,45
30,15,false,,0.1488068743383715,0.10648983229513194,-0.05893201748996337,10,4,1.0,28.0,0.36054421768707484,0.0,0.2646,349,2374,0.1,0.25,45
40,20,false,,0.1869276163829588,0.09816042783512584,-0.09378716236305104,8,2,1.0,33.0,0.19555555555555557,0.0,0.256,349,2374,0.1,0.25,45
50,25,false,,0.22657731357118222,0.10008437313441468,-0.1434935242991986,6,2,1.0,41.0,0.21204819277108433,0.014056224899598393,0.222,349,2374,0.1,0.25,45
60,30,true,,0.12463576654533301,0.47328287093413574,0.3490231040062971,52,52,33.0,58.0,0.9044011544011544,0.16161616161616163,0.224,349,2374,0.1,0.25,45
20,10,false,,0.13389362201479932,0.18670327956606433,0.08618428533057701,13,1,1.0,19.0,0.5874249381843871,0.0,0.258,350,2375,0.1,0.25,45
30,15,false,,0.17254838505821712,0.09809842753258391,-0.08686167698974108,5,2,1.0,26.0,0.28161764705882353,0.0,0.2592,350,2375,0.1,0.25,45
40,20,false,,0.12103782607873817,0.155302150028142,0.049946249991206754,30,36,1.0,39.0,0.6118175018698578,0.0,0.2628,350,2375,0.1,0.25,45
50,25,true,,0.12337707826272205,0.32450455164044445,0.2077077750289802,41,46,2.0,49.0,0.7197549770290965,0.44525267993874423,0.2516,350,2375,0.1,0.25,45
20,10,false,,0.10200597729602762,0.4767698290779839,0.37193369165286927,15,17,3.0,19.0,0.8656178302196001,0.0,0.3124,351,2376,0.1,0.25,45
30,15,false,,0.11748305080636347,0.11945547546067396,0.00018505187636840004,12,2,1.0,28.0,0.5010541110330288,0.0,0.2738,351,2376,0.1,0.25,45
40,20,false,,0.11933169233435738,0.11622269862737265,0.0032502776691749613,26,2,2.0,38.0,0.5104602510460251,0.0,0.2562,351,2376,0.1,0.25,45
50,25,false,,0.1320443475510314,0.3517764454626945,0.2506024354298675,36,45,1.0,49.0,0.6002430133657352,0.3604698258404212,0.254,351,2376,0.1,0.25,45
60,30,false,,0.4908666310857354,0.1096409336755632,-0.38556823369381255,3,2,1.0,26.0,0.11209813874788493,0.0,0.1408,351,2376,0.1,0.25,45
20,10,true,,0.08384289895058797,0.17900406954595677,0.10924064135357164,13,16,3.0,19.0,0.7256140350877193,0.0,0.2886,352,2377,0.1,0.25,45
20,10,false,,0.12790786002745588,0.0912362865321516,-0.039555981129567735,7,4,1.0,18.0,0.3748719699556162,0.0,0.2886,353,2378,0.1,0.25,45
30,15,false,,0.11253923563863455,0.14647208191975128,0.04083597199322331,20,1,1.0,29.0,0.5829277424185698,0.0,0.2774,353,2378,0.1,0.25,45
40,20,false,,0.1441624171345498,0.10699908578100786,-0.042401010961318444,10,2,1.0,37.0,0.3996971990915973,0.0,0.2504,353,2378,0.1,0.25,45
50,25,false,,0.5088659142022367,0.09768631633062048,-0.4131844914676761,3,2,1.0,19.0,0.06693803708729082,0.0,0.1858,353,2378,0.1,0.25,45
60,30,true,,0.12210871853596644,0.19967934367270848,0.09225290963440316,35,37,5.0,58.0,0.804089219330855,0.17323420074349444,0.2086,353,2378,0.1,0.25,45
20,10,true,,0.09919711202870977,0.2543673894993468,0.16626428633162466,14,15,2.0,19.0,0.7762938230383973,0.0,0.2974,354,2379,0.1,0.25,45
20,10,false,,0.15407112254778338,0.22306979353370532,0.09565638777670098,12,17,1.0,19.0,0.6861621947542961,0.0,0.3212,355,2380,0.1,0.25,45
30,15,false,,0.134789019415572,0.1278044296144012,-0.0030590389772245583,19,27,4.0,29.0,0.4945054945054945,0.0,0.269,355,2380,0.1,0.25,45
40,20,false,,0.1261715293981932,0.12572262187250807,0.008415296343849382,25,37,4.0,39.0,0.515884476534296,0.0,0.2346,355,2380,0.1,0.25,45
50,25,false,,0.12535312724772496,0.12756832703314994,0.00794145155346744,36,45,5.0,49.0,0.5194266314598265,0.33874009807619765,0.2512,355,2380,0.1,0.25,45
60,30,false,,0.20225994491082522,0.11690167296279828,-0.09032396212591336,6,2,1.0,25.0,0.20691994572591588,0.0,0.0886,355,2380,0.1,0.25,45
20,10,false,,0.08418049604430684,0.14154516537758122,0.07133386175220005,12,16,1.0,19.0,0.6732481610530391,0.0,0.2832,356,2381,0.1,0.25,45
30,15,true,,0.10418212561643068,0.3273801896350284,0.2376845697125739,23,26,1.0,29.0,0.7135332252836305,0.0,0.2912,356,2381,0.1,0.25,45
20,10,false,,0.0848956826846575,0.4144371520920534,0.33345687170968336,16,16,2.0,19.0,0.8547627671133647,0.0,0.2864,357,2382,0.1,0.25,45
30,15,false,,0.1045610457143251,0.1785183181666206,0.08353737639445297,17,13,3.0,29.0,0.6970537261698441,0.0,0.3062,357,2382,0.1,0.25,45
40,20,false,,0.13685122187985305,0.10353996189521772,-0.05188414098884237,14,1,1.0,38.0,0.3375444137386498,0.0,0.2162,357,2382,0.1,0.25,45
50,25,false,,0.6383230169628415,0.09709848233303835,-0.5398996581963635,3,1,1.0,42.0,0.11402714932126697,0.02895927601809955,0.187,357,2382,0.1,0.25,45
60,30,false,,0.11947506479962443,0.17305096018670227,0.06857364204294136,45,52,5.0,59.0,0.6900114810562572,0.19823957137389972,0.2412,357,2382,0.1,0.25,45
20,10,false,,0.1628307709011552,0.1661563486720215,0.023447014583490383,12,17,1.0,19.0,0.5450656889703636,0.0,0.3212,358,2383,0.1,0.25,45
30,15,false,,0.14534580766184216,0.1238840517356317,-0.03309077900027632,17,24,1.0,29.0,0.4301378446115288,0.0,0.2598,358,2383,0.1,0.25,45
40,20,false,,0.1269864126505889,0.213820652738822,0.09656229994151042,29,36,4.0,39.0,0.6231624238078164,0.0,0.2556,358,2383,0.1,0.25,45
50,25,false,,0.14335693318500453,0.11012668072681603,-0.0414692619016903,14,8,2.0,48.0,0.3745304282494365,0.19083395942900075,0.231,358,2383,0.1,0.25,45
60,30,true,,0.12508862699542783,0.37054930849625384,0.2441935295715439,52,53,36.0,58.0,0.919024045261669,0.18246110325318246,0.1794,358,2383,0.1,0.25,45
20,10,false,,0.1470825365505416,0.07714493726889673,-0.0822445034100718,6,1,1.0,19.0,0.3149486496766831,0.0,0.2548,359,2384,0.1,0.25,45
30,15,true,,0.11118019308249269,0.17663781920895025,0.07898551455274865,19,23,2.0,29.0,0.7163445791025221,0.0,0.3088,359,2384,0.1,0.25,45
20,10,false,,0.12179640614890173,0.10187064169429923,-0.01356051526063004,11,16,1.0,19.0,0.48026077508149223,0.0,0.263,360,2385,0.1,0.25,45
30,15,false,,0.102703346745342,0.16109050944507908,0.07462722212942155,21,27,2.0,29.0,0.6361455417832866,0.0,0.2748,360,2385,0.1,0.25,45
40,20,false,,0.12270520967045231,0.10681415179676679,-0.009690595368977054,9,4,1.0,38.0,0.4769297110823631,0.0,0.2342,360,2385,0.1,0.25,45
50,25,false,,0.1427546988719334,0.08800265787029096,-0.05372284369648635,9,8,1.0,28.0,0.2579632122027815,0.0,0.2042,360,2385,0.1,0.25,45
60,30,false,,0.7333233900202432,0.0858093033946121,-0.633888152977122,3,1,1.0,20.924999999999955,0.03492239467849224,0.0,0.0906,360,2385,0.1,0.25,45
20,10,false,,0.0782285996922496,0.4860466019813913,0.3914043253555297,16,16,4.0,19.0,0.8909645444147922,0.0,0.2656,361,2386,0.1,0.25,45
30,15,false,,0.25565696678093297,0.10064327288097875,-0.17022312308533236,4,2,1.0,23.0,0.2684615384615385,0.0,0.2428,361,2386,0.1,0.25,45
40,20,true,,0.11768417600476405,0.21076557624894782,0.1066058996043995,32,35,3.0,39.0,0.7412612612612612,0.0,0.2762,361,2386,0.1,0.25,45
20,10,false,,0.14639755712282107,0.11622132088144971,-0.029299157957033153,9,4,1.0,19.0,0.43356643356643354,0.0,0.3078,362,2387,0.1,0.25,45
30,15,false,,0.13930743271701884,0.1212132445486147,-0.03256369618846197,7,4,1.0,27.0,0.41560673771055345,0.0,0.2646,362,2387,0.1,0.25,45
40,20,false,,0.18493710037224126,0.09585959502880245,-0.10258563165511965,10,3,1.0,39.0,0.2502844141069397,0.0,0.2612,362,2387,0.1,0.25,45
50,25,true,,0.1114929522296771,0.5422311925807941,0.4250622692806793,44,45,31.0,49.0,0.9204918032786885,0.6200819672131147,0.2458,362,2387,0.1,0.25,45
20,10,false,,0.1285481745465345,0.2722744611880457,0.16248592842147758,15,16,2.0,19.0,0.7218164496665608,0.0,0.3114,363,2388,0.1,0.25,45
30,15,false,,0.13053299983438116,0.14659510486839966,0.023271852493665646,12,3,1.0,29.0,0.5569948186528497,0.0,0.285,363,2388,0.1,0.25,45
40,20,false,,0.2124285728552827,0.11080187229459823,-0.12047932489350703,6,2,1.0,35.0,0.24364560639070443,0.0,0.2312,363,2388,0.1,0.25,45
50,25,false,,0.13769541848904202,0.11697717250604675,-0.029118755931882997,13,4,2.0,47.0,0.40413943355119825,0.07770515613652869,0.2438,363,2388,0.1,0.25,45
60,30,false,,0.13225148075324883,0.1458115730582266,0.03044388445712709,13,5,1.0,56.0,0.6149625935162095,0.0798004987531172,0.1234,363,2388,0.1,0.25,45
20,10,false,,0.11204726304100343,0.19715167058225544,0.1038381934746877,14,17,2.0,19.0,0.6957383548067394,0.0,0.3044,364,2389,0.1,0.25,45
30,15,false,,0.11842033190355056,0.16389453298633616,0.06146899337610607,19,27,1.0,29.0,0.6417805818436734,0.0,0.2926,364,2389,0.1,0.25,45
40,20,false,,0.11618511125931529,0.11988170913299445,0.01766143306836543,17,2,1.0,38.0,0.5338374291115312,0.0,0.2582,364,2389,0.1,0.25,45
50,25,false,,0.15161049835545742,0.11786055952580421,-0.029625075060501674,18,1,1.0,48.0,0.43460434604346043,0.20418204182041821,0.2466,364,2389,0.1,0.25,45
60,30,true,,0.11728554005387674,0.3610808173415175,0.23243735073034894,52,54,39.0,59.0,0.7515204170286707,0.21937445699391833,0.184,364,2389,0.1,0.25,45
20,10,false,,0.09888907312313011,0.11317307103748778,0.027881183948436222,11,8,2.0,19.0,0.5596266851019702,0.0,0.298,365,2390,0.1,0.25,45
30,15,false,,0.10317388437522329,0.12411893344997471,0.03584651223440573,15,8,2.0,28.0,0.6054013503375844,0.0,0.3004,365,2390,0.1,0.25,45
40,20,false,,0.128517158691158,0.11343506508537132,-0.015858046303816778,8,4,1.0,36.0,0.4502082544490723,0.0,0.2832,365,2390,0.1,0.25,45
50,25,true,,0.11138730237119983,0.6100369882567899,0.5030988426806446,44,46,26.0,49.0,0.9030910609857978,0.5877192982456141,0.255,365,2390,0.1,0.25,45
20,10,false,,0.11778413356288982,0.2754001621123118,0.1755641242244326,11,1,1.0,19.0,0.6835664335664335,0.0,0.2852,366,2391,0.1,0.25,45
30,15,false,,0.11420159736004987,0.16473980647715375,0.06668881602043437,18,26,2.0,29.0,0.6487889273356401,0.0,0.2924,366,2391,0.1,0.25,45
40,20,false,,0.1173824936932764,0.13524178257643726,0.03437472624614249,22,35,2.0,39.0,0.6094759511844939,0.0,0.2768,366,2391,0.1,0.25,45
50,25,true,,0.12077245935932639,0.22140902983183366,0.10583388754415202,42,44,22.0,49.0,0.7281306715063521,0.4791288566243194,0.2534,366,2391,0.1,0.25,45
20,10,false,,0.10777819900488446,0.17419870721910397,0.09501181950325767,11,16,1.0,19.0,0.6236521739130435,0.0,0.2876,367,2392,0.1,0.25,45
30,15,true,,0.10501515828209991,0.25058915214465743,0.13979072612236562,23,26,4.0,29.0,0.7714085983921706,0.0,0.2878,367,2392,0.1,0.25,45
20,10,false,,0.20056654669236823,0.1258258025493211,-0.09568032815743271,6,4,1.0,18.0,0.34993924665856624,0.0,0.2968,368,2393,0.1,0.25,45
30,15,false,,0.12440915891859915,0.10919513590982126,-0.022495930101507272,16,21,2.0,29.0,0.4292468760553867,0.0,0.2632,368,2393,0.1,0.25,45
40,20,false,,0.11196572991848593,0.6095159254775699,0.5010675630638572,35,36,6.0,39.0,0.8571428571428571,0.0,0.2538,368,2393,0.1,0.25,45
50,25,false,,0.18893809879505424,0.097432992652823,-0.09720477851171037,8,4,1.0,42.0,0.2062015503875969,0.02558139534883721,0.232,368,2393,0.1,0.25,45
60,30,false,,0.17137612805990016,0.10991879115043994,-0.06400049852649108,11,3,1.0,42.0,0.2662878787878788,0.017045454545454544,0.2272,368,2393,0.1,0.25,45
20,10,false,,0.11033307423895475,0.32464966527466554,0.23480748821814768,15,16,1.0,19.0,0.7077856420626896,0.0,0.2932,369,2394,0.1,0.25,45
30,15,false,,0.13019136322558275,0.10090551517661604,-0.03229787211939089,8,4,1.0,28.0,0.37708407236608726,0.0,0.2836,369,2394,0.1,0.25,45
40,20,false,,0.13384413655750507,0.11296170826637533,-0.012272074659609528,10,3,1.0,37.34999999999991,0.464698843238931,0.0,0.2514,369,2394,0.1,0.25,45
50,25,true,,0.11370583878840755,0.30873269323092684,0.18930399056374042,44,47,29.0,49.0,0.7668495297805643,0.609717868338558,0.2546,369,2394,0.1,0.25,45
20,10,false,,0.09344978339425994,0.1310907818183208,0.039808918047442396,11,16,1.0,19.0,0.603424178895877,0.0,0.281,370,2395,0.1,0.25,45
30,15,false,,0.10451718759499623,0.18119900520641197,0.0989427103280962,18,26,1.0,29.0,0.6274179983179142,0.0,0.2458,370,2395,0.1,0.25,45
40,20,false,,0.10744221913227942,0.17169738656956268,0.10192136684254002,23,36,1.0,39.0,0.6103044496487119,0.0,0.187,370,2395,0.1,0.25,45
50,25,false,,0.12290958858925888,0.11211777706133497,-0.009930294682169667,16,5,2.0,48.0,0.47854785478547857,0.16295379537953794,0.2688,370,2395,0.1,0.25,45
60,30,false,,0.11857344007167592,0.13628740867692937,0.022733193538588325,29,32,3.0,57.0,0.5925632911392406,0.10126582278481013,0.2698,370,2395,0.1,0.25,45
20,10,false,,0.08339633718103724,0.31294694747834495,0.21739928572780126,15,16,3.0,19.0,0.8123874684911775,0.0,0.2822,371,2396,0.1,0.25,45
30,15,false,,0.11236665872653873,0.12861269625634525,0.0215161000171068,16,27,1.0,29.0,0.5449881610102605,0.0,0.2782,371,2396,0.1,0.25,45
40,20,false,,0.12531996547977364,0.1010987520382688,-0.031121743645722955,14,1,1.0,38.0,0.4266609145815358,0.0,0.235,371,2396,0.1,0.25,45
50,25,false,,0.1259250723657727,0.10941834535214219,-0.028218532649579284,16,4,1.0,48.0,0.43757881462799497,0.21731820092475831,0.2484,371,2396,0.1,0.25,45
60,30,false,,0.13169846008412195,0.11212594888059552,-0.02345775140573493,26,3,2.0,57.0,0.4092151503319016,0.11011323701679032,0.2264,371,2396,0.1,0.25,45
20,10,false,,0.09714273506173408,0.19596539448530303,0.12132704372214462,14,16,2.0,19.0,0.6954732510288066,0.0,0.292,372,2397,0.1,0.25,45
30,15,false,,0.12627720749004365,0.12531489636823562,-0.0017825329321243255,17,27,1.0,29.0,0.49948400412796695,0.0,0.2726,372,2397,0.1,0.25,45
40,20,false,,0.10838870597020539,0.32827462993595075,0.21581099922385544,35,36,22.0,39.0,0.7772567409144197,0.0,0.2428,372,2397,0.1,0.25,45
50,25,false,,0.12492246482337946,0.14691428262301184,0.04562397386869309,30,46,2.0,49.0,0.5806188925081434,0.3688925081433225,0.2498,372,2397,0.1,0.25,45
60,30,true,,0.1169428409987889,0.6445127494461672,0.5184789303905267,54,56,38.0,59.0,0.9442008768433638,0.14547628537265844,0.2188,372,2397,0.1,0.25,45
20,10,false,,0.17955764596478624,0.11099094082493659,-0.0852633128733021,8,3,1.0,19.0,0.3195751138088012,0.0,0.2954,373,2398,0.1,0.25,45
30,15,false,,0.13027695010121043,0.13266896903290726,0.00743912671845319,18,20,3.0,29.0,0.5195387572069187,0.0,0.2928,373,2398,0.1,0.25,45
40,20,true,,0.11489944904458306,0.21747099857736715,0.10824711161471684,33,36,4.0,39.0,0.7136465324384788,0.0,0.259,373,2398,0.1,0.25,45
20,10,false,,0.08432389681239483,0.3355520032470709,0.23731672070367105,15,16,1.0,19.0,0.7570464470027789,0.0,0.2698,374,2399,0.1,0.25,45
30,15,false,,0.1091026386755334,0.19379220061215258,0.10343613853567389,20,21,1.0,29.0,0.6618625277161863,0.0,0.3054,374,2399,0.1,0.25,45
40,20,true,,0.11352752302154594,0.30687514619876577,0.203119552461611,34,37,14.099999999999994,39.0,0.7867674858223063,0.0,0.2756,374,2399,0.1,0.25,45
20,10,false,,0.12761506327740876,0.1364878409762213,0.01046741168854435,9,3,1.0,19.0,0.529126213592233,0.0,0.289,375,2400,0.1,0.25,45
30,15,false,,0.10320168738954681,0.16121202168213142,0.06395518996801403,22,26,3.0,29.0,0.6757654002213206,0.0,0.2838,375,2400,0.1,0.25,45
40,20,true,,0.09986195744490298,0.21479166791956167,0.12624879848983608,31,36,2.0,39.0,0.7365916955017301,0.0,0.2112,375,2400,0.1,0.25,45
20,10,false,,0.061114710403954775,0.09804946036540274,0.046894250407966326,11,2,1.0,19.0,0.5953379953379954,0.0,0.148,376,2401,0.1,0.25,45
30,15,false,,0.7752023212902066,0.041663370661763253,-0.7343039697151761,1,1,1.0,6.0,0.05196850393700787,0.0,0.0406,376,2401,0.1,0.25,45
40,20,false,,0.12922063123277372,0.046480760632693435,-0.08906785961020168,3,1,1.0,12.0,0.27120315581854043,0.0,0.0264,376,2401,0.1,0.25,45
50,25,false,,0.5763874042322292,0.04005398704313527,-0.5397518027157153,2,2,1.0,4.0,0.0,0.0,0.0158,376,2401,0.1,0.25,45
60,30,false,,0.47351545833534814,0.4980188551464982,0.024503396811150074,15,15,15.0,15.0,0.5,0.0,0.0002,376,2401,0.1,0.25,45
20,10,false,,0.0894663325139436,0.7007656572161227,0.6120811854542294,16,17,8.0,19.0,0.9293942772203642,0.0,0.265,377,2402,0.1,0.25,45
30,15,false,,0.11584288345785142,0.10063019251913785,-0.013877587009043013,16,21,1.0,28.0,0.45759517527327553,0.0,0.2664,377,2402,0.1,0.25,45
40,20,false,,0.19766877065518268,0.10029391713504217,-0.10671563656309918,6,3,1.0,37.0,0.34072249589490966,0.0,0.2574,377,2402,0.1,0.25,45
50,25,false,,0.12169498406860645,0.11895633723737097,-0.004288265811805997,25,5,2.0,47.0,0.4783456886461178,0.14007023019898557,0.236,377,2402,0.1,0.25,45
60,30,true,,0.1149975755681061,0.3123250536105283,0.199750532500903,51,53,27.0,59.0,0.8368506493506493,0.2021103896103896,0.1884,377,2402,0.1,0.25,45
20,10,false,,0.0819589634399208,0.4681623539579038,0.3848755203248706,15,16,2.0,19.0,0.823088455772114,0.0,0.2906,378,2403,0.1,0.25,45
30,15,false,,0.13247469515078553,0.09750375582844228,-0.05097434554470391,11,1,1.0,28.0,0.36231313926042485,0.0,0.2504,378,2403,0.1,0.25,45
40,20,false,,0.10460223055119768,0.5321857592861412,0.42187016975391267,35,36,3.0,39.0,0.8639690055962118,0.0,0.244,378,2403,0.1,0.25,45
50,25,false,,0.16267510447313968,0.10576160436482965,-0.05002643556338432,9,2,1.0,23.0,0.3473174667204518,0.0,0.2606,378,2403,0.1,0.25,45
60,30,false,,0.170800012483591,0.10739492051843262,-0.06733705817630362,7,3,1.0,22.65000000000009,0.3002178649237473,0.0,0.2298,378,2403,0.1,0.25,45
20,10,false,,0.11162905305260018,0.23326304783073185,0.13308064840012163,13,1,1.0,19.0,0.6462315182113235,0.0,0.2726,379,2404,0.1,0.25,45
30,15,true,,0.10516594958278253,0.320493103003928,0.2091196876876063,22,26,2.0,29.0,0.7936962750716332,0.0,0.2876,379,2404,0.1,0.25,45
20,10,false,,0.1503071499137388,0.2061886935276233,0.09818847935425376,11,16,1.0,19.0,0.6536838688737423,0.0,0.2836,380,2405,0.1,0.25,45
30,15,false,,0.15648633438146564,0.14127954583779426,-0.02118513719497206,14,3,1.0,29.0,0.4605740679643682,0.0,0.2586,380,2405,0.1,0.25,45
40,20,false,,0.18137675786802882,0.12508206070041777,-0.06405825055567563,10,2,1.0,38.0,0.3122713668107749,0.0,0.2164,380,2405,0.1,0.25,45
50,25,false,,0.12931544273642384,0.6818971584185456,0.5549398566454258,45,46,14.0,49.0,0.9296903460837888,0.7205828779599271,0.2158,380,2405,0.1,0.25,45
60,30,false,,,,,,,,,,,0.0,380,2405,0.1,0.25,45
20,10,false,,0.13112231577546496,0.20992038031688623,0.09305814596707748,13,17,1.0,19.0,0.6221859706362153,0.0,0.2834,381,2406,0.1,0.25,45
30,15,false,,0.1284366397794436,0.13074154459715825,0.023040295672616465,9,3,1.0,29.0,0.5547728073265235,0.0,0.2602,381,2406,0.1,0.25,45
40,20,false,,0.11331552587768144,0.3198066501700273,0.20573354092817125,35,35,22.0,39.0,0.8421052631578947,0.0,0.2438,381,2406,0.1,0.25,45
50,25,false,,0.12617020240256654,0.16792831083879856,0.08980411432243798,15,5,1.0,49.0,0.6414790996784566,0.317524115755627,0.2296,381,2406,0.1,0.25,45
60,30,true,,0.12815682056480648,0.23908960820489322,0.12918813678956292,44,47,2.0,57.0,0.8389473684210527,0.24736842105263157,0.2276,381,2406,0.1,0.25,45
20,10,false,,0.05672188544938585,0.3125439483388188,0.25218744946697175,15,16,4.0,19.0,0.8538988860325621,0.0,0.1856,382,2407,0.1,0.25,45
30,15,false,,0.15569173175065631,0.1056179931965981,-0.04795499197096076,6,1,1.0,28.0,0.4468349193214729,0.0,0.2314,382,2407,0.1,0.25,45
40,20,false,,0.1520219095971816,0.10094983783753894,-0.05166912212798959,9,1,1.0,36.0,0.3837162434502217,0.0,0.2648,382,2407,0.1,0.25,45
50,25,true,,0.10651963739591426,0.28130355608646096,0.1762510411831213,41,46,6.0,49.0,0.7567215958369471,0.42324371205550737,0.2216,382,2407,0.1,0.25,45
20,10,false,,0.10989422451796295,0.10871086582790151,0.006940092689255571,8,1,1.0,19.0,0.5111022997620935,0.0,0.2562,383,2408,0.1,0.25,45
30,15,true,,0.09169212901603238,0.49840665096922643,0.41287993007918466,24,26,2.0,29.0,0.8370581064607883,0.0,0.2638,383,2408,0.1,0.25,45
20,10,false,,0.11254005558258981,0.1485759156786986,0.04874980277375993,13,16,2.0,19.0,0.6020680453635757,0.0,0.2938,384,2409,0.1,0.25,45
30,15,false,,0.1207991448632727,0.12077895460268492,0.010187630469854603,16,2,1.0,29.0,0.5237399561723886,0.0,0.2524,384,2409,0.1,0.25,45
40,20,false,,0.11548558754051526,0.1684476753451722,0.06670543072973593,26,36,5.0,39.0,0.6538461538461539,0.0,0.287,384,2409,0.1,0.25,45
50,25,false,,0.12821636072555329,0.1167403886295716,-0.013659710364998634,24,4,1.0,47.0,0.4233443102817417,0.1566044639590194,0.2604,384,2409,0.1,0.25,45
60,30,true,,0.12548243805727757,0.3526283580707471,0.22256063060176803,52,56,27.0,59.0,0.8803074670571011,0.2397510980966325,0.2252,384,2409,0.1,0.25,45
20,10,false,,0.10534102348036482,0.4770009606856802,0.38828605731668625,16,17,3.0,19.0,0.7731481481481481,0.0,0.2712,385,2410,0.1,0.25,45
30,15,false,,0.3214725025894156,0.08912043728476118,-0.24061430535198244,4,1,1.0,26.0,0.21947194719471946,0.0,0.244,385,2410,0.1,0.25,45
40,20,false,,0.12967863188353476,0.09871799428146316,-0.04177200733931809,11,4,1.0,37.0,0.33877233877233875,0.0,0.2726,385,2410,0.1,0.25,45
50,25,false,,0.1266683854418385,0.1334241124946912,0.02543264719374075,22,4,2.0,49.0,0.547185095180235,0.2498987444309437,0.2688,385,2410,0.1,0.25,45
60,30,false,,0.12184868106061358,0.13985017859049514,0.04381340991702383,28,5,1.0,59.0,0.6259050683829445,0.07723250201126307,0.2516,385,2410,0.1,0.25,45
20,10,false,,0.16493020896257038,0.09590260281141993,-0.06875694795947779,8,2,1.0,19.0,0.3494221617946975,0.0,0.2804,386,2411,0.1,0.25,45
30,15,false,,0.3310344671503995,0.08446932985260532,-0.2600851104057184,4,2,1.0,28.0,0.22790883646541382,0.0,0.2448,386,2411,0.1,0.25,45
40,20,false,,0.11297546306962397,0.1498577391193279,0.04681102131472861,28,34,2.0,39.0,0.6088531187122737,0.0,0.2514,386,2411,0.1,0.25,45
50,25,false,,0.11546149673385145,0.13666794546428376,0.02471492945944903,33,40,10.0,48.0,0.5867130166087292,0.18346852066434918,0.2822,386,2411,0.1,0.25,45
60,30,false,,0.35040530834967654,0.1054137282502724,-0.24379015588729452,5,4,1.0,34.0,0.1486320947325439,0.004083299305839118,0.2014,386,2411,0.1,0.25,45
20,10,false,,0.11548451285029537,0.11567570315260206,-0.0027296387480242046,10,1,1.0,19.0,0.49201277955271566,0.0,0.2832,387,2412,0.1,0.25,45
30,15,false,,0.1045649240007919,0.14565962852379216,0.055167610708073064,19,25,1.0,29.0,0.6158017041053447,0.0,0.271,387,2412,0.1,0.25,45
40,20,true,,0.11150595624490557,0.5415953311308779,0.42675753102789943,34,36,4.0,39.0,0.8836158192090395,0.0,0.2704,387,2412,0.1,0.25,45
20,10,false,,0.10245575950094664,0.5832389048530042,0.4824360226568384,16,16,3.0,19.0,0.8942512420156139,0.0,0.2738,388,2413,0.1,0.25,45
30,15,false,,0.21182639648808305,0.07987637007338647,-0.14562800398717435,4,1,1.0,24.0,0.2612732095490716,0.0,0.2078,388,2413,0.1,0.25,45
40,20,false,,0.1217766095227066,0.10837493720272609,-0.015567357719616343,13,10,2.0,32.0,0.4474766355140187,0.0,0.2856,388,2413,0.1,0.25,45
50,25,false,,0.13911972542036796,0.10639473268621814,-0.03717297822770239,10,3,1.0,38.0,0.3518370607028754,0.004792332268370607,0.2496,388,2413,0.1,0.25,45
60,30,true,,0.12097690117209701,0.33051136242366735,0.20684257889892993,52,55,14.0,59.0,0.8802395209580839,0.15419161676646706,0.2144,388,2413,0.1,0.25,45
20,10,false,,0.12118386737637704,0.6268073174033855,0.5299787691297838,16,16,2.0,19.0,0.7774687065368567,0.0,0.2812,389,2414,0.1,0.25,45
30,15,false,,0.13621243251391665,0.1368778421281889,-0.0025641352014173363,8,3,1.0,27.0,0.4906451612903226,0.0,0.2982,389,2414,0.1,0.25,45
40,20,true,,0.13311976611317677,0.2975636759695676,0.1761096632189295,34,36,4.0,39.0,0.7535593220338983,0.0,0.2476,389,2414,0.1,0.25,45
20,10,false,,0.14385620784076897,0.1728354809445993,0.05064619167491044,9,9,1.0,19.0,0.618944099378882,0.0,0.323,390,2415,0.1,0.25,45
30,15,true,,0.12835668758893537,0.3565665052429472,0.23828978187513833,24,26,4.0,29.0,0.7485089463220675,0.0,0.2904,390,2415,0.1,0.25,45
20,10,false,,0.08361343076301449,0.8060378555610157,0.7092156999667956,16,17,4.0,19.0,0.9059011164274322,0.0,0.2616,391,2416,0.1,0.25,45
30,15,false,,0.2530866683376927,0.08599654686131387,-0.18593558968850754,4,1,1.0,29.0,0.28664072632944226,0.0,0.2142,391,2416,0.1,0.25,45
40,20,false,,0.17907830531845476,0.0930396514865616,-0.0904007211098179,5,4,1.0,35.0,0.27510917030567683,0.0,0.248,391,2416,0.1,0.25,45
50,25,false,,0.22887506573164107,0.09399114618725993,-0.14730381468935264,7,2,1.0,29.0,0.21120136810602821,0.0,0.2296,391,2416,0.1,0.25,45
60,30,false,,0.25219240710385765,0.10568983062644333,-0.15778796806912443,7,1,1.0,57.0,0.23830155979202772,0.03509532062391681,0.1988,391,2416,0.1,0.25,45
20,10,false,,0.17247098285431722,0.15390464050118863,-0.01986620011592999,7,1,1.0,18.0,0.47174126102580854,0.0,0.2914,392,2417,0.1,0.25,45
30,15,false,,0.1389581133763269,0.13096755119719614,-0.006243841325287547,17,27,1.0,29.0,0.492729676140119,0.0,0.288,392,2417,0.1,0.25,45
40,20,false,,0.1346140186318797,0.11147748943225724,-0.03293946034843229,16,1,1.0,38.0,0.4222137694941042,0.0,0.2526,392,2417,0.1,0.25,45
50,25,false,,0.13997583244344433,0.09054710960743158,-0.07040461079790211,26,1,1.0,48.0,0.30440199335548174,0.20431893687707642,0.1964,392,2417,0.1,0.25,45
60,30,false,,0.14523922412235507,0.10375214456023951,-0.04985454150077002,22,18,3.625,35.0,0.2645051194539249,0.0,0.052,392,2417,0.1,0.25,45
20,10,false,,0.14116923297169787,0.3143795847890328,0.1929189317740566,15,16,2.0,19.0,0.7610754659333945,0.0,0.2918,393,2418,0.1,0.25,45
30,15,false,,0.1338716241581186,0.10624089631662913,-0.034815145042627865,12,6,2.0,28.0,0.36089494163424124,0.0,0.284,393,2418,0.1,0.25,45
40,20,false,,0.12785754016237497,0.14427650840626716,0.02952758149742358,28,37,1.0,39.0,0.537721324095458,0.0,0.2418,393,2418,0.1,0.25,45
50,25,false,,0.18261271554538167,0.09683636226120318,-0.09177893578414707,8,5,1.0,25.0,0.1964501815248084,0.0,0.2484,393,2418,0.1,0.25,45
60,30,false,,0.20173564054269275,0.1228460967739197,-0.08363545220040093,6,1,1.0,58.0,0.40931574608408905,0.08491343775762572,0.1972,393,2418,0.1,0.25,45
20,10,false,,0.14104079277300227,0.09997234109120964,-0.0410612780465152,6,2,1.0,19.0,0.407735982966643,0.0,0.2902,394,2419,0.1,0.25,45
30,15,false,,0.12800794094794019,0.22301840800072825,0.12985912645299708,22,26,1.0,29.0,0.5921414538310412,0.0,0.2298,394,2419,0.1,0.25,45
40,20,false,,0.11680024796645863,0.15251868958661638,0.051721324635061905,27,35,2.0,38.0,0.6206896551724138,0.0,0.2788,394,2419,0.1,0.25,45
50,25,true,,0.11824016122080527,0.435504176063728,0.3139994310532406,44,46,29.0,49.0,0.8858913598250091,0.6139263580021874,0.2552,394,2419,0.1,0.25,45
20,10,false,,0.13427983419834844,0.1553691101382311,0.021514897856327847,11,1,1.0,19.0,0.5260115606936416,0.0,0.2496,395,2420,0.1,0.25,45
30,15,false,,0.12252429867386005,0.3022069394140779,0.18334947247080266,23,26,1.0,29.0,0.6402461093014838,0.0,0.262,395,2420,0.1,0.25,45
40,20,false,,0.1344940982482001,0.13113325682390306,0.00789107504304623,23,1,1.0,39.0,0.5109742010011552,0.0,0.228,395,2420,0.1,0.25,45
50,25,true,,0.11650626651346271,0.4533391418390733,0.3295902908506569,44,45,28.0,49.0,0.8326454033771107,0.5936210131332083,0.245,395,2420,0.1,0.25,45
20,10,false,,0.15859869878616004,0.1312255685597882,-0.030189767027289205,9,16,1.0,19.0,0.43833905713393695,0.0,0.3152,396,2421,0.1,0.25,45
30,15,false,,0.13376479453822598,0.15451190700017892,0.03917208670280085,15,27,2.0,29.0,0.6084142394822006,0.0,0.2664,396,2421,0.1,0.25,45
40,20,false,,0.11867241612655229,0.729830654414674,0.6118740165625478,36,36,30.0,39.0,0.9472830494728305,0.0,0.2208,396,2421,0.1,0.25,45
50,25,false,,0.19915920397628828,0.118112988093228,-0.11377250523489085,9,1,1.0,48.0,0.33654587509637623,0.2081727062451812,0.2156,396,2421,0.1,0.25,45
60,30,false,,0.12761914131527285,0.14636723617157588,0.022776197211458682,51,54,7.0,58.0,0.5803048065650644,0.15181711606096132,0.1056,396,2421,0.1,0.25,45
20,10,false,,0.10401937044845841,0.08938826558583446,-0.028697142395370072,8,1,1.0,19.0,0.4337213668794593,0.0,0.2694,397,2422,0.1,0.25,45
30,15,false,,0.1314591262488814,0.0778231258192454,-0.06560594983363374,7,1,1.0,29.0,0.4218678815489749,0.0,0.1698,397,2422,0.1,0.25,45
40,20,true,,0.08123606065861945,0.29578698988267244,0.21468265925070282,34,35,22.0,39.0,0.884117951370926,0.0,0.119,397,2422,0.1,0.25,45
20,10,false,,0.1610456343324051,0.08296944409703907,-0.08325198360515056,8,3,2.0,19.0,0.3546925566343042,0.0,0.2704,398,2423,0.1,0.25,45
30,15,false,,0.13118050341788062,0.12513647991883295,-0.0003751513074816415,20,26,1.0,29.0,0.49930891499654456,0.0,0.26,398,2423,0.1,0.25,45
40,20,false,,0.13844261596681204,0.10616252876906886,-0.04994793089330833,11,4,1.0,36.0,0.3346570397111913,0.0,0.256,398,2423,0.1,0.25,45
50,25,false,,0.16101445676075474,0.10998288082056187,-0.06608150025792812,9,2,1.0,47.0,0.3017515923566879,0.04538216560509554,0.2174,398,2423,0.1,0.25,45
60,30,true,,0.12718567428969016,0.34983253638654227,0.22400318642904482,51,53,38.0,59.0,0.8731393775372125,0.2239512855209743,0.2066,398,2423,0.1,0.25,45
20,10,true,,0.08720834692839564,0.18635987958076208,0.10985220826689175,13,16,2.0,19.0,0.7485955056179775,0.0,0.2986,399,2424,0.1,0.25,45
20,10,false,,0.13866727152688463,0.23695391499650906,0.14676906485615224,12,1,1.0,19.0,0.6361281968274523,0.0,0.2476,400,2425,0.1,0.25,45
30,15,false,,0.1286935261872877,0.1476712661283207,0.03212695740724381,22,25,2.0,29.0,0.6002562459961563,0.0,0.2766,400,2425,0.1,0.25,45
40,20,false,,0.17463596128978998,0.10392373554336883,-0.08294493663114053,8,2,1.0,35.0,0.21806090304515227,0.0,0.2462,400,2425,0.1,0.25,45
50,25,false,,0.1371880346947529,0.10358051368250766,-0.050228266838016566,26,47,2.0,49.0,0.3635275339185954,0.290901835594573,0.2134,400,2425,0.1,0.25,45
60,30,false,,0.1148716516650422,0.574839081366375,0.4519778129649584,55,55,44.0,59.0,0.9289940828402367,0.07776838546069316,0.18,400,2425,0.1,0.25,45
20,10,false,,0.17918750853220808,0.16326219870884484,-0.0035391750635130614,9,1,1.0,19.0,0.495937711577522,0.0,0.247,401,2426,0.1,0.25,45
30,15,false,,0.14185473186136907,0.14437293699868062,0.01602654898237546,21,25,2.0,29.0,0.5231874591770085,0.0,0.3032,401,2426,0.1,0.25,45
40,20,false,,0.1263011804903476,0.10359895766660217,-0.029336689573154412,24,36,2.0,38.0,0.40265328074578705,0.0,0.2536,401,2426,0.1,0.25,45
50,25,false,,0.16229641992012406,0.10005065978984364,-0.07275928534078357,14,4,1.0,45.0,0.26005466614603673,0.027333073018352205,0.229,401,2426,0.1,0.25,45
60,30,true,,0.1191179424260723,0.5656466379136063,0.44096425184062177,54,56,43.0,59.0,0.9750201450443191,0.0894439967767929,0.2168,401,2426,0.1,0.25,45
20,10,false,,0.09559226756044868,0.12346757503945624,0.041585202818849386,10,17,1.0,19.0,0.5881481481481482,0.0,0.2546,402,2427,0.1,0.25,45
30,15,false,,0.12651704195733798,0.08617846830677647,-0.05828470853696856,8,1,1.0,28.0,0.3301764959104606,0.0,0.223,402,2427,0.1,0.25,45
40,20,false,,0.15916208364001178,0.09452693708640159,-0.08446164612677454,7,3,1.0,38.0,0.34907325684024715,0.0,0.2368,402,2427,0.1,0.25,45
50,25,true,,0.11514415396720508,0.21601654092447803,0.11878455350297737,41,45,4.0,49.0,0.7255794701986755,0.4197019867549669,0.2758,402,2427,0.1,0.25,45
20,10,false,,0.09235956121024813,0.09306680028417849,-0.01176803129389653,11,1,1.0,19.0,0.48326639892904955,0.0,0.1774,403,2428,0.1,0.25,45
30,15,false,,0.10197711446481579,0.16016805129190495,0.07345030871875009,21,26,1.0,29.0,0.6265346534653465,0.0,0.2658,403,2428,0.1,0.25,45
40,20,false,,0.1389326330657424,0.09722540396133801,-0.04727628263229465,11,2,1.0,37.0,0.3591989987484355,0.0,0.2626,403,2428,0.1,0.25,45
50,25,false,,0.1479623274183442,0.10782553331553654,-0.0410184548791817,9,3,1.0,48.0,0.4017234304472712,0.1304883052933935,0.2702,403,2428,0.1,0.25,45
60,30,true,,0.11594081531649972,0.2704793399256433,0.14955911875497185,51,53,18.0,59.0,0.7832452216348109,0.17730784871899147,0.2122,403,2428,0.1,0.25,45
20,10,false,,0.18024849149466882,0.1497081877945251,-0.04631972730162012,12,1,1.0,19.0,0.4329017998105463,0.0,0.284,404,2429,0.1,0.25,45
30,15,true,,0.13478276921894325,0.4244608439012875,0.2906693027774083,24,26,2.0,29.0,0.7587791270101739,0.0,0.2738,404,2429,0.1,0.25,45
20,10,false,,0.14185074159955832,0.13690956035636423,-0.00165142322153633,11,16,1.0,19.0,0.49639385387268736,0.0,0.3114,405,2430,0.1,0.25,45
30,15,false,,0.12606525022498097,0.14978222530358098,0.03518939731086457,19,25,1.0,29.0,0.5523131672597865,0.0,0.2696,405,2430,0.1,0.25,45
40,20,false,,0.13807616633041309,0.16791086183570988,0.0762037814723217,25,36,1.0,39.0,0.5634028892455859,0.0,0.2348,405,2430,0.1,0.25,45
50,25,false,,0.213313736375239,0.10297306769283597,-0.1190395415517444,6,3,1.0,29.0,0.206841046277666,0.0,0.2002,405,2430,0.1,0.25,45
60,30,false,,0.13081304499837154,0.17669428080428692,0.06853441980301006,38,56,2.0,59.0,0.6562729273661042,0.11335289801907557,0.193,405,2430,0.1,0.25,45
20,10,false,,0.13702026190941965,0.1004795012189511,-0.029490073277057938,8,3,1.0,19.0,0.4230124119423012,0.0,0.294,406,2431,0.1,0.25,45
30,15,false,,0.18658294150043525,0.07897092629001731,-0.12570566240520673,5,2,1.0,28.0,0.28888888888888886,0.0,0.1824,406,2431,0.1,0.25,45
40,20,false,,0.1217142313469633,0.23106627813838818,0.12611541895085027,28,2,1.0,39.0,0.6214132762312634,0.0,0.2422,406,2431,0.1,0.25,45
50,25,false,,0.12123425162917001,0.12736708868448499,0.02188301549771593,29,45,2.0,48.0,0.5605192821687667,0.24360442917143948,0.267,406,2431,0.1,0.25,45
60,30,false,,0.12937435684184778,0.14547676354024103,0.03222177880436586,25,3,3.0,57.0,0.5914567360350493,0.07119386637458927,0.2088,406,2431,0.1,0.25,45
20,10,false,,0.0980675034608874,0.6998234731187468,0.5920667098348544,16,17,4.0,19.0,0.9396581792814789,0.0,0.292,407,2432,0.1,0.25,45
30,15,false,,0.11956391030562244,0.08734185882799157,-0.03896091090028918,14,4,1.0,29.0,0.36,0.0,0.2556,407,2432,0.1,0.25,45
40,20,false,,0.10836060572839618,0.09803676731084307,-0.01721657165353721,24,1,1.0,39.0,0.451831750339213,0.0,0.1674,407,2432,0.1,0.25,45
50,25,true,,0.11323747229747673,0.36924176342724874,0.2642544260315743,43,47,12.0,49.0,0.8022195798652398,0.5172413793103449,0.2818,407,2432,0.1,0.25,45
20,10,true,,0.06607136918662757,0.26908134628104086,0.19236804915322006,14,17,2.0,19.0,0.7491482112436116,0.0,0.2448,408,2433,0.1,0.25,45
20,10,false,,0.1286511727488728,0.20131560749917404,0.08720411981834039,14,17,1.0,19.0,0.5961665565102445,0.0,0.2906,409,2434,0.1,0.25,45
30,15,false,,0.13532484994879257,0.11712945144534241,-0.028809860268263585,9,2,1.0,28.0,0.4266903914590747,0.0,0.2736,409,2434,0.1,0.25,45
40,20,false,,0.10495958389335364,0.2566418872425728,0.1556674196753682,35,36,20.0,39.0,0.7510008006405124,0.0,0.2302,409,2434,0.1,0.25,45
50,25,true,,0.11144471015114353,0.3291579561658693,0.20983590293042292,44,45,21.0,49.0,0.7911268158617982,0.6321162151550844,0.2704,409,2434,0.1,0.25,45
20,10,false,,0.1056749005672729,0.2737979319924768,0.19613367872314494,15,18,2.0,19.0,0.7730082417582418,0.0,0.2932,410,2435,0.1,0.25,45
30,15,false,,0.12582482778724824,0.08231536452503806,-0.046238564255490125,9,8,1.0,27.0,0.3195458231954582,0.0,0.2486,410,2435,0.1,0.25,45
40,20,false,,0.08770166835272884,0.6969535311275762,0.6064358152532665,36,36,26.0,39.0,0.9813976872800402,0.0,0.1428,410,2435,0.1,0.25,45
50,25,true,,0.0882005247364616,0.4742489420209786,0.390014529569884,44,45,26.0,49.0,0.9654295882053889,0.608540925266904,0.1246,410,2435,0.1,0.25,45
20,10,false,,0.11297056232831564,0.3975249310893659,0.28530930850381553,15,17,1.0,19.0,0.7010272759475735,0.0,0.2742,411,2436,0.1,0.25,45
30,15,true,,0.11108595566443784,0.35275343270794485,0.2455210873219228,22,26,1.0,29.0,0.7163355408388521,0.0,0.2648,411,2436,0.1,0.25,45
20,10,false,,0.11432137995777003,0.10569446319491263,-0.012380282501776519,12,16,1.0,19.0,0.4579500657030223,0.0,0.2904,412,2437,0.1,0.25,45
30,15,false,,0.09716151340163189,0.16622783957969733,0.08275458733086696,23,25,2.0,29.0,0.650343990287333,0.0,0.2182,412,2437,0.1,0.25,45
40,20,false,,0.13391049846036243,0.10705127104625381,-0.03456713293109809,26,2,1.0,39.0,0.4392038078753786,0.0,0.2396,412,2437,0.1,0.25,45
50,25,true,,0.11358689601940629,0.38975379026045043,0.2830373430123736,42,44,19.0,49.0,0.7790404040404041,0.4764309764309764,0.2526,412,2437,0.1,0.25,45
20,10,false,,0.10804501214185874,0.27255634985149385,0.171228346054985,15,17,2.0,19.0,0.6796901313573593,0.0,0.2794,413,2438,0.1,0.25,45
30,15,false,,0.12263093850496627,0.07641938491005475,-0.058549350854795706,9,2,1.0,28.0,0.3148774302620456,0.0,0.204,413,2438,0.1,0.25,45
40,20,false,,0.13755230490778433,0.10779353929379584,-0.029995139077994462,11,5,1.0,38.0,0.42742582197273454,0.0,0.2728,413,2438,0.1,0.25,45
50,25,false,,0.16381890470310156,0.09487364444140914,-0.07345135762989474,8,4,1.0,31.0,0.23884297520661157,0.004132231404958678,0.2356,413,2438,0.1,0.25,45
60,30,true,,0.116703699523033,0.36778551980371865,0.251356578878387,54,57,34.0,59.0,0.8252267106347898,0.13190436933223412,0.2466,413,2438,0.1,0.25,45
20,10,false,,0.14015390863408256,0.12399907539945829,-0.020751173012209523,9,2,1.0,19.0,0.44192546583850933,0.0,0.31,414,2439,0.1,0.25,45
30,15,false,,0.13332031557474344,0.12286493563585629,-0.005433042326256035,19,26,1.0,29.0,0.4896597731821214,0.0,0.2666,414,2439,0.1,0.25,45
40,20,false,,0.14409464792281776,0.09896422473493942,-0.05520866603150201,13,4,1.0,38.0,0.3280029750836742,0.0,0.2514,414,2439,0.1,0.25,45
50,25,false,,0.1137159532178064,0.519278933194477,0.40817617253342614,45,46,33.0,49.0,0.7982529118136439,0.6568219633943427,0.244,414,2439,0.1,0.25,45
60,30,true,,0.12719764840973727,0.33394104782099937,0.21443403335684763,49,56,2.0,58.0,0.7050708426547353,0.06002982848620433,0.2108,414,2439,0.1,0.25,45
20,10,false,,0.14380482078772214,0.2547840777442538,0.11760151457688434,13,17,1.0,19.0,0.6303148328464784,0.0,0.3136,415,2440,0.1,0.25,45
30,15,false,,0.15752159527481677,0.13004815767077774,-0.022070863778679055,7,2,1.0,28.0,0.46661981728742097,0.0,0.2556,415,2440,0.1,0.25,45
40,20,false,,0.2751313239076887,0.09714357457749873,-0.17991905174889122,5,4,1.0,32.0,0.09532780708364733,0.0,0.2346,415,2440,0.1,0.25,45
50,25,false,,0.13369592462809265,0.34420343208646215,0.22873457589488005,39,45,1.0,49.0,0.6039404905508645,0.4077201447527141,0.2186,415,2440,0.1,0.25,45
60,30,true,,0.12951774535490623,0.2954704102493433,0.17431439961322762,50,51,28.0,59.0,0.8252227553118574,0.21932830705962988,0.103,415,2440,0.1,0.25,45
20,10,false,,0.16664494624135978,0.1881095680272343,0.04087232457531084,11,16,1.0,19.0,0.5899194750969281,0.0,0.3138,416,2441,0.1,0.25,45
30,15,false,,0.24353157934555866,0.10885364196817426,-0.1462457983926218,6,2,1.0,22.0,0.14937759336099585,0.0,0.248,416,2441,0.1,0.25,45
40,20,false,,0.2829739914887216,0.1132250950187286,-0.18358006172510344,4,3,1.0,18.0,0.14722222222222223,0.0,0.2184,416,2441,0.1,0.25,45
50,25,false,,0.1299877938875802,0.12034045299278584,-0.0036167592329558185,34,47,4.0,49.0,0.48838028169014086,0.25704225352112675,0.2398,416,2441,0.1,0.25,45
60,30,true,,0.130758356511767,0.4269385179777086,0.29301563156813,53,56,23.0,59.0,0.8358792184724689,0.1364120781527531,0.194,416,2441,0.1,0.25,45
20,10,true,,0.08826922046245247,0.28467448306813686,0.19572969779289812,14,16,2.0,19.0,0.7942401110340042,0.0,0.2954,417,2442,0.1,0.25,45
20,10,false,,0.13219029707683297,0.5809106314226193,0.4405256155160623,15,17,1.0,19.0,0.730911537167844,0.0,0.2854,418,2443,0.1,0.25,45
30,15,false,,0.11857773643192311,0.1943536158713074,0.08084386457964368,23,25,4.0,29.0,0.6854946524064172,0.0,0.2726,418,2443,0.1,0.25,45
40,20,false,,0.11779779463938023,0.4951722206118927,0.3742054971296273,34,36,1.0,39.0,0.6599562363238513,0.0,0.2108,418,2443,0.1,0.25,45
50,25,true,,0.11414204790885933,0.4883420363275236,0.37524531676845413,44,45,10.0,49.0,0.8017411950929957,0.5821131776810448,0.276,418,2443,0.1,0.25,45
20,10,false,,0.12729933364613719,0.1572358027246962,0.038306474389667805,14,16,2.0,19.0,0.5812995245641839,0.0,0.296,419,2444,0.1,0.25,45
30,15,false,,0.10984629389224701,0.15152919366335807,0.052476453013776486,22,26,2.0,29.0,0.6452084857351865,0.0,0.2726,419,2444,0.1,0.25,45
40,20,false,,0.1206343417658944,0.12292464390843447,0.015907101412342663,20,35,2.0,38.0,0.5324384787472036,0.0,0.2892,419,2444,0.1,0.25,45
50,25,false,,0.31512224750458767,0.09811695612574053,-0.2236629464534244,5,2,1.0,44.0,0.17736339982653945,0.03816131830008673,0.2244,419,2444,0.1,0.25,45
60,30,true,,0.11776803862022119,0.2933548808942179,0.18639676095513633,51,55,6.0,59.0,0.7655634357762018,0.1276595744680851,0.2374,419,2444,0.1,0.25,45
20,10,false,,0.16085762072709867,0.1322516431923891,-0.03951735580354496,6,1,1.0,18.0,0.40316083049271767,0.0,0.312,420,2445,0.1,0.25,45
30,15,false,,0.14415004130723644,0.1461309287026252,0.001631360505957663,11,2,1.0,28.0,0.5121875,0.0,0.292,420,2445,0.1,0.25,45
40,20,false,,0.14508788857719623,0.11076257410445493,-0.04785528527310201,19,35,2.0,39.0,0.3345575959933222,0.0,0.239,420,2445,0.1,0.25,45
50,25,false,,0.14868724828040236,0.10879773077821621,-0.04976622012365309,18,5,2.0,44.0,0.3108627314006287,0.04750261962975899,0.2272,420,2445,0.1,0.25,45
60,30,true,,0.12677429504486087,0.61569015623094,0.47872232652177354,53,57,23.0,59.0,0.895864106351551,0.11853766617429838,0.1836,420,2445,0.1,0.25,45
20,10,true,,0.10563233645836209,0.19331850062843436,0.09450091880065602,13,16,1.0,19.0,0.7003344481605351,0.0,0.3024,421,2446,0.1,0.25,45
20,10,false,,0.132481167571522,0.1252836821674875,-0.00023983377941032974,11,16,1.0,19.0,0.5,0.0,0.2888,422,2447,0.1,0.25,45
30,15,false,,0.10312158510584589,0.13305864788771635,0.02879258253369689,20,26,2.0,29.0,0.5614183199662305,0.0,0.2316,422,2447,0.1,0.25,45
40,20,false,,0.0824771893839045,0.6997651624728219,0.6196094617657479,36,36,29.0,39.0,0.9765281173594133,0.0,0.14,422,2447,0.1,0.25,45
50,25,false,,0.11349113797899392,0.12754109849271794,0.012541771630997608,37,44,13.0,48.0,0.5318570318570318,0.2731157731157731,0.2698,422,2447,0.1,0.25,45
60,30,false,,0.1428798254219327,0.10756340498113369,-0.037198586055517555,16,6,2.0,53.0,0.35001955416503716,0.012905748924520923,0.2306,422,2447,0.1,0.25,45
20,10,false,,0.1288617234176421,0.1508592296529483,0.036574248617204666,12,2,1.0,19.0,0.5637470409198512,0.0,0.2906,423,2448,0.1,0.25,45
30,15,false,,0.22215620361892177,0.08283322476684543,-0.1511114467729984,4,2,1.0,22.0,0.21316225165562913,0.0,0.234,423,2448,0.1,0.25,45
40,20,false,,0.15214383271479764,0.07794099832820034,-0.08121475117107327,7,4,1.0,34.0,0.22056159420289856,0.0,0.1898,423,2448,0.1,0.25,45
50,25,false,,0.10984634775103526,0.32940177923382535,0.23915802273522854,36,46,1.0,49.0,0.6266050333846944,0.33384694401643555,0.13,423,2448,0.1,0.25,45
60,30,false,,0.09149271090398105,0.8064904411966055,0.7020753581458559,56,57,49.0,59.0,0.9841549295774648,0.024061032863849766,0.0928,423,2448,0.1,0.25,45
20,10,false,,0.16221906871988176,0.2111476444979958,0.07712045018731302,14,17,1.0,19.0,0.5865617433414043,0.0,0.2898,424,2449,0.1,0.25,45
30,15,true,,0.12800101079600404,0.26180287003508435,0.13656309151515725,24,27,4.0,29.0,0.7257691035395303,0.0,0.2746,424,2449,0.1,0.25,45
20,10,false,,0.09169037896868626,0.44688057734080633,0.3450550611220249,15,16,2.0,19.0,0.8074179743223966,0.0,0.2966,425,2450,0.1,0.25,45
30,15,true,,0.10151245301050253,0.3133192700975283,0.21842539527703708,24,27,4.0,29.0,0.8328278999241849,0.0,0.2734,425,2450,0.1,0.25,45
20,10,false,,0.16926532038466058,0.11735249053949692,-0.06354463828181667,8,5,1.0,19.0,0.3516582013743651,0.0,0.3106,426,2451,0.1,0.25,45
30,15,false,,0.14066442182723807,0.09423987962888929,-0.07230003204635854,11,4,1.0,28.0,0.3321616871704745,0.0,0.2648,426,2451,0.1,0.25,45
40,20,false,,0.16410755442812527,0.097249065237195,-0.08012073654105323,7,2,1.0,38.0,0.29169929522317933,0.0,0.2514,426,2451,0.1,0.25,45
50,25,false,,0.4719843665292244,0.08543725903866983,-0.3841540872444027,4,2,1.0,13.0,0.04800724637681159,0.0,0.1738,426,2451,0.1,0.25,45
60,30,false,,0.23044613657249494,0.1043568162614135,-0.13764795850103717,10,4,1.0,58.0,0.2419283502874834,0.03272888102609465,0.1768,426,2451,0.1,0.25,45
20,10,false,,0.061696085526687774,0.0845331643507492,0.020655708006186314,10,16,1.0,19.0,0.5803686240891556,0.0,0.1994,427,2452,0.1,0.25,45
30,15,false,,0.09641423908096665,0.14721597317517493,0.07305003881729444,15,22,1.0,28.0,0.6559435072577481,0.0,0.275,427,2452,0.1,0.25,45
40,20,true,,0.1060159731818136,0.40695301691624824,0.30798440831120744,32,35,3.0,39.0,0.7805077805077805,0.0,0.276,427,2452,0.1,0.25,45
20,10,true,,0.08796991481547482,0.3388975216395458,0.24106676908244154,14,16,2.0,19.0,0.8132468419255718,0.0,0.3068,428,2453,0.1,0.25,45
20,10,false,,0.08868686554637892,0.16274182655425198,0.09393660526625301,12,16,1.0,19.0,0.6594537069882938,0.0,0.2996,429,2454,0.1,0.25,45
30,15,true,,0.10431142399265125,0.4446942306582029,0.33048280630774995,24,26,7.0,29.0,0.8951048951048951,0.0,0.2974,429,2454,0.1,0.25,45
20,10,false,,0.14857244954067844,0.1155658997430221,-0.03134815395614743,10,2,1.0,18.0,0.4474445515911283,0.0,0.2796,430,2455,0.1,0.25,45
30,15,false,,0.1181894093290577,0.5290136970518029,0.4239962896071642,26,26,13.0,29.0,0.8331569664902998,0.0,0.263,430,2455,0.1,0.25,45
40,20,false,,0.13716029108403185,0.10659692678642435,-0.03693759081412687,13,2,1.0,38.0,0.372855508959207,0.0,0.2658,430,2455,0.1,0.25,45
50,25,false,,0.11969952465705344,0.12498160449607665,0.015828674193950197,26,7,2.0,48.0,0.5435120435120435,0.2665112665112665,0.2648,430,2455,0.1,0.25,45
60,30,true,,0.11651165594441919,0.40668958790453075,0.2887042930136376,53,54,35.0,59.0,0.8654812524159258,0.18399690761499807,0.2122,430,2455,0.1,0.25,45
20,10,false,,0.09039607614261448,0.5251987142260703,0.4283828184452961,15,16,3.0,19.0,0.850550230741924,0.0,0.2858,431,2456,0.1,0.25,45
30,15,true,,0.09329108104901548,0.2788544032740095,0.1979070888321195,22,26,1.0,29.0,0.7342908438061041,0.0,0.2,431,2456,0.1,0.25,45
20,10,false,,0.15379721190470663,0.07697152316736508,-0.09653749553579702,8,1,1.0,19.0,0.3354385964912281,0.0,0.2322,432,2457,0.1,0.25,45
30,15,false,,0.0816929319952722,0.12679784585727177,0.0436177566139887,21,23,3.0,29.0,0.6050531914893617,0.0,0.1796,432,2457,0.1,0.25,45
40,20,false,,0.2297861435505989,0.06518717136388524,-0.16707345140203542,4,4,1.0,12.0,0.11670616113744076,0.0,0.0938,432,2457,0.1,0.25,45
50,25,false,,0.07751425605621366,0.6318994489532737,0.5487770133597023,45,44,40.0,49.0,1.0,0.8047925189947399,0.0552,432,2457,0.1,0.25,45
60,30,false,,0.06471519184515964,0.5950742863008387,0.5367584825294136,56,59,50.800000000000004,59.0,1.0,0.0,0.0194,432,2457,0.1,0.25,45
20,10,true,,0.11048422115350347,0.20837558671333126,0.10456606522989331,13,16,1.0,19.0,0.7197368421052631,0.0,0.3078,433,2458,0.1,0.25,45
20,10,false,,0.10744408591993715,0.13481563977895758,0.03776917793411652,12,16,1.0,19.0,0.5874217978268028,0.0,0.3002,434,2459,0.1,0.25,45
30,15,true,,0.10246615567518687,0.2807049190728029,0.17829347630340972,23,27,3.0,29.0,0.7822700296735905,0.0,0.2886,434,2459,0.1,0.25,45
20,10,false,,0.2612556112085614,0.10139486673511086,-0.18676728662257808,3,2,1.0,18.0,0.36775719353567204,0.0,0.212,435,2460,0.1,0.25,45
30,15,false,,0.21760094679301464,0.07112836164868043,-0.1546330808646085,5,2,1.0,27.0,0.2353191489361702,0.0,0.1982,435,2460,0.1,0.25,45
40,20,false,,0.33564721133716435,0.08331332506426423,-0.24916343078634268,5,3,1.0,26.0,0.10437710437710437,0.0,0.2202,435,2460,0.1,0.25,45
50,25,false,,0.2560716886302653,0.0985014327623806,-0.16148817229884538,6,4,1.0,46.0,0.30427493713327747,0.13621123218776193,0.2632,435,2460,0.1,0.25,45
60,30,false,,0.2490397706861258,0.09999644984503937,-0.1487152662526411,6,4,1.0,30.0,0.15966735966735968,0.0,0.256,435,2460,0.1,0.25,45
20,10,false,,0.11460232034476013,0.10836346817991689,-0.00846856189605602,9,4,1.0,19.0,0.4821045096635648,0.0,0.2702,436,2461,0.1,0.25,45
30,15,true,,0.11264540195594007,0.35744579871008686,0.25034741613562445,23,26,2.0,29.0,0.7809149392423159,0.0,0.283,436,2461,0.1,0.25,45
20,10,false,,0.07296084663057364,0.5345367010968857,0.45107450712631003,16,16,4.0,19.0,0.9329976762199845,0.0,0.293,437,2462,0.1,0.25,45
30,15,false,,0.11629710115684241,0.09625677216682267,-0.025179031786136688,8,2,1.0,24.0,0.4297652208515718,0.0,0.2798,437,2462,0.1,0.25,45
40,20,true,,0.09909423552324262,0.3426802288369936,0.23791461871998504,32,35,3.0,39.0,0.8041648205582632,0.0,0.2202,437,2462,0.1,0.25,45
20,10,false,,0.10352563877120624,0.17740204010052169,0.10325267280417848,14,16,1.0,19.0,0.6195652173913043,0.0,0.2594,438,2463,0.1,0.25,45
30,15,false,,0.15828160818739057,0.10418755837123368,-0.05684687703060061,6,2,1.0,28.0,0.43129139072847683,0.0,0.261,438,2463,0.1,0.25,45
40,20,false,,0.11874664963293935,0.11565471484758427,0.006985651443624549,13,10,2.0,38.0,0.5245176848874598,0.0,0.2784,438,2463,0.1,0.25,45
50,25,false,,0.12236699317872865,0.12072783240558058,0.001019582512460454,21,3,2.0,48.0,0.5031923383878691,0.20391061452513967,0.277,438,2463,0.1,0.25,45
60,30,true,,0.12466432515134368,0.38047648509784743,0.26293629183002676,52,52,21.0,59.0,0.8705583756345178,0.1316171138506164,0.2046,438,2463,0.1,0.25,45
20,10,false,,0.12645051212533437,0.32983237611361127,0.20584802332884666,15,16,2.0,19.0,0.7763283487114222,0.0,0.3038,439,2464,0.1,0.25,45
30,15,false,,0.12069517804552862,0.18625398305757482,0.08226001513483788,18,27,2.0,29.0,0.664257555847569,0.0,0.2888,439,2464,0.1,0.25,45
40,20,false,,0.12537017520287275,0.11211444524243966,-0.014910470599492714,24,36,2.0,38.0,0.4707792207792208,0.0,0.242,439,2464,0.1,0.25,45
50,25,false,,0.12572721171285875,0.11807458659204653,-0.009369096480121047,23,47,2.0,49.0,0.47906066536203523,0.1796477495107632,0.2586,439,2464,0.1,0.25,45
60,30,true,,0.12471904901272846,0.24812686032165737,0.13096986646652242,48,55,2.0,59.0,0.7658276125095347,0.08276125095347063,0.2378,439,2464,0.1,0.25,45
20,10,true,,0.084176850809108,0.5048647876320274,0.40476894596525875,14,15,3.0,19.0,0.9122098890010091,0.0,0.2966,440,2465,0.1,0.25,45
20,10,false,,0.19186108028240192,0.11007444680420357,-0.09835721435539967,5,1,1.0,19.0,0.33237306445804826,0.0,0.2464,441,2466,0.1,0.25,45
30,15,false,,0.11302021058568236,0.1020338282919556,-0.01909265565572134,15,26,1.0,29.0,0.4317770539268911,0.0,0.282,441,2466,0.1,0.25,45
40,20,false,,0.13859970329726162,0.10154712189089057,-0.05040249635405743,12,2,1.0,38.0,0.39000805801772764,0.0,0.244,441,2466,0.1,0.25,45
50,25,false,,0.12706899371251207,0.10877065016189497,-0.02740262330648307,35,44,1.0,49.0,0.4255404323458767,0.26461168935148116,0.247,441,2466,0.1,0.25,45
60,30,true,,0.12231545203223326,0.3240592990649494,0.20395340836143339,53,57,42.0,59.0,0.8612836438923396,0.15900621118012423,0.1622,441,2466,0.1,0.25,45
20,10,true,,0.08228377085838903,0.4584444649475571,0.38887090855353174,14,16,1.0,19.0,0.7721036585365854,0.0,0.2764,442,2467,0.1,0.25,45
20,10,false,,0.11120665547454224,0.15499810725588262,0.06238306853539346,13,16,1.0,19.0,0.6109028960817717,0.0,0.2824,443,2468,0.1,0.25,45
30,15,false,,0.1164751907965153,0.2811396988757258,0.19419267085141595,23,26,1.0,29.0,0.6240631163708087,0.0,0.2582,443,2468,0.1,0.25,45
40,20,false,,0.1102882808975538,0.12243812173619298,0.01359581055039509,30,35,4.0,39.0,0.5526007039499413,0.0,0.2618,443,2468,0.1,0.25,45
50,25,false,,0.14103760092236836,0.10132476730622544,-0.047346432428864105,11,4,1.0,44.0,0.327683615819209,0.042776432606941084,0.2636,443,2468,0.1,0.25,45
60,30,true,,0.11684068816056542,0.5966062143900883,0.47696325128406236,52,55,14.0,59.0,0.9174275506153236,0.14767764986105597,0.2278,443,2468,0.1,0.25,45
20,10,false,,0.15606543975857298,0.12368617679025595,-0.04446071041706233,5,1,1.0,18.0,0.42671009771986973,0.0,0.2634,444,2469,0.1,0.25,45
30,15,false,,0.10143467482755089,0.43594545868420825,0.34205643224218124,25,27,2.0,29.0,0.8105134474327629,0.0,0.2404,444,2469,0.1,0.25,45
40,20,true,,0.09407997226974776,0.5965603203500144,0.5051433783541024,34,37,3.0,39.0,0.7958429561200924,0.0,0.1656,444,2469,0.1,0.25,45
20,10,false,,0.1071659479347177,0.2817462707060517,0.19137464644616403,14,16,1.0,19.0,0.6588469184890656,0.0,0.2544,445,2470,0.1,0.25,45
30,15,false,,0.13457357755142854,0.09769872772733446,-0.05442264884735544,11,1,1.0,28.0,0.3829947328818661,0.0,0.2744,445,2470,0.1,0.25,45
40,20,true,,0.11369366030607803,0.24870551947801625,0.16496102715515662,31,36,2.0,39.0,0.7623040466642362,0.0,0.2696,445,2470,0.1,0.25,45
20,10,false,,0.12292359057526049,0.11690757240416311,-0.009057566898901248,11,12,1.0,18.0,0.47115384615384615,0.0,0.3212,446,2471,0.1,0.25,45
30,15,false,,0.10137666799626233,0.20925354634190765,0.122855704469268,24,26,2.0,29.0,0.661741835147745,0.0,0.2436,446,2471,0.1,0.25,45
40,20,false,,0.10440958572155871,0.0813829358629571,-0.02543091693833155,12,4,2.0,37.0,0.4090267983074753,0.0,0.1644,446,2471,0.1,0.25,45
50,25,false,,0.10756978309691667,0.08326965749955037,-0.03891865280490583,21,4,1.0,47.0,0.3606811145510836,0.15737874097007223,0.1128,446,2471,0.1,0.25,45
60,30,false,,0.5570562560424513,0.07389935016474679,-0.4872102509846985,2,1,1.0,7.0,0.0013869625520110957,0.0,0.0432,446,2471,0.1,0.25,45
20,10,false,,0.10567248040270577,0.41617088026560284,0.3119784005182307,15,16,2.0,19.0,0.750252780586451,0.0,0.2978,447,2472,0.1,0.25,45
30,15,false,,0.11280648725036327,0.1660901969142092,0.08411969873339614,22,28,1.0,29.0,0.6396940418679549,0.0,0.222,447,2472,0.1,0.25,45
40,20,true,,0.11164978990203772,0.364619673803098,0.253107423917904,32,35,3.0,39.0,0.7555898226676947,0.0,0.2768,447,2472,0.1,0.25,45
20,10,false,,0.12069844090744468,0.14748597254724571,0.0365827429323016,12,16,2.0,19.0,0.609624060150376,0.0,0.3182,448,2473,0.1,0.25,45
30,15,false,,0.1160885122728295,0.3607842373777519,0.25314734978411524,25,27,9.0,29.0,0.7792161093131967,0.0,0.261,448,2473,0.1,0.25,45
40,20,false,,0.11000365684602655,0.587201518783403,0.4727801898662234,35,36,24.0,39.0,0.9270302079246764,0.0,0.2456,448,2473,0.1,0.25,45
50,25,false,,0.1347433803000008,0.1006555375497883,-0.05074687986173815,28,2,1.0,48.0,0.3857203210815378,0.17870722433460076,0.1996,448,2473,0.1,0.25,45
60,30,false,,0.12833023773707083,0.11875799496799942,-0.006193814566067005,25,25,2.0,52.0,0.4610486891385768,0.08838951310861423,0.2416,448,2473,0.1,0.25,45
20,10,false,,0.10431306374650462,0.19595511069396115,0.10972321505383809,14,16,2.0,19.0,0.6809378185524975,0.0,0.2986,449,2474,0.1,0.25,45
30,15,true,,0.11235221814129541,0.2904379118586883,0.18759534375839643,19,26,2.0,29.0,0.7743285664457621,0.0,0.2778,449,2474,0.1,0.25,45
20,10,false,,0.11219945900937991,0.1304762769136597,0.029772444810313325,10,16,1.0,19.0,0.5688418175606423,0.0,0.2928,450,2475,0.1,0.25,45
30,15,true,,0.10384458027919138,0.1722915070489951,0.07943635407642942,21,25,2.0,29.0,0.7058823529411765,0.0,0.2968,450,2475,0.1,0.25,45
20,10,false,,0.14366513353732865,0.13367134233572725,0.009624100219529828,9,1,1.0,19.0,0.5104239054899236,0.0,0.2692,451,2476,0.1,0.25,45
30,15,false,,0.10975960364680529,0.22151528902826326,0.11739114477769591,23,26,2.0,29.0,0.6998577524893315,0.0,0.2992,451,2476,0.1,0.25,45
40,20,false,,0.12135392980829891,0.1820101670918996,0.08160794628564827,28,36,1.0,39.0,0.6022988505747127,0.0,0.2616,451,2476,0.1,0.25,45
50,25,false,,0.14017207713653435,0.12235254653435278,-0.00940327773957858,28,4,1.0,48.0,0.48113590263691686,0.19634888438133874,0.2424,451,2476,0.1,0.25,45
60,30,true,,0.1203625534484595,0.19444122583204357,0.08002955907659301,49,50,21.0,59.0,0.7317967522262965,0.24986904138292299,0.1466,451,2476,0.1,0.25,45
20,10,false,,0.16219775388341046,0.12537335384763115,-0.04790586683104826,7,1,1.0,19.0,0.4442887175893483,0.0,0.263,452,2477,0.1,0.25,45
30,15,false,,0.307037027853455,0.11043414730793918,-0.18439327474570474,5,2,1.0,28.0,0.3710371819960861,0.0,0.2532,452,2477,0.1,0.25,45
40,20,false,,0.12123922861021072,0.13318993983612362,0.027985526244820272,18,32,1.0,38.0,0.5756150506512301,0.0,0.2876,452,2477,0.1,0.25,45
50,25,false,,0.12011402902298292,0.2363242812735447,0.12670100010992236,43,45,1.0,49.0,0.6920708237105466,0.5184757505773672,0.2286,452,2477,0.1,0.25,45
60,30,false,,0.12380167404948762,0.14428731340130527,0.03288406896343092,14,2,1.0,53.0,0.6362979031091829,0.12292118582791034,0.2304,452,2477,0.1,0.25,45
20,10,true,,0.11762890897321492,0.22917752597270308,0.12035613589080202,14,16,2.0,19.0,0.731932505571474,0.0,0.3294,453,2478,0.1,0.25,45
20,10,false,,0.059873191994056815,0.5325609593564811,0.4902208183973901,16,16,2.0,19.0,0.8424268878219118,0.0,0.2242,454,2479,0.1,0.25,45
30,15,true,,0.10115297213469705,0.3747910392837388,0.28276443023221787,24,26,8.0,29.0,0.8440298507462687,0.0,0.2988,454,2479,0.1,0.25,45
20,10,false,,0.10584466666394836,0.21073642375631915,0.1152165616242411,15,16,2.0,19.0,0.6342576342576343,0.0,0.2782,455,2480,0.1,0.25,45
30,15,false,,0.12176899788985761,0.15154973368542035,0.049462586058215165,20,1,1.0,29.0,0.5882124854594805,0.0,0.2412,455,2480,0.1,0.25,45
40,20,false,,0.17513599221351173,0.11353890579988242,-0.08552677023965949,6,2,1.0,38.0,0.32747005988023953,0.0,0.2374,455,2480,0.1,0.25,45
50,25,true,,0.1195965977375823,0.2804521477881812,0.16445004963624224,44,46,20.0,49.0,0.7882623705408516,0.5953202915228232,0.2318,455,2480,0.1,0.25,45
20,10,true,,0.09934767000319411,0.25222486306763114,0.1707771400269268,13,16,1.0,19.0,0.7627688172043011,0.0,0.3138,456,2481,0.1,0.25,45
20,10,true,,0.08985343656286084,0.236704632414978,0.15657535545626028,13,16,1.0,19.0,0.7332402234636871,0.0,0.3076,457,2482,0.1,0.25,45
20,10,false,,0.14396928633787523,0.10826593145206977,-0.041635330605552495,8,4,1.0,19.0,0.3779828189627744,0.0,0.2994,458,2483,0.1,0.25,45
30,15,false,,0.11930590161131018,0.08981845721071248,-0.0424805957167238,13,3,1.0,28.0,0.396078431372549,0.0,0.2318,458,2483,0.1,0.25,45
40,20,false,,0.17848551927765993,0.11770790857518434,-0.07142872606712765,7,3,1.0,38.0,0.4217171717171717,0.0,0.238,458,2483,0.1,0.25,45
50,25,false,,0.11293985534638656,0.20176520652326405,0.09434484421564573,35,46,13.0,49.0,0.69359445124439,0.30273357813137497,0.2604,458,2483,0.1,0.25,45
60,30,false,,0.1183666471330829,0.13072914337709046,0.012171326077589584,44,59,3.0,59.0,0.5291479820627802,0.20301671422747655,0.2094,458,2483,0.1,0.25,45
20,10,false,,0.10399161678964013,0.12097949985102754,0.02025498016662207,10,2,1.0,19.0,0.5661839003031324,0.0,0.3124,459,2484,0.1,0.25,45
30,15,false,,0.1200039370584476,0.197849942584908,0.10624642537250348,22,25,1.0,29.0,0.6142020497803806,0.0,0.2422,459,2484,0.1,0.25,45
40,20,false,,0.11387201702015176,0.12182523366771528,0.010952180704039596,22,36,2.0,38.0,0.5460966542750929,0.0,0.2848,459,2484,0.1,0.25,45
50,25,false,,0.12041836084381309,0.11633198875374937,-0.008032445092112338,22,16,3.0,48.0,0.4681576952236543,0.14556482183472327,0.277,459,2484,0.1,0.25,45
60,30,true,,0.1228601271088706,0.3063159589784164,0.1869613400637623,52,54,3.0,59.0,0.7980769230769231,0.07561188811188811,0.1714,459,2484,0.1,0.25,45
20,10,false,,0.6166622643111811,0.08595803752617548,-0.5258398875948394,2,1,1.0,17.0,0.14470284237726097,0.0,0.1938,460,2485,0.1,0.25,45
30,15,false,,0.10562186984531097,0.17182548278950927,0.0692348152526758,22,25,2.0,29.0,0.6826636904761905,0.0,0.2796,460,2485,0.1,0.25,45
40,20,true,,0.1131508654209034,0.6317611061142749,0.5161119194399583,34,37,4.0,39.0,0.9289080911233307,0.0,0.2624,460,2485,0.1,0.25,45
20,10,false,,0.2408175299739928,0.11672475479899282,-0.14590158990371568,5,2,1.0,19.0,0.39792515746572804,0.0,0.2494,461,2486,0.1,0.25,45
30,15,false,,0.12135844277539666,0.14267755898939877,0.03836422596164614,17,26,2.0,29.0,0.5534900035075412,0.0,0.2778,461,2486,0.1,0.25,45
40,20,false,,0.26723693230821133,0.10430415843796681,-0.16879934728551432,5,2,1.0,32.0,0.18862850557049557,0.0,0.2406,461,2486,0.1,0.25,45
50,25,false,,0.1214392064818835,0.1717964121450185,0.05592489615918382,32,40,3.0,49.0,0.6415863602668643,0.2535211267605634,0.2764,461,2486,0.1,0.25,45
60,30,true,,0.12959148681413468,0.20386468228189633,0.09497486501338434,42,52,2.0,58.0,0.7548678720445062,0.2086230876216968,0.2234,461,2486,0.1,0.25,45
20,10,false,,0.0828770872565765,0.15233775604215352,0.06466460023855428,13,18,1.8999999999999915,19.0,0.631947000368053,0.0,0.2808,462,2487,0.1,0.25,45
30,15,true,,0.09898183221494114,0.37693155840754994,0.2875025205984174,23,28,1.0,29.0,0.7525396180414465,0.0,0.2638,462,2487,0.1,0.25,45
20,10,false,,0.16554206732264382,0.2601767149197515,0.11844662404985412,14,15,2.0,19.0,0.629951980792317,0.0,0.324,463,2488,0.1,0.25,45
30,15,false,,0.2713316587648347,0.08635507974341806,-0.19385126457034502,6,4,1.0,28.0,0.13458319383997322,0.0,0.253,463,2488,0.1,0.25,45
40,20,false,,0.21382612870483556,0.09546528688363573,-0.13611182365448526,9,3,1.0,37.0,0.25684678016284235,0.0,0.2574,463,2488,0.1,0.25,45
50,25,false,,0.12735266812053775,0.35152769398079664,0.2348872962133714,41,45,3.0,49.0,0.6502540054708871,0.44509574052364204,0.2464,463,2488,0.1,0.25,45
60,30,true,,0.12015295884948668,0.36567835603995263,0.24295117617361373,54,56,44.0,59.0,0.8593990755007704,0.08513097072419107,0.2114,463,2488,0.1,0.25,45
20,10,false,,0.12733292025969115,0.2138905674352108,0.10795336617739001,14,17,1.0,19.0,0.6481246026700572,0.0,0.3036,464,2489,0.1,0.25,45
30,15,false,,0.1194231404936885,0.13503618649951296,0.027924996276276356,20,21,2.0,29.0,0.5722911774572291,0.0,0.2976,464,2489,0.1,0.25,45
40,20,false,,0.3980988511460222,0.10544078856893539,-0.2928662077302457,4,2,1.0,14.0,0.15815931941221964,0.0,0.2088,464,2489,0.1,0.25,45
50,25,false,,0.12160860155616204,0.18071783320342938,0.0652810018441162,39,46,6.0,49.0,0.6468506723283793,0.37261146496815284,0.2476,464,2489,0.1,0.25,45
60,30,false,,0.13380767749738168,0.1477703292386318,0.023927791750392842,17,1,1.0,50.0,0.6104570637119113,0.12880886426592797,0.1956,464,2489,0.1,0.25,45
20,10,true,,0.0786585697365716,0.19722932776949184,0.12908290306030515,14,15,1.0,19.0,0.7072274397713353,0.0,0.2068,465,2490,0.1,0.25,45
20,10,false,,0.8070770729174208,0.07746623837728231,-0.7369956191675355,1,1,1.0,4.0,0.002406159769008662,0.0,0.1596,466,2491,0.1,0.25,45
30,15,false,,0.11562874632905291,0.13755206925826136,0.03351958111678717,19,25,2.0,29.0,0.5958904109589042,0.0,0.2922,466,2491,0.1,0.25,45
40,20,false,,0.20632708522723206,0.09887925448692347,-0.10755766687250615,5,1,1.0,27.0,0.22325581395348837,0.0,0.2268,466,2491,0.1,0.25,45
50,25,false,,0.12328253480123029,0.12358770246084237,0.0011615824264720465,38,45,2.0,49.0,0.5056095736724009,0.324981301421092,0.2588,466,2491,0.1,0.25,45
60,30,true,,0.12113860392012342,0.2619173645481192,0.1408665495712622,51,55,24.0,59.0,0.7870680044593088,0.1516164994425864,0.2476,466,2491,0.1,0.25,45
20,10,false,,0.0861205355462935,0.15664285804600345,0.08215907042039078,13,13,1.0,19.0,0.6930101861608711,0.0,0.2768,467,2492,0.1,0.25,45
30,15,false,,0.09372248061021936,0.16348055009343565,0.07474411082232515,22,25,3.0,29.0,0.6607215241183624,0.0,0.2388,467,2492,0.1,0.25,45
40,20,false,,0.14273411772188904,0.09795101059711063,-0.057754251093543096,7,4,1.0,37.0,0.3419354838709677,0.0,0.2466,467,2492,0.1,0.25,45
50,25,false,,0.11612384430693175,0.1284514155633303,0.013321603819077682,37,45,15.0,48.0,0.5334669338677355,0.2993987975951904,0.283,467,2492,0.1,0.25,45
60,30,false,,0.20212782050989053,0.10554011942494326,-0.09403947075954773,5,2,1.0,24.0,0.2582781456953642,0.0,0.204,467,2492,0.1,0.25,45
20,10,false,,0.12407699236702631,0.22083732901509215,0.11689596485335042,14,16,1.0,19.0,0.6810567010309279,0.0,0.2862,468,2493,0.1,0.25,45
30,15,true,,0.10835211135994097,0.28799863353497696,0.19890009881195583,23,27,3.0,29.0,0.7121096725057121,0.0,0.2824,468,2493,0.1,0.25,45
20,10,false,,0.13214467302204363,0.1331594256635432,0.010125043794105351,11,16,1.0,19.0,0.5239393939393939,0.0,0.3276,469,2494,0.1,0.25,45
30,15,false,,0.24179425082639303,0.07965797787511425,-0.18018931588963566,4,1,1.0,22.0,0.15203955500618047,0.0,0.2112,469,2494,0.1,0.25,45
40,20,true,,0.11017111113081776,0.26304723443770134,0.1617622153255069,31,36,11.0,39.0,0.7696315593598809,0.0,0.2834,469,2494,0.1,0.25,45
20,10,false,,0.14553645025941822,0.12119768362178379,-0.026216064100472072,10,6,2.0,19.0,0.441140404659718,0.0,0.308,470,2495,0.1,0.25,45
30,15,false,,0.12331746984114382,0.14940722635912873,0.046971067720843404,17,26,2.0,29.0,0.6097067745197169,0.0,0.2802,470,2495,0.1,0.25,45
40,20,false,,0.14151920999144027,0.11553920435327904,-0.030372274941795063,17,3,1.0,38.0,0.4172687861271676,0.0,0.2508,470,2495,0.1,0.25,45
50,25,false,,0.11934317004677743,0.33879043954144933,0.2055966711396278,45,46,26.0,49.0,0.7862857142857143,0.7184761904761905,0.2246,470,2495,0.1,0.25,45
60,30,true,,0.13239774844776594,0.19675799645955774,0.08329806006470954,40,54,2.0,58.0,0.7603844833504978,0.11294198420871954,0.2156,470,2495,0.1,0.25,45
20,10,true,,0.08361910424581215,0.3161376699159852,0.23801283490828123,14,16,3.75,19.0,0.8595485489072017,0.0,0.2984,471,2496,0.1,0.25,45
20,10,false,,0.16545389024243187,0.1336951581842413,-0.03236960323203267,9,8,2.0,19.0,0.4262632197414806,0.0,0.3208,472,2497,0.1,0.25,45
30,15,false,,0.17569306907679766,0.10482289895392935,-0.08413087778601713,8,3,1.0,28.0,0.2938179347826087,0.0,0.2538,472,2497,0.1,0.25,45
40,20,false,,0.13030277407965912,0.19242178127870455,0.08858982408027835,30,35,3.0,39.0,0.6081504702194357,0.0,0.258,472,2497,0.1,0.25,45
50,25,false,,0.1203286800426863,0.3495598547439016,0.23236150321135463,45,45,36.0,49.0,0.7888846005403319,0.7159397915862601,0.2176,472,2497,0.1,0.25,45
60,30,false,,0.12713868256361982,0.12952923537919395,0.008469496789258256,34,58,2.0,59.0,0.521585557299843,0.0989010989010989,0.2104,472,2497,0.1,0.25,45
20,10,false,,0.08286989550021462,0.36907242950494873,0.27932946544216236,15,15,2.0,19.0,0.7925636007827789,0.0,0.2834,473,2498,0.1,0.25,45
30,15,false,,0.14090697165762422,0.09055249470884276,-0.07294399920674571,8,2,1.0,28.0,0.351495288816059,0.0,0.2674,473,2498,0.1,0.25,45
40,20,true,,0.10370867491077458,0.25070658171724564,0.1452791188589395,32,37,12.0,39.0,0.7425897035881436,0.0,0.2594,473,2498,0.1,0.25,45
20,10,false,,0.06688659698400913,0.1193948897041948,0.06402665796787044,12,16,1.0,19.0,0.6549957301451751,0.0,0.1938,474,2499,0.1,0.25,45
30,15,false,,0.31327093220938484,0.05269599181230506,-0.26548921442348966,2,1,1.0,20.0,0.15935483870967743,0.0,0.062,474,2499,0.1,0.25,45
40,20,false,,0.7709283050184289,0.05320328123981431,-0.7093926870104544,1,1,1.0,4.0,0.0,0.0,0.0274,474,2499,0.1,0.25,45
50,25,false,,0.5060229677247228,0.060775415209492506,-0.45752179749999716,2,2,1.0,6.0,0.0,0.0,0.0298,474,2499,0.1,0.25,45
60,30,true,,0.06332159148921514,0.11678713074751472,0.06201948192565877,46,44,40.0,56.0,0.8848660391020999,0.666183924692252,0.0182,474,2499,0.1,0.25,45
20,10,false,,0.08830024805276372,0.1938159764123099,0.10840702495143363,14,16,1.0,19.0,0.6528458349038824,0.0,0.2594,475,2500,0.1,0.25,45
30,15,true,,0.09906749097990013,0.1773205266626196,0.08130940941470541,19,26,2.0,29.0,0.7233644859813084,0.0,0.2978,475,2500,0.1,0.25,45
20,10,true,,0.10512712021594195,0.379619686528116,0.261298230241066,14,15,2.0,19.0,0.7670747422680413,0.0,0.309,476,2501,0.1,0.25,45
20,10,false,,0.0746156468714255,0.15245734590822418,0.08716295835875672,12,17,1.0,19.0,0.6353684210526316,0.0,0.225,477,2502,0.1,0.25,45
30,15,true,,0.10534836491499919,0.29598203929502054,0.1886214581154816,21,27,1.0,29.0,0.7244693632358831,0.0,0.2606,477,2502,0.1,0.25,45
20,10,true,,0.11596960551318637,0.20903404827526006,0.1172987229160379,12,16,1.0,19.0,0.7447737909516381,0.0,0.3092,478,2503,0.1,0.25,45
20,10,true,,0.06874492405474263,0.38358851796491245,0.3072474354855132,14,16,4.0,19.0,0.8896204492641363,0.0,0.2854,479,2504,0.1,0.25,45
20,10,false,,0.11556710779858642,0.1223610370689595,0.01986355774922509,11,16,1.0,19.0,0.5580110497237569,0.0,0.3178,480,2505,0.1,0.25,45
30,15,false,,0.20022482688211932,0.08203143604985877,-0.12620836372598104,5,1,1.0,27.0,0.1956521739130435,0.0,0.233,480,2505,0.1,0.25,45
40,20,false,,0.13406675869932155,0.12291352358475058,0.003225518449821982,15,2,1.0,38.0,0.5036950602878257,0.0,0.2264,480,2505,0.1,0.25,45
50,25,false,,0.28944224382897554,0.10784663835869958,-0.18328710353385103,6,2,1.0,49.0,0.32340425531914896,0.19276595744680852,0.2122,480,2505,0.1,0.25,45
60,30,false,,0.2879753409241022,0.1180122516799197,-0.17808296662816625,5,2,1.0,26.34999999999991,0.2715286361763494,0.0,0.2064,480,2505,0.1,0.25,45
20,10,true,,0.10128412797078479,0.20188282227151255,0.11919084624964531,12,15,1.0,19.0,0.747051114023591,0.0,0.3224,481,2506,0.1,0.25,45
20,10,false,,0.07620875876823462,0.2985525186935034,0.22262213916739,14,17,1.0,19.0,0.6926751592356688,0.0,0.2262,482,2507,0.1,0.25,45
30,15,false,,0.1164019232456142,0.12060970949424364,0.01503279122198603,13,3,1.0,29.0,0.5262938230383973,0.0,0.2652,482,2507,0.1,0.25,45
40,20,false,,0.1134092127701601,0.13473159201507295,0.03598825035454198,30,33,2.0,39.0,0.5886409736308317,0.0,0.2786,482,2507,0.1,0.25,45
50,25,false,,0.12077270408714111,0.11627633078459676,-0.007792949122628873,29,3,1.0,48.0,0.47859450726978997,0.12964458804523424,0.2506,482,2507,0.1,0.25,45
60,30,false,,0.22908906403599236,0.10882250133797096,-0.13151187188697727,6,2,1.0,42.0,0.2784701332187366,0.02750322303394929,0.181,482,2507,0.1,0.25,45
20,10,false,,0.07955368334060631,0.12396013665246376,0.06381242379756158,12,17,1.0,19.0,0.5984007107952022,0.0,0.1986,483,2508,0.1,0.25,45
30,15,false,,0.09918562497455262,0.1436564603994082,0.05208309825609214,20,27,2.0,29.0,0.6371576022231044,0.0,0.2692,483,2508,0.1,0.25,45
40,20,false,,0.1656882159032743,0.09346903088152715,-0.07408648544707061,9,5,1.0,34.0,0.2500987751876729,0.0,0.279,483,2508,0.1,0.25,45
50,25,true,,0.11452074274757233,0.2395657640639847,0.1274371287275633,40,46,3.0,49.0,0.7416900280336404,0.41890268321986385,0.2636,483,2508,0.1,0.25,45
20,10,true,,0.08201271785666568,0.30978624240604186,0.23509898129443718,14,16,2.0,19.0,0.8285198555956679,0.0,0.2938,484,2509,0.1,0.25,45
20,10,false,,0.1423768105529473,0.23218908311537984,0.13114346103344324,13,16,1.0,19.0,0.6612357823547494,0.0,0.3208,485,2510,0.1,0.25,45
30,15,false,,0.1410875292152956,0.1401185749784467,0.0023546327948368306,14,24,1.0,29.0,0.5014290250873293,0.0,0.2822,485,2510,0.1,0.25,45
40,20,false,,0.16986922797676485,0.12572419925363812,-0.050011023539031536,10,2,1.0,39.0,0.42184154175588867,0.0,0.2282,485,2510,0.1,0.25,45
50,25,false,,0.12686875762649558,0.14005471102942652,0.021419489762441943,37,45,8.0,49.0,0.5571687840290381,0.3372050816696915,0.2296,485,2510,0.1,0.25,45
60,30,true,,0.12605027291252674,0.5942021776788388,0.4643536238920975,54,54,38.0,59.0,0.9325108853410741,0.12844702467343977,0.2054,485,2510,0.1,0.25,45
20,10,false,,0.5625061289236084,0.10222446721047972,-0.4574075587751789,3,2,1.0,19.0,0.2323529411764706,0.0,0.1936,486,2511,0.1,0.25,45
30,15,false,,0.13702957329837143,0.10156935447880171,-0.05066257968148577,19,21,2.0,28.0,0.31468315301391037,0.0,0.2728,486,2511,0.1,0.25,45
40,20,true,,0.12205816022620206,0.46481118239596525,0.35042438322289127,33,37,3.0,39.0,0.721372622155912,0.0,0.2488,486,2511,0.1,0.25,45
20,10,false,,0.12454661517843255,0.11721914260794795,0.0031075624778214433,10,4,1.0,19.0,0.5063815108658158,0.0,0.279,487,2512,0.1,0.25,45
30,15,true,,0.08601408121381698,0.18539979379153385,0.09930255530495695,24,25,9.0,29.0,0.7122153209109731,0.0,0.2096,487,2512,0.1,0.25,45
20,10,false,,0.09957772341841496,0.31065098941924585,0.2171829449232589,15,17,2.0,19.0,0.7440807799442897,0.0,0.299,488,2513,0.1,0.25,45
30,15,true,,0.09691176656175204,0.3091704141753372,0.21063149388404379,24,26,7.850000000000001,29.0,0.8067594433399602,0.0,0.2856,488,2513,0.1,0.25,45
20,10,false,,0.18448703395415134,0.11412414412603906,-0.08717173441094452,7,2,1.0,19.0,0.30913804277381723,0.0,0.2788,489,2514,0.1,0.25,45
30,15,false,,0.16269785338902132,0.10433283429232104,-0.08016508498367476,9,3,1.0,28.0,0.322992071699414,0.0,0.2726,489,2514,0.1,0.25,45
40,20,false,,0.1273730240846024,0.12226251397837151,0.008809372656763653,21,1,1.0,39.0,0.5154477903793508,0.0,0.2398,489,2514,0.1,0.25,45
50,25,false,,0.14321930744506925,0.10278027423499914,-0.07479150924828507,19,3,1.0,47.67500000000018,0.28829190056134724,0.14274258219727345,0.23,489,2514,0.1,0.25,45
60,30,false,,0.13053051680556196,0.1425910864624076,0.026228439979860435,22,4,1.0,58.0,0.5747252747252747,0.0347985347985348,0.1924,489,2514,0.1,0.25,45
20,10,false,,0.14418372864354373,0.20233487087709323,0.07771798744449025,11,16,1.0,19.0,0.6110584518167457,0.0,0.3026,490,2515,0.1,0.25,45
30,15,false,,0.1278419326991351,0.16633306998914665,0.07035448574880224,17,27,1.0,29.0,0.5787476280834914,0.0,0.2482,490,2515,0.1,0.25,45
40,20,false,,0.10793549022100934,0.2706680266572634,0.16439835652880713,35,36,12.0,39.0,0.7875544986127626,0.0,0.2548,490,2515,0.1,0.25,45
50,25,false,,0.11852772437805989,0.0874443916000409,-0.03619506189829633,33,39,5.0,48.0,0.313915857605178,0.25283171521035597,0.2132,490,2515,0.1,0.25,45
60,30,true,,0.11723060264006609,0.33611943146378637,0.21276913856568333,50,52,5.0,59.0,0.814486921529175,0.15533199195171027,0.2518,490,2515,0.1,0.25,45
20,10,false,,0.12996484125247765,0.1725833245819534,0.05051510299851264,12,15,2.0,19.0,0.6429840142095915,0.0,0.3214,491,2516,0.1,0.25,45
30,15,false,,0.1412610012296376,0.1342880068272669,-0.0022493002277037683,17,3,1.0,29.0,0.4869481147276829,0.0,0.271,491,2516,0.1,0.25,45
40,20,false,,0.15829045212732443,0.11539240850365173,-0.05050776239999161,6,2,1.0,26.0,0.3485672832789264,0.0,0.2194,491,2516,0.1,0.25,45
50,25,false,,0.1741952995582158,0.11228475886242933,-0.07170125362321123,7,6,1.0,38.0,0.23293323330832708,0.002625656414103526,0.2224,491,2516,0.1,0.25,45
60,30,false,,0.129848712579713,0.1545879405076481,0.03454957743343573,33,54,3.0,58.0,0.6401273885350318,0.06404812455767869,0.1916,491,2516,0.1,0.25,45
20,10,false,,0.13117426534275953,0.10284665712156059,-0.02791487444970557,6,3,1.0,19.0,0.43003533568904595,0.0,0.284,492,2517,0.1,0.25,45
30,15,true,,0.09821203224514738,0.41523682961473246,0.3267946098796556,24,27,2.0,29.0,0.7658794788273615,0.0,0.2286,492,2517,0.1,0.25,45
20,10,false,,0.13216165919961576,0.528314029702365,0.3919775974568762,16,17,4.0,19.0,0.7926593689632968,0.0,0.3002,493,2518,0.1,0.25,45
30,15,false,,0.13963865056358613,0.1148338545164749,-0.04368902459462805,17,26,1.0,29.0,0.4055919917155678,0.0,0.2496,493,2518,0.1,0.25,45
40,20,false,,0.15789882877731165,0.13979989493528583,-0.021920936546680633,14,2,1.0,39.0,0.4791350531107739,0.0,0.2018,493,2518,0.1,0.25,45
50,25,false,,0.12129455543450829,0.14744958700738353,0.026905595110214314,41,42,6.0,49.0,0.5871844660194174,0.40310679611650485,0.2286,493,2518,0.1,0.25,45
60,30,false,,0.21604429124863542,0.1143412227065141,-0.09907832827051827,7,3,1.0,51.0,0.2283205268935236,0.043175997072813756,0.1796,493,2518,0.1,0.25,45
20,10,false,,0.1497975710712766,0.12227544168532976,-0.019270990519825365,9,16,1.0,19.0,0.4743767313019391,0.0,0.2788,494,2519,0.1,0.25,45
30,15,false,,0.1443383194776919,0.10349348868073971,-0.04348296751506667,9,1,1.0,29.0,0.4349959116925593,0.0,0.228,494,2519,0.1,0.25,45
40,20,true,,0.1111750642028566,0.27103614884074945,0.17463395465460613,33,35,6.0,39.0,0.7122104436592069,0.0,0.2766,494,2519,0.1,0.25,45
20,10,false,,0.11366852093795735,0.175988992171478,0.07359655570381246,12,16,2.0,19.0,0.6911295469049138,0.0,0.3128,495,2520,0.1,0.25,45
30,15,false,,0.14445437666588432,0.14260706283769697,0.012942842140231711,17,2,1.0,29.0,0.5124653739612188,0.0,0.2626,495,2520,0.1,0.25,45
40,20,false,,0.17382187984389627,0.09422119291681369,-0.12820646619399023,9,1,1.0,37.0,0.25584158415841585,0.0,0.1968,495,2520,0.1,0.25,45
50,25,false,,0.11970056138000439,0.2161178652049895,0.10131415637779101,42,45,2.0,49.0,0.6946295570364563,0.47981183849470793,0.2404,495,2520,0.1,0.25,45
60,30,true,,0.12466447737311909,0.4863880475740056,0.35778830808870316,50,56,27.0,59.0,0.8967694021537319,0.240252506498329,0.229,495,2520,0.1,0.25,45
20,10,false,,0.11499787154915851,0.11250787075803936,-0.004824100824363964,10,1,1.0,19.0,0.48647734956051386,0.0,0.299,496,2521,0.1,0.25,45
30,15,false,,0.13282116119683507,0.10622931610600782,-0.034803057905928234,8,1,1.0,27.0,0.40563589173155357,0.0,0.2714,496,2521,0.1,0.25,45
40,20,false,,0.1237781372133791,0.12445668482333237,0.004992121024611745,16,8,2.0,39.0,0.5090715048025614,0.0,0.2672,496,2521,0.1,0.25,45
50,25,false,,0.1401052495285266,0.12058043152012704,-0.019796131043079132,11,5,1.0,47.0,0.4376801152737752,0.082492795389049,0.2548,496,2521,0.1,0.25,45
60,30,true,,0.12785400007042652,0.2559726500019304,0.12801744109278074,50,54,33.0,58.0,0.801733102253033,0.2800693240901213,0.2408,496,2521,0.1,0.25,45
20,10,true,,0.11682065113272416,0.23524803965358843,0.13493501208475112,14,17,2.0,19.0,0.7166397415185783,0.0,0.3152,497,2522,0.1,0.25,45
20,10,false,,0.15362414387183002,0.15120647709328566,0.0014467481455017472,11,16,1.0,19.0,0.5027675276752768,0.0,0.314,498,2523,0.1,0.25,45
30,15,false,,0.13438295414106483,0.11533371642023273,-0.01641205701307126,21,26,1.0,29.0,0.47244897959183674,0.0,0.2714,498,2523,0.1,0.25,45
40,20,false,,0.12763185944750227,0.13463328096356036,0.02404733093991407,27,36,2.0,39.0,0.5489989462592202,0.0,0.2698,498,2523,0.1,0.25,45
50,25,false,,0.20990553281815674,0.10533337149572464,-0.1120033209208551,6,3,1.0,24.0,0.18060985144644254,0.0,0.2036,498,2523,0.1,0.25,45
60,30,true,,0.12553723521019042,0.46964380522921123,0.3381719225821217,53,54,38.0,59.0,0.939069423929099,0.16654357459379615,0.198,498,2523,0.1,0.25,45
20,10,false,,0.04922495966765617,0.18471956139787432,0.13892312735632578,15,17,2.0,19.0,0.8017200191113235,0.0,0.1604,499,2524,0.1,0.25,45
30,15,false,,0.1022211794644582,0.14757125174486488,0.05839121352769408,17,25,1.0,29.0,0.5968688845401174,0.0,0.2882,499,2524,0.1,0.25,45
40,20,false,,0.10765274542913114,0.130805485483895,0.03909151409809794,22,17,2.0,39.0,0.5960474308300395,0.0,0.2774,499,2524,0.1,0.25,45
50,25,false,,0.16274794060414838,0.11088330129972743,-0.05435618434949821,13,4,1.0,48.0,0.39407651172357056,0.18017276840806254,0.2662,499,2524,0.1,0.25,45
60,30,false,,0.13121175811994662,0.14856608348286196,0.028376300139274058,29,1,1.0,59.0,0.5423514538558787,0.08849557522123894,0.2232,499,2524,0.1,0.25,45
20,10,true,,0.10055837032789079,0.3136908340940624,0.22818408862583314,14,16,2.0,19.0,0.7854251012145749,0.0,0.298,500,2525,0.1,0.25,45
20,10,false,,0.13165965591248646,0.2711592179200314,0.16350793367436123,14,18,2.0,19.0,0.6653225806451613,0.0,0.3172,501,2526,0.1,0.25,45
30,15,false,,0.14107973373281862,0.12109473017949184,-0.028965361432154238,12,2,1.0,28.0,0.4224080267558528,0.0,0.2592,501,2526,0.1,0.25,45
40,20,false,,0.238773170934298,0.12352570061535992,-0.13949861115400358,5,1,1.0,38.0,0.3841653666146646,0.0,0.187,501,2526,0.1,0.25,45
50,25,true,,0.1260810698793891,0.2808570638208008,0.14924879442678546,44,46,8.0,49.0,0.7406755805770584,0.6164672765657987,0.229,501,2526,0.1,0.25,45
20,10,false,,0.13465644163127025,0.1619278869277391,0.0440095091728004,13,16,1.0,19.0,0.5737392959086585,0.0,0.2938,502,2527,0.1,0.25,45
30,15,false,,0.11544545519580435,0.1990274776621066,0.09527642741728355,22,26,1.0,29.0,0.6242283950617284,0.0,0.215,502,2527,0.1,0.25,45
40,20,false,,0.12629311636519222,0.09786049733634397,-0.038688150334263,17,1,1.0,39.0,0.4014510278113664,0.0,0.2358,502,2527,0.1,0.25,45
50,25,false,,0.3769927038140719,0.09489827935041177,-0.27384930579054534,5,3,1.0,43.0,0.1927409261576971,0.037129745515227366,0.2234,502,2527,0.1,0.25,45
60,30,false,,0.11923501498251926,0.1676809022878259,0.05010250548451439,46,52,4.0,58.0,0.6526271893244371,0.19974979149291075,0.192,502,2527,0.1,0.25,45
20,10,false,,0.11321391987662488,0.17525823980982108,0.07690026100158145,11,16,1.0,19.0,0.6711038961038961,0.0,0.302,503,2528,0.1,0.25,45
30,15,false,,0.11134037578062506,0.15112958290525114,0.053254272633063794,20,26,1.0,29.0,0.6095836606441477,0.0,0.251,503,2528,0.1,0.25,45
40,20,true,,0.11340831434477827,0.2814470618630696,0.17746003273980682,34,35,13.0,39.0,0.757451564828614,0.0,0.2604,503,2528,0.1,0.25,45
20,10,false,,0.186113155995863,0.09428029339052245,-0.0992932650740434,5,2,1.0,19.0,0.393036750483559,0.0,0.2392,504,2529,0.1,0.25,45
30,15,false,,0.14992704181273314,0.11024619468569047,-0.0513482862558515,6,1,1.0,28.0,0.4260424862313139,0.0,0.2242,504,2529,0.1,0.25,45
40,20,false,,0.13613875563078026,0.12103947193722113,-0.02023775922906193,15,2,1.0,38.0,0.4636216653193209,0.0,0.2236,504,2529,0.1,0.25,45
50,25,false,,0.125304053559219,0.12442930074726738,0.014007365088005382,28,32,1.0,48.0,0.5404669260700389,0.1622568093385214,0.2724,504,2529,0.1,0.25,45
60,30,true,,0.12089802450666112,0.6436355347624036,0.5158632577632185,53,55,5.0,59.0,0.916083916083916,0.08585858585858586,0.21,504,2529,0.1,0.25,45
20,10,false,,0.08039393837355299,0.10889500187182911,0.028779078784738732,10,18,1.0,19.0,0.6109134045077106,0.0,0.2572,505,2530,0.1,0.25,45
30,15,false,,0.238839999563731,0.09012505141672897,-0.1560916086227524,4,2,1.0,26.0,0.2679710761378137,0.0,0.226,505,2530,0.1,0.25,45
40,20,false,,0.3046374231356173,0.09441919731053304,-0.21541231276843376,4,3,1.0,24.0,0.16729877791824693,0.0,0.2552,505,2530,0.1,0.25,45
50,25,true,,0.11378219528032824,0.5161926128272453,0.39134535063752807,43,46,19.0,49.0,0.8389662027833003,0.4926441351888668,0.267,505,2530,0.1,0.25,45
20,10,false,,0.12545463762318818,0.1691708223544146,0.05907605535580518,11,15,1.0,19.0,0.6656553398058253,0.0,0.3378,506,2531,0.1,0.25,45
30,15,false,,0.1373135301202337,0.11364564986184152,-0.019613334635944654,9,1,1.0,28.0,0.45798165137614677,0.0,0.2546,506,2531,0.1,0.25,45
40,20,false,,0.12674497116518876,0.12860014478837936,0.013383912305785589,21,36,2.0,38.0,0.5337575114881583,0.0,0.2804,506,2531,0.1,0.25,45
50,25,false,,0.11689914338482806,0.4675748708722146,0.34510206100593543,45,47,35.0,49.0,0.8227946916471507,0.7252146760343482,0.2442,506,2531,0.1,0.25,45
60,30,false,,0.17713038760422348,0.12034440009246983,-0.06326532540406268,9,4,1.0,40.0,0.30389363722697055,0.0194681861348528,0.1476,506,2531,0.1,0.25,45
20,10,true,,0.1347303133422045,0.5327268619194059,0.4155455339482118,14,15,5.0,19.0,0.8969604863221885,0.0,0.3302,507,2532,0.1,0.25,45
20,10,false,,0.0715402384537266,0.4482638039430625,0.3764057858470999,16,16,6.0,19.0,0.8552845528455284,0.0,0.2448,508,2533,0.1,0.25,45
30,15,false,,0.06323001388695047,0.39833692627701517,0.3234213502518361,26,25,15.0,29.0,0.9222520107238605,0.0,0.1198,508,2533,0.1,0.25,45
40,20,false,,0.19752414887791633,0.05720374906801527,-0.13981891012394793,3,1,1.0,8.0,0.10076923076923076,0.0,0.0426,508,2533,0.1,0.25,45
50,25,false,,0.0864295631498698,0.07494750815000444,-0.014917608572142381,8,3,1.0,28.0,0.3684879288437103,0.0,0.0492,508,2533,0.1,0.25,45
60,30,true,,0.0759126831799832,0.2067858806072573,0.1328673210805793,42,42,29.0,57.0,0.8407494145199064,0.3161592505854801,0.0168,508,2533,0.1,0.25,45
20,10,false,,0.11649631984225088,0.4318741657737847,0.3196310863442299,15,16,3.0,19.0,0.7314248954647796,0.0,0.3,509,2534,0.1,0.25,45
30,15,true,,0.10794657060862232,0.283394141565286,0.17383660137897958,24,26,8.0,29.0,0.7911208151382824,0.0,0.2674,509,2534,0.1,0.25,45
20,10,false,,0.1240118645138509,0.17591372287237908,0.07179783098837751,12,16,1.0,19.0,0.6148738379814077,0.0,0.2958,510,2535,0.1,0.25,45
30,15,false,,0.12862300342070437,0.11602475215814753,-0.015356159288358331,16,1,1.0,29.0,0.4655547498187092,0.0,0.234,510,2535,0.1,0.25,45
40,20,false,,0.12966508050525472,0.11343269844494303,-0.024027547161906776,17,2,1.0,39.0,0.45428916633105115,0.0,0.2354,510,2535,0.1,0.25,45
50,25,false,,0.2589457329140371,0.09974288183703665,-0.16440051215756546,4,2,1.0,16.0,0.18876689189189189,0.0,0.2232,510,2535,0.1,0.25,45
60,30,false,,0.2511404395837783,0.10682139321047283,-0.14718554157802538,6,3,1.0,37.0,0.2116788321167883,0.0006082725060827251,0.1124,510,2535,0.1,0.25,45
20,10,true,,0.10577596449663589,0.1998713369902762,0.1168131400951318,13,17,1.0,19.0,0.7123149394347241,0.0,0.3162,511,2536,0.1,0.25,45
20,10,true,,0.10104870734655762,0.24667488661340045,0.16790764849469506,14,16,1.0,19.0,0.719805081796032,0.0,0.2886,512,2537,0.1,0.25,45
20,10,false,,0.15195028480008915,0.18557789955381784,0.05029908672043701,10,1,1.0,19.0,0.6110936022691459,0.0,0.3016,513,2538,0.1,0.25,45
30,15,false,,0.15253912098007066,0.12648050234008634,-0.03002823779911458,12,2,1.0,29.0,0.44455544455544455,0.0,0.262,513,2538,0.1,0.25,45
40,20,false,,0.1410134282541805,0.12354102936286843,-0.03201766598352657,22,37,1.0,39.0,0.4368932038834951,0.0,0.2388,513,2538,0.1,0.25,45
50,25,false,,0.16597421752078081,0.11568545347791462,-0.05769004455876281,10,3,1.0,48.0,0.33651026392961875,0.1217008797653959,0.2266,513,2538,0.1,0.25,45
60,30,true,,0.12857675526237686,0.3788162538551784,0.24564239813163546,50,57,3.0,59.0,0.843200574094008,0.07678507355579477,0.2282,513,2538,0.1,0.25,45
20,10,true,,0.11585094854248532,0.363476227109692,0.2681933267284792,14,17,2.0,19.0,0.7384169884169884,0.0,0.2996,514,2539,0.1,0.25,45
20,10,true,,0.09954848655791522,0.2472777451689049,0.15689029003764304,14,16,1.0,19.0,0.7754409769335142,0.0,0.3022,515,2540,0.1,0.25,45
20,10,false,,0.3918018785228567,0.07942051380665424,-0.3140664395323578,3,1,1.0,17.0,0.21635883905013192,0.0,0.253,516,2541,0.1,0.25,45
30,15,false,,0.10748394355666005,0.12699386889186004,0.022489338276289225,18,24,1.0,29.0,0.5704821494295178,0.0,0.2838,516,2541,0.1,0.25,45
40,20,false,,0.20567202688038239,0.10067257106047968,-0.11559952528464876,5,1,1.0,36.52500000000009,0.3110619469026549,0.0,0.2086,516,2541,0.1,0.25,45
50,25,true,,0.10808273216241741,0.5792105592677694,0.4767605641749953,43,45,29.0,49.0,0.8411297440423654,0.5745807590467784,0.2198,516,2541,0.1,0.25,45
20,10,false,,0.19376619047483684,0.11575708077134757,-0.07740199352138023,5,2,1.0,19.0,0.41717135732098326,0.0,0.264,517,2542,0.1,0.25,45
30,15,false,,0.2741382290413806,0.1008474945881179,-0.17914079076530062,4,1,1.0,25.0,0.19418960244648317,0.0,0.223,517,2542,0.1,0.25,45
40,20,false,,0.15059289237208354,0.0982154432552409,-0.07737279362046617,11,2,1.0,38.0,0.32578616352201256,0.0,0.1884,517,2542,0.1,0.25,45
50,25,false,,0.11514996805348954,0.19637363875855018,0.08228701712031253,42,46,20.0,49.0,0.6914440572977159,0.4796747967479675,0.2586,517,2542,0.1,0.25,45
60,30,false,,0.12068356664641987,0.16183003156273137,0.04667831460367973,41,47,14.0,57.0,0.6758821389596217,0.28010185522008,0.261,517,2542,0.1,0.25,45
20,10,false,,0.1325686780900773,0.2671015136369698,0.15689075476392367,14,16,2.0,19.0,0.6449029873729597,0.0,0.2948,518,2543,0.1,0.25,45
30,15,false,,0.15031862616295918,0.11921393737979359,-0.04541351760561871,15,1,1.0,29.0,0.3666993784756297,0.0,0.2826,518,2543,0.1,0.25,45
40,20,false,,0.17253752703330294,0.11440428237839642,-0.07071408152178851,7,2,1.0,38.0,0.35627240143369177,0.0,0.2352,518,2543,0.1,0.25,45
50,25,true,,0.12043915725881532,0.5409701685625224,0.4164176391041693,44,45,24.0,49.0,0.8546139359698681,0.6760828625235404,0.2314,518,2543,0.1,0.25,45
20,10,false,,0.1268548603670557,0.12748051786882225,0.018020694121943848,7,1,1.0,19.0,0.5216216216216216,0.0,0.2418,519,2544,0.1,0.25,45
30,15,false,,0.13888672919735223,0.09525281572597556,-0.055513889210779765,7,2,1.0,25.0,0.3669402110199297,0.0,0.2694,519,2544,0.1,0.25,45
40,20,false,,0.1252974725735122,0.17626145633314355,0.07785049927143424,22,36,1.0,39.0,0.621981981981982,0.0,0.2624,519,2544,0.1,0.25,45
50,25,false,,0.1214784655038017,0.14281510870237668,0.026333245691392476,33,42,2.0,49.0,0.5779078273591807,0.274323335771763,0.2508,519,2544,0.1,0.25,45
60,30,true,,0.12327103794752103,0.26343809530741197,0.1455125196536241,50,54,36.0,58.0,0.7991543340380549,0.255461592670895,0.2228,519,2544,0.1,0.25,45
20,10,false,,0.1389709874449643,0.18653219394198287,0.06552977986501021,14,16,1.0,19.0,0.6130607262740311,0.0,0.3096,520,2545,0.1,0.25,45
30,15,false,,0.2471889252008836,0.10522558923106495,-0.1525742279763745,4,1,1.0,26.0,0.14606741573033707,0.0,0.2434,520,2545,0.1,0.25,45
40,20,false,,0.126526447234793,0.1332095578105851,0.012314121622972074,30,36,4.0,39.0,0.5315508021390374,0.0,0.254,520,2545,0.1,0.25,45
50,25,false,,0.1438186404014354,0.11897205720204004,-0.023611914864472755,14,5,2.0,48.0,0.44357672784068725,0.22647403358063256,0.2392,520,2545,0.1,0.25,45
60,30,true,,0.12280279884681115,0.6370051659735769,0.511504096952764,54,55,42.0,59.0,0.9894199197373221,0.1105435972272893,0.226,520,2545,0.1,0.25,45
20,10,false,,0.5225151820189505,0.08279426132297442,-0.43498039192968585,2,1,1.0,15.0,0.12571196094385678,0.0,0.2196,521,2546,0.1,0.25,45
30,15,false,,0.11906438538303281,0.13783424791630813,0.032163952731807416,17,25,1.0,29.0,0.5765673175745119,0.0,0.2854,521,2546,0.1,0.25,45
40,20,false,,0.11490561005275966,0.1568764061013503,0.056748263530409904,31,36,2.0,39.0,0.6244789693065556,0.0,0.2648,521,2546,0.1,0.25,45
50,25,false,,0.11692127240866074,0.13273368839636163,0.02298731519783015,35,39,5.0,48.0,0.5964076246334311,0.2118768328445748,0.262,521,2546,0.1,0.25,45
60,30,false,,0.11858457251561351,0.13288689696887426,0.02766514951938863,14,6,1.0,56.0,0.6437000380662352,0.01712980586220023,0.2332,521,2546,0.1,0.25,45
20,10,false,,0.7710581536706512,0.03671328283476916,-0.7320448497724994,1,1,1.0,3.0,0.0,0.0,0.0828,522,2547,0.1,0.25,45
30,15,false,,0.11715571595218326,0.18833666209746727,0.09492909681389493,19,26,1.0,29.0,0.6404208998548622,0.0,0.266,522,2547,0.1,0.25,45
40,20,false,,0.1312185125774261,0.11697142223471155,-0.0063318623419252595,14,3,1.0,39.0,0.4852884982804738,0.0,0.2722,522,2547,0.1,0.25,45
50,25,true,,0.11452531924184396,0.22442978199042443,0.12818450217568117,42,46,3.0,49.0,0.7174940898345153,0.47596532702915684,0.2588,522,2547,0.1,0.25,45
20,10,false,,0.15299659899462287,0.19475985323316433,0.05810901375738785,12,17,2.0,19.0,0.6137162954279015,0.0,0.327,523,2548,0.1,0.25,45
30,15,false,,0.14901367259449608,0.103089986053405,-0.0621630714291109,13,3,1.0,29.0,0.36532399299474605,0.0,0.2602,523,2548,0.1,0.25,45
40,20,false,,0.1393826187605435,0.11207956879080277,-0.037117512391201424,15,3,1.0,39.0,0.4556500607533414,0.0,0.2284,523,2548,0.1,0.25,45
50,25,false,,0.19540944562364315,0.0962565071046233,-0.10588375651112886,8,2,1.0,35.0,0.23676408301567134,0.0012706480304955528,0.2184,523,2548,0.1,0.25,45
60,30,true,,0.11475905326536483,0.36864340326628353,0.2541251670093263,54,57,42.0,59.0,0.8098591549295775,0.09817729908864954,0.2404,523,2548,0.1,0.25,45
20,10,false,,0.250203056264833,0.1026861710574559,-0.16601960576900637,4,1,1.0,18.0,0.3709677419354839,0.0,0.2032,524,2549,0.1,0.25,45
30,15,false,,0.11078222718184828,0.11367005540019387,0.0023841058741974896,17,21,1.0,28.0,0.5066237021124239,0.0,0.2814,524,2549,0.1,0.25,45
40,20,false,,0.11456171141180443,0.10705571694851228,-0.0061770697044672,20,5,2.0,38.0,0.48446443172526577,0.0,0.2556,524,2549,0.1,0.25,45
50,25,false,,0.11866717875852024,0.11750749800743335,0.0017632393086151332,29,43,3.0,48.0,0.5085828343313373,0.21956087824351297,0.2468,524,2549,0.1,0.25,45
60,30,false,,0.2952029435842028,0.10048917030063291,-0.1908813500647043,7,3,1.0,26.0,0.16552062868369352,0.0,0.1536,524,2549,0.1,0.25,45
20,10,true,,0.08223407763417276,0.23036680368316922,0.14562824418043552,14,16,2.0,19.0,0.752442996742671,0.0,0.2952,525,2550,0.1,0.25,45
20,10,false,,0.09405386374382953,0.47434285459428865,0.37358193060051814,16,17,5.0,19.0,0.8980021030494216,0.0,0.2996,526,2551,0.1,0.25,45
30,15,true,,0.10054024902685695,0.5807137503302304,0.4736207203645949,24,26,4.0,29.0,0.8301813971439599,0.0,0.2922,526,2551,0.1,0.25,45
20,10,false,,0.0992124217979391,0.15209588896023113,0.05838309322382554,13,16,1.0,19.0,0.6579310344827586,0.0,0.3102,527,2552,0.1,0.25,45
30,15,false,,0.14541407051871455,0.10364950030975144,-0.05162606471597157,8,1,1.0,26.0,0.3825629462608042,0.0,0.2652,527,2552,0.1,0.25,45
40,20,false,,0.12183166957540759,0.1834792011333965,0.07477731632214255,27,2,1.0,39.0,0.6484691995573589,0.0,0.2574,527,2552,0.1,0.25,45
50,25,false,,0.31271099795563084,0.10640059536588482,-0.18916396895005178,6,1,1.0,48.0,0.3032752020416844,0.1561037856231391,0.1962,527,2552,0.1,0.25,45
60,30,true,,0.11934617223242124,0.293010213741638,0.17288662112168207,50,51,37.0,58.40000000000009,0.8459016393442623,0.26812386156648454,0.2228,527,2552,0.1,0.25,45
20,10,false,,0.07720969152509805,0.35448072147309756,0.27248206683395565,15,15,2.0,19.0,0.8739212007504691,0.0,0.2808,528,2553,0.1,0.25,45
30,15,false,,0.09500895763876825,0.13618923353295997,0.043274803511889684,16,24,2.0,28.0,0.6352941176470588,0.0,0.2796,528,2553,0.1,0.25,45
40,20,true,,0.10856770491297113,0.25775426633336446,0.1480912031571221,31,35,2.0,39.0,0.7926876701672501,0.0,0.2882,528,2553,0.1,0.25,45
20,10,false,,0.14078203432910835,0.2489096789688317,0.14889935779496788,14,17,1.0,19.0,0.688135593220339,0.0,0.287,529,2554,0.1,0.25,45
30,15,false,,0.12212689871977389,0.1637416818166915,0.05742187369629405,23,25,2.0,29.0,0.6316316316316316,0.0,0.2768,529,2554,0.1,0.25,45
40,20,false,,0.30401688909007035,0.08922125514925393,-0.22781613372150689,5,3,1.0,30.0,0.14273719563392107,0.0,0.1986,529,2554,0.1,0.25,45
50,25,true,,0.10787617858432673,0.4883158751190302,0.36301053097193636,44,46,7.550000000000004,49.0,0.760879523591388,0.5318369216674301,0.1858,529,2554,0.1,0.25,45
20,10,false,,0.15321473618566167,0.1185752071988857,-0.038945977639066,11,2,1.0,19.0,0.38578996572140856,0.0,0.2826,530,2555,0.1,0.25,45
30,15,false,,0.1419802245589661,0.08497355772277737,-0.07327063183534616,12,2,1.0,28.0,0.3036925395629239,0.0,0.2236,530,2555,0.1,0.25,45
40,20,false,,0.11629193936637187,0.1650938978732081,0.06666509593353268,31,35,2.0,39.0,0.6319365798414496,0.0,0.2624,530,2555,0.1,0.25,45
50,25,false,,0.15685883490434618,0.10656353400585403,-0.060041307224338175,8,1,1.0,47.0,0.28940986257073564,0.10064672594987874,0.2142,530,2555,0.1,0.25,45
60,30,true,,0.12048439395419827,0.26624181422761084,0.1415557734258832,53,56,34.0,59.0,0.7801788375558867,0.1810730253353204,0.2374,530,2555,0.1,0.25,45
20,10,false,,0.11449649333542657,0.11181512302770472,-0.008024092091941881,8,1,1.0,19.0,0.4888408927285817,0.0,0.2602,531,2556,0.1,0.25,45
30,15,false,,0.11758710902713947,0.12469006357141675,0.023105819568924824,11,1,1.0,28.0,0.5490880869227784,0.0,0.2662,531,2556,0.1,0.25,45
40,20,false,,0.1487286404408485,0.10498393608177564,-0.053366073480632145,7,1,1.0,33.0,0.38344316309719934,0.0,0.2422,531,2556,0.1,0.25,45
50,25,false,,0.1178278470975046,0.19916815358453585,0.09637308912681682,36,44,3.0,49.0,0.6950925181013676,0.2839903459372486,0.2632,531,2556,0.1,0.25,45
60,30,false,,0.5990415309407238,0.10147928892742099,-0.4944507407033477,3,1,1.0,8.0,0.027993779160186624,0.0,0.0862,531,2556,0.1,0.25,45
20,10,false,,0.14195254628793375,0.14353846759767563,0.008988022680500196,10,8,1.0,19.0,0.5246500304321363,0.0,0.3164,532,2557,0.1,0.25,45
30,15,false,,0.15563211940565677,0.08900818436278252,-0.08980395234635308,9,2,1.0,28.0,0.3434382194934766,0.0,0.2322,532,2557,0.1,0.25,45
40,20,false,,0.12053878553941672,0.12740579139548927,0.005794099595087844,22,36,2.0,38.0,0.510158013544018,0.0,0.2878,532,2557,0.1,0.25,45
50,25,true,,0.1131595847024111,0.3720611813453443,0.2618735535912556,43,46,6.0,49.0,0.7756929637526653,0.5236673773987207,0.2382,532,2557,0.1,0.25,45
20,10,false,,0.09646715069175779,0.669670285023828,0.5671950163724279,16,16,6.0,19.0,0.9819543752128022,0.0,0.2842,533,2558,0.1,0.25,45
30,15,false,,0.10494455886037737,0.13529525518793362,0.051197966864481706,18,26,2.0,29.0,0.6567386448250186,0.0,0.2702,533,2558,0.1,0.25,45
40,20,true,,0.11675437910899432,0.34728072719038827,0.23677946906142772,33,36,1.0,39.0,0.7298303682250724,0.0,0.2586,533,2558,0.1,0.25,45
20,10,false,,0.12840666978777676,0.13386069689770144,0.02920897678323732,11,2,1.0,19.0,0.5560359161955437,0.0,0.2764,534,2559,0.1,0.25,45
30,15,false,,0.38075043650077955,0.09246998617227713,-0.2819767339234932,4,2,1.0,27.0,0.13437268002969563,0.0,0.2142,534,2559,0.1,0.25,45
40,20,false,,0.17429722036243084,0.10297823289210029,-0.0829641544474359,7,3,1.0,39.0,0.40542763157894735,0.0,0.2232,534,2559,0.1,0.25,45
50,25,false,,0.2681357667127146,0.10074716164067848,-0.17781149288149184,7,2,1.0,41.0,0.24136529865908168,0.021535960991466884,0.2172,534,2559,0.1,0.25,45
60,30,false,,0.1499214540791336,0.11939029433274609,-0.030524419012999154,6,3,1.0,25.0,0.3771384136858476,0.0,0.193,534,2559,0.1,0.25,45
20,10,false,,0.08923560755396923,0.4818345408557686,0.3751476008655467,15,16,3.3499999999999943,19.0,0.8486678507992895,0.0,0.3036,535,2560,0.1,0.25,45
30,15,false,,0.12145832311260468,0.1201287433848496,0.003734609597441124,12,4,1.0,28.0,0.505965697240865,0.0,0.2836,535,2560,0.1,0.25,45
40,20,false,,0.11055687426366584,0.12272021593883062,0.04020176105590142,19,36,1.0,39.0,0.5785837651122625,0.0,0.2216,535,2560,0.1,0.25,45
50,25,false,,0.1365124852128777,0.08782557527404228,-0.06085414015623111,10,4,1.0,41.0,0.2968523002421308,0.021791767554479417,0.1452,535,2560,0.1,0.25,45
60,30,false,,0.37809186328205074,0.08700448010845326,-0.29140447004375625,3,2,1.0,15.0,0.11936036550542548,0.0,0.0872,535,2560,0.1,0.25,45
20,10,false,,0.11245720451352967,0.0865844228764423,-0.02854422284156803,11,1,1.0,19.0,0.44028950542822676,0.0,0.193,536,2561,0.1,0.25,45
30,15,true,,0.09823840646161332,0.5329610518036773,0.4303684547488392,24,27,3.0,29.0,0.8716966679433167,0.0,0.2588,536,2561,0.1,0.25,45
20,10,false,,0.09506312017956207,0.36986982163275633,0.27069082589070437,15,16,2.0,19.0,0.6789090909090909,0.0,0.2664,537,2562,0.1,0.25,45
30,15,false,,0.08591374652431653,0.5117886140466117,0.42948802317626633,25,26,1.0,29.0,0.8207116788321168,0.0,0.1888,537,2562,0.1,0.25,45
40,20,true,,0.10895247873723908,0.3105092597581393,0.20629910671421728,32,37,3.0,39.0,0.8028056112224449,0.0,0.2708,537,2562,0.1,0.25,45
20,10,false,,0.13941929384227233,0.12073336261120447,-0.02333362454786113,8,3,1.0,19.0,0.45277600510529675,0.0,0.3172,538,2563,0.1,0.25,45
30,15,false,,0.11232768340250207,0.12907542782218312,0.03066980184884359,21,27,2.0,29.0,0.5555977229601518,0.0,0.2672,538,2563,0.1,0.25,45
40,20,false,,0.12397438616007891,0.08213882491205328,-0.04756920998472508,13,14,1.0,37.0,0.32792061344158774,0.0,0.1846,538,2563,0.1,0.25,45
50,25,false,,0.11927854121152001,0.08772732382422414,-0.03611686774478544,19,6,3.0,48.0,0.37274939172749394,0.13965936739659368,0.1496,538,2563,0.1,0.25,45
60,30,true,,0.09719180008702825,0.17404546515576721,0.07436617678595508,53,53,42.0,59.0,0.7729007633587787,0.17891221374045801,0.1302,538,2563,0.1,0.25,45
20,10,false,,0.09136572464776724,0.14861954751763884,0.08712699209690733,13,17,1.0,19.0,0.6768720029509406,0.0,0.296,539,2564,0.1,0.25,45
30,15,false,,0.09577688455990241,0.09352125597824942,0.001004494074076212,14,2,1.0,28.0,0.5035971223021583,0.0,0.2136,539,2564,0.1,0.25,45
40,20,false,,0.4584044836103481,0.06806628094509828,-0.39863890827228876,3,1,1.0,9.0,0.12114152591729761,0.0,0.0902,539,2564,0.1,0.25,45
50,25,false,,0.13780266125754634,0.081107661687579,-0.06918751353548247,5,2,1.0,45.0,0.2692523889825745,0.06857785272625071,0.0946,539,2564,0.1,0.25,45
60,30,false,,0.08554916255979102,0.09290108639973114,-0.0037278855308415654,38,58,16.0,59.0,0.4861612515042118,0.08844765342960288,0.0842,539,2564,0.1,0.25,45
20,10,false,,0.10602184922721378,0.163273247254479,0.06846378607014941,13,16,1.0,19.0,0.630071599045346,0.0,0.294,540,2565,0.1,0.25,45
30,15,false,,0.12080250911686012,0.1365490048542224,0.01590700580163841,19,1,1.0,29.0,0.5363030515608559,0.0,0.2782,540,2565,0.1,0.25,45
40,20,false,,0.12154134210050191,0.17998295879757878,0.06889542688575977,29,36,3.0,39.0,0.6381651376146789,0.0,0.2626,540,2565,0.1,0.25,45
50,25,false,,0.18071957717356488,0.09340660861909332,-0.1123756319822021,12,3,1.0,44.0,0.21823554242296328,0.04854368932038835,0.2102,540,2565,0.1,0.25,45
60,30,true,,0.1169688042099113,0.32699380956112056,0.2080150304477301,54,54,43.0,59.0,0.9131551901336074,0.10174717368961973,0.1564,540,2565,0.1,0.25,45
20,10,false,,0.06526868376225184,0.10998735422963704,0.04443525073441046,12,15,1.0,19.0,0.6230434782608696,0.0,0.19,541,2566,0.1,0.25,45
30,15,false,,0.11871172879834001,0.09002718569650696,-0.028051215449743296,8,3,1.0,26.0,0.4222873900293255,0.0,0.2608,541,2566,0.1,0.25,45
40,20,false,,0.10479664980663939,0.12197355547571624,0.026008009363939835,24,32,1.0,38.0,0.5783549783549784,0.0,0.1962,541,2566,0.1,0.25,45
50,25,false,,0.09365980353912365,0.3006783420625201,0.2027378336186936,45,48,35.0,49.0,0.845771144278607,0.690547263681592,0.147,541,2566,0.1,0.25,45
60,30,false,,0.09999408035511494,0.14027098367116947,0.04245513202251204,50,48,22.0,59.0,0.6190248565965584,0.1959847036328872,0.1298,541,2566,0.1,0.25,45
20,10,false,,0.10525496795208737,0.30311731318758955,0.20165193642712523,15,16,3.0,19.0,0.7974265918838667,0.0,0.2982,542,2567,0.1,0.25,45
30,15,false,,0.11968424922599499,0.1330863988377717,0.03176710592903098,16,26,1.0,29.0,0.5855354659248957,0.0,0.3032,542,2567,0.1,0.25,45
40,20,false,,0.10294782694935772,0.41374475516633025,0.3075659057498673,35,37,19.0,39.0,0.8781810596579057,0.0,0.2146,542,2567,0.1,0.25,45
50,25,false,,0.1284704127849767,0.12417570443418828,0.014510391894114558,27,3,1.0,49.0,0.5221080839660562,0.31889236266190263,0.2254,542,2567,0.1,0.25,45
60,30,false,,0.14634327636745403,0.10969875302432645,-0.04062839322640617,12,5,1.0,33.0,0.3297262889879058,0.0,0.1218,542,2567,0.1,0.25,45
20,10,false,,0.08151318760693156,0.29972941896027355,0.2126639696817862,15,15,2.0,19.0,0.7588279489105936,0.0,0.2652,543,2568,0.1,0.25,45
30,15,false,,0.13933119631038854,0.10972159376179358,-0.034966383107465145,7,2,1.0,26.0,0.3980406386066763,0.0,0.2858,543,2568,0.1,0.25,45
40,20,false,,0.1495578579377585,0.12529351398391647,-0.024214134482243133,8,2,1.0,38.0,0.4726235741444867,0.0,0.2628,543,2568,0.1,0.25,45
50,25,false,,0.12007896144193722,0.1417200043067656,0.031680049983435446,29,42,4.0,48.0,0.6098939929328622,0.24982332155477033,0.2754,543,2568,0.1,0.25,45
60,30,true,,0.12640924123193287,0.19374814721807407,0.08028402079151378,37,52,8.0,58.0,0.7833219412166781,0.07518796992481203,0.2212,543,2568,0.1,0.25,45
20,10,false,,0.13105296413821532,0.15955003244705915,0.042539535483330324,10,7,1.0,19.0,0.6152439024390244,0.0,0.3356,544,2569,0.1,0.25,45
30,15,false,,0.12019271034328789,0.18458997442566707,0.0800451146847551,22,26,3.0,29.0,0.6637596899224806,0.0,0.2904,544,2569,0.1,0.25,45
40,20,false,,0.1820340198743556,0.10694889209078459,-0.0882236020048694,6,2,1.0,30.899999999999636,0.25822686798296557,0.0,0.2212,544,2569,0.1,0.25,45
50,25,false,,0.14388589336483096,0.10042412161428052,-0.05582410450852261,19,3,1.0,42.0,0.2769935139259824,0.025562762304463946,0.2262,544,2569,0.1,0.25,45
60,30,false,,0.16207738925226461,0.11382222548275793,-0.06787461275845798,18,2,1.0,58.0,0.32083333333333336,0.12708333333333333,0.1344,544,2569,0.1,0.25,45
20,10,false,,0.06878438147651343,0.15681418071244657,0.0948860339923688,14,16,1.0,19.0,0.6953671328671329,0.0,0.198,545,2570,0.1,0.25,45
30,15,false,,0.11985207065258029,0.10815555112454477,0.021937862269692465,15,1,1.0,29.0,0.5176304654442877,0.0,0.1982,545,2570,0.1,0.25,45
40,20,true,,0.10826776349192405,0.28982758822685717,0.1910448661655898,30,35,4.0,39.0,0.7581227436823105,0.0,0.2838,545,2570,0.1,0.25,45
20,10,true,,0.13018876138906865,0.38080196476641404,0.2549912435667337,14,15,2.0,19.0,0.7644010972264553,0.0,0.3032,546,2571,0.1,0.25,45
20,10,false,,0.12357396425713381,0.17915353486835647,0.07225634922151235,13,16,1.0,19.0,0.6313811462574381,0.0,0.2922,547,2572,0.1,0.25,45
30,15,true,,0.12340140671897937,0.2656250436203818,0.15005955854652203,24,28,3.0,29.0,0.7237643872714963,0.0,0.2836,547,2572,0.1,0.25,45
20,10,false,,0.09872820225517365,0.15468669912885732,0.06848552800958867,11,16,1.0,19.0,0.6711096301232923,0.0,0.3014,548,2573,0.1,0.25,45
30,15,false,,0.11432594303383999,0.14498646618046887,0.04824021107024276,17,22,2.0,29.0,0.6101010101010101,0.0,0.3128,548,2573,0.1,0.25,45
40,20,false,,0.3912346246106741,0.10942348392235385,-0.2931772491117978,4,2,1.0,37.0,0.31156186612576064,0.0,0.2192,548,2573,0.1,0.25,45
50,25,true,,0.11686600617823217,0.2981311821062096,0.17980634787548588,44,46,33.0,49.0,0.7584355828220859,0.6763803680981595,0.2356,548,2573,0.1,0.25,45
20,10,false,,0.10060370330426938,0.12293698255820362,0.030121055180589495,11,16,1.0,19.0,0.5705861949358307,0.0,0.2976,549,2574,0.1,0.25,45
30,15,false,,0.08634691441152861,0.1290629158318448,0.054705916659765985,24,26,2.0,29.0,0.6152424942263279,0.0,0.1782,549,2574,0.1,0.25,45
40,20,false,,0.12720623615597418,0.06962620100176624,-0.0635889801979359,10,6,1.0,28.0,0.23889179299529534,0.0,0.1126,549,2574,0.1,0.25,45
50,25,true,,0.11352595238137903,0.26287703097693305,0.14844026042635314,42,46,24.0,49.0,0.7477335435553804,0.4927079227433977,0.28,549,2574,0.1,0.25,45
20,10,false,,0.07193521692359539,0.0694024179464915,-0.001461914439200629,9,6,1.0,19.0,0.49279538904899134,0.0,0.2112,550,2575,0.1,0.25,45
30,15,false,,0.08623988465560652,0.06745181939426032,-0.03036119105887801,15,2,1.0,27.125,0.4160839160839161,0.0,0.0758,550,2575,0.1,0.25,45
40,20,false,,0.06688473215016366,0.12763185833186308,0.07197506834538864,28,1,1.0,38.0,0.6141078838174274,0.0,0.0474,550,2575,0.1,0.25,45
50,25,false,,0.7690441200473054,0.0540387297550602,-0.7177114450347295,1,1,1.0,3.0,0.0,0.0,0.0198,550,2575,0.1,0.25,45
60,30,true,,0.06659320751694803,0.21001216621131566,0.1443351263645002,52,47,42.0,58.0,0.8773281952472703,0.357096981374438,0.0258,550,2575,0.1,0.25,45
20,10,false,,0.12116158415875784,0.13929233894067175,0.0409142030561601,10,16,1.0,19.0,0.5466146756469337,0.0,0.2722,551,2576,0.1,0.25,45
30,15,false,,0.10633777000607325,0.7108363353710616,0.605569246306336,25,25,7.0,29.0,0.9072363356428021,0.0,0.2618,551,2576,0.1,0.25,45
40,20,false,,0.1210561473758698,0.13271219988073787,0.02550544129704871,23,1,1.0,39.0,0.5466511807975223,0.0,0.2654,551,2576,0.1,0.25,45
50,25,false,,0.530516130515151,0.10176307541371811,-0.43931471548939016,3,2,1.0,12.0,0.06784140969162995,0.0,0.1922,551,2576,0.1,0.25,45
60,30,true,,0.12532498709539952,0.2730206597481946,0.16004489062951327,44,52,3.0,59.0,0.7693327441449404,0.12947414935925763,0.164,551,2576,0.1,0.25,45
20,10,false,,0.08707912308337327,0.4714728317553362,0.3831314385042689,15,16,3.0,19.0,0.8626760563380281,0.0,0.2962,552,2577,0.1,0.25,45
30,15,false,,0.10821196192391563,0.15659377588116874,0.06145469504519753,19,26,2.0,29.0,0.6449115044247787,0.0,0.2706,552,2577,0.1,0.25,45
40,20,false,,0.12761161419598568,0.1076224873335525,-0.03292446727564852,13,2,1.0,37.0,0.3941663381947182,0.0,0.2514,552,2577,0.1,0.25,45
50,25,false,,0.12720982471621864,0.11444814374192638,-0.007409710514762531,22,49,2.0,49.0,0.47792408985282725,0.16769945778466305,0.2662,552,2577,0.1,0.25,45
60,30,true,,0.12257262525274278,0.19295589187745205,0.09709044184963823,34,54,3.0,58.0,0.7201046337817638,0.078101644245142,0.2296,552,2577,0.1,0.25,45
20,10,false,,0.11669419600399239,0.1252265655489905,0.013373624484717433,10,16,1.0,19.0,0.5357509408142319,0.0,0.2908,553,2578,0.1,0.25,45
30,15,false,,0.09113070264604349,0.1425889927791033,0.06206193965493188,21,26,5.0,29.0,0.6717373899119295,0.0,0.2118,553,2578,0.1,0.25,45
40,20,false,,0.12312257573401607,0.10903434450668927,-0.012653469646392565,14,6,2.0,37.0,0.45716541650217135,0.0,0.2754,553,2578,0.1,0.25,45
50,25,false,,0.11577200721926753,0.12299044025523143,0.019982205012732603,23,46,2.0,48.0,0.5720472440944881,0.1795275590551181,0.2744,553,2578,0.1,0.25,45
60,30,false,,0.14509848121585597,0.12817956258558827,-0.01599720456588566,10,6,1.0,57.0,0.4663833075734158,0.04173106646058733,0.2176,553,2578,0.1,0.25,45
20,10,false,,0.0947231399384198,0.12565584268195162,0.035915813352818876,11,12,1.0,19.0,0.5782828282828283,0.0,0.2904,554,2579,0.1,0.25,45
30,15,false,,0.09512787961405426,0.0989813293180771,0.007560291572769677,11,3,1.0,26.0,0.5222902097902098,0.0,0.2132,554,2579,0.1,0.25,45
40,20,false,,0.08938186907751922,0.09335824827138703,0.010423418847481866,20,21,2.2250000000000014,35.77500000000009,0.538755980861244,0.0,0.1702,554,2579,0.1,0.25,45
50,25,true,,0.08741107281183381,0.24462778204126645,0.15724534506538537,44,47,19.750000000000007,49.0,0.8257303946694003,0.637109174782163,0.1098,554,2579,0.1,0.25,45
20,10,false,,0.14823497817170728,0.1422112646293505,0.005693821047351416,13,16,1.0,19.0,0.5095797280593325,0.0,0.3092,555,2580,0.1,0.25,45
30,15,false,,0.11579296123330046,0.1712076027493412,0.07819698027123495,20,26,1.0,29.0,0.5855385762206485,0.0,0.2576,555,2580,0.1,0.25,45
40,20,true,,0.1106596769110235,0.2968910661955198,0.18231018299622848,33,35,15.0,39.0,0.8315032184778492,0.0,0.272,555,2580,0.1,0.25,45
20,10,true,,0.11096884796392359,0.2487003872156589,0.1474667119572636,13,17,2.0,19.0,0.846474358974359,0.0,0.3304,556,2581,0.1,0.25,45
20,10,false,,0.1116113522108039,0.13154493088762734,0.031766126490035254,9,5,1.0,19.0,0.5808873720136519,0.0,0.3006,557,2582,0.1,0.25,45
30,15,true,,0.10815367962533365,0.1596601214719973,0.06217459082200763,16,21,2.0,27.0,0.7036429274696423,0.0,0.2924,557,2582,0.1,0.25,45
20,10,true,,0.10274299232414089,0.1783398941054408,0.09472854373756497,12,17,1.0,19.0,0.7136563876651982,0.0,0.2916,558,2583,0.1,0.25,45
20,10,false,,0.1156594093867372,0.25146263061102375,0.17341980290962988,15,18,1.0,19.0,0.6500341763499659,0.0,0.2786,559,2584,0.1,0.25,45
30,15,true,,0.10808839363371546,0.34087072630511916,0.23465562678412255,24,26,7.0,29.0,0.8373287671232876,0.0,0.2956,559,2584,0.1,0.25,45
20,10,false,,0.11298218066221957,0.1530666505110074,0.05079026946022032,10,16,1.0,19.0,0.6293637846655791,0.0,0.3182,560,2585,0.1,0.25,45
30,15,false,,0.1210924295760735,0.13062690994471515,0.020593752582465083,17,22,2.0,28.0,0.5696542463914065,0.0,0.2914,560,2585,0.1,0.25,45
40,20,false,,0.11597187517657849,0.17112631367201664,0.08618222619571732,29,37,3.0,39.0,0.6536167039522744,0.0,0.277,560,2585,0.1,0.25,45
50,25,true,,0.11428362610244788,0.25010165005347307,0.13256978933133,44,46,22.0,49.0,0.7357032457496137,0.5927357032457496,0.247,560,2585,0.1,0.25,45
20,10,false,,0.11238323433104572,0.12613468904753594,0.02621331507982888,12,17,1.0,19.0,0.5395863052781741,0.0,0.2834,561,2586,0.1,0.25,45
30,15,false,,0.1074740488348898,0.13726912498056565,0.03751665682613205,18,25,1.0,29.0,0.597684515195369,0.0,0.2836,561,2586,0.1,0.25,45
40,20,false,,0.1146075586277965,0.1847532884092322,0.07470786711742106,31,36,2.0,39.0,0.695135963232478,0.0,0.2602,561,2586,0.1,0.25,45
50,25,false,,0.1667964892906526,0.10476085769673779,-0.06446801535054864,9,2,1.0,26.0,0.3012,0.0,0.2492,561,2586,0.1,0.25,45
60,30,true,,0.1197740222961332,0.3789300526453274,0.2629279127251425,52,54,31.0,59.0,0.9098484848484848,0.2246212121212121,0.2342,561,2586,0.1,0.25,45
20,10,false,,0.09856974811394448,0.2048178299305191,0.12768587023363,15,16,1.0,19.0,0.7030218825981244,0.0,0.2682,562,2587,0.1,0.25,45
30,15,false,,0.10437584797320147,0.23744773881490058,0.13095330551249,19,24,1.0,29.0,0.6991622239146992,0.0,0.2924,562,2587,0.1,0.25,45
40,20,false,,0.10822409285052151,0.15467086617781464,0.04898924469579345,30,36,2.0,39.0,0.6432889963724304,0.0,0.2754,562,2587,0.1,0.25,45
50,25,true,,0.1137744257131281,0.2618526492963895,0.1433446273539102,40,45,6.0,49.0,0.7631683168316832,0.4051485148514852,0.2732,562,2587,0.1,0.25,45
20,10,false,,0.12489138271529657,0.17089869544642175,0.062343449468707124,11,16,1.0,19.0,0.6351225566242631,0.0,0.3204,563,2588,0.1,0.25,45
30,15,false,,0.12938650000408933,0.17527353420988637,0.08013974335233719,19,2,1.0,29.0,0.5964726631393298,0.0,0.2494,563,2588,0.1,0.25,45
40,20,false,,0.11392193483604027,0.6171081900369856,0.5045597879664887,35,36,4.0,39.0,0.9458538432411965,0.0,0.2528,563,2588,0.1,0.25,45
50,25,false,,0.3663428227313872,0.10580371770724463,-0.2730696051018769,4,2,1.0,24.0,0.17942486836776023,0.0,0.2104,563,2588,0.1,0.25,45
60,30,false,,0.13948540803605472,0.13269838628637046,-0.0105576603893979,18,3,1.0,57.0,0.4347073086248701,0.0398337374437132,0.1972,563,2588,0.1,0.25,45
20,10,true,,0.09599558579479055,0.21666151995297228,0.13446441268940548,14,15,3.0,19.0,0.7421087978509067,0.0,0.3072,564,2589,0.1,0.25,45
20,10,false,,0.11646922563451964,0.34245937380517305,0.2304863667228083,15,16,2.0,19.0,0.8133074935400517,0.0,0.3106,565,2590,0.1,0.25,45
30,15,false,,0.12951971233592965,0.15149359530894146,0.024478296898290924,18,25,1.0,28.0,0.5653584171261758,0.0,0.2894,565,2590,0.1,0.25,45
40,20,false,,0.12229950076354199,0.17583070249859656,0.0627457254305757,30,35,3.0,39.0,0.6607944732297064,0.0,0.271,565,2590,0.1,0.25,45
50,25,false,,0.2442667653227544,0.10699178322666288,-0.1458296570028432,5,1,1.0,18.0,0.15093537414965985,0.0,0.1796,565,2590,0.1,0.25,45
60,30,false,,0.6777417370165989,0.12459112144681718,-0.5600447119376565,2,1,1.0,6.0,0.08448815377738042,0.0,0.117,565,2590,0.1,0.25,45
20,10,false,,0.11489444433450903,0.1719463818279548,0.06497410594893868,12,14,2.0,19.0,0.6744186046511628,0.0,0.31,566,2591,0.1,0.25,45
30,15,false,,0.1331329391266359,0.13443629769213786,0.0096674410258078,10,4,1.0,29.0,0.514662273476112,0.0,0.277,566,2591,0.1,0.25,45
40,20,false,,0.1250336657481865,0.16251007009853782,0.07182156202819627,25,36,2.0,39.0,0.6875653082549634,0.0,0.2466,566,2591,0.1,0.25,45
50,25,true,,0.12255997087099135,0.28852554330897573,0.15647541408737092,40,45,4.0,49.0,0.7094846900672144,0.3984316654219567,0.243,566,2591,0.1,0.25,45
20,10,false,,0.15051917857761152,0.18239438690306628,0.048455158809424026,13,16,1.0,19.0,0.5821371610845295,0.0,0.2872,567,2592,0.1,0.25,45
30,15,false,,0.15762032902947834,0.08698891499919469,-0.0857972989926504,9,5,1.0,27.0,0.25052779732582686,0.0,0.2692,567,2592,0.1,0.25,45
40,20,false,,0.13615201048999795,0.1046888086615647,-0.03289568838336644,13,3,1.0,38.0,0.42862776025236593,0.0,0.2408,567,2592,0.1,0.25,45
50,25,false,,0.12566926068096793,0.12772649115887608,-0.0050758556062315,33,3,2.0,48.0,0.4752150757886112,0.253994264645637,0.2486,567,2592,0.1,0.25,45
60,30,true,,0.11710524915719422,0.21067183834002945,0.09902302551804926,49,53,26.0,59.0,0.755914382275629,0.24258355238452872,0.2348,567,2592,0.1,0.25,45
20,10,false,,0.12147477811002809,0.26639578572918976,0.16677237404192177,15,16,2.0,19.0,0.7107411034933072,0.0,0.312,568,2593,0.1,0.25,45
30,15,false,,0.11243973456231016,0.5999217923332777,0.4839067625478013,26,26,4.0,29.0,0.8738472888233124,0.0,0.2574,568,2593,0.1,0.25,45
40,20,false,,0.13898891941299624,0.11369932611887938,-0.03694069602344541,12,2,1.0,36.0,0.41761467889908255,0.0,0.2506,568,2593,0.1,0.25,45
50,25,false,,0.13004913660181328,0.12591676492198592,0.009428845642062193,13,4,2.0,48.0,0.5262158054711246,0.11854103343465046,0.2496,568,2593,0.1,0.25,45
60,30,true,,0.12547300138560039,0.2938384449482898,0.17121284609241444,49,49,7.0,58.0,0.8758192480165574,0.23594342876854088,0.2232,568,2593,0.1,0.25,45
20,10,false,,0.11116969986004122,0.30522719715085617,0.19773452264459274,15,16,2.0,19.0,0.7728005156300355,0.0,0.3096,569,2594,0.1,0.25,45
30,15,true,,0.11636482226720159,0.2638212179131686,0.16186842872000234,24,26,2.0,29.0,0.7474354439334984,0.0,0.2644,569,2594,0.1,0.25,45
20,10,false,,0.13210535655397845,0.11258918583534462,-0.024953905702197847,10,2,1.0,18.375,0.4336767546683838,0.0,0.2934,570,2595,0.1,0.25,45
30,15,false,,0.1350179820916065,0.11327887842898415,-0.02101148153580962,10,3,1.0,28.0,0.4309027777777778,0.0,0.2908,570,2595,0.1,0.25,45
40,20,false,,0.1106902670329271,0.5282597146797339,0.41052145634771287,36,38,26.0,39.0,0.947884012539185,0.0,0.2486,570,2595,0.1,0.25,45
50,25,true,,0.11885369264257331,0.21473068428531983,0.1052528195549588,35,46,3.0,48.0,0.7010662604722011,0.27265803503427266,0.2576,570,2595,0.1,0.25,45
20,10,false,,0.07947639307224266,0.14303303429157874,0.06910096175157633,12,15,1.0,19.0,0.685611510791367,0.0,0.3034,571,2596,0.1,0.25,45
30,15,true,,0.08681727128894191,0.3195718020078183,0.22432509958925062,24,26,10.0,29.0,0.8039383561643836,0.0,0.2212,571,2596,0.1,0.25,45
20,10,true,,0.08831070382599865,0.16157698762078698,0.0763539354593064,12,10,1.0,19.0,0.7212780421481985,0.0,0.3156,572,2597,0.1,0.25,45
20,10,false,,0.09495174071165924,0.21409101184027932,0.1291407210458397,15,16,2.0,19.0,0.7136426592797784,0.0,0.3056,573,2598,0.1,0.25,45
30,15,true,,0.09532988968381503,0.40386776993683016,0.3146832807860059,20,26,2.0,29.0,0.7814992025518341,0.0,0.2722,573,2598,0.1,0.25,45
20,10,false,,0.1136928538467023,0.2803338757388893,0.15709603395274302,15,17,2.0,19.0,0.7219146857701074,0.0,0.3116,574,2599,0.1,0.25,45
30,15,false,,0.14585861331541122,0.1050744342332676,-0.06718443126327635,8,1,1.0,29.0,0.3776223776223776,0.0,0.2026,574,2599,0.1,0.25,45
40,20,false,,0.12594775189278934,0.12824224551745725,0.007250676097932646,23,10,2.0,39.0,0.5241228070175439,0.0,0.276,574,2599,0.1,0.25,45
50,25,false,,0.11954082656467782,0.11876835434679305,-0.0014778459321482251,19,15,2.0,46.0,0.4935163996948894,0.07780320366132723,0.2826,574,2599,0.1,0.25,45
60,30,true,,0.12368761006636977,0.20303337817470465,0.08824223566311862,45,57,3.0,59.0,0.7273730684326711,0.19315673289183222,0.197,574,2599,0.1,0.25,45
20,10,false,,0.151289691624984,0.11854104131095924,-0.03997280777525665,8,1,1.0,19.0,0.41633858267716534,0.0,0.2922,575,2600,0.1,0.25,45
30,15,false,,0.1252499435331317,0.13033345035165453,0.014780102561309696,17,22,1.0,28.0,0.5413263639333551,0.0,0.2942,575,2600,0.1,0.25,45
40,20,false,,0.3125847216462063,0.09768316780933277,-0.21426020739373072,5,2,1.0,35.0,0.206222576785002,0.0,0.217,575,2600,0.1,0.25,45
50,25,false,,0.13617421431425009,0.09961240315832132,-0.050336498547800104,9,3,1.0,46.0,0.2952497952497953,0.06306306306306306,0.2214,575,2600,0.1,0.25,45
60,30,false,,0.12614401594513333,0.12704042428084117,0.009126889592427745,27,21,1.0,58.0,0.5255335365853658,0.12385670731707317,0.2056,575,2600,0.1,0.25,45
20,10,false,,0.12108668682281745,0.18896608690979627,0.08424266685683861,14,17,1.0,19.0,0.6218514883873079,0.0,0.2914,576,2601,0.1,0.25,45
30,15,false,,0.12056297103464102,0.1542315979500676,0.057642946659913194,15,26,1.0,29.0,0.5988251554941257,0.0,0.2954,576,2601,0.1,0.25,45
40,20,false,,0.19159149966506975,0.10608975139606362,-0.08830881922482298,5,2,1.0,34.0,0.2904354587869362,0.0,0.2348,576,2601,0.1,0.25,45
50,25,false,,0.1904214988619168,0.11373618330990871,-0.09019113175424597,6,2,1.0,48.0,0.3778060144006777,0.22448115205421432,0.2042,576,2601,0.1,0.25,45
60,30,true,,0.12495829266397736,0.2153258527315923,0.1128401430082731,44,51,2.0,58.0,0.73584229390681,0.2017921146953405,0.1918,576,2601,0.1,0.25,45
20,10,false,,0.12176820763550227,0.3580051234078225,0.23645095958461432,15,17,2.0,19.0,0.8147680656358472,0.0,0.3152,577,2602,0.1,0.25,45
30,15,false,,0.17296073446889507,0.11040750644423919,-0.09710192636279333,8,1,1.0,29.0,0.36785449146250926,0.0,0.2312,577,2602,0.1,0.25,45
40,20,false,,0.13391590759148764,0.1224802681843468,-0.015064073631868374,24,2,1.0,38.0,0.47483095416979715,0.0,0.2524,577,2602,0.1,0.25,45
50,25,true,,0.11765746146967189,0.45823808010147643,0.34076584123036424,42,47,2.0,49.0,0.7846092820309402,0.4855216184053947,0.2522,577,2602,0.1,0.25,45
20,10,true,,0.07883768652072579,0.27127194457799036,0.1951519044400927,13,16,1.0,19.0,0.7750190985485104,0.0,0.286,578,2603,0.1,0.25,45
20,10,false,,0.07919814362413191,0.06578677202410248,-0.019909712981123213,9,6,1.0,19.0,0.41793434747798236,0.0,0.2252,579,2604,0.1,0.25,45
30,15,false,,0.12877438404137004,0.08365764893537711,-0.05632199870874324,9,2,1.0,28.0,0.3465587044534413,0.0,0.2718,579,2604,0.1,0.25,45
40,20,false,,0.12424336377662205,0.10737954034571094,-0.017373760520476525,15,3,1.0,39.0,0.45821443130860173,0.0,0.2386,579,2604,0.1,0.25,45
50,25,false,,0.14994330917099952,0.09357743278929756,-0.05978467494727438,7,3,1.0,34.0,0.3534686172722983,0.0,0.1986,579,2604,0.1,0.25,45
60,30,false,,0.1118601668798124,0.10225085230890794,-0.01433185867074735,38,44,2.0,56.0,0.4336917562724014,0.2594086021505376,0.1662,579,2604,0.1,0.25,45
20,10,false,,0.11084242334524685,0.14261907794571438,0.05028633885336016,11,17,1.0,19.0,0.6047523427041499,0.0,0.3148,580,2605,0.1,0.25,45
30,15,true,,0.11897748522291748,0.2093712510837632,0.1119534420922145,19,23,2.0,28.0,0.7134868421052631,0.0,0.3028,580,2605,0.1,0.25,45
20,10,false,,0.13931703602765544,0.21419338517254177,0.09086056730535608,14,16,3.0,19.0,0.5729813664596274,0.0,0.299,581,2606,0.1,0.25,45
30,15,false,,0.23645150634018336,0.0673889291941285,-0.17727428344366808,6,4,1.0,27.0,0.17270194986072424,0.0,0.2308,581,2606,0.1,0.25,45
40,20,true,,0.0976945397090335,0.3980627631161217,0.29585480293796906,33,35,4.0,39.0,0.7288990825688073,0.0,0.1644,581,2606,0.1,0.25,45
20,10,false,,0.10998489250588173,0.11308537351167643,0.00446697672831383,9,2,1.0,19.0,0.5099964924587864,0.0,0.2878,582,2607,0.1,0.25,45
30,15,false,,0.13105077058192857,0.13751581116451322,0.024151694853829175,16,1,1.0,29.0,0.540492329646807,0.0,0.2624,582,2607,0.1,0.25,45
40,20,false,,0.13016293662465275,0.13426264825556053,0.008937378355354311,12,3,1.0,39.0,0.5356273896419882,0.0,0.2606,582,2607,0.1,0.25,45
50,25,false,,0.13207124297060935,0.1486678544164465,0.040754977148156235,22,45,1.0,48.0,0.6045016077170418,0.27759914255091106,0.2448,582,2607,0.1,0.25,45
60,30,true,,0.12586022677069258,0.22765113385385513,0.1124761582763591,33,31,9.0,52.0,0.8906379453189727,0.15658657829328915,0.0794,582,2607,0.1,0.25,45
20,10,false,,0.13493497261720397,0.17059881463604995,0.0549971623583836,10,16,1.0,19.0,0.6199444272923742,0.0,0.3152,583,2608,0.1,0.25,45
30,15,false,,0.186817355594251,0.09783668570827603,-0.10996186198718884,8,2,1.0,28.0,0.2638058389025677,0.0,0.2392,583,2608,0.1,0.25,45
40,20,false,,0.1187546547174267,0.12449646999245735,0.022210074126671683,26,37,5.0,39.0,0.541235136171845,0.0,0.2532,583,2608,0.1,0.25,45
50,25,false,,0.322761355034268,0.0971560351435295,-0.22157615376455642,5,1,1.0,27.0,0.10781122864117168,0.0,0.2232,583,2608,0.1,0.25,45
60,30,false,,0.1301102116320961,0.14762091295877522,0.03671702146837321,40,2,1.0,58.0,0.6049573973663827,0.10844306738962045,0.207,583,2608,0.1,0.25,45
20,10,false,,0.07854215219615286,0.14383853732729393,0.07170025518083958,14,15,1.0,19.0,0.6546352583586627,0.0,0.2418,584,2609,0.1,0.25,45
30,15,true,,0.10232098100559922,0.21838008239295603,0.13014117614204151,20,26,2.0,29.0,0.7289899768696994,0.0,0.2862,584,2609,0.1,0.25,45
20,10,false,,0.11757638702267105,0.09204836014865925,-0.02231219219353745,6,1,1.0,18.0,0.42879256965944273,0.0,0.2478,585,2610,0.1,0.25,45
30,15,false,,0.10588064196311045,0.17182774078296398,0.08841195205368794,19,25,2.0,29.0,0.6869141357330334,0.0,0.308,585,2610,0.1,0.25,45
40,20,false,,0.11745221842205857,0.14070779309129,0.03610422117342427,23,29,1.0,39.0,0.5790291262135923,0.0,0.2898,585,2610,0.1,0.25,45
50,25,false,,0.1410521483025417,0.11597197583432203,-0.03135355025227318,16,2,1.0,46.0,0.40723083035359553,0.07985697258641239,0.259,585,2610,0.1,0.25,45
60,30,true,,0.1196927135233325,0.1861302637812967,0.07379496482655226,39,45,7.0,57.0,0.7520447696943607,0.1743435213086526,0.1974,585,2610,0.1,0.25,45
20,10,false,,0.10649227628900167,0.2721224699311413,0.17943696599258901,15,16,3.0,19.0,0.7682767624020888,0.0,0.2882,586,2611,0.1,0.25,45
30,15,true,,0.11475787529371703,0.2060970375968038,0.10875049401619898,21,26,2.0,29.0,0.737733851041299,0.0,0.271,586,2611,0.1,0.25,45
20,10,false,,0.09451904474316576,0.2874948476837926,0.2032134899183576,15,16,2.0,19.0,0.7986159169550173,0.0,0.2872,587,2612,0.1,0.25,45
30,15,false,,0.1523128805059628,0.08754480028543767,-0.07462385216510176,6,1,1.0,23.0,0.2760914760914761,0.0,0.23,587,2612,0.1,0.25,45
40,20,true,,0.10361355590493308,0.377936610662151,0.27634987458123794,32,35,8.0,39.0,0.8098062475286675,0.0,0.2778,587,2612,0.1,0.25,45
20,10,true,,0.10051660288333451,0.3188520807326032,0.2052873332075596,14,16,2.0,19.0,0.7416666666666667,0.0,0.3062,588,2613,0.1,0.25,45
20,10,false,,0.08632120506859571,0.5460611828596819,0.4694429234272921,16,16,3.0,19.0,0.8106617647058824,0.0,0.2806,589,2614,0.1,0.25,45
30,15,false,,0.11003723746377334,0.14370189479365114,0.04997901141976793,14,4,1.0,29.0,0.645320197044335,0.0,0.2934,589,2614,0.1,0.25,45
40,20,true,,0.12106396674547648,0.21712269141049217,0.10960434770939367,27,38,1.0,39.0,0.7058608058608059,0.0,0.2794,589,2614,0.1,0.25,45
20,10,true,,0.09070204323497583,0.2178110512083756,0.13465630753838934,12,15,2.0,19.0,0.7386851668318467,0.0,0.2954,590,2615,0.1,0.25,45
20,10,false,,0.12292016977778009,0.16174797968743473,0.05498258397067665,11,17,1.0,19.0,0.5751454981170832,0.0,0.2928,591,2616,0.1,0.25,45
30,15,false,,0.42147280271791976,0.08677605327422706,-0.35195533675456747,3,1,1.0,26.0,0.16903765690376568,0.0,0.2386,591,2616,0.1,0.25,45
40,20,false,,0.1147650553767118,0.1207514967546559,0.01439630907635514,18,36,2.0,39.0,0.5324675324675324,0.0,0.2282,591,2616,0.1,0.25,45
50,25,false,,0.11134730137127453,0.13104086281283803,0.023402950924133442,40,46,15.0,49.0,0.5663469224620303,0.3840927258193445,0.2516,591,2616,0.1,0.25,45
60,30,false,,0.22633201449895937,0.0998589820769387,-0.1374300105021058,6,6,1.0,26.0,0.17643142476697737,0.0,0.1042,591,2616,0.1,0.25,45
20,10,false,,0.12230050114976307,0.16963872255448598,0.0625788372662097,11,16,1.0,19.0,0.6182219419924337,0.0,0.3086,592,2617,0.1,0.25,45
30,15,false,,0.12066531192822916,0.11512039529992152,-0.002916196608806876,11,8,1.0,28.0,0.48929219600725954,0.0,0.2814,592,2617,0.1,0.25,45
40,20,false,,0.11325501261540354,0.254795400139058,0.1471835054507975,33,36,2.0,39.0,0.6967370441458733,0.0,0.274,592,2617,0.1,0.25,45
50,25,true,,0.11846962768516893,0.2684776233201473,0.1667908107558651,39,47,2.0,49.0,0.7234539089848308,0.36600544535200313,0.2622,592,2617,0.1,0.25,45
20,10,true,,0.0904566198542881,0.2155099071724209,0.13764709994904195,13,15,1.0,19.0,0.714896650035638,0.0,0.2612,593,2618,0.1,0.25,45
20,10,false,,0.1358883446114455,0.1831965607037763,0.060495712768262246,14,16,1.0,19.0,0.5907816879476798,0.0,0.2896,594,2619,0.1,0.25,45
30,15,false,,0.10328606004893585,0.13118805191921087,0.03133981278301454,22,27,4.0,29.0,0.5863702623906706,0.0,0.2536,594,2619,0.1,0.25,45
40,20,false,,0.20453733372990326,0.09878239175985022,-0.10588987470326613,6,2,1.0,37.57499999999982,0.3118279569892473,0.0,0.2382,594,2619,0.1,0.25,45
50,25,false,,0.15252090805601404,0.0916562660988143,-0.06719553807443172,13,15,2.0,42.0,0.25612745098039214,0.027777777777777776,0.2406,594,2619,0.1,0.25,45
60,30,false,,0.13178414247544784,0.12983155493289833,0.0018687096023699834,39,53,1.0,59.0,0.5040322580645161,0.08185483870967741,0.2496,594,2619,0.1,0.25,45
20,10,false,,0.10620484542484433,0.23517213507405185,0.14256359162866267,13,15,1.0,19.0,0.681956155143339,0.0,0.264,595,2620,0.1,0.25,45
30,15,true,,0.10830675354163494,0.2421742396023727,0.14540922668098666,23,26,3.0,29.0,0.799646017699115,0.0,0.2942,595,2620,0.1,0.25,45
20,10,true,,0.1097821722369657,0.3048127406316087,0.20479644177925946,14,16,2.0,19.0,0.7163120567375887,0.0,0.2876,596,2621,0.1,0.25,45
20,10,false,,0.1779606419321177,0.13271241472897916,-0.055527601341372024,9,2,1.0,19.0,0.3836035484857755,0.0,0.31,597,2622,0.1,0.25,45
30,15,false,,0.1382463632174583,0.13149867371343882,-0.007269641210369909,16,25,2.0,29.0,0.4790362953692115,0.0,0.2856,597,2622,0.1,0.25,45
40,20,true,,0.12507703133768505,0.3248247637321257,0.2010597511047418,34,36,4.0,39.0,0.7338230150402238,0.0,0.247,597,2622,0.1,0.25,45
20,10,false,,0.11563736534010939,0.3434651725742507,0.22543920231276468,15,16,2.0,19.0,0.7929069031032299,0.0,0.2924,598,2623,0.1,0.25,45
30,15,false,,0.26945848896886176,0.10205247280280555,-0.16492678519687481,5,1,1.0,27.0,0.19588706866504008,0.0,0.2472,598,2623,0.1,0.25,45
40,20,true,,0.10881796433183345,0.4618483648030636,0.3485455345605808,34,36,13.0,39.0,0.7792511700468019,0.0,0.241,598,2623,0.1,0.25,45
20,10,true,,0.0999729360066906,0.2648527974710949,0.16750550799261527,14,16,1.0,19.0,0.7438682550805886,0.0,0.294,599,2624,0.1,0.25,45
20,10,true,,0.09022479974778565,0.2506400465047785,0.1722072275917687,14,17,1.0,19.0,0.7213911742707554,0.0,0.2992,600,2625,0.1,0.25,45
20,10,true,,0.06988908321491832,0.20583911464444835,0.12487663828776085,14,15,2.0,19.0,0.7607461476074615,0.0,0.2304,601,2626,0.1,0.25,45
20,10,false,,0.1818315777034586,0.17658098478430453,-0.006310830536407512,11,17,1.0,19.0,0.48944281524926686,0.0,0.3236,602,2627,0.1,0.25,45
30,15,false,,0.15371160317899354,0.5229325574859016,0.4040360732319952,24,28,1.0,29.0,0.5825783972125436,0.0,0.2452,602,2627,0.1,0.25,45
40,20,false,,0.233226326198426,0.09774542125374859,-0.1478502976398119,7,4,1.0,34.0,0.1466204506065858,0.0,0.2434,602,2627,0.1,0.25,45
50,25,false,,0.18245818098624694,0.09978688983970342,-0.08879998176808403,11,5,2.0,27.0,0.16838995568685378,0.0,0.2384,602,2627,0.1,0.25,45
60,30,false,,0.13170479775901706,0.14992224196876003,0.02776925313973458,27,12,2.0,57.0,0.5946969696969697,0.10433884297520661,0.228,602,2627,0.1,0.25,45
20,10,false,,0.08536346337397817,0.5873129742417489,0.5036134874482088,15,16,1.0,19.0,0.8173410404624277,0.0,0.2652,603,2628,0.1,0.25,45
30,15,false,,0.13916592235229788,0.10752929787296038,-0.03183903340127786,7,1,1.0,29.0,0.45073209339137316,0.0,0.2556,603,2628,0.1,0.25,45
40,20,true,,0.10992548312315158,0.5551472032174135,0.4374062882604344,33,37,11.0,39.0,0.916759568933482,0.0,0.2736,603,2628,0.1,0.25,45
20,10,false,,0.11502340485891514,0.3564269762845477,0.24785608823497723,16,16,3.0,19.0,0.7905228758169934,0.0,0.299,604,2629,0.1,0.25,45
30,15,true,,0.11316737883692249,0.17298819608123767,0.07076533282214618,19,25,2.0,29.0,0.7203331020124913,0.0,0.2878,604,2629,0.1,0.25,45
20,10,false,,0.10449254323185227,0.19527562018014885,0.112982320329874,13,16,1.0,19.0,0.6850340136054421,0.0,0.2982,605,2630,0.1,0.25,45
30,15,false,,0.11419781626693669,0.21418425046826287,0.11256052093012012,18,1,1.0,29.0,0.6547664261298899,0.0,0.267,605,2630,0.1,0.25,45
40,20,true,,0.11649924753786997,0.23445283619753754,0.1257613895623796,32,35,2.0,39.0,0.7167523879500367,0.0,0.2652,605,2630,0.1,0.25,45
20,10,true,,0.11370051957662902,0.27079011217741883,0.17448813633707072,13,15,3.0,19.0,0.7563905143209116,0.0,0.3296,606,2631,0.1,0.25,45
20,10,false,,0.14944149487080807,0.2071581900477686,0.09110068510369873,11,1,1.0,19.0,0.6144190537495977,0.0,0.2872,607,2632,0.1,0.25,45
30,15,false,,0.13236813849140047,0.14944174509848646,0.021009996675068685,20,27,1.0,29.0,0.5339273474982865,0.0,0.261,607,2632,0.1,0.25,45
40,20,false,,0.13727541079147018,0.12062094040660655,-0.021962590090137984,16,2,1.0,38.0,0.4243048403707518,0.0,0.2526,607,2632,0.1,0.25,45
50,25,true,,0.12232953368326434,0.28453098055012344,0.1746166457420602,44,45,17.0,49.0,0.7348571428571429,0.5428571428571428,0.2178,607,2632,0.1,0.25,45
20,10,false,,0.07771330168785397,0.4532810288217307,0.3756770487917762,15,16,5.0,19.0,0.9042593290614399,0.0,0.2968,608,2633,0.1,0.25,45
30,15,false,,0.10471697200705468,0.10936602992711662,0.0048281128351190805,14,1,1.0,29.0,0.5144757433489828,0.0,0.2722,608,2633,0.1,0.25,45
40,20,true,,0.10034145323301949,0.22611500036140703,0.13338458163685474,29,36,1.0,39.0,0.7084078711985689,0.0,0.2232,608,2633,0.1,0.25,45
20,10,false,,0.09539058176712745,0.16539076187678234,0.07388012881853741,14,16,1.0,19.0,0.6737588652482269,0.0,0.2834,609,2634,0.1,0.25,45
30,15,false,,0.11975525566107252,0.1465304453618218,0.057847105761612144,14,1,1.0,29.0,0.6050450450450451,0.0,0.2602,609,2634,0.1,0.25,45
40,20,false,,0.1216528461167914,0.12147370019684221,0.010527525923607818,16,3,1.0,38.0,0.5277777777777778,0.0,0.2614,609,2634,0.1,0.25,45
50,25,true,,0.12095631210225669,0.5109160906286871,0.3869256720538519,44,46,14.0,49.0,0.9129129129129129,0.5446696696696697,0.2424,609,2634,0.1,0.25,45
20,10,true,,0.08512241852140172,0.33282655326602806,0.2552247485054156,14,16,1.0,19.0,0.7749733380732314,0.0,0.2874,610,2635,0.1,0.25,45
20,10,false,,0.13317862221044088,0.1340027559685574,0.020097912247694888,13,1,1.0,19.0,0.5284151076597247,0.0,0.2702,611,2636,0.1,0.25,45
30,15,true,,0.11344261167341577,0.30246426465995785,0.19227014134386577,24,27,1.0,29.0,0.7495429616087751,0.0,0.2754,611,2636,0.1,0.25,45
20,10,true,,0.07848445873617071,0.20480932038407065,0.1402781396562714,14,16,1.2999999999999972,19.0,0.721725612125923,0.0,0.2736,612,2637,0.1,0.25,45
20,10,false,,0.2070080302803875,0.09246400980906858,-0.13649181959941709,6,3,1.0,19.0,0.26519337016574585,0.0,0.279,613,2638,0.1,0.25,45
30,15,false,,0.11349868155436386,0.5356921243859303,0.4138350425094552,26,27,3.0,29.0,0.7851964898893552,0.0,0.2522,613,2638,0.1,0.25,45
40,20,false,,0.13745053780376412,0.09237238917442588,-0.061244661767211495,13,4,1.0,36.0,0.26915671929149015,0.0,0.2528,613,2638,0.1,0.25,45
50,25,false,,0.41517843429338375,0.09493109730704213,-0.3205141769169637,4,2,1.0,19.0,0.16,0.0,0.224,613,2638,0.1,0.25,45
60,30,true,,0.11700145098073925,0.2819490893956613,0.16158901683454252,52,53,20.0,59.0,0.7649640861931365,0.1288906624102155,0.224,613,2638,0.1,0.25,45
20,10,true,,0.10076459177323856,0.20370742739944517,0.11978111911156894,12,13,1.0,19.0,0.7259679572763685,0.0,0.3004,614,2639,0.1,0.25,45
20,10,false,,0.1018677939037038,0.18643943857891374,0.09689960993464049,14,16,2.0,19.0,0.5910543130990416,0.0,0.2706,615,2640,0.1,0.25,45
30,15,false,,0.09062291311976434,0.17373928092932628,0.10402373260161815,19,24,1.0,29.0,0.623249299719888,0.0,0.1716,615,2640,0.1,0.25,45
40,20,false,,0.09884296639128712,0.07715019962761002,-0.023608233922558692,13,30,1.0,33.0,0.3746113989637306,0.0,0.1136,615,2640,0.1,0.25,45
50,25,true,,0.07005576057305697,0.4683861652539462,0.3993382267246213,44,45,35.0,49.0,0.9157534246575343,0.5986301369863014,0.0532,615,2640,0.1,0.25,45
20,10,false,,0.11382195150615453,0.3825092690818788,0.27425249178663047,15,17,4.0,19.0,0.7982889108259296,0.0,0.298,616,2641,0.1,0.25,45
30,15,false,,0.33451660281498197,0.12046990261034873,-0.22394365938854427,4,1,1.0,28.0,0.32300224047796866,0.0,0.2224,616,2641,0.1,0.25,45
40,20,false,,0.15545777434590646,0.113637871074195,-0.0645014892537267,8,2,1.0,37.0,0.36863927629099136,0.0,0.2322,616,2641,0.1,0.25,45
50,25,false,,0.12840618432803033,0.11564654545452413,-0.013944701186228842,28,46,3.0,49.0,0.459070796460177,0.22787610619469026,0.245,616,2641,0.1,0.25,45
60,30,true,,0.1269069700031257,0.830641760012782,0.7016146152531659,54,54,41.0,59.0,0.9892596854622171,0.046413502109704644,0.1962,616,2641,0.1,0.25,45
20,10,false,,0.14994697737348292,0.12974986348388395,-0.03698967592024906,7,1,1.0,19.0,0.44989339019189767,0.0,0.2562,617,2642,0.1,0.25,45
30,15,false,,0.10628008374784546,0.1745777949916863,0.08466980482714166,22,26,3.0,29.0,0.6399706098457016,0.0,0.2768,617,2642,0.1,0.25,45
40,20,true,,0.10086456335024929,0.5656830798906645,0.4563294539945627,34,35,22.0,39.0,0.9403726708074535,0.0,0.2406,617,2642,0.1,0.25,45
20,10,false,,0.4500343572733229,0.07072000523000105,-0.3747827589291506,3,1,1.0,17.0,0.12134217713616856,0.0,0.2318,618,2643,0.1,0.25,45
30,15,false,,0.13286244412383164,0.10200757438022758,-0.03849454548512081,13,1,1.0,28.0,0.4111324376199616,0.0,0.2434,618,2643,0.1,0.25,45
40,20,true,,0.10264993459738683,0.3959519816482018,0.29660027448887966,33,35,4.0,39.0,0.8073736536868269,0.0,0.2524,618,2643,0.1,0.25,45
20,10,false,,0.17903173339277653,0.15151044119112111,-0.015445975167090634,7,2,1.0,19.0,0.46854521625163825,0.0,0.2898,619,2644,0.1,0.25,45
30,15,false,,0.6191936695223236,0.10695839999060028,-0.5087312612487277,2,1,1.0,28.0,0.3087192323738006,0.0,0.178,619,2644,0.1,0.25,45
40,20,false,,0.11956711075091825,0.12143357865338535,0.0018803611837879125,27,36,9.0,38.0,0.5073504273504273,0.0,0.2704,619,2644,0.1,0.25,45
50,25,false,,0.14768577313234493,0.11798083370162128,-0.03285795250929585,16,3,1.0,48.0,0.42549981139192755,0.25122595247076573,0.226,619,2644,0.1,0.25,45
60,30,false,,0.5131263032577889,0.11819974669092324,-0.4027612756661787,3,1,1.0,24.0,0.17796958487464037,0.0,0.1462,619,2644,0.1,0.25,45
20,10,false,,0.12450685815733219,0.16012356655868265,0.06308712626063853,12,17,1.0,19.0,0.5779264214046823,0.0,0.2814,620,2645,0.1,0.25,45
30,15,false,,0.3108293998672633,0.097980073863924,-0.22470961902860756,5,1,1.0,27.0,0.22898230088495575,0.0,0.2232,620,2645,0.1,0.25,45
40,20,false,,0.11491047155819084,0.7200768760577201,0.6075044876279337,36,36,26.0,39.0,0.8786195953986513,0.0,0.2396,620,2645,0.1,0.25,45
50,25,false,,0.15669286243605682,0.0955039143053071,-0.07550045935173601,9,2,1.0,47.0,0.23386765310316482,0.08508014796547472,0.2106,620,2645,0.1,0.25,45
60,30,false,,0.12305097070588812,0.20919443179575825,0.07935177888634665,39,55,14.0,59.0,0.6106995884773663,0.02345679012345679,0.2486,620,2645,0.1,0.25,45
20,10,false,,0.12976032784828684,0.14909981182404908,0.016761652971279642,13,16,1.0,19.0,0.5410852713178295,0.0,0.3102,621,2646,0.1,0.25,45
30,15,false,,0.12449729181523468,0.14356164190067436,0.03589405988686434,16,25,2.0,29.0,0.5673566338649474,0.0,0.2844,621,2646,0.1,0.25,45
40,20,false,,0.4487918931292978,0.09927823775383203,-0.3404166780538256,3,1,1.0,38.0,0.22409326424870465,0.0,0.1966,621,2646,0.1,0.25,45
50,25,true,,0.1187671233772287,0.27217427717383097,0.15980605141132148,41,46,4.0,49.0,0.7500918779860345,0.44652701212789414,0.2672,621,2646,0.1,0.25,45
20,10,false,,0.08961364472448888,0.2903096564980979,0.20529767417361253,15,16,2.0,19.0,0.8016924208977189,0.0,0.2776,622,2647,0.1,0.25,45
30,15,true,,0.10436614722712366,0.22934033092586012,0.13080886350530146,24,27,1.0,29.0,0.7400999615532488,0.0,0.2816,622,2647,0.1,0.25,45
20,10,false,,0.13653411285425046,0.40893861810123816,0.2805409495364296,15,17,2.0,19.0,0.7759792813208158,0.0,0.295,623,2648,0.1,0.25,45
30,15,false,,0.12500952415106634,0.15595018238615296,0.041231846826816146,23,26,1.0,29.0,0.5699819168173599,0.0,0.2618,623,2648,0.1,0.25,45
40,20,false,,0.13866506102309983,0.11021933778860474,-0.04340137404217717,21,2,1.0,39.0,0.4395647104547221,0.0,0.238,623,2648,0.1,0.25,45
50,25,false,,0.19189147463888773,0.10775487352528194,-0.09618882026898341,8,4,1.0,46.0,0.3372365339578454,0.09289617486338798,0.2586,623,2648,0.1,0.25,45
60,30,true,,0.12102100097573973,0.24258813919802907,0.13525694698762702,47,53,2.0,59.0,0.7264761904761905,0.1401904761904762,0.2052,623,2648,0.1,0.25,45
20,10,false,,0.13070459830263534,0.17225229106062356,0.05296425259988018,13,17,1.0,19.0,0.5898004434589801,0.0,0.2886,624,2649,0.1,0.25,45
30,15,false,,0.1517970784295526,0.10910232625454482,-0.045634143099187174,9,2,1.0,28.0,0.38615274803711636,0.0,0.274,624,2649,0.1,0.25,45
40,20,false,,0.10795311532794963,0.14935251240644892,0.05194562948475173,29,35,4.0,39.0,0.5908372827804107,0.0,0.2344,624,2649,0.1,0.25,45
50,25,false,,0.1234866123623908,0.11217295558929218,-0.011067792130925874,32,46,7.0,48.0,0.46460843373493976,0.25978915662650603,0.278,624,2649,0.1,0.25,45
60,30,false,,0.1286995072139224,0.11753775359926176,-0.0037482616788105244,23,3,3.0,54.0,0.4839718530101642,0.12157935887412041,0.2306,624,2649,0.1,0.25,45
20,10,false,,0.12113796813848218,0.18702416306367087,0.08649013158515483,13,16,1.0,19.0,0.6449685534591195,0.0,0.308,625,2650,0.1,0.25,45
30,15,false,,0.12742015198467396,0.17565876137208744,0.06158039066269502,23,26,3.0,29.0,0.6222148320585301,0.0,0.2766,625,2650,0.1,0.25,45
40,20,false,,0.7171258364896799,0.08922377460209314,-0.6237222527996789,2,1,1.0,6.0,0.0,0.0,0.1478,625,2650,0.1,0.25,45
50,25,false,,0.15186769607051082,0.11041112246111953,-0.04808862755622846,16,4,1.0,48.0,0.38733488733488736,0.18803418803418803,0.2524,625,2650,0.1,0.25,45
60,30,false,,0.12600858996550668,0.13065965229586893,0.019161367371327606,18,5,2.0,55.0,0.581010101010101,0.03393939393939394,0.1828,625,2650,0.1,0.25,45
20,10,false,,0.10076334743009654,0.12080105103418745,0.02509800421320603,11,16,1.0,19.0,0.5632667367683141,0.0,0.2924,626,2651,0.1,0.25,45
30,15,false,,0.08386438926503981,0.5687800535526278,0.4791841925647663,25,26,8.250000000000007,29.0,0.9107679107679107,0.0,0.2184,626,2651,0.1,0.25,45
40,20,true,,0.1087722015620361,0.40504219072677883,0.29130145450896244,34,37,9.0,39.0,0.7961538461538461,0.0,0.2714,626,2651,0.1,0.25,45
20,10,false,,0.1102959944452954,0.45545966146732775,0.3466638519818548,15,17,2.0,19.0,0.7659016393442623,0.0,0.3088,627,2652,0.1,0.25,45
30,15,false,,0.1508304310015615,0.11138156371746741,-0.05399294561720786,8,1,1.0,28.0,0.33117767188563646,0.0,0.285,627,2652,0.1,0.25,45
40,20,false,,0.1204666902080839,0.13037666046324436,0.018941830029803916,13,5,1.0,39.0,0.5644104803493449,0.0,0.2588,627,2652,0.1,0.25,45
50,25,false,,0.1504345466467841,0.12532305065308852,-0.03034445884113575,9,4,1.0,49.0,0.4418426103646833,0.21381957773512475,0.2282,627,2652,0.1,0.25,45
60,30,false,,0.24097845185353264,0.13378095971904824,-0.1054110935101561,4,1,1.0,18.0,0.3094477407576449,0.0,0.1266,627,2652,0.1,0.25,45
20,10,false,,0.13774528561367763,0.16084443274740742,0.049888910975956935,12,17,1.0,19.0,0.5560330578512397,0.0,0.285,628,2653,0.1,0.25,45
30,15,false,,0.1193565352821003,0.11073285559375147,-0.009892608575219966,16,26,1.0,29.0,0.4912905779889153,0.0,0.2348,628,2653,0.1,0.25,45
40,20,false,,0.1180180526541158,0.08918787773517045,-0.03313242207331283,19,34,2.0,38.0,0.40885640584694755,0.0,0.1798,628,2653,0.1,0.25,45
50,25,true,,0.1125956111267801,0.5641470154064493,0.4343156074497397,44,47,35.0,49.0,0.929322675641565,0.6748001682793437,0.2782,628,2653,0.1,0.25,45
20,10,false,,0.15275215165821207,0.08423351781404206,-0.07923269721171582,8,2,1.0,18.0,0.221767851525637,0.0,0.2862,629,2654,0.1,0.25,45
30,15,false,,0.10046542343225812,0.39478340853713373,0.33331749878125627,25,26,3.0,29.0,0.7682386134623136,0.0,0.2348,629,2654,0.1,0.25,45
40,20,true,,0.10880421715423566,0.2543695594037541,0.14864142526984114,30,35,6.0,38.0,0.762570888468809,0.0,0.2892,629,2654,0.1,0.25,45
20,10,false,,0.07697252860472752,0.7071197921093507,0.6311181651182903,16,17,2.0,19.0,0.8760878574388727,0.0,0.2648,630,2655,0.1,0.25,45
30,15,false,,0.09542064941722964,0.13793002104751467,0.05044902969061346,17,23,2.0,29.0,0.6771929824561403,0.0,0.2928,630,2655,0.1,0.25,45
40,20,false,,0.11240381601526986,0.14802350872678766,0.05359001949652818,21,34,3.0,38.0,0.6301960784313726,0.0,0.2978,630,2655,0.1,0.25,45
50,25,false,,0.11648390001916718,0.23573591160689383,0.13345094927653647,41,44,2.0,49.0,0.6625,0.4066666666666667,0.238,630,2655,0.1,0.25,45
60,30,false,,0.13967768747202863,0.0931971503612882,-0.0579855351400515,29,2,1.0,57.0,0.3237378210806023,0.15677590788308238,0.1534,630,2655,0.1,0.25,45
20,10,false,,0.1993627239078411,0.17637385602946487,-0.014223531543186396,12,16,2.0,19.0,0.48179749715585896,0.0,0.3238,631,2656,0.1,0.25,45
30,15,false,,0.21163581002597143,0.11412378264911098,-0.1266448477567641,13,2,1.0,28.0,0.17383177570093458,0.0,0.24,631,2656,0.1,0.25,45
40,20,false,,0.21786869153168967,0.09504703771314975,-0.1345856820125956,10,4,2.0,30.0,0.0823006037496028,0.0,0.2298,631,2656,0.1,0.25,45
50,25,false,,0.13001855130930942,0.16332141059984973,0.04629171845990923,43,46,5.0,49.0,0.6036818339701285,0.5356026398054881,0.223,631,2656,0.1,0.25,45
60,30,false,,0.34002685232939395,0.12169037656605541,-0.22753469341770227,5,4,1.0,21.0,0.055809698078682524,0.0,0.0982,631,2656,0.1,0.25,45
20,10,false,,0.15469013360212913,0.1670783811775264,0.02786848137416592,11,16,1.0,19.0,0.550755939524838,0.0,0.3064,632,2657,0.1,0.25,45
30,15,false,,0.14601763350462993,0.10476672583250272,-0.05112544164298152,12,12,2.0,27.0,0.33204881181759793,0.0,0.2918,632,2657,0.1,0.25,45
40,20,false,,0.13716186583275655,0.08663333137983367,-0.07379606975085325,20,3,1.0,38.0,0.23488640739314592,0.0,0.2182,632,2657,0.1,0.25,45
50,25,false,,0.13710372733258733,0.4222290153934444,0.3242101407229448,40,47,1.0,49.0,0.6150895140664961,0.4134697357203751,0.2594,632,2657,0.1,0.25,45
60,30,false,,0.11835341686231701,0.18336555302323818,0.08054450462284637,48,56,2.0,58.0,0.6866585067319462,0.14320685434516525,0.237,632,2657,0.1,0.25,45
20,10,false,,0.10634086172044462,0.140156275259638,0.045752986159514286,12,16,1.0,19.0,0.6126495726495726,0.0,0.2994,633,2658,0.1,0.25,45
30,15,false,,0.10569132394565639,0.5580318136396305,0.45091467853646783,25,26,3.0,29.0,0.8317177200465297,0.0,0.2636,633,2658,0.1,0.25,45
40,20,false,,0.11395704957200767,0.18107458196987322,0.07557341252299635,29,36,1.8499999999999943,39.0,0.6773480662983425,0.0,0.2768,633,2658,0.1,0.25,45
50,25,false,,0.1578098515410283,0.11795339801868551,-0.041146564673409866,9,3,1.0,48.0,0.41726332537788385,0.10540970564836913,0.2652,633,2658,0.1,0.25,45
60,30,false,,0.2651619164699709,0.11462087719696923,-0.15484536264438514,5,2,1.0,49.0,0.2563075690828995,0.03884661593912695,0.2204,633,2658,0.1,0.25,45
20,10,false,,0.13126602206512641,0.17047732931798512,0.05236787070938273,12,17,1.0,19.0,0.6087511977004152,0.0,0.3096,634,2659,0.1,0.25,45
30,15,false,,0.11213939524392036,0.16866862697617918,0.07209009523592919,21,27,2.0,29.0,0.6375186846038864,0.0,0.273,634,2659,0.1,0.25,45
40,20,false,,0.11705611311315003,0.11075688715206444,0.0086127512094831,27,37,3.0,39.0,0.5175233644859814,0.0,0.257,634,2659,0.1,0.25,45
50,25,true,,0.11316923691589477,0.28206477873659136,0.16814841495895302,42,47,11.0,49.0,0.7825910931174089,0.4902834008097166,0.272,634,2659,0.1,0.25,45
20,10,false,,0.10027482643705893,0.11088679331924053,0.010013627767256839,11,14,1.0,19.0,0.5305975521958244,0.0,0.273,635,2660,0.1,0.25,45
30,15,false,,0.08228072376114505,0.3849399272109582,0.3113016057092996,25,26,4.0,29.0,0.849244060475162,0.0,0.223,635,2660,0.1,0.25,45
40,20,false,,0.5537511643887751,0.0702180864332685,-0.5078393244476336,2,1,1.0,38.0,0.29858982219497243,0.0,0.07,635,2660,0.1,0.25,45
50,25,false,,0.0840448049185394,0.1244266420611239,0.035195226840497223,40,40,24.0,46.0,0.6363143631436314,0.28888888888888886,0.0936,635,2660,0.1,0.25,45
60,30,false,,0.09038728689303156,0.7503261165343151,0.6413996491528589,55,57,33.0,59.0,1.0,0.03468586387434555,0.0594,635,2660,0.1,0.25,45
20,10,false,,0.11782796801065498,0.1133636025781808,-0.001625529861914922,8,1,1.0,18.0,0.4951388888888889,0.0,0.2966,636,2661,0.1,0.25,45
30,15,false,,0.09604982898931964,0.10335630231252299,0.012652762330591927,19,20,1.0,28.0,0.5333333333333333,0.0,0.2266,636,2661,0.1,0.25,45
40,20,false,,0.11245634983306464,0.16053661334388017,0.05542895854568773,29,34,3.0,38.0,0.6387934326078656,0.0,0.2952,636,2661,0.1,0.25,45
50,25,false,,0.13266393141407168,0.10414374597396675,-0.032721383701432225,15,9,2.0,41.0,0.3858420847919098,0.023726176584986387,0.2806,636,2661,0.1,0.25,45
60,30,false,,0.16328052461805864,0.10890791105550993,-0.06428070733920896,18,3,1.0,56.0,0.31683991683991686,0.04698544698544699,0.2402,636,2661,0.1,0.25,45
20,10,false,,0.14672949853326545,0.30876391248262497,0.16552200529562427,15,16,3.0,19.0,0.7057204037932089,0.0,0.317,637,2662,0.1,0.25,45
30,15,false,,0.14194357726707799,0.10403794142790782,-0.05061010784513842,14,4,2.0,28.0,0.3325581395348837,0.0,0.2824,637,2662,0.1,0.25,45
40,20,false,,0.1334297353723263,0.16295985188064535,0.052569258866972335,28,2,1.0,39.0,0.5393449595916632,0.0,0.2212,637,2662,0.1,0.25,45
50,25,false,,0.12272166624418238,0.12755004350799548,0.008204613775385658,35,43,1.0,49.0,0.5254752851711026,0.2505703422053232,0.2556,637,2662,0.1,0.25,45
60,30,true,,0.12232030227335937,0.22267923447071525,0.1059726565449707,46,53,20.0,57.52500000000009,0.7829787234042553,0.26595744680851063,0.2284,637,2662,0.1,0.25,45
20,10,false,,0.08128195314475208,0.40913905992372,0.3404934265984939,16,16,2.0,19.0,0.8273524720893142,0.0,0.2428,638,2663,0.1,0.25,45
30,15,false,,0.7956851655638013,0.053962795510788183,-0.7483277114484428,1,1,1.0,4.0,0.0,0.0,0.0606,638,2663,0.1,0.25,45
40,20,true,,0.07015034063347089,0.21678740323267712,0.14235455443669925,34,37,22.0,39.0,0.8319088319088319,0.0,0.0756,638,2663,0.1,0.25,45
20,10,false,,0.13310805801242193,0.1878407422870121,0.07686691710106344,15,17,2.0,19.0,0.5952689565780946,0.0,0.2932,639,2664,0.1,0.25,45
30,15,false,,0.1069963717054061,0.22011045989765732,0.12035702970232698,24,26,1.0,29.0,0.5932203389830508,0.0,0.2144,639,2664,0.1,0.25,45
40,20,false,,0.10952894040559578,0.08555901576042606,-0.028948901158241683,19,14,2.0,37.0,0.4134307903152124,0.0,0.1554,639,2664,0.1,0.25,45
50,25,false,,0.09636200662313513,0.08504941272095567,-0.0133480184862554,28,8,2.0,45.65000000000009,0.43218997361477574,0.08390501319261214,0.1152,639,2664,0.1,0.25,45
60,30,false,,0.10029086001021553,0.07780333589395579,-0.02787437495933611,26,37,2.0,43.0,0.3286219081272085,0.03297997644287397,0.0658,639,2664,0.1,0.25,45
20,10,true,,0.12911039924928944,0.21460570226268927,0.11525835498453274,14,16,2.0,19.0,0.7114093959731543,0.0,0.3106,640,2665,0.1,0.25,45
20,10,true,,0.04354141750766365,0.15685481841332582,0.12093355168618956,14,16,1.0,19.0,0.7256763170384433,0.0,0.1354,641,2666,0.1,0.25,45
20,10,false,,0.11655948119986606,0.391173278701237,0.2762871584962959,15,16,2.0,19.0,0.8870021611608521,0.0,0.3252,642,2667,0.1,0.25,45
30,15,false,,0.11766325647094746,0.1303760408051729,0.02877725212706919,21,27,2.0,29.0,0.5508720930232558,0.0,0.2668,642,2667,0.1,0.25,45
40,20,false,,0.11276963312122883,0.11844054952699593,0.007748889808378026,27,36,4.0,39.0,0.5181422351233672,0.0,0.257,642,2667,0.1,0.25,45
50,25,false,,0.12067912096917531,0.1262261852185279,0.007569426788833003,30,42,2.0,46.0,0.5300849021779255,0.1613141380583241,0.2648,642,2667,0.1,0.25,45
60,30,true,,0.12991827992523788,0.22673640533374578,0.09946362255426885,50,55,21.0,59.0,0.7459649122807017,0.1968421052631579,0.239,642,2667,0.1,0.25,45
20,10,false,,0.07770958255767772,0.4754781839546585,0.39857815002493446,16,16,2.0,19.0,0.8633293603496226,0.0,0.2432,643,2668,0.1,0.25,45
30,15,false,,0.1273920421615471,0.12647854015647217,0.014553951563251483,10,3,1.0,28.0,0.5255948089401586,0.0,0.292,643,2668,0.1,0.25,45
40,20,false,,0.12617222274997283,0.10309252682635826,-0.031195982183165133,14,3,1.0,37.0,0.4017483846446218,0.0,0.2492,643,2668,0.1,0.25,45
50,25,true,,0.11043027823660678,0.5126762776408338,0.40346886628331136,43,43,25.0,49.0,0.8972267536704731,0.5803425774877651,0.239,643,2668,0.1,0.25,45
20,10,false,,0.10683103741665194,0.3637988786864771,0.27047515366025415,15,16,2.0,19.0,0.7383937648254829,0.0,0.2916,644,2669,0.1,0.25,45
30,15,true,,0.08986391401240748,0.2617174741790642,0.16889081303061332,24,26,1.0,29.0,0.7430644472897994,0.0,0.2148,644,2669,0.1,0.25,45
20,10,false,,0.34569725213161184,0.11473724219927246,-0.2508690349010346,4,1,1.0,19.0,0.4376518218623482,0.0,0.2268,645,2670,0.1,0.25,45
30,15,false,,0.11322721322278846,0.12996765141447272,0.02755530946398048,15,3,1.0,28.0,0.5684438040345822,0.0,0.279,645,2670,0.1,0.25,45
40,20,false,,0.12049880094441691,0.11319649772658488,-0.008647435344431992,14,9,1.0,37.0,0.46707270650932625,0.0,0.264,645,2670,0.1,0.25,45
50,25,false,,0.12640916624443865,0.11043525269586713,-0.02085797699953356,22,2,1.0,48.0,0.4382767191383596,0.0940347970173985,0.2484,645,2670,0.1,0.25,45
60,30,false,,0.127070408365317,0.15566298323137662,0.061836568763834754,17,5,1.0,59.0,0.6276549631556133,0.0741222366710013,0.169,645,2670,0.1,0.25,45
20,10,false,,0.12271509537450562,0.15613749003693397,0.049716946001874984,11,17,1.0,19.0,0.6338254172015404,0.0,0.3206,646,2671,0.1,0.25,45
30,15,false,,0.11524816720782385,0.16534754840646038,0.07398061748948626,22,26,1.0,29.0,0.6005331302361006,0.0,0.2724,646,2671,0.1,0.25,45
40,20,true,,0.11517342528032909,0.27374844924558367,0.1611816444538986,30,36,2.0,39.0,0.7236646884272997,0.0,0.2658,646,2671,0.1,0.25,45
20,10,false,,0.12698740538583683,0.1221083539590807,-0.012891241961219067,11,18,1.0,19.0,0.46363040629095675,0.0,0.307,647,2672,0.1,0.25,45
30,15,false,,0.11656415867938481,0.1210283632422664,0.001008269296165265,15,3,1.0,29.0,0.5060417429512999,0.0,0.286,647,2672,0.1,0.25,45
40,20,false,,0.16123854566473672,0.10083364773378908,-0.0763860613889886,10,1,1.0,37.0,0.337087691069992,0.0,0.2398,647,2672,0.1,0.25,45
50,25,false,,0.14988521562286342,0.10663709415050443,-0.0459153822182891,8,2,1.0,31.0,0.33934294871794873,0.0,0.247,647,2672,0.1,0.25,45
60,30,true,,0.12332635305570185,0.2941147771920616,0.17507404375126523,50,54,28.0,59.0,0.8766879886282871,0.2839374555792466,0.1948,647,2672,0.1,0.25,45
20,10,false,,0.11272130928521326,0.17909311866260746,0.09126812424153732,12,17,1.0,19.0,0.6563693162096494,0.0,0.295,648,2673,0.1,0.25,45
30,15,false,,0.11466605702152534,0.09907905487491182,-0.019392539898911917,12,4,1.0,28.0,0.43169196593854126,0.0,0.2834,648,2673,0.1,0.25,45
40,20,false,,0.14101577126406017,0.08143628654635086,-0.07634220200695561,12,3,1.0,37.0,0.26396588486140726,0.0,0.1906,648,2673,0.1,0.25,45
50,25,false,,0.10464311744909173,0.3200044740655432,0.22930565352196047,39,47,2.0,49.0,0.6447236180904523,0.40904522613065325,0.1578,648,2673,0.1,0.25,45
60,30,false,,0.16309839447767047,0.08379163249812492,-0.09810471275166138,7,2,1.0,44.0,0.23471074380165288,0.04242424242424243,0.1104,648,2673,0.1,0.25,45
20,10,false,,0.08701324758576146,0.13516147039559498,0.06098764725046087,11,17,1.0,19.0,0.6427007299270073,0.0,0.2608,649,2674,0.1,0.25,45
30,15,true,,0.081468801042561,0.3026758489969073,0.21379643397994158,23,26,2.0,29.0,0.7175090252707581,0.0,0.1646,649,2674,0.1,0.25,45
20,10,false,,0.25187939772544715,0.07706414362653821,-0.1857092595294216,4,2,1.0,17.0,0.15469996531390912,0.0,0.2586,650,2675,0.1,0.25,45
30,15,false,,0.13190538951245348,0.10072210990464633,-0.04470579519597055,16,26,1.0,29.0,0.36493374108053006,0.0,0.29,650,2675,0.1,0.25,45
40,20,true,,0.11105862330767706,0.30991236409000666,0.19996446202357548,33,36,5.0,39.0,0.7380303620085636,0.0,0.2512,650,2675,0.1,0.25,45
20,10,false,,0.2067012657697412,0.15255362855559712,-0.07305495452490975,8,1,1.0,18.0,0.38720642768850433,0.0,0.2994,651,2676,0.1,0.25,45
30,15,false,,0.14885764828247605,0.20218245925031283,0.07319183706511691,19,26,1.0,29.0,0.5906470211402947,0.0,0.249,651,2676,0.1,0.25,45
40,20,false,,0.14315928340108358,0.1363684241406078,-0.00833888031938837,25,36,3.0,39.0,0.4786269430051813,0.0,0.244,651,2676,0.1,0.25,45
50,25,false,,0.15411262675960966,0.12424856331742136,-0.03989726621352742,17,22,1.0,47.0,0.3432275673831457,0.10849539406345957,0.2034,651,2676,0.1,0.25,45
60,30,false,,0.17903979144963877,0.13503408024453342,-0.04622578586518902,9,4,1.0,29.0,0.304885993485342,0.0,0.1934,651,2676,0.1,0.25,45
20,10,true,,0.07754028352132541,0.18414639415148307,0.11407462900036697,13,17,2.0,19.0,0.7014020462296324,0.0,0.285,652,2677,0.1,0.25,45
20,10,false,,0.164917516015282,0.16520328530954806,-0.0025317121668500253,12,17,1.0,19.0,0.4960679458949355,0.0,0.3074,653,2678,0.1,0.25,45
30,15,false,,0.1824343153903458,0.11611212635875785,-0.09104937044364256,7,4,1.0,28.0,0.302485284499673,0.0,0.2658,653,2678,0.1,0.25,45
40,20,false,,0.13962670768491559,0.18731219079567452,0.07308051599939418,31,36,1.0,39.0,0.5520446096654275,0.0,0.2264,653,2678,0.1,0.25,45
50,25,false,,0.12218625653262312,0.1833406229487714,0.0632188316563911,43,45,27.0,49.0,0.6340317919075145,0.5559971098265896,0.2428,653,2678,0.1,0.25,45
60,30,true,,0.12925182652246772,0.2775818379508797,0.15172606132741734,48,54,2.0,58.0,0.7908653846153846,0.10302197802197802,0.2086,653,2678,0.1,0.25,45
20,10,false,,0.14281095347278067,0.14593217053305252,-0.0008311002548245516,9,5,1.0,19.0,0.4971238268240993,0.0,0.3254,654,2679,0.1,0.25,45
30,15,false,,0.11787639371068387,0.12414530467915179,0.01800896590828223,20,26,1.0,29.0,0.5411239300334946,0.0,0.2516,654,2679,0.1,0.25,45
40,20,false,,0.1270438854525777,0.12169338486924204,0.006354537018873882,24,36,1.0,39.0,0.5136436597110754,0.0,0.2498,654,2679,0.1,0.25,45
50,25,true,,0.12011665360563467,0.31551461528494473,0.2118416496664957,41,45,2.0,49.0,0.706495589414595,0.4234161988773055,0.2582,654,2679,0.1,0.25,45
20,10,false,,0.10281233339755612,0.1586247077029339,0.06697460737541427,12,15,1.0,19.0,0.6571613739468568,0.0,0.3138,655,2680,0.1,0.25,45
30,15,false,,0.11302373888833278,0.1033745824132759,-0.010224067718092977,13,2,1.0,29.0,0.4649283878075652,0.0,0.2742,655,2680,0.1,0.25,45
40,20,false,,0.10943281635304766,0.12124116557265563,0.01919963838440815,25,34,1.0,39.0,0.5503746877601998,0.0,0.223,655,2680,0.1,0.25,45
50,25,true,,0.1059123812127406,0.6012615534219606,0.5012826183773559,43,46,3.0,49.0,0.8522304832713755,0.5139405204460966,0.1816,655,2680,0.1,0.25,45
20,10,false,,0.0819819359253873,0.4205025728682104,0.3360593225199804,15,17,4.0,19.0,0.8124065769805681,0.0,0.2874,656,2681,0.1,0.25,45
30,15,true,,0.09558278687670439,0.206953980347303,0.12702984328009617,22,26,2.0,29.0,0.7210031347962382,0.0,0.2936,656,2681,0.1,0.25,45
20,10,false,,0.12188778127010283,0.16571556807297882,0.054626967836520046,14,17,1.0,19.0,0.6201626016260162,0.0,0.282,657,2682,0.1,0.25,45
30,15,false,,0.12439662013535598,0.47849681587340087,0.38383326260555045,22,27,1.0,29.0,0.6716856408373117,0.0,0.2428,657,2682,0.1,0.25,45
40,20,false,,0.1274629868501535,0.1348870762033457,0.03275660530072649,23,36,1.0,39.0,0.544543429844098,0.0,0.2484,657,2682,0.1,0.25,45
50,25,false,,0.13435672962514694,0.11433640760512806,-0.018143106153690497,19,2,1.0,48.0,0.4303453628249903,0.15832363213038417,0.2466,657,2682,0.1,0.25,45
60,30,true,,0.12112077867201189,0.21992952379287845,0.0956353739816977,50,53,34.0,58.0,0.7675518370316479,0.2648235722080757,0.2144,657,2682,0.1,0.25,45
20,10,false,,0.12043464865362244,0.33770149072207095,0.22586120954646158,15,17,2.0,19.0,0.7874116891457932,0.0,0.2856,658,2683,0.1,0.25,45
30,15,false,,0.12326988448158646,0.12471973200915323,0.006060722963967105,16,26,1.0,29.0,0.510536044362292,0.0,0.2476,658,2683,0.1,0.25,45
40,20,false,,0.14924897290897982,0.42969975033827434,0.3207213372433023,29,2,1.0,39.0,0.552096305520963,0.0,0.2132,658,2683,0.1,0.25,45
50,25,false,,0.14371625161220786,0.11055428259802202,-0.03310107697836202,10,2,1.0,47.0,0.40598463404771534,0.10068742418115649,0.2368,658,2683,0.1,0.25,45
60,30,true,,0.12436492466728871,0.23661016539291077,0.13169332942257442,42,53,5.0,57.0,0.8075993091537133,0.1319516407599309,0.223,658,2683,0.1,0.25,45
20,10,false,,0.11137231911269863,0.3495183004297134,0.2503564742378166,15,16,1.0,19.0,0.7307300509337861,0.0,0.2726,659,2684,0.1,0.25,45
30,15,false,,0.518447798409137,0.0752952844242168,-0.44963224924696266,3,1,1.0,16.0,0.10667271901951884,0.0,0.2004,659,2684,0.1,0.25,45
40,20,false,,0.10474286039928479,0.2608749677717074,0.15580338275878597,35,37,9.0,39.0,0.7845833333333333,0.0,0.2474,659,2684,0.1,0.25,45
50,25,false,,0.24952077169547085,0.09650748829204303,-0.15899473495720273,6,4,1.0,26.0,0.17583333333333334,0.0,0.228,659,2684,0.1,0.25,45
60,30,false,,0.14852336973996075,0.11774241201516673,-0.027674031334069926,14,2,1.0,58.0,0.4426014840680925,0.08206023570493234,0.2232,659,2684,0.1,0.25,45
20,10,false,,0.09415637693674965,0.1521270255496195,0.06738940731436002,10,16,1.0,19.0,0.6455826744585769,0.0,0.262,660,2685,0.1,0.25,45
30,15,false,,0.1340758834170031,0.11051688957314759,-0.017035761988674014,10,1,1.0,28.0,0.46658805031446543,0.0,0.2688,660,2685,0.1,0.25,45
40,20,true,,0.10766830135244324,0.20667736543184695,0.106246955287612,31,35,15.0,39.0,0.7018385291766587,0.0,0.2564,660,2685,0.1,0.25,45
20,10,false,,0.09104853599962158,0.14186719383003363,0.06427006870254975,12,16,1.0,19.0,0.668482207697894,0.0,0.3016,661,2686,0.1,0.25,45
30,15,false,,0.10022874005523603,0.14879445887444764,0.05724425088166304,21,26,3.0,29.0,0.6427503736920778,0.0,0.286,661,2686,0.1,0.25,45
40,20,false,,0.15647764227210614,0.10292531414723258,-0.06398981996544895,12,2,1.0,37.22499999999991,0.35802469135802467,0.0,0.276,661,2686,0.1,0.25,45
50,25,true,,0.11335463324686176,0.3477672459729174,0.23457999125577644,42,46,9.0,49.0,0.7996031746031746,0.47619047619047616,0.2758,661,2686,0.1,0.25,45
20,10,false,,0.13295356590121518,0.14984588451323455,0.021315723012809706,12,17,1.0,19.0,0.5447368421052632,0.0,0.2838,662,2687,0.1,0.25,45
30,15,true,,0.12041294597536252,0.3477267671469589,0.23457038988209578,24,25,2.0,29.0,0.7907381615598886,0.0,0.2784,662,2687,0.1,0.25,45
20,10,false,,0.44994835447186193,0.0595091924735489,-0.4042926248526919,2,1,1.0,17.0,0.18868778280542986,0.0,0.1702,663,2688,0.1,0.25,45
30,15,false,,0.11259637491922994,0.2101611643821794,0.12147250480669884,22,25,1.0,29.0,0.6561771561771562,0.0,0.2788,663,2688,0.1,0.25,45
40,20,false,,0.1077960281174105,0.14994166494911892,0.06548276222846701,18,37,2.0,38.07499999999982,0.6993645750595711,0.0,0.2732,663,2688,0.1,0.25,45
50,25,true,,0.11337139599460525,0.18090077051654713,0.0793371144687213,38,46,4.0,49.0,0.7101960784313726,0.3603921568627451,0.2664,663,2688,0.1,0.25,45
20,10,true,,0.10893348422561404,0.25163252445106854,0.15559590947813323,14,17,2.0,19.0,0.7636603028308098,0.0,0.3038,664,2689,0.1,0.25,45
20,10,false,,0.13040651175474322,0.2134464690035394,0.10182801448108889,12,16,1.0,19.0,0.697014484185634,0.0,0.3272,665,2690,0.1,0.25,45
30,15,false,,0.19741908431001257,0.11002751741397163,-0.10997483489988882,8,1,1.0,27.0,0.22048846675712347,0.0,0.2266,665,2690,0.1,0.25,45
40,20,false,,0.11492342685017658,0.23543498030525223,0.12457466281547143,34,36,6.0,39.0,0.6862235425176383,0.0,0.2396,665,2690,0.1,0.25,45
50,25,false,,0.127522639613604,0.10830927985099037,-0.03066539415106996,20,4,2.0,46.0,0.38611632270168855,0.1099437148217636,0.2636,665,2690,0.1,0.25,45
60,30,true,,0.11625334413413178,0.33301131387639304,0.22040659990135164,53,57,34.0,59.0,0.8362136684996072,0.14336213668499606,0.2396,665,2690,0.1,0.25,45
20,10,false,,0.10203355119276852,0.09974499317199755,0.0012086983079800245,7,1,1.0,19.0,0.5023419203747073,0.0,0.249,666,2691,0.1,0.25,45
30,15,false,,0.07893706413721069,0.10368276215569525,0.025484153937648038,18,25,2.0,28.0,0.5617977528089888,0.0,0.1732,666,2691,0.1,0.25,45
40,20,false,,0.5638154678171757,0.06374948670032278,-0.4922028441771551,2,1,1.0,13.0,0.06675843083275981,0.0,0.0602,666,2691,0.1,0.25,45
50,25,false,,0.14527006615452,0.06672755355693485,-0.0676773416121728,5,5,1.0,16.0,0.24981245311327832,0.0,0.0432,666,2691,0.1,0.25,45
60,30,false,,0.08511637326522334,0.08002065340209231,-0.003999591563377529,17,17,3.0,27.0,0.41935483870967744,0.0,0.026,666,2691,0.1,0.25,45
20,10,true,,0.11964552011648034,0.32461638036921536,0.21636607085936826,14,15,1.0,19.0,0.7219110378912685,0.0,0.2986,667,2692,0.1,0.25,45
20,10,false,,0.10255581462935506,0.2410625466570271,0.14553725977629173,14,17,2.0,19.0,0.698358413132695,0.0,0.3076,668,2693,0.1,0.25,45
30,15,false,,0.12144199586560538,0.15621109301622368,0.05232018789926438,20,22,3.0,29.0,0.6357943309162821,0.0,0.298,668,2693,0.1,0.25,45
40,20,false,,0.1641360231372732,0.11069453790708482,-0.07153112249896494,5,2,1.0,37.0,0.35697115384615385,0.0,0.226,668,2693,0.1,0.25,45
50,25,false,,0.12021776669571613,0.17658565438562118,0.06627898975524628,42,46,3.0,49.0,0.6187405159332322,0.468133535660091,0.2308,668,2693,0.1,0.25,45
60,30,true,,0.12697611427138783,0.3777988532518415,0.24388024258626093,53,55,29.0,59.0,0.862509117432531,0.10977388767323122,0.2122,668,2693,0.1,0.25,45
20,10,false,,0.1341890984900401,0.5944982467386577,0.4453196808542711,16,16,2.0,19.0,0.8039405684754521,0.0,0.292,669,2694,0.1,0.25,45
30,15,false,,0.25392404562980603,0.11063397012803758,-0.16073578686405915,6,1,1.0,29.0,0.31963302752293576,0.0,0.2258,669,2694,0.1,0.25,45
40,20,false,,0.11772487129113672,0.6804498840585437,0.5591816749167852,36,37,28.0,39.0,0.9981117824773413,0.0,0.244,669,2694,0.1,0.25,45
50,25,false,,0.21315313344215264,0.12274321713565556,-0.09357259047840877,5,2,1.0,49.0,0.40578477243726074,0.2879625691195236,0.1804,669,2694,0.1,0.25,45
60,30,true,,0.1319711665519313,0.22345301767809905,0.11014510307951685,37,51,1.0,55.0,0.7510460251046025,0.15411436541143655,0.1882,669,2694,0.1,0.25,45
20,10,false,,0.15274751193859237,0.15022831493889408,0.008280362500839383,11,16,2.0,19.0,0.5160411622276029,0.0,0.3076,670,2695,0.1,0.25,45
30,15,false,,0.12029712019947368,0.1476540143215293,0.0373496847255996,20,27,1.0,29.0,0.5557179393496529,0.0,0.2634,670,2695,0.1,0.25,45
40,20,false,,0.0996727747788735,0.17548700561271702,0.08434594569026535,33,36,7.0,39.0,0.6936936936936937,0.0,0.195,670,2695,0.1,0.25,45
50,25,false,,0.09518586191855376,0.6073008134523424,0.5211000487825043,46,46,39.0,49.0,0.9561629706034038,0.7663744198040227,0.1436,670,2695,0.1,0.25,45
60,30,false,,0.1196326052713448,0.16481112488326602,0.049721091529562264,45,55,10.149999999999991,59.0,0.650175301908843,0.20140241527074407,0.2344,670,2695,0.1,0.25,45
20,10,false,,0.11352941697789479,0.209147336931948,0.11753334815819219,14,16,1.0,19.0,0.6987718164188752,0.0,0.3018,671,2696,0.1,0.25,45
30,15,true,,0.11252434676962798,0.240608853013786,0.1319931380336035,23,27,2.0,29.0,0.7435719249478805,0.0,0.282,671,2696,0.1,0.25,45
20,10,false,,0.1286305242261661,0.15155004094151903,0.03774967479201902,11,15,1.0,19.0,0.5578364288041707,0.0,0.3032,672,2697,0.1,0.25,45
30,15,true,,0.11761429270432855,0.3883844782824084,0.2873787201475473,24,26,3.0,29.0,0.8202208419599724,0.0,0.2596,672,2697,0.1,0.25,45
20,10,false,,0.19029558671838678,0.09558482278905965,-0.1121520298442613,6,2,1.0,18.0,0.28084684088653655,0.0,0.2672,673,2698,0.1,0.25,45
30,15,false,,0.11160564651393039,0.5634518442328378,0.4481944043359245,26,27,2.0,29.0,0.8405631659056316,0.0,0.2566,673,2698,0.1,0.25,45
40,20,false,,0.11207890747568965,0.310132407287365,0.19848770432721968,35,37,15.800000000000011,39.0,0.7644020659515296,0.0,0.2578,673,2698,0.1,0.25,45
50,25,false,,0.11948153212351037,0.1518718240879861,0.05061165753728472,32,46,2.0,48.0,0.6072401712728688,0.25184896847022187,0.2658,673,2698,0.1,0.25,45
60,30,false,,0.4781234522557352,0.10994264588616781,-0.3658558490708868,3,2,1.0,16.0,0.0958963282937365,0.0,0.1704,673,2698,0.1,0.25,45
20,10,false,,0.09474650519633264,0.11252198556460677,0.03214909485614079,12,16,1.0,19.0,0.5719584569732937,0.0,0.2832,674,2699,0.1,0.25,45
30,15,false,,0.10130859418121263,0.11580591772664525,0.022084043490692984,12,8,2.0,28.0,0.5598591549295775,0.0,0.296,674,2699,0.1,0.25,45
40,20,true,,0.10188305985747366,0.211277065664663,0.11690430112165441,30,36,5.0,39.0,0.7323358270989194,0.0,0.23,674,2699,0.1,0.25,45
20,10,false,,0.20877689337683739,0.10460422981518752,-0.12620393881962322,6,2,1.0,16.5,0.19807513194660042,0.0,0.2968,675,2700,0.1,0.25,45
30,15,false,,0.22074634971726975,0.0824058121815573,-0.14506370164318266,6,2,1.0,24.0,0.14071088310736535,0.0,0.2458,675,2700,0.1,0.25,45
40,20,false,,0.45433381250502486,0.08986917864092207,-0.3635524352154942,4,2,1.0,35.0,0.13451254627725215,0.0,0.2128,675,2700,0.1,0.25,45
50,25,false,,0.13265338250494713,0.1153800945711468,-0.030867540777174227,24,46,2.0,49.0,0.40022892025944296,0.25639069057611596,0.2486,675,2700,0.1,0.25,45
60,30,true,,0.1241093762212202,0.24180543798198895,0.12488658757650112,47,54,10.0,58.0,0.8157894736842105,0.21329639889196675,0.199,675,2700,0.1,0.25,45
20,10,true,,0.12092450468720285,0.2785474257707806,0.15383741457892108,14,17,2.0,19.0,0.7402799377916018,0.0,0.3152,676,2701,0.1,0.25,45
20,10,false,,0.1227735298643596,0.49701560247481796,0.37856227447544466,15,16,2.0,19.0,0.8427612655800575,0.0,0.3036,677,2702,0.1,0.25,45
30,15,false,,0.12374011114100353,0.2974556920717179,0.18045763939893,25,26,12.0,29.0,0.7701986754966887,0.0,0.275,677,2702,0.1,0.25,45
40,20,false,,0.2514564551194242,0.09476586911677384,-0.16690771963919132,6,2,1.0,26.0,0.12791601866251945,0.0,0.2056,677,2702,0.1,0.25,45
50,25,false,,0.17487202307082195,0.09981611197621401,-0.09605087486913638,12,2,1.0,43.0,0.20768633540372672,0.041537267080745344,0.2226,677,2702,0.1,0.25,45
60,30,false,,0.12712998245192497,0.14300421448170378,0.017028678545122022,29,57,1.0,59.0,0.5538568450312717,0.05142460041695622,0.1004,677,2702,0.1,0.25,45
20,10,true,,0.11021719595071201,0.2333727328576099,0.13283867111495254,14,16,1.0,19.0,0.7099056603773585,0.0,0.3112,678,2703,0.1,0.25,45
20,10,false,,0.09113448307663466,0.2999160698160537,0.21277208291237742,15,16,2.0,19.0,0.7768014059753954,0.0,0.2928,679,2704,0.1,0.25,45
30,15,false,,0.09917360300523227,0.1292681389888532,0.04374645552021722,16,26,2.0,29.0,0.6475195822454308,0.0,0.2926,679,2704,0.1,0.25,45
40,20,true,,0.10584435468823236,0.35628814579513524,0.2533067298734356,34,36,4.0,39.0,0.8201842210652783,0.0,0.2562,679,2704,0.1,0.25,45
20,10,false,,0.10872052856415965,0.12873148562803688,0.026369758640780755,13,16,1.0,19.0,0.5597189695550351,0.0,0.2902,680,2705,0.1,0.25,45
30,15,true,,0.0911000637511278,0.2792309712050527,0.20479325116044897,23,26,2.0,29.0,0.7416349004659043,0.0,0.2118,680,2705,0.1,0.25,45
20,10,false,,0.15839578873710936,0.09258923563745265,-0.070266309738344,7,2,1.0,18.0,0.3442126514131898,0.0,0.2866,681,2706,0.1,0.25,45
30,15,false,,0.10895957787094622,0.0878080301196168,-0.03370744958636439,8,5,1.0,28.0,0.4090128755364807,0.0,0.2048,681,2706,0.1,0.25,45
40,20,false,,0.34142530746887884,0.06563198352574884,-0.29021562127531275,3,1,1.0,32.0,0.13905522288755823,0.0,0.096,681,2706,0.1,0.25,45
50,25,false,,0.8488593150456011,0.06134050265086124,-0.7822321244817179,1,1,1.0,6.0,0.0014847809948032665,0.0,0.0384,681,2706,0.1,0.25,45
60,30,false,,0.26773559890539367,0.07561128068921295,-0.1769650117269245,3,2,1.0,30.0,0.14721723518850988,0.0,0.0274,681,2706,0.1,0.25,45
20,10,false,,0.11563730134283652,0.5039838833813554,0.37503053347642057,15,16,2.0,19.0,0.8448550493787831,0.0,0.306,682,2707,0.1,0.25,45
30,15,false,,0.18638208499178233,0.10366039086348469,-0.09461236471964846,6,1,1.0,27.0,0.2320540156361052,0.0,0.2486,682,2707,0.1,0.25,45
40,20,false,,0.13391391712756226,0.10619533509330213,-0.03557401826554933,17,2,2.0,36.0,0.37468354430379747,0.0,0.2698,682,2707,0.1,0.25,45
50,25,true,,0.11994978891702178,0.3802739832819598,0.2668759325244003,42,45,13.549999999999997,49.0,0.8392271235873131,0.5023696682464455,0.2438,682,2707,0.1,0.25,45
20,10,false,,0.14335914144914147,0.16864150342908593,0.0386904602027492,11,1,1.0,19.0,0.561247947454844,0.0,0.2894,683,2708,0.1,0.25,45
30,15,false,,0.13764048221071754,0.1265855665919837,-0.018505847106554132,14,25,1.0,29.0,0.4372724263488911,0.0,0.2822,683,2708,0.1,0.25,45
40,20,false,,0.1221838062029396,0.12365208583882667,0.003027962530821632,27,33,2.0,39.0,0.510743219443466,0.0,0.241,683,2708,0.1,0.25,45
50,25,false,,0.13424578083516767,0.11910810787154384,-0.024923977392512398,25,3,1.0,48.0,0.4458574181117534,0.14450867052023122,0.241,683,2708,0.1,0.25,45
60,30,false,,0.13557581093024873,0.13779064843745537,0.002401527636859385,9,2,1.0,34.0,0.5153029356652092,0.0,0.096,683,2708,0.1,0.25,45
20,10,false,,0.1554554112596253,0.28347605440367146,0.15760277113849652,12,14,1.0,19.0,0.6981840951784596,0.0,0.3104,684,2709,0.1,0.25,45
30,15,false,,0.1675496396651889,0.12658826631469342,-0.06632611228653401,15,7,1.0,28.0,0.2992592592592593,0.0,0.2872,684,2709,0.1,0.25,45
40,20,false,,0.16244256584345457,0.12663867416452143,-0.04717698983459705,11,3,1.0,38.0,0.37947658402203854,0.0,0.219,684,2709,0.1,0.25,45
50,25,false,,0.14437197099023058,0.13659143070558513,-0.01353095702079099,28,46,2.0,49.0,0.45317220543806647,0.3360187982544478,0.203,684,2709,0.1,0.25,45
60,30,false,,0.15416869086980872,0.15430341430235428,0.0053505480545318895,19,1,1.0,56.0,0.5267673301304049,0.1293754289636239,0.1978,684,2709,0.1,0.25,45
20,10,true,,0.10681051955909081,0.23205602709494244,0.14084869285844143,14,15,2.0,19.0,0.7784995128288406,0.0,0.3066,685,2710,0.1,0.25,45
20,10,false,,0.10324592034971847,0.13917001681139898,0.053947031986639984,12,16,1.0,19.0,0.5841726618705037,0.0,0.2676,686,2711,0.1,0.25,45
30,15,true,,0.10181828137291753,0.3873771572695659,0.27982384135984684,24,26,2.0,29.0,0.7688022284122563,0.0,0.2706,686,2711,0.1,0.25,45
20,10,false,,0.11326636477243555,0.14593993262281194,0.04660033869256262,13,16,1.0,19.0,0.5402425578831312,0.0,0.2732,687,2712,0.1,0.25,45
30,15,true,,0.09708490480209621,0.25873730486667357,0.16162330947055675,24,26,3.0,29.0,0.7718446601941747,0.0,0.2642,687,2712,0.1,0.25,45
20,10,false,,0.1317831749459901,0.20291961182141355,0.0953280473827699,11,16,1.0,19.0,0.6268230818008877,0.0,0.3136,688,2713,0.1,0.25,45
30,15,false,,0.1255411917019973,0.1588946080482632,0.050188364296714916,21,25,1.0,29.0,0.639460370994941,0.0,0.2696,688,2713,0.1,0.25,45
40,20,false,,0.14589672890441943,0.11363617849670868,-0.039849744088551464,10,2,1.0,37.0,0.38718043719896256,0.0,0.2524,688,2713,0.1,0.25,45
50,25,false,,0.12046334745965911,0.1335512322987837,0.01923688506698,37,46,4.0,48.0,0.5602784902894833,0.36167094173689995,0.2386,688,2713,0.1,0.25,45
60,30,false,,0.1228672317418358,0.15905772918684394,0.04481210059071916,32,17,8.0,52.0,0.6861924686192469,0.18584379358437936,0.2618,688,2713,0.1,0.25,45
20,10,false,,0.147711117163756,0.1343953528657938,-0.018570787175538887,12,15,1.0,19.0,0.453579243513598,0.0,0.3054,689,2714,0.1,0.25,45
30,15,false,,0.1213585644917403,0.12374538983346701,0.011580763316418802,21,22,4.0,29.0,0.5302479338842975,0.0,0.2818,689,2714,0.1,0.25,45
40,20,false,,0.16704444024172677,0.09433698692538801,-0.09675293849409448,10,4,1.0,38.0,0.26189569851541683,0.0,0.2452,689,2714,0.1,0.25,45
50,25,true,,0.11337338214522953,0.3491473360988593,0.23274301588826762,44,44,33.0,49.0,0.8844605475040258,0.5869565217391305,0.2442,689,2714,0.1,0.25,45
20,10,true,,0.14195549963443718,0.374139467540923,0.25889743073468985,14,16,2.0,19.0,0.8155515370705244,0.0,0.335,690,2715,0.1,0.25,45
20,10,false,,0.1380647346352916,0.15643387865692418,0.027835740794359895,10,14,1.0,19.0,0.585925702204772,0.0,0.3228,691,2716,0.1,0.25,45
30,15,false,,0.13895076702137843,0.1379819562698394,0.007848829872837075,10,6,1.0,29.0,0.5197628458498024,0.0,0.2708,691,2716,0.1,0.25,45
40,20,false,,0.1325340501632979,0.11527579808124108,-0.022911028089424468,14,4,1.0,39.0,0.44807121661721067,0.0,0.2504,691,2716,0.1,0.25,45
50,25,false,,0.13745956196696463,0.11907034484947349,-0.02497072657859148,17,3,1.0,47.0,0.39141414141414144,0.07900432900432901,0.2572,691,2716,0.1,0.25,45
60,30,false,,0.22207304863861435,0.1358242681820516,-0.08544600881227268,5,1,1.0,31.0,0.3240058910162003,0.014236622484045164,0.117,691,2716,0.1,0.25,45
20,10,false,,0.14310280987384572,0.11288405569212384,-0.04389545032967809,10,5,1.0,19.0,0.37255501222493886,0.0,0.3134,692,2717,0.1,0.25,45
30,15,false,,0.14660908228932246,0.12743109255042862,-0.030918817415644187,14,2,1.0,28.0,0.4351145038167939,0.0,0.2832,692,2717,0.1,0.25,45
40,20,false,,0.13892734166470716,0.1144703991976963,-0.03575256205173458,13,10,1.0,39.0,0.38890863846427304,0.0,0.2498,692,2717,0.1,0.25,45
50,25,false,,0.20899489932033463,0.10980908258044451,-0.10854156814155924,6,4,1.0,28.0,0.23132075471698113,0.0,0.2284,692,2717,0.1,0.25,45
60,30,false,,0.7494461777852803,0.12778352810688814,-0.6265770128437028,2,1,1.0,15.125,0.07977736549165121,0.0,0.0884,692,2717,0.1,0.25,45
20,10,false,,0.10267242046106713,0.5958107916019341,0.48831743624334556,15,17,2.0,19.0,0.8463716814159292,0.0,0.2806,693,2718,0.1,0.25,45
30,15,false,,0.10490371254279177,0.11777216519708616,0.03176138063338403,22,26,1.0,29.0,0.5467156262749898,0.0,0.219,693,2718,0.1,0.25,45
40,20,false,,0.1334032719066022,0.10522482308939021,-0.035745958223666344,11,3,1.0,37.0,0.3840523882896764,0.0,0.246,693,2718,0.1,0.25,45
50,25,true,,0.11473204493063384,0.20776421012925622,0.09685404358501286,42,45,25.0,49.0,0.721816083108888,0.4721046556367834,0.2646,693,2718,0.1,0.25,45
20,10,false,,0.11751742780408117,0.11102385514952369,-0.006176882411945306,10,15,1.0,19.0,0.4769475357710652,0.0,0.3094,694,2719,0.1,0.25,45
30,15,false,,0.16220620612248332,0.058358661086428856,-0.11174932395901811,7,1,1.0,26.0,0.18693206404154045,0.0,0.1538,694,2719,0.1,0.25,45
40,20,false,,0.08825573265385983,0.11555189878948462,0.03330010306557418,27,30,1.0,38.0,0.5779448621553884,0.0,0.1154,694,2719,0.1,0.25,45
50,25,false,,0.08504009802466969,0.12971400845983136,0.045796746250483814,41,47,27.0,49.0,0.6636720943290286,0.41493542953396967,0.0856,694,2719,0.1,0.25,45
60,30,false,,0.7072903549538507,0.07060858218440738,-0.6350094283850793,2,1,1.0,4.0,0.0,0.0,0.0302,694,2719,0.1,0.25,45
20,10,false,,0.4096101798808668,0.12934870606250615,-0.28812277558674926,3,1,1.0,19.0,0.33224519405150527,0.0,0.2586,695,2720,0.1,0.25,45
30,15,false,,0.1469371391289999,0.15290673916550881,0.011441673782838085,20,26,1.0,29.0,0.5221628418736246,0.0,0.2692,695,2720,0.1,0.25,45
40,20,false,,0.14659955220246818,0.12605825638376653,-0.03742088928032427,15,2,1.0,37.0,0.3664021164021164,0.0,0.2514,695,2720,0.1,0.25,45
50,25,false,,0.12917518874267164,0.5604527373701209,0.43036609592059727,45,48,11.0,49.0,0.8200224971878515,0.6055493063367079,0.2092,695,2720,0.1,0.25,45
60,30,true,,0.13726947294159825,0.24640377746332806,0.11489314509459458,47,50,22.0,58.0,0.844106463878327,0.3073510773130545,0.2134,695,2720,0.1,0.25,45
20,10,false,,0.07692379427622345,0.21151625934182516,0.13683910432077306,15,16,4.0,19.0,0.7465654374548084,0.0,0.2742,696,2721,0.1,0.25,45
30,15,false,,0.10739795391966456,0.11427802648819066,0.018418259781588717,14,26,1.0,29.0,0.5271013354281225,0.0,0.2876,696,2721,0.1,0.25,45
40,20,false,,0.10231787085094815,0.13178061534235946,0.041879254842316777,22,6,2.0,38.0,0.6629392971246006,0.0,0.2786,696,2721,0.1,0.25,45
50,25,false,,0.11656120187131827,0.19915152588340565,0.10609874249432376,28,46,3.0,49.0,0.6986518636003172,0.29381443298969073,0.2738,696,2721,0.1,0.25,45
60,30,true,,0.12142878656360892,0.1721458898412145,0.07630395845998268,26,48,2.0,57.0,0.7173595915390226,0.1415025528811087,0.2172,696,2721,0.1,0.25,45
20,10,false,,0.09838347786242982,0.17707776095705746,0.09667396102783532,14,16,1.0,19.0,0.677198325085649,0.0,0.2862,697,2722,0.1,0.25,45
30,15,false,,0.10055985156083322,0.18393922856350653,0.09665195100427064,21,26,2.0,29.0,0.6830601092896175,0.0,0.2774,697,2722,0.1,0.25,45
40,20,false,,0.13574672363996743,0.10885602742545543,-0.020784837967589537,11,2,1.0,38.0,0.4497475906379073,0.0,0.2,697,2722,0.1,0.25,45
50,25,false,,0.46309270745023157,0.0797190307701009,-0.3800400860524933,4,3,1.0,20.0,0.09646464646464646,0.0,0.1442,697,2722,0.1,0.25,45
60,30,true,,0.10814841539555341,0.39122329214866625,0.17172040246161174,44,53,26.175,58.82499999999999,0.8125,0.3233695652173913,0.0238,697,2722,0.1,0.25,45
20,10,false,,0.14462403130831578,0.17392423166093235,0.032620965749186354,7,1,1.0,19.0,0.5164247517188694,0.0,0.2288,698,2723,0.1,0.25,45
30,15,false,,0.140000192255191,0.10998732676187749,-0.03714450889152812,10,1,1.0,27.0,0.40994916485112565,0.0,0.27,698,2723,0.1,0.25,45
40,20,true,,0.11149372043029367,0.2730231374950124,0.15972889736175827,32,35,14.0,39.0,0.7526997840172787,0.0,0.2846,698,2723,0.1,0.25,45
20,10,true,,0.10271396647978444,0.211379319191959,0.11285483648906208,14,16,2.0,19.0,0.714524765729585,0.0,0.2972,699,2724,0.1,0.25,45
20,10,false,,0.11610885152128772,0.5551986445353596,0.4447848372559543,15,16,1.0,19.0,0.8063742289239205,0.0,0.2844,700,2725,0.1,0.25,45
30,15,false,,0.12559772657242307,0.12260249030307298,0.005723598195306365,11,4,1.0,29.0,0.5119335869941197,0.0,0.288,700,2725,0.1,0.25,45
40,20,true,,0.11375027859663168,0.2472941805659482,0.1331103835450134,32,36,4.0,39.0,0.748785046728972,0.0,0.2706,700,2725,0.1,0.25,45
20,10,false,,0.14079083301427198,0.20027724808968692,0.08200860545163699,11,16,1.0,19.0,0.5931311881188119,0.0,0.2944,701,2726,0.1,0.25,45
30,15,false,,0.21828800484905816,0.10763540728978291,-0.12604431443511313,4,1,1.0,27.0,0.23886048210372535,0.0,0.222,701,2726,0.1,0.25,45
40,20,false,,0.3807717896788555,0.10376767581106139,-0.2782656772072042,4,2,1.0,17.0,0.11984585741811175,0.0,0.2138,701,2726,0.1,0.25,45
50,25,false,,0.12318551264964361,0.15154265532774844,0.05538572799754851,40,46,3.0,49.0,0.5776986951364176,0.41043890865954924,0.2192,701,2726,0.1,0.25,45
60,30,true,,0.11877972447413307,0.46650129847092703,0.3291835075019745,52,55,36.0,59.0,0.8850967007963595,0.19908987485779295,0.2534,701,2726,0.1,0.25,45
20,10,false,,0.09993466960066992,0.17714621869753244,0.09549292089381003,14,17,1.0,19.0,0.6578001437814522,0.0,0.278,702,2727,0.1,0.25,45
30,15,true,,0.10410474342536341,0.22755351714873057,0.13685894244415758,24,26,3.0,29.0,0.7451636904761905,0.0,0.2824,702,2727,0.1,0.25,45
20,10,false,,0.16174206270243416,0.3599747421929891,0.21702271241118343,14,17,1.0,19.0,0.6003758221108675,0.0,0.2808,703,2728,0.1,0.25,45
30,15,false,,0.15810218841970097,0.09563509117553347,-0.07878183232694204,10,6,1.0,28.175000000000182,0.2576167907921462,0.0,0.2714,703,2728,0.1,0.25,45
40,20,false,,0.24578976758695517,0.08893390264404749,-0.16574044486860906,5,3,1.0,36.0,0.16653418124006358,0.0,0.2262,703,2728,0.1,0.25,45
50,25,false,,0.15569813604115085,0.09855181732175777,-0.07868494258225366,12,2,1.0,46.0,0.246001523229246,0.0575019040365575,0.2308,703,2728,0.1,0.25,45
60,30,false,,0.6452653288248575,0.11475576539201922,-0.5301186037077398,3,1,1.0,17.300000000000182,0.09818520241973011,0.0,0.1076,703,2728,0.1,0.25,45
20,10,false,,0.07668058384160295,0.098822105765362,0.024458772704850164,13,15,1.0,19.0,0.5457999155761925,0.0,0.1964,704,2729,0.1,0.25,45
30,15,false,,0.0916807438240147,0.07828722652249896,-0.016865233767786092,12,1,1.0,27.0,0.47962867457452296,0.0,0.107,704,2729,0.1,0.25,45
40,20,true,,0.06326315071993054,0.24950306571660585,0.1854995228549313,32,34,20.0,38.0,0.9249408983451537,0.0,0.0618,704,2729,0.1,0.25,45
20,10,false,,0.1360234822455916,0.05427513151171862,-0.07798027234724295,5,3,1.0,19.0,0.28278513455788123,0.0,0.201,705,2730,0.1,0.25,45
30,15,false,,0.6899535891474092,0.04936888583683915,-0.6547188975659222,2,1,1.0,24.0,0.17263843648208468,0.0,0.0574,705,2730,0.1,0.25,45
40,20,false,,0.07789391905392408,0.08029164755364461,0.009706169319087823,10,11,1.0,24.0,0.5703225806451613,0.0,0.069,705,2730,0.1,0.25,45
50,25,true,,0.06727491981670734,0.09639693192290723,0.03630946941484185,30,36,10.0,40.0,0.7008166295471417,0.0,0.04,705,2730,0.1,0.25,45
20,10,false,,0.07251388318523122,0.34393086318457183,0.2697964410089938,15,15,3.0,19.0,0.8556390977443609,0.0,0.2948,706,2731,0.1,0.25,45
30,15,false,,0.09174054640731236,0.14102469472269785,0.05354832688204388,14,13,2.0,28.0,0.6649844720496895,0.0,0.2772,706,2731,0.1,0.25,45
40,20,false,,0.1563107702873372,0.10881493951964158,-0.05329872427805196,8,1,1.0,32.0,0.3868948247078464,0.0,0.2734,706,2731,0.1,0.25,45
50,25,true,,0.11129961774887613,0.6117259766045596,0.497916318883599,44,45,36.0,49.0,0.9047817047817048,0.6927234927234928,0.2536,706,2731,0.1,0.25,45
20,10,false,,0.10305587564137723,0.25659354796603406,0.1717078948895361,14,16,1.0,19.0,0.644024700326916,0.0,0.2664,707,2732,0.1,0.25,45
30,15,true,,0.08893969930552549,0.2850157597754098,0.2028276228189525,24,26,2.0,29.0,0.7754310344827586,0.0,0.222,707,2732,0.1,0.25,45
20,10,false,,0.10853809624852082,0.2944510849827634,0.20465338302880592,13,1,1.0,19.0,0.6649155722326454,0.0,0.2748,708,2733,0.1,0.25,45
30,15,true,,0.10226663046857573,0.28703323793999863,0.18913953025347413,21,24,1.0,29.0,0.7978682908260373,0.0,0.2884,708,2733,0.1,0.25,45
20,10,true,,0.1289799331522002,0.27141832178063957,0.15829983764468947,14,17,2.0,19.0,0.7327365728900256,0.0,0.2742,709,2734,0.1,0.25,45
20,10,false,,0.13840471877035604,0.6006190579609382,0.44533887323000465,16,16,3.0,19.0,0.8718029681086201,0.0,0.2972,710,2735,0.1,0.25,45
30,15,false,,0.13014051325616385,0.26836390687557987,0.15440583481615366,23,27,1.0,29.0,0.636795655125594,0.0,0.276,710,2735,0.1,0.25,45
40,20,false,,0.14998368380259341,0.09941226139819455,-0.0759598513894341,16,2,1.0,38.0,0.3128925009235316,0.0,0.2402,710,2735,0.1,0.25,45
50,25,false,,0.14436545655898006,0.11130745817559509,-0.03192691793003913,18,3,1.0,48.0,0.4305230288836846,0.24512099921935987,0.2424,710,2735,0.1,0.25,45
60,30,true,,0.12105683888730051,0.7104145946387718,0.5901552417081307,53,53,8.0,58.0,0.9247770453664211,0.06669251647925553,0.2212,710,2735,0.1,0.25,45
20,10,false,,0.12866847373494528,0.09905154295238307,-0.0305344307840269,8,1,1.0,19.0,0.43998616395710827,0.0,0.2724,711,2736,0.1,0.25,45
30,15,true,,0.10274198291288877,0.2975124080741893,0.19653600765715795,22,26,2.0,29.0,0.786368633198974,0.0,0.3036,711,2736,0.1,0.25,45
20,10,false,,0.14597621855285842,0.16342958871737123,0.03218540383115706,11,2,1.0,19.0,0.5486981677917069,0.0,0.3008,712,2737,0.1,0.25,45
30,15,false,,0.13778128429174333,0.1650037017471384,0.03943834908550778,20,26,4.0,29.0,0.5875935162094763,0.0,0.2946,712,2737,0.1,0.25,45
40,20,false,,0.1346303048248676,0.1079726299728379,-0.037440524125843866,20,35,2.0,39.0,0.36416184971098264,0.0,0.2588,712,2737,0.1,0.25,45
50,25,false,,0.14012818139315703,0.12023591652995758,-0.025724596730993865,28,46,2.0,49.0,0.4430003713330858,0.2759004827330115,0.2312,712,2737,0.1,0.25,45
60,30,true,,0.13006026970274842,0.18956038891033647,0.06665488482294281,47,55,10.0,58.0,0.7260364842454394,0.18772802653399667,0.2396,712,2737,0.1,0.25,45
20,10,true,,0.09098596395716343,0.3443779731306388,0.25368477646014836,14,16,1.0,19.0,0.7532617037605526,0.0,0.2734,713,2738,0.1,0.25,45
20,10,false,,0.058705204706613376,0.5123060881009873,0.42702581436318504,15,16,1.0,19.0,0.7857142857142857,0.0,0.1628,714,2739,0.1,0.25,45
30,15,true,,0.06792791519636991,0.17031196422587885,0.10838210204175136,23,25,8.0,29.0,0.7435897435897436,0.0,0.1048,714,2739,0.1,0.25,45
20,10,false,,0.14757162271153296,0.11422503978908118,-0.04458673810364208,10,1,1.0,19.0,0.4104918032786885,0.0,0.2772,715,2740,0.1,0.25,45
30,15,true,,0.1088500135902197,0.3142086865036998,0.20998450505709193,24,25,13.0,29.0,0.8042082738944365,0.0,0.2826,715,2740,0.1,0.25,45
20,10,false,,0.10258807120786526,0.12048152350885538,0.022429165452834424,10,1,1.0,19.0,0.540118096561306,0.0,0.307,716,2741,0.1,0.25,45
30,15,true,,0.09941718606057644,0.16369896189076696,0.07033023656046326,24,26,5.0,29.0,0.7161803713527851,0.0,0.2952,716,2741,0.1,0.25,45
20,10,true,,0.11222072619536523,0.3404841525991657,0.23047232268016116,13,16,2.0,19.0,0.81312,0.0,0.3078,717,2742,0.1,0.25,45
20,10,true,,0.0743560072984112,0.19548261789795993,0.1257241715568072,14,16,4.0,19.0,0.7690623859905145,0.0,0.2978,718,2743,0.1,0.25,45
20,10,false,,0.08961243573055816,0.14706770155653362,0.07044067465587062,12,16,1.0,19.0,0.6671378091872792,0.0,0.3072,719,2744,0.1,0.25,45
30,15,false,,0.0950117186703507,0.3703283985304573,0.28013758065242844,25,26,8.0,29.0,0.8369255795038634,0.0,0.2712,719,2744,0.1,0.25,45
40,20,false,,0.10614781299889428,0.1588251829069368,0.07153212238754161,20,38,2.0,39.0,0.6574770258980785,0.0,0.2664,719,2744,0.1,0.25,45
50,25,false,,0.1734766072882616,0.10822539084449576,-0.06761539569750105,8,3,1.0,28.0,0.32447029497299545,0.0,0.258,719,2744,0.1,0.25,45
60,30,true,,0.1227278484812547,0.3794720037878156,0.2537941629332873,51,57,3.0,59.0,0.7633587786259542,0.14302932904781038,0.2518,719,2744,0.1,0.25,45
20,10,false,,0.07100399400673774,0.09870732118625311,0.033456838711121366,11,16,1.0,19.0,0.6013787510137875,0.0,0.2592,720,2745,0.1,0.25,45
30,15,false,,0.09264771420931485,0.07556042323001992,-0.024944411552436208,12,1,1.0,26.0,0.3909217230199166,0.0,0.176,720,2745,0.1,0.25,45
40,20,false,,0.1573136184397033,0.06939098226675625,-0.09232606369902588,5,1,1.0,23.0,0.24058823529411766,0.0,0.0974,720,2745,0.1,0.25,45
50,25,true,,0.07961909588835228,0.19244949445689452,0.116718593288041,40,42,24.0,48.0,0.8048780487804879,0.37398373983739835,0.0952,720,2745,0.1,0.25,45
20,10,false,,0.11825780134751122,0.14673157050072405,0.06142849247684658,12,16,1.0,19.0,0.5854174004931314,0.0,0.2672,721,2746,0.1,0.25,45
30,15,false,,0.10661674764892304,0.12545713380627196,0.026124117342383457,17,26,1.0,29.0,0.5482809070958303,0.0,0.277,721,2746,0.1,0.25,45
40,20,true,,0.10723150355454818,0.42878486025762597,0.32436502790523875,34,36,16.0,39.0,0.9057611598626478,0.0,0.277,721,2746,0.1,0.25,45
20,10,false,,0.10160651120643042,0.1829252270860815,0.10063390239233584,12,15,1.0,19.0,0.699009900990099,0.0,0.311,722,2747,0.1,0.25,45
30,15,true,,0.10646721874835599,0.21317247937241454,0.11849278770396933,19,25,2.0,28.0,0.7794067507671326,0.0,0.3112,722,2747,0.1,0.25,45
20,10,true,,0.05054528763940934,0.19284304398159635,0.14568752548691197,14,16,1.0,19.0,0.731638418079096,0.0,0.1606,723,2748,0.1,0.25,45
20,10,false,,0.11512255764484404,0.2812057749279573,0.18082163404730953,14,17,2.0,19.0,0.6933900523560209,0.0,0.2984,724,2749,0.1,0.25,45
30,15,false,,0.11599662453285238,0.11686258673865359,0.006187952642041972,16,28,2.0,29.0,0.5213103205353998,0.0,0.286,724,2749,0.1,0.25,45
40,20,false,,0.12314210598065829,0.10983679901634905,-0.014642141090771638,23,36,2.0,39.0,0.4647779479326187,0.0,0.2624,724,2749,0.1,0.25,45
50,25,false,,0.1302243505453368,0.10852624514839347,-0.02541465023097471,16,3,1.9750000000000014,48.0,0.40524193548387094,0.15080645161290324,0.2466,724,2749,0.1,0.25,45
60,30,false,,0.11866162619029316,0.1357814435885179,0.03732079781778656,25,53,1.0,59.0,0.6279158699808796,0.07380497131931166,0.2424,724,2749,0.1,0.25,45
20,10,true,,0.12055921911488789,0.2422661039440008,0.13500432512080976,13,16,1.0,19.0,0.708562197092084,0.0,0.3072,725,2750,0.1,0.25,45
20,10,false,,0.093723559025396,0.08258311339916534,-0.012859909324644939,10,1,1.0,19.0,0.45397412199630316,0.0,0.2708,726,2751,0.1,0.25,45
30,15,false,,0.10347511253852677,0.12093657906479308,0.04008271668906378,10,4,1.0,29.0,0.5880281690140845,0.0,0.2882,726,2751,0.1,0.25,45
40,20,true,,0.1065489167707212,0.18572616429041294,0.08612444335748415,30,33,2.0,39.0,0.7524442706296441,0.0,0.287,726,2751,0.1,0.25,45
20,10,false,,0.04316696098103269,0.36576514012187367,0.34159710920482794,16,17,2.0,19.0,0.8575788402848423,0.0,0.1402,727,2752,0.1,0.25,45
30,15,false,,0.060588697598423974,0.6789171594011378,0.6263163853131116,25,26,2.0,29.0,0.8888245512449334,0.0,0.084,727,2752,0.1,0.25,45
40,20,false,,0.6334868903409141,0.051927689591286096,-0.5886623647162892,1,1,1.0,4.0,0.0,0.0,0.0356,727,2752,0.1,0.25,45
50,25,false,,0.06265001937007288,0.7773151164385598,0.7005226340597879,45,48,38.0,49.0,1.0,0.7441860465116279,0.0246,727,2752,0.1,0.25,45
60,30,true,,0.19508655295793043,0.2494297939520353,0.06300534936122217,27,27,19.15,32.849999999999994,0.8181818181818182,0.0,0.0042,727,2752,0.1,0.25,45
20,10,true,,0.11302630580218369,0.3240325393248981,0.22955027288361973,14,16,1.0,19.0,0.7568306010928961,0.0,0.2896,728,2753,0.1,0.25,45
20,10,false,,0.11694198680918633,0.15181386920621112,0.04288455202737041,12,16,1.0,19.0,0.5617529880478087,0.0,0.2946,729,2754,0.1,0.25,45
30,15,false,,0.12719946651461633,0.074106281322,-0.06384804028854901,8,2,1.0,27.0,0.35998193315266486,0.0,0.1482,729,2754,0.1,0.25,45
40,20,false,,0.2949958059906668,0.061271681594500776,-0.2156566797726,3,1,1.0,16.0,0.1500306184935701,0.0,0.0734,729,2754,0.1,0.25,45
50,25,false,,0.08287830282179127,0.33745821554408467,0.2626974379169068,45,46,30.0,49.0,0.9134670487106017,0.7157593123209169,0.081,729,2754,0.1,0.25,45
60,30,true,,0.0785028808304517,0.3942837491560809,0.3128245246133329,54,56,45.0,59.0,0.9738872403560831,0.06112759643916914,0.0602,729,2754,0.1,0.25,45
20,10,true,,0.099971539998583,0.19671701998454347,0.11422735997566327,12,16,1.0,19.0,0.7337082368508104,0.0,0.3074,730,2755,0.1,0.25,45
20,10,false,,0.15686569138288098,0.14418380679898057,-0.0023944437586797263,9,1,1.0,19.0,0.4964122635355512,0.0,0.2654,731,2756,0.1,0.25,45
30,15,false,,0.17684839203691335,0.09295277479293056,-0.101073911969851,7,1,1.0,21.0,0.23305380852550664,0.0,0.2552,731,2756,0.1,0.25,45
40,20,false,,0.12366528433615323,0.09822474991442048,-0.033423548537634434,17,5,2.0,39.0,0.3787819253438114,0.0,0.2554,731,2756,0.1,0.25,45
50,25,false,,0.13004886940010937,0.1579192653217802,0.05283395191431711,32,46,1.0,49.0,0.5726190476190476,0.31507936507936507,0.2544,731,2756,0.1,0.25,45
60,30,false,,0.14111886978227672,0.12332748933014522,-0.01688794263712412,10,3,1.0,47.0,0.4407171775592828,0.042799305957200696,0.1252,731,2756,0.1,0.25,45
20,10,false,,0.10492022962152947,0.6525827454847758,0.5562927232144332,16,16,6.0,19.0,0.9787525702535984,0.0,0.294,732,2757,0.1,0.25,45
30,15,false,,0.10305090835296737,0.1472184073887678,0.059142960957093316,21,25,1.0,29.0,0.640279394644936,0.0,0.24,732,2757,0.1,0.25,45
40,20,true,,0.10452360838313597,0.4661811248596303,0.36176938348259496,33,35,14.0,39.0,0.8557806912991657,0.0,0.2884,732,2757,0.1,0.25,45
20,10,false,,0.08641034385021198,0.3295097319153312,0.25217145500145743,15,16,2.0,19.0,0.7590892398090342,0.0,0.2792,733,2758,0.1,0.25,45
30,15,false,,0.10146968707356546,0.11836416067271077,0.02841946111943991,18,26,1.0,29.0,0.5762304921968787,0.0,0.2602,733,2758,0.1,0.25,45
40,20,false,,0.12849205804670732,0.11025749329281186,-0.01990325510954412,15,4,1.0,38.0,0.45314307751639027,0.0,0.2762,733,2758,0.1,0.25,45
50,25,false,,0.352917152686016,0.09779457035333644,-0.2539724218772955,5,1,1.0,42.0,0.17482517482517482,0.02403846153846154,0.2266,733,2758,0.1,0.25,45
60,30,true,,0.11634927891632499,0.46912629390809074,0.3473163541023503,52,55,38.0,59.0,0.9286061194754736,0.22340942204953862,0.1648,733,2758,0.1,0.25,45
20,10,false,,0.0852746889186871,0.44144394333485537,0.345882883044907,15,16,2.0,19.0,0.8064159292035398,0.0,0.2872,734,2759,0.1,0.25,45
30,15,false,,0.1114872731926611,0.1137453796922977,0.034982364962299575,14,1,1.0,29.0,0.5201995012468827,0.0,0.1444,734,2759,0.1,0.25,45
40,20,false,,0.24827619783552893,0.06316844883896638,-0.17556599424194075,4,1,1.0,33.0,0.18094089264173704,0.0,0.0676,734,2759,0.1,0.25,45
50,25,false,,0.1250284742288878,0.13484841391250804,0.027404604810994798,32,5,1.0,49.0,0.5501889962200756,0.28475430491390175,0.2426,734,2759,0.1,0.25,45
60,30,false,,0.14373593542265897,0.09808231278441282,-0.061806337363247435,18,2,1.0,57.0,0.3030583873957368,0.0597775718257646,0.1952,734,2759,0.1,0.25,45
20,10,true,,0.07547761943492276,0.17473984276154683,0.10201663007808709,13,15,1.0,19.0,0.7005545286506469,0.0,0.2916,735,2760,0.1,0.25,45
20,10,true,,0.04083181918012925,0.14689923942689556,0.0983121176851842,13,15,3.0,19.0,0.7850646242221159,0.0,0.1452,736,2761,0.1,0.25,45
20,10,true,,0.1409573071170377,0.25640023024773123,0.15668117946182739,14,17,2.0,19.0,0.7339885859226379,0.0,0.3094,737,2762,0.1,0.25,45
20,10,false,,0.13302038898953897,0.5359696203663809,0.41066648440222375,16,16,2.0,19.0,0.7480569948186528,0.0,0.2938,738,2763,0.1,0.25,45
30,15,false,,0.13201126087875903,0.11796097204343035,-0.022571248379265774,20,24,1.0,29.0,0.4567558179923585,0.0,0.2552,738,2763,0.1,0.25,45
40,20,false,,0.4400223249867383,0.09753538588058186,-0.3489925958358822,3,1,1.0,25.0,0.11691542288557213,0.0,0.1964,738,2763,0.1,0.25,45
50,25,false,,0.1220468243414586,0.12311370488949261,0.008748173477545945,30,34,2.0,47.0,0.5278495020287717,0.08815935079306529,0.262,738,2763,0.1,0.25,45
60,30,false,,0.14002481223759689,0.15553085289124186,0.03948864843869988,31,55,1.0,58.0,0.5694599627560522,0.02309124767225326,0.2068,738,2763,0.1,0.25,45
20,10,true,,0.08032813676427833,0.3138300082995948,0.23832579724722647,14,15,2.0,19.0,0.7631096442977631,0.0,0.2938,739,2764,0.1,0.25,45
20,10,true,,0.07954052882649446,0.27696876619927285,0.20989317292007786,14,16,2.0,19.0,0.7662820989951619,0.0,0.2732,740,2765,0.1,0.25,45
20,10,false,,0.09035049644829093,0.10835757813639812,0.02421474946850613,10,15,1.0,19.0,0.5659635323560959,0.0,0.3006,741,2766,0.1,0.25,45
30,15,false,,0.10252094486524295,0.0933948994113115,-0.00990176752033109,12,1,1.0,29.0,0.47713342762847716,0.0,0.1832,741,2766,0.1,0.25,45
40,20,true,,0.10453057597885082,0.5741449585145352,0.4848391053708337,34,35,14.950000000000003,39.0,0.9003751563151313,0.0,0.2694,741,2766,0.1,0.25,45
20,10,false,,0.0826740385787556,0.161147251160637,0.07326189094688346,14,17,2.0,19.0,0.6611356932153393,0.0,0.2788,742,2767,0.1,0.25,45
30,15,true,,0.08387614563367939,0.18896414428545527,0.11175849352129928,20,25,4.0,29.0,0.7030527289546716,0.0,0.1986,742,2767,0.1,0.25,45
20,10,false,,0.07662434825114463,0.1605561981767477,0.08889967266048104,14,16,2.0,19.0,0.6809083910700539,0.0,0.248,743,2768,0.1,0.25,45
30,15,true,,0.09071964092358162,0.604159705632269,0.5226870535516869,24,26,10.0,29.0,0.8520807581376184,0.0,0.2844,743,2768,0.1,0.25,45
20,10,false,,0.12326311831793225,0.1329715284807387,0.008050085225967361,9,5,1.0,19.0,0.5200865265760197,0.0,0.3312,744,2769,0.1,0.25,45
30,15,false,,0.11678564844715005,0.20638543793931402,0.10925984152731164,21,27,1.0,29.0,0.6698412698412698,0.0,0.27,744,2769,0.1,0.25,45
40,20,true,,0.10643563058634578,0.29982656194355684,0.20075888663983937,33,37,3.0,39.0,0.7579175704989154,0.0,0.2128,744,2769,0.1,0.25,45
20,10,false,,0.1542460966292079,0.11194001001171053,-0.05668179458619953,8,3,1.0,19.0,0.35944844876214355,0.0,0.2672,745,2770,0.1,0.25,45
30,15,false,,0.1442150843758367,0.09012351913146445,-0.07004431422923152,12,2,1.0,28.0,0.27961579509071505,0.0,0.2452,745,2770,0.1,0.25,45
40,20,false,,0.10185337819465554,0.3095714393626933,0.20030153685888302,35,36,18.0,39.0,0.7924369747899159,0.0,0.2032,745,2770,0.1,0.25,45
50,25,false,,0.3213049563237304,0.07801386770828546,-0.24961493907310606,5,3,1.0,46.0,0.157235853780671,0.10115172759138708,0.1416,745,2770,0.1,0.25,45
60,30,false,,0.12056955605535057,0.16167732722827982,0.04804443673413947,43,56,5.0,58.0,0.6717348927875244,0.1415204678362573,0.257,745,2770,0.1,0.25,45
20,10,false,,0.12581949002634643,0.1397328093931263,0.024926582637884998,11,18,1.0,19.0,0.5596747967479675,0.0,0.2806,746,2771,0.1,0.25,45
30,15,false,,0.1188460678744903,0.17628602199331722,0.06909958365528145,23,25,1.0,29.0,0.5696557245796637,0.0,0.231,746,2771,0.1,0.25,45
40,20,false,,0.11987778667835997,0.12615613987798183,0.009257727531290338,30,34,1.0,39.0,0.528023598820059,0.0,0.258,746,2771,0.1,0.25,45
50,25,false,,0.11460653622842053,0.6973476219539361,0.5782992809597816,45,47,21.0,49.0,0.956539565395654,0.7052070520705207,0.2412,746,2771,0.1,0.25,45
60,30,false,,0.12940330263084945,0.13468277026871958,0.006570170409782014,30,25,2.0,58.0,0.5243243243243243,0.11927927927927928,0.2434,746,2771,0.1,0.25,45
20,10,false,,0.30153403847068305,0.09835694097197295,-0.21829520871837296,4,1,1.0,18.0,0.23917910447761195,0.0,0.2328,747,2772,0.1,0.25,45
30,15,false,,0.10959838054169131,0.18761017432058433,0.09098895781224821,21,26,2.0,29.0,0.6262192742879438,0.0,0.265,747,2772,0.1,0.25,45
40,20,false,,0.24622705195272437,0.0831254876849472,-0.17062053149446654,4,2,1.0,38.0,0.22034671532846714,0.0,0.1706,747,2772,0.1,0.25,45
50,25,true,,0.10481159279624154,0.20344536812570468,0.11399670247457444,36,47,4.0,48.0,0.7147982062780269,0.3618834080717489,0.1678,747,2772,0.1,0.25,45
20,10,false,,0.1436501848095459,0.05541472614950407,-0.09961895740918969,4,1,1.0,18.0,0.26025032369443246,0.0,0.1748,748,2773,0.1,0.25,45
30,15,false,,0.06463616318236289,0.11648027414104849,0.06011243563755813,13,28,1.0,29.0,0.6177351707609346,0.0,0.1032,748,2773,0.1,0.25,45
40,20,true,,0.07116995605048296,0.16196896213006118,0.09571772892565636,27,6,3.0,38.575000000000045,0.7057613168724279,0.0,0.049,748,2773,0.1,0.25,45
20,10,false,,0.11692608958610591,0.4125542854271997,0.31356360616339674,15,16,1.0,19.0,0.6774768353528154,0.0,0.2468,749,2774,0.1,0.25,45
30,15,false,,0.10702115936949,0.15211137562049254,0.06373652038773273,20,28,2.0,29.0,0.6190294230034391,0.0,0.2808,749,2774,0.1,0.25,45
40,20,true,,0.09881742682429054,0.4759175238903561,0.37267114471381335,34,38,11.0,39.0,0.8618134263295554,0.0,0.2168,749,2774,0.1,0.25,45
20,10,false,,0.10298094635538363,0.7211670069442677,0.615596042286927,16,16,7.0,19.0,0.9619565217391305,0.0,0.2846,750,2775,0.1,0.25,45
30,15,false,,0.12060427146351017,0.1591115615541936,0.057399559816338805,22,26,2.0,29.0,0.64385904892234,0.0,0.2724,750,2775,0.1,0.25,45
40,20,false,,0.12945668349132664,0.11481305362947614,-0.01641469485265419,20,6,2.0,38.0,0.44974321349963314,0.0,0.2658,750,2775,0.1,0.25,45
50,25,true,,0.1171476790681084,0.27766594737127187,0.16370513738497627,43,46,16.0,49.0,0.7711462450592885,0.5351778656126482,0.2368,750,2775,0.1,0.25,45
20,10,false,,0.13410573644531493,0.11667871402040991,-0.031720730406652055,7,1,1.0,18.0,0.41276448144294137,0.0,0.2578,751,2776,0.1,0.25,45
30,15,false,,0.10478362773313922,0.11136157343838954,0.019733365124132193,17,25,1.0,29.0,0.5451306413301663,0.0,0.2306,751,2776,0.1,0.25,45
40,20,false,,0.11410914605296515,0.16751787841420251,0.07938617181657873,30,34,2.0,39.0,0.6282973621103117,0.0,0.2742,751,2776,0.1,0.25,45
50,25,false,,0.142234830601704,0.10661607912006725,-0.041483385332982375,13,6,2.0,47.0,0.37613591465823787,0.09838008692216516,0.248,751,2776,0.1,0.25,45
60,30,false,,0.3953608074132138,0.11091620826876866,-0.2916253285047476,4,2,1.0,27.0,0.1623931623931624,0.0,0.1818,751,2776,0.1,0.25,45
20,10,false,,0.12632122447718444,0.24974304072964293,0.1388197594076097,15,17,2.0,19.0,0.6691247194613659,0.0,0.2982,752,2777,0.1,0.25,45
30,15,false,,0.13399276188547588,0.12967186467616268,-0.0007787836962926675,11,1,1.0,29.0,0.4965197215777262,0.0,0.245,752,2777,0.1,0.25,45
40,20,false,,0.12218000370189021,0.108405366757595,-0.0288090670442456,25,2,1.0,38.0,0.41374103435258586,0.0,0.2562,752,2777,0.1,0.25,45
50,25,true,,0.11765328413441789,0.3229065954471269,0.2048039304858763,40,46,11.0,49.0,0.780920060331825,0.40158371040723984,0.261,752,2777,0.1,0.25,45
20,10,false,,0.11835982880817403,0.14839361716212943,0.034276559425954825,11,1,1.0,19.0,0.5532942393928941,0.0,0.2812,753,2778,0.1,0.25,45
30,15,false,,0.12366052099541207,0.11576563831907143,-0.008150471629089606,10,4,1.0,28.0,0.4806228373702422,0.0,0.2868,753,2778,0.1,0.25,45
40,20,false,,0.13703616069895427,0.10055437362357812,-0.03877708130336707,7,4,1.0,31.0,0.33627254509018034,0.0,0.2474,753,2778,0.1,0.25,45
50,25,true,,0.11357886739680431,0.22456691466570688,0.11421365594770111,42,47,10.0,49.0,0.7486631016042781,0.4816653934300993,0.258,753,2778,0.1,0.25,45
20,10,false,,0.19866101876755493,0.1277900774203843,-0.07891916091113771,4,1,1.0,18.0,0.43990665110851807,0.0,0.2242,754,2779,0.1,0.25,45
30,15,false,,0.11953022195099706,0.1330964347598707,0.014746164364796352,22,25,2.0,29.0,0.5425378514780101,0.0,0.2922,754,2779,0.1,0.25,45
40,20,false,,0.1364650179735872,0.12048343860218935,-0.016819570422234892,12,3,1.0,38.0,0.4531914893617021,0.0,0.252,754,2779,0.1,0.25,45
50,25,false,,0.12965967138409284,0.13520201432296317,0.009373903444078874,31,43,2.0,48.0,0.5339839665388637,0.2920878354827466,0.257,754,2779,0.1,0.25,45
60,30,false,,0.15949166948222843,0.13364364736715745,-0.029859807504428557,7,4,1.0,42.0,0.42126379137412234,0.017051153460381142,0.12,754,2779,0.1,0.25,45
20,10,false,,0.1594813122884054,0.10621977460175885,-0.07123296296005512,6,1,1.0,19.0,0.3593969144460028,0.0,0.2684,755,2780,0.1,0.25,45
30,15,false,,0.11359980166821744,0.19165129841747208,0.09109517279598947,22,25,1.0,29.0,0.6313528990694345,0.0,0.268,755,2780,0.1,0.25,45
40,20,false,,0.14401200288524818,0.08342512335652684,-0.07390672522231875,14,4,1.0,38.0,0.31223449447748514,0.0,0.2134,755,2780,0.1,0.25,45
50,25,false,,0.11263631691472302,0.08609838232281489,-0.025178151329228488,21,15,2.0,45.0,0.36537564162389174,0.07699486700886607,0.1752,755,2780,0.1,0.25,45
60,30,true,,0.10279902875718741,0.5819133193949593,0.4813393514064117,54,55,27.0,59.0,0.8413547237076648,0.11527035056446822,0.0938,755,2780,0.1,0.25,45
20,10,false,,0.14723806414661944,0.5661654135200103,0.4064894118714033,16,16,3.0,19.0,0.8188759926695174,0.0,0.2892,756,2781,0.1,0.25,45
30,15,false,,0.1696687810127335,0.11731713282469614,-0.0872178407879195,12,1,1.0,29.0,0.24860059269015475,0.0,0.2456,756,2781,0.1,0.25,45
40,20,false,,0.13185686965119914,0.12811411637808945,-0.004105051810102525,28,32,4.0,38.0,0.4774173027989822,0.0,0.2616,756,2781,0.1,0.25,45
50,25,false,,0.12284030948362097,0.6551794258054795,0.5339313620187056,45,46,11.0,49.0,0.8834615384615384,0.6911538461538461,0.2254,756,2781,0.1,0.25,45
60,30,true,,0.13482039618131825,0.3925664445616943,0.26037624731844167,53,55,33.0,59.0,0.9059686562187396,0.14871623874624876,0.1842,756,2781,0.1,0.25,45
20,10,false,,0.17676881931773167,0.11271751823549916,-0.07197198905579409,6,1,1.0,19.0,0.3572649572649573,0.0,0.2692,757,2782,0.1,0.25,45
30,15,false,,0.12965551950826862,0.09995152832800151,-0.04011892250271244,16,26,1.0,29.0,0.3772391991570074,0.0,0.2464,757,2782,0.1,0.25,45
40,20,false,,0.3048987467063272,0.07997462599736531,-0.22450250930699045,4,2,1.0,24.0,0.11254851228978008,0.0,0.182,757,2782,0.1,0.25,45
50,25,true,,0.11274515215242652,0.4618346668990756,0.347627100919092,44,45,19.0,49.0,0.8294912559618441,0.6100953895071543,0.262,757,2782,0.1,0.25,45
20,10,false,,0.17885133563592512,0.14319402590588898,-0.037115300345783225,10,17,1.0,19.0,0.4509488581537472,0.0,0.2868,758,2783,0.1,0.25,45
30,15,false,,0.1359317044444449,0.14639274791427503,0.02269010296387352,18,25,1.0,29.0,0.5313531353135313,0.0,0.2778,758,2783,0.1,0.25,45
40,20,false,,0.2928211008507605,0.09761477753328054,-0.19302948737794914,5,2,1.0,28.0,0.13502575423105223,0.0,0.2276,758,2783,0.1,0.25,45
50,25,true,,0.11920450296920784,0.26354754704010197,0.1577735030922368,43,47,19.64999999999999,49.0,0.7540921202893034,0.49448039588884657,0.2296,758,2783,0.1,0.25,45
20,10,true,,0.08812632277576737,0.22609576292966477,0.14868258024910858,13,16,1.0,19.0,0.7398926654740609,0.0,0.2906,759,2784,0.1,0.25,45
20,10,false,,0.055012416914115445,0.10790880502010468,0.045472933834725164,10,13,1.0,18.0,0.6307550644567219,0.0,0.16,760,2785,0.1,0.25,45
30,15,false,,0.10806193727746985,0.0635608107298413,-0.041678430324297716,5,1,1.0,23.0,0.3589905362776025,0.0,0.078,760,2785,0.1,0.25,45
40,20,false,,0.1625323873962271,0.05949800701894226,-0.113306732417331,3,2,1.0,8.0,0.21168501270110077,0.0,0.0396,760,2785,0.1,0.25,45
50,25,true,,0.0642313787408752,0.4446233092693369,0.3865375428003802,44,44,43.0,49.0,1.0,0.9127589967284624,0.0212,760,2785,0.1,0.25,45
20,10,false,,0.0374510369345255,0.5910800880428977,0.5402934150948275,16,16,4.0,19.0,0.9156812339331619,0.0,0.1274,761,2786,0.1,0.25,45
30,15,false,,0.05205407339290077,0.08781280454555272,0.03364023158603674,23,26,6.0,29.0,0.6603098927294399,0.0,0.0702,761,2786,0.1,0.25,45
40,20,true,,0.032196919462770854,0.11850885691984935,0.08088477306528963,25,19,7.0,30.0,0.9213085764809903,0.0,0.0382,761,2786,0.1,0.25,45
20,10,true,,0.09826079601091456,0.21726606698236153,0.12939701075582077,14,16,2.0,19.0,0.7473045822102425,0.0,0.2942,762,2787,0.1,0.25,45
20,10,false,,0.11895100404134495,0.16307174391513918,0.05497141230892619,13,16,1.0,19.0,0.5989202921562401,0.0,0.2996,763,2788,0.1,0.25,45
30,15,false,,0.18864991523016314,0.10505415667832829,-0.11315573744315809,5,1,1.0,29.0,0.3038120908740855,0.0,0.2366,763,2788,0.1,0.25,45
40,20,false,,0.1096006851871898,0.1411472831630418,0.045905057124915175,30,36,2.0,39.0,0.6199761241543972,0.0,0.2544,763,2788,0.1,0.25,45
50,25,true,,0.11217054501954964,0.33465577923743406,0.22400975917719165,43,46,28.0,49.0,0.8416342412451362,0.5171206225680934,0.2542,763,2788,0.1,0.25,45
20,10,false,,0.12708843106652482,0.12133796441694072,0.0018765995443514594,11,15,1.0,19.0,0.5082374883431768,0.0,0.323,764,2789,0.1,0.25,45
30,15,false,,0.14028560043875576,0.09621548971787283,-0.06250613836036784,14,27,1.0,29.0,0.3811239193083574,0.0,0.28,764,2789,0.1,0.25,45
40,20,false,,0.11432827834888114,0.4303127812196181,0.3160176596391736,35,35,14.0,39.0,0.8109356950327301,0.0,0.2658,764,2789,0.1,0.25,45
50,25,true,,0.11532006107423197,0.43393355993139077,0.31746591067301533,44,46,6.0,49.0,0.8220930232558139,0.6372093023255814,0.2706,764,2789,0.1,0.25,45
20,10,false,,0.1255918989274615,0.5507157935101824,0.41049148540323266,14,17,1.0,19.0,0.6813902968863143,0.0,0.2668,765,2790,0.1,0.25,45
30,15,false,,0.11994035044012893,0.1287444756358168,0.011573093629485595,14,26,1.0,29.0,0.5373333333333333,0.0,0.2822,765,2790,0.1,0.25,45
40,20,false,,0.13247553623559416,0.11212057611496969,-0.031795789958006845,21,1,1.0,38.0,0.4387546087668988,0.0,0.2218,765,2790,0.1,0.25,45
50,25,false,,0.16756463170785543,0.10412220117441728,-0.07314931959654847,9,4,1.0,34.0,0.265564950038432,0.0030745580322828594,0.238,765,2790,0.1,0.25,45
60,30,false,,0.1320705504509005,0.16576582517720428,0.05952715680153191,28,5,1.0,57.0,0.6519729825808745,0.14468538926413083,0.1988,765,2790,0.1,0.25,45
20,10,true,,0.10239477740828175,0.2955916729232145,0.1981399998303187,14,16,3.0,19.0,0.8136686009026435,0.0,0.317,766,2791,0.1,0.25,45
20,10,false,,0.11978881722566262,0.17259867702245582,0.06444051588727623,14,16,2.0,19.0,0.6397105097545627,0.0,0.315,767,2792,0.1,0.25,45
30,15,false,,0.11274121758884952,0.23626817290658206,0.13694140247279887,24,27,3.0,29.0,0.693943763518385,0.0,0.2692,767,2792,0.1,0.25,45
40,20,true,,0.10884002305485443,0.2902722861790108,0.17692965950603556,33,36,3.0,39.0,0.7548608463591308,0.0,0.2596,767,2792,0.1,0.25,45
20,10,false,,0.06742405468702856,0.3905100363296356,0.3287649715467259,16,16,4.0,19.0,0.862545750305002,0.0,0.2484,768,2793,0.1,0.25,45
30,15,false,,0.103569454021572,0.16528062221785106,0.0841803286749663,15,26,1.0,29.0,0.6654984423676013,0.0,0.2864,768,2793,0.1,0.25,45
40,20,false,,0.11027191194578542,0.16738165046585685,0.08040604015919932,26,34,2.0,39.0,0.6943907156673114,0.0,0.287,768,2793,0.1,0.25,45
50,25,false,,0.11802486348307388,0.6606046465562196,0.5365929461172485,45,45,37.0,49.0,0.9816326530612245,0.7881632653061225,0.2484,768,2793,0.1,0.25,45
60,30,true,,0.12360995720462695,0.37342625538489305,0.24591590374191977,52,54,4.0,59.0,0.7963369963369963,0.08388278388278388,0.2266,768,2793,0.1,0.25,45
20,10,false,,0.0635595216689966,0.5801297864729767,0.5138617067685569,16,16,3.0,19.0,0.8941029900332226,0.0,0.2302,769,2794,0.1,0.25,45
30,15,false,,0.06433774810125438,0.07889969028425067,0.002075187512650234,18,25,1.0,28.0,0.5087336244541485,0.0,0.0924,769,2794,0.1,0.25,45
40,20,true,,0.06134774707830194,0.35170685865897805,0.3055600735364719,33,33,27.0,39.0,0.9623621025308241,0.0,0.053,769,2794,0.1,0.25,45
20,10,false,,0.06797104378351512,0.3463182291750524,0.27499025817330114,15,16,5.0,19.0,0.9048169556840077,0.0,0.2542,770,2795,0.1,0.25,45
30,15,true,,0.08944945390810859,0.22053385984724497,0.12316462431966764,21,25,2.0,29.0,0.7344632768361582,0.0,0.264,770,2795,0.1,0.25,45
20,10,false,,0.10652602571059144,0.24565929374706721,0.14269299940721825,15,16,3.0,19.0,0.7873450750163079,0.0,0.296,771,2796,0.1,0.25,45
30,15,false,,0.10124124942711149,0.1755853045527835,0.09887720978607549,20,25,2.0,29.0,0.6721943694562283,0.0,0.2866,771,2796,0.1,0.25,45
40,20,false,,0.11719902315814743,0.14449831784896736,0.05658587202038188,20,3,1.0,39.0,0.5923414439569207,0.0,0.2718,771,2796,0.1,0.25,45
50,25,false,,0.2017748064782901,0.10067290977231239,-0.11392085050710904,7,4,1.0,35.0,0.2424742268041237,0.0,0.2556,771,2796,0.1,0.25,45
60,30,true,,0.1277100660696924,0.7068888454280386,0.5780274471871513,52,50,31.9,59.0,1.0,0.2078853046594982,0.0274,771,2796,0.1,0.25,45
20,10,false,,0.11607176843808223,0.20512242273063175,0.10313622579634368,14,17,2.0,19.0,0.6497045305318451,0.0,0.2774,772,2797,0.1,0.25,45
30,15,false,,0.11451654413680964,0.1311705784347047,0.016744278722879646,19,24,1.0,28.0,0.544177449168207,0.0,0.2684,772,2797,0.1,0.25,45
40,20,true,,0.10246291690706467,0.4886583679554347,0.3870859666799762,33,35,5.0,39.0,0.7952622673434856,0.0,0.2284,772,2797,0.1,0.25,45
20,10,true,,0.0843605679461216,0.424799885304377,0.3463768465031736,14,16,2.0,19.0,0.8939917127071824,0.0,0.3068,773,2798,0.1,0.25,45
20,10,true,,0.10533821413520383,0.48186086071524753,0.38078011507769094,14,15,2.0,19.0,0.7866263440860215,0.0,0.3004,774,2799,0.1,0.25,45
20,10,true,,0.11508358037036687,0.2901369084115852,0.18503743919782567,14,14,3.0,19.0,0.7775302355187779,0.0,0.3106,775,2800,0.1,0.25,45
20,10,false,,0.09138838597863023,0.18661141245080393,0.09532216243820148,14,17,2.0,19.0,0.6977680204903037,0.0,0.283,776,2801,0.1,0.25,45
30,15,false,,0.12529031274514896,0.10658555464332761,-0.018982342718846905,11,1,1.0,27.0,0.44156346749226005,0.0,0.2828,776,2801,0.1,0.25,45
40,20,false,,0.1201596156376955,0.10937105786054309,-0.004259576148116954,15,3,1.9250000000000043,38.0,0.4860541427399508,0.0,0.248,776,2801,0.1,0.25,45
50,25,false,,0.14293071899174659,0.10298987182924452,-0.05201258732652635,10,2,1.0,47.0,0.3462039045553145,0.07071583514099783,0.2448,776,2801,0.1,0.25,45
60,30,true,,0.1122246875837447,0.27770677427175666,0.16066115461668196,51,55,21.0,59.0,0.7677966101694915,0.1944915254237288,0.2266,776,2801,0.1,0.25,45
20,10,true,,0.11839082679908848,0.19772464995389352,0.09136536097764035,12,15,2.0,19.0,0.7006079027355623,0.0,0.3212,777,2802,0.1,0.25,45
20,10,false,,0.10188382375519217,0.20446802846426423,0.11423221987284639,14,16,1.0,19.0,0.6719745222929936,0.0,0.2782,778,2803,0.1,0.25,45
30,15,false,,0.10933166682150193,0.1224642544095618,0.02590495177895348,17,25,2.0,29.0,0.5861943024105186,0.0,0.2924,778,2803,0.1,0.25,45
40,20,true,,0.11172364073516804,0.24913799945117843,0.14617126672135095,31,36,3.0,39.0,0.8097507331378299,0.0,0.2682,778,2803,0.1,0.25,45
20,10,false,,0.11838114200759413,0.15901671054724814,0.059553996745640526,10,2,1.0,19.0,0.6537091026886945,0.0,0.3222,779,2804,0.1,0.25,45
30,15,false,,0.13448349434081897,0.1443520972758238,0.028064874528589093,13,1,1.0,28.0,0.5443083573487032,0.0,0.2476,779,2804,0.1,0.25,45
40,20,false,,0.12016487982139978,0.20272777823067795,0.09378055526505918,32,36,4.0,39.0,0.691267811472415,0.0,0.2496,779,2804,0.1,0.25,45
50,25,false,,0.11990745457624186,0.13743833178975007,0.019489017356898952,37,46,9.0,49.0,0.5492040520984081,0.33719247467438496,0.24,779,2804,0.1,0.25,45
60,30,true,,0.12804726953197124,0.2899505637956179,0.18897536917515162,51,55,2.0,58.0,0.7846730528946272,0.12952936276551436,0.1534,779,2804,0.1,0.25,45
20,10,false,,0.15091877244194443,0.12518239700032163,-0.03064185800979785,12,16,1.0,19.0,0.4407772979642196,0.0,0.2964,780,2805,0.1,0.25,45
30,15,false,,0.12275015259210642,0.1139276865001216,-0.010920624803102685,17,23,2.0,29.0,0.47359216509268975,0.0,0.2744,780,2805,0.1,0.25,45
40,20,false,,0.12703670421560667,0.11534276026350371,-0.018355932079258494,20,2,1.0,39.0,0.4579003941239699,0.0,0.2358,780,2805,0.1,0.25,45
50,25,false,,0.12465272806706469,0.12723764961235148,0.006082953892013521,29,45,1.1499999999999915,48.0,0.5175670570457122,0.27616169248205513,0.2408,780,2805,0.1,0.25,45
60,30,false,,0.1296239075311519,0.16096352773397218,0.04002476196529903,47,54,1.0,59.0,0.6434108527131783,0.1483204134366925,0.1342,780,2805,0.1,0.25,45
20,10,false,,0.310707980095742,0.10560546200499778,-0.20588121544637825,3,1,1.0,14.0,0.17290049400141144,0.0,0.2262,781,2806,0.1,0.25,45
30,15,false,,0.1923225613667306,0.11008912164158453,-0.09760534717887667,6,1,1.0,28.0,0.3132102272727273,0.0,0.2586,781,2806,0.1,0.25,45
40,20,false,,0.2007024174918837,0.1034179695833565,-0.10618034989775732,6,3,1.0,21.0,0.21518987341772153,0.0,0.2354,781,2806,0.1,0.25,45
50,25,false,,0.1299797971170296,0.1449581477162711,0.03550326172973993,35,46,1.0,49.0,0.5657587548638132,0.2972762645914397,0.2202,781,2806,0.1,0.25,45
60,30,true,,0.12532269462794515,0.2871647786391901,0.16235557721236554,50,48,34.0,59.0,0.8093072078376488,0.28971308607417773,0.215,781,2806,0.1,0.25,45
20,10,false,,0.10196309733380889,0.26969566539229833,0.18772877476211958,15,17,2.0,19.0,0.7839011356045424,0.0,0.304,782,2807,0.1,0.25,45
30,15,false,,0.12851220118631498,0.12970824232014874,0.0166248876355838,13,1,1.0,28.0,0.5268817204301075,0.0,0.285,782,2807,0.1,0.25,45
40,20,false,,0.1994023488019906,0.1034141082610816,-0.09936366739460598,4,2,1.0,28.0,0.2698612862547289,0.0,0.2136,782,2807,0.1,0.25,45
50,25,false,,0.12046918925712895,0.1582532812840177,0.040849858466486644,40,45,2.0,48.0,0.598735589438453,0.3971736705094831,0.2432,782,2807,0.1,0.25,45
60,30,true,,0.12159090720051434,0.4822040183566624,0.3437492599708962,46,52,2.0,58.0,0.7887323943661971,0.07524091919940697,0.2346,782,2807,0.1,0.25,45
20,10,false,,0.13091778599029735,0.1080780517614953,-0.0315454460744104,9,3,1.0,19.0,0.4377895433487756,0.0,0.2948,783,2808,0.1,0.25,45
30,15,false,,0.11128480131840315,0.1306494109942772,0.025100303010786654,18,26,2.0,29.0,0.5587447378492154,0.0,0.2794,783,2808,0.1,0.25,45
40,20,false,,0.11468136233799105,0.1325292449274041,0.028137139251125487,24,34,1.0,38.0,0.5361719718892104,0.0,0.2522,783,2808,0.1,0.25,45
50,25,false,,0.1737616471915275,0.08686543663234177,-0.09926196512914029,8,4,1.0,46.0,0.27068345323741005,0.12365107913669064,0.1796,783,2808,0.1,0.25,45
60,30,true,,0.10758613708309145,0.17616744149914934,0.07003909392564428,51,54,29.0,58.0,0.7119402985074627,0.17313432835820897,0.1318,783,2808,0.1,0.25,45
20,10,true,,0.10971119948488381,0.3152768343943385,0.2415244720149405,12,15,1.0,19.0,0.7906607369758577,0.0,0.3064,784,2809,0.1,0.25,45
20,10,false,,0.09474011191101732,0.17099347458549255,0.09393777355347804,13,16,1.0,19.0,0.6475553992261696,0.0,0.2954,785,2810,0.1,0.25,45
30,15,true,,0.10037329177411941,0.20029031071549613,0.1082047838078757,21,26,3.0,29.0,0.7371472748357171,0.0,0.2964,785,2810,0.1,0.25,45
20,10,false,,0.13030184168056114,0.37740489763419405,0.25521577544922897,15,16,1.0,19.0,0.7288590604026846,0.0,0.2438,786,2811,0.1,0.25,45
30,15,true,,0.13107038994271747,0.27172332576176544,0.15332541963725257,23,26,2.0,29.0,0.7351882160392799,0.0,0.2722,786,2811,0.1,0.25,45
20,10,false,,0.09156275738696916,0.14422165128297496,0.062132569234116114,14,17,2.0,19.0,0.6417651146629604,0.0,0.2904,787,2812,0.1,0.25,45
30,15,false,,0.10813031127533769,0.14587883394304257,0.05246961065445008,21,27,1.0,29.0,0.5742331288343558,0.0,0.2398,787,2812,0.1,0.25,45
40,20,false,,0.15694172648791313,0.10125473509430136,-0.06420924126480505,10,1,1.0,38.0,0.39752348420153716,0.0,0.2278,787,2812,0.1,0.25,45
50,25,true,,0.10803530821956032,0.4016028332569223,0.29590790180240245,44,46,4.0,49.0,0.845114813147231,0.6303466906798739,0.2042,787,2812,0.1,0.25,45
20,10,true,,0.12367535699136631,0.297243608204892,0.18625144271337674,14,16,1.0,19.0,0.7501599488163787,0.0,0.296,788,2813,0.1,0.25,45
20,10,false,,0.16989631308260408,0.12146968113454454,-0.05784244817261472,8,7,1.0,19.0,0.36315323294951285,0.0,0.3288,789,2814,0.1,0.25,45
30,15,false,,0.18028459328111937,0.11205497596242485,-0.09552298354899111,7,2,1.0,27.0,0.310228802153432,0.0,0.2464,789,2814,0.1,0.25,45
40,20,false,,0.13656968696303515,0.10685901580267015,-0.0395112899356925,14,35,2.0,38.0,0.36231884057971014,0.0,0.2474,789,2814,0.1,0.25,45
50,25,false,,0.21255937509168882,0.10182113308788565,-0.10915615231649362,6,2,1.0,28.0,0.17308440295604824,0.0,0.2318,789,2814,0.1,0.25,45
60,30,true,,0.12040427140519117,0.1677675471164184,0.07694063356270102,36,48,4.0,57.0,0.7653710247349823,0.22473498233215547,0.2538,789,2814,0.1,0.25,45
20,10,false,,0.16255410920424676,0.10559274903111697,-0.07888040413249324,9,3,1.0,19.0,0.3118214716525935,0.0,0.3062,790,2815,0.1,0.25,45
30,15,false,,0.30783475570530705,0.07202231699640921,-0.23628953536777564,4,2,1.0,19.40000000000009,0.08893709327548807,0.0,0.2014,790,2815,0.1,0.25,45
40,20,true,,0.11537221266399932,0.41217184633908116,0.26975487247146995,32,36,3.0,39.0,0.7639799460084844,0.0,0.2706,790,2815,0.1,0.25,45
20,10,false,,0.07829707173754344,0.12517305008920443,0.04525777712562659,12,16,2.0,19.0,0.6484263233190272,0.0,0.2906,791,2816,0.1,0.25,45
30,15,false,,0.11149587049893933,0.10503221646321147,-0.005505978423373345,9,4,1.0,28.0,0.4784905660377359,0.0,0.2918,791,2816,0.1,0.25,45
40,20,false,,0.10993138673086411,0.1296249611087678,0.03118790660396016,22,35,3.0,38.0,0.610104126494408,0.0,0.2942,791,2816,0.1,0.25,45
50,25,false,,0.11977486055463021,0.17416285080967778,0.07726669558021407,39,45,3.0,49.0,0.6556548775748154,0.3684415079673533,0.2742,791,2816,0.1,0.25,45
60,30,true,,0.12327280771634515,0.33562561376619476,0.21778563796726474,51,52,34.0,58.0,0.889763779527559,0.2297780959198282,0.2278,791,2816,0.1,0.25,45
20,10,false,,0.0644865233297945,0.08358094673281946,0.01233961351671143,10,8,1.0,19.0,0.55025011368804,0.0,0.1686,792,2817,0.1,0.25,45
30,15,true,,0.09389423976306063,0.470025044451139,0.3787570791681883,22,26,5.0,29.0,0.8829996073812328,0.0,0.2976,792,2817,0.1,0.25,45
20,10,false,,0.11181533948639122,0.16393588411560434,0.06656535184631523,13,16,1.0,19.0,0.6097402597402597,0.0,0.312,793,2818,0.1,0.25,45
30,15,false,,0.147550952430812,0.10251328353073819,-0.05832385371713507,6,1,1.0,25.0,0.3408569242540168,0.0,0.2636,793,2818,0.1,0.25,45
40,20,false,,0.11684097572281076,0.12774448327371807,0.021253813916636347,26,36,2.0,39.0,0.5737167819439388,0.0,0.2862,793,2818,0.1,0.25,45
50,25,false,,0.11625547594301097,0.6985087885139765,0.5748134595241408,45,46,32.0,49.0,0.9544147843942505,0.713347022587269,0.2214,793,2818,0.1,0.25,45
60,30,false,,0.448432221687539,0.13617262411209197,-0.3181052347608583,4,1,1.0,54.0,0.3937349397590361,0.14265060240963856,0.1202,793,2818,0.1,0.25,45
20,10,false,,0.11315852083138597,0.1640623169873452,0.06305817465947651,11,15,1.0,19.0,0.6235521235521235,0.0,0.3028,794,2819,0.1,0.25,45
30,15,false,,0.10376787984800305,0.1146794276497402,0.013419327641947164,19,25,4.0,29.0,0.5467889908256881,0.0,0.2686,794,2819,0.1,0.25,45
40,20,false,,0.1286982717738406,0.21713132853629016,0.10561255422606133,26,2,1.0,39.0,0.5822058220582206,0.0,0.2422,794,2819,0.1,0.25,45
50,25,true,,0.11324604025044818,0.40183026949531037,0.2969335375417893,44,46,22.0,49.0,0.7717705323978539,0.564589352042922,0.2538,794,2819,0.1,0.25,45
20,10,false,,0.08514870432699827,0.11075470130516668,0.03874292937842106,11,16,1.0,18.0,0.6116185604676653,0.0,0.2816,795,2820,0.1,0.25,45
30,15,true,,0.08346919976279432,0.38723401242434363,0.29297885772030763,23,26,1.0,29.0,0.8309370352007932,0.0,0.1838,795,2820,0.1,0.25,45
20,10,false,,0.1321424364385927,0.129451036290369,-0.010382615924659305,9,2,1.0,18.0,0.4798668885191348,0.0,0.2998,796,2821,0.1,0.25,45
30,15,false,,0.12802619341803287,0.13999136240082916,0.022303460197814123,11,2,1.0,29.0,0.5365111561866126,0.0,0.2872,796,2821,0.1,0.25,45
40,20,false,,0.1459887276787231,0.11639027524856004,-0.03866085910997566,10,1,1.0,35.0,0.35260115606936415,0.0,0.2494,796,2821,0.1,0.25,45
50,25,false,,0.1610428548924173,0.11140072371965487,-0.06725920267047888,8,1,1.0,45.0,0.30666666666666664,0.0997979797979798,0.203,796,2821,0.1,0.25,45
60,30,true,,0.12414253938736827,0.17565011705419248,0.06289749276300638,38,42,3.0,55.0,0.7393876130828114,0.19241475295755045,0.2404,796,2821,0.1,0.25,45
20,10,true,,0.05604894631907915,0.23055120819211486,0.1863985759852128,14,16,1.0,19.0,0.7080858839652809,0.0,0.1798,797,2822,0.1,0.25,45
20,10,true,,0.0979716076073343,0.24390907321076133,0.1598254589070256,12,15,1.0,19.0,0.744636678200692,0.0,0.3062,798,2823,0.1,0.25,45
20,10,false,,0.21690251373886793,0.0815078334238654,-0.1462153841565189,3,1,1.0,18.0,0.22014331210191082,0.0,0.231,799,2824,0.1,0.25,45
30,15,false,,0.11448016541307944,0.07794163707889819,-0.04818654534567077,11,4,1.0,28.0,0.36280614362806146,0.0,0.2262,799,2824,0.1,0.25,45
40,20,false,,0.1305350323682625,0.137821291048627,0.030919168500720573,27,2,1.0,39.0,0.5337526205450733,0.0,0.251,799,2824,0.1,0.25,45
50,25,false,,0.1252791140114644,0.17440717977562253,0.0726715884262102,32,43,1.0,48.0,0.6386554621848739,0.2769107643057223,0.2778,799,2824,0.1,0.25,45
60,30,false,,0.1382626454275831,0.11813175112052804,-0.03684251047680434,26,4,1.0,56.0,0.4018653690186537,0.17518248175182483,0.2232,799,2824,0.1,0.25,45
20,10,false,,0.09958545467700865,0.5484349176557805,0.4559304305968263,16,16,8.0,19.0,0.9166097060833903,0.0,0.284,800,2825,0.1,0.25,45
30,15,false,,0.11058347555322351,0.08891815055107202,-0.0358259376339733,13,9,1.0,28.0,0.37969094922737306,0.0,0.2704,800,2825,0.1,0.25,45
40,20,false,,0.12406899344269218,0.12914944116779625,0.010328101909721304,21,4,2.0,38.27500000000009,0.5266409266409267,0.0,0.2764,800,2825,0.1,0.25,45
50,25,false,,0.49768038893365096,0.09481925440062593,-0.40463120673428193,4,2,1.0,16.0,0.09912280701754386,0.0,0.2138,800,2825,0.1,0.25,45
60,30,false,,0.11862068198471618,0.1282536281264531,0.015238801443652014,30,53,4.0,57.0,0.5666521927920104,0.1228831958315241,0.1884,800,2825,0.1,0.25,45
20,10,false,,0.12277915969195576,0.09321856487347813,-0.044856211020864,8,1,1.0,19.0,0.42709132770529545,0.0,0.2412,801,2826,0.1,0.25,45
30,15,false,,0.07586804622635675,0.705012734632211,0.6226072524973514,26,26,20.0,29.0,1.0,0.0,0.1616,801,2826,0.1,0.25,45
40,20,true,,0.07556647197682678,0.15735218839253873,0.08045932808954015,32,29,17.0,39.0,0.8041025641025641,0.0,0.1088,801,2826,0.1,0.25,45
20,10,false,,0.1343677891677524,0.5086496874895464,0.3870958551308443,15,17,2.0,19.0,0.7893738140417458,0.0,0.2998,802,2827,0.1,0.25,45
30,15,false,,0.11952455255885985,0.3679489993701461,0.2564617659409446,25,26,2.0,29.0,0.7643816741302101,0.0,0.2454,802,2827,0.1,0.25,45
40,20,false,,0.17672983157699693,0.10177744513094863,-0.09543060480037505,11,1,1.0,36.0,0.22991071428571427,0.0,0.2178,802,2827,0.1,0.25,45
50,25,false,,0.1741137615168052,0.10921457127750736,-0.07858699074138836,9,3,1.0,41.0,0.27582496413199425,0.019368723098995694,0.2324,802,2827,0.1,0.25,45
60,30,false,,0.13518091532871118,0.13741123224092142,0.00398884096944499,10,9,1.0,29.0,0.5129682997118156,0.0,0.1576,802,2827,0.1,0.25,45
20,10,false,,0.053378795859368076,0.704788549533828,0.6355095456629696,17,17,7.225000000000001,19.0,0.988780487804878,0.0,0.1752,803,2828,0.1,0.25,45
30,15,false,,0.05261991958477556,0.10243486172264227,0.04152085193729067,20,18,8.0,29.0,0.6612802983219391,0.0,0.0764,803,2828,0.1,0.25,45
40,20,false,,0.20458992552149097,0.05275797232295965,-0.14144480220830136,2,1,1.0,19.0,0.15751575157515751,0.0,0.0278,803,2828,0.1,0.25,45
50,25,false,,0.07212517337089981,0.06479835801542079,0.0024707843258681694,8,9,2.0,14.0,0.5441176470588235,0.0,0.0252,803,2828,0.1,0.25,45
60,30,true,,0.05033998944708766,0.18746425277776052,0.14195986577096803,45,47,32.0,50.0,0.9678899082568807,0.6944954128440367,0.017,803,2828,0.1,0.25,45
20,10,false,,0.08414626059213381,0.586690918889234,0.499137903004333,16,16,4.0,19.0,0.882660687593423,0.0,0.2652,804,2829,0.1,0.25,45
30,15,false,,0.10432023604438047,0.1284766110336828,0.04101570343459338,16,26,2.0,29.0,0.6248596031448895,0.0,0.2862,804,2829,0.1,0.25,45
40,20,false,,0.10598720205966494,0.4934130725088996,0.37628476924761406,35,36,5.025000000000006,39.0,0.9025389025389026,0.0,0.2526,804,2829,0.1,0.25,45
50,25,true,,0.11642405484447375,0.2717777948511572,0.1632358890580673,43,45,18.0,49.0,0.783981517135156,0.5660377358490566,0.2622,804,2829,0.1,0.25,45
20,10,false,,0.16214223115407286,0.11200552763894317,-0.06321870008462735,9,8,1.0,19.0,0.3998158944461491,0.0,0.2922,805,2830,0.1,0.25,45
30,15,false,,0.10370868748910536,0.08900400229780148,-0.021372865935014237,19,22,3.0,29.0,0.45063879210220675,0.0,0.223,805,2830,0.1,0.25,45
40,20,false,,0.18766369074358671,0.06261790026960729,-0.1291270423118752,7,8,1.0,16.0,0.11761684643040575,0.0,0.1254,805,2830,0.1,0.25,45
50,25,false,,0.11994659828497509,0.07482763440496851,-0.054015125178441384,10,9,1.0,47.0,0.28656361474435194,0.13317479191438764,0.0868,805,2830,0.1,0.25,45
60,30,true,,0.08193688436099617,0.16760008895263637,0.08883006837214996,48,53,31.0,59.0,0.788750817527796,0.2354480052321779,0.0472,805,2830,0.1,0.25,45
20,10,false,,0.13629086059605988,0.13511256075787464,0.004997394792283921,11,11,2.0,19.0,0.5162861491628615,0.0,0.3202,806,2831,0.1,0.25,45
30,15,false,,0.14192330582094226,0.14554531017897715,0.03031224025959156,14,1,1.0,29.0,0.5372670807453416,0.0,0.2422,806,2831,0.1,0.25,45
40,20,false,,0.19185490094154156,0.09920380748270848,-0.11062288728516369,7,2,1.0,25.0,0.21716772151898733,0.0,0.2154,806,2831,0.1,0.25,45
50,25,false,,0.12115660720351,0.19668618797984397,0.10287687072510565,36,46,2.0,49.0,0.6718027734976888,0.32395993836671805,0.2436,806,2831,0.1,0.25,45
60,30,false,,0.3272691078154343,0.13068562438190467,-0.19428806804405205,4,1,1.0,20.0,0.30154946364719903,0.0,0.163,806,2831,0.1,0.25,45
20,10,false,,0.09432304506944894,0.5651220066171603,0.4753009429120215,16,16,2.0,19.0,0.8226106359241354,0.0,0.256,807,2832,0.1,0.25,45
30,15,true,,0.09451220685264891,0.2668926975107161,0.1769384345217314,24,26,8.0,29.0,0.7520726411369917,0.0,0.263,807,2832,0.1,0.25,45
20,10,false,,0.08960939708757887,0.11760314347269846,0.03593004356949791,12,16,1.0,19.0,0.589086859688196,0.0,0.2866,808,2833,0.1,0.25,45
30,15,false,,0.07819201927112766,0.21248531817456268,0.14001088558244626,20,26,2.0,29.0,0.6966779008184882,0.0,0.1814,808,2833,0.1,0.25,45
40,20,true,,0.08285107529696889,0.1770602425844586,0.10403852551286051,32,37,2.0,39.0,0.7548005908419497,0.0,0.1114,808,2833,0.1,0.25,45
20,10,false,,0.14142770667107624,0.15560119461760855,0.03190015963659617,10,1,1.0,19.0,0.5349152542372881,0.0,0.2652,809,2834,0.1,0.25,45
30,15,false,,0.12813998357333428,0.15036638088000595,0.037530428002027244,19,26,1.0,29.0,0.5416078984485191,0.0,0.2682,809,2834,0.1,0.25,45
40,20,false,,0.11759257383430796,0.12105391335252197,0.007836504686249274,21,2,1.0,39.0,0.516600790513834,0.0,0.2488,809,2834,0.1,0.25,45
50,25,false,,0.1284201302949573,0.1105784001397228,-0.023149660068370402,17,11,2.0,47.0,0.42295472597299444,0.10722795869737888,0.2514,809,2834,0.1,0.25,45
60,30,true,,0.12168618349579068,0.28482502623414707,0.1633841224293927,48,54,25.0,59.0,0.8176236908631275,0.20621162874684001,0.2416,809,2834,0.1,0.25,45
20,10,false,,0.15385180126667256,0.15017010785334964,0.001603628828898522,11,16,1.0,19.0,0.5060716454159077,0.0,0.293,810,2835,0.1,0.25,45
30,15,false,,0.1574317840117689,0.14051337756074922,-0.010338463811595922,7,1,1.0,29.0,0.4830801104972376,0.0,0.2488,810,2835,0.1,0.25,45
40,20,false,,0.15645737621815084,0.10880778043149157,-0.06111741407592164,12,2,1.0,28.0,0.3005284015852048,0.0,0.2576,810,2835,0.1,0.25,45
50,25,false,,0.13119311966023908,0.13523726057778007,0.014598332722657925,26,46,1.0,49.0,0.5219330855018587,0.3349442379182156,0.2266,810,2835,0.1,0.25,45
60,30,false,,0.4300877050058418,0.12710385029898585,-0.30838669384517814,4,1,1.0,28.0,0.22380952380952382,0.0,0.1414,810,2835,0.1,0.25,45
20,10,false,,0.11636598640647698,0.5572590993899514,0.4327902049792441,16,16,4.0,19.0,0.796858996244452,0.0,0.2798,811,2836,0.1,0.25,45
30,15,false,,0.12367276178059033,0.13111968562737963,0.011497117776396615,22,27,1.0,29.0,0.5259084791386271,0.0,0.2714,811,2836,0.1,0.25,45
40,20,false,,0.1252761715315384,0.12433732198580534,0.005874600088071308,17,35,2.0,38.0,0.5176470588235295,0.0,0.2672,811,2836,0.1,0.25,45
50,25,false,,0.1382568830349187,0.10957370701167873,-0.031564000671487555,11,4,1.0,46.0,0.3924287856071964,0.06746626686656672,0.2452,811,2836,0.1,0.25,45
60,30,true,,0.12398815124826235,0.4285355979428002,0.29984063140966266,53,53,44.0,59.0,0.9129335260115607,0.13005780346820808,0.2006,811,2836,0.1,0.25,45
20,10,false,,0.1338372274140206,0.14435394918639843,0.009337955680418258,9,1,1.0,18.0,0.5191880748493498,0.0,0.303,812,2837,0.1,0.25,45
30,15,false,,0.14501160217426856,0.10688419787927449,-0.05886607882746602,6,4,1.0,28.0,0.3915574963609898,0.0,0.282,812,2837,0.1,0.25,45
40,20,true,,0.10818523340284905,0.41958581099858416,0.3096660005231421,34,35,13.0,39.0,0.8159636062861869,0.0,0.259,812,2837,0.1,0.25,45
20,10,false,,0.16090768343363512,0.12037168271149673,-0.05837242779901662,8,2,1.0,19.0,0.3858934169278997,0.0,0.3032,813,2838,0.1,0.25,45
30,15,false,,0.09625228445527026,0.5029558992153884,0.4135654683190595,26,27,12.0,29.0,0.8658927141713371,0.0,0.2266,813,2838,0.1,0.25,45
40,20,false,,0.11369719114527203,0.09758192459407009,-0.019282367621193966,21,3,1.0,39.0,0.4669421487603306,0.0,0.1716,813,2838,0.1,0.25,45
50,25,false,,0.7644906945506553,0.07147716768444136,-0.696972650440711,2,2,1.0,5.0,0.0,0.0,0.057,813,2838,0.1,0.25,45
60,30,false,,0.17161639335259649,0.10191417621406486,-0.07719892234126485,11,2,1.0,37.90000000000009,0.24989775051124744,0.015132924335378323,0.2446,813,2838,0.1,0.25,45
20,10,false,,0.07881484512676692,0.29859834646083205,0.22395761244713047,15,16,2.0,19.0,0.782642089093702,0.0,0.254,814,2839,0.1,0.25,45
30,15,false,,0.09966323619249054,0.12342448450837315,0.02276912337856693,15,20,2.0,28.0,0.5831144465290806,0.0,0.3,814,2839,0.1,0.25,45
40,20,true,,0.10442826674831057,0.36305078262549273,0.2603129320270239,31,35,3.0,39.0,0.8244746600741656,0.0,0.2642,814,2839,0.1,0.25,45
20,10,false,,0.10324707988741173,0.38047376469324157,0.2980945604601769,15,16,1.0,19.0,0.795990151248681,0.0,0.2752,815,2840,0.1,0.25,45
30,15,false,,0.11750711908094336,0.1287870713140191,0.019340154350416416,12,1,1.0,28.0,0.5658465991316932,0.0,0.2884,815,2840,0.1,0.25,45
40,20,false,,0.2152397601934462,0.1016834217888646,-0.12725221627120747,4,1,1.0,38.0,0.34643949322848405,0.0,0.235,815,2840,0.1,0.25,45
50,25,false,,0.11268768881108668,0.11036972469822473,0.0032347590646313318,30,45,4.0,48.0,0.5194017784963622,0.2429264349232013,0.2406,815,2840,0.1,0.25,45
60,30,true,,0.11633472913187394,0.7188817892945453,0.6029529417577517,54,56,42.0,59.0,0.9848612279226241,0.1047098402018503,0.1988,815,2840,0.1,0.25,45
20,10,false,,0.09181931768929745,0.18345625046423553,0.10517565377555746,14,16,3.0,19.0,0.6999299719887955,0.0,0.295,816,2841,0.1,0.25,45
30,15,false,,0.12457200563923808,0.10764472039304833,-0.02531005958413665,12,1,1.0,29.0,0.45226130653266333,0.0,0.2776,816,2841,0.1,0.25,45
40,20,false,,0.10510877289943119,0.6956603579962587,0.5789600072897202,35,36,7.0,39.0,0.8954790543343011,0.0,0.2588,816,2841,0.1,0.25,45
50,25,true,,0.11490135940834459,0.4054541351794179,0.2753550832970115,42,46,9.0,49.0,0.7567455375674553,0.46367787463677873,0.2462,816,2841,0.1,0.25,45
20,10,true,,0.12725259733184294,0.29848296471168256,0.19417836498227428,14,16,1.0,19.0,0.7758566488525621,0.0,0.3076,817,2842,0.1,0.25,45
20,10,false,,0.1023985671419627,0.12477981869344817,0.02659175303304452,13,16,1.0,19.0,0.561228009658503,0.0,0.2864,818,2843,0.1,0.25,45
30,15,true,,0.10828350280724537,0.37837525899893476,0.26397279767587367,23,26,1.7999999999999972,29.0,0.7430473952213082,0.0,0.283,818,2843,0.1,0.25,45
20,10,false,,0.10030779241720367,0.15527192015180383,0.06513259570969814,10,2,1.0,18.0,0.6491963661774982,0.0,0.277,819,2844,0.1,0.25,45
30,15,false,,0.10761066552695377,0.13485944108312548,0.04511430390367248,21,26,1.0,29.0,0.5899224806201551,0.0,0.2704,819,2844,0.1,0.25,45
40,20,true,,0.09590079921151946,0.37770328789860697,0.2653687248471734,34,36,24.0,39.0,0.9036973344797936,0.0,0.2182,819,2844,0.1,0.25,45
20,10,true,,0.11525246349450816,0.2751102147484908,0.17588602818674648,14,17,1.0,19.0,0.7205882352941176,0.0,0.2974,820,2845,0.1,0.25,45
20,10,false,,0.07133598173180891,0.08218784759522389,0.008486608675269826,12,1,1.0,19.0,0.5366084081247048,0.0,0.1618,821,2846,0.1,0.25,45
30,15,false,,0.05412924379610249,0.8522399050014774,0.7836043128161427,27,28,22.0,29.0,1.0,0.0,0.0668,821,2846,0.1,0.25,45
40,20,false,,0.06830835349952975,0.07846033133818918,0.02748696617524881,11,6,1.0,26.0,0.6157082748948106,0.0,0.055,821,2846,0.1,0.25,45
50,25,false,,0.05952678196690762,0.08909361078363094,0.032197844536971595,18,18,8.0,25.0,0.665296052631579,0.0,0.0414,821,2846,0.1,0.25,45
60,30,false,,0.7695210062285293,0.05847795162738219,-0.7101786566703391,1,1,1.0,5.0,0.0,0.0,0.0128,821,2846,0.1,0.25,45
20,10,false,,0.07379288240969331,0.3629367953865851,0.28839114578274716,15,16,5.0,19.0,0.8730454206999255,0.0,0.295,822,2847,0.1,0.25,45
30,15,true,,0.09921401541234108,0.24474681761703043,0.1655233626721192,21,26,1.0,29.0,0.7806983130639467,0.0,0.2748,822,2847,0.1,0.25,45
20,10,false,,0.0970596261289245,0.7507486151506764,0.6406412371484966,16,18,4.0,19.0,0.9283559577677225,0.0,0.267,823,2848,0.1,0.25,45
30,15,false,,0.08386810533892439,0.48376016930031757,0.40661921913521504,26,27,3.0,29.0,0.864816472694718,0.0,0.191,823,2848,0.1,0.25,45
40,20,false,,0.09490109006441251,0.10592497926126909,0.025718656802019194,19,36,2.0,38.0,0.571566265060241,0.0,0.14,823,2848,0.1,0.25,45
50,25,false,,0.08836015213610787,0.1037612071575321,0.012203478514615923,34,36,1.0,47.0,0.5556756756756757,0.17621621621621622,0.09,823,2848,0.1,0.25,45
60,30,false,,0.09456153468225188,0.09641769815143379,0.009188548877302652,35,14,9.0,55.0,0.5326721120186698,0.19369894982497082,0.072,823,2848,0.1,0.25,45
20,10,false,,0.11726790267769042,0.1608495322747261,0.07011531225009575,11,1,1.0,19.0,0.5889872173058014,0.0,0.2948,824,2849,0.1,0.25,45
30,15,true,,0.11818605038297664,0.3143457641248256,0.20819952177704423,23,27,7.0,29.0,0.7981204316045944,0.0,0.2762,824,2849,0.1,0.25,45
20,10,false,,0.07712665397905405,0.43525396402478994,0.3500552337991469,15,16,3.0,19.0,0.8366156090444931,0.0,0.3136,825,2850,0.1,0.25,45
30,15,true,,0.1020059340850514,0.3480519568186913,0.25413560377137767,22,27,1.0,29.0,0.7367788461538461,0.0,0.2704,825,2850,0.1,0.25,45
20,10,false,,0.1511867423138805,0.164903206085602,0.020160171252279244,11,17,1.0,19.0,0.5317266625991458,0.0,0.311,826,2851,0.1,0.25,45
30,15,false,,0.15195529436858124,0.12059313734956477,-0.03696927172592651,10,2,1.0,29.0,0.39507389162561574,0.0,0.2612,826,2851,0.1,0.25,45
40,20,false,,0.13553029768430871,0.11025128988630024,-0.03176553514350719,19,36,2.0,38.0,0.41474990872581236,0.0,0.2588,826,2851,0.1,0.25,45
50,25,false,,0.129885738149949,0.11199469036478502,-0.02286347716512112,27,4,2.0,48.0,0.4147640791476408,0.20776255707762556,0.2466,826,2851,0.1,0.25,45
60,30,true,,0.1193000072145244,0.44452194939064277,0.32018084243884815,52,55,30.0,59.0,0.8249316139116842,0.13716295427901523,0.2096,826,2851,0.1,0.25,45
20,10,false,,0.08739106634660024,0.1296155713191883,0.048167870717609085,10,16,1.0,19.0,0.6154661016949152,0.0,0.2952,827,2852,0.1,0.25,45
30,15,false,,0.09873106279575253,0.10767653511737867,0.010290305226410723,18,19,2.0,29.0,0.5352003111629716,0.0,0.264,827,2852,0.1,0.25,45
40,20,false,,0.09787299809066737,0.11260055234973598,0.01623018701103425,20,21,2.0,38.0,0.5618878005342832,0.0,0.208,827,2852,0.1,0.25,45
50,25,false,,0.1652777008616682,0.10454218870224474,-0.07563347431850592,7,5,1.0,45.375,0.318105616093881,0.06412405699916178,0.2516,827,2852,0.1,0.25,45
60,30,true,,0.11574960485731972,0.3026104075994233,0.1826726033244238,49,56,18.0,59.0,0.7676086039645719,0.17882749894559258,0.2202,827,2852,0.1,0.25,45
20,10,false,,0.10146255253446504,0.16136979147255184,0.06797898837928389,12,16,2.0,19.0,0.6668885191347754,0.0,0.3014,828,2853,0.1,0.25,45
30,15,true,,0.11534770485227948,0.28735529813260374,0.18540389510154612,24,26,3.700000000000003,29.0,0.7925061859314245,0.0,0.2692,828,2853,0.1,0.25,45
20,10,false,,0.10369554199053291,0.1211176726029947,0.023073515196882007,10,16,1.0,19.0,0.5820945945945946,0.0,0.3028,829,2854,0.1,0.25,45
30,15,false,,0.11558077620743966,0.14624112166055403,0.03566822853568767,19,26,3.0,28.0,0.6380724538619276,0.0,0.3006,829,2854,0.1,0.25,45
40,20,false,,0.11512272841996907,0.14084434976425522,0.032977826984725664,26,32,2.0,39.0,0.6055970149253731,0.0,0.2682,829,2854,0.1,0.25,45
50,25,true,,0.11615827959931792,0.28477671609488875,0.17896682565443506,39,46,2.0,49.0,0.7751703255109765,0.38115064345193034,0.2644,829,2854,0.1,0.25,45
20,10,true,,0.0847225930407637,0.23874913235434203,0.16135021332668698,14,18,2.0,19.0,0.7395297575312271,0.0,0.2874,830,2855,0.1,0.25,45
20,10,false,,0.09576739064581904,0.1584093569526086,0.07602642030164533,11,16,1.0,19.0,0.6289779108947959,0.0,0.288,831,2856,0.1,0.25,45
30,15,false,,0.12435603859096676,0.22160186518411348,0.12188949234482413,17,1,1.0,29.0,0.5748327759197325,0.0,0.2588,831,2856,0.1,0.25,45
40,20,true,,0.10365042387389112,0.22198275268358236,0.12898925643321435,32,37,3.0,39.0,0.776595744680851,0.0,0.2734,831,2856,0.1,0.25,45
20,10,true,,0.07021302572421775,0.3242684281695511,0.2531917661387879,14,16,2.0,19.0,0.7899291896144768,0.0,0.2454,832,2857,0.1,0.25,45
20,10,false,,0.28698418675855003,0.1091242161310894,-0.18887386736202316,4,1,1.0,19.0,0.25355113636363635,0.0,0.2314,833,2858,0.1,0.25,45
30,15,true,,0.11856624550275517,0.2575917628829402,0.15457478096880473,24,26,4.0,29.0,0.8067035470224536,0.0,0.2764,833,2858,0.1,0.25,45
20,10,false,,0.10922852563804418,0.5838805446142527,0.45918960116661073,16,17,5.0,19.0,0.8668054110301769,0.0,0.275,834,2859,0.1,0.25,45
30,15,false,,0.1101300148150626,0.1537278258791912,0.04871427682348636,22,24,2.0,29.0,0.6334745762711864,0.0,0.2798,834,2859,0.1,0.25,45
40,20,false,,0.2300320630057492,0.09165300795457297,-0.1426480225416632,5,2,1.0,23.0,0.16529284164859,0.0,0.2186,834,2859,0.1,0.25,45
50,25,false,,0.11317753598355236,0.168430911609182,0.06952360467926974,33,46,4.0,49.0,0.6287878787878788,0.32575757575757575,0.2316,834,2859,0.1,0.25,45
60,30,true,,0.12211378452912902,0.18826060169236825,0.0987022104260407,40,55,2.0,59.0,0.7166894042746703,0.09777171441564347,0.1812,834,2859,0.1,0.25,45
20,10,false,,0.10692468618238786,0.1878274966609553,0.09075024847360741,13,17,2.0,19.0,0.6992356264539714,0.0,0.2978,835,2860,0.1,0.25,45
30,15,false,,0.13997851475247555,0.10255481903378538,-0.048074714446650714,9,1,1.0,28.0,0.4175136825645035,0.0,0.2356,835,2860,0.1,0.25,45
40,20,false,,0.10372507007785046,0.21463818505974505,0.11265134241895304,31,37,1.0,39.0,0.6631534569983136,0.0,0.2104,835,2860,0.1,0.25,45
50,25,false,,0.27434865983092427,0.08259462437886,-0.1923072452587716,4,2,1.0,13.0,0.1109375,0.0,0.1226,835,2860,0.1,0.25,45
60,30,false,,0.15435814853190138,0.10590175159162638,-0.05090155168846136,10,5,1.0,48.0,0.29871175523349436,0.07367149758454106,0.2444,835,2860,0.1,0.25,45
20,10,true,,0.07675041113782577,0.2719020205084373,0.20533448974033686,14,16,2.0,19.0,0.7322340007852375,0.0,0.2646,836,2861,0.1,0.25,45
20,10,false,,0.08357222092283617,0.07638866323915074,-0.0022316126870113723,9,2,1.0,19.0,0.48882328131590047,0.0,0.2036,837,2862,0.1,0.25,45
30,15,true,,0.09801700552489909,0.33537945293114213,0.24829994642672587,22,26,6.0,29.0,0.8941391941391942,0.0,0.3194,837,2862,0.1,0.25,45
20,10,false,,0.17171024113851271,0.12301176288506754,-0.06101827742701006,6,1,1.0,19.0,0.3817701453104359,0.0,0.2792,838,2863,0.1,0.25,45
30,15,false,,0.15196549875047452,0.13644886142797646,-0.023081212069549245,13,2,1.0,29.0,0.46434439697666774,0.0,0.2612,838,2863,0.1,0.25,45
40,20,false,,0.27307306800581516,0.10256416627448892,-0.18480965233018795,5,3,1.0,36.0,0.1635618479880775,0.0,0.2182,838,2863,0.1,0.25,45
50,25,false,,0.11875267819800402,0.18186918445807496,0.06232197621044458,43,46,13.649999999999991,49.0,0.6842894638170228,0.5620547431571054,0.249,838,2863,0.1,0.25,45
60,30,false,,0.2417477716542175,0.11904166150703027,-0.12947921751419647,7,2,1.0,58.0,0.2800294767870302,0.026529108327192335,0.1814,838,2863,0.1,0.25,45
20,10,true,,0.11169929778447653,0.24821281377205784,0.1483386688281177,14,15,2.0,19.0,0.7599490608086596,0.0,0.3266,839,2864,0.1,0.25,45
20,10,true,,0.10985638041672949,0.1885727549685121,0.09467640699917462,14,15,2.0,19.0,0.708756345177665,0.0,0.3042,840,2865,0.1,0.25,45
20,10,false,,0.09064937490516835,0.12059375381935264,0.03793980996516802,11,1,1.0,19.0,0.5464362850971922,0.0,0.2212,841,2866,0.1,0.25,45
30,15,false,,0.12555073894342367,0.06543817739544144,-0.059201018179092645,9,1,1.0,28.0,0.2931910569105691,0.0,0.14,841,2866,0.1,0.25,45
40,20,true,,0.08232493224739965,0.1868070946702804,0.1143324482683693,33,35,3.0,39.0,0.7691521961184883,0.0,0.1154,841,2866,0.1,0.25,45
20,10,false,,0.09706800534371006,0.171752955809905,0.08184993922821326,11,17,1.0,19.0,0.67493615468807,0.0,0.2484,842,2867,0.1,0.25,45
30,15,false,,0.08158226332491736,0.5630736926468395,0.4785282945075085,26,26,16.0,29.0,0.9661921708185054,0.0,0.1998,842,2867,0.1,0.25,45
40,20,false,,0.6905481909855757,0.06823227255629358,-0.6306950516127465,2,1,1.0,12.0,0.07180385288966724,0.0,0.09,842,2867,0.1,0.25,45
50,25,false,,0.10009155349570649,0.08279876122395372,-0.01631731637344644,10,5,1.0,22.0,0.4160714285714286,0.0,0.0884,842,2867,0.1,0.25,45
60,30,false,,0.08717381687039565,0.10511228454767503,0.011227451428622234,37,55,23.0,58.0,0.59,0.09705882352941177,0.061,842,2867,0.1,0.25,45
20,10,true,,0.07501720286652609,0.357785114100845,0.27980525676465634,14,16,2.0,19.0,0.8113351084062381,0.0,0.2908,843,2868,0.1,0.25,45
20,10,true,,0.10571053102835114,0.2344030141190449,0.13359012500774345,14,15,3.0,19.0,0.7615830115830116,0.0,0.3142,844,2869,0.1,0.25,45
20,10,false,,0.14083819646535947,0.11784147575470467,-0.017852019600406596,9,1,1.0,19.0,0.4698961937716263,0.0,0.2908,845,2870,0.1,0.25,45
30,15,false,,0.11531900245730899,0.12129375190444344,0.011266192543814654,15,27,1.0,29.0,0.5329690346083789,0.0,0.2832,845,2870,0.1,0.25,45
40,20,false,,0.15757016760006629,0.08443476984333012,-0.08232536184301363,7,1,1.0,34.0,0.27821869488536155,0.0,0.2072,845,2870,0.1,0.25,45
50,25,false,,0.5336811242390278,0.09729665729182066,-0.44925534375009274,4,3,1.0,23.0,0.1686746987951807,0.0,0.2176,845,2870,0.1,0.25,45
60,30,false,,0.12735970874462857,0.13205212579574332,0.01802405687322481,30,54,2.0,58.0,0.562185199535064,0.1274699728787292,0.2602,845,2870,0.1,0.25,45
20,10,true,,0.09371612034837173,0.29056986137696156,0.20511938696867812,14,17,2.0,19.0,0.7029090909090909,0.0,0.2732,846,2871,0.1,0.25,45
20,10,true,,0.087966968262484,0.2100558231845203,0.1351877506330427,12,13,2.0,19.0,0.792420621372482,0.0,0.3044,847,2872,0.1,0.25,45
20,10,false,,0.09248847392000036,0.6238965534077683,0.5260438044747819,15,16,1.0,19.0,0.8302308265078183,0.0,0.2814,848,2873,0.1,0.25,45
30,15,false,,0.11143858578951799,0.11575153589629747,0.02296459803127763,9,2,1.0,28.0,0.5521235521235521,0.0,0.2874,848,2873,0.1,0.25,45
40,20,false,,0.10615496985290676,0.13666180902606337,0.03867944344469365,19,2,2.0,38.0,0.619935170178282,0.0,0.2576,848,2873,0.1,0.25,45
50,25,false,,0.12884993653442497,0.12478188875590619,0.010642229902470685,22,28,1.0,44.0,0.5211212001579155,0.06079747335175681,0.2756,848,2873,0.1,0.25,45
60,30,false,,0.13997316415187208,0.12473599603712704,-0.022127019158139277,29,2,1.0,59.0,0.4412159141707644,0.04112650871703174,0.1772,848,2873,0.1,0.25,45
20,10,false,,0.06992240994153284,0.455469930572107,0.38975954289522385,15,16,4.0,19.0,0.9286283891547049,0.0,0.2792,849,2874,0.1,0.25,45
30,15,false,,0.10647370606633264,0.41210468417946006,0.31763422771064215,23,27,1.0,29.0,0.6951566951566952,0.0,0.2716,849,2874,0.1,0.25,45
40,20,false,,0.1070259684442823,0.1484627233652535,0.04917927094036771,26,35,4.0,39.0,0.6871948929778445,0.0,0.2902,849,2874,0.1,0.25,45
50,25,true,,0.11868101185641067,0.24778462161560078,0.14239523039970498,35,43,1.0,48.0,0.7066356228172294,0.3050058207217695,0.258,849,2874,0.1,0.25,45
20,10,false,,0.13493990453687052,0.16543662010583232,0.07023871012147875,9,17,1.0,19.0,0.5667014977359804,0.0,0.2748,850,2875,0.1,0.25,45
30,15,false,,0.13115657505445477,0.10700620252294986,-0.0326322138466158,12,10,1.0,28.0,0.3817523056653491,0.0,0.2864,850,2875,0.1,0.25,45
40,20,false,,0.11924886101155484,0.13290009822836607,0.014609808971652066,28,36,3.0,39.0,0.5390321441186859,0.0,0.2796,850,2875,0.1,0.25,45
50,25,true,,0.11552125039158508,0.20460872286596202,0.09901613116360423,42,46,17.0,49.0,0.7099811676082862,0.4986817325800377,0.2466,850,2875,0.1,0.25,45
20,10,false,,0.1599433424940596,0.07913390366113274,-0.08620804637014241,8,4,1.0,19.0,0.32204493650276783,0.0,0.293,851,2876,0.1,0.25,45
30,15,false,,0.6866564490275545,0.07628221328099913,-0.6095564212530398,3,2,1.0,21.0,0.08187633262260129,0.0,0.2134,851,2876,0.1,0.25,45
40,20,false,,0.12494486768233837,0.09958491311489451,-0.03159951616478844,17,5,2.0,38.0,0.3654880860876249,0.0,0.267,851,2876,0.1,0.25,45
50,25,false,,0.1171170950067709,0.15902933583646478,0.05217037241873512,38,40,3.0,49.0,0.6269592476489029,0.29427899686520376,0.2742,851,2876,0.1,0.25,45
60,30,false,,0.13587177829859076,0.1365042665817232,0.006112113639201208,33,3,1.0,58.0,0.5198487712665406,0.09703843730308759,0.132,851,2876,0.1,0.25,45
20,10,true,,0.10396143716766298,0.26661497720528604,0.1673129537032646,13,15,1.0,19.0,0.793827971109652,0.0,0.3034,852,2877,0.1,0.25,45
20,10,false,,0.5506690090824408,0.10729754387466425,-0.4550122896790059,3,1,1.0,17.0,0.13550536838208072,0.0,0.2168,853,2878,0.1,0.25,45
30,15,false,,0.14329104257790348,0.08827564394190929,-0.07249720877723437,14,6,2.0,28.0,0.29360852197070575,0.0,0.2724,853,2878,0.1,0.25,45
40,20,false,,0.36092272733804787,0.08387080745704187,-0.28074398400793193,4,2,1.0,32.0,0.06472081218274112,0.0,0.1676,853,2878,0.1,0.25,45
50,25,false,,0.2043572029941315,0.09923305016103282,-0.11556566528732,6,3,1.0,32.0,0.1864762704745905,0.0,0.2284,853,2878,0.1,0.25,45
60,30,false,,0.12391980251857147,0.13860007853316317,0.030841647506041882,19,10,2.0,58.0,0.6157237325495959,0.0470242468772961,0.2454,853,2878,0.1,0.25,45
20,10,false,,0.14507816882550986,0.11888537424424654,-0.029354417311084638,5,1,1.0,18.0,0.45192641443943077,0.0,0.2864,854,2879,0.1,0.25,45
30,15,false,,0.12999184225901222,0.12729973584757012,0.005361944063044119,12,3,1.0,28.0,0.5100548446069469,0.0,0.2546,854,2879,0.1,0.25,45
40,20,false,,0.22602364470936392,0.09852181965361513,-0.14410381570185657,6,1,1.0,37.0,0.2028246371125932,0.0,0.2246,854,2879,0.1,0.25,45
50,25,false,,0.1284080678276604,0.1485368816062188,0.03080081401116211,39,43,2.0,48.0,0.5644741731698253,0.3905611296915645,0.2506,854,2879,0.1,0.25,45
60,30,false,,0.14601893588446038,0.13056056882684508,-0.01475473696693369,10,3,1.0,30.0,0.45017921146953405,0.0,0.1958,854,2879,0.1,0.25,45
20,10,false,,0.08856617202547484,0.13150292513713582,0.060086417536057604,12,16,1.0,19.0,0.632780847145488,0.0,0.2878,855,2880,0.1,0.25,45
30,15,false,,0.1082017945338831,0.13177238212109232,0.03443628146590148,14,4,1.0,28.0,0.5844885724990633,0.0,0.2876,855,2880,0.1,0.25,45
40,20,false,,0.1750313688386288,0.09942629717713203,-0.08316291002540879,6,3,1.0,36.0,0.2762738853503185,0.0,0.2442,855,2880,0.1,0.25,45
50,25,false,,0.13436400017528488,0.11885959922610574,-0.012119755833356019,21,3,1.0,48.0,0.4709752321981424,0.23452012383900928,0.254,855,2880,0.1,0.25,45
60,30,true,,0.11939439147510333,0.32697391796490755,0.2097549576798892,51,56,20.0,59.0,0.8362136684996072,0.13629222309505107,0.235,855,2880,0.1,0.25,45
20,10,false,,0.1008599024604782,0.22948556611192045,0.14541112705789958,14,15,1.0,19.0,0.698255217242559,0.0,0.3028,856,2881,0.1,0.25,45
30,15,false,,0.1057220880072793,0.5174986227114868,0.4117299569014609,25,26,4.0,29.0,0.8790750568612585,0.0,0.2748,856,2881,0.1,0.25,45
40,20,false,,0.11978056324331388,0.12421033248923706,0.017353857153106438,14,7,2.0,38.0,0.551828119110441,0.0,0.2668,856,2881,0.1,0.25,45
50,25,true,,0.11641374047755934,0.27889856152194525,0.1616612583672631,42,46,2.0,49.0,0.716336825766395,0.47535894450911914,0.255,856,2881,0.1,0.25,45
20,10,false,,0.11068013987865628,0.2273855187746525,0.1342902517929334,13,16,2.0,19.0,0.6806806806806807,0.0,0.3086,857,2882,0.1,0.25,45
30,15,false,,0.12183488712459974,0.11921898484823458,-0.002250654594558768,12,1,1.0,28.0,0.49213943950786054,0.0,0.2882,857,2882,0.1,0.25,45
40,20,false,,0.19253913494939165,0.0996386395425339,-0.11159719202157567,6,1,1.0,38.0,0.2503113325031133,0.0,0.2378,857,2882,0.1,0.25,45
50,25,false,,0.1649434073263074,0.10053445046561381,-0.07175462220561409,10,3,1.0,47.0,0.3289091663210286,0.11862297801742015,0.223,857,2882,0.1,0.25,45
60,30,false,,0.12636023796903062,0.15786898490145232,0.09946414425792335,21,55,2.0,59.0,0.6523560209424084,0.014659685863874346,0.0746,857,2882,0.1,0.25,45
20,10,false,,0.09391057532201894,0.10796707638604675,0.021243926866981608,10,9,1.0,19.0,0.5500340367597005,0.0,0.2924,858,2883,0.1,0.25,45
30,15,true,,0.10366420037707416,0.15859963191117307,0.07637521357297153,21,26,3.0,29.0,0.7057569296375267,0.0,0.2876,858,2883,0.1,0.25,45
20,10,false,,0.10372011557660282,0.13212718198282586,0.03861462930933672,11,1,1.0,19.0,0.5806938159879337,0.0,0.2862,859,2884,0.1,0.25,45
30,15,false,,0.09382203859811575,0.13147041627319753,0.05296358635323762,19,26,3.0,29.0,0.6368078175895765,0.0,0.2454,859,2884,0.1,0.25,45
40,20,false,,0.09808123831489335,0.12484760955628482,0.04139550889630893,28,34,3.0,39.0,0.6327985739750446,0.0,0.1844,859,2884,0.1,0.25,45
50,25,false,,0.11486957877254965,0.1672024593330228,0.05274155793026483,38,37,7.0,49.0,0.6525621118012422,0.26475155279503104,0.2774,859,2884,0.1,0.25,45
60,30,true,,0.11646654291199146,0.3705026295737862,0.252472598347919,54,54,37.0,59.0,0.8375407166123778,0.15350162866449513,0.252,859,2884,0.1,0.25,45
20,10,true,,0.11045164398393685,0.2199940963544665,0.11809829355291959,14,16,2.0,19.0,0.7274441999371267,0.0,0.307,860,2885,0.1,0.25,45
20,10,false,,0.11665179185184738,0.1480361359354058,0.03460853519088582,11,16,1.0,19.0,0.5891304347826087,0.0,0.3254,861,2886,0.1,0.25,45
30,15,false,,0.12305645214996216,0.11568534162621354,-0.009302517312888794,12,5,1.0,28.0,0.47387258410880456,0.0,0.293,861,2886,0.1,0.25,45
40,20,false,,0.12230536695452128,0.10917886651671123,-0.01616670701535515,16,6,2.0,38.0,0.43410003650967505,0.0,0.277,861,2886,0.1,0.25,45
50,25,false,,0.11255373842023854,0.20989420704236644,0.09713443007454003,43,46,22.0,49.0,0.6831566548881036,0.5229681978798587,0.2582,861,2886,0.1,0.25,45
60,30,false,,0.19249599701578737,0.12174595460457427,-0.07704538675617202,6,1,1.0,40.0,0.3259229853116316,0.01945216355696705,0.2104,861,2886,0.1,0.25,45
20,10,false,,0.13095734457720543,0.20061861467206935,0.07564473284637577,14,16,2.0,19.0,0.5992255566311714,0.0,0.267,862,2887,0.1,0.25,45
30,15,false,,0.13975995364603377,0.08803484085358923,-0.062410885853369916,11,2,1.0,29.0,0.38061564059900166,0.0,0.2118,862,2887,0.1,0.25,45
40,20,false,,0.11227221058840184,0.09260929763460829,-0.011188793369296707,21,35,2.0,39.0,0.4606334841628959,0.0,0.1724,862,2887,0.1,0.25,45
50,25,false,,0.11622028379244961,0.08270683645362856,-0.04865479157522129,17,2,2.0,35.0,0.3094512195121951,0.0,0.1184,862,2887,0.1,0.25,45
60,30,false,,0.09274811018746423,0.16291307560136498,0.06759882660504941,54,57,38.0,59.0,0.6897089397089398,0.1741164241164241,0.0788,862,2887,0.1,0.25,45
20,10,true,,0.08750470049221443,0.17577404125030646,0.10313960123499406,13,16,2.0,19.0,0.7511005756857433,0.0,0.2838,863,2888,0.1,0.25,45
20,10,false,,0.11879266941363743,0.17884586745729283,0.07134551787176528,14,16,2.0,19.0,0.6705807680101555,0.0,0.322,864,2889,0.1,0.25,45
30,15,false,,0.11304700874258487,0.17942354491983942,0.08295046266028594,22,26,3.0,29.0,0.6745682356925161,0.0,0.2894,864,2889,0.1,0.25,45
40,20,false,,0.12866313869574758,0.11491741524091142,-0.015776566072930612,28,2,1.0,39.0,0.44728915662650603,0.0,0.2578,864,2889,0.1,0.25,45
50,25,false,,0.121435651650758,0.13303904169832959,0.029597009207809388,37,45,2.0,49.0,0.5667574931880109,0.317633320358116,0.226,864,2889,0.1,0.25,45
60,30,false,,0.12498662919874973,0.1449647502508233,0.033348873412074306,22,1,1.0,55.0,0.6160370084811102,0.14880493446414803,0.179,864,2889,0.1,0.25,45
20,10,false,,0.11453783918995283,0.08320252602991247,-0.03813296364277605,6,1,1.0,17.0,0.3765182186234818,0.0,0.2864,865,2890,0.1,0.25,45
30,15,true,,0.11074297863062647,0.19884302814025867,0.1087279121144368,19,27,2.0,29.0,0.7204600906239108,0.0,0.2894,865,2890,0.1,0.25,45
20,10,false,,0.1127342522270027,0.22507982828292952,0.14057748927796798,14,18,1.0,19.0,0.6217948717948718,0.0,0.2638,866,2891,0.1,0.25,45
30,15,false,,0.10853053457650157,0.2081567827269788,0.12577402728054057,21,24,1.0,29.0,0.6930368209989063,0.0,0.2898,866,2891,0.1,0.25,45
40,20,false,,0.11038948193951666,0.1603361592543701,0.06772981963293759,30,28,7.0,38.0,0.6422287390029325,0.0,0.2756,866,2891,0.1,0.25,45
50,25,false,,0.12963672153707212,0.10504519917721722,-0.021891598086908007,30,2,1.0,49.0,0.45319982585981716,0.29473225946887244,0.2038,866,2891,0.1,0.25,45
60,30,true,,0.12033092098321932,0.49567441487029773,0.3745789597003645,54,56,44.0,59.0,0.8731578947368421,0.15842105263157893,0.1534,866,2891,0.1,0.25,45
20,10,false,,0.15229375064463457,0.13024792316593545,-0.025364775457587065,8,1,1.0,19.0,0.4336118848653668,0.0,0.2904,867,2892,0.1,0.25,45
30,15,false,,0.12325070571542777,0.3461139729062757,0.22017509544988004,25,26,2.0,29.0,0.7850964737192282,0.0,0.2766,867,2892,0.1,0.25,45
40,20,false,,0.131316273897879,0.11933807278609009,-0.01568207986387575,24,3,1.0,38.0,0.4590990990990991,0.0,0.255,867,2892,0.1,0.25,45
50,25,false,,0.19184154802572592,0.10885395040167242,-0.09680509578264153,8,4,1.0,48.0,0.31508467900748327,0.12367073651043718,0.238,867,2892,0.1,0.25,45
60,30,false,,0.13628993417825572,0.14060536494560355,0.013242418453014146,25,3,1.0,54.44999999999982,0.5462274176408076,0.14381863266029046,0.2326,867,2892,0.1,0.25,45
20,10,false,,0.09813955317078474,0.15349368066785105,0.07042716649706635,12,15,2.0,19.0,0.6772296635086573,0.0,0.309,868,2893,0.1,0.25,45
30,15,true,,0.10688703006044027,0.2572347650108039,0.15631171431901866,23,27,3.0,29.0,0.7202722063037249,0.0,0.2722,868,2893,0.1,0.25,45
20,10,false,,0.1302916633049423,0.1249195181483527,-0.011952164107014468,10,2,1.0,19.0,0.4723846653671215,0.0,0.293,869,2894,0.1,0.25,45
30,15,false,,0.11010904954803188,0.15347126156518676,0.054701271578359044,22,26,2.0,29.0,0.5993953136810279,0.0,0.2482,869,2894,0.1,0.25,45
40,20,false,,0.2905652659854841,0.09246098869861169,-0.20156938229772972,4,2,1.0,17.0,0.12127570289550986,0.0,0.2346,869,2894,0.1,0.25,45
50,25,false,,0.11248461099231742,0.19083957390430792,0.08767938945217525,35,46,3.0,49.0,0.6867519603796945,0.28642179116797356,0.2612,869,2894,0.1,0.25,45
60,30,false,,0.11893867442946898,0.17716888820271642,0.07014599713493326,49,56,2.0,59.0,0.6935123042505593,0.1226696495152871,0.2186,869,2894,0.1,0.25,45
20,10,false,,0.11180426867195147,0.19683693686533724,0.09936531549168116,12,15,1.0,19.0,0.6819787985865724,0.0,0.3248,870,2895,0.1,0.25,45
30,15,true,,0.11851371225448963,0.21776373348821051,0.11877890888104604,24,26,1.0,29.0,0.7030692362598144,0.0,0.2656,870,2895,0.1,0.25,45
20,10,false,,0.2877052680289653,0.08116816348784632,-0.21432714461845143,3,1,1.0,19.0,0.2919204222492895,0.0,0.2136,871,2896,0.1,0.25,45
30,15,false,,0.09255003295006703,0.1441714283888428,0.061667272889530333,20,26,3.0,29.0,0.6559865092748736,0.0,0.2394,871,2896,0.1,0.25,45
40,20,false,,0.08774943503478005,0.6599767035969413,0.5592732362112119,36,37,23.0,39.0,0.954864593781344,0.0,0.1646,871,2896,0.1,0.25,45
50,25,false,,0.09117033208603896,0.8078160034611812,0.722228310873134,45,47,39.0,49.0,1.0,0.8108407079646017,0.1184,871,2896,0.1,0.25,45
60,30,false,,0.09700686305204602,0.08571686905616414,-0.0183708533613339,39,39,24.0,54.0,0.4212812160694897,0.1780673181324647,0.0442,871,2896,0.1,0.25,45
20,10,false,,0.06009738490847777,0.0906965669797577,0.019672514147922097,11,1,1.0,19.0,0.5374015748031497,0.0,0.1282,872,2897,0.1,0.25,45
30,15,true,,0.10352944589416722,0.5445180262319511,0.4360060393636178,22,26,1.0,29.0,0.7041294167730949,0.0,0.266,872,2897,0.1,0.25,45
20,10,false,,0.1822360569825134,0.10011613180358937,-0.09503523301229969,7,2,1.0,18.0,0.2691062176165803,0.0,0.2858,873,2898,0.1,0.25,45
30,15,false,,0.17957650412874082,0.0873704562166109,-0.10335568667562994,8,4,1.0,24.0,0.23082336382828994,0.0,0.2742,873,2898,0.1,0.25,45
40,20,false,,0.13877019723149128,0.09421434225417606,-0.04571166197436153,11,11,1.0,37.0,0.3474576271186441,0.0,0.2558,873,2898,0.1,0.25,45
50,25,false,,0.152042272019063,0.10781526846306883,-0.04831346009088789,10,4,1.0,42.0,0.35359116022099446,0.029597474348855565,0.2582,873,2898,0.1,0.25,45
60,30,false,,0.12803845734000388,0.1592893210304624,0.04462723259908025,45,54,4.0,59.0,0.6532229024126756,0.10370903853078862,0.2352,873,2898,0.1,0.25,45
20,10,false,,0.12665416966815174,0.2075370767034258,0.10242930530618857,14,15,1.0,19.0,0.6612156741746374,0.0,0.325,874,2899,0.1,0.25,45
30,15,false,,0.12643001513636593,0.20629161311797628,0.09777022468082544,23,26,1.0,29.0,0.6608869623207736,0.0,0.2844,874,2899,0.1,0.25,45
40,20,true,,0.12057019048654795,0.46769919265286025,0.3527347860967886,34,36,3.0,39.0,0.8254492115878255,0.0,0.2518,874,2899,0.1,0.25,45
20,10,false,,0.12335436816104096,0.10655763699768929,-0.022289139734211302,9,1,1.0,18.0,0.4495538778311599,0.0,0.273,875,2900,0.1,0.25,45
30,15,true,,0.10250066676819082,0.2874894047607013,0.20105996458802508,24,27,2.0,29.0,0.7638626933232743,0.0,0.276,875,2900,0.1,0.25,45
20,10,false,,0.48034525229556,0.09016856645868725,-0.3906744353972089,3,1,1.0,17.0,0.17545209696036937,0.0,0.2356,876,2901,0.1,0.25,45
30,15,true,,0.11582930477505915,0.22481238435555154,0.1226629895457986,24,26,4.0,29.0,0.7569654246391406,0.0,0.2854,876,2901,0.1,0.25,45
20,10,false,,0.11310898824322577,0.13971389554647567,0.03311609542924161,11,15,1.0,19.0,0.561617458279846,0.0,0.3282,877,2902,0.1,0.25,45
30,15,false,,0.11909423618682632,0.12882045149876592,0.01241449097584716,20,26,2.0,29.0,0.5278532608695652,0.0,0.2782,877,2902,0.1,0.25,45
40,20,false,,0.15192196832387467,0.10888801716149088,-0.053536470632924577,9,1,1.0,37.0,0.33475232198142413,0.0,0.2402,877,2902,0.1,0.25,45
50,25,false,,0.12148897345911637,0.17175211610988328,0.0637482985819285,40,46,4.0,49.0,0.633294975067127,0.3977752205600307,0.2662,877,2902,0.1,0.25,45
60,30,false,,0.1263918146100162,0.18746740214923455,0.06885854816232054,44,53,3.0,58.0,0.692524682651622,0.24118476727785615,0.2026,877,2902,0.1,0.25,45
20,10,true,,0.04416680187286983,0.17304506200822029,0.1322110015229183,14,16,2.0,19.0,0.7673883003224321,0.0,0.143,878,2903,0.1,0.25,45
20,10,false,,0.06750525056635992,0.12000101404722796,0.04966531054810672,13,17,1.0,19.0,0.6410788381742739,0.0,0.2152,879,2904,0.1,0.25,45
30,15,false,,0.24989706305845957,0.10598513238054777,-0.1747930706585775,6,2,1.0,28.0,0.38431542461005197,0.0,0.2368,879,2904,0.1,0.25,45
40,20,false,,0.1197359972444949,0.14489117136753893,0.034723685162056525,27,34,1.0,38.0,0.5721251523770825,0.0,0.2532,879,2904,0.1,0.25,45
50,25,false,,0.18294017574342147,0.1121456259930548,-0.08284322853359072,17,3,1.0,48.0,0.39984038308060654,0.1695929768555467,0.2516,879,2904,0.1,0.25,45
60,30,true,,0.11606708135465099,0.26037855467269194,0.14370840087667372,52,53,37.0,59.0,0.7617384555684905,0.20644159875824603,0.243,879,2904,0.1,0.25,45
20,10,false,,0.09819388325268255,0.1366085925982627,0.04874833362637611,13,16,1.0,19.0,0.6082012405237767,0.0,0.2916,880,2905,0.1,0.25,45
30,15,false,,0.1297877381574188,0.1314968835940436,0.01549446580984902,15,3,1.0,29.0,0.5267008046817849,0.0,0.2632,880,2905,0.1,0.25,45
40,20,false,,0.12362653478478068,0.1375869851464434,0.04327980144588686,27,36,1.0,39.0,0.5889101338432122,0.0,0.2588,880,2905,0.1,0.25,45
50,25,false,,0.16988475485517243,0.1074357041548424,-0.07831837467569594,9,4,1.0,42.0,0.2872052570545033,0.028991109393119444,0.244,880,2905,0.1,0.25,45
60,30,false,,0.14264215925838927,0.12953197710987258,-0.011497338575191224,7,2,1.0,26.0,0.45466074825618263,0.0,0.1048,880,2905,0.1,0.25,45
20,10,false,,0.1274161292060159,0.12655890664630606,0.00265194160941179,11,14,1.0,19.0,0.5051482059282372,0.0,0.3196,881,2906,0.1,0.25,45
30,15,false,,0.1023677111982896,0.1091037280861545,0.008859949571817238,18,27,2.0,29.0,0.532046332046332,0.0,0.2308,881,2906,0.1,0.25,45
40,20,false,,0.24342213434603713,0.08817310284735988,-0.15425823940657546,6,1,1.0,26.0,0.1822429906542056,0.0,0.2242,881,2906,0.1,0.25,45
50,25,false,,0.13003787732947408,0.11868398331736503,-0.008924643686549882,17,10,2.0,47.0,0.47309761721752497,0.11414296694850115,0.2842,881,2906,0.1,0.25,45
60,30,false,,0.25522779054847067,0.10383633950577584,-0.16179047632103224,6,3,1.0,36.0,0.1943979933110368,0.010869565217391304,0.2196,881,2906,0.1,0.25,45
20,10,false,,0.11540753320953348,0.11551075600519745,0.0013822224093264224,10,2,1.0,19.0,0.5013860013860014,0.0,0.2922,882,2907,0.1,0.25,45
30,15,true,,0.08981476785072154,0.24196296587718047,0.1554095063140017,24,28,2.0,29.0,0.7010309278350515,0.0,0.2138,882,2907,0.1,0.25,45
20,10,false,,0.1328676155476618,0.15247540853736302,0.030854681962496307,11,1,1.0,19.0,0.5420529801324503,0.0,0.2806,883,2908,0.1,0.25,45
30,15,false,,0.1356882127418603,0.1317629528357765,-0.0016343936537434045,17,26,1.0,29.0,0.4971367215461704,0.0,0.261,883,2908,0.1,0.25,45
40,20,false,,0.13088253324144788,0.1190122109587827,-0.015048532243160773,13,5,2.0,37.0,0.44280316042597045,0.0,0.2708,883,2908,0.1,0.25,45
50,25,false,,0.1324982447713766,0.116498719020091,-0.018285535466286112,22,44,2.0,49.0,0.4255009107468124,0.15846994535519127,0.2422,883,2908,0.1,0.25,45
60,30,true,,0.12463191995914806,0.6336320114495799,0.5097459366774043,54,55,34.849999999999994,59.0,0.9820560747663551,0.09196261682242991,0.2176,883,2908,0.1,0.25,45
20,10,false,,0.12863506454191517,0.14958285993443948,0.03182907741761898,9,2,1.0,18.0,0.5658396946564885,0.0,0.3044,884,2909,0.1,0.25,45
30,15,false,,0.21008232341803953,0.097525624658357,-0.11805148965638468,5,2,1.0,28.0,0.24154589371980675,0.0,0.2616,884,2909,0.1,0.25,45
40,20,false,,0.12408526763009595,0.12328340411931529,0.0030961092162516413,15,2,2.0,38.0,0.5102118003025718,0.0,0.2718,884,2909,0.1,0.25,45
50,25,false,,0.1950171645230448,0.1104963715885477,-0.08737843610615321,7,2,1.0,46.0,0.26045627376425856,0.07034220532319392,0.2352,884,2909,0.1,0.25,45
60,30,false,,0.1377822207889043,0.13589189145103403,0.0003361100945110662,20,4,1.0,59.0,0.5015306122448979,0.09540816326530613,0.1208,884,2909,0.1,0.25,45
20,10,false,,0.054622679936144926,0.10797824153357456,0.05244306508247991,11,10,1.0,19.0,0.6679721496953873,0.0,0.1804,885,2910,0.1,0.25,45
30,15,true,,0.0928514961307467,0.4493976573859627,0.3550983436029424,23,26,9.0,29.0,0.8862837045720985,0.0,0.2934,885,2910,0.1,0.25,45
20,10,false,,0.088329935704268,0.1343012214991376,0.05633933323302773,13,15,2.0,19.0,0.6488873189685623,0.0,0.3022,886,2911,0.1,0.25,45
30,15,true,,0.10541399624414706,0.397676391602704,0.2949417542064082,21,26,1.0,29.0,0.7337065173930428,0.0,0.273,886,2911,0.1,0.25,45
20,10,false,,0.1164698557214327,0.1389225824230972,0.04384912272825302,9,2,1.0,18.0,0.5840238647663242,0.0,0.3014,887,2912,0.1,0.25,45
30,15,false,,0.11901308250166816,0.10425872963066009,-0.017776318992543214,14,4,1.0,28.0,0.4625046176579239,0.0,0.2622,887,2912,0.1,0.25,45
40,20,true,,0.11121779542511243,0.26421350308026853,0.15912660889043895,31,36,2.0,39.0,0.7553359683794466,0.0,0.2764,887,2912,0.1,0.25,45
20,10,false,,0.11034884799235765,0.5205481255237805,0.41072841653183373,15,15,3.0,19.0,0.8029589778076665,0.0,0.2946,888,2913,0.1,0.25,45
30,15,false,,0.13537633167765523,0.11990490704163892,-0.0222974471516333,14,4,1.0,29.0,0.45806218365871293,0.0,0.27,888,2913,0.1,0.25,45
40,20,false,,0.11461726113261674,0.13873216615054126,0.030557771123224622,27,32,4.0,39.0,0.6126582278481013,0.0,0.2744,888,2913,0.1,0.25,45
50,25,false,,0.1778581201988755,0.09831400978182805,-0.08319561857064572,8,4,1.0,34.0,0.24664770418529053,0.0,0.2174,888,2913,0.1,0.25,45
60,30,true,,0.11804286647070025,0.24982625159068897,0.13222926629468557,51,54,30.0,59.0,0.781058282208589,0.2036042944785276,0.2258,888,2913,0.1,0.25,45
20,10,false,,0.1851876429403487,0.13087486659058867,-0.07848367924372597,9,1,1.0,19.0,0.4013542628501077,0.0,0.2916,889,2914,0.1,0.25,45
30,15,false,,0.17607746167813684,0.10218277890076952,-0.09791583972454056,9,6,1.0,28.0,0.26005793369810104,0.0,0.2626,889,2914,0.1,0.25,45
40,20,false,,0.21076086200375493,0.09005096791963377,-0.1330039421602505,7,3,1.0,25.0,0.12509742790335152,0.0,0.2118,889,2914,0.1,0.25,45
50,25,false,,0.11301619750266642,0.6997735513519547,0.5827723765927326,45,45,32.0,49.0,0.9500396510705789,0.7450436161776368,0.2378,889,2914,0.1,0.25,45
60,30,false,,0.14652197728920707,0.12075865882639573,-0.03158871872504744,12,6,1.0,43.0,0.37422729434141705,0.01806942463147884,0.1392,889,2914,0.1,0.25,45
20,10,false,,0.09428555314025983,0.12174266920333471,0.03618449148591801,11,15,1.0,19.0,0.592280701754386,0.0,0.2984,890,2915,0.1,0.25,45
30,15,true,,0.08666444493396185,0.17443217077346318,0.085089010259863,22,24,7.0,29.0,0.7157767964672822,0.0,0.2122,890,2915,0.1,0.25,45
20,10,true,,0.07883713638440565,0.25887069533048346,0.18454258082652197,14,16,2.0,19.0,0.7839668799397818,0.0,0.295,891,2916,0.1,0.25,45
20,10,false,,0.14941850255465344,0.11360058896139916,-0.048014788617137615,9,6,1.0,18.375,0.3577405857740586,0.0,0.3022,892,2917,0.1,0.25,45
30,15,false,,0.13274922797841526,0.11584575279268203,-0.02477188167754915,13,2,1.0,29.0,0.44041636755204594,0.0,0.2548,892,2917,0.1,0.25,45
40,20,true,,0.11640832833688203,0.25117418767768046,0.14130394685662723,33,37,5.0,39.0,0.753379612714651,0.0,0.2612,892,2917,0.1,0.25,45
20,10,true,,0.10522820519521366,0.3205746438106827,0.2159918966552703,14,16,1.0,19.0,0.7069816643159379,0.0,0.2862,893,2918,0.1,0.25,45
20,10,false,,0.12215274316694298,0.14860251460213317,0.03743580416068873,12,16,1.0,19.0,0.5824355207313092,0.0,0.312,894,2919,0.1,0.25,45
30,15,false,,0.11412711077316928,0.16059721864879986,0.059116135634840125,18,27,2.0,28.0,0.6363945578231293,0.0,0.2894,894,2919,0.1,0.25,45
40,20,false,,0.1421397519872196,0.11728944289299872,-0.025918334589702427,11,1,1.0,38.0,0.44351630867143993,0.0,0.2362,894,2919,0.1,0.25,45
50,25,false,,0.11768032508711913,0.15996799885223686,0.059887716226773406,36,45,3.0,49.0,0.6469221835075494,0.3213317847464189,0.2676,894,2919,0.1,0.25,45
60,30,false,,0.18020145792886783,0.1138029056430873,-0.0631937696249809,8,3,1.0,32.0,0.30105501130369255,0.0,0.2246,894,2919,0.1,0.25,45
20,10,false,,0.1003596959109839,0.26781625514224583,0.1739758444603563,13,16,1.0,19.0,0.6412325752017608,0.0,0.2716,895,2920,0.1,0.25,45
30,15,false,,0.12943402350676586,0.10325928225989789,-0.03707143738469535,10,3,1.0,28.0,0.38602654176424667,0.0,0.2722,895,2920,0.1,0.25,45
40,20,false,,0.2978161117978179,0.08331435061425976,-0.2248015405350684,4,1,1.0,36.0,0.13336326897171083,0.0,0.1864,895,2920,0.1,0.25,45
50,25,false,,0.13008605460711506,0.11577140754801396,-0.018582133556202293,19,4,1.0,46.0,0.45169082125603865,0.10185185185185185,0.268,895,2920,0.1,0.25,45
60,30,false,,0.31974819928235,0.10837445729494907,-0.21244968736833791,4,4,1.0,24.0,0.20637785800240674,0.0,0.12,895,2920,0.1,0.25,45
20,10,true,,0.10006267010975575,0.33028744449671016,0.2306133140447255,14,16,4.0,19.0,0.8126868150116241,0.0,0.3156,896,2921,0.1,0.25,45
20,10,false,,0.08977363168574884,0.1412482308586814,0.06606233159375594,12,17,1.0,19.0,0.5967436577054146,0.0,0.256,897,2922,0.1,0.25,45
30,15,false,,0.07261291443869294,0.1149483125232982,0.04827353186972082,22,29,7.0,29.0,0.6355140186915887,0.0,0.1598,897,2922,0.1,0.25,45
40,20,true,,0.10856801037027368,0.4543535281086399,0.34343522408643956,32,36,4.0,39.0,0.8338097182523478,0.0,0.2874,897,2922,0.1,0.25,45
20,10,true,,0.15318637925726378,0.27703240139220775,0.1431101630061945,14,16,1.0,19.0,0.7127463054187192,0.0,0.2986,898,2923,0.1,0.25,45
20,10,false,,0.1066986498379431,0.14423591258298488,0.046220976822674856,11,15,1.0,19.0,0.61184,0.0,0.3186,899,2924,0.1,0.25,45
30,15,false,,0.1153591206995962,0.11552576108279389,0.00818648652147165,10,5,1.0,28.0,0.53125,0.0,0.2846,899,2924,0.1,0.25,45
40,20,false,,0.46662131036814913,0.09354536701887134,-0.37751997352754374,4,1,1.0,31.0,0.15970211005378568,0.0,0.2168,899,2924,0.1,0.25,45
50,25,true,,0.11075716778024647,0.5558398453219225,0.43399076271539233,44,46,31.0,49.0,0.78113363673976,0.6115018618121638,0.2418,899,2924,0.1,0.25,45
20,10,true,,0.13764856827096977,0.29568842046881166,0.20877420249315076,14,16,1.0,19.0,0.736709657124882,0.0,0.3154,900,2925,0.1,0.25,45
20,10,false,,0.3413993392229265,0.10719694257583177,-0.24008567706682232,4,2,1.0,18.0,0.1511052457934675,0.0,0.2574,901,2926,0.1,0.25,45
30,15,false,,0.13774398262105206,0.15804516982901068,0.046610888001508616,19,26,2.0,29.0,0.5849789575914536,0.0,0.285,901,2926,0.1,0.25,45
40,20,false,,0.13869291936255093,0.136315240428389,0.009749958374601547,18,38,1.0,39.0,0.5242862439747868,0.0,0.2224,901,2926,0.1,0.25,45
50,25,false,,0.1325281533503116,0.1296653458767325,0.006988209894679298,25,45,2.0,49.0,0.5149873600577826,0.323943661971831,0.236,901,2926,0.1,0.25,45
60,30,true,,0.1301326415488172,0.25742581502100786,0.1361995938268719,51,54,28.0,58.0,0.790106492614222,0.21332875300583992,0.1874,901,2926,0.1,0.25,45
20,10,true,,0.11943611927624244,0.22010784125719576,0.12358209883407809,13,16,2.0,19.0,0.7751646284101599,0.0,0.3096,902,2927,0.1,0.25,45
20,10,false,,0.14503231404415703,0.09221982373885626,-0.05898265532829937,8,2,1.0,19.0,0.3825457054156606,0.0,0.2866,903,2928,0.1,0.25,45
30,15,false,,0.28251272273761063,0.09263688516444708,-0.21134697392962004,4,2,1.0,28.0,0.30948419301164726,0.0,0.2418,903,2928,0.1,0.25,45
40,20,false,,0.15197697578272398,0.08967818828969353,-0.07387497542067023,8,5,1.0,32.0,0.27361167409809484,0.0,0.2496,903,2928,0.1,0.25,45
50,25,true,,0.1136454910171134,0.6185492352715991,0.49533718315864345,44,45,32.0,49.0,0.9586973788721207,0.6763304209690231,0.2664,903,2928,0.1,0.25,45
20,10,false,,0.1608907122227857,0.20747485892566545,0.05434624076224044,14,16,1.0,19.0,0.5926037282020445,0.0,0.3066,904,2929,0.1,0.25,45
30,15,false,,0.12330118803148402,0.19896334206575667,0.0864363602092669,24,27,3.0,29.0,0.6340877914951989,0.0,0.2782,904,2929,0.1,0.25,45
40,20,false,,0.12148568930397814,0.10856905211643966,-0.005850636768037848,28,35,3.0,39.0,0.48148148148148145,0.0,0.2538,904,2929,0.1,0.25,45
50,25,false,,0.1411963109619715,0.11128936307596263,-0.050629200780309344,30,2,1.0,48.0,0.3891742394310549,0.21849071513235876,0.2362,904,2929,0.1,0.25,45
60,30,false,,0.12266485626077189,0.14473032783977588,0.028912806269636555,36,49,2.0,57.0,0.604270462633452,0.1686832740213523,0.2176,904,2929,0.1,0.25,45
20,10,true,,0.09713920310992921,0.24012219139449664,0.15918308123890373,13,16,2.0,19.0,0.7400601403274307,0.0,0.3108,905,2930,0.1,0.25,45
20,10,false,,0.2450859178793668,0.10477258278660558,-0.1655172525491077,5,1,1.0,19.0,0.3773381294964029,0.0,0.245,906,2931,0.1,0.25,45
30,15,false,,0.1450142076024171,0.10596170663453391,-0.06398184929121267,13,2,1.0,29.0,0.3795726186164433,0.0,0.2666,906,2931,0.1,0.25,45
40,20,false,,0.12512560076786916,0.1261249541747236,0.014702339494182357,20,3,1.0,39.0,0.5291005291005291,0.0,0.2462,906,2931,0.1,0.25,45
50,25,false,,0.2866325636670216,0.09866061607564225,-0.1953957916393992,7,3,1.0,33.0,0.22580645161290322,0.0,0.2144,906,2931,0.1,0.25,45
60,30,true,,0.11922258804667414,0.5336071192585844,0.4075050676997922,51,56,8.0,58.0,0.878761447884867,0.13650239860444832,0.1846,906,2931,0.1,0.25,45
20,10,false,,0.11940784765591345,0.12488383016221054,0.0031152567871132394,9,1,1.0,19.0,0.5051831375259157,0.0,0.2892,907,2932,0.1,0.25,45
30,15,false,,0.10815882217016994,0.16308705120738248,0.079549633581326,21,27,3.0,29.0,0.6812019054598755,0.0,0.2912,907,2932,0.1,0.25,45
40,20,false,,0.11394184959446889,0.11654034747042676,0.004595805955913565,24,36,2.0,39.0,0.5102739726027398,0.0,0.2626,907,2932,0.1,0.25,45
50,25,false,,0.11598799045558822,0.16654505434696815,0.04844507206440566,40,47,4.0,49.0,0.6023181454836131,0.4044764188649081,0.255,907,2932,0.1,0.25,45
60,30,false,,0.12359305971428605,0.1266935838016006,0.011921461528067764,29,5,1.0,58.0,0.5369376805612877,0.10771770532397854,0.2152,907,2932,0.1,0.25,45
20,10,false,,0.1489656471754911,0.19014328844792294,0.0636174022722326,13,16,2.0,19.0,0.6078431372549019,0.0,0.3258,908,2933,0.1,0.25,45
30,15,false,,0.13995815397269198,0.08413119825241039,-0.07045593853263837,11,5,2.0,28.0,0.28306595365418896,0.0,0.2612,908,2933,0.1,0.25,45
40,20,false,,0.11221495547074814,0.14988204182846954,0.044774311071414066,32,36,3.0,39.0,0.5920125293657008,0.0,0.2406,908,2933,0.1,0.25,45
50,25,false,,0.21383603216653568,0.08785055950717842,-0.13273851151289223,8,3,1.0,48.0,0.23261065943992773,0.13188798554652212,0.1618,908,2933,0.1,0.25,45
60,30,true,,0.11580105444195671,0.36070481604106885,0.24141241693132143,51,54,26.799999999999983,58.0,0.8475905864774,0.18565558460963766,0.2534,908,2933,0.1,0.25,45
20,10,false,,0.09548112061999746,0.12846702686809652,0.04713981114451937,11,14,1.0,19.0,0.6193084560082164,0.0,0.2978,909,2934,0.1,0.25,45
30,15,false,,0.08377954051077338,0.41890334818772607,0.31820265720886187,25,26,2.0,29.0,0.841936957514847,0.0,0.1994,909,2934,0.1,0.25,45
40,20,true,,0.08809940141653028,0.17842262478144044,0.08855168915573647,32,36,2.0,39.0,0.7451343836886005,0.0,0.1546,909,2934,0.1,0.25,45
20,10,false,,0.19816919472124195,0.09907523707614839,-0.10993656931707253,5,3,1.0,18.0,0.2990415335463259,0.0,0.2882,910,2935,0.1,0.25,45
30,15,false,,0.11335499976333718,0.24018804744004157,0.14715996194592804,22,26,1.0,29.0,0.6601906158357771,0.0,0.2596,910,2935,0.1,0.25,45
40,20,false,,0.10436221159226157,0.10894855828574199,0.0057933289248995185,25,23,7.425000000000004,38.0,0.5273338940285954,0.0,0.1968,910,2935,0.1,0.25,45
50,25,false,,0.5287563978225649,0.07172599844171446,-0.4527987399328276,3,2,1.0,19.0,0.028387787895018748,0.0,0.0926,910,2935,0.1,0.25,45
60,30,false,,0.1544515738566126,0.07479072922594344,-0.08267184243297963,12,13,1.0,28.0,0.14396028681742967,0.0,0.0834,910,2935,0.1,0.25,45
20,10,false,,0.14655019988635837,0.20784580916489848,0.08591313595832824,14,17,1.0,19.0,0.6234529702970297,0.0,0.294,911,2936,0.1,0.25,45
30,15,false,,0.13704530768970036,0.12885650817683195,-0.009057113970165051,18,26,1.0,29.0,0.4727034978751226,0.0,0.2884,911,2936,0.1,0.25,45
40,20,false,,0.1269563504110457,0.12410054921944826,0.0028266827025331953,27,36,2.0,39.0,0.5075757575757576,0.0,0.2556,911,2936,0.1,0.25,45
50,25,false,,0.12212367726123724,0.16363830856816927,0.04868066458688726,42,45,17.0,49.0,0.6095865349432857,0.4884742041712404,0.2542,911,2936,0.1,0.25,45
60,30,true,,0.13037371416254528,0.7571717312935741,0.627052070619524,54,53,41.0,59.0,0.9992841803865425,0.07802433786685756,0.2068,911,2936,0.1,0.25,45
20,10,false,,0.1366397558869576,0.11018486392505361,-0.03460264953994763,9,2,1.0,19.0,0.4179752756431674,0.0,0.2898,912,2937,0.1,0.25,45
30,15,false,,0.10340414113508871,0.1437608228113679,0.04414505468552654,22,25,1.0,29.0,0.6175625769388593,0.0,0.2436,912,2937,0.1,0.25,45
40,20,false,,0.11395012758634572,0.22522871274626152,0.09735832702018725,31,36,3.0,39.0,0.675797373358349,0.0,0.2954,912,2937,0.1,0.25,45
50,25,false,,0.29676812804844344,0.09306284313427855,-0.21018796090456338,5,3,1.0,37.0,0.18460833715071004,0.010994044892349977,0.2032,912,2937,0.1,0.25,45
60,30,false,,0.11889249844758407,0.12502187340079596,0.007029113935085353,42,53,6.0,58.0,0.5563025210084034,0.1638655462184874,0.2138,912,2937,0.1,0.25,45
20,10,false,,0.22912579751252166,0.08715381419551015,-0.1540112274696943,5,2,1.0,18.0,0.2842068237776996,0.0,0.264,913,2938,0.1,0.25,45
30,15,false,,0.1134354269737991,0.14383216215777592,0.0481085188430769,19,26,2.0,29.0,0.6207140332272888,0.0,0.2906,913,2938,0.1,0.25,45
40,20,false,,0.12031789274154815,0.12540103840752034,0.008469349725522352,18,16,2.0,36.0,0.5213403880070546,0.0,0.2808,913,2938,0.1,0.25,45
50,25,false,,0.12796390084582693,0.13138584924262633,0.005997262843005696,30,2,1.0,49.0,0.5248776508972267,0.30587275693311583,0.2012,913,2938,0.1,0.25,45
60,30,false,,0.2261389849609181,0.1197279633225474,-0.11484237110385837,6,1,1.0,57.0,0.33381712626995647,0.03725205611998065,0.1272,913,2938,0.1,0.25,45
20,10,false,,0.13377124421772968,0.42011102654515214,0.2920289185012774,15,16,2.0,19.0,0.8296390120329322,0.0,0.3,914,2939,0.1,0.25,45
30,15,false,,0.13175484247720254,0.16032730786206767,0.04140530095649142,19,27,2.0,29.0,0.5982603092783505,0.0,0.2844,914,2939,0.1,0.25,45
40,20,false,,0.13636840818074294,0.11944510828987416,0.0035091893775329175,22,36,1.0,39.0,0.5046244913059563,0.0,0.2482,914,2939,0.1,0.25,45
50,25,false,,0.13822192379207657,0.10635926036054492,-0.04211881315762875,21,3,1.0,48.0,0.3471325484238511,0.15381693885301936,0.2364,914,2939,0.1,0.25,45
60,30,false,,0.23134364703488125,0.11590627841685647,-0.1243110796783393,6,1,1.0,37.0,0.2701104100946372,0.01025236593059937,0.1866,914,2939,0.1,0.25,45
20,10,false,,0.09932540410733946,0.09600833923355567,-0.009039934837682777,10,2,1.0,19.0,0.48604566872055094,0.0,0.263,915,2940,0.1,0.25,45
30,15,true,,0.09993112761127841,0.4673109955542589,0.3716443137036245,24,26,4.0,29.0,0.8605294350059265,0.0,0.2914,915,2940,0.1,0.25,45
20,10,false,,0.13579746934276762,0.14361854784032685,0.015228459651412535,11,16,1.0,19.0,0.5201451905626134,0.0,0.2492,916,2941,0.1,0.25,45
30,15,true,,0.09681893773319408,0.39906966668323846,0.3127439776043474,23,26,2.0,29.0,0.778876582278481,0.0,0.234,916,2941,0.1,0.25,45
20,10,false,,0.11220279396193518,0.12483626896238875,0.0169940547795516,10,4,2.0,19.0,0.5593857724851143,0.0,0.325,917,2942,0.1,0.25,45
30,15,false,,0.11953408505980115,0.12191226015897795,0.008582642758282383,17,27,1.0,28.0,0.5277214334009466,0.0,0.2898,917,2942,0.1,0.25,45
40,20,false,,0.11323738570951399,0.37501560862537303,0.25793765576614813,35,36,2.0,39.0,0.7707106399685905,0.0,0.2444,917,2942,0.1,0.25,45
50,25,false,,0.11457966350943316,0.15881209380237984,0.05718277210971033,43,46,7.0,49.0,0.630011909487892,0.5228265184597062,0.2278,917,2942,0.1,0.25,45
60,30,true,,0.12130039187566909,0.3555328102308977,0.23500872160385192,53,56,16.0,59.0,0.8286163522012578,0.11320754716981132,0.181,917,2942,0.1,0.25,45
20,10,false,,0.1562218311244156,0.1707116313012985,0.03524040880150403,8,1,1.0,19.0,0.5798556636335112,0.0,0.299,918,2943,0.1,0.25,45
30,15,false,,0.14864052146479656,0.11673371519202842,-0.03693648423871813,13,5,1.0,28.0,0.39234760051880674,0.0,0.2594,918,2943,0.1,0.25,45
40,20,false,,0.1381090585762882,0.1189336261074755,-0.026081961823800542,20,37,1.0,39.0,0.4242735042735043,0.0,0.25,918,2943,0.1,0.25,45
50,25,false,,0.5642346025441283,0.10685292005877721,-0.4604830610297073,3,1,1.0,44.0,0.12257792754844145,0.02148272957034541,0.1856,918,2943,0.1,0.25,45
60,30,true,,0.12902097210148192,0.5389548789880484,0.41564022838459463,53,54,30.0,59.0,0.930298719772404,0.13477951635846372,0.2162,918,2943,0.1,0.25,45
20,10,false,,0.07795604606846676,0.2176860624990904,0.15009965861185726,14,16,1.0,19.0,0.6538931920097839,0.0,0.2194,919,2944,0.1,0.25,45
30,15,false,,0.08174734184473322,0.08433475078177485,0.002316154205803927,15,2,1.0,28.0,0.5066666666666667,0.0,0.1174,919,2944,0.1,0.25,45
40,20,false,,0.05880407352290639,0.12588228052890127,0.061654560905759936,28,30,10.0,37.0,0.6597593582887701,0.0,0.0618,919,2944,0.1,0.25,45
50,25,true,,0.05376551932974579,0.07975865222492111,0.038010622459720325,31,34,25.0,35.0,0.7980561555075594,0.0,0.026,919,2944,0.1,0.25,45
20,10,false,,0.13778341841228778,0.13596216096736352,-0.0023850809007633297,11,16,1.0,19.0,0.49668275030156817,0.0,0.3242,920,2945,0.1,0.25,45
30,15,false,,0.15680105236773803,0.10049377525421456,-0.07984643530954455,6,1,1.0,27.0,0.3186402689577886,0.0,0.2554,920,2945,0.1,0.25,45
40,20,false,,0.16445572796572155,0.0998228681425259,-0.07672798653631827,9,1,1.0,25.0,0.2806949806949807,0.0,0.2494,920,2945,0.1,0.25,45
50,25,true,,0.11562269397578825,0.41292289240878116,0.2943493973268801,42,45,4.0,49.0,0.801980198019802,0.4824828636709825,0.2648,920,2945,0.1,0.25,45
20,10,false,,0.11614933805222129,0.0848376199818636,-0.026623670917629683,7,1,1.0,19.0,0.43262987012987014,0.0,0.2398,921,2946,0.1,0.25,45
30,15,false,,0.2838133398313003,0.07287301004666473,-0.21582362837041097,3,1,1.0,28.0,0.25539387857501256,0.0,0.1296,921,2946,0.1,0.25,45
40,20,true,,0.08259872249645678,0.28029771963674766,0.19025663278644728,32,34,2.0,39.0,0.8225726959093149,0.0,0.1342,921,2946,0.1,0.25,45
20,10,false,,0.09805062394431534,0.1652260852478796,0.0809235927428294,13,17,1.0,19.0,0.6465426465426466,0.0,0.259,922,2947,0.1,0.25,45
30,15,false,,0.6541666321727532,0.07874972846006341,-0.588558063128578,2,1,1.0,27.0,0.23768844221105528,0.0,0.1514,922,2947,0.1,0.25,45
40,20,false,,0.2935800660103923,0.08568357441170031,-0.208481221576509,5,3,1.0,32.0,0.16401889222842422,0.0,0.2138,922,2947,0.1,0.25,45
50,25,false,,0.1597789008392827,0.0920168978829712,-0.07644320028821164,10,4,1.0,47.0,0.26017316017316017,0.07445887445887446,0.195,922,2947,0.1,0.25,45
60,30,false,,0.12301890443391718,0.1328948482249816,0.032077607182219206,38,56,2.0,59.0,0.5365853658536586,0.07269249163079866,0.1516,922,2947,0.1,0.25,45
20,10,false,,0.1294572577696835,0.17456598067573864,0.058579145331247306,14,16,1.0,19.0,0.6049618320610687,0.0,0.2836,923,2948,0.1,0.25,45
30,15,false,,0.13246674088163612,0.10938945674538682,-0.03191512991885638,10,2,1.0,29.0,0.41754258789416454,0.0,0.2632,923,2948,0.1,0.25,45
40,20,false,,0.1255130942670434,0.12060519500869632,-0.011465851275025751,27,36,1.0,39.0,0.4696802646085998,0.0,0.2614,923,2948,0.1,0.25,45
50,25,true,,0.11415659616141283,0.32995620819512755,0.21071854567298867,44,46,31.0,49.0,0.8233308327081771,0.5982745686421606,0.2576,923,2948,0.1,0.25,45
20,10,false,,0.13018683493737268,0.12143505151816622,-0.003917754267843493,9,4,1.0,19.0,0.48881789137380194,0.0,0.3054,924,2949,0.1,0.25,45
30,15,true,,0.11188008157084925,0.4317484616501157,0.31491905315859003,24,26,2.0,29.0,0.7866004962779156,0.0,0.266,924,2949,0.1,0.25,45
20,10,false,,0.1318502035973149,0.14663250128487346,0.02771682749773624,12,17,1.0,19.0,0.5634340222575517,0.0,0.3018,925,2950,0.1,0.25,45
30,15,false,,0.11770859856406407,0.17021742259688244,0.0729702536223382,22,26,2.0,29.0,0.6341632088520055,0.0,0.26,925,2950,0.1,0.25,45
40,20,true,,0.1175551116964649,0.2129908982793016,0.10259403487536631,32,36,6.0,39.0,0.7248444932308818,0.0,0.2612,925,2950,0.1,0.25,45
20,10,false,,0.1314056960419761,0.09192325750677445,-0.042488985720145395,7,1,1.0,19.0,0.40710883107365337,0.0,0.2524,926,2951,0.1,0.25,45
30,15,false,,0.11901672697750296,0.11582842877209311,-0.0015837534775372253,10,5,1.0,28.0,0.4975773387998509,0.0,0.2704,926,2951,0.1,0.25,45
40,20,true,,0.10635389992086873,0.505659100580231,0.4028874661675655,34,38,10.0,39.0,0.8756756756756757,0.0,0.2626,926,2951,0.1,0.25,45
20,10,true,,0.10422669956466843,0.4132595019386632,0.30103512034519775,14,17,1.0,19.0,0.804324707550514,0.0,0.29,927,2952,0.1,0.25,45
20,10,true,,0.12890981006960686,0.31160336533533006,0.18932150140672993,14,17,1.0,19.0,0.7745222929936306,0.0,0.3066,928,2953,0.1,0.25,45
20,10,false,,0.17119575106296891,0.13472601211225496,-0.05184886707799172,10,1,1.0,19.0,0.3988910632746249,0.0,0.2684,929,2954,0.1,0.25,45
30,15,false,,0.11974392586576076,0.15418364326318154,0.042168091564039625,22,27,2.0,29.0,0.6271015467383995,0.0,0.2838,929,2954,0.1,0.25,45
40,20,false,,0.10991184654881148,0.6376279800261996,0.5206288590513929,35,36,22.0,39.0,0.8565094719871019,0.0,0.232,929,2954,0.1,0.25,45
50,25,true,,0.11631570069251917,0.25464817096181247,0.1435810174006222,43,46,13.0,49.0,0.7042414978983569,0.5257928926251433,0.2596,929,2954,0.1,0.25,45
20,10,false,,0.12575893148834574,0.17834477666456228,0.057082136273457165,9,9,1.0,18.0,0.6053459119496856,0.0,0.3066,930,2955,0.1,0.25,45
30,15,false,,0.12424043187960766,0.1304337489755979,0.010867703042522166,14,14,2.0,28.0,0.5316166883963495,0.0,0.3022,930,2955,0.1,0.25,45
40,20,true,,0.1170631058861978,0.49467998859602247,0.38468833242371725,34,36,2.0,39.0,0.7172413793103448,0.0,0.2374,930,2955,0.1,0.25,45
20,10,false,,0.14885132123109776,0.1621192244579608,0.021060841445947748,11,16,2.0,19.0,0.5406769596199525,0.0,0.3214,931,2956,0.1,0.25,45
30,15,false,,0.16091355046239558,0.11565000560240576,-0.061353737737103994,10,2,1.0,28.0,0.3624875290987695,0.0,0.2744,931,2956,0.1,0.25,45
40,20,false,,0.22525430061379864,0.10297222693897574,-0.1274467815413627,7,2,1.0,24.0,0.12766677954622419,0.0,0.2386,931,2956,0.1,0.25,45
50,25,false,,0.4500315059853571,0.09873202902124814,-0.35560338156422955,4,3,1.0,37.0,0.11171548117154811,0.007112970711297071,0.2004,931,2956,0.1,0.25,45
60,30,false,,0.13695333429125975,0.13397419069219,0.0030724673656753743,16,13,1.0,46.0,0.5228267667292058,0.09818636647904941,0.1096,931,2956,0.1,0.25,45
20,10,false,,0.08484974756553491,0.1410374166544779,0.06302538232260109,13,17,2.0,19.0,0.6247113163972287,0.0,0.2504,932,2957,0.1,0.25,45
30,15,false,,0.10699825475070195,0.14303769523678153,0.03923266377347984,19,26,2.0,29.0,0.6031462281015374,0.0,0.2932,932,2957,0.1,0.25,45
40,20,true,,0.11067546322223693,0.3998299577112364,0.2831997628006131,33,36,9.0,39.0,0.8403896590483327,0.0,0.2848,932,2957,0.1,0.25,45
20,10,true,,0.12825617997058297,0.24573949366032163,0.14216566446401,14,16,1.0,19.0,0.7198834196891192,0.0,0.289,933,2958,0.1,0.25,45
20,10,false,,0.10410704325886179,0.1598122079844212,0.07133020865253131,12,16,2.0,19.0,0.6645860709592641,0.0,0.3136,934,2959,0.1,0.25,45
30,15,false,,0.12279898179951189,0.1269102925700583,-0.00651810798521546,18,1,1.0,29.0,0.48770788141720894,0.0,0.2392,934,2959,0.1,0.25,45
40,20,true,,0.11153159731389088,0.19871529355723141,0.10313509052045572,27,36,3.0,39.0,0.7374588062980593,0.0,0.255,934,2959,0.1,0.25,45
20,10,false,,0.13289143332225906,0.14292835752236208,0.0075435621920546675,11,16,1.0,19.0,0.5123495883470551,0.0,0.2962,935,2960,0.1,0.25,45
30,15,true,,0.11027714646319418,0.3067543283645874,0.2097249530975595,24,26,2.0,29.0,0.7530120481927711,0.0,0.2464,935,2960,0.1,0.25,45
20,10,true,,0.07589198065371376,0.25239270999730823,0.1828424501465104,14,16,3.0,19.0,0.7753414809489576,0.0,0.303,936,2961,0.1,0.25,45
20,10,false,,0.07857412475475307,0.15423850496799266,0.08577249737958403,13,15,1.0,19.0,0.6566008517228029,0.0,0.2356,937,2962,0.1,0.25,45
30,15,false,,0.0716931233213586,0.16955973379688427,0.11361690680407269,24,26,1.0,29.0,0.6775039328788673,0.0,0.1062,937,2962,0.1,0.25,45
40,20,false,,0.06598478887609767,0.5111191486101231,0.44321325700919506,35,37,30.0,39.0,1.0,0.0,0.0646,937,2962,0.1,0.25,45
50,25,true,,0.06887867654957347,0.13182953791026403,0.05809847681217178,41,41,27.0,49.0,0.7642330877427997,0.29805760214333554,0.0334,937,2962,0.1,0.25,45
20,10,false,,0.43180640678546117,0.10589252930721399,-0.33337836270289545,3,2,1.0,18.0,0.16342933690555927,0.0,0.2268,938,2963,0.1,0.25,45
30,15,false,,0.13946080410526956,0.14750533139335642,0.01362094234910112,20,26,1.0,29.0,0.518494484101233,0.0,0.248,938,2963,0.1,0.25,45
40,20,false,,0.12544421933649114,0.6948268442985758,0.5681991758170466,36,37,26.0,39.0,0.9766060155959896,0.0,0.2248,938,2963,0.1,0.25,45
50,25,false,,0.40056479168655806,0.10273426397891731,-0.2978218197937066,4,2,1.0,24.0,0.05947812739831159,0.0,0.209,938,2963,0.1,0.25,45
60,30,false,,0.5040714640521897,0.4601106445999887,-0.026316142224430072,14,14,14.0,15.899999999999999,0.3333333333333333,0.0,0.0006,938,2963,0.1,0.25,45
20,10,false,,0.07617222842672682,0.3681847968065862,0.2770064968314374,15,16,3.0,19.0,0.8772262220538083,0.0,0.2936,939,2964,0.1,0.25,45
30,15,false,,0.13359442927011958,0.09415471504058374,-0.043451512964481784,9,2,1.0,26.0,0.3882713683403603,0.0,0.2776,939,2964,0.1,0.25,45
40,20,false,,0.10949369283163092,0.6097842049727462,0.49454022437323336,35,35,24.0,39.0,0.9243498817966903,0.0,0.266,939,2964,0.1,0.25,45
50,25,false,,0.29128220085284945,0.10534482938210624,-0.1876003574977867,5,2,1.0,45.0,0.2583612040133779,0.04389632107023411,0.2356,939,2964,0.1,0.25,45
60,30,true,,0.12128321454304676,0.33887587460148255,0.21652087057466163,51,56,4.5,59.0,0.7989317054559328,0.22739412438000764,0.207,939,2964,0.1,0.25,45
20,10,false,,0.0825580855374669,0.1652039958843289,0.08727552238272224,13,16,2.0,19.0,0.699288256227758,0.0,0.3006,940,2965,0.1,0.25,45
30,15,false,,0.10407025906142542,0.14622807536391222,0.06782216013933932,21,25,1.0,29.0,0.5894645189377449,0.0,0.2166,940,2965,0.1,0.25,45
40,20,true,,0.10905266810994592,0.4274672313059272,0.3361586132514659,33,37,15.0,39.0,0.7648691514670896,0.0,0.283,940,2965,0.1,0.25,45
20,10,false,,0.08451170907052248,0.11905276952306942,0.04240658191833584,10,16,1.0,19.0,0.6167322130854487,0.0,0.297,941,2966,0.1,0.25,45
30,15,false,,0.12803654751804097,0.10341842101837549,-0.025765373887788198,8,2,1.0,28.0,0.43309002433090027,0.0,0.273,941,2966,0.1,0.25,45
40,20,false,,0.11278642304162971,0.2255266842494486,0.13304647864511554,27,35,1.0,39.0,0.6947542337876911,0.0,0.274,941,2966,0.1,0.25,45
50,25,false,,0.11331908208779408,0.20049164316137003,0.09201145589466886,43,46,11.0,49.0,0.6496111338518216,0.5714285714285714,0.2388,941,2966,0.1,0.25,45
60,30,true,,0.11893037128330186,0.20475832086038345,0.09949113131807265,44,53,4.0,58.0,0.7194216490816725,0.11645173896053146,0.2424,941,2966,0.1,0.25,45
20,10,false,,0.11524796108959547,0.17241436622405626,0.08359256199594302,12,15,1.0,19.0,0.6203243958953989,0.0,0.3068,942,2967,0.1,0.25,45
30,15,true,,0.11219395089272508,0.38091535494157497,0.2846926583846496,24,27,2.0,29.0,0.763629431948151,0.0,0.2698,942,2967,0.1,0.25,45
20,10,false,,0.10927153609777915,0.17070377371914017,0.08476487722900045,10,16,1.0,19.0,0.6513422818791946,0.0,0.3044,943,2968,0.1,0.25,45
30,15,true,,0.10756078225472142,0.22446740730664239,0.12421168930354633,24,26,12.524999999999991,29.0,0.7448618001417434,0.0,0.2872,943,2968,0.1,0.25,45
20,10,false,,0.1299897174357571,0.1380930438396964,0.07248500321557066,9,2,1.0,19.0,0.5257689110556941,0.0,0.2054,944,2969,0.1,0.25,45
30,15,false,,0.16295161558897664,0.11671055440270095,-0.03725501719151855,10,2,1.0,28.84999999999991,0.46102097348634746,0.0,0.2812,944,2969,0.1,0.25,45
40,20,false,,0.10807982499031794,0.13805337975419352,0.03837586857774085,27,31,3.0,38.0,0.6147798742138365,0.0,0.2626,944,2969,0.1,0.25,45
50,25,false,,0.10492820129283861,0.15481325177650782,0.07056302034560988,37,44,1.0,49.0,0.6783677051338306,0.3321632294866169,0.2112,944,2969,0.1,0.25,45
60,30,false,,0.12121166014726877,0.14841315690277157,0.0457779253234262,46,56,2.0,59.0,0.6142276422764228,0.1540650406504065,0.231,944,2969,0.1,0.25,45
20,10,false,,0.11600221856598479,0.12268472652214275,0.003812660298809764,9,1,1.0,18.0,0.512087163772557,0.0,0.3004,945,2970,0.1,0.25,45
30,15,false,,0.1149938235920851,0.3405344083414145,0.21498548884904634,25,25,4.0,29.0,0.8277460770328102,0.0,0.265,945,2970,0.1,0.25,45
40,20,false,,0.16493962938860515,0.11581779302338491,-0.06546555113783625,7,1,1.0,38.0,0.31347056699169373,0.0,0.2512,945,2970,0.1,0.25,45
50,25,false,,0.14133088223482793,0.12275239887537498,-0.026104305350170554,10,2,1.0,48.0,0.41123930033494605,0.12541868254558988,0.2452,945,2970,0.1,0.25,45
60,30,false,,0.13157960705609412,0.15788072833414832,0.04324763121994265,26,56,1.0,58.0,0.6398601398601399,0.09090909090909091,0.1854,945,2970,0.1,0.25,45
20,10,false,,0.10630977976069429,0.27580151394578123,0.18778215230046036,15,16,1.0,19.0,0.635145482388974,0.0,0.2532,946,2971,0.1,0.25,45
30,15,false,,0.2383514352728115,0.0888736561392596,-0.17036370132179363,5,1,1.0,28.0,0.2846410684474123,0.0,0.2218,946,2971,0.1,0.25,45
40,20,false,,0.10974315365185874,0.5709926043298879,0.44557383460361655,35,35,8.0,39.0,0.8736330498177399,0.0,0.2554,946,2971,0.1,0.25,45
50,25,false,,0.11985440022577297,0.11881022720129081,0.002485496077971966,16,6,2.0,47.0,0.5065243179122183,0.08620007908264136,0.261,946,2971,0.1,0.25,45
60,30,true,,0.11910146196097864,0.2893872190937301,0.17432078447676114,49,51,9.649999999999991,58.0,0.7964536387144441,0.21647580347247874,0.2144,946,2971,0.1,0.25,45
20,10,false,,0.06927414825757244,0.25695203633633135,0.18080557160846977,15,16,2.0,19.0,0.81625,0.0,0.2572,947,2972,0.1,0.25,45
30,15,false,,0.11654764366897911,0.1056054241720822,-0.015014932565418068,10,2,1.0,27.0,0.44837063211621514,0.0,0.2858,947,2972,0.1,0.25,45
40,20,true,,0.09622585051574131,0.4233629655777884,0.3180872864527522,32,35,7.0,39.0,0.8415227976980965,0.0,0.2198,947,2972,0.1,0.25,45
20,10,false,,0.13330534801187482,0.1664383964205681,0.047894531451330005,12,16,1.0,19.0,0.6011288805268109,0.0,0.2912,948,2973,0.1,0.25,45
30,15,false,,0.12136654195095843,0.21273948938798684,0.11522644337543303,19,27,2.0,29.0,0.6577060931899642,0.0,0.2724,948,2973,0.1,0.25,45
40,20,false,,0.13537458344889658,0.11055298422432637,-0.026544955408405138,13,1,1.0,38.0,0.4078995939461056,0.0,0.2596,948,2973,0.1,0.25,45
50,25,false,,0.15832750067840845,0.10861912537441576,-0.055240527346648666,8,2,1.0,45.0,0.33516268130145044,0.05840846726773814,0.2438,948,2973,0.1,0.25,45
60,30,true,,0.12269627957736343,0.20109883697542524,0.08000246285330245,49,57,4.0,59.0,0.7109826589595376,0.22434971098265896,0.2186,948,2973,0.1,0.25,45
20,10,false,,0.10347927142740357,0.456411929184923,0.355918307876421,16,16,2.0,19.0,0.8192227619708535,0.0,0.295,949,2974,0.1,0.25,45
30,15,false,,0.14399624083064683,0.088825699627857,-0.06955392361721861,8,3,1.0,28.0,0.33465660976578004,0.0,0.2322,949,2974,0.1,0.25,45
40,20,false,,0.11484051332813922,0.15470967564690732,0.05801630854459337,21,35,2.0,38.0,0.6101295641931684,0.0,0.2972,949,2974,0.1,0.25,45
50,25,false,,0.11591725275320848,0.1592203590249696,0.055704139806833045,36,46,3.0,49.0,0.659688013136289,0.3333333333333333,0.256,949,2974,0.1,0.25,45
60,30,false,,0.12481604839547895,0.13770224894476632,0.01845716091752346,20,4,2.0,57.0,0.5822444273635665,0.045349730976172176,0.2122,949,2974,0.1,0.25,45
20,10,true,,0.11292739871117496,0.31687044842911755,0.2075895366193365,14,16,4.0,19.0,0.8200670936261055,0.0,0.3356,950,2975,0.1,0.25,45
20,10,false,,0.14394001375724644,0.10755188064392131,-0.04752444215820889,10,1,1.0,19.0,0.40479405806887236,0.0,0.2432,951,2976,0.1,0.25,45
30,15,true,,0.11919178431373706,0.20873347088926825,0.10499862779989991,22,25,1.0,29.0,0.7000686341798216,0.0,0.2896,951,2976,0.1,0.25,45
20,10,true,,0.12609871199762435,0.30573703947639297,0.17639369023810142,14,16,1.0,19.0,0.7116564417177914,0.0,0.3088,952,2977,0.1,0.25,45
20,10,false,,0.10669472056585454,0.11320251453700603,0.018260525099785777,10,18,1.0,19.0,0.5294117647058824,0.0,0.2476,953,2978,0.1,0.25,45
30,15,false,,0.12541622630250218,0.09763799391588228,-0.03286107425137247,8,6,1.0,28.0,0.39592760180995473,0.0,0.282,953,2978,0.1,0.25,45
40,20,false,,0.15203405889648802,0.10205219891159498,-0.053627098750638175,9,6,1.0,33.0,0.3368780858336498,0.0,0.2808,953,2978,0.1,0.25,45
50,25,false,,0.20071131836277972,0.0997277057506752,-0.10589490752381146,7,2,1.0,32.0,0.234375,0.0,0.213,953,2978,0.1,0.25,45
60,30,true,,0.11542096499533275,0.2105704699832782,0.09519436153872958,50,56,6.0,59.0,0.7493188010899182,0.15998442973919813,0.2288,953,2978,0.1,0.25,45
20,10,false,,0.08779685468342166,0.36698996168042125,0.278155359175289,15,16,2.0,19.0,0.8008948545861297,0.0,0.272,954,2979,0.1,0.25,45
30,15,false,,0.10002665662382669,0.16188755091636342,0.06961257288851538,21,26,3.0,29.0,0.6630222569308863,0.0,0.2684,954,2979,0.1,0.25,45
40,20,false,,0.17445338309428224,0.08492590865678591,-0.095867257552014,6,1,1.0,37.0,0.2475022706630336,0.0,0.2004,954,2979,0.1,0.25,45
50,25,false,,0.09673713873775111,0.22772239214815068,0.12013735199377296,46,46,35.0,49.0,0.7072477498815727,0.6906679298910469,0.1508,954,2979,0.1,0.25,45
60,30,false,,0.12540103990919133,0.09964949057251887,-0.020553065546124613,10,2,1.0,58.0,0.45384218669417226,0.02527075812274368,0.1122,954,2979,0.1,0.25,45
20,10,false,,0.14024127226741062,0.161728344687576,0.03240918342586066,10,14,1.0,19.0,0.5616396451514225,0.0,0.316,955,2980,0.1,0.25,45
30,15,false,,0.10784110001339223,0.4101705491598629,0.29718247267993025,25,26,5.0,29.0,0.7836343531146333,0.0,0.2536,955,2980,0.1,0.25,45
40,20,false,,0.1736274354494902,0.09041564876233954,-0.08794527905860436,7,2,1.0,22.0,0.18031430934656742,0.0,0.2292,955,2980,0.1,0.25,45
50,25,false,,0.1055848008260578,0.35433017447982046,0.2433490471366947,45,46,27.0,49.0,0.8151978417266187,0.635341726618705,0.1984,955,2980,0.1,0.25,45
60,30,false,,0.1317944512311765,0.1137039723789422,-0.016911083935167034,10,4,1.0,27.0,0.446264482620855,0.0,0.1992,955,2980,0.1,0.25,45
20,10,false,,0.10933704672940812,0.13712519552656272,0.038602719086234145,11,1,1.0,19.0,0.5473361441165198,0.0,0.2744,956,2981,0.1,0.25,45
30,15,true,,0.09797873332179835,0.21307780876978918,0.12968978587093713,21,26,2.0,29.0,0.7257799671592775,0.0,0.2698,956,2981,0.1,0.25,45
20,10,false,,0.09656245372668601,0.4660366357210085,0.36685836203508165,16,16,5.0,19.0,0.9237668161434978,0.0,0.295,957,2982,0.1,0.25,45
30,15,true,,0.10632587185786338,0.26506074351843767,0.16454923540015806,22,27,2.0,29.0,0.7924879137225734,0.0,0.293,957,2982,0.1,0.25,45
20,10,true,,0.09443579610895796,0.2005549550273542,0.11998958134619017,13,16,3.0,19.0,0.7165829145728643,0.0,0.3128,958,2983,0.1,0.25,45
20,10,false,,0.11023570383152383,0.16563097980051447,0.05681538294975693,13,16,2.0,19.0,0.6213655668082326,0.0,0.2938,959,2984,0.1,0.25,45
30,15,false,,0.09728815843006887,0.5062209075529774,0.40890324479787393,25,26,1.0,29.0,0.851957585644372,0.0,0.2232,959,2984,0.1,0.25,45
40,20,true,,0.1045715527374155,0.6628353505105384,0.5505212178312937,34,36,15.0,39.0,0.9379032258064516,0.0,0.2852,959,2984,0.1,0.25,45
20,10,true,,0.07241955843471243,0.3306383506639204,0.25039276113201137,14,16,2.0,19.0,0.8048117966627862,0.0,0.276,960,2985,0.1,0.25,45
20,10,false,,0.11904773593360661,0.19417842595910045,0.08752838934762801,12,16,2.0,19.0,0.6875573219199022,0.0,0.3228,961,2986,0.1,0.25,45
30,15,false,,0.11504693213346599,0.659330395597259,0.546968601865557,26,26,17.950000000000003,29.0,0.9444648767929386,0.0,0.2464,961,2986,0.1,0.25,45
40,20,false,,0.12545276006236064,0.10285808048420704,-0.021942173417464142,14,12,2.0,39.0,0.4336213668499607,0.0,0.2362,961,2986,0.1,0.25,45
50,25,false,,0.11369425268337072,0.16985178892552857,0.06071370047956547,40,45,6.0,49.0,0.6524148851939826,0.4069675376088678,0.262,961,2986,0.1,0.25,45
60,30,false,,0.12441102390879588,0.14403720852469662,0.028751660412900615,43,54,2.0,58.0,0.5883703136954859,0.13925019127773527,0.2178,961,2986,0.1,0.25,45
20,10,false,,0.08449497950992604,0.10255297436925363,0.020488841149180426,9,3,1.0,19.0,0.5652978172401036,0.0,0.2914,962,2987,0.1,0.25,45
30,15,false,,0.09839356534116053,0.1436103352252317,0.05943691804388714,19,26,2.0,29.0,0.6543445121951219,0.0,0.2778,962,2987,0.1,0.25,45
40,20,false,,0.1344440837635609,0.10360001920256008,-0.043614976140870274,12,1,1.0,37.0,0.3875051041241323,0.0,0.2522,962,2987,0.1,0.25,45
50,25,false,,0.11633105103232472,0.1957593693510908,0.1040872063444512,35,46,2.0,49.0,0.6971634039153016,0.309628445864962,0.2756,962,2987,0.1,0.25,45
60,30,false,,0.14153579842331468,0.11513577583057423,-0.045270304501241726,14,2,1.0,57.0,0.3713368125250903,0.06262545162585308,0.1854,962,2987,0.1,0.25,45
20,10,false,,0.1352864158239344,0.12521344856387331,-0.010028450642441636,10,16,1.0,19.0,0.4732446643983916,0.0,0.3164,963,2988,0.1,0.25,45
30,15,true,,0.11575351044732711,0.3556099239633086,0.24582521637631521,24,27,5.0,29.0,0.7860661505981703,0.0,0.2864,963,2988,0.1,0.25,45
20,10,false,,0.14305543652457559,0.11988611830458053,-0.027700726513864474,7,1,1.0,19.0,0.4186200066028392,0.0,0.2884,964,2989,0.1,0.25,45
30,15,true,,0.10454432993751078,0.25587623307728063,0.16539409228632196,24,26,3.700000000000003,29.0,0.7454615681730398,0.0,0.2694,964,2989,0.1,0.25,45
20,10,false,,0.1296364429301316,0.16735024200987825,0.056902265303330785,13,18,2.0,19.0,0.581151832460733,0.0,0.2806,965,2990,0.1,0.25,45
30,15,true,,0.10511328475728644,0.25351472342135667,0.15732455743449258,23,26,5.0,29.0,0.7442955450923578,0.0,0.2854,965,2990,0.1,0.25,45
20,10,false,,0.17057420544214594,0.06026923286962131,-0.11306013523395345,6,3,1.0,18.0,0.24763572679509632,0.0,0.2372,966,2991,0.1,0.25,45
30,15,false,,0.18813218567624745,0.08845416306610562,-0.11076998423382128,7,2,1.0,28.0,0.323949246629659,0.0,0.2554,966,2991,0.1,0.25,45
40,20,false,,0.11218801438925152,0.13156663617371714,0.03675550744679257,24,33,3.0,38.0,0.613413715146948,0.0,0.285,966,2991,0.1,0.25,45
50,25,false,,0.11755358015790394,0.17284526900443023,0.09401780365655972,36,46,2.0,49.0,0.6775089250297501,0.3542245140817136,0.2606,966,2991,0.1,0.25,45
60,30,true,,0.11637758988899528,0.31807797820861505,0.20182403132740193,50,54,33.0,59.0,0.8345805435210712,0.26230799527372983,0.2616,966,2991,0.1,0.25,45
20,10,false,,0.09699915321446771,0.09576269259599715,0.006862363878389427,10,1,1.0,19.0,0.5143721633888049,0.0,0.2456,967,2992,0.1,0.25,45
30,15,false,,0.10408333202339694,0.11512215494102236,0.017936480773585742,13,7,1.0,29.0,0.5496845425867508,0.0,0.2846,967,2992,0.1,0.25,45
40,20,false,,0.11373479678785853,0.1475350171087192,0.05005773435956054,30,34,4.0,39.0,0.6186887716654107,0.0,0.2708,967,2992,0.1,0.25,45
50,25,false,,0.12233018109948929,0.1264722542505974,0.0190804984953737,21,10,2.0,48.0,0.5555555555555556,0.12368207623682076,0.2834,967,2992,0.1,0.25,45
60,30,false,,0.11869603161762288,0.149339876933604,0.03777370001244255,41,50,3.0,58.0,0.6396078431372549,0.12431372549019608,0.2354,967,2992,0.1,0.25,45
20,10,true,,0.12476764922795076,0.22187735808346848,0.1008096949761936,14,19,1.0,19.0,0.711291413116971,0.0,0.2854,968,2993,0.1,0.25,45
20,10,false,,0.16063877592223336,0.09733515686693112,-0.07071331654776247,5,1,1.0,18.0,0.32858187134502925,0.0,0.2662,969,2994,0.1,0.25,45
30,15,false,,0.111048973129399,0.10739986847672675,-0.005121770593078355,11,4,1.0,28.0,0.49228453142642076,0.0,0.2762,969,2994,0.1,0.25,45
40,20,false,,0.11255450621062306,0.17594511133547497,0.066200601439056,30,35,2.0,39.0,0.6519060454370428,0.0,0.2608,969,2994,0.1,0.25,45
50,25,false,,0.16285311296603813,0.11170768651534471,-0.06865955059661846,10,1,1.0,46.0,0.3297955974842767,0.0735062893081761,0.2224,969,2994,0.1,0.25,45
60,30,true,,0.12970154602874343,0.2407682964370786,0.11650258724436675,47,55,28.0,59.0,0.8523695874531196,0.2782134333446983,0.2022,969,2994,0.1,0.25,45
20,10,false,,0.12510713201095292,0.09240023630219704,-0.0389411428030105,9,3,1.0,19.0,0.388231315522489,0.0,0.2938,970,2995,0.1,0.25,45
30,15,false,,0.10187123024842479,0.1987730224896338,0.10929702665028623,21,27,1.0,29.0,0.6331636980491943,0.0,0.1784,970,2995,0.1,0.25,45
40,20,true,,0.10855389199656251,0.2698380471157691,0.1536662881656263,32,35,10.0,39.0,0.7445482866043613,0.0,0.2772,970,2995,0.1,0.25,45
20,10,false,,0.18188782907335266,0.14851190461911454,-0.053383114270736554,8,4,1.0,19.0,0.3974201474201474,0.0,0.3044,971,2996,0.1,0.25,45
30,15,false,,0.1495475397701418,0.11171295085761995,-0.05122243733316627,12,3,1.0,27.0,0.37760252365930597,0.0,0.2816,971,2996,0.1,0.25,45
40,20,false,,0.2165056922041167,0.08719624348548959,-0.14383559445662497,8,2,1.0,27.0,0.10943396226415095,0.0,0.22,971,2996,0.1,0.25,45
50,25,false,,0.17932289665157633,0.07643934574833582,-0.11164011869465301,11,7,2.0,28.0,0.1066723331916702,0.0,0.1708,971,2996,0.1,0.25,45
60,30,false,,0.12830754032152905,0.23665887876657477,0.11083155052360516,49,56,3.0,59.0,0.6156655844155844,0.15584415584415584,0.2398,971,2996,0.1,0.25,45
20,10,false,,0.14619938275591976,0.13780163697425132,-0.002922608392868592,11,16,1.0,19.0,0.49848851269649336,0.0,0.2886,972,2997,0.1,0.25,45
30,15,false,,0.12384946734074923,0.15110113225257887,0.04456593214100303,22,26,1.0,29.0,0.5864071038251366,0.0,0.2716,972,2997,0.1,0.25,45
40,20,true,,0.1202392164384715,0.5549873455524236,0.437045832505505,33,36,3.0,39.0,0.7428023032629558,0.0,0.2502,972,2997,0.1,0.25,45
20,10,false,,0.12170625991476568,0.17304765091528496,0.07124684734676587,13,16,1.0,19.0,0.6197935208259167,0.0,0.2702,973,2998,0.1,0.25,45
30,15,false,,0.20522021497545087,0.09226767248676575,-0.11256609465731435,4,2,1.0,24.0,0.24761146496815287,0.0,0.2536,973,2998,0.1,0.25,45
40,20,true,,0.11012025277625706,0.17412443246805098,0.08586410783706051,28,36,2.0,39.0,0.7122605363984674,0.0,0.2866,973,2998,0.1,0.25,45
20,10,false,,0.12935937125850192,0.17457005000616832,0.06488975831587013,13,16,2.0,19.0,0.5998743718592965,0.0,0.301,974,2999,0.1,0.25,45
30,15,false,,0.12322762846883192,0.1597800495809356,0.0617472610978117,21,25,3.0,29.0,0.6124579124579125,0.0,0.297,974,2999,0.1,0.25,45
40,20,false,,0.12751835445418808,0.11477290677404066,-0.01842890005393455,20,8,2.0,37.0,0.43645251396648044,0.0,0.2674,974,2999,0.1,0.25,45
50,25,false,,0.1372559000632934,0.1278033624660075,-0.0022665391113039224,13,46,1.0,49.0,0.4938414164742109,0.2894534257120862,0.2368,974,2999,0.1,0.25,45
60,30,true,,0.13110977349868008,0.7062797235673279,0.5770949246636987,54,54,43.0,59.0,0.9954513645906228,0.1305108467459762,0.2208,974,2999,0.1,0.25,45
20,10,false,,0.1125152562281661,0.4626376947338057,0.3559148301529656,15,16,1.0,19.0,0.6746499631540163,0.0,0.2804,975,3000,0.1,0.25,45
30,15,false,,0.13531604647359807,0.09835746381241868,-0.048443626787458005,11,2,1.0,29.0,0.4314056563951034,0.0,0.213,975,3000,0.1,0.25,45
40,20,false,,0.09643566101476436,0.11384649065140659,0.0302077803804459,27,28,2.0,39.0,0.5890221402214022,0.0,0.182,975,3000,0.1,0.25,45
50,25,true,,0.08720354232886683,0.41444764814953394,0.33369274562613943,44,46,29.0,49.0,0.9333333333333333,0.665625,0.118,975,3000,0.1,0.25,45
20,10,false,,0.12299291590600017,0.24641463186638723,0.14023166758365163,15,18,1.0,19.0,0.68517909957279,0.0,0.2804,976,3001,0.1,0.25,45
30,15,false,,0.12059709433180676,0.1165196152423785,-0.002176334298845964,19,26,1.0,29.0,0.488941816944539,0.0,0.2788,976,3001,0.1,0.25,45
40,20,false,,0.1436122783188258,0.09667970679216449,-0.057656833976256344,11,7,1.0,34.0,0.3177219932559011,0.0,0.267,976,3001,0.1,0.25,45
50,25,false,,0.11328337794366554,0.15976034138811585,0.04320455326093156,43,43,20.0,49.0,0.6331130975514964,0.5122425184609405,0.2536,976,3001,0.1,0.25,45
60,30,false,,0.11970443983699058,0.11742101866500847,-0.003045782532170277,40,41,7.0,58.0,0.4867986798679868,0.19306930693069307,0.1788,976,3001,0.1,0.25,45
20,10,false,,0.12655930017651673,0.3114311584803835,0.18708427134488534,16,17,3.0,19.0,0.7605314322747894,0.0,0.3038,977,3002,0.1,0.25,45
30,15,false,,0.16526533328519194,0.11509754444611812,-0.06622781754636711,8,2,1.0,29.0,0.36989172196996156,0.0,0.2448,977,3002,0.1,0.25,45
40,20,false,,0.15308743415020293,0.10228044932999306,-0.0671640975270306,9,2,1.0,36.0,0.3211933359163115,0.0,0.251,977,3002,0.1,0.25,45
50,25,false,,0.12589309065902712,0.12719992960638765,0.007399027364471275,29,46,5.0,49.0,0.5235696293630803,0.3512054695933789,0.2452,977,3002,0.1,0.25,45
60,30,true,,0.12739354027712216,0.6861421312132019,0.564574828287887,52,54,34.0,59.0,0.9902381882077314,0.17024599765716517,0.1664,977,3002,0.1,0.25,45
20,10,true,,0.09196354602209196,0.34398423678121537,0.2702983297629249,13,15,2.0,19.0,0.8032672923183872,0.0,0.301,978,3003,0.1,0.25,45
20,10,false,,0.09647472647858421,0.14527903477550608,0.06755251393846176,13,17,1.0,19.0,0.6486988847583643,0.0,0.2832,979,3004,0.1,0.25,45
30,15,false,,0.08705103059125015,0.11229902437181653,0.03114410125918192,19,23,2.0,29.0,0.5721304153640018,0.0,0.1794,979,3004,0.1,0.25,45
40,20,true,,0.0816367388671005,0.25725772275735875,0.18577680181207382,34,34,24.0,39.0,0.868771583621115,0.0,0.1156,979,3004,0.1,0.25,45
20,10,true,,0.1432500805644782,0.30843641475983713,0.1948303202779534,14,15,1.0,19.0,0.7059738643434972,0.0,0.3072,980,3005,0.1,0.25,45
20,10,false,,0.13049685550712012,0.2991222077342317,0.18673636813027025,15,18,1.0,19.0,0.6781609195402298,0.0,0.287,981,3006,0.1,0.25,45
30,15,false,,0.11942700526256393,0.6744142617788206,0.5531010844286888,26,27,3.0,29.0,0.8565558460963766,0.0,0.2568,981,3006,0.1,0.25,45
40,20,true,,0.11807937147655682,0.22837507245779576,0.11967441607707321,33,35,4.0,39.0,0.7081100392997499,0.0,0.255,981,3006,0.1,0.25,45
20,10,false,,0.168953026787525,0.1025990894565979,-0.07791000216519431,5,1,1.0,18.0,0.3506666666666667,0.0,0.2798,982,3007,0.1,0.25,45
30,15,false,,0.13301082541187406,0.10685679708709639,-0.04389473352102474,12,1,1.0,27.0,0.3677599441730635,0.0,0.2648,982,3007,0.1,0.25,45
40,20,false,,0.2427452537212521,0.1031551074949319,-0.1425537049407974,5,3,1.0,30.0,0.22656546489563567,0.0,0.2398,982,3007,0.1,0.25,45
50,25,true,,0.11643588169151124,0.4309490809828853,0.31160791891548983,44,46,7.0,49.0,0.8001546192500967,0.5315036722071897,0.2544,982,3007,0.1,0.25,45
20,10,false,,0.125812697109088,0.09442121855470038,-0.03330719051330808,7,4,1.0,18.0,0.42425283407763653,0.0,0.3034,983,3008,0.1,0.25,45
30,15,false,,0.10545070160545547,0.5918706218045625,0.4893295718376255,25,26,11.0,29.0,0.9387316374059477,0.0,0.2832,983,3008,0.1,0.25,45
40,20,false,,0.2111169921662807,0.11364923096269068,-0.12441373064702224,7,2,1.0,38.0,0.3325626204238921,0.0,0.245,983,3008,0.1,0.25,45
50,25,false,,0.15386263113578316,0.12690417114118716,-0.024090981785083287,13,2,1.0,49.0,0.47570436913025727,0.24132298897509188,0.2266,983,3008,0.1,0.25,45
60,30,true,,0.12263632215809986,0.1732006465076668,0.06986682751481664,35,53,4.0,58.0,0.7277978339350181,0.10722021660649819,0.225,983,3008,0.1,0.25,45
20,10,false,,0.12400734154407944,0.09897017396547642,-0.03790494913393815,8,1,1.0,19.0,0.40636042402826855,0.0,0.2756,984,3009,0.1,0.25,45
30,15,true,,0.11607416740307976,0.2336939631862463,0.13241350842881927,20,26,2.0,29.0,0.7314022383146808,0.0,0.2902,984,3009,0.1,0.25,45
20,10,false,,0.11967569371607029,0.4098273182584356,0.28897296019345,15,16,3.0,19.0,0.8621129907436962,0.0,0.3008,985,3010,0.1,0.25,45
30,15,false,,0.13806499383973492,0.12457726990968078,-0.01305881397859851,19,1,1.0,29.0,0.4850574712643678,0.0,0.2216,985,3010,0.1,0.25,45
40,20,false,,0.14246019426455997,0.10560560042920626,-0.042555960612624566,9,7,1.0,36.0,0.3526335450130743,0.0,0.2494,985,3010,0.1,0.25,45
50,25,false,,0.16163581348019299,0.11046572194714432,-0.05655348261796622,10,2,1.0,42.94999999999982,0.3030646992054484,0.02989027620128642,0.2498,985,3010,0.1,0.25,45
60,30,true,,0.12616378488777516,0.36671371285456605,0.23873159202944466,49,52,19.0,58.0,0.8937348563516788,0.2135687088958117,0.2058,985,3010,0.1,0.25,45
20,10,false,,0.10139135205676796,0.2832525985120479,0.19420600993913056,15,17,2.0,19.0,0.7549353301565691,0.0,0.2912,986,3011,0.1,0.25,45
30,15,false,,0.134097521863375,0.17355844085769787,0.07412313164805859,16,1,1.0,29.0,0.5386666666666666,0.0,0.265,986,3011,0.1,0.25,45
40,20,true,,0.10990866141685283,0.650272228383775,0.5312379060424645,33,37,1.0,39.0,0.7074025405168638,0.0,0.214,986,3011,0.1,0.25,45
20,10,false,,0.1561529207203781,0.37412883424027044,0.23460993788973467,15,16,2.0,19.0,0.697074551745832,0.0,0.3028,987,3012,0.1,0.25,45
30,15,false,,0.1369240422758235,0.19075476079384607,0.08763048643237047,23,26,2.0,29.0,0.6001374098248025,0.0,0.2662,987,3012,0.1,0.25,45
40,20,false,,0.16318468615168988,0.10402945103358535,-0.06801684672780403,10,3,1.0,37.0,0.3362962962962963,0.0,0.2366,987,3012,0.1,0.25,45
50,25,false,,0.12077803874778036,0.15938392860022518,0.037516049319780795,39,47,5.0,49.0,0.6252339947585174,0.36540621490078623,0.2544,987,3012,0.1,0.25,45
60,30,false,,0.20585680202650253,0.12467438880715302,-0.08390941268694893,4,3,1.0,16.0,0.31025145067698257,0.0,0.1674,987,3012,0.1,0.25,45
20,10,false,,0.12867397439515277,0.47523841322267013,0.3645447196341419,16,16,2.0,19.0,0.8332262210796915,0.0,0.3042,988,3013,0.1,0.25,45
30,15,false,,0.4157040687996798,0.09542080068667012,-0.3205714096465816,4,2,1.0,22.0,0.17858523386161576,0.0,0.2312,988,3013,0.1,0.25,45
40,20,false,,0.12831424237701758,0.08691540519521077,-0.0538839562170921,13,5,3.0,38.0,0.27557160048134777,0.0,0.2334,988,3013,0.1,0.25,45
50,25,false,,0.10705644227743712,0.1086178728435823,0.0011287046177868854,38,47,2.0,49.0,0.5024175824175824,0.3512087912087912,0.1736,988,3013,0.1,0.25,45
60,30,false,,0.12289062698162372,0.15591573188937968,0.040566149978180935,43,46,2.0,58.0,0.6147151898734177,0.22507911392405064,0.242,988,3013,0.1,0.25,45
20,10,false,,0.04278509102634283,0.6116801469743325,0.5557488981363082,16,17,5.0,19.0,0.9320083682008368,0.0,0.1326,989,3014,0.1,0.25,45
30,15,false,,0.07639970006478265,0.06507245688419952,-0.015132552876898322,12,3,1.0,29.0,0.4205158968206359,0.0,0.0726,989,3014,0.1,0.25,45
40,20,false,,0.04950615073295543,0.5515567244998361,0.5283422717856064,36,36,32.0,39.0,1.0,0.0,0.0412,989,3014,0.1,0.25,45
50,25,true,,0.012034821758228733,0.06039256778138519,0.048357746023156456,16,16,16.0,16.0,1.0,0.0,0.0042,989,3014,0.1,0.25,45
20,10,false,,0.11060834365700316,0.16295690275507396,0.06446406885657707,8,5,1.0,19.0,0.6484751203852327,0.0,0.3246,990,3015,0.1,0.25,45
30,15,false,,0.12839295354917396,0.12333027153490651,-0.010307284544070344,15,2,1.0,28.0,0.4848700605197579,0.0,0.282,990,3015,0.1,0.25,45
40,20,false,,0.11378560509627603,0.11936797650873583,0.009215701480148192,26,37,2.0,39.0,0.5360864531069085,0.0,0.2592,990,3015,0.1,0.25,45
50,25,false,,0.11905050218490124,0.12993085660762987,0.027539349556573084,26,22,2.0,48.0,0.577727952167414,0.12705530642750373,0.2778,990,3015,0.1,0.25,45
60,30,false,,0.24499277958870808,0.11910094688473276,-0.1295519428802099,5,2,1.0,53.0,0.2739619712844393,0.026387272021730693,0.2068,990,3015,0.1,0.25,45
20,10,false,,0.09267142241013374,0.12141565689907287,0.037012164927648486,9,1,1.0,19.0,0.5958240119313944,0.0,0.2558,991,3016,0.1,0.25,45
30,15,true,,0.08920431021015142,0.32726679872910724,0.23705424145011583,24,26,4.0,29.0,0.8112970711297071,0.0,0.2266,991,3016,0.1,0.25,45
20,10,false,,0.08903453388058363,0.14752552424520726,0.07316752701207785,12,16,1.0,19.0,0.6201160541586074,0.0,0.2728,992,3017,0.1,0.25,45
30,15,false,,0.09297044214578126,0.15128051615944385,0.07779103800829745,16,16,2.0,28.574999999999818,0.6881303335919318,0.0,0.2792,992,3017,0.1,0.25,45
40,20,false,,0.12059621020320765,0.11626654974609135,0.0023539459150053454,12,4,1.0,38.0,0.513807856865033,0.0,0.2838,992,3017,0.1,0.25,45
50,25,false,,0.12829207010574717,0.11925083269372048,-0.007005118569296753,21,2,1.0,49.0,0.4803804994054697,0.18113357114546175,0.2702,992,3017,0.1,0.25,45
60,30,false,,0.15134791954462454,0.12180563098887436,-0.034061578013642645,7,1,1.0,35.52500000000009,0.3940594059405941,0.0,0.1474,992,3017,0.1,0.25,45
20,10,false,,0.12710781226530032,0.665841326020338,0.546902593742928,16,17,3.0,19.0,0.9026402640264026,0.0,0.299,993,3018,0.1,0.25,45
30,15,false,,0.18443813775752035,0.11717845060321207,-0.08765012744489062,6,2,1.0,28.0,0.3337874659400545,0.0,0.2624,993,3018,0.1,0.25,45
40,20,false,,0.550108289124547,0.10334563272734441,-0.45120946365240644,3,2,1.0,33.0,0.16606060606060605,0.0,0.1772,993,3018,0.1,0.25,45
50,25,false,,0.20178440408354276,0.10680669979882981,-0.10866314162441554,8,1,1.0,47.0,0.25113636363636366,0.05643939393939394,0.2182,993,3018,0.1,0.25,45
60,30,false,,0.1340901332830031,0.12463637466772194,-0.023923640017607217,46,57,1.0,59.0,0.43591682419659733,0.04385633270321361,0.1726,993,3018,0.1,0.25,45
20,10,false,,0.09101583579419602,0.12039507409720038,0.04230993664282541,11,16,1.0,19.0,0.6133239337328164,0.0,0.307,994,3019,0.1,0.25,45
30,15,false,,0.1174989963641499,0.1604262127232276,0.06429322249814484,18,24,1.0,28.0,0.6567413850786216,0.0,0.2846,994,3019,0.1,0.25,45
40,20,true,,0.11827745672897078,0.45459334099634285,0.34923256841802824,33,35,2.0,39.0,0.8028009084027252,0.0,0.245,994,3019,0.1,0.25,45
20,10,false,,0.15566943655904908,0.09136184199873955,-0.07389481996018699,8,2,1.0,19.0,0.29645027182603134,0.0,0.2924,995,3020,0.1,0.25,45
30,15,false,,0.11122029066355825,0.09592506098779134,-0.0126648087417491,19,26,3.0,29.0,0.45871559633027525,0.0,0.23,995,3020,0.1,0.25,45
40,20,false,,0.09199874691965937,0.09903694025092383,0.01429523426750448,30,36,4.0,39.0,0.5551041137633317,0.0,0.1248,995,3020,0.1,0.25,45
50,25,false,,0.24633186467761503,0.06491772699506464,-0.16506092294658667,5,4,1.0,21.0,0.08614668218859138,0.0,0.066,995,3020,0.1,0.25,45
60,30,false,,0.08602318759713465,0.6247574889045079,0.5309716367667454,56,56,50.0,59.0,0.928529238038984,0.010632014176018901,0.0536,995,3020,0.1,0.25,45
20,10,false,,0.10541100917937841,0.11348466269669746,0.006960765497251276,11,16,1.0,19.0,0.5222222222222223,0.0,0.2818,996,3021,0.1,0.25,45
30,15,false,,0.11029352453882862,0.14280137868609355,0.047718533010177935,19,24,1.0,29.0,0.5987495402721589,0.0,0.2598,996,3021,0.1,0.25,45
40,20,false,,0.11891896057982251,0.12991600839090706,0.028732722163281266,18,1,1.0,38.0,0.5696152320507735,0.0,0.2642,996,3021,0.1,0.25,45
50,25,false,,0.12547089695548083,0.11137549867027438,-0.016907413052659526,16,4,1.0,46.0,0.45030181086519117,0.10945674044265594,0.2652,996,3021,0.1,0.25,45
60,30,true,,0.11645940933404829,0.2587035062056773,0.14995276430616394,49,55,4.0,59.0,0.8114785252755606,0.14709236031927023,0.264,996,3021,0.1,0.25,45
20,10,false,,0.34861587784482684,0.10293571885171608,-0.23971662275869288,4,1,1.0,18.0,0.2813522355507088,0.0,0.226,997,3022,0.1,0.25,45
30,15,false,,0.16565461823844344,0.12745511669382042,-0.05655357670198116,6,4,1.0,29.0,0.3796145050637047,0.0,0.2444,997,3022,0.1,0.25,45
40,20,false,,0.14526092628467083,0.11197111155156225,-0.05351629183482294,15,2,1.0,36.0,0.3108790838666218,0.0,0.2454,997,3022,0.1,0.25,45
50,25,false,,0.14072856615661183,0.10653020824202289,-0.0484788190785858,26,4,1.0,48.0,0.31089395584509594,0.1737242128121607,0.2386,997,3022,0.1,0.25,45
60,30,false,,0.16595794915767972,0.11988481690377414,-0.05052313266918301,8,4,1.0,28.0,0.2890451517394523,0.0,0.2194,997,3022,0.1,0.25,45
20,10,false,,0.07595469338324265,0.3567986013149986,0.2832267883825196,15,16,2.0,19.0,0.8158200853043815,0.0,0.258,998,3023,0.1,0.25,45
30,15,false,,0.09959313063763901,0.15471489869383448,0.06396058001932942,16,18,1.0,29.0,0.6578754578754579,0.0,0.3044,998,3023,0.1,0.25,45
40,20,false,,0.4259832776413647,0.10049931500711973,-0.3365799044677766,4,2,1.0,35.0,0.275355871886121,0.0,0.218,998,3023,0.1,0.25,45
50,25,true,,0.11331998820505243,0.468712016202705,0.3455737507070813,43,45,12.0,49.0,0.8560095200317335,0.5271717572391909,0.2688,998,3023,0.1,0.25,45
20,10,false,,0.17947093045638146,0.12606549065497846,-0.06864132047413471,8,4,1.0,19.0,0.3523142509135201,0.0,0.3146,999,3024,0.1,0.25,45
30,15,false,,0.17147205758415607,0.07600275298499704,-0.11240599174526746,8,3,1.0,27.0,0.1987346483066617,0.0,0.2314,999,3024,0.1,0.25,45
40,20,false,,0.28499237601574173,0.06625280286386975,-0.22177995604182987,5,5,1.0,16.0,0.06617982656321314,0.0,0.1394,999,3024,0.1,0.25,45
50,25,false,,0.15595991360493225,0.0690013444755049,-0.09271935035255974,12,10,2.0,29.0,0.1175,0.0,0.1032,999,3024,0.1,0.25,45
60,30,false,,0.15196579771336421,0.07848393074773324,-0.08268099571672718,9,5,2.0,58.0,0.2650862068965517,0.036637931034482756,0.0846,999,3024,0.1,0.25,45
20,10,false,,0.14186014281656925,0.1634311393598476,0.028343104483339876,10,1,1.0,19.0,0.5421002838221382,0.0,0.3128,1000,3025,0.1,0.25,45
30,15,false,,0.12404202003447362,0.4485455894462811,0.3341767987934897,25,26,12.0,29.0,0.8257731958762886,0.0,0.2476,1000,3025,0.1,0.25,45
40,20,false,,0.1270771378501656,0.27560825282378454,0.15730638551077764,34,37,2.0,39.0,0.6674216685541714,0.0,0.2394,1000,3025,0.1,0.25,45
50,25,false,,0.12267086708794445,0.1561259314907214,0.045091030200246116,41,44,8.0,49.0,0.6006552602839461,0.42264288314524934,0.253,1000,3025,0.1,0.25,45
60,30,false,,0.6839535985983656,0.12092889470736055,-0.570152300402174,2,1,1.0,6.0,0.0,0.0,0.0516,1000,3025,0.1,0.25,45
