analysis_day,n_observations,detected,elapsed_seconds,theta1_median,theta2_median,theta_diff_median,tau_median,tau_map,tau_q025,tau_q975,p_positive_effect,p_tau_near_truth,accepted_rate,rep,seed,true_theta1,true_theta2,true_t_star
20,10,true,,0.10396008162876903,0.21567082887825564,0.1350629011070428,14,17,3.0,19.0,0.7049399198931909,0.0,0.3084,1,2026,0.1,0.2,30
20,10,false,,0.119375693390931,0.3689037436352459,0.2617040859880767,15,16,3.0,19.0,0.6853237878294826,0.0,0.293,2,2027,0.1,0.2,30
30,15,false,,0.15380383295040165,0.09107563912521034,-0.08093142014286364,8,3,1.0,27.0,0.35035349567949725,0.025530243519245877,0.2728,2,2027,0.1,0.2,30
40,20,false,,0.7373786262581709,0.07615618951487758,-0.6611480866226186,2,1,1.0,6.0,0.0,0.0,0.104,2,2027,0.1,0.2,30
50,25,false,,0.2561702455088643,0.08667069228108783,-0.17932062112277924,5,3,1.0,44.0,0.2143928035982009,0.022988505747126436,0.121,2,2027,0.1,0.2,30
60,30,true,,0.09942336248267504,0.39406844425374227,0.2871608692839709,53,55,37.0,59.0,0.8892128279883382,0.0,0.1492,2,2027,0.1,0.2,30
20,10,false,,0.17059923871736118,0.11914654687982011,-0.07015614908717616,6,1,1.0,19.0,0.39898440333696045,0.0,0.242,3,2028,0.1,0.2,30
30,15,false,,0.11029583930121294,0.12695867841026048,0.0231477037154547,20,25,2.0,29.0,0.556842867487328,0.18175235336712528,0.236,3,2028,0.1,0.2,30
40,20,false,,0.12203211678477155,0.10814445807126774,-0.011882855818695193,24,32,2.0,38.0,0.46173945502053004,0.26651735722284436,0.2818,3,2028,0.1,0.2,30
50,25,true,,0.11856173146515264,0.7265307144434003,0.5993276828032083,44,46,32.0,49.0,0.9872142580395196,0.043006586594343275,0.2418,3,2028,0.1,0.2,30
20,10,false,,0.17208020094731924,0.1154759050342282,-0.07756422269161414,8,1,1.0,19.0,0.3761002031144211,0.0,0.2466,4,2029,0.1,0.2,30
30,15,false,,0.1323289899676683,0.11483207802314441,-0.022325842247073735,13,2,1.0,29.0,0.45553987297106563,0.11926605504587157,0.2596,4,2029,0.1,0.2,30
40,20,false,,0.13467704663361374,0.12318766747601978,-0.012158058778539801,7,3,1.0,37.0,0.45795078957032687,0.06243114212265883,0.2256,4,2029,0.1,0.2,30
50,25,false,,0.13264948615987301,0.4667492076564563,0.3437449600269474,45,46,31.0,49.0,0.8778809769521844,0.04368765049879601,0.2192,4,2029,0.1,0.2,30
60,30,true,,0.1457053653406438,0.274541527391873,0.13219647002910176,52,52,22.0,59.0,0.7662296130476495,0.02622321714102974,0.211,4,2029,0.1,0.2,30
20,10,false,,0.24138680321333336,0.07539338961672327,-0.1702714841077575,4,1,1.0,18.0,0.3154281098546042,0.0,0.2064,5,2030,0.1,0.2,30
30,15,false,,0.09336506245313721,0.1071262968121911,0.01881667676651371,14,24,2.0,28.0,0.5506329113924051,0.08544303797468354,0.2462,5,2030,0.1,0.2,30
40,20,false,,0.09324354612388559,0.1503114049908805,0.06069479810775959,27,36,7.0,38.0,0.676326348640214,0.26972804279982165,0.1862,5,2030,0.1,0.2,30
50,25,false,,0.12154713578998372,0.09357381984545578,-0.032639382793894944,15,4,1.0,48.125,0.4164926931106472,0.03288100208768267,0.1218,5,2030,0.1,0.2,30
60,30,false,,0.13834973291319166,0.08591694208396018,-0.05604229724363455,8,4,1.0,28.0,0.25996631106120155,0.04604154969118473,0.0902,5,2030,0.1,0.2,30
20,10,false,,0.13605498872439672,0.4050117745321498,0.28075806825707506,14,16,1.0,19.0,0.6710656548993732,0.0,0.2794,6,2031,0.1,0.2,30
30,15,false,,0.12001798242428675,0.11950901635830977,0.0019840305569882796,19,26,1.0,29.0,0.5018234865061999,0.14952589350838805,0.2548,6,2031,0.1,0.2,30
40,20,false,,0.11582239051630416,0.13817395275054611,0.02738059386833666,27,25,4.0,39.0,0.590539541759054,0.2653362897265336,0.2824,6,2031,0.1,0.2,30
50,25,false,,0.12645812028058573,0.12504122790428152,0.001097106841880996,32,36,2.0,48.0,0.5126080691642652,0.11635446685878963,0.2494,6,2031,0.1,0.2,30
60,30,false,,0.12862347603216703,0.15973094173264052,0.054672622709392105,29,2,2.0,57.0,0.6942266571632216,0.09230220955096223,0.23,6,2031,0.1,0.2,30
20,10,false,,0.14518640199798694,0.10047101403041875,-0.06238561446898092,8,3,1.0,19.0,0.3836150845253576,0.0,0.3064,7,2032,0.1,0.2,30
30,15,false,,0.13499175769658278,0.082236956703202,-0.0682826381296023,7,3,1.0,29.0,0.3549369290996085,0.1213571117877338,0.2016,7,2032,0.1,0.2,30
40,20,false,,0.25768326641081934,0.09693763779803294,-0.17123447101802985,6,3,1.0,37.0,0.307258064516129,0.06693548387096775,0.2432,7,2032,0.1,0.2,30
50,25,true,,0.122661510144644,0.2144995451244921,0.12284133556930885,31,46,2.0,49.0,0.7466666666666667,0.07037037037037037,0.2706,7,2032,0.1,0.2,30
20,10,false,,0.11667820612196396,0.23171696259740257,0.13529191694247666,13,16,1.0,19.0,0.6245237270523034,0.0,0.2852,8,2033,0.1,0.2,30
30,15,false,,0.12105333669364345,0.11841970397969982,-0.0008474782695782612,17,26,1.0,29.0,0.4994671403197158,0.14884547069271759,0.2838,8,2033,0.1,0.2,30
40,20,false,,0.12174052610781737,0.1305735345798965,0.00976452922909582,25,36,2.0,39.0,0.5219476208041313,0.1715234230911103,0.276,8,2033,0.1,0.2,30
50,25,false,,0.147750068365657,0.11760706343419558,-0.0327882782687027,10,5,1.0,34.0,0.3958333333333333,0.0935672514619883,0.2566,8,2033,0.1,0.2,30
60,30,false,,0.13735202456194462,0.14695108951683716,0.015532526364098437,14,5,1.0,58.0,0.5715310147006095,0.06525636428827537,0.2224,8,2033,0.1,0.2,30
20,10,false,,0.12315904693620233,0.19479225123963004,0.08157047401204803,13,16,1.0,19.0,0.6509136735979836,0.0,0.3048,9,2034,0.1,0.2,30
30,15,false,,0.12230074884275736,0.14052334387957832,0.03156952701540078,22,28,1.0,29.0,0.5560975609756098,0.24202626641651032,0.252,9,2034,0.1,0.2,30
40,20,true,,0.11211181143255709,0.564809280524801,0.4500068639565894,34,36,17.0,39.0,0.8834029624003038,0.32548423851120395,0.2632,9,2034,0.1,0.2,30
20,10,false,,0.10930995333583719,0.39408942125636054,0.2999854922094315,15,16,3.0,19.0,0.8068988840040582,0.0,0.2904,10,2035,0.1,0.2,30
30,15,false,,0.11640184496774614,0.09560960323968934,-0.027971128826188824,12,1,1.0,29.0,0.41155234657039713,0.08543922984356198,0.2088,10,2035,0.1,0.2,30
40,20,false,,0.13398090085403921,0.10403518489703929,-0.029761421629794345,11,4,1.0,38.0,0.4248151191454396,0.15078060805258833,0.2576,10,2035,0.1,0.2,30
50,25,false,,0.15630484888688972,0.13207648280515955,-0.011341653413713737,19,2,1.0,48.0,0.4933225414811817,0.05827600161877782,0.2376,10,2035,0.1,0.2,30
60,30,true,,0.11796267544435612,0.5007428207489166,0.3805235776217274,52,56,23.0,59.0,0.8750937734433608,0.055138784696174045,0.2274,10,2035,0.1,0.2,30
20,10,false,,0.131919590989388,0.35995108240351703,0.24637802252245483,15,17,2.0,19.0,0.7262443438914027,0.0,0.3064,11,2036,0.1,0.2,30
30,15,false,,0.15065469533130924,0.11649575322444355,-0.04256217344249867,10,4,1.0,28.0,0.3903708523096942,0.05107351984385166,0.2914,11,2036,0.1,0.2,30
40,20,false,,0.1352055323450545,0.1614672039910478,0.04613719155904464,16,2,1.0,38.0,0.643114164213281,0.14785737651292116,0.2732,11,2036,0.1,0.2,30
50,25,false,,0.1432911703435929,0.17262775731268393,0.043062180096113206,28,42,1.0,48.0,0.6470227133210559,0.12124002455494168,0.2126,11,2036,0.1,0.2,30
60,30,false,,0.130388745168903,0.16569620394609097,0.03995391305580504,8,1,1.0,31.0,0.6311530681051922,0.04349291975724882,0.2216,11,2036,0.1,0.2,30
20,10,false,,0.11481825023902699,0.16635532302234335,0.05656018056092471,13,15,1.0,19.0,0.62853470437018,0.0,0.3218,12,2037,0.1,0.2,30
30,15,false,,0.12581503797460392,0.10053197947963216,-0.0262588735240983,8,4,1.0,28.0,0.42075892857142855,0.04836309523809524,0.284,12,2037,0.1,0.2,30
40,20,true,,0.11066021094164813,0.2592193445971644,0.1537041684436759,32,36,3.0,39.0,0.7517890772128061,0.32843691148775894,0.2758,12,2037,0.1,0.2,30
20,10,true,,0.07136353511354222,0.27569980547638895,0.20026465621771622,14,15,3.0,19.0,0.8432285603414823,0.0,0.2826,13,2038,0.1,0.2,30
20,10,false,,0.11586537018004917,0.15596744609783486,0.07560186718903425,12,16,1.0,19.0,0.6158229969829031,0.0,0.3024,14,2039,0.1,0.2,30
30,15,false,,0.10746440176349395,0.5560285013566859,0.45582994867037446,25,26,5.0,29.0,0.8381171067738232,0.32606199770378874,0.266,14,2039,0.1,0.2,30
40,20,true,,0.11961834906845852,0.21422336860137306,0.1069405680458231,33,36,3.0,39.0,0.7162356321839081,0.23275862068965517,0.2672,14,2039,0.1,0.2,30
20,10,false,,0.11722920142920519,0.46279675310762025,0.3506687902672979,16,17,4.0,19.0,0.9033505154639175,0.0,0.3078,15,2040,0.1,0.2,30
30,15,false,,0.13082167130862848,0.137032665761406,0.010868463221605396,17,24,2.0,29.0,0.530003243593902,0.08790139474537788,0.2796,15,2040,0.1,0.2,30
40,20,false,,0.18649984710613643,0.12077819948212402,-0.08956472638192366,6,2,1.0,37.0,0.33870390261367705,0.09094163981382027,0.2238,15,2040,0.1,0.2,30
50,25,false,,0.13444457001363386,0.37475524341590905,0.24169921680494277,45,45,34.0,49.0,0.7972508591065293,0.014089347079037801,0.2252,15,2040,0.1,0.2,30
60,30,true,,0.14428465768142212,0.23169082031340518,0.09710154317163049,50,56,3.0,59.0,0.763375796178344,0.018152866242038216,0.2096,15,2040,0.1,0.2,30
20,10,false,,0.1145292892876011,0.12591264673352648,0.027757425381498425,12,16,1.0,19.0,0.5608063450099141,0.0,0.2824,16,2041,0.1,0.2,30
30,15,false,,0.10461628840248613,0.23177547730307094,0.13045164644123403,22,26,2.0,29.0,0.6942148760330579,0.23652105470287288,0.267,16,2041,0.1,0.2,30
40,20,false,,0.11790865117694184,0.12699994138409393,0.020838226197408508,22,25,2.0,38.0,0.5642023346303502,0.23770781747435443,0.2876,16,2041,0.1,0.2,30
50,25,true,,0.11803971737624219,0.40382136825997295,0.2881998529824592,42,44,24.0,49.0,0.8153789004457652,0.1515601783060921,0.2486,16,2041,0.1,0.2,30
20,10,false,,0.1430983933860914,0.20846568451168684,0.08455544680919183,14,15,1.0,19.0,0.6381011097410604,0.0,0.3254,17,2042,0.1,0.2,30
30,15,false,,0.13799792689366652,0.24684457933368853,0.133282002069171,22,26,1.0,29.0,0.6692672998643148,0.20759837177747625,0.26,17,2042,0.1,0.2,30
40,20,false,,0.14717737268767905,0.1321282379784507,-0.023523185549972014,13,6,1.0,38.0,0.4205994897959184,0.13807397959183673,0.2528,17,2042,0.1,0.2,30
50,25,true,,0.1386580596753784,0.30560713441383963,0.17170205917290443,43,46,14.0,49.0,0.8492089118501776,0.08007749434937037,0.2398,17,2042,0.1,0.2,30
20,10,false,,0.3550744067699534,0.10485696993468425,-0.25932240945604734,4,2,1.0,18.0,0.21626984126984128,0.0,0.2556,18,2043,0.1,0.2,30
30,15,false,,0.24914299219504601,0.11706878450921072,-0.14167096920660147,6,2,1.0,26.0,0.23563968668407312,0.024804177545691905,0.2624,18,2043,0.1,0.2,30
40,20,false,,0.1454356921704599,0.13401964285413173,-0.014305072101508942,20,4,1.0,39.0,0.4623164763458401,0.18107667210440456,0.2512,18,2043,0.1,0.2,30
50,25,false,,0.22880035029999676,0.14373674524984337,-0.08832252840160948,5,1,1.0,41.0,0.32274247491638797,0.03779264214046823,0.2178,18,2043,0.1,0.2,30
60,30,false,,0.1432341531347893,0.18024711420937198,0.04309086995949912,35,40,5.0,59.0,0.6722170829478877,0.14338575393154487,0.213,18,2043,0.1,0.2,30
20,10,false,,0.14390235159653197,0.11752868107089409,-0.03308133879362409,10,2,1.0,19.0,0.42370661427635886,0.0,0.2724,19,2044,0.1,0.2,30
30,15,false,,0.11913838437788472,0.13106007095380423,0.020420558911049866,15,26,2.0,29.0,0.5585088022091819,0.1052813255091474,0.2868,19,2044,0.1,0.2,30
40,20,true,,0.1151108369755054,0.31013111475371785,0.19787517043838343,33,35,12.0,39.0,0.7839462517680339,0.30905233380480907,0.28,19,2044,0.1,0.2,30
20,10,false,,0.0953791825083338,0.06899375605421822,-0.03781429927469686,7,1,1.0,19.0,0.38934250107434465,0.0,0.2252,20,2045,0.1,0.2,30
30,15,false,,0.09081736873677801,0.13742529013509128,0.05616177289829161,13,5,1.0,29.0,0.6738197424892703,0.09570815450643777,0.2466,20,2045,0.1,0.2,30
40,20,false,,0.1664497666831577,0.07232234000247394,-0.09431854307537843,6,1,1.0,29.0,0.2204684317718941,0.034623217922606926,0.1572,20,2045,0.1,0.2,30
50,25,false,,0.09630747740219127,0.19579284590963222,0.09784775135280338,44,45,31.0,49.0,0.6961797752808989,0.03910112359550562,0.153,20,2045,0.1,0.2,30
60,30,true,,0.09875371183663338,0.3061087279314806,0.21185840373696568,46,57,18.0,58.0,0.8005794302269436,0.0816030902945437,0.1226,20,2045,0.1,0.2,30
20,10,true,,0.08722046698439122,0.3337088221375139,0.25379968962632377,14,15,3.0,19.0,0.8445406125166445,0.0,0.306,21,2046,0.1,0.2,30
20,10,false,,0.09120702321261559,0.2788547543233787,0.19439936691037318,15,16,1.0,19.0,0.7424618659098972,0.0,0.2824,22,2047,0.1,0.2,30
30,15,false,,0.09994241651930176,0.5757885015708869,0.46072568381816803,25,26,7.0,29.0,0.8437747819191118,0.3223632038065028,0.2766,22,2047,0.1,0.2,30
40,20,false,,0.11554423682040431,0.24008994663627595,0.1310864444242557,33,37,4.0,39.0,0.6979047619047619,0.26971428571428574,0.265,22,2047,0.1,0.2,30
50,25,true,,0.11780184068627039,0.30097052683454123,0.18590597925331437,37,45,5.0,49.0,0.8434045689019897,0.19123065585851143,0.2666,22,2047,0.1,0.2,30
20,10,false,,0.09653390389508372,0.3186026047503335,0.2331317849251053,15,15,2.0,19.0,0.744942196531792,0.0,0.2864,23,2048,0.1,0.2,30
30,15,false,,0.09950587571901783,0.406269348685007,0.3177610678848517,25,25,13.0,29.0,0.8639906469212782,0.2774746687451286,0.2674,23,2048,0.1,0.2,30
40,20,false,,0.11551105051156128,0.1840690877336408,0.07776533476471048,31,34,2.0,38.0,0.6442672741078208,0.2604403948367502,0.28,23,2048,0.1,0.2,30
50,25,false,,0.11704313175566469,0.14151218084202688,0.04102607193755542,22,4,2.0,47.0,0.64,0.1237037037037037,0.2864,23,2048,0.1,0.2,30
60,30,true,,0.1298101917392671,0.6601937746072033,0.5267156762858769,52,54,31.049999999999997,59.0,0.9693985226873022,0.04502286317270489,0.2272,23,2048,0.1,0.2,30
20,10,false,,0.08235300808089065,0.16819549620768676,0.10252582009392856,13,16,1.0,19.0,0.6590139254798645,0.0,0.2694,24,2049,0.1,0.2,30
30,15,false,,0.08613915104766431,0.103135328041945,0.030684803727012128,14,26,2.0,28.0,0.6062854648625055,0.07027498908773461,0.2308,24,2049,0.1,0.2,30
40,20,false,,0.27129476186236096,0.09376626785548044,-0.17684543440779432,5,2,1.0,35.0,0.24507283633247642,0.031705227077977724,0.2444,24,2049,0.1,0.2,30
50,25,true,,0.1125480324643356,0.22136060647836392,0.10862355179966655,40,39,26.0,49.0,0.7484301412872841,0.09772370486656201,0.2586,24,2049,0.1,0.2,30
20,10,false,,0.11041334624566503,0.6640652070658329,0.5595638781814188,15,16,4.0,19.0,0.9219528395881766,0.0,0.295,25,2050,0.1,0.2,30
30,15,false,,0.12365178646650771,0.14940024673260663,0.028726143923220232,20,26,2.0,29.0,0.5792944279591163,0.14276294098252557,0.3032,25,2050,0.1,0.2,30
40,20,false,,0.12483852166583476,0.1301294899886225,0.007829131879009896,26,36,1.0,39.0,0.5196568977841315,0.22122944960686206,0.244,25,2050,0.1,0.2,30
50,25,false,,0.5106897948196848,0.11525176759953373,-0.40255581759706616,3,1,1.0,44.0,0.17192556634304207,0.052588996763754045,0.1672,25,2050,0.1,0.2,30
60,30,true,,0.13024721476321696,0.2533113538068301,0.1326969526970238,46,54,28.0,58.07499999999982,0.8526031102096011,0.09127789046653144,0.2154,25,2050,0.1,0.2,30
20,10,false,,0.12722455280023331,0.0846397281807655,-0.046964297608881586,10,1,1.0,19.0,0.40287226001511717,0.0,0.247,26,2051,0.1,0.2,30
30,15,false,,0.10538729795203705,0.07682804178300554,-0.036234858381932064,11,5,1.0,29.0,0.406280193236715,0.08309178743961353,0.151,26,2051,0.1,0.2,30
40,20,true,,0.07237284382315536,0.319998663446093,0.24476040323935994,34,35,25.0,39.0,0.8545849158979925,0.3922951709169832,0.0874,26,2051,0.1,0.2,30
20,10,false,,0.15925023535163035,0.2017270448121053,0.06323854451045348,12,18,1.0,19.0,0.6075125702454895,0.0,0.3086,27,2052,0.1,0.2,30
30,15,false,,0.15440896075939398,0.12216746322017118,-0.05429268400025378,15,1,1.0,29.0,0.343586387434555,0.1030759162303665,0.2588,27,2052,0.1,0.2,30
40,20,false,,0.13271222673562902,0.19805383489612277,0.06710840896925585,31,35,19.0,39.0,0.6868686868686869,0.40498737373737376,0.2546,27,2052,0.1,0.2,30
50,25,false,,0.14864788144952984,0.1592292214225764,0.020620993287690847,18,4,1.0,45.0,0.5610759493670886,0.0689873417721519,0.2412,27,2052,0.1,0.2,30
60,30,true,,0.15087919787460677,0.3594330689580766,0.2128339200835095,44,44,18.0,58.0,0.9572573463935886,0.07569011576135352,0.2062,27,2052,0.1,0.2,30
20,10,false,,0.2970960329217187,0.08261708075243865,-0.23260191683223214,3,1,1.0,18.0,0.2663316582914573,0.0,0.2346,28,2053,0.1,0.2,30
30,15,false,,0.11239629616407651,0.09378674155023976,-0.01701125888018898,9,1,1.0,28.0,0.44864176570458403,0.07173174872665534,0.2348,28,2053,0.1,0.2,30
40,20,false,,0.08755277866203279,0.6886618969960334,0.5916235711902142,36,38,23.0,39.0,0.96142578125,0.23876953125,0.1564,28,2053,0.1,0.2,30
50,25,false,,0.09056043134494898,0.6466239074763441,0.5422606579112863,45,45,34.0,49.0,0.9664570230607966,0.016771488469601678,0.1178,28,2053,0.1,0.2,30
60,30,false,,0.12513064491323356,0.08151793898054065,-0.026477234271637257,13,37,1.0,40.0,0.39603960396039606,0.12574257425742574,0.043,28,2053,0.1,0.2,30
20,10,false,,0.13193274875751218,0.14963191917888513,0.030509626641028048,8,1,1.0,19.0,0.570266753415745,0.0,0.2988,29,2054,0.1,0.2,30
30,15,false,,0.11636036268480578,0.16028009755735403,0.0561808764425835,21,26,3.0,29.0,0.6086956521739131,0.17008695652173914,0.2802,29,2054,0.1,0.2,30
40,20,false,,0.11988563542807486,0.13692510846420805,0.03352744658979355,24,34,2.0,38.0,0.566120218579235,0.24626593806921676,0.292,29,2054,0.1,0.2,30
50,25,true,,0.11810299683886233,0.5338101407370514,0.4082801717418191,44,45,24.0,49.0,0.9511011571481897,0.06905561776782382,0.2604,29,2054,0.1,0.2,30
20,10,false,,0.1128411955431442,0.10828984403325605,-0.004675857690211005,10,16,1.0,19.0,0.4892361111111111,0.0,0.2868,30,2055,0.1,0.2,30
30,15,true,,0.0971220511006676,0.48606786201381574,0.3895606338564798,23,27,2.0,29.0,0.7504942665085014,0.2036378015025702,0.2772,30,2055,0.1,0.2,30
20,10,false,,0.1618165079142427,0.47091649170194727,0.32164796286292197,15,17,1.0,19.0,0.6969410280668559,0.0,0.2834,31,2056,0.1,0.2,30
30,15,false,,0.14657556317781145,0.1670261902513033,0.03055103176940757,19,26,2.0,29.0,0.548122436099716,0.17387188387503943,0.2762,31,2056,0.1,0.2,30
40,20,false,,0.14208746657708787,0.1380010628434496,-0.00456730168402214,29,36,2.0,39.0,0.4811715481171548,0.20308979723205664,0.2492,31,2056,0.1,0.2,30
50,25,true,,0.14110209939278878,0.22600729071239753,0.09959829860159883,40,41,3.0,49.0,0.7334175615919141,0.06822488945041061,0.231,31,2056,0.1,0.2,30
20,10,false,,0.09233256103896162,0.14658064623467962,0.0670751056488556,11,17,1.0,19.0,0.6731358529111338,0.0,0.302,32,2057,0.1,0.2,30
30,15,false,,0.12384302222768212,0.1789037691420377,0.10794187543918912,18,1,1.0,29.0,0.6076347894529712,0.1778827233372688,0.256,32,2057,0.1,0.2,30
40,20,true,,0.11013334166490557,0.24129845116864437,0.1381838055024585,33,36,6.0,39.0,0.7420933734939759,0.2865210843373494,0.2642,32,2057,0.1,0.2,30
20,10,false,,0.06730138351483497,0.11023723733005916,0.03685105544554719,11,16,1.0,19.0,0.6082603254067585,0.0,0.229,33,2058,0.1,0.2,30
30,15,true,,0.09726947504376687,0.280587221762464,0.19045311116199468,21,21,2.0,29.0,0.7268199233716475,0.17126436781609194,0.289,33,2058,0.1,0.2,30
20,10,false,,0.1318143624357228,0.10598974566794747,-0.032594748105088306,7,2,1.0,18.0,0.43392226148409896,0.0,0.244,34,2059,0.1,0.2,30
30,15,false,,0.1163602800877376,0.1520280105283351,0.05912679695534519,17,28,2.0,29.0,0.6324900133155792,0.11950732356857523,0.298,34,2059,0.1,0.2,30
40,20,false,,0.1273801252052956,0.14840593773886857,0.02424609827715768,26,36,3.0,39.0,0.6022880215343204,0.1705921938088829,0.269,34,2059,0.1,0.2,30
50,25,false,,0.30714058778221887,0.13873443919547104,-0.18289020791869187,4,2,1.0,27.0,0.3359319631467045,0.03118355776045358,0.2052,34,2059,0.1,0.2,30
60,30,true,,0.14658912295372212,0.2995115244021236,0.157058904789598,48,48,22.0,59.0,0.8626373626373627,0.07234432234432235,0.2108,34,2059,0.1,0.2,30
20,10,false,,0.13689164592159833,0.10070112913150492,-0.0445942054481809,8,7,1.0,18.0,0.3688344329249136,0.0,0.312,35,2060,0.1,0.2,30
30,15,false,,0.1259166505006208,0.1491636859694508,0.042157638119708074,19,2,1.0,29.0,0.5569772091163535,0.19392243102758897,0.2472,35,2060,0.1,0.2,30
40,20,false,,0.11241143341923993,0.14813683537368016,0.05957331427188675,23,28,2.0,38.0,0.681002243829469,0.237471952131638,0.2952,35,2060,0.1,0.2,30
50,25,false,,0.12493089112558685,0.15435737413903114,0.05825672270066051,16,5,2.0,48.0,0.6744104188665963,0.0781414994720169,0.2646,35,2060,0.1,0.2,30
60,30,false,,0.19782771652318407,0.1406219926288684,-0.06232213845150182,7,1,1.0,42.0,0.38849981570217473,0.052340582381127904,0.161,35,2060,0.1,0.2,30
20,10,false,,0.08445215931643736,0.6143981766139366,0.518071467651479,15,16,8.0,19.0,0.9251551661190215,0.0,0.2822,36,2061,0.1,0.2,30
30,15,false,,0.09339484609677402,0.16647018386951667,0.08083595061260403,18,26,3.0,29.0,0.6963722397476341,0.1222397476340694,0.2742,36,2061,0.1,0.2,30
40,20,false,,0.12155453660830658,0.12186439624804843,0.01060479348492871,14,6,1.0,38.0,0.5184442662389736,0.08540497193263834,0.2748,36,2061,0.1,0.2,30
50,25,false,,0.12996691293271595,0.12528903521765158,0.003034889352748177,10,6,1.0,46.0,0.513677811550152,0.07218844984802432,0.2478,36,2061,0.1,0.2,30
60,30,true,,0.12552137051815948,0.5039771975056075,0.3796505202191274,52,53,33.0,59.0,0.9270682148040639,0.02902757619738752,0.2124,36,2061,0.1,0.2,30
20,10,false,,0.13130833138692147,0.1512152664069239,0.029199142670707612,12,17,2.0,19.0,0.5476263399693722,0.0,0.292,37,2062,0.1,0.2,30
30,15,false,,0.12417736654511063,0.5589150214600829,0.4359233185893592,25,26,2.0,29.0,0.8060344827586207,0.3541666666666667,0.256,37,2062,0.1,0.2,30
40,20,false,,0.1420328311567558,0.11325773619355158,-0.040188635631258254,11,5,1.0,38.0,0.3786512802019473,0.0854670032455824,0.2654,37,2062,0.1,0.2,30
50,25,false,,0.12177065997925862,0.1562763109340741,0.04186261958373219,22,19,2.0,48.0,0.6865469332429684,0.18536089461199592,0.2608,37,2062,0.1,0.2,30
60,30,true,,0.13495806939509297,0.2789412527192449,0.14632483307113123,44,52,15.0,58.0,0.9234972677595629,0.11796849887495982,0.1904,37,2062,0.1,0.2,30
20,10,false,,0.08996656702288397,0.09893786710278916,0.01704288606098521,14,17,2.0,19.0,0.55452270289596,0.0,0.2496,38,2063,0.1,0.2,30
30,15,true,,0.07511744556496369,0.2084667108696858,0.13667023492821215,23,26,7.0,29.0,0.7641555883801083,0.21516494337764647,0.1612,38,2063,0.1,0.2,30
20,10,false,,0.10774165811896697,0.11547493782049251,0.004641405296383308,8,4,1.0,19.0,0.5062805303558967,0.0,0.3032,39,2064,0.1,0.2,30
30,15,false,,0.11659129957006095,0.13487251283429372,0.0336933099354175,17,1,1.0,29.0,0.5676176361615413,0.12523156724712856,0.2664,39,2064,0.1,0.2,30
40,20,false,,0.1303969011134851,0.12656619188774806,-0.013654690176855847,16,4,1.0,37.0,0.4683048433048433,0.18233618233618235,0.2608,39,2064,0.1,0.2,30
50,25,true,,0.13687250688125166,0.3136330423938522,0.17955809871480743,40,48,1.0,49.0,0.7454923717059639,0.043689320388349516,0.2192,39,2064,0.1,0.2,30
20,10,false,,0.12224973250289746,0.2070818765330718,0.10372098576805673,13,16,2.0,19.0,0.6611180904522613,0.0,0.3078,40,2065,0.1,0.2,30
30,15,true,,0.11317684634704972,0.35327622933023767,0.24743796740669421,23,26,4.0,29.0,0.8155540261527874,0.23640743289745356,0.2656,40,2065,0.1,0.2,30
20,10,false,,0.4646095117570174,0.07312325440360398,-0.3964314667187044,3,1,1.0,18.0,0.2219959266802444,0.0,0.2054,41,2066,0.1,0.2,30
30,15,false,,0.1235755255681415,0.13496428660309728,0.03583364593922584,12,3,1.0,28.0,0.5524759793052476,0.10790835181079084,0.283,41,2066,0.1,0.2,30
40,20,false,,0.10868947499664532,0.18205203694364713,0.0745094140252697,30,34,9.0,39.0,0.6776640121350019,0.38718240424725064,0.2664,41,2066,0.1,0.2,30
50,25,false,,0.33920279405304793,0.11204335437996547,-0.22285745012730182,4,1,1.0,23.0,0.17798013245033112,0.008278145695364239,0.214,41,2066,0.1,0.2,30
60,30,true,,0.1250699845968458,0.2442354828726418,0.13364289824264103,50,56,2.0,59.0,0.7197661673364998,0.026671538180489587,0.2024,41,2066,0.1,0.2,30
20,10,true,,0.08170268362647651,0.1861900153566761,0.11082133377280066,13,16,1.0,19.0,0.7158273381294964,0.0,0.2802,42,2067,0.1,0.2,30
20,10,false,,0.11660277161400048,0.18033792065532828,0.06766612646522305,14,16,1.7999999999999972,19.0,0.6378132118451025,0.0,0.3084,43,2068,0.1,0.2,30
30,15,false,,0.10797873097385688,0.5185109963262288,0.4114695639452055,25,26,5.0,29.0,0.8682816048448145,0.31718395155185464,0.285,43,2068,0.1,0.2,30
40,20,false,,0.11785797770339071,0.16691481895714555,0.0720190687639998,31,33,2.0,39.0,0.6505713232583855,0.2676004423147807,0.2506,43,2068,0.1,0.2,30
50,25,false,,0.1265070851486004,0.16644003634983026,0.05270717613779708,35,39,3.0,48.0,0.6702849389416553,0.13161465400271372,0.2424,43,2068,0.1,0.2,30
60,30,false,,0.23767189748705916,0.13426848038667646,-0.11691788102957903,4,2,1.0,23.0,0.3192338387869114,0.008379888268156424,0.1404,43,2068,0.1,0.2,30
20,10,true,,0.11042909934051266,0.19234905927871487,0.08554248583710637,13,16,1.0,19.0,0.7076631977294229,0.0,0.283,44,2069,0.1,0.2,30
20,10,false,,0.0760027689084905,0.6214344522704235,0.5457960965748082,16,18,6.0,19.0,0.9451525685592893,0.0,0.277,45,2070,0.1,0.2,30
30,15,true,,0.10310934020015053,0.35945503353413294,0.26120917570281077,23,27,3.0,29.0,0.7605687932359724,0.23481936971560338,0.2724,45,2070,0.1,0.2,30
20,10,false,,0.12854013708765757,0.26663871207377693,0.16246294672506584,14,16,2.0,19.0,0.6627500793902826,0.0,0.3062,46,2071,0.1,0.2,30
30,15,false,,0.22989984243327394,0.1057426630601383,-0.13823518171996607,5,2,1.0,28.0,0.2674165457184325,0.08708272859216255,0.2408,46,2071,0.1,0.2,30
40,20,false,,0.24654798405090866,0.11131197945981836,-0.14706221724917445,4,2,1.0,33.0,0.265476642612989,0.0284846183061147,0.2314,46,2071,0.1,0.2,30
50,25,true,,0.12748585373515636,0.19171437017135434,0.09097186176379236,34,45,2.0,49.0,0.7125748502994012,0.17259598450158506,0.241,46,2071,0.1,0.2,30
20,10,false,,0.1153281066623305,0.17569992729647646,0.07670985915420234,12,16,1.0,19.0,0.6944356120826709,0.0,0.31,47,2072,0.1,0.2,30
30,15,false,,0.11585145546301653,0.1544663637547158,0.05605706565615021,17,27,1.0,29.0,0.6523087525844246,0.12232942798070297,0.295,47,2072,0.1,0.2,30
40,20,false,,0.13075273992185138,0.20720861023746492,0.10459803857701969,29,36,1.0,39.0,0.6930901438091898,0.2504384426517012,0.271,47,2072,0.1,0.2,30
50,25,true,,0.13906394947437,0.5087918725475249,0.3575901898592258,44,45,27.0,49.0,0.9315982649315983,0.08575241908575242,0.223,47,2072,0.1,0.2,30
20,10,false,,0.13135021148861686,0.21644179791767795,0.09797744355490268,14,17,1.0,19.0,0.6728493763991046,0.0,0.3004,48,2073,0.1,0.2,30
30,15,false,,0.13663561600440963,0.5803495507969124,0.44051741725882343,26,26,4.0,29.0,0.8449899125756557,0.34902488231338263,0.27,48,2073,0.1,0.2,30
40,20,true,,0.14081604971830586,0.24594841484481447,0.12318489931123097,31,36,4.0,39.0,0.7395964691046658,0.20271122320302648,0.2686,48,2073,0.1,0.2,30
20,10,false,,0.15808891119347665,0.141037691947073,-0.02736248880280942,9,2,1.0,19.0,0.45667752442996745,0.0,0.294,49,2074,0.1,0.2,30
30,15,false,,0.1096607804397096,0.5155377459679726,0.39885857113953105,25,26,11.0,29.0,0.8595825426944972,0.3370018975332068,0.244,49,2074,0.1,0.2,30
40,20,true,,0.12202840184441437,0.1959422556154777,0.10044707856333492,27,37,2.0,39.0,0.703744901742677,0.1846496106785317,0.2616,49,2074,0.1,0.2,30
20,10,false,,0.12715674392195037,0.11244392343209007,-0.008929948802904403,11,16,1.0,19.0,0.4734455958549223,0.0,0.2946,50,2075,0.1,0.2,30
30,15,false,,0.11485320870786453,0.2065940068907437,0.1139043888219625,23,26,2.0,29.0,0.6803840877914952,0.18141289437585734,0.2916,50,2075,0.1,0.2,30
40,20,false,,0.11641953903874878,0.15981262118731568,0.054332930776678,28,36,2.0,39.0,0.6215787385957953,0.2899642998809996,0.2646,50,2075,0.1,0.2,30
50,25,false,,0.1275411877221334,0.14548929911407354,0.03131913453317359,23,3,1.0,46.0,0.5930434782608696,0.12,0.2488,50,2075,0.1,0.2,30
60,30,true,,0.12736875138961468,0.327647684030756,0.20742974408469023,46,52,20.0,58.0,0.934375,0.148125,0.0978,50,2075,0.1,0.2,30
20,10,false,,0.10917781007570057,0.14313352543034286,0.04308935016299286,10,10,1.0,18.0,0.6098971722365039,0.0,0.3066,51,2076,0.1,0.2,30
30,15,false,,0.12162268058598269,0.16610941976028787,0.057150580209979054,23,25,2.0,29.0,0.6647509578544061,0.219029374201788,0.2766,51,2076,0.1,0.2,30
40,20,false,,0.15430255008987226,0.13807587047212502,-0.01763240334057989,8,1,1.0,38.0,0.4607017543859649,0.10912280701754386,0.2416,51,2076,0.1,0.2,30
50,25,true,,0.1384774525722215,0.3325997307715705,0.20043338263493476,41,43,24.0,49.0,0.8708133971291866,0.14513556618819776,0.2404,51,2076,0.1,0.2,30
20,10,false,,0.0925974440836437,0.4285241595074109,0.33912128963529997,15,16,3.0,19.0,0.8472991689750693,0.0,0.295,52,2077,0.1,0.2,30
30,15,false,,0.12359214808557022,0.1504786452643371,0.04324859035893604,15,27,1.0,29.0,0.5986463620981387,0.14720812182741116,0.2734,52,2077,0.1,0.2,30
40,20,false,,0.23226603738884039,0.1324112592490388,-0.10063447270546994,5,1,1.0,21.0,0.3172437915355019,0.0006995452955578874,0.2348,52,2077,0.1,0.2,30
50,25,true,,0.14939700834572942,0.20020219754188098,0.08437924126664662,28,44,1.0,48.0,0.7084267862864466,0.04645946811919257,0.2312,52,2077,0.1,0.2,30
20,10,false,,0.08642427987913504,0.0702670124572213,0.0006161662176258353,9,1,1.0,19.0,0.5053554040895814,0.0,0.1554,53,2078,0.1,0.2,30
30,15,false,,0.07845071714395824,0.0736502320942869,-0.00012181310639728521,7,2,1.0,28.225000000000136,0.4925799086757991,0.07248858447488585,0.1094,53,2078,0.1,0.2,30
40,20,false,,0.2760716629624684,0.06667543713230804,-0.21615103361252078,3,1,1.0,35.0,0.3927536231884058,0.09130434782608696,0.0408,53,2078,0.1,0.2,30
50,25,false,,0.0814266897453624,0.07958686683572264,-0.007131688584164242,8,4,1.0,18.0,0.48538409245411285,0.0,0.053,53,2078,0.1,0.2,30
60,30,false,,0.07903877694150897,0.08996730725600013,0.010043239889229692,24,23,14.0,43.0,0.6138448707256047,0.2735613010842369,0.0346,53,2078,0.1,0.2,30
20,10,false,,0.10855444613049148,0.1421072404229715,0.039925225332222085,13,16,1.0,19.0,0.5878472222222222,0.0,0.2944,54,2079,0.1,0.2,30
30,15,true,,0.11107745304628999,0.1807748559306403,0.09101018434543034,15,23,1.0,29.0,0.7624442155853073,0.1101956745623069,0.2928,54,2079,0.1,0.2,30
20,10,true,,0.11794445659527099,0.25337457626281934,0.15250591521672713,14,16,1.0,19.0,0.735073409461664,0.0,0.3064,55,2080,0.1,0.2,30
20,10,false,,0.23249593122950576,0.08756041317789544,-0.15008160191230574,3,1,1.0,17.0,0.24273310683276708,0.0,0.2586,56,2081,0.1,0.2,30
30,15,true,,0.10963779229228215,0.2807840001010346,0.18276848637946078,22,26,3.0,29.0,0.7907387769529869,0.17638741604807354,0.2952,56,2081,0.1,0.2,30
20,10,false,,0.09857004938104161,0.12154995549925808,0.039704586625935526,12,16,1.0,19.0,0.5888849305308158,0.0,0.2976,57,2082,0.1,0.2,30
30,15,true,,0.09568911409847346,0.25347647762379205,0.1608155139739077,24,26,3.424999999999997,29.0,0.7959658650116369,0.21373157486423583,0.2908,57,2082,0.1,0.2,30
20,10,false,,0.6997589504257808,0.0407076202612742,-0.6634493166480622,1,1,1.0,4.0,0.01157830591102986,0.0,0.0986,58,2083,0.1,0.2,30
30,15,false,,0.08258449875709627,0.1160932017430862,0.040668553556983955,14,2,1.0,29.0,0.5977011494252874,0.14492753623188406,0.1564,58,2083,0.1,0.2,30
40,20,true,,0.06424670206609087,0.16416469564312053,0.0900183976521111,30,29,21.0,39.0,0.8167281672816729,0.4095940959409594,0.078,58,2083,0.1,0.2,30
20,10,false,,0.10788325737827037,0.15828084347861976,0.05933976600830343,13,16,1.0,19.0,0.6349673202614379,0.0,0.3146,59,2084,0.1,0.2,30
30,15,false,,0.10300215481354619,0.5192180863954255,0.42480423386286803,25,26,9.0,29.0,0.8868071818891491,0.30640124902419985,0.2748,59,2084,0.1,0.2,30
40,20,false,,0.10970503398804562,0.5634074307505986,0.447706922524593,35,37,22.0,39.0,0.9139328444615978,0.2732535700501737,0.2686,59,2084,0.1,0.2,30
50,25,false,,0.1312019212754638,0.1199041622239847,-0.011362083825639802,11,5,1.0,49.0,0.4727201870615744,0.030007794232268122,0.2596,59,2084,0.1,0.2,30
60,30,true,,0.12424277207346043,0.5161380228680758,0.38572741554471945,54,54,16.0,59.0,0.9158249158249159,0.030976430976430977,0.107,59,2084,0.1,0.2,30
20,10,false,,0.09027658963939411,0.4528953827394502,0.3599328715075254,15,17,1.0,19.0,0.801980198019802,0.0,0.2832,60,2085,0.1,0.2,30
30,15,false,,0.11733512603186463,0.08590820852004094,-0.04269961131358111,8,2,1.0,29.0,0.38431542461005197,0.0792894280762565,0.2052,60,2085,0.1,0.2,30
40,20,false,,0.10959328024361048,0.19051811280815725,0.08865613168923736,30,36,5.0,39.0,0.6722395023328149,0.27916018662519443,0.2872,60,2085,0.1,0.2,30
50,25,false,,0.1203786757773032,0.21032749255202704,0.12155678183471816,34,44,2.0,48.0,0.6910538286580743,0.05041698256254738,0.2692,60,2085,0.1,0.2,30
60,30,false,,0.13399656370434876,0.1326358699976852,0.00140351939455427,13,2,2.0,57.0,0.5086173879739564,0.0497893527384144,0.226,60,2085,0.1,0.2,30
20,10,false,,0.08665309277489189,0.4847864994657772,0.39617030437652323,16,16,2.549999999999997,19.0,0.9198706431908013,0.0,0.2956,61,2086,0.1,0.2,30
30,15,false,,0.1064209812000878,0.10864414931105591,0.0019824991856501745,17,6,1.0,29.0,0.5049741345005969,0.12415439713489852,0.2504,61,2086,0.1,0.2,30
40,20,false,,0.09644166027140914,0.12089224515873481,0.03236115781173937,25,36,2.0,38.0,0.5819337267362688,0.1960962324103495,0.1974,61,2086,0.1,0.2,30
50,25,true,,0.09921409577646659,0.20003992680341467,0.10619023849726587,42,43,16.450000000000003,49.0,0.7405329593267882,0.08274894810659186,0.15,61,2086,0.1,0.2,30
20,10,false,,0.094338856405802,0.10926787932334447,0.024077445977865354,10,4,1.0,19.0,0.5581805359661495,0.0,0.2688,62,2087,0.1,0.2,30
30,15,true,,0.09663064956440659,0.37985251587234736,0.2844210616907598,24,26,7.0,29.0,0.8439194422927963,0.28350116189000774,0.2696,62,2087,0.1,0.2,30
20,10,false,,0.10132883761386019,0.08424035706709165,-0.011717124482579194,11,16,1.0,19.0,0.4704810495626822,0.0,0.2238,63,2088,0.1,0.2,30
30,15,false,,0.10875572368697949,0.13644207066089833,0.04591550172357639,21,26,1.0,29.0,0.5810141059855127,0.1776591688905833,0.2674,63,2088,0.1,0.2,30
40,20,false,,0.328701768805751,0.10471534082219892,-0.23403758786247697,5,2,1.0,38.77500000000009,0.2568464730290456,0.06224066390041494,0.2244,63,2088,0.1,0.2,30
50,25,true,,0.12155212141271697,0.37047403175491767,0.2526058887824202,41,46,2.0,49.0,0.8273809523809523,0.08742559523809523,0.2508,63,2088,0.1,0.2,30
20,10,false,,0.13520676130877907,0.14945016719242188,0.030697534826191614,9,2,1.0,19.0,0.5556990636099451,0.0,0.3094,64,2089,0.1,0.2,30
30,15,false,,0.12042510179208407,0.1293242474438046,0.012798574238017849,13,4,1.0,28.0,0.5435456110154905,0.10154905335628227,0.2854,64,2089,0.1,0.2,30
40,20,true,,0.12191892232879965,0.22351465892180739,0.11068675498815331,34,35,3.0,39.0,0.7482541899441341,0.3083100558659218,0.2518,64,2089,0.1,0.2,30
20,10,false,,0.1280637704021872,0.16201719765138614,0.050346834223130035,9,17,1.0,19.0,0.5982114340466305,0.0,0.305,65,2090,0.1,0.2,30
30,15,false,,0.12109996745315708,0.16017602006239623,0.06460709196383879,23,27,1.0,29.0,0.5994571539356339,0.24117875145405196,0.2428,65,2090,0.1,0.2,30
40,20,false,,0.12871957644323323,0.1330026903884483,0.003087222036353837,25,1,1.0,39.0,0.509212730318258,0.11306532663316583,0.2408,65,2090,0.1,0.2,30
50,25,false,,0.12253218338612494,0.16873670960320988,0.06134773026828244,36,45,3.0,48.0,0.6577974870657798,0.0942350332594235,0.2618,65,2090,0.1,0.2,30
60,30,true,,0.12356474673703667,0.5288451682770449,0.39154186027753135,49,58,19.0,59.0,0.8373435996150145,0.1616939364773821,0.0804,65,2090,0.1,0.2,30
20,10,false,,0.09038073050602895,0.11242816029495231,0.032937150645878946,11,15,1.0,19.0,0.6148121899362154,0.0,0.301,66,2091,0.1,0.2,30
30,15,true,,0.08719719134083506,0.2092570385710835,0.11682511586341723,22,25,2.0,29.0,0.7310782241014799,0.16913319238900634,0.2436,66,2091,0.1,0.2,30
20,10,false,,0.1037840447033079,0.14089397398050582,0.05182202460953325,11,16,1.0,19.0,0.5788727401630628,0.0,0.291,67,2092,0.1,0.2,30
30,15,false,,0.1625730725352911,0.07982449971821891,-0.11141615844480554,7,1,1.0,28.0,0.3182616330114135,0.1141352063213345,0.1814,67,2092,0.1,0.2,30
40,20,false,,0.0872418723152742,0.6086290691364542,0.5145236731183022,35,36,20.0,39.0,0.9630856601987695,0.2465688594415523,0.1686,67,2092,0.1,0.2,30
50,25,false,,0.14936929859082695,0.08176222791211593,-0.0749019874783025,7,4,1.0,34.0,0.2394736842105263,0.12842105263157894,0.123,67,2092,0.1,0.2,30
60,30,true,,0.09085274718548494,0.22013558911636452,0.1340260898779289,52,54,41.0,58.0,0.7403846153846154,0.0,0.106,67,2092,0.1,0.2,30
20,10,false,,0.11504535415953658,0.141745614185333,0.028639888953386552,11,15,1.0,19.0,0.5694490267238536,0.0,0.3004,68,2093,0.1,0.2,30
30,15,false,,0.1180817666462387,0.12706459141483112,0.014212812451535106,10,5,1.0,28.0,0.550557880055788,0.06171548117154812,0.2818,68,2093,0.1,0.2,30
40,20,true,,0.1178138768874305,0.3187815325552944,0.2085178212539685,33,37,17.0,39.0,0.7950245269796776,0.3570427470217239,0.2702,68,2093,0.1,0.2,30
20,10,false,,0.0882197204332669,0.17441143888822064,0.09626925405388902,13,15,2.0,19.0,0.6889279437609842,0.0,0.3052,69,2094,0.1,0.2,30
30,15,false,,0.15489181183984085,0.09334961642280029,-0.07562242336053435,6,1,1.0,24.0,0.33610780816488306,0.006738010305192232,0.2536,69,2094,0.1,0.2,30
40,20,false,,0.10315667305435869,0.12353677061300443,0.029940094413466192,29,34,2.0,39.0,0.565981148243359,0.2814910025706941,0.2238,69,2094,0.1,0.2,30
50,25,true,,0.1155060740829794,0.5108749779128531,0.39037304005382856,42,42,11.0,49.0,0.920863309352518,0.044301400984475575,0.2916,69,2094,0.1,0.2,30
20,10,false,,0.14928397103203034,0.45315495841952524,0.30100644979240165,15,16,4.0,19.0,0.8219424460431655,0.0,0.302,70,2095,0.1,0.2,30
30,15,false,,0.15551972534114747,0.12456406778741498,-0.0461234576325565,13,2,1.0,28.0,0.34925093632958804,0.08957553058676654,0.271,70,2095,0.1,0.2,30
40,20,false,,0.13567718121517092,0.7853691774490681,0.6498782099810815,36,35,29.0,39.0,0.9901823281907434,0.19249649368863955,0.2262,70,2095,0.1,0.2,30
50,25,false,,0.14519441895620022,0.15528989159436055,0.02446903454215764,18,45,1.0,48.0,0.6025600999063379,0.06774898532625663,0.2436,70,2095,0.1,0.2,30
60,30,true,,0.1508725225985721,0.2368219271317764,0.08870274303047701,47,45,29.0,57.52500000000009,0.8222543352601156,0.08063583815028902,0.2322,70,2095,0.1,0.2,30
20,10,true,,0.10600668236375893,0.22975642547587682,0.13293399741172973,13,17,2.0,19.0,0.7253818654533637,0.0,0.3022,71,2096,0.1,0.2,30
20,10,false,,0.08158649603257426,0.22452202288108408,0.15206051458135078,15,16,1.0,19.0,0.7522761760242792,0.0,0.2646,72,2097,0.1,0.2,30
30,15,false,,0.09923365507940872,0.6496305874859993,0.5497678709718787,26,26,13.0,29.0,0.9410089503661514,0.35231895850284783,0.2734,72,2097,0.1,0.2,30
40,20,false,,0.11309123684958387,0.12391900192878262,0.028978452305559094,11,5,1.0,38.0,0.5804759983864461,0.09883017345703912,0.2708,72,2097,0.1,0.2,30
50,25,false,,0.18373442177494545,0.1161548707888061,-0.07000022125754068,8,1,1.0,38.0,0.3406466512702079,0.06389530408006158,0.2474,72,2097,0.1,0.2,30
60,30,false,,0.1961766225891292,0.13610814727026047,-0.06946817687632101,4,1,1.0,34.0,0.39248181083265965,0.08326596604688763,0.1742,72,2097,0.1,0.2,30
20,10,false,,0.06482684797814978,0.21245100758584556,0.14577144502691797,15,15,2.0,19.0,0.7635078969243557,0.0,0.2208,73,2098,0.1,0.2,30
30,15,true,,0.09642592246363389,0.3131336307199048,0.23530678193342547,21,24,2.0,29.0,0.7762645914396887,0.12879377431906613,0.3004,73,2098,0.1,0.2,30
20,10,false,,0.06954501077461961,0.5006717214766513,0.4373947869213122,16,16,2.0,19.0,0.8916700861715223,0.0,0.2534,74,2099,0.1,0.2,30
30,15,true,,0.07078926677701317,0.2065728796407125,0.15250791707652067,21,26,2.0,29.0,0.7665719696969697,0.1415719696969697,0.1658,74,2099,0.1,0.2,30
20,10,false,,0.14685969934523585,0.15771183510868192,0.03597027867664591,12,16,2.0,19.0,0.5440398381574852,0.0,0.29,75,2100,0.1,0.2,30
30,15,false,,0.12943251837928685,0.1398361953969119,0.030360325073539196,16,26,2.0,28.0,0.5606734434561627,0.08418043202033036,0.2972,75,2100,0.1,0.2,30
40,20,false,,0.15749602567169813,0.11252151069593681,-0.05036033388323357,11,2,1.0,33.0,0.29896907216494845,0.05807560137457045,0.256,75,2100,0.1,0.2,30
50,25,true,,0.1299389752833653,0.18100062195679995,0.06808014864519052,27,37,3.0,47.0,0.7472142629735753,0.15313594396688954,0.2502,75,2100,0.1,0.2,30
20,10,false,,0.1579155507497006,0.13452282651905348,-0.03390523618051284,10,15,1.0,19.0,0.4157029823493609,0.0,0.2824,76,2101,0.1,0.2,30
30,15,false,,0.14892012489728026,0.11750415233329722,-0.04497565458529372,12,1,1.0,29.0,0.4289090192989366,0.13115399763686492,0.2302,76,2101,0.1,0.2,30
40,20,false,,0.12953093881300154,0.14013272095292847,0.024919881028922217,20,1,1.0,39.0,0.5532658050995459,0.1966468739084876,0.2388,76,2101,0.1,0.2,30
50,25,false,,0.14766570611728122,0.14577168539152563,0.009300621646328541,26,2,1.0,49.0,0.5123433345993164,0.03873908089631599,0.189,76,2101,0.1,0.2,30
60,30,true,,0.13922237734601686,0.31762200117745887,0.17724689675806587,49,54,5.0,58.0,0.9103053435114504,0.031170483460559797,0.2198,76,2101,0.1,0.2,30
20,10,false,,0.08929888442203103,0.18493438348648125,0.11178157207922207,11,1,1.0,19.0,0.6970143752303722,0.0,0.2874,77,2102,0.1,0.2,30
30,15,false,,0.10589214049434872,0.10080464220790047,-0.00411042016786007,17,26,1.0,29.0,0.47766457680250785,0.12108150470219435,0.2552,77,2102,0.1,0.2,30
40,20,false,,0.12259754627496035,0.09993557743565654,-0.01942737267547947,10,4,1.0,35.0,0.4371900826446281,0.06115702479338843,0.2666,77,2102,0.1,0.2,30
50,25,true,,0.11101900859691048,0.29270033536532847,0.18400525481346514,38,45,12.0,49.0,0.8257361839451391,0.18596208148446955,0.2714,77,2102,0.1,0.2,30
20,10,false,,0.08914635525946567,0.11777863368083058,0.030992944760363697,12,15,1.0,19.0,0.5695224719101124,0.0,0.287,78,2103,0.1,0.2,30
30,15,false,,0.1277436698579122,0.0951213298102824,-0.03973620554626377,9,1,1.0,27.0,0.4241338112305854,0.05894066109119873,0.2594,78,2103,0.1,0.2,30
40,20,true,,0.108513705195767,0.2585190495282213,0.1506134763537565,33,37,11.0,39.0,0.7506870828425599,0.3305850019630938,0.2792,78,2103,0.1,0.2,30
20,10,true,,0.07155309991621693,0.22250554513053689,0.1637993346269789,13,17,1.0,19.0,0.7778628877824588,0.0,0.2756,79,2104,0.1,0.2,30
20,10,false,,0.12470296016724965,0.126336355989027,0.00703582176451481,11,17,1.0,19.0,0.5215419501133787,0.0,0.3218,80,2105,0.1,0.2,30
30,15,false,,0.13169074874049436,0.10675302525639832,-0.02811484338499594,8,3,1.0,27.0,0.3934073808670727,0.025438910784664995,0.2694,80,2105,0.1,0.2,30
40,20,false,,0.12477617156571028,0.16427826592491437,0.07839491466676535,16,8,2.0,39.0,0.6682533870377151,0.15891614793116074,0.2646,80,2105,0.1,0.2,30
50,25,false,,0.1348667308595969,0.19319231967993863,0.0910000380354333,31,46,1.0,49.0,0.6454254182983268,0.09006763972944108,0.2424,80,2105,0.1,0.2,30
60,30,false,,0.3153382758419752,0.1442390481030818,-0.16671197690396464,4,1,1.0,41.0,0.4015503875968992,0.10891472868217054,0.1796,80,2105,0.1,0.2,30
20,10,false,,0.10680341820644002,0.3450238800422114,0.23473083670787004,15,16,3.0,19.0,0.8166666666666667,0.0,0.292,81,2106,0.1,0.2,30
30,15,false,,0.112928252188356,0.1668047362606114,0.0673446909172474,21,25,4.0,29.0,0.6695916301046237,0.15288558893013837,0.282,81,2106,0.1,0.2,30
40,20,false,,0.1368432447895992,0.12294477776052459,-0.013884056362696809,9,5,1.0,37.0,0.460646521433591,0.12684469430780043,0.2618,81,2106,0.1,0.2,30
50,25,true,,0.1334516312855112,0.34102997680626096,0.2154815544284756,42,47,6.0,49.0,0.8674418604651163,0.14019933554817277,0.2346,81,2106,0.1,0.2,30
20,10,false,,0.11123956306872422,0.1913363120959901,0.09588755656111428,14,16,2.0,19.0,0.6917694101966011,0.0,0.3154,82,2107,0.1,0.2,30
30,15,false,,0.13255710499887757,0.09382321453613511,-0.046494410795078434,9,2,1.0,28.0,0.3340832395950506,0.06261717285339333,0.2634,82,2107,0.1,0.2,30
40,20,true,,0.11224205433159123,0.19843468173404566,0.10018688702666044,30,37,2.0,39.0,0.7162315550510783,0.21301551267499055,0.2674,82,2107,0.1,0.2,30
20,10,false,,0.22160053295491736,0.13220143921355096,-0.12872469158133515,6,2,1.0,19.0,0.38193291265360346,0.0,0.2866,83,2108,0.1,0.2,30
30,15,false,,0.13899023640997815,0.19628695239821503,0.09515834007029281,21,26,1.0,29.0,0.6877192982456141,0.16905901116427433,0.2826,83,2108,0.1,0.2,30
40,20,false,,0.14867473603955253,0.30055655873480613,0.16565352685543847,35,36,1.0,39.0,0.6745484400656815,0.12479474548440066,0.2214,83,2108,0.1,0.2,30
50,25,true,,0.15090999512359687,0.17491892224741631,0.04689466717975088,17,5,1.0,48.0,0.7069178505250154,0.07782581840642372,0.2294,83,2108,0.1,0.2,30
20,10,false,,0.1478947314850747,0.10666567995375269,-0.05087422219976841,7,1,1.0,19.0,0.45311887014515495,0.0,0.2622,84,2109,0.1,0.2,30
30,15,false,,0.10034169118118805,0.12697558811366796,0.035504840178588806,16,26,2.0,29.0,0.5891829689298044,0.13118527042577677,0.256,84,2109,0.1,0.2,30
40,20,true,,0.10171873937765112,0.38921561523776577,0.2887116800393791,34,36,12.0,39.0,0.8008528784648188,0.311727078891258,0.2352,84,2109,0.1,0.2,30
20,10,false,,0.08321412266322586,0.11534768297503613,0.040664279214374384,12,15,1.0,19.0,0.5920152091254753,0.0,0.2568,85,2110,0.1,0.2,30
30,15,true,,0.11057372550362007,0.20023696658003567,0.12149668595822555,15,26,1.0,29.0,0.7588772404463984,0.10957051065268854,0.2844,85,2110,0.1,0.2,30
20,10,false,,0.07903959711093872,0.5780004844165981,0.510690550333151,15,16,2.0,19.0,0.8395061728395061,0.0,0.2842,86,2111,0.1,0.2,30
30,15,true,,0.10188356230499156,0.20809409737118614,0.1265335981250268,22,26,1.0,29.0,0.726067136344799,0.1889763779527559,0.2742,86,2111,0.1,0.2,30
20,10,false,,0.1333608110487059,0.14715704742278707,0.01974778265724267,12,17,1.0,19.0,0.5439252336448598,0.0,0.3188,87,2112,0.1,0.2,30
30,15,false,,0.7430678298788798,0.08639455259081986,-0.6576054775955613,2,1,1.0,8.0,0.008527827648114902,0.0,0.1756,87,2112,0.1,0.2,30
40,20,false,,0.11472231041652418,0.1191040789712347,0.011426062306456375,22,34,2.0,39.0,0.5311059907834101,0.16013824884792627,0.2672,87,2112,0.1,0.2,30
50,25,true,,0.12060656207504838,0.4392456038066893,0.3209457002645093,43,44,21.099999999999994,49.0,0.8182495344506517,0.048417132216014895,0.2524,87,2112,0.1,0.2,30
20,10,false,,0.13753291068228643,0.5633180748956019,0.4238659076511674,16,18,2.0,19.0,0.8089456869009585,0.0,0.2776,88,2113,0.1,0.2,30
30,15,false,,0.16982388636235957,0.12602063729592544,-0.06076379457551078,10,3,1.0,28.0,0.30952380952380953,0.05921052631578947,0.2706,88,2113,0.1,0.2,30
40,20,false,,0.17097720729921298,0.12189773702265139,-0.06539292813273354,7,3,1.0,36.0,0.3154701718907988,0.0502190765082575,0.2372,88,2113,0.1,0.2,30
50,25,false,,0.1446015055341612,0.16093254828232656,0.02721167465266111,30,42,2.0,48.0,0.6041601986960571,0.09282831418814033,0.2382,88,2113,0.1,0.2,30
60,30,true,,0.1511940696313096,0.4552179124639362,0.2973389773760228,53,54,40.0,59.0,0.872991347342398,0.0021631644004944375,0.1656,88,2113,0.1,0.2,30
20,10,true,,0.1255812409207805,0.23535921988199893,0.13287391022380335,13,16,1.875,19.0,0.7297211660329531,0.0,0.3084,89,2114,0.1,0.2,30
20,10,false,,0.15548236242722002,0.08977185051186908,-0.06724122887340533,7,3,1.0,19.0,0.3442016806722689,0.0,0.2606,90,2115,0.1,0.2,30
30,15,true,,0.10094251699271732,0.20406724398017612,0.11298154324029733,23,26,4.0,29.0,0.7183970856102003,0.17741347905282331,0.2972,90,2115,0.1,0.2,30
20,10,false,,0.12224344204423658,0.12722326747561666,0.00832784944555598,8,1,1.0,19.0,0.5244354566902595,0.0,0.2734,91,2116,0.1,0.2,30
30,15,false,,0.10227278541750658,0.3993941756902113,0.2941456431200086,25,27,8.0,29.0,0.8552123552123552,0.28262548262548265,0.271,91,2116,0.1,0.2,30
40,20,false,,0.1149781772979765,0.11072642377876579,-0.0015943030117869794,16,2,1.0,38.0,0.4978217821782178,0.18099009900990098,0.2496,91,2116,0.1,0.2,30
50,25,false,,0.12343664524302884,0.12274296244231471,0.007911283738795238,23,1,1.0,49.0,0.5297880847660935,0.08836465413834466,0.264,91,2116,0.1,0.2,30
60,30,true,,0.1198898034194547,0.16729122680187017,0.06449065186928883,42,52,4.0,58.0,0.7120359955005624,0.06636670416197975,0.2508,91,2116,0.1,0.2,30
20,10,false,,0.11650816749126912,0.1720872129352985,0.0877623070913238,12,16,1.0,19.0,0.66270337922403,0.0,0.3168,92,2117,0.1,0.2,30
30,15,true,,0.11037496783985618,0.23549612805268957,0.13615307916703354,23,27,3.0,29.0,0.7466666666666667,0.214017094017094,0.2864,92,2117,0.1,0.2,30
20,10,false,,0.12421677608882123,0.465712453117096,0.3499139094875892,16,17,5.0,19.0,0.8063885267275098,0.0,0.3002,93,2118,0.1,0.2,30
30,15,false,,0.14238436993499928,0.13194328722827392,-0.01433785780480075,20,1,1.0,29.0,0.47440519105984136,0.18493150684931506,0.2592,93,2118,0.1,0.2,30
40,20,true,,0.12339010919511073,0.24513048308657767,0.1356805862004804,29,36,2.0,39.0,0.774249223334484,0.3079047290300311,0.2596,93,2118,0.1,0.2,30
20,10,false,,0.10398156818201737,0.15243848589558306,0.06492140633763883,10,14,1.0,18.0,0.6681730148482892,0.0,0.3212,94,2119,0.1,0.2,30
30,15,true,,0.11478559925950756,0.24832169197183865,0.1398321541321178,23,26,2.0,29.0,0.7654237288135594,0.18305084745762712,0.285,94,2119,0.1,0.2,30
20,10,false,,0.09814542652486183,0.0827713825907597,-0.018203600416179314,10,3,1.0,19.0,0.4188462916517377,0.0,0.2762,95,2120,0.1,0.2,30
30,15,false,,0.09969062547015609,0.3824756914043389,0.30132942485382536,25,26,12.0,29.0,0.8366613418530351,0.29512779552715657,0.2708,95,2120,0.1,0.2,30
40,20,true,,0.10665679509409332,0.20659301233977154,0.11266340020831961,30,36,3.0,39.0,0.7220172201722017,0.26322263222632225,0.277,95,2120,0.1,0.2,30
20,10,false,,0.13114043729150518,0.08960129603357223,-0.050230377998681505,6,1,1.0,18.0,0.3453801568360041,0.0,0.2836,96,2121,0.1,0.2,30
30,15,false,,0.13670652461935498,0.10656655545320201,-0.04652868111109272,9,1,1.0,28.0,0.37824614226571324,0.05193827625141137,0.282,96,2121,0.1,0.2,30
40,20,false,,0.1188764921226062,0.12446502835269131,0.017921922628721276,20,2,2.0,38.0,0.5398361876396128,0.16567386448250185,0.27,96,2121,0.1,0.2,30
50,25,false,,0.1469580779119467,0.12088229119185376,-0.028983845195361277,9,4,1.0,40.0,0.4106227106227106,0.05934065934065934,0.2438,96,2121,0.1,0.2,30
60,30,true,,0.13058216548632443,0.25212043704814957,0.12357035214746696,49,52,32.0,59.0,0.826671145448438,0.0423244877393349,0.2314,96,2121,0.1,0.2,30
20,10,false,,0.09263874971460989,0.1442008692537047,0.06145501865155231,13,16,1.0,19.0,0.6598877980364657,0.0,0.2924,97,2122,0.1,0.2,30
30,15,false,,0.09245412614538448,0.11250042090132836,0.02966401036379998,15,26,1.0,29.0,0.5786997433704021,0.1407185628742515,0.2322,97,2122,0.1,0.2,30
40,20,false,,0.11111846897295136,0.1445630847180708,0.043158223055628636,23,35,5.0,39.0,0.613484907879263,0.1524892199137593,0.297,97,2122,0.1,0.2,30
50,25,false,,0.13146106491255954,0.1185953733418795,-0.02095370368138303,33,2,1.0,48.0,0.43512043512043513,0.1309246309246309,0.254,97,2122,0.1,0.2,30
60,30,false,,0.15123857173633606,0.1246947297090448,-0.021191267487627133,9,4,1.0,41.40000000000009,0.4231578947368421,0.07157894736842105,0.1042,97,2122,0.1,0.2,30
20,10,false,,0.16822909195778304,0.11568791458655711,-0.07190745143489538,7,1,1.0,18.0,0.28301292152537033,0.0,0.3116,98,2123,0.1,0.2,30
30,15,false,,0.15575756025016957,0.1145228138026466,-0.060332458953247695,11,1,1.0,28.0,0.37366666666666665,0.07033333333333333,0.2672,98,2123,0.1,0.2,30
40,20,false,,0.12866273891475843,0.12152442284809088,-0.017457580832300756,19,4,2.0,38.0,0.4447811447811448,0.18821548821548822,0.2774,98,2123,0.1,0.2,30
50,25,false,,0.13287069388627548,0.13717139151782468,0.01010036748920845,38,45,2.0,49.0,0.532235939643347,0.0360082304526749,0.2312,98,2123,0.1,0.2,30
60,30,true,,0.1330132614004144,0.4212128645364613,0.29548193768776776,54,56,31.625000000000007,59.0,0.9121557454890789,0.026115859449192782,0.13,98,2123,0.1,0.2,30
20,10,false,,0.1275049193596219,0.1601072385873338,0.052546795384756845,13,17,1.0,19.0,0.5797476544807506,0.0,0.3092,99,2124,0.1,0.2,30
30,15,false,,0.1151251587524927,0.11984598791549983,0.008549507815825114,13,2,1.0,29.0,0.5271062271062271,0.13956043956043956,0.2818,99,2124,0.1,0.2,30
40,20,false,,0.19499799541825774,0.10537007802770099,-0.09502443154923444,5,2,1.0,28.0,0.26979125640015755,0.03505317053958251,0.2176,99,2124,0.1,0.2,30
50,25,true,,0.13137999920831012,0.22758476116822873,0.09693046458694521,40,44,27.0,49.0,0.7429876060013046,0.17482061317677755,0.25,99,2124,0.1,0.2,30
20,10,false,,0.12021465880791316,0.17217246340580755,0.06752037584855958,10,16,1.0,19.0,0.6405899326707278,0.0,0.3074,100,2125,0.1,0.2,30
30,15,false,,0.109404336294504,0.09557474112356183,-0.013849612814346518,16,16,2.0,29.0,0.4485735735735736,0.09421921921921922,0.2688,100,2125,0.1,0.2,30
40,20,false,,0.11327106532855426,0.2385187444191011,0.14207568267376275,33,35,4.0,39.0,0.6733232856066315,0.28975131876412963,0.2744,100,2125,0.1,0.2,30
50,25,true,,0.11841939389663746,0.23237532778093298,0.12150858411722347,40,41,10.0,48.0,0.7959183673469388,0.10526315789473684,0.2716,100,2125,0.1,0.2,30
20,10,true,,0.09005060690319695,0.5189136992145627,0.4250787580174281,14,14,4.0,19.0,0.8756235450615231,0.0,0.3186,101,2126,0.1,0.2,30
20,10,false,,0.11807147585194681,0.3087579630840902,0.19925517917687058,15,16,1.0,19.0,0.7405913978494624,0.0,0.302,102,2127,0.1,0.2,30
30,15,false,,0.10538586690930901,0.11516075970735837,0.011352252644327834,20,21,2.0,29.0,0.5514890563329745,0.11123071402942232,0.3018,102,2127,0.1,0.2,30
40,20,false,,0.1189520215954456,0.1502755186805819,0.037603150244017974,31,33,2.0,39.0,0.5726495726495726,0.32834757834757833,0.2744,102,2127,0.1,0.2,30
50,25,false,,0.17118780557634522,0.12644066921115824,-0.050127622742902736,7,2,1.0,35.0,0.3630458318296644,0.05701912666907254,0.2328,102,2127,0.1,0.2,30
60,30,false,,0.14300469382494013,0.19715327439588515,0.05802092019969349,41,1,1.0,57.0,0.6135265700483091,0.04485852311939269,0.177,102,2127,0.1,0.2,30
20,10,true,,0.111260905620751,0.18845275800816233,0.09227204091185559,13,16,2.0,19.0,0.7058823529411765,0.0,0.3102,103,2128,0.1,0.2,30
20,10,true,,0.08780352265150387,0.26895398955166866,0.1901511857517129,14,15,3.0,19.0,0.8339483394833949,0.0,0.3114,104,2129,0.1,0.2,30
20,10,false,,0.1299953395977807,0.10911129947888497,-0.030973575154256347,10,2,1.0,19.0,0.4194707611891539,0.0,0.3034,105,2130,0.1,0.2,30
30,15,false,,0.10733573214232607,0.5835904354183181,0.4735648483660321,25,27,5.0,29.0,0.889397406559878,0.3093058733790999,0.2784,105,2130,0.1,0.2,30
40,20,false,,0.11671292373282618,0.13586906331350423,0.03664407542783035,20,37,2.0,38.0,0.6109865470852018,0.18385650224215247,0.2744,105,2130,0.1,0.2,30
50,25,false,,0.13461604925016774,0.16640444858553421,0.06485452800066883,35,47,1.0,49.0,0.6518361581920904,0.03884180790960452,0.24,105,2130,0.1,0.2,30
60,30,false,,0.13760661419115172,0.1749550128051961,0.06312460417355698,21,3,1.0,55.0,0.6988352745424293,0.0908485856905158,0.2334,105,2130,0.1,0.2,30
20,10,true,,0.10281259241597146,0.2620718066360676,0.17475262374852135,13,16,2.0,19.0,0.7092984222893588,0.0,0.2988,106,2131,0.1,0.2,30
20,10,false,,0.10914064158012436,0.667970870085502,0.5597739093024747,16,17,10.0,19.0,0.9700170357751278,0.0,0.2756,107,2132,0.1,0.2,30
30,15,false,,0.10775564625563172,0.15894944052120635,0.07485989784863838,19,27,2.0,29.0,0.6536273115220483,0.16678520625889046,0.2886,107,2132,0.1,0.2,30
40,20,false,,0.11803817380225333,0.1254927065167692,0.01619501887663015,29,37,1.0,39.0,0.5323986358469117,0.2675255778704055,0.2698,107,2132,0.1,0.2,30
50,25,true,,0.12733033452249548,0.305016987205959,0.18762273997202544,41,44,1.3999999999999915,49.0,0.7259773474607234,0.04567044208987943,0.233,107,2132,0.1,0.2,30
20,10,false,,0.07413484881637972,0.6692741120133525,0.586318079903571,16,16,4.0,19.0,0.9063625450180072,0.0,0.2418,108,2133,0.1,0.2,30
30,15,true,,0.06628556091959817,0.2633556652791819,0.19623063977576338,23,26,12.0,29.0,0.8972182932578973,0.2036775106082037,0.1428,108,2133,0.1,0.2,30
20,10,false,,0.12360547183769134,0.30009207294301876,0.19363959874985115,15,16,3.0,19.0,0.7207813000320205,0.0,0.3014,109,2134,0.1,0.2,30
30,15,false,,0.3432926412194505,0.08155413558932813,-0.25387699690338966,4,3,1.0,18.0,0.09007689491028927,0.0,0.2464,109,2134,0.1,0.2,30
40,20,false,,0.11650313919628948,0.7000431089880428,0.5763599149801656,35,36,22.0,39.0,0.890295358649789,0.28270042194092826,0.2502,109,2134,0.1,0.2,30
50,25,false,,0.36525960456801865,0.1322479330294573,-0.23845833094245347,4,1,1.0,47.0,0.23273273273273273,0.013138138138138139,0.195,109,2134,0.1,0.2,30
60,30,false,,0.5420298217533551,0.4023927936875144,-0.13963702806584072,20,20,20.0,20.0,0.0,0.0,0.0002,109,2134,0.1,0.2,30
20,10,false,,0.097474297228862,0.34153479028740397,0.23789402171449708,15,16,1.0,19.0,0.7089389534883721,0.0,0.274,110,2135,0.1,0.2,30
30,15,true,,0.1088399561240991,0.34152148263541326,0.2391793435753492,24,26,6.0,29.0,0.8454842219804135,0.2571635836053682,0.2584,110,2135,0.1,0.2,30
20,10,false,,0.10764804938560484,0.2701320706117552,0.16915858733455602,14,17,1.0,19.0,0.6611248673505483,0.0,0.2842,111,2136,0.1,0.2,30
30,15,false,,0.10565737816162897,0.16020586116610022,0.07047968822802028,18,25,2.0,29.0,0.686358754027927,0.13032581453634084,0.294,111,2136,0.1,0.2,30
40,20,false,,0.11025121948038906,0.13951652294759237,0.04177208365746343,24,28,2.0,38.0,0.6480608916274012,0.26893802102210945,0.294,111,2136,0.1,0.2,30
50,25,false,,0.34658639392452945,0.11489708052165647,-0.2249384654232496,4,1,1.0,22.0,0.24013294557540507,0.004570004154549232,0.1832,111,2136,0.1,0.2,30
60,30,false,,0.13294877101745614,0.16021648453250367,0.05203515721216584,22,52,1.0,56.0,0.6505449591280654,0.08957765667574932,0.2248,111,2136,0.1,0.2,30
20,10,false,,0.11692326788918612,0.150385603201676,0.041275259144121945,9,7,1.0,19.0,0.588686481303931,0.0,0.298,112,2137,0.1,0.2,30
30,15,false,,0.15107395585235733,0.10969818605798629,-0.05578311161074505,12,1,1.0,29.0,0.38664710198092445,0.1401320616287601,0.2462,112,2137,0.1,0.2,30
40,20,false,,0.11270976391624947,0.42552693880811276,0.3131718098114345,35,37,12.0,39.0,0.8315217391304348,0.2329192546583851,0.2588,112,2137,0.1,0.2,30
50,25,false,,0.1286227371774718,0.16030109449935967,0.04392916738763801,25,1,1.0,48.0,0.6102418207681366,0.0864153627311522,0.2476,112,2137,0.1,0.2,30
60,30,true,,0.13216433042534628,0.2788394049559047,0.15862959571403318,47,52,8.0,59.0,0.8800261523373651,0.09480222294867603,0.225,112,2137,0.1,0.2,30
20,10,true,,0.08346597529066492,0.24860441282702825,0.16808308112267312,14,17,1.0,19.0,0.7424354243542436,0.0,0.2812,113,2138,0.1,0.2,30
20,10,false,,0.14267801799805585,0.3452604346620596,0.21133999742184972,15,16,2.0,19.0,0.7597109304426377,0.0,0.3248,114,2139,0.1,0.2,30
30,15,false,,0.12240299875315633,0.3435112625866344,0.2297961747184726,24,27,1.0,29.0,0.6790613718411552,0.2963898916967509,0.282,114,2139,0.1,0.2,30
40,20,true,,0.12243922157084873,0.23744783363598276,0.13715467918063695,30,37,3.0,39.0,0.7569041936583703,0.3296965564268667,0.253,114,2139,0.1,0.2,30
20,10,false,,0.09023174107942086,0.14756069302450894,0.06539667187371964,10,16,1.0,19.0,0.6210287443267776,0.0,0.2646,115,2140,0.1,0.2,30
30,15,false,,0.10625907850656426,0.075609935184393,-0.03695789885638297,11,2,1.0,28.0,0.345636126791142,0.057316543638732086,0.2092,115,2140,0.1,0.2,30
40,20,true,,0.08678251757228699,0.2543092305296204,0.1644170668162097,33,36,8.0,39.0,0.856951871657754,0.2807486631016043,0.1692,115,2140,0.1,0.2,30
20,10,false,,0.1116543004551675,0.12799138903515792,0.02529852071145401,11,16,1.0,19.0,0.5576379066478077,0.0,0.2846,116,2141,0.1,0.2,30
30,15,false,,0.10983855148638637,0.4685284184647819,0.3657721755375806,25,27,3.0,29.0,0.8268446421950315,0.29551353355580273,0.2338,116,2141,0.1,0.2,30
40,20,false,,0.1482794658564574,0.1200814924582217,-0.03854730649809053,10,1,1.0,38.0,0.44488977955911824,0.12665330661322646,0.2268,116,2141,0.1,0.2,30
50,25,true,,0.12736962458804643,0.37613721668478817,0.24840983498033248,43,44,22.0,49.0,0.8671766342141863,0.06571627260083449,0.2452,116,2141,0.1,0.2,30
20,10,false,,0.1344430191778411,0.1755323008501391,0.04649779454947392,12,16,1.0,19.0,0.5852941176470589,0.0,0.2884,117,2142,0.1,0.2,30
30,15,false,,0.13999738401499784,0.1259137866526947,-0.023120561603364925,13,2,1.0,27.0,0.4248427672955975,0.03490566037735849,0.3016,117,2142,0.1,0.2,30
40,20,true,,0.11911448569929102,0.48775357598471675,0.3726764331001896,34,37,6.0,39.0,0.8500920810313075,0.2692449355432781,0.2412,117,2142,0.1,0.2,30
20,10,false,,0.11443306115702892,0.14012027589540832,0.03009879006328034,11,17,1.0,19.0,0.5719108710330858,0.0,0.3044,118,2143,0.1,0.2,30
30,15,false,,0.11858014701968926,0.102023571404716,-0.02116962933518296,10,4,1.0,27.0,0.4187430271476385,0.027891409445890667,0.2856,118,2143,0.1,0.2,30
40,20,false,,0.13547919428839078,0.10535478847534467,-0.03681315843610343,17,4,1.0,38.0,0.3923705722070845,0.14908524717789023,0.2728,118,2143,0.1,0.2,30
50,25,false,,0.1287934553932271,0.13242930939198763,0.009596280489256967,28,3,1.0,47.0,0.522140221402214,0.15202952029520295,0.2324,118,2143,0.1,0.2,30
60,30,true,,0.12986914428796031,0.18782451516937312,0.0614911909439681,41,45,8.0,58.0,0.7706855791962175,0.10199257007767647,0.2366,118,2143,0.1,0.2,30
20,10,true,,0.08540590397740601,0.37502065081596064,0.2907068349668763,14,16,5.0,19.0,0.8976049982644915,0.0,0.3052,119,2144,0.1,0.2,30
20,10,false,,0.07995423417416851,0.266118939763921,0.1892043834973008,15,16,2.0,19.0,0.7579570688378978,0.0,0.2952,120,2145,0.1,0.2,30
30,15,false,,0.24513133786197597,0.06381371469498087,-0.18649497340551924,4,1,1.0,29.0,0.3113258185721954,0.10950080515297907,0.1322,120,2145,0.1,0.2,30
40,20,false,,0.084807447198999,0.09268264019270576,0.016263139849653677,14,5,2.0,38.0,0.5570752235665439,0.13413992635455024,0.1186,120,2145,0.1,0.2,30
50,25,false,,0.08959259285406267,0.0933736141701989,-0.004873995861707968,24,24,3.0,40.0,0.4865497076023392,0.18128654970760233,0.0874,120,2145,0.1,0.2,30
60,30,false,,0.08517138507334802,0.11279629631185525,0.0270441197330583,44,42,33.0,56.0,0.5966005665722379,0.0453257790368272,0.0714,120,2145,0.1,0.2,30
20,10,false,,0.11099151435154803,0.09414069231260212,-0.024404595623050987,9,1,1.0,19.0,0.4582723279648609,0.0,0.2776,121,2146,0.1,0.2,30
30,15,false,,0.27072923046728764,0.1337091063320703,-0.20029076109811697,6,1,1.0,29.0,0.47182175622542594,0.1529051987767584,0.236,121,2146,0.1,0.2,30
40,20,false,,0.15114481465734222,0.10107782150017695,-0.0529394550104519,7,4,1.0,21.0,0.33240445859872614,0.004777070063694267,0.2726,121,2146,0.1,0.2,30
50,25,true,,0.11483274051052818,0.39074470344437345,0.26625825926445973,43,46,16.0,49.0,0.8225806451612904,0.09293394777265745,0.2712,121,2146,0.1,0.2,30
20,10,false,,0.1533356002153096,0.06756902070302412,-0.08900622482373002,7,5,1.0,18.0,0.21507909794681926,0.0,0.2738,122,2147,0.1,0.2,30
30,15,false,,0.1148755618311612,0.14068406919730025,0.04008197846068301,19,26,2.0,29.0,0.6093124772644598,0.1662422699163332,0.2602,122,2147,0.1,0.2,30
40,20,false,,0.12052464059313704,0.19606455686131452,0.09715528109451035,32,34,1.0,39.0,0.639984532095901,0.1740139211136891,0.2444,122,2147,0.1,0.2,30
50,25,true,,0.12381706831403551,0.2921995251488219,0.17763246836956745,43,46,26.0,49.0,0.8220308575529243,0.14280588446358092,0.2504,122,2147,0.1,0.2,30
20,10,false,,0.13819948252748035,0.13683984741743016,0.0005505023892311139,10,4,1.0,19.0,0.5029277813923227,0.0,0.3062,123,2148,0.1,0.2,30
30,15,true,,0.10403202925376284,0.29075673508349614,0.17970053551161766,24,26,12.0,29.0,0.7817445712182555,0.24769966875230034,0.2718,123,2148,0.1,0.2,30
20,10,false,,0.16368965078797404,0.20689172330074662,0.07021734492566711,11,2,1.0,19.0,0.6013448607108549,0.0,0.282,124,2149,0.1,0.2,30
30,15,false,,0.24087226049341548,0.10840423649241136,-0.14498079422244325,5,2,1.0,22.0,0.14228456913827656,0.0026720106880427524,0.2506,124,2149,0.1,0.2,30
40,20,false,,0.1417777410370717,0.13472781477640297,-0.012554695819214964,17,36,1.0,39.0,0.4793020868970236,0.13718782073212452,0.2384,124,2149,0.1,0.2,30
50,25,false,,0.8299010379114644,0.1244316586172861,-0.7095003387196488,2,1,1.0,6.0,0.0,0.0,0.1214,124,2149,0.1,0.2,30
60,30,false,,0.13289667044212128,0.16695883441662568,0.04772644099573706,14,4,1.0,45.0,0.6639819587628866,0.06990979381443299,0.2138,124,2149,0.1,0.2,30
20,10,false,,0.1339834929845434,0.11148852644554866,-0.03486500795955312,11,16,1.0,19.0,0.42266709719082984,0.0,0.2866,125,2150,0.1,0.2,30
30,15,false,,0.12811841259280615,0.17680379447598163,0.09765304905239242,22,27,1.0,29.0,0.6158603128410332,0.23899599854492543,0.2606,125,2150,0.1,0.2,30
40,20,false,,0.12268880532626332,0.15932051858623134,0.05255643998409271,28,35,2.0,39.0,0.610175564313866,0.22930849158007882,0.2532,125,2150,0.1,0.2,30
50,25,true,,0.12342986218189862,0.32088565561214594,0.19566834955371723,40,45,5.0,49.0,0.7879871290668573,0.05541651769753307,0.242,125,2150,0.1,0.2,30
20,10,true,,0.12248533189769767,0.2526028733908773,0.14794096231946724,12,15,1.0,19.0,0.745080230093854,0.0,0.3268,126,2151,0.1,0.2,30
20,10,true,,0.08648817503722335,0.29819562999626015,0.2144075697519392,14,16,1.0,19.0,0.715153816938853,0.0,0.2898,127,2152,0.1,0.2,30
20,10,true,,0.09376258523777654,0.38785147003667353,0.2966505338769861,13,15,4.0,19.0,0.8682991396426207,0.0,0.325,128,2153,0.1,0.2,30
20,10,false,,0.118091347466513,0.1085623499795471,-0.013972386095932404,8,1,1.0,19.0,0.48265124555160144,0.0,0.1992,129,2154,0.1,0.2,30
30,15,false,,0.21470022615359705,0.09512286023001901,-0.13036354908650277,5,1,1.0,27.0,0.3053115851108323,0.026767043078209953,0.2558,129,2154,0.1,0.2,30
40,20,false,,0.10977380294790667,0.1649894543235655,0.08688486295568579,22,35,3.0,39.0,0.6712945590994371,0.16547842401500937,0.2576,129,2154,0.1,0.2,30
50,25,true,,0.11974389585331556,0.3933874463117547,0.2696026496573787,43,45,25.0,49.0,0.9107468123861566,0.12058287795992714,0.2492,129,2154,0.1,0.2,30
20,10,false,,0.1203903757620603,0.0700034498024093,-0.06004688683685204,7,1,1.0,19.0,0.3304056879966541,0.0,0.2232,130,2155,0.1,0.2,30
30,15,false,,0.0717401366941102,0.6206908065382692,0.5666743417595415,25,26,3.0,29.0,0.8199195171026157,0.28722334004024147,0.1378,130,2155,0.1,0.2,30
40,20,false,,0.48350942775542477,0.06252780493968489,-0.41661679714185473,2,1,1.0,17.0,0.15429831006612785,0.0,0.045,130,2155,0.1,0.2,30
50,25,false,,0.09007707395354278,0.08003602327211608,-0.005021590486647173,15,1,1.0,29.0,0.47707847707847706,0.17404817404817405,0.0402,130,2155,0.1,0.2,30
60,30,false,,0.06662306782471701,0.4103993946420497,0.3627814121038782,56,57,51.0,59.0,1.0,0.0,0.0154,130,2155,0.1,0.2,30
20,10,true,,0.08955280475721741,0.20553297347697194,0.1353231318838911,13,16,1.0,19.0,0.7223595902507948,0.0,0.2932,131,2156,0.1,0.2,30
20,10,false,,0.08442430560485321,0.25959108685020327,0.18547427900940588,15,17,1.0,19.0,0.7052756842522808,0.0,0.2524,132,2157,0.1,0.2,30
30,15,true,,0.10201579320954904,0.5085180641161673,0.40292486175147274,24,26,1.0,29.0,0.779253112033195,0.24979253112033195,0.2574,132,2157,0.1,0.2,30
20,10,false,,0.10331774072028402,0.0987834865065083,-0.002314432470936989,10,1,1.0,18.0,0.4959378311550689,0.0,0.2902,133,2158,0.1,0.2,30
30,15,true,,0.0839718750166702,0.24764898932195348,0.16166342180868282,24,26,2.0,29.0,0.7944325481798715,0.2462526766595289,0.2092,133,2158,0.1,0.2,30
20,10,false,,0.15062583887916753,0.22835910739737666,0.1311980391624623,13,17,1.0,19.0,0.6927979604843849,0.0,0.2882,134,2159,0.1,0.2,30
30,15,false,,0.19046574731720425,0.09569288392709382,-0.12001004702381018,6,1,1.0,28.0,0.16480238627889635,0.04623415361670395,0.2322,134,2159,0.1,0.2,30
40,20,false,,0.18588810828958727,0.12208403280092658,-0.07581221813216821,8,2,1.0,36.375,0.29411764705882354,0.037012557832121616,0.2644,134,2159,0.1,0.2,30
50,25,true,,0.14071770137515704,0.3324128934006248,0.20164394781341358,43,44,20.0,49.0,0.8480543545398395,0.07226683137739345,0.2344,134,2159,0.1,0.2,30
20,10,false,,0.15431474221338795,0.19152241500834974,0.0523386459039035,12,16,1.0,19.0,0.6078199052132701,0.0,0.329,135,2160,0.1,0.2,30
30,15,false,,0.18761280273431505,0.11509829346127771,-0.09819791756378345,7,2,1.0,28.0,0.3169437566324726,0.08029713477184294,0.246,135,2160,0.1,0.2,30
40,20,false,,0.15115758417299038,0.11201402249547071,-0.051391381724468554,9,5,1.0,38.0,0.36475707034082666,0.07868020304568528,0.2498,135,2160,0.1,0.2,30
50,25,false,,0.14922349647012462,0.12399928943908665,-0.04483169550876745,17,2,1.0,49.0,0.3665269042627533,0.04018169112508735,0.2352,135,2160,0.1,0.2,30
60,30,true,,0.13458426959713723,0.5099382103585228,0.3718791412919722,53,55,42.0,59.0,0.8770599868160843,0.0,0.1986,135,2160,0.1,0.2,30
20,10,false,,0.16359195226692935,0.08876262030021459,-0.05062662813168432,5,1,1.0,19.0,0.4073783359497645,0.0,0.2622,136,2161,0.1,0.2,30
30,15,true,,0.09654386526450807,0.44552420505611556,0.3502758609161728,24,26,12.0,29.0,0.9285445656261753,0.20383602858217376,0.2986,136,2161,0.1,0.2,30
20,10,true,,0.08890980738839536,0.3152929671579717,0.23385678676135563,14,15,2.0,19.0,0.8178438661710037,0.0,0.2902,137,2162,0.1,0.2,30
20,10,false,,0.08273789552181307,0.21030300433003307,0.1427868412103489,15,17,2.0,19.0,0.7571536144578314,0.0,0.2786,138,2163,0.1,0.2,30
30,15,false,,0.09550542744614274,0.1264227515397734,0.04604435539695857,20,27,2.0,29.0,0.6322297566812923,0.18029517351416036,0.2792,138,2163,0.1,0.2,30
40,20,false,,0.11283102433483391,0.11765613997818815,0.014460934751247836,16,4,1.0,39.0,0.5249603803486529,0.07091917591125198,0.2844,138,2163,0.1,0.2,30
50,25,false,,0.13783930088894072,0.1142026924987802,-0.025427436474231527,10,3,1.0,36.0,0.4,0.09824561403508772,0.2598,138,2163,0.1,0.2,30
60,30,true,,0.12146751630370764,0.5352321733299303,0.4082327411607952,53,55,37.0,59.0,0.8661518661518661,0.011154011154011155,0.183,138,2163,0.1,0.2,30
20,10,true,,0.09070864696101309,0.3482892630406615,0.24668430563763127,14,17,1.0,19.0,0.7319004524886877,0.0,0.2898,139,2164,0.1,0.2,30
20,10,true,,0.09509801837632886,0.39410116439636994,0.3121331120814191,14,16,2.0,19.0,0.8130841121495327,0.0,0.3052,140,2165,0.1,0.2,30
20,10,false,,0.33105529707142,0.053912138643789596,-0.28795654611408156,3,2,1.0,18.0,0.2491258741258741,0.0,0.1844,141,2166,0.1,0.2,30
30,15,false,,0.08938040057442688,0.08099804576554151,-0.0013785234347408887,17,25,1.0,29.0,0.493006993006993,0.10739260739260739,0.136,141,2166,0.1,0.2,30
40,20,false,,0.1292479703485121,0.10365989156757978,-0.02828680480338966,9,3,1.0,37.0,0.419959266802444,0.05213849287169043,0.2624,141,2166,0.1,0.2,30
50,25,false,,0.38780770813519605,0.09890919315957722,-0.30193664738895676,4,2,1.0,43.0,0.12115891132572432,0.004389815627743635,0.2282,141,2166,0.1,0.2,30
60,30,true,,0.11905495193280294,0.4191997164462381,0.30532897853576535,52,54,29.0,59.0,0.8948971820258949,0.04455445544554455,0.2192,141,2166,0.1,0.2,30
20,10,false,,0.15211415382719543,0.1636272695459564,0.04095780673970828,9,1,1.0,19.0,0.5740200842241658,0.0,0.275,142,2167,0.1,0.2,30
30,15,false,,0.12891652671295378,0.1405135691338593,0.024155021040907956,16,26,2.0,29.0,0.5588428665351742,0.13642340565417488,0.2948,142,2167,0.1,0.2,30
40,20,false,,0.12555296810069916,0.14291654081791522,0.024664078107728443,25,26,3.0,38.0,0.5840947546531303,0.2490693739424704,0.2756,142,2167,0.1,0.2,30
50,25,false,,0.2889456999185127,0.13727219357855341,-0.16293015594470373,4,2,1.0,16.0,0.24736101337086558,0.0,0.1968,142,2167,0.1,0.2,30
60,30,true,,0.14572958221916207,0.2892519177478887,0.15525618216954903,44,51,4.0,57.0,0.9088463837417813,0.03705917513448894,0.212,142,2167,0.1,0.2,30
20,10,false,,0.09111333880050934,0.5546289099393642,0.4517124283589786,16,16,6.0,19.0,0.8831826401446654,0.0,0.2758,143,2168,0.1,0.2,30
30,15,false,,0.10333220393133527,0.10352297280781388,0.010511597596618377,11,4,1.0,28.0,0.5333333333333333,0.059447983014861996,0.2244,143,2168,0.1,0.2,30
40,20,true,,0.08843814413886396,0.20981420322066333,0.1317159114011309,30,35,3.0,39.0,0.7774054571565342,0.29535662996649115,0.165,143,2168,0.1,0.2,30
20,10,false,,0.2560198352592936,0.1153677081929693,-0.14519678651545895,3,1,1.0,17.0,0.3026848105921295,0.0,0.2582,144,2169,0.1,0.2,30
30,15,true,,0.10572937826662741,0.16264843969053314,0.09306478223565853,19,27,2.0,29.0,0.7060274938315122,0.17201268946069792,0.2838,144,2169,0.1,0.2,30
20,10,false,,0.15865285356097578,0.10335277695521033,-0.06452204115439118,9,7,1.0,19.0,0.36924976844705154,0.0,0.2964,145,2170,0.1,0.2,30
30,15,false,,0.1181462030876339,0.31836310467245227,0.20916337508429242,23,27,3.0,29.0,0.6734250543084721,0.23606082548877624,0.2834,145,2170,0.1,0.2,30
40,20,false,,0.27630138337537574,0.11474664766874779,-0.16504334067765333,4,2,1.0,21.0,0.24005837285662168,0.0,0.236,145,2170,0.1,0.2,30
50,25,false,,0.14638035120111814,0.13495631586036463,-0.03745893848455359,18,1,1.0,46.0,0.40550520308828464,0.07653575025176233,0.221,145,2170,0.1,0.2,30
60,30,true,,0.14031909982014135,0.2567895222549324,0.1269895690971222,44,47,22.0,57.0,0.8507508427827153,0.19644498927367454,0.2296,145,2170,0.1,0.2,30
20,10,false,,0.10489450633809255,0.1474726531362426,0.051344216465248366,11,16,1.0,19.0,0.6141447368421052,0.0,0.331,146,2171,0.1,0.2,30
30,15,false,,0.09889923767380544,0.15286972312907726,0.06034129507723049,23,26,2.0,29.0,0.6441005802707931,0.18375241779497098,0.2796,146,2171,0.1,0.2,30
40,20,true,,0.11013205535607001,0.34846104978090864,0.23995121874043576,32,36,2.0,39.0,0.7284157585917854,0.22632020117351215,0.28,146,2171,0.1,0.2,30
20,10,false,,0.0921068730749861,0.3408292881884716,0.2408511869088561,15,16,2.0,19.0,0.8306786703601108,0.0,0.3004,147,2172,0.1,0.2,30
30,15,false,,0.14683114802297845,0.10002554607541458,-0.07335613307898944,7,1,1.0,29.0,0.3704866562009419,0.10361067503924647,0.235,147,2172,0.1,0.2,30
40,20,false,,0.11667871389724638,0.2522534081935089,0.15478378390131092,29,36,1.0,39.0,0.6521558872305141,0.19651741293532338,0.2594,147,2172,0.1,0.2,30
50,25,true,,0.11365955000249048,0.4017904609458154,0.28421465917826433,44,46,23.0,49.0,0.8445072697899838,0.035541195476575124,0.2434,147,2172,0.1,0.2,30
20,10,false,,0.17079855332573657,0.14845107693638032,-0.042474131348531244,8,1,1.0,19.0,0.43769373837569747,0.0,0.3024,148,2173,0.1,0.2,30
30,15,false,,0.18408731527483396,0.1129753464294333,-0.08495697283964562,7,1,1.0,27.0,0.2899428187016482,0.034308779011099896,0.2418,148,2173,0.1,0.2,30
40,20,false,,0.1501360879381809,0.14506442409525327,-0.009224319011934073,13,3,1.0,38.0,0.4788778877887789,0.16501650165016502,0.2534,148,2173,0.1,0.2,30
50,25,true,,0.1466539342082962,0.5701196255969153,0.43026077126430184,43,43,24.0,49.0,0.970917225950783,0.03515500159795462,0.209,148,2173,0.1,0.2,30
20,10,false,,0.07914251152385623,0.1610022381026389,0.09159469631072209,13,15,1.0,19.0,0.6609458428680397,0.0,0.2818,149,2174,0.1,0.2,30
30,15,true,,0.07753944890002022,0.18452541534553635,0.10038267896163364,22,24,2.0,29.0,0.7399813606710158,0.16728797763280523,0.1826,149,2174,0.1,0.2,30
20,10,true,,0.08747618988753389,0.28237153007692006,0.1949608569087377,13,16,1.0,19.0,0.7748840528005708,0.0,0.284,150,2175,0.1,0.2,30
20,10,false,,0.1691600852480606,0.12048418706602067,-0.06373019479377262,9,4,1.0,19.0,0.37829825081529794,0.0,0.2782,151,2176,0.1,0.2,30
30,15,false,,0.23351384410982248,0.08224031214323695,-0.1633755921395211,6,3,1.0,26.15000000000009,0.16095764272559854,0.025046040515653775,0.2398,151,2176,0.1,0.2,30
40,20,false,,0.17296531713792054,0.08941949619707815,-0.09305721034276238,8,4,1.0,25.0,0.20089955022488756,0.020614692653673165,0.2446,151,2176,0.1,0.2,30
50,25,false,,0.12166368510186754,0.14622070069525023,0.04537378154700475,32,46,3.0,48.0,0.6202247191011236,0.07565543071161049,0.2696,151,2176,0.1,0.2,30
60,30,true,,0.1230016766610479,0.36564717865035234,0.2421143993207642,50,55,16.0,59.0,0.8737113402061856,0.018409425625920472,0.2178,151,2176,0.1,0.2,30
20,10,false,,0.09395258772932025,0.1572293342588737,0.07189734976453079,13,16,2.0,19.0,0.6565013404825737,0.0,0.3118,152,2177,0.1,0.2,30
30,15,false,,0.1122859847398566,0.12227200412105779,0.01661417750836311,13,13,2.0,28.0,0.5516631280962491,0.06157112526539278,0.299,152,2177,0.1,0.2,30
40,20,true,,0.12005385539197204,0.35464520070680405,0.2426155113800979,33,36,6.0,39.0,0.8170731707317073,0.2993031358885017,0.2776,152,2177,0.1,0.2,30
20,10,false,,0.13646603601131274,0.10679804654543229,-0.02942677141887854,7,1,1.0,19.0,0.43014074836937866,0.0,0.2824,153,2178,0.1,0.2,30
30,15,false,,0.11038563811395387,0.11305608060774937,-0.0058152728730999775,16,1,1.0,29.0,0.4922048997772829,0.17639198218262805,0.2122,153,2178,0.1,0.2,30
40,20,false,,0.11223663393493832,0.15181161831846,0.061305673036720465,31,36,2.0,39.0,0.6406113537117903,0.2572052401746725,0.2544,153,2178,0.1,0.2,30
50,25,false,,0.21041160436305925,0.09737076658911827,-0.11117168017860657,6,4,1.0,39.0,0.22893617021276597,0.05617021276595745,0.2474,153,2178,0.1,0.2,30
60,30,false,,0.550743247756241,0.1015165992110091,-0.44016652490272945,4,1,1.0,30.0,0.11348161597821153,0.02315024965955515,0.1804,153,2178,0.1,0.2,30
20,10,true,,0.09017207677467363,0.21332831563452487,0.1291086090625377,14,17,2.0,19.0,0.7373271889400922,0.0,0.2894,154,2179,0.1,0.2,30
20,10,false,,0.1256524350623532,0.3460493105767448,0.2344502104013454,15,16,2.0,19.0,0.7827739075364154,0.0,0.3006,155,2180,0.1,0.2,30
30,15,false,,0.17517893635361048,0.08561331799117462,-0.10244012660099458,8,1,1.0,28.0,0.23285606631499622,0.061416729464958554,0.2568,155,2180,0.1,0.2,30
40,20,false,,0.11710424981992101,0.12219425918485488,0.011675386273375374,26,26,3.0,39.0,0.5275297619047619,0.25818452380952384,0.2796,155,2180,0.1,0.2,30
50,25,true,,0.115670543457867,0.3903697005232746,0.2645372067223488,43,46,15.0,49.0,0.8669462447579108,0.031643156690812045,0.255,155,2180,0.1,0.2,30
20,10,false,,0.1604355484990079,0.11800773620317487,-0.0506392138912648,7,1,1.0,19.0,0.4232142857142857,0.0,0.2454,156,2181,0.1,0.2,30
30,15,false,,0.12077159633148658,0.10491456129477582,-0.01927401901108143,16,27,1.0,29.0,0.4429746156596353,0.12656417590275296,0.2608,156,2181,0.1,0.2,30
40,20,false,,0.1436563694495416,0.11671631468609371,-0.029114118329289174,6,1,1.0,33.0,0.41423948220064727,0.08171521035598706,0.224,156,2181,0.1,0.2,30
50,25,false,,0.1346059563460427,0.15933697692794166,0.048264582295063696,17,6,2.0,47.0,0.6540839570452327,0.09697364139277578,0.2626,156,2181,0.1,0.2,30
60,30,true,,0.14184341899009073,0.2384254952848657,0.12717173114897448,41,48,2.0,57.0,0.8534780463739516,0.09817464232856438,0.1122,156,2181,0.1,0.2,30
20,10,false,,0.1834257552859371,0.1443543362617352,-0.0525316766799816,8,1,1.0,19.0,0.4002628984554716,0.0,0.289,157,2182,0.1,0.2,30
30,15,true,,0.12801672326530944,0.22630556511337785,0.11232174230057783,23,26,5.0,29.0,0.7280927835051546,0.22454896907216496,0.299,157,2182,0.1,0.2,30
20,10,false,,0.10480691020578013,0.11365250965605549,0.008761036603211328,10,4,1.0,19.0,0.5243370258475999,0.0,0.3104,158,2183,0.1,0.2,30
30,15,false,,0.0972928120628048,0.6629664042592199,0.5615378303267428,26,26,19.0,29.0,0.9722901385493072,0.38753056234718825,0.2534,158,2183,0.1,0.2,30
40,20,false,,0.11804333520479746,0.1458450289824554,0.05055150964223576,15,2,1.0,38.0,0.6519661889011393,0.1822859242925395,0.27,158,2183,0.1,0.2,30
50,25,true,,0.13004297567957887,0.40084599233228707,0.28468189350548245,40,42,4.0,49.0,0.8879369431117203,0.12988348183687456,0.2406,158,2183,0.1,0.2,30
20,10,false,,0.11012766879168458,0.16976822678770648,0.07262850963028208,11,1,1.0,19.0,0.652627915071354,0.0,0.2704,159,2184,0.1,0.2,30
30,15,false,,0.2303470625065796,0.10710903292156138,-0.13818171952289396,4,1,1.0,27.0,0.2832764505119454,0.030337504740235114,0.2388,159,2184,0.1,0.2,30
40,20,true,,0.12671891099836785,0.22762016812734895,0.10858586645080273,32,34,7.0,39.0,0.7595063375583723,0.3135423615743829,0.2536,159,2184,0.1,0.2,30
20,10,false,,0.08852906992445421,0.46660389933979823,0.38320547227687984,15,16,4.0,19.0,0.8112407211028632,0.0,0.2664,160,2185,0.1,0.2,30
30,15,false,,0.13621904154978517,0.10193944689103937,-0.04328336673083929,8,3,1.0,27.0,0.3804226918798665,0.03819058212829069,0.2808,160,2185,0.1,0.2,30
40,20,false,,0.11445421274515298,0.14651101524657245,0.05029966684574422,25,30,2.0,38.0,0.6330241187384045,0.3020408163265306,0.27,160,2185,0.1,0.2,30
50,25,false,,0.15177737911591302,0.1306126831912185,-0.026097185572070622,13,1,1.0,47.0,0.44636933284187247,0.052340582381127904,0.2364,160,2185,0.1,0.2,30
60,30,true,,0.135113764151959,0.31542400432454526,0.19327513528263324,51,54,36.0,59.0,0.8186240444753301,0.011118832522585128,0.1966,160,2185,0.1,0.2,30
20,10,false,,0.1217706743005825,0.11542704604349527,-0.0028263321548756687,13,16,1.0,19.0,0.4947617438323758,0.0,0.2896,161,2186,0.1,0.2,30
30,15,false,,0.08970961944625565,0.13368527087202337,0.05984186465180409,18,26,1.0,29.0,0.6169336384439359,0.19588100686498855,0.1698,161,2186,0.1,0.2,30
40,20,false,,0.08463693568098388,0.13383510321423522,0.05310099548020419,31,32,14.0,39.0,0.6284584980237155,0.4066205533596838,0.1292,161,2186,0.1,0.2,30
50,25,false,,0.0779723986946938,0.7137395754549641,0.6086287080497695,45,47,26.0,49.0,0.886875,0.05625,0.058,161,2186,0.1,0.2,30
60,30,false,,0.20392725582471213,0.06989670315624912,-0.12803576894592694,5,5,1.0,9.0,0.12317666126418152,0.0,0.0292,161,2186,0.1,0.2,30
20,10,false,,0.1507506989305581,0.1790933584599406,0.03337959020255399,9,1,1.0,19.0,0.5636873248209281,0.0,0.3088,162,2187,0.1,0.2,30
30,15,false,,0.12784776989818494,0.11783013195454423,-0.009795408161494962,16,24,1.0,28.0,0.4823611596227733,0.11072301781348236,0.263,162,2187,0.1,0.2,30
40,20,false,,0.14281263483424012,0.09947437873167683,-0.050248840243919346,10,4,1.0,34.0,0.33100404560500185,0.045237219566016916,0.2572,162,2187,0.1,0.2,30
50,25,false,,0.12984157144240446,0.2135769296880423,0.10460990633828732,41,43,2.0,49.0,0.6695471828551677,0.0788109229173868,0.2476,162,2187,0.1,0.2,30
60,30,true,,0.13789824612325274,0.33055783718517195,0.19466793986769404,51,54,31.0,59.0,0.8304755742478163,0.04043998705920414,0.2356,162,2187,0.1,0.2,30
20,10,true,,0.0963175845461225,0.19612715677967651,0.11910873858663928,12,16,1.0,19.0,0.7601585728444004,0.0,0.3068,163,2188,0.1,0.2,30
20,10,false,,0.14290846646873284,0.13743914979215255,0.00470844876114869,11,18,1.0,19.0,0.5110841178256909,0.0,0.319,164,2189,0.1,0.2,30
30,15,false,,0.12968027324110376,0.1529952193446943,0.03142351389397968,19,26,1.0,29.0,0.5772330423102754,0.19979852249832103,0.2646,164,2189,0.1,0.2,30
40,20,false,,0.13142296979119766,0.17513948101711826,0.05267142573126307,29,35,3.0,39.0,0.6190634340750581,0.281634008635005,0.2522,164,2189,0.1,0.2,30
50,25,true,,0.1386078659755484,0.25115974789455303,0.14356127807618535,42,46,1.0,49.0,0.7852868708201337,0.03590285110876452,0.2192,164,2189,0.1,0.2,30
20,10,false,,0.5206423785036687,0.0590072117437126,-0.45138325534997054,2,2,1.0,15.0,0.11582167832167832,0.0,0.1954,165,2190,0.1,0.2,30
30,15,false,,0.11563559118572386,0.0975057765728709,-0.02864500095252355,16,2,1.0,28.0,0.40930053804765565,0.07609531129900077,0.261,165,2190,0.1,0.2,30
40,20,false,,0.11489863112011293,0.13091050390478562,0.02866942015257236,15,8,2.0,38.0,0.6074866310160428,0.16506238859180036,0.2806,165,2190,0.1,0.2,30
50,25,true,,0.1276977660346322,0.2471176355290917,0.13755223738421674,34,38,4.0,47.0,0.8597014925373134,0.1747927031509121,0.2784,165,2190,0.1,0.2,30
20,10,false,,0.11260994191192429,0.16571923696830115,0.06332449214879826,13,16,1.0,19.0,0.6258808456117874,0.0,0.3256,166,2191,0.1,0.2,30
30,15,false,,0.11915184523707655,0.1333489157469026,0.02573926956160999,17,26,1.0,29.0,0.555635838150289,0.1593208092485549,0.2772,166,2191,0.1,0.2,30
40,20,false,,0.14428782039121035,0.08793602608142734,-0.06629194616794018,8,3,1.0,33.0,0.26683188764973154,0.09376290788930194,0.227,166,2191,0.1,0.2,30
50,25,false,,0.12970382299444527,0.16401749378378033,0.05592550075623915,37,44,1.0,48.0,0.5949887808526552,0.061331338818249814,0.2422,166,2191,0.1,0.2,30
60,30,true,,0.12871621201137623,0.2659401810491258,0.1405067912652512,48,56,20.0,59.0,0.9156676312525837,0.02687060768912774,0.1658,166,2191,0.1,0.2,30
20,10,false,,0.08251923099824565,0.3371057238728884,0.25852420407302806,15,17,4.0,19.0,0.8737864077669902,0.0,0.2902,167,2192,0.1,0.2,30
30,15,false,,0.08889908050136888,0.14278003670534248,0.07325738341773795,21,25,1.0,29.0,0.6637323943661971,0.17869718309859156,0.2108,167,2192,0.1,0.2,30
40,20,false,,0.39637379681279516,0.10230993677622349,-0.3066221643662407,5,1,1.0,38.0,0.2593378607809847,0.05899830220713073,0.2482,167,2192,0.1,0.2,30
50,25,false,,0.11998188446994164,0.18143822552874522,0.08600718708157917,27,1,1.0,48.0,0.6643668831168831,0.08603896103896104,0.2272,167,2192,0.1,0.2,30
60,30,true,,0.12099881698627794,0.20535993503071803,0.09596504723215109,39,50,4.0,58.0,0.7861209964412811,0.1701067615658363,0.2368,167,2192,0.1,0.2,30
20,10,false,,0.07390708850231041,0.3163316302741947,0.25048335977723274,15,16,2.0,19.0,0.8234610917537747,0.0,0.2874,168,2193,0.1,0.2,30
30,15,false,,0.37379170775379345,0.09298562793885684,-0.3036957877923161,4,1,1.0,26.0,0.29775280898876405,0.023336214347450302,0.2048,168,2193,0.1,0.2,30
40,20,false,,0.1590405298545733,0.11001258411854285,-0.07107851466187567,6,2,1.0,37.0,0.39556084026952043,0.11335711454617518,0.2626,168,2193,0.1,0.2,30
50,25,true,,0.11909526396770541,0.19752798747546946,0.09572773659502092,34,45,5.0,48.0,0.7768854748603352,0.10789106145251397,0.283,168,2193,0.1,0.2,30
20,10,false,,0.10082717645556684,0.5014980398701699,0.41208579719422156,16,17,3.0,19.0,0.859504132231405,0.0,0.2824,169,2194,0.1,0.2,30
30,15,false,,0.09627305202351653,0.0979917095609252,0.005969951719259695,20,25,2.0,28.0,0.5171990171990172,0.10401310401310401,0.2132,169,2194,0.1,0.2,30
40,20,false,,0.11853541295739004,0.12800777664987037,0.02037054236599503,25,35,2.0,38.0,0.5467128027681661,0.2433679354094579,0.2842,169,2194,0.1,0.2,30
50,25,false,,0.11971473749306533,0.16184283557368248,0.047706795762807785,40,44,3.0,48.0,0.6036177742823436,0.06173810460086512,0.2646,169,2194,0.1,0.2,30
60,30,false,,0.12071948209419119,0.13017665685790925,0.013989309267510325,41,56,6.0,59.0,0.5499131944444444,0.06727430555555555,0.2038,169,2194,0.1,0.2,30
20,10,false,,0.1311611578581476,0.10813378714732703,-0.024846813326169476,11,16,1.0,19.0,0.4449280214261801,0.0,0.2884,170,2195,0.1,0.2,30
30,15,false,,0.11738674114289226,0.1126067057544829,-0.0060443391575941766,16,25,1.0,28.0,0.4804131054131054,0.09829059829059829,0.2608,170,2195,0.1,0.2,30
40,20,false,,0.11881552020261792,0.13840490037024106,0.05040631788543093,19,9,2.0,38.0,0.599175103112111,0.1177352830896138,0.2754,170,2195,0.1,0.2,30
50,25,false,,0.23202289592142253,0.11114498556890343,-0.12613911307335468,5,2,1.0,15.0,0.2501942501942502,0.0,0.2162,170,2195,0.1,0.2,30
60,30,false,,0.43806805660639947,0.11995608152037113,-0.3258789684718435,3,1,1.0,24.0,0.16244287494806814,0.014125467386788533,0.1748,170,2195,0.1,0.2,30
20,10,false,,0.1884793127202988,0.08943282362747901,-0.11787934560378309,6,2,1.0,18.0,0.20446457457133613,0.0,0.2992,171,2196,0.1,0.2,30
30,15,false,,0.12700954075378687,0.10333924994123458,-0.03315503524992195,13,3,1.0,28.0,0.44013814274750573,0.08710667689946278,0.213,171,2196,0.1,0.2,30
40,20,false,,0.0915537577645758,0.700829427716344,0.5994181660400906,36,36,22.0,39.0,0.9175557710960233,0.18671193016488846,0.1626,171,2196,0.1,0.2,30
50,25,true,,0.09122558389563798,0.33805152914171754,0.24425207988647557,44,46,26.0,49.0,0.8470705064548163,0.1156901688182721,0.1186,171,2196,0.1,0.2,30
20,10,false,,0.1536835614409661,0.1756672828101011,0.04838329137515615,11,16,1.0,19.0,0.5963358778625955,0.0,0.3248,172,2197,0.1,0.2,30
30,15,false,,0.13134232724476586,0.1435686399336711,0.02303717701619644,20,26,2.0,29.0,0.5422036082474226,0.16978092783505155,0.265,172,2197,0.1,0.2,30
40,20,false,,0.15314571191864346,0.11277866365770495,-0.06367201339446293,13,2,1.0,38.0,0.34277910549675655,0.12734721748036873,0.251,172,2197,0.1,0.2,30
50,25,false,,0.1538003664810887,0.170985463068724,0.043799029229978095,24,1,1.0,49.0,0.5235361653272101,0.03291236127057023,0.1822,172,2197,0.1,0.2,30
60,30,true,,0.13803295675187685,0.21518654025521997,0.09762863990612647,34,50,3.0,58.0,0.8402602096132996,0.09071196241416697,0.1692,172,2197,0.1,0.2,30
20,10,false,,0.09205509791946173,0.1028142007437031,0.017273733604402042,10,13,1.0,19.0,0.5452858203414996,0.0,0.2628,173,2198,0.1,0.2,30
30,15,true,,0.10134555179817704,0.3041586819537574,0.20850449909367164,24,27,9.0,29.0,0.8254716981132075,0.24020319303338172,0.2996,173,2198,0.1,0.2,30
20,10,false,,0.08711680201842772,0.15640611081058192,0.09455785290538071,12,15,1.0,19.0,0.6138128320392318,0.0,0.2258,174,2199,0.1,0.2,30
30,15,false,,0.10071030706711578,0.1056708696058156,0.009080348034450781,11,4,1.0,27.0,0.5361305361305362,0.04156954156954157,0.2874,174,2199,0.1,0.2,30
40,20,false,,0.621855820960563,0.09688548078197244,-0.5289779080031797,3,1,1.0,28.0,0.16574819838914795,0.027130139889783807,0.21,174,2199,0.1,0.2,30
50,25,true,,0.12014775677694982,0.2510534751431671,0.15003132698044996,34,45,3.0,48.0,0.7786602209944752,0.09012430939226519,0.2702,174,2199,0.1,0.2,30
20,10,false,,0.08762670717811455,0.12608762325231349,0.056026430369305436,10,2,1.0,19.0,0.6321361058601134,0.0,0.2698,175,2200,0.1,0.2,30
30,15,false,,0.1287877263527123,0.09674672686308879,-0.04155312652267455,7,1,1.0,25.0,0.38619854721549635,0.010088781275221953,0.271,175,2200,0.1,0.2,30
40,20,true,,0.1097048055395181,0.19001609029337385,0.10678643392831333,26,33,2.0,39.0,0.7032208588957055,0.23274539877300612,0.2914,175,2200,0.1,0.2,30
20,10,false,,0.16892028798278014,0.205950596038534,0.06689297789740029,13,16,1.0,19.0,0.5698461538461539,0.0,0.2998,176,2201,0.1,0.2,30
30,15,false,,0.1361083883420843,0.16450054250803253,0.07141721734108875,18,26,1.0,29.0,0.587966220971147,0.2072484166080225,0.2654,176,2201,0.1,0.2,30
40,20,true,,0.131064000368285,0.34127463733940977,0.21888897430632875,34,36,7.0,39.0,0.7611475976494988,0.22917386795713793,0.2444,176,2201,0.1,0.2,30
20,10,false,,0.08715872956460771,0.12862695628253734,0.05307167722755958,12,16,1.0,19.0,0.6212814645308925,0.0,0.2824,177,2202,0.1,0.2,30
30,15,false,,0.09865011561719213,0.12292964965974379,0.03028320175640975,18,23,2.799999999999997,29.0,0.6020053991515619,0.10721172387196298,0.3104,177,2202,0.1,0.2,30
40,20,false,,0.4007958318383895,0.09240695160885627,-0.315469546966362,4,2,1.0,37.0,0.2118570183086312,0.06582388840453357,0.2262,177,2202,0.1,0.2,30
50,25,false,,0.12041160825272751,0.13191808910598796,0.019839660034011712,28,43,2.0,48.0,0.5393442622950819,0.15245901639344261,0.269,177,2202,0.1,0.2,30
60,30,false,,0.12010318685905737,0.1860060916116971,0.07578148311238538,47,56,4.0,59.0,0.6678899082568808,0.08807339449541285,0.1448,177,2202,0.1,0.2,30
20,10,false,,0.0977131054706567,0.14080900632126403,0.04167776988806132,11,15,1.0,19.0,0.591858407079646,0.0,0.2988,178,2203,0.1,0.2,30
30,15,true,,0.11330258426116877,0.191828602062445,0.09582673808344191,17,25,2.0,29.0,0.7183191070256073,0.12541037426132634,0.2934,178,2203,0.1,0.2,30
20,10,false,,0.22943554073979433,0.12667170442987113,-0.13311164455483354,6,1,1.0,18.0,0.29279848389134555,0.0,0.2922,179,2204,0.1,0.2,30
30,15,true,,0.12524731175469775,0.27264818681372555,0.1514799076840881,24,26,4.0,29.0,0.7276948590381426,0.248424543946932,0.2782,179,2204,0.1,0.2,30
20,10,true,,0.11525751634532476,0.21348298354445022,0.1165470523709679,13,16,2.0,19.0,0.739906103286385,0.0,0.3114,180,2205,0.1,0.2,30
20,10,false,,0.12277267054511268,0.13394367298049847,0.022641328565419533,12,15,1.0,19.0,0.5368285622386619,0.0,0.3092,181,2206,0.1,0.2,30
30,15,false,,0.19715634099572382,0.11390083001051797,-0.09638527563153643,6,1,1.0,25.0,0.32904347826086955,0.01217391304347826,0.2604,181,2206,0.1,0.2,30
40,20,true,,0.1300886022682505,0.23552918660431463,0.12612384716554484,32,37,2.0,39.0,0.7149197678388528,0.24035506998975759,0.2554,181,2206,0.1,0.2,30
20,10,true,,0.11566998651481528,0.3198335089907068,0.22761637738994062,13,16,2.0,19.0,0.7993808049535603,0.0,0.2978,182,2207,0.1,0.2,30
20,10,false,,0.11382484598653489,0.12613553901015132,0.02124523814109576,12,17,1.0,19.0,0.5555555555555556,0.0,0.286,183,2208,0.1,0.2,30
30,15,false,,0.12289660721840073,0.10415754106371528,-0.017946587648459647,8,1,1.0,27.09999999999991,0.4458349628470864,0.04341024638247947,0.2786,183,2208,0.1,0.2,30
40,20,false,,0.12006734315415352,0.10753017062770628,-0.012203218466554533,17,15,3.0,37.0,0.4551430781129157,0.13766434648105183,0.2834,183,2208,0.1,0.2,30
50,25,false,,0.21512118148845646,0.10113983086379123,-0.12017072338342583,6,1,1.0,18.0,0.2161068393363011,0.0,0.2624,183,2208,0.1,0.2,30
60,30,false,,0.12588801021438492,0.12322011815155211,0.0029623241248863535,22,4,1.0,57.0,0.5051975051975052,0.11725571725571726,0.2428,183,2208,0.1,0.2,30
20,10,false,,0.09861686580975751,0.5529343923072637,0.454431156432309,16,17,3.700000000000003,19.0,0.8310357016613644,0.0,0.2748,184,2209,0.1,0.2,30
30,15,false,,0.08847056200365948,0.5831837523187999,0.48741509956645257,25,26,2.0,29.0,0.8582323912068192,0.34768954688200987,0.2094,184,2209,0.1,0.2,30
40,20,false,,0.2027087676002532,0.10323658817025021,-0.12487280517021682,6,1,1.0,37.0,0.382171226831421,0.13901147396293026,0.236,184,2209,0.1,0.2,30
50,25,false,,0.14277050258997206,0.10800365570346342,-0.045875271531389705,13,4,1.0,47.0,0.36242138364779874,0.06171383647798742,0.265,184,2209,0.1,0.2,30
60,30,true,,0.11880948095671705,0.37322630573964943,0.2599845710446064,52,52,38.0,59.0,0.8365197034724932,0.0046820132657042525,0.2498,184,2209,0.1,0.2,30
20,10,false,,0.14384362761944655,0.17757945613815138,0.043954153964300094,12,16,1.0,19.0,0.591824466486324,0.0,0.3266,185,2210,0.1,0.2,30
30,15,false,,0.1299014955669252,0.43538416630613197,0.319802964328026,25,27,14.0,29.0,0.8313253012048193,0.35843373493975905,0.2724,185,2210,0.1,0.2,30
40,20,false,,0.2357186476955411,0.11821495142465585,-0.13275532341629884,7,3,1.0,35.0,0.21286628494442572,0.08790838666217582,0.241,185,2210,0.1,0.2,30
50,25,true,,0.14171456999872148,0.206807167301011,0.08641795927304396,37,46,4.0,49.0,0.7369750552573413,0.12851278812756553,0.2404,185,2210,0.1,0.2,30
20,10,false,,0.11530208983259257,0.16440226086882911,0.058762786510625026,11,17,1.0,19.0,0.6530220658778382,0.0,0.3132,186,2211,0.1,0.2,30
30,15,true,,0.10206839035468478,0.18660084140207045,0.09616137819707252,24,26,4.0,29.0,0.7070783132530121,0.25941265060240964,0.275,186,2211,0.1,0.2,30
20,10,false,,0.09462337115752177,0.13164223735580288,0.027133002971687026,12,16,1.0,19.0,0.5511780610274237,0.0,0.26,187,2212,0.1,0.2,30
30,15,false,,0.10271968648558216,0.12926016170446705,0.03543544157667823,17,20,1.0,29.0,0.5879435330026708,0.09538344143456697,0.269,187,2212,0.1,0.2,30
40,20,true,,0.10868809836918951,0.3014772083681775,0.19600796347435157,32,36,5.0,39.0,0.8131826741996233,0.2787193973634652,0.2914,187,2212,0.1,0.2,30
20,10,false,,0.1783861106845697,0.1155334246776822,-0.07851370037894162,6,3,1.0,18.0,0.3067200986436498,0.0,0.303,188,2213,0.1,0.2,30
30,15,false,,0.3825203966847062,0.09269689664840115,-0.29397797695494776,4,1,1.0,24.0,0.16390125455281263,0.006879805746661271,0.2112,188,2213,0.1,0.2,30
40,20,false,,0.13357657943446122,0.13771835123594797,0.00871559902237435,17,35,1.0,39.0,0.5210970464135021,0.10091420534458509,0.2428,188,2213,0.1,0.2,30
50,25,true,,0.1367204969897249,0.24507231640681948,0.12179154581111121,43,46,17.0,49.0,0.7752247752247752,0.09057609057609058,0.2242,188,2213,0.1,0.2,30
20,10,false,,0.19278840227849872,0.13514746968560604,-0.0631742137492095,6,1,1.0,18.0,0.35767790262172283,0.0,0.3198,189,2214,0.1,0.2,30
30,15,false,,0.15326560889909258,0.11766428786353525,-0.047151683605110385,12,28,1.0,29.0,0.4017207147584381,0.15254798146922569,0.2802,189,2214,0.1,0.2,30
40,20,false,,0.14901505759339234,0.10165957182603287,-0.056197851676632285,12,4,1.0,38.0,0.328,0.05818181818181818,0.2484,189,2214,0.1,0.2,30
50,25,false,,0.1394999150601748,0.14833183707673786,0.015765267644940975,30,2,1.0,48.0,0.5356777057016047,0.100375554796859,0.2278,189,2214,0.1,0.2,30
60,30,true,,0.13984157132001207,0.5506183563709975,0.4124797449681432,51,53,33.0,59.0,0.980542264752791,0.025199362041467305,0.187,189,2214,0.1,0.2,30
20,10,true,,0.08731965652960838,0.27144934327699966,0.19659777652571725,14,15,1.0,19.0,0.7333577176298464,0.0,0.2698,190,2215,0.1,0.2,30
20,10,false,,0.09160829130711404,0.17078421700148544,0.07868586728105048,14,16,1.0,19.0,0.6704384724186704,0.0,0.2976,191,2216,0.1,0.2,30
30,15,false,,0.12638614387063002,0.13600390857535175,0.041328212749973316,14,2,1.0,28.0,0.5639705882352941,0.07867647058823529,0.2764,191,2216,0.1,0.2,30
40,20,false,,0.48462621529737077,0.10163035708245367,-0.37155851254939576,4,2,1.0,31.0,0.21832122679580307,0.05690072639225181,0.23,191,2216,0.1,0.2,30
50,25,true,,0.12027420803010198,0.4565065143687953,0.32362661844497254,42,45,5.0,48.0,0.8504273504273504,0.08084045584045584,0.2512,191,2216,0.1,0.2,30
20,10,true,,0.1291676094092675,0.30733156289847463,0.21623448012717356,14,17,2.0,19.0,0.7717391304347826,0.0,0.307,192,2217,0.1,0.2,30
20,10,false,,0.0900156226484254,0.09596105802951124,0.008348197743116195,12,15,2.0,19.0,0.5233676975945017,0.0,0.2844,193,2218,0.1,0.2,30
30,15,false,,0.11097752207131802,0.09823349068648361,-0.0005027143874292705,11,4,1.0,29.0,0.49813200498132004,0.10585305105853052,0.2554,193,2218,0.1,0.2,30
40,20,true,,0.09596359128407206,0.4280432990538022,0.318127568912702,33,36,12.0,39.0,0.7631218621633957,0.2546782291191237,0.1886,193,2218,0.1,0.2,30
20,10,false,,0.2857779219584683,0.12063405662640063,-0.1875260948186318,4,2,1.0,17.0,0.2690628149143433,0.0,0.2818,194,2219,0.1,0.2,30
30,15,false,,0.1321766818567531,0.3162160227521673,0.18590781280764695,24,27,1.0,29.0,0.6130281690140845,0.2795774647887324,0.2218,194,2219,0.1,0.2,30
40,20,false,,0.17708753726067436,0.10475742991272569,-0.08929816457335726,8,4,1.0,37.0,0.21878373515653113,0.08204390068369917,0.2458,194,2219,0.1,0.2,30
50,25,true,,0.12914159515718257,0.45838059680804016,0.33196358773035395,42,44,9.0,49.0,0.8627380524613726,0.07725476104922745,0.2316,194,2219,0.1,0.2,30
20,10,true,,0.09847824209012389,0.30857947115273676,0.2229882033608186,14,16,3.0,19.0,0.820822454308094,0.0,0.3234,195,2220,0.1,0.2,30
20,10,false,,0.1202480238241741,0.18977935569258164,0.0910604953883829,13,17,1.0,19.0,0.6327477626781571,0.0,0.2872,196,2221,0.1,0.2,30
30,15,false,,0.15455992486390774,0.11122329713005834,-0.05022806005958447,7,1,1.0,28.0,0.4257300042319086,0.09733389758781211,0.2068,196,2221,0.1,0.2,30
40,20,false,,0.19787218371169116,0.10759620245079289,-0.09217303674993274,5,2,1.0,18.0,0.2879601226993865,0.0,0.23,196,2221,0.1,0.2,30
50,25,false,,0.13148408096787317,0.14249087038647767,0.017587789989379682,13,3,1.0,41.0,0.5712270803949224,0.11283497884344147,0.2538,196,2221,0.1,0.2,30
60,30,true,,0.4645263888527719,0.5537164367944605,0.08919004794168855,19,19,19.0,19.0,1.0,0.0,0.0002,196,2221,0.1,0.2,30
20,10,false,,0.0889237552506356,0.11189682955683641,0.031720407081903906,9,6,1.0,19.0,0.5921192758253461,0.0,0.3012,197,2222,0.1,0.2,30
30,15,true,,0.09056919481608926,0.2216182211739024,0.12981303215093284,22,26,1.0,29.0,0.7418136020151134,0.19269521410579346,0.2638,197,2222,0.1,0.2,30
20,10,false,,0.07465092653228605,0.12959053172741833,0.054970125626780025,13,17,1.0,19.0,0.677992277992278,0.0,0.2856,198,2223,0.1,0.2,30
30,15,true,,0.10197455381197724,0.17501297230291718,0.08573158548581283,20,25,2.0,29.0,0.7137155297532656,0.14804063860667635,0.295,198,2223,0.1,0.2,30
20,10,false,,0.13018336637599154,0.1745031681754107,0.06017788351592446,13,15,2.0,19.0,0.6043922984356197,0.0,0.3158,199,2224,0.1,0.2,30
30,15,false,,0.135054899991314,0.11721563798174964,-0.027669019285644886,16,2,1.0,29.0,0.4266847273958686,0.12766677954622419,0.2716,199,2224,0.1,0.2,30
40,20,false,,0.1162240919484581,0.41340771630152684,0.3013503661176851,35,38,21.0,39.0,0.8463962189838519,0.2544308782985427,0.247,199,2224,0.1,0.2,30
50,25,false,,0.13683434713870418,0.14431823274997949,0.016332628862361226,30,4,1.0,48.0,0.5476995940460081,0.14783491204330176,0.245,199,2224,0.1,0.2,30
60,30,false,,0.134340641810741,0.15178450951055472,0.022575009644840327,9,2,1.0,31.0,0.5726465364120782,0.13037300177619893,0.2178,199,2224,0.1,0.2,30
20,10,false,,0.1144127232026194,0.0676704549842792,-0.052067502166853116,7,2,1.0,19.0,0.3324376199616123,0.0,0.2352,200,2225,0.1,0.2,30
30,15,false,,0.0793321623891186,0.12077833653669445,0.04652164972772052,15,12,1.0,28.0,0.6528473804100228,0.0724373576309795,0.1812,200,2225,0.1,0.2,30
40,20,true,,0.10648578665727086,0.43955675385746956,0.340916862353565,34,35,20.0,39.0,0.7875343002744022,0.3716189729517836,0.2772,200,2225,0.1,0.2,30
20,10,false,,0.18938771345264457,0.09070957255121612,-0.11836513076153801,5,3,1.0,19.0,0.3565757680358992,0.0,0.2604,201,2226,0.1,0.2,30
30,15,false,,0.12211982400145402,0.13465076530508766,0.0249259630619316,18,26,1.8250000000000028,29.0,0.5521619766643788,0.11084420041180508,0.273,201,2226,0.1,0.2,30
40,20,false,,0.141740558232477,0.11670858952248522,-0.036117362927532926,11,3,1.0,38.0,0.4166666666666667,0.07761087267525035,0.2794,201,2226,0.1,0.2,30
50,25,true,,0.1289319539931308,0.5035101788247467,0.3821406673808162,44,46,33.0,49.0,0.8672566371681416,0.024778761061946902,0.232,201,2226,0.1,0.2,30
20,10,false,,0.09241734141296844,0.16446229935840243,0.09422771085264992,14,16,1.0,19.0,0.6762797404470079,0.0,0.291,202,2227,0.1,0.2,30
30,15,false,,0.13040516639574398,0.12061466205499659,-0.007459034054010112,11,2,1.0,28.375,0.4891724671307038,0.09976798143851508,0.2804,202,2227,0.1,0.2,30
40,20,false,,0.1318633390526993,0.15585186279726956,0.05147109105178852,13,4,1.0,39.0,0.5892164468580294,0.16679596586501164,0.2642,202,2227,0.1,0.2,30
50,25,true,,0.1322462788561557,0.20298891967216537,0.10230446241374389,32,45,1.0,49.0,0.7294568245125348,0.08008356545961003,0.2398,202,2227,0.1,0.2,30
20,10,false,,0.11875585317377041,0.2187253614249486,0.11104100231946513,14,17,2.0,19.0,0.6631613539270457,0.0,0.3058,203,2228,0.1,0.2,30
30,15,false,,0.10764133699486322,0.14776714371592228,0.04856145173622456,22,26,5.0,29.0,0.6107583115427717,0.1942472917444901,0.2544,203,2228,0.1,0.2,30
40,20,false,,0.11807141289026818,0.13149221751110424,0.026910863135986784,24,37,2.0,39.0,0.5576461168935148,0.17974379503602883,0.2796,203,2228,0.1,0.2,30
50,25,false,,0.14393071269648944,0.11584239824047302,-0.027602525375128584,12,2,1.0,48.0,0.4218241042345277,0.061482084690553745,0.2454,203,2228,0.1,0.2,30
60,30,false,,0.15364532276637052,0.12383132158261112,-0.02829023695473902,9,3,1.0,48.0,0.43981658387466566,0.023691249522353842,0.208,203,2228,0.1,0.2,30
20,10,false,,0.21801327348180785,0.10296772983454766,-0.1282726332516843,4,2,1.0,18.0,0.26438671489641563,0.0,0.279,204,2229,0.1,0.2,30
30,15,false,,0.12996754471635769,0.12838521723728247,0.0019634846659286054,16,3,1.0,28.65000000000009,0.503236797274276,0.10085178875638842,0.2758,204,2229,0.1,0.2,30
40,20,false,,0.17740290909948664,0.11366975798269177,-0.07169087024683626,7,4,1.0,27.0,0.282863041982106,0.028905712319339298,0.2526,204,2229,0.1,0.2,30
50,25,true,,0.14086543403515478,0.26163240611428706,0.149715834279908,39,45,2.0,49.0,0.7808483290488432,0.032776349614395885,0.2344,204,2229,0.1,0.2,30
20,10,false,,0.16884237376183678,0.10912751018957234,-0.0740318465876162,9,1,1.0,19.0,0.3241469816272966,0.0,0.2744,205,2230,0.1,0.2,30
30,15,false,,0.14685527253702696,0.10326597722776798,-0.058178273318858637,13,6,1.0,29.0,0.3254226267880364,0.0946033810143043,0.2768,205,2230,0.1,0.2,30
40,20,false,,0.13197561873388333,0.1844144814704707,0.06208445431079472,26,35,2.0,38.0,0.6582864703936487,0.24710552431359575,0.2748,205,2230,0.1,0.2,30
50,25,true,,0.14474384225280357,0.25493901534793784,0.10930873831587473,44,48,23.0,49.0,0.7556342562781713,0.09884095299420477,0.22,205,2230,0.1,0.2,30
20,10,false,,0.12538092793179595,0.3863755011926689,0.2672834559688416,15,16,2.0,19.0,0.7593114241001565,0.0,0.3012,206,2231,0.1,0.2,30
30,15,false,,0.14383479165626184,0.12445965607311821,-0.026585687982019712,16,20,1.0,29.0,0.4189622037155669,0.07975656630365151,0.2832,206,2231,0.1,0.2,30
40,20,false,,0.15884308489524904,0.109572479356543,-0.06927933761881035,17,2,1.0,36.0,0.32785087719298245,0.1472953216374269,0.224,206,2231,0.1,0.2,30
50,25,false,,0.3178120268101766,0.10950468601545263,-0.20888722124446318,4,2,1.0,45.0,0.1524628616106333,0.01524628616106333,0.1962,206,2231,0.1,0.2,30
60,30,false,,0.12695387437067132,0.1467066845157494,0.03158279867941352,24,13,2.0,57.0,0.6331010452961673,0.12229965156794426,0.189,206,2231,0.1,0.2,30
20,10,true,,0.0922475082485508,0.3435307138307448,0.250946232938899,14,15,2.0,19.0,0.7165682528655783,0.0,0.2844,207,2232,0.1,0.2,30
20,10,false,,0.17834645793327916,0.13178360315239115,-0.059571812537316686,6,1,1.0,19.0,0.462877030162413,0.0,0.2264,208,2233,0.1,0.2,30
30,15,false,,0.13160518975788485,0.11205207772286248,-0.025962562942084717,11,2,1.0,28.0,0.4196709835491775,0.07315365768288415,0.2848,208,2233,0.1,0.2,30
40,20,false,,0.12496801060285469,0.1669406983904173,0.06864044833866731,29,2,1.0,38.0,0.599847850893876,0.25332826169646255,0.2182,208,2233,0.1,0.2,30
50,25,true,,0.12658813420623435,0.19123447897670712,0.09730064760377191,32,38,2.0,48.0,0.7279077890324834,0.1198044009779951,0.243,208,2233,0.1,0.2,30
20,10,false,,0.12253857066456625,0.20395267433692782,0.09527136995706229,12,16,1.0,19.0,0.6679829890643986,0.0,0.3086,209,2234,0.1,0.2,30
30,15,false,,0.12667780573815016,0.20682485474394066,0.09276259352225252,23,26,2.0,29.0,0.6996996996996997,0.24224224224224225,0.2772,209,2234,0.1,0.2,30
40,20,true,,0.12681793197024768,0.22016698559968498,0.10035025663189338,30,36,2.0,38.0,0.7044152342433434,0.2224469160768453,0.27,209,2234,0.1,0.2,30
20,10,false,,0.10017619007383148,0.12392626121663458,0.03378144639946069,9,1,1.0,18.0,0.555724033358605,0.0,0.2386,210,2235,0.1,0.2,30
30,15,false,,0.0965046000300346,0.09989378471606651,0.009977830401247702,18,26,1.0,29.0,0.5282005371530887,0.1548791405550582,0.2138,210,2235,0.1,0.2,30
40,20,false,,0.21098248449295343,0.09481112578473,-0.11921550506112027,5,3,1.0,27.0,0.2920430107526882,0.013763440860215054,0.257,210,2235,0.1,0.2,30
50,25,true,,0.11474143547210439,0.2572290643133063,0.13919117157664215,40,46,16.0,49.0,0.7663871951219512,0.12157012195121951,0.2834,210,2235,0.1,0.2,30
20,10,false,,0.08342293449919395,0.1243913491643117,0.05127990016266869,13,16,1.0,19.0,0.6454948301329394,0.0,0.2818,211,2236,0.1,0.2,30
30,15,true,,0.09909406265494308,0.35403338384525834,0.261998031542486,23,25,3.0,29.0,0.7305319969159599,0.17116422513492677,0.2988,211,2236,0.1,0.2,30
20,10,false,,0.1092485733031873,0.17282427159107258,0.07531426096833703,10,15,1.0,19.0,0.6346089850249584,0.0,0.2938,212,2237,0.1,0.2,30
30,15,false,,0.10796692477287555,0.13124568665964267,0.03993686231622,17,27,1.0,28.0,0.5743034055727554,0.14705882352941177,0.2628,212,2237,0.1,0.2,30
40,20,true,,0.10591270466052757,0.23946494336098204,0.14572210156537502,33,37,12.0,39.0,0.7704414587332054,0.34587332053742803,0.2702,212,2237,0.1,0.2,30
20,10,true,,0.0532607594139428,0.13039536152462003,0.08304231463644587,12,16,1.0,19.0,0.7208053691275168,0.0,0.1872,213,2238,0.1,0.2,30
20,10,false,,0.1224587117523449,0.1197120991007652,-0.012916899781472424,8,1,1.0,18.0,0.45946866485013627,0.0,0.2984,214,2239,0.1,0.2,30
30,15,false,,0.12560040257092256,0.13109781404304566,0.025105711533178865,17,1,1.0,29.0,0.537646613696557,0.13696556942867952,0.257,214,2239,0.1,0.2,30
40,20,true,,0.11765756581956342,0.21457638991758599,0.1040241550108747,31,35,12.0,39.0,0.7134831460674157,0.3082865168539326,0.2742,214,2239,0.1,0.2,30
20,10,false,,0.07510449146258145,0.10572638406785863,0.038372315895660224,11,2,1.0,19.0,0.6107831562377017,0.0,0.2348,215,2240,0.1,0.2,30
30,15,false,,0.11077106304699988,0.10259355272105923,-0.021933522067307268,16,1,1.0,29.0,0.45350217649386626,0.08626830233478433,0.2746,215,2240,0.1,0.2,30
40,20,true,,0.10658314772842566,0.33901074722704144,0.24654763891214027,32,36,3.0,39.0,0.8235054900366002,0.28710858072387146,0.2788,215,2240,0.1,0.2,30
20,10,false,,0.06740711814820606,0.44830125593637266,0.3822695427934779,15,17,3.0,19.0,0.8375451263537906,0.0,0.221,216,2241,0.1,0.2,30
30,15,false,,0.11211044384851626,0.07049004375862628,-0.05202725563769538,6,2,1.0,26.0,0.3653944020356234,0.015267175572519083,0.1212,216,2241,0.1,0.2,30
40,20,false,,0.11657497143355669,0.14751443923008725,0.039148948768837566,25,35,1.0,38.0,0.5927342256214149,0.2451242829827916,0.2834,216,2241,0.1,0.2,30
50,25,false,,0.1081017170623514,0.21634026760258013,0.1012739611687987,40,45,22.0,49.0,0.6945364238410596,0.13286423841059603,0.2468,216,2241,0.1,0.2,30
60,30,false,,0.12565405694051363,0.23580048634527642,0.12697664936622455,48,56,2.0,59.0,0.66107931316435,0.04251839738348324,0.227,216,2241,0.1,0.2,30
20,10,false,,0.05597910794260604,0.5387116588756713,0.47420373695498935,15,16,2.0,19.0,0.7689055894786284,0.0,0.182,217,2242,0.1,0.2,30
30,15,false,,0.07266970726815702,0.07822447158297101,-0.0019849808723291368,14,4,1.0,29.0,0.49824355971896955,0.10655737704918032,0.1106,217,2242,0.1,0.2,30
40,20,true,,0.05392279910687974,0.1744746567616325,0.11633809196195383,33,29,19.0,39.0,0.7802197802197802,0.452014652014652,0.0466,217,2242,0.1,0.2,30
20,10,false,,0.11643923671070135,0.1277519813354138,0.01856218786935178,11,17,1.0,19.0,0.5566775244299674,0.0,0.3022,218,2243,0.1,0.2,30
30,15,false,,0.5612711707227902,0.10572687820509642,-0.45232579103359855,2,1,1.0,17.0,0.10367504835589941,0.0,0.2056,218,2243,0.1,0.2,30
40,20,true,,0.12468985332303117,0.19781918384093003,0.09011820204472036,25,36,4.0,39.0,0.7439613526570048,0.2186795491143317,0.2788,218,2243,0.1,0.2,30
20,10,false,,0.12157513830358965,0.06939018420841028,-0.05901289221347261,7,1,1.0,19.0,0.41919191919191917,0.0,0.1648,219,2244,0.1,0.2,30
30,15,false,,0.07165718116719869,0.08869292773450828,0.022348366076105762,14,3,1.0,28.0,0.5973045822102426,0.07493261455525606,0.1204,219,2244,0.1,0.2,30
40,20,true,,0.06569848286830288,0.2619096376824091,0.19207302867188963,30,34,13.0,39.0,0.8661645422943222,0.4055619930475087,0.0756,219,2244,0.1,0.2,30
20,10,false,,0.1152114179086016,0.1992178121878761,0.10296106448373146,13,16,1.0,19.0,0.6947890818858561,0.0,0.323,220,2245,0.1,0.2,30
30,15,false,,0.11061784850923947,0.7313066222350173,0.623310744511958,26,26,8.0,29.0,0.9390196835198765,0.42994982632188344,0.2484,220,2245,0.1,0.2,30
40,20,false,,0.11116210360957994,0.47982923660829835,0.3678827781558403,35,36,13.0,39.0,0.9123867069486404,0.2862537764350453,0.2692,220,2245,0.1,0.2,30
50,25,false,,0.17558653086039097,0.11794527247529986,-0.05441572768327556,7,4,1.0,41.0,0.3397319811662441,0.052517203911626224,0.2418,220,2245,0.1,0.2,30
60,30,true,,0.13003379129985088,0.2037026405703297,0.07776323982477887,43,45,14.0,59.0,0.7838840188806473,0.12710721510451786,0.253,220,2245,0.1,0.2,30
20,10,false,,0.10079399522794186,0.4088573410075496,0.321540670896898,15,16,1.0,19.0,0.8284447476125512,0.0,0.3092,221,2246,0.1,0.2,30
30,15,false,,0.1117217768311418,0.12361003997489375,0.020512582066196702,15,20,1.0,28.0,0.5737940964722822,0.05903527717782577,0.2838,221,2246,0.1,0.2,30
40,20,false,,0.12039056956621512,0.15381006820244636,0.042019933709324636,22,34,1.0,38.0,0.605925925925926,0.1985185185185185,0.2698,221,2246,0.1,0.2,30
50,25,false,,0.2750576567494087,0.11382797379444938,-0.16427656510031347,4,1,1.0,17.0,0.18886756238003838,0.0,0.2124,221,2246,0.1,0.2,30
60,30,true,,0.12889852386844328,0.1570205077381713,0.03733590806737749,35,42,4.0,58.0,0.7009873060648801,0.056417489421720736,0.0488,221,2246,0.1,0.2,30
20,10,false,,0.06985290660643548,0.3962134670667327,0.31983743730876624,15,16,2.0,19.0,0.8079769736842105,0.0,0.2284,222,2247,0.1,0.2,30
30,15,false,,0.09989525373469611,0.1179672303964507,0.014077411527504774,13,12,1.0,27.0,0.5416506717850288,0.039923224568138196,0.2876,222,2247,0.1,0.2,30
40,20,true,,0.10877861342771165,0.3093244936423513,0.21107240926857018,31,36,4.0,39.0,0.7698695136417556,0.29062870699881377,0.264,222,2247,0.1,0.2,30
20,10,false,,0.08187033011644972,0.3819993966815924,0.2855126997516153,15,17,2.0,19.0,0.7684291779235817,0.0,0.2792,223,2248,0.1,0.2,30
30,15,false,,0.09806476508373725,0.1090237566557042,0.025960380582187033,9,1,1.0,28.0,0.5709251101321586,0.07400881057268723,0.2148,223,2248,0.1,0.2,30
40,20,true,,0.11101869958980698,0.2638073698529835,0.1780419764236944,29,35,3.125,39.0,0.7440521872601689,0.2640061396776669,0.2952,223,2248,0.1,0.2,30
20,10,false,,0.14364031881339476,0.10356627942314783,-0.046900628884445184,10,1,1.0,19.0,0.4082301529497451,0.0,0.2506,224,2249,0.1,0.2,30
30,15,true,,0.10312370760052116,0.28046524165644565,0.1772601849215849,23,26,3.0,29.0,0.7421360643745428,0.2150694952450622,0.2902,224,2249,0.1,0.2,30
20,10,true,,0.07913014510817455,0.2301738338454395,0.14807342107109514,14,17,2.0,19.0,0.7784111150694691,0.0,0.3024,225,2250,0.1,0.2,30
20,10,false,,0.16098008266886474,0.12484910216434923,-0.04421118411792861,10,10,1.0,18.0,0.3804849884526559,0.0,0.3238,226,2251,0.1,0.2,30
30,15,false,,0.13110678437451878,0.2023829597477616,0.07592028918834318,24,27,9.0,29.0,0.6291281373844122,0.2767503302509908,0.2624,226,2251,0.1,0.2,30
40,20,false,,0.12286546430704372,0.5423422066136059,0.42108670976734586,36,36,28.0,39.0,0.9131771033422974,0.24394928928159815,0.2334,226,2251,0.1,0.2,30
50,25,true,,0.13174690598467065,0.4055787068847482,0.26425762383329515,42,45,8.0,49.0,0.8271806599150604,0.11434171839268213,0.231,226,2251,0.1,0.2,30
20,10,false,,0.4228536064093275,0.0860829628225322,-0.3329386771953353,3,2,1.0,18.0,0.20877904832165253,0.0,0.2474,227,2252,0.1,0.2,30
30,15,false,,0.14053435022773136,0.10974851318526042,-0.041554387767977,11,3,1.0,28.0,0.3990889978976875,0.09880868955851436,0.2756,227,2252,0.1,0.2,30
40,20,false,,0.11031505351334044,0.1985115675380851,0.09351353887143225,32,35,2.0,39.0,0.6713341112407624,0.2637106184364061,0.2462,227,2252,0.1,0.2,30
50,25,false,,0.14870686609639727,0.10882378934611912,-0.05380709949883229,10,5,1.0,44.0,0.35139318885448917,0.03560371517027864,0.2582,227,2252,0.1,0.2,30
60,30,true,,0.11707780584549701,0.19874649391826826,0.0838402140809434,43,36,24.0,59.0,0.79199697999245,0.08305020762551907,0.2386,227,2252,0.1,0.2,30
20,10,false,,0.1120331810468478,0.47960444715255157,0.37556816223462564,15,17,2.0,19.0,0.8614732724902217,0.0,0.3138,228,2253,0.1,0.2,30
30,15,false,,0.11809895127741558,0.14387621556928823,0.03370256843119926,22,26,2.0,29.0,0.5883720930232558,0.16843853820598007,0.2882,228,2253,0.1,0.2,30
40,20,false,,0.1191971052742092,0.1331596198116405,0.01853413605212794,22,36,1.0,38.0,0.5623648161499639,0.2051189617880317,0.2672,228,2253,0.1,0.2,30
50,25,true,,0.12222103738050141,0.4129329171518872,0.2905096046306268,43,45,14.0,49.0,0.8795093795093795,0.05303030303030303,0.2494,228,2253,0.1,0.2,30
20,10,true,,0.10520516030621148,0.2564540033849748,0.16951419630446046,13,16,1.0,19.0,0.757482993197279,0.0,0.2942,229,2254,0.1,0.2,30
20,10,false,,0.1435517557681822,0.13795918183381845,-0.004897575337173499,11,18,1.0,19.0,0.48207776427703525,0.0,0.3184,230,2255,0.1,0.2,30
30,15,false,,0.1259278609583106,0.1267454584138968,0.0018873075149585389,16,26,2.0,29.0,0.5096525096525096,0.11793611793611794,0.2748,230,2255,0.1,0.2,30
40,20,false,,0.2578801727420611,0.11090457450128345,-0.1612996611011629,5,2,1.0,35.0,0.2726934523809524,0.08556547619047619,0.2374,230,2255,0.1,0.2,30
50,25,true,,0.12773819935698844,0.35164379245573973,0.22721256068560589,40,46,4.0,49.0,0.8581058308055275,0.10111223458038422,0.2414,230,2255,0.1,0.2,30
20,10,false,,0.13752136473215013,0.4274163277319239,0.28464232736660855,15,16,1.0750000000000028,19.0,0.7940074906367042,0.0,0.3108,231,2256,0.1,0.2,30
30,15,false,,0.16427874239284282,0.11982107489090281,-0.06756113252115495,12,2,1.0,29.0,0.4138055655945067,0.13408023129743404,0.258,231,2256,0.1,0.2,30
40,20,false,,0.13592544804356532,0.11817038904177597,-0.023040283081487783,12,6,1.0,37.0,0.42763611302549964,0.10303239145416954,0.2738,231,2256,0.1,0.2,30
50,25,true,,0.13220091114805255,0.5531243551162867,0.4258099632245923,43,45,32.0,49.0,0.9437603993344426,0.040931780366056575,0.232,231,2256,0.1,0.2,30
20,10,false,,0.08846644236722606,0.1659489043888441,0.08595421753778981,14,16,1.0,19.0,0.6935832732516222,0.0,0.2724,232,2257,0.1,0.2,30
30,15,false,,0.09232456853643112,0.14235249592310395,0.06029337009555702,20,26,1.5750000000000028,29.0,0.648037542662116,0.17491467576791808,0.2202,232,2257,0.1,0.2,30
40,20,true,,0.10912988783764549,0.27145869190701155,0.16548253317077838,31,35,4.0,39.0,0.7794004611837049,0.3543428132205995,0.2946,232,2257,0.1,0.2,30
20,10,false,,0.1005671264691092,0.0857743083364128,-0.013838838923314431,9,1,1.0,19.0,0.466336224700537,0.0,0.2198,233,2258,0.1,0.2,30
30,15,false,,0.08330547689124176,0.08770035280528654,0.011825960721040633,12,12,1.0,26.324999999999818,0.5483870967741935,0.025142314990512334,0.174,233,2258,0.1,0.2,30
40,20,true,,0.10417550169481068,0.2212971586166138,0.1270493980404093,29,37,5.0,39.0,0.774852652259332,0.2550098231827112,0.2894,233,2258,0.1,0.2,30
20,10,false,,0.09044163575067958,0.1409484910678354,0.05402619481306058,13,16,2.0,19.0,0.644318983768525,0.0,0.2926,234,2259,0.1,0.2,30
30,15,false,,0.09124719538943732,0.4304690771777098,0.3342700719199751,25,26,3.0,29.0,0.8770764119601329,0.2757475083056478,0.2342,234,2259,0.1,0.2,30
40,20,false,,0.08778763516011745,0.5008856141427442,0.42125931178641096,35,36,18.0,39.0,0.8516612072999532,0.33270940570893776,0.1728,234,2259,0.1,0.2,30
50,25,true,,0.1135013570266378,0.2877646323208578,0.17971017724459512,42,45,13.0,49.0,0.83125,0.0421875,0.2786,234,2259,0.1,0.2,30
20,10,false,,0.08073302155523468,0.1566382005041456,0.08362238658120422,14,16,2.0,19.0,0.6814456035767511,0.0,0.2886,235,2260,0.1,0.2,30
30,15,false,,0.08841743774154803,0.19296753724364926,0.10867086854977095,19,24,1.0,29.0,0.6792770071458596,0.13829340058848255,0.2258,235,2260,0.1,0.2,30
40,20,false,,0.09672164771143418,0.1309675148200546,0.039434982886310865,28,35,2.0,38.0,0.6059618071727992,0.2831858407079646,0.1656,235,2260,0.1,0.2,30
50,25,true,,0.09518624163932266,0.22459541796438712,0.13054291623458866,40,45,21.0,49.0,0.7364117364117364,0.1976911976911977,0.1394,235,2260,0.1,0.2,30
20,10,false,,0.23796323287537943,0.062350669571185936,-0.1806787464980769,4,2,1.0,18.0,0.293218345746766,0.0,0.21,236,2261,0.1,0.2,30
30,15,false,,0.08888265105600193,0.1018446011988927,0.021985131046933663,16,25,2.0,29.0,0.5734883720930233,0.09023255813953489,0.1616,236,2261,0.1,0.2,30
40,20,false,,0.0697217330544263,0.5919713143522077,0.5223418462695698,35,35,29.0,39.0,1.0,0.34152488972904854,0.0796,236,2261,0.1,0.2,30
50,25,false,,0.07281746970129772,0.11856549015943857,0.04888659032782269,45,45,36.0,49.0,0.6710164835164835,0.0,0.0454,236,2261,0.1,0.2,30
60,30,true,,0.0625506406881816,0.30001512109763556,0.2461186582183268,53,54,48.0,59.0,0.9976284584980237,0.0,0.02,236,2261,0.1,0.2,30
20,10,false,,0.13723685710705424,0.10157160308520874,-0.03852667044527592,7,2,1.0,19.0,0.44394951744617667,0.0,0.2658,237,2262,0.1,0.2,30
30,15,true,,0.10202034110593505,0.39376251534172496,0.30392191506640753,24,25,3.0,29.0,0.7992263056092843,0.26382978723404255,0.2814,237,2262,0.1,0.2,30
20,10,false,,0.757664957528633,0.054689366699943634,-0.7003670612347523,2,1,1.0,8.0,0.013793103448275862,0.0,0.1716,238,2263,0.1,0.2,30
30,15,false,,0.09856137829512314,0.10923886024536719,0.00862826180461087,13,5,2.0,28.0,0.537721324095458,0.04657428791377983,0.2838,238,2263,0.1,0.2,30
40,20,false,,0.12184515082201837,0.19096295927304424,0.09042666981048363,30,35,1.0,39.0,0.6303298471440064,0.1512469831053902,0.2784,238,2263,0.1,0.2,30
50,25,false,,0.11465604154379469,0.13786348781906216,0.031199543756418903,34,43,4.0,48.0,0.5933070866141732,0.1283464566929134,0.2806,238,2263,0.1,0.2,30
60,30,true,,0.11872724572315325,0.31174067163658953,0.19574687538439356,51,53,24.0,58.0,0.8671780379491321,0.03229713362939039,0.1972,238,2263,0.1,0.2,30
20,10,false,,0.0922020399171948,0.34821495386846096,0.248217575649084,15,16,5.0,19.0,0.8112227225493592,0.0,0.3052,239,2264,0.1,0.2,30
30,15,false,,0.10233867552712607,0.13763359633592606,0.045965342004938174,18,26,1.0,29.0,0.5878951426368543,0.12528912875867387,0.2854,239,2264,0.1,0.2,30
40,20,false,,0.1265513654373608,0.10486028422739752,-0.02436109326838523,9,7,1.0,36.0,0.42851187994997914,0.035014589412255104,0.2618,239,2264,0.1,0.2,30
50,25,false,,0.11608201264554183,0.15414967048894837,0.04841652087758973,36,45,2.0,48.0,0.6497500961168782,0.14917339484813533,0.2804,239,2264,0.1,0.2,30
60,30,false,,0.13072855399723918,0.13834269093914053,0.02198853864736948,28,2,1.0,54.0,0.569358927924665,0.09272002897500906,0.2452,239,2264,0.1,0.2,30
20,10,false,,0.15087265899646576,0.1123744277402372,-0.04509078323294534,7,3,1.0,18.0,0.40409515206263175,0.0,0.3142,240,2265,0.1,0.2,30
30,15,false,,0.15344548280274087,0.11934692930936183,-0.040490007164603006,11,3,1.0,28.0,0.38876331934129804,0.07587988375847594,0.2872,240,2265,0.1,0.2,30
40,20,false,,0.1287245244065074,0.1536822989329523,0.03256570301045683,27,32,2.0,38.0,0.5989286909943087,0.29561432875795113,0.2712,240,2265,0.1,0.2,30
50,25,false,,0.1491301435058936,0.15372561064838605,0.0252269591239105,18,3,1.0,48.0,0.5411240575736807,0.03838245373543523,0.2286,240,2265,0.1,0.2,30
60,30,true,,0.14375490496373008,0.2643925533306802,0.1263625194140317,47,56,27.174999999999997,59.0,0.8522443890274314,0.07917705735660847,0.2352,240,2265,0.1,0.2,30
20,10,true,,0.11686539984472258,0.25440011395498063,0.15576879231848648,12,16,1.0,19.0,0.7838095238095238,0.0,0.3062,241,2266,0.1,0.2,30
20,10,false,,0.09074632672421813,0.36208970473997437,0.26401619775876983,15,17,3.0,19.0,0.7982174688057041,0.0,0.2842,242,2267,0.1,0.2,30
30,15,false,,0.12039447399720792,0.09698443854443262,-0.04184734107366606,8,1,1.0,29.0,0.4385076001842469,0.10962690004606172,0.1786,242,2267,0.1,0.2,30
40,20,true,,0.08344215456588497,0.4489403957860476,0.3698132436847955,34,34,18.0,39.0,0.9204545454545454,0.3290513833992095,0.1434,242,2267,0.1,0.2,30
20,10,false,,0.13390920541942014,0.13404407473024524,0.0029652203211338324,10,16,1.0,19.0,0.5029411764705882,0.0,0.31,243,2268,0.1,0.2,30
30,15,false,,0.10048837346535797,0.1179816661363447,0.02475727246264224,20,26,1.0,29.0,0.5432338115548663,0.15548662272198527,0.2406,243,2268,0.1,0.2,30
40,20,false,,0.1253375110717379,0.12193261411643685,-0.001681044825934383,17,36,1.0,39.0,0.4980590062111801,0.15916149068322982,0.2856,243,2268,0.1,0.2,30
50,25,false,,0.11974139198728993,0.13468470592459397,0.02815219356842813,25,43,2.0,48.0,0.5791567223548131,0.05489260143198091,0.2726,243,2268,0.1,0.2,30
60,30,true,,0.11840762040650211,0.1778930816632093,0.061784674352677926,45,50,13.0,56.0,0.7180222142601218,0.10211393765675385,0.2286,243,2268,0.1,0.2,30
20,10,false,,0.10410134833898979,0.3770206603646987,0.28106328677868164,15,16,1.0,19.0,0.770778364116095,0.0,0.2794,244,2269,0.1,0.2,30
30,15,false,,0.11612932105113938,0.08805636494928842,-0.03202272831561444,8,4,1.0,27.0,0.3648068669527897,0.03862660944206009,0.2618,244,2269,0.1,0.2,30
40,20,false,,0.1042882123388723,0.09936452988138691,0.0027877451420075666,26,34,2.0,38.0,0.5104490884837706,0.24855491329479767,0.1838,244,2269,0.1,0.2,30
50,25,true,,0.11181277384214666,0.3816167231966488,0.27279041092888695,41,44,22.0,49.0,0.8813882532418001,0.13081617086193745,0.2832,244,2269,0.1,0.2,30
20,10,false,,0.12337153203289002,0.1383174758555431,0.019050330515550287,12,16,1.0,19.0,0.5429219306770328,0.0,0.288,245,2270,0.1,0.2,30
30,15,false,,0.5519200316571536,0.09856542293633311,-0.44111621490753844,3,1,1.0,26.0,0.1994171523730225,0.014571190674437969,0.2156,245,2270,0.1,0.2,30
40,20,false,,0.13318782499339032,0.15674333440414015,0.033362120317571436,26,36,1.0,38.0,0.5629070963318478,0.23825848474460062,0.2694,245,2270,0.1,0.2,30
50,25,true,,0.13349773206392881,0.18278955398230207,0.05722457953796049,24,24,3.0,47.0,0.7527455287103859,0.17037966739880767,0.2496,245,2270,0.1,0.2,30
20,10,false,,0.13243673794026609,0.11286697438622599,-0.03030076235167954,11,2,1.0,19.0,0.4542372881355932,0.0,0.2874,246,2271,0.1,0.2,30
30,15,false,,0.1731774929894004,0.08546355484288902,-0.09611296106926646,7,1,1.0,28.0,0.3085063085063085,0.07122507122507123,0.2352,246,2271,0.1,0.2,30
40,20,false,,0.13974091561018695,0.10399180652474212,-0.04959691957289651,13,2,1.0,38.0,0.3900467886005955,0.1837515950659294,0.254,246,2271,0.1,0.2,30
50,25,false,,0.17514470969850968,0.0961641266953266,-0.08484462489983124,9,5,1.0,30.0,0.21307405875051716,0.045510964004964835,0.253,246,2271,0.1,0.2,30
60,30,false,,0.14426323126448906,0.10848569936378717,-0.0537162904614823,25,3,1.0,54.0,0.3403185247275775,0.10016764459346186,0.2434,246,2271,0.1,0.2,30
20,10,true,,0.08249595315095173,0.24459617014710872,0.1763959915931264,13,13,3.0,19.0,0.8037162162162163,0.0,0.3194,247,2272,0.1,0.2,30
20,10,false,,0.1311939199849842,0.061138929196448116,-0.06869090918741516,7,1,1.0,19.0,0.30609156261823683,0.0,0.2348,248,2273,0.1,0.2,30
30,15,false,,0.11562878361524881,0.11753022061880765,0.014416661873018259,14,2,1.0,29.0,0.5318076027928627,0.09387121799844841,0.2826,248,2273,0.1,0.2,30
40,20,true,,0.10847913901490412,0.6871861231566777,0.5711449230712797,34,35,13.0,39.0,0.866227219852656,0.29236138037999226,0.2684,248,2273,0.1,0.2,30
20,10,false,,0.0995474892719038,0.5607911222153883,0.4676404090612769,16,16,3.0,19.0,0.8660998937300743,0.0,0.2894,249,2274,0.1,0.2,30
30,15,false,,0.1283603987452964,0.10105688761048785,-0.035097959200452084,6,1,1.0,27.0,0.40737738143494123,0.047831374138629916,0.2534,249,2274,0.1,0.2,30
40,20,false,,0.10153286377751888,0.17213906663874085,0.0754080335547726,30,36,3.0,39.0,0.6891495601173021,0.28361960620025134,0.2306,249,2274,0.1,0.2,30
50,25,false,,0.24829958352743317,0.10429476569594937,-0.13972260870657907,6,3,1.0,33.0,0.2315151515151515,0.06343434343434344,0.2512,249,2274,0.1,0.2,30
60,30,false,,0.1267249510741983,0.16833972850205103,0.05748551868267068,32,54,1.0,58.0,0.632935744517122,0.10080800307810696,0.2376,249,2274,0.1,0.2,30
20,10,false,,0.10674119344626815,0.43654102223298985,0.33231239859181927,16,17,2.0,19.0,0.7701968771215207,0.0,0.295,250,2275,0.1,0.2,30
30,15,true,,0.10956922107085032,0.33560265847824594,0.22951348451016892,24,26,1.0,29.0,0.7408239700374532,0.23183520599250937,0.2638,250,2275,0.1,0.2,30
20,10,false,,0.13447073916286986,0.21796579409515937,0.10446726352440573,14,15,2.0,19.0,0.677320221266134,0.0,0.3188,251,2276,0.1,0.2,30
30,15,false,,0.13178340210666253,0.11652261587487525,-0.019143256353239692,10,5,2.0,28.0,0.45125994694960214,0.0656498673740053,0.2798,251,2276,0.1,0.2,30
40,20,false,,0.12324180623478928,0.14060223998783133,0.026433178747284528,19,10,2.0,38.0,0.5960175497806277,0.1771852851839352,0.2738,251,2276,0.1,0.2,30
50,25,true,,0.1345169769812331,0.2695711408240715,0.15197430242283588,35,45,2.0,48.0,0.8010403120936281,0.1628738621586476,0.2336,251,2276,0.1,0.2,30
20,10,true,,0.09332345096686703,0.25475424059382795,0.16968353039805772,14,16,2.0,19.0,0.7617214835549335,0.0,0.2916,252,2277,0.1,0.2,30
20,10,false,,0.1605517084318193,0.14541002814901818,-0.02000000744147873,7,3,1.0,19.0,0.477286869943995,0.0,0.3122,253,2278,0.1,0.2,30
30,15,false,,0.14786017747700775,0.13259122748443491,-0.013344430181243441,21,26,1.0,29.0,0.47531060847403633,0.1748964638419879,0.2576,253,2278,0.1,0.2,30
40,20,true,,0.13268970374802547,0.2953083476218289,0.1708661632096721,33,36,2.0,39.0,0.7736877982276755,0.23551465576005454,0.2486,253,2278,0.1,0.2,30
20,10,false,,0.07397089787071129,0.16504060676636523,0.10317214943158612,15,15,2.0,19.0,0.7045807453416149,0.0,0.2572,254,2279,0.1,0.2,30
30,15,false,,0.09397629793935114,0.12455312459213368,0.0457839258734595,20,28,3.0,29.0,0.6649979140592407,0.2060909470171047,0.269,254,2279,0.1,0.2,30
40,20,false,,0.10794286950011855,0.09798652809442616,-0.018906452126815215,15,6,1.0,38.0,0.450313339301701,0.18039391226499552,0.1948,254,2279,0.1,0.2,30
50,25,false,,0.09931942473973449,0.6820595005300271,0.5776214505775401,45,45,38.0,49.0,0.9911214953271028,0.0,0.1436,254,2279,0.1,0.2,30
60,30,false,,0.10938416294232561,0.0964363736989905,-0.007333537165089873,18,3,1.0,58.0,0.4661308840413318,0.04420206659012629,0.0894,254,2279,0.1,0.2,30
20,10,false,,0.05294973422595551,0.15943341660119717,0.10327706177673086,12,11,2.0,19.0,0.6970397779833487,0.0,0.1528,255,2280,0.1,0.2,30
30,15,false,,0.05153285106302217,0.5052257339795876,0.46011092473671356,26,26,12.0,29.0,0.8743424897720631,0.33196960841613093,0.068,255,2280,0.1,0.2,30
40,20,false,,0.3500339004159384,0.05850678050096484,-0.28242710581810626,2,1,1.0,15.0,0.14556962025316456,0.0,0.04,255,2280,0.1,0.2,30
50,25,false,,0.7744694683531743,0.04526444226964228,-0.7345508861413867,1,1,1.0,3.0,0.0,0.0,0.014,255,2280,0.1,0.2,30
60,30,false,,0.05443692540280142,0.6811407272088266,0.6267038018060251,56,58,48.0,59.0,1.0,0.0,0.012,255,2280,0.1,0.2,30
20,10,false,,0.1156621789013498,0.19667074899211695,0.08553224090715991,13,1,1.0,19.0,0.6252669039145907,0.0,0.2888,256,2281,0.1,0.2,30
30,15,false,,0.10117035546289935,0.12806736206250469,0.03948244921886028,17,26,1.0,28.0,0.6101761252446184,0.08571428571428572,0.2768,256,2281,0.1,0.2,30
40,20,false,,0.1222171918458045,0.1566081311433805,0.03991884817850232,30,34,1.0,39.0,0.6051957555799488,0.270032930845225,0.2536,256,2281,0.1,0.2,30
50,25,true,,0.1265662530519725,0.558411578768334,0.4363932472984139,44,46,25.0,49.0,0.967343976777939,0.06712626995645864,0.233,256,2281,0.1,0.2,30
20,10,false,,0.12200393207888371,0.14243684526508282,0.027394596337634483,10,1,1.0,19.0,0.5587546032808838,0.0,0.2902,257,2282,0.1,0.2,30
30,15,false,,0.10665091515025817,0.12538289659446605,0.03200864534617065,19,27,1.0,29.0,0.5930097087378641,0.14640776699029126,0.2656,257,2282,0.1,0.2,30
40,20,false,,0.11992334535011155,0.12970595785471345,0.01296058891910859,30,35,1.0,39.0,0.5348200312989045,0.2750391236306729,0.2634,257,2282,0.1,0.2,30
50,25,false,,0.2208519915971441,0.10276776829029464,-0.12176823403463106,5,4,1.0,17.0,0.23493485342019543,0.0,0.2278,257,2282,0.1,0.2,30
60,30,false,,0.12027983008541789,0.1526382830404725,0.04417645689224946,34,36,3.0,57.0,0.6571322436849926,0.1515601783060921,0.2306,257,2282,0.1,0.2,30
20,10,false,,0.11535928175744743,0.12699614347192567,0.015483603668331729,11,16,1.0,19.0,0.5340136054421769,0.0,0.2972,258,2283,0.1,0.2,30
30,15,false,,0.11808521838140446,0.14282087725279957,0.03143019684418115,15,25,2.0,28.0,0.5844467283316204,0.1264131551901336,0.3102,258,2283,0.1,0.2,30
40,20,true,,0.11963835604628704,0.33009395648730433,0.21788866633969112,32,35,4.0,39.0,0.7673370319001387,0.2936893203883495,0.2676,258,2283,0.1,0.2,30
20,10,false,,0.10793320185899091,0.7391109389566543,0.6199311412872002,16,17,5.0,19.0,0.90149359886202,0.0,0.2536,259,2284,0.1,0.2,30
30,15,false,,0.10830142914137553,0.4354044801116524,0.3338092657417644,25,26,16.0,29.0,0.872115020809686,0.33030646992054485,0.266,259,2284,0.1,0.2,30
40,20,true,,0.11363126150464728,0.46783842759751126,0.3585190276780425,33,35,2.0,39.0,0.7843450479233227,0.2571884984025559,0.253,259,2284,0.1,0.2,30
20,10,false,,0.09488791769088509,0.4351582132730617,0.3360004587693445,15,16,3.0,19.0,0.8601895734597157,0.0,0.2972,260,2285,0.1,0.2,30
30,15,false,,0.11532023395386665,0.25109412806020937,0.15576127127919637,22,25,1.0,29.0,0.6697580645161291,0.21774193548387097,0.2332,260,2285,0.1,0.2,30
40,20,false,,0.11631153278571461,0.1342544636880448,0.02842854780683822,28,36,2.0,39.0,0.6059925093632959,0.2254681647940075,0.2782,260,2285,0.1,0.2,30
50,25,true,,0.12410042435031349,0.33472585966676055,0.21605038206765179,41,46,8.0,49.0,0.8207646439845668,0.058926692388635564,0.2576,260,2285,0.1,0.2,30
20,10,false,,0.3021841816309127,0.09874597035051556,-0.21273999661328047,4,1,1.0,19.0,0.32423459977867947,0.0,0.2422,261,2286,0.1,0.2,30
30,15,false,,0.22815797059883983,0.09951691838140822,-0.13135533438292124,5,1,1.0,29.0,0.2586006957866254,0.06494008504058756,0.2278,261,2286,0.1,0.2,30
40,20,false,,0.11975276609237949,0.17484507475019045,0.06297620906767451,31,35,1.0,39.0,0.6109650769808487,0.28351483289523094,0.2564,261,2286,0.1,0.2,30
50,25,false,,0.12397676543428687,0.13402527137254366,0.01801690555372691,24,10,2.0,48.0,0.5648114901256732,0.15978456014362658,0.2612,261,2286,0.1,0.2,30
60,30,true,,0.1307532091358668,0.4495289650116346,0.32461816172370284,51,54,31.474999999999994,59.0,0.9279720279720279,0.028671328671328673,0.2282,261,2286,0.1,0.2,30
20,10,false,,0.09618268792074221,0.1356916703665789,0.04834418683318794,10,3,1.0,19.0,0.607942238267148,0.0,0.3012,262,2287,0.1,0.2,30
30,15,true,,0.09839750407418996,0.16669016346957827,0.0793739597925723,17,25,2.0,29.0,0.7134123041650745,0.09514711501719526,0.2876,262,2287,0.1,0.2,30
20,10,false,,0.1868473926560348,0.06626989532672067,-0.1185042574288067,4,1,1.0,19.0,0.3220925205361003,0.0,0.178,263,2288,0.1,0.2,30
30,15,false,,0.1091158902214293,0.10483957980821888,0.0027322362164000497,12,4,2.0,29.0,0.5057471264367817,0.11890606420927467,0.2878,263,2288,0.1,0.2,30
40,20,true,,0.10555727402565222,0.23095563337645267,0.12449215006812878,33,36,5.0,39.0,0.7859719438877756,0.3438877755511022,0.2704,263,2288,0.1,0.2,30
20,10,false,,0.12012164633177053,0.1143972931716502,-0.006674445693083467,8,4,1.0,18.0,0.48038887026483407,0.0,0.3182,264,2289,0.1,0.2,30
30,15,false,,0.11681855455551987,0.1515598410540584,0.046598169626383926,18,27,2.0,29.0,0.6198230088495575,0.15008849557522125,0.2814,264,2289,0.1,0.2,30
40,20,true,,0.11418248878949772,0.5548114789583362,0.4308936022459543,34,35,19.0,39.0,0.9130434782608695,0.32590427475337963,0.2556,264,2289,0.1,0.2,30
20,10,false,,0.11403026497314565,0.17675977351574385,0.07838991430566922,13,18,1.0,19.0,0.6044508255563532,0.0,0.2394,265,2290,0.1,0.2,30
30,15,false,,0.10662457190554915,0.14208814801519648,0.039024399156103784,22,26,2.549999999999997,29.0,0.6304106548279689,0.18091009988901222,0.2912,265,2290,0.1,0.2,30
40,20,true,,0.1164352035856911,0.2950237965748401,0.1789329519456491,33,35,12.0,39.0,0.7892547660311958,0.30779896013864816,0.278,265,2290,0.1,0.2,30
20,10,false,,0.16640899385632868,0.12801564849811836,-0.04704158961637449,11,11,1.0,19.0,0.38525564803804996,0.0,0.3196,266,2291,0.1,0.2,30
30,15,false,,0.16809949619017608,0.08699981371602146,-0.09586039447690119,10,2,1.0,22.0,0.1824792243767313,0.007617728531855956,0.2444,266,2291,0.1,0.2,30
40,20,false,,0.16753064027984366,0.11578218353780333,-0.0644068034535307,8,3,1.0,37.0,0.34138869979577946,0.07249829816201497,0.2302,266,2291,0.1,0.2,30
50,25,false,,0.13520285726968873,0.15745811726401496,0.027793088005341637,27,34,3.0,47.0,0.6238561060271379,0.19627642789523508,0.2584,266,2291,0.1,0.2,30
60,30,true,,0.14788433009439736,0.5279698267930395,0.3792467771641892,54,54,42.0,59.0,0.9096209912536443,0.0,0.19,266,2291,0.1,0.2,30
20,10,false,,0.08851487783926054,0.13362878277668733,0.04592431749376659,14,16,1.0,19.0,0.5905743740795287,0.0,0.2608,267,2292,0.1,0.2,30
30,15,true,,0.07443050835357679,0.6269004408400062,0.5250601551343178,24,26,1.0,29.0,0.7728,0.24533333333333332,0.1108,267,2292,0.1,0.2,30
20,10,false,,0.08964428629172576,0.38222596650872276,0.29443014195901324,15,17,2.0,19.0,0.8138606676342526,0.0,0.2894,268,2293,0.1,0.2,30
30,15,true,,0.09996210939910063,0.19681990659912943,0.10113388678383137,21,26,3.0,29.0,0.7169074580242093,0.1944552909019914,0.2866,268,2293,0.1,0.2,30
20,10,false,,0.08517706850573369,0.4629380966083371,0.382112564530222,15,17,1.0,19.0,0.7364864864864865,0.0,0.2096,269,2294,0.1,0.2,30
30,15,false,,0.09781209292724387,0.15266128129621104,0.07003369776255686,18,26,2.0,29.0,0.6931690929451287,0.14781634938409854,0.2838,269,2294,0.1,0.2,30
40,20,false,,0.15536652854151511,0.10338970370744023,-0.062249967545480664,8,3,1.0,37.0,0.3867962737950587,0.06642365330093156,0.2744,269,2294,0.1,0.2,30
50,25,false,,0.13022903502771527,0.15748106906787646,0.04754291635122082,30,1,1.0,49.0,0.5942440210782327,0.10458046209971625,0.2512,269,2294,0.1,0.2,30
60,30,true,,0.12698604028951888,0.2598022558230201,0.13226376039271795,42,2,1.0,56.0,0.7211646136618141,0.029115341545352745,0.2484,269,2294,0.1,0.2,30
20,10,true,,0.11300608807982754,0.22806470497704862,0.1414437481660965,14,17,1.0,19.0,0.7380554627464083,0.0,0.307,270,2295,0.1,0.2,30
20,10,true,,0.10607125705844211,0.22282406933579416,0.12933899400471016,14,16,2.0,19.0,0.7335075114304376,0.0,0.3066,271,2296,0.1,0.2,30
20,10,false,,0.058792301556375354,0.5373157959015331,0.4947832977840286,15,17,2.0,19.0,0.8225128444652032,0.0,0.1868,272,2297,0.1,0.2,30
30,15,false,,0.2681887262531282,0.05277416536081677,-0.21873488859817092,3,2,1.0,14.0,0.1767189384800965,0.0,0.079,272,2297,0.1,0.2,30
40,20,true,,0.06432541557665053,0.4373518800831221,0.3655808551314745,34,36,30.0,39.0,0.906764168190128,0.41681901279707495,0.0666,272,2297,0.1,0.2,30
20,10,false,,0.09431973730207874,0.1448262842241998,0.06246400805279037,12,16,2.0,19.0,0.6444885799404171,0.0,0.3168,273,2298,0.1,0.2,30
30,15,true,,0.10795845828630661,0.4605534773517986,0.35285684825673574,24,27,2.0,29.0,0.8342877594846099,0.21653543307086615,0.2934,273,2298,0.1,0.2,30
20,10,false,,0.17906395651306373,0.3474454040804206,0.18471955217223643,16,17,2.0,19.0,0.7256116444719728,0.0,0.2994,274,2299,0.1,0.2,30
30,15,false,,0.31169729619003267,0.1217202352080255,-0.20703968806061523,6,3,1.0,29.0,0.2599265932599266,0.10176843510176843,0.2386,274,2299,0.1,0.2,30
40,20,false,,0.16777160901027288,0.1380555635187496,-0.06254522810763044,13,2,1.0,38.0,0.40013054830287204,0.17362924281984335,0.2262,274,2299,0.1,0.2,30
50,25,true,,0.14526617138928152,0.22223081669825434,0.09061548479875797,40,46,6.0,49.0,0.7195007800312012,0.09017160686427457,0.221,274,2299,0.1,0.2,30
20,10,false,,0.19640550020717967,0.12035732432515923,-0.09190246847748576,4,1,1.0,17.0,0.39290681502086233,0.0,0.2736,275,2300,0.1,0.2,30
30,15,false,,0.12988653186579346,0.17938890584171066,0.08298193276912398,19,25,1.0,29.0,0.6664522354454808,0.16822129302026376,0.2872,275,2300,0.1,0.2,30
40,20,false,,0.1355542130531777,0.1757782728823146,0.043191867846472526,33,36,14.0,39.0,0.5846153846153846,0.26314102564102565,0.2504,275,2300,0.1,0.2,30
50,25,false,,0.13769212623775606,0.17187448156859125,0.05126917711040402,11,4,1.0,43.0,0.6801998750780762,0.11149281698938164,0.2476,275,2300,0.1,0.2,30
60,30,true,,0.15630833341095804,0.31628389035165483,0.16394897403244474,46,48,22.0,58.0,0.855038983540283,0.083453652902108,0.2332,275,2300,0.1,0.2,30
20,10,false,,0.0969209636265027,0.5830496953185719,0.4832115832027979,16,18,3.0,19.0,0.9204188481675393,0.0,0.3074,276,2301,0.1,0.2,30
30,15,true,,0.10480834368601126,0.5194002365590866,0.4111087953765246,24,25,1.0,29.0,0.7707703927492447,0.23904833836858005,0.29,276,2301,0.1,0.2,30
20,10,true,,0.114593712424191,0.3526293227641578,0.23890526116428953,14,16,1.0,19.0,0.7396792903445923,0.0,0.2968,277,2302,0.1,0.2,30
20,10,false,,0.1074875070276564,0.4314905898744529,0.3428484150942316,15,16,4.0,19.0,0.8687707641196013,0.0,0.2934,278,2303,0.1,0.2,30
30,15,true,,0.1270363844967227,0.36459034502649634,0.2411761910852419,23,26,2.0,29.0,0.7882779058281199,0.2123806387882779,0.297,278,2303,0.1,0.2,30
20,10,true,,0.10088791130957694,0.3053767598353436,0.20993951391029692,14,15,2.700000000000003,19.0,0.8005789642972017,0.0,0.287,279,2304,0.1,0.2,30
20,10,false,,0.09629108548062366,0.11398382154557554,0.02405338823211864,12,14,1.0,19.0,0.5748481600571633,0.0,0.2974,280,2305,0.1,0.2,30
30,15,false,,0.10540099575665167,0.14237896583305468,0.05569420354724748,17,26,1.0,29.0,0.6377151799687011,0.13145539906103287,0.2788,280,2305,0.1,0.2,30
40,20,false,,0.1316253518057449,0.12398797401135363,-0.006781630491416932,19,2,1.0,38.0,0.4893211289092296,0.16857360793287568,0.2742,280,2305,0.1,0.2,30
50,25,true,,0.11884824621570106,0.5830433061126907,0.4467239251699285,44,45,6.0,49.0,0.8437146092865232,0.06002265005662514,0.2602,280,2305,0.1,0.2,30
20,10,false,,0.11842325695217626,0.45688744825498706,0.34202349060414794,15,16,2.0,19.0,0.8021907216494846,0.0,0.3006,281,2306,0.1,0.2,30
30,15,false,,0.1228471667927043,0.12752949940814828,0.017345485863912546,14,3,1.0,29.0,0.539948923750456,0.1189346953666545,0.2692,281,2306,0.1,0.2,30
40,20,false,,0.1264033221942619,0.10511700190460237,-0.03347599539184104,20,1,1.0,39.0,0.4109006571318129,0.21839969076149982,0.2458,281,2306,0.1,0.2,30
50,25,true,,0.11751437002091433,0.6097939937437462,0.4860778321564321,44,46,33.0,49.0,0.95275888133031,0.03212396069538927,0.259,281,2306,0.1,0.2,30
20,10,false,,0.12235358941372153,0.18130327338037275,0.08377146113180631,10,1,1.0,19.0,0.592114208021754,0.0,0.2574,282,2307,0.1,0.2,30
30,15,false,,0.10121476021576419,0.17240179176049053,0.08070989409507462,22,26,4.0,29.0,0.6460076045627376,0.21787072243346006,0.2468,282,2307,0.1,0.2,30
40,20,false,,0.11694651825648007,0.13829020410659607,0.04877308973934505,19,36,1.0,39.0,0.5861076859843815,0.15454171804356762,0.2622,282,2307,0.1,0.2,30
50,25,false,,0.13594246453964193,0.11318952523121648,-0.02858993621343879,18,4,1.0,46.0,0.4216673378977044,0.09544905356423682,0.271,282,2307,0.1,0.2,30
60,30,false,,0.11525307504847869,0.1639509342896832,0.05503639500648094,48,53,3.0,58.0,0.6813842482100239,0.03261734287987271,0.2374,282,2307,0.1,0.2,30
20,10,false,,0.10083887480764694,0.16594464537741213,0.08197412883778527,12,15,2.0,19.0,0.6962227912932138,0.0,0.3238,283,2308,0.1,0.2,30
30,15,false,,0.12916147820570692,0.10244315934876537,-0.039027357458686365,10,2,1.0,29.0,0.38747186796699173,0.08702175543885972,0.2658,283,2308,0.1,0.2,30
40,20,false,,0.1173901411281588,0.14155112661913172,0.04189783722457292,22,36,2.0,39.0,0.6137093895037486,0.2220635487325955,0.2778,283,2308,0.1,0.2,30
50,25,false,,0.12568809669666708,0.15618851398043854,0.04085388771461024,24,38,2.0,46.0,0.6617394293571675,0.15641113784805774,0.2696,283,2308,0.1,0.2,30
60,30,true,,0.13254574736588629,0.21295018636708066,0.1052581245677415,34,56,3.0,58.0,0.8316343308122328,0.08352515619861887,0.2312,283,2308,0.1,0.2,30
20,10,true,,0.07657747629467287,0.19256388010005926,0.12077497155535458,13,16,1.0,19.0,0.7357613328167377,0.0,0.271,284,2309,0.1,0.2,30
20,10,false,,0.09320595054666543,0.14115650456244838,0.0546648774506793,10,16,1.0,19.0,0.655438596491228,0.0,0.3014,285,2310,0.1,0.2,30
30,15,false,,0.10935889563625797,0.14436025176246328,0.0597859832937755,17,2,1.0,29.0,0.601304681504221,0.11588641596316193,0.2706,285,2310,0.1,0.2,30
40,20,false,,0.13085261813607935,0.13178942849400027,0.018435663449975714,24,1,1.0,38.0,0.5237907982697602,0.20408965788438851,0.2416,285,2310,0.1,0.2,30
50,25,false,,0.17770690149375062,0.11933405164367158,-0.06749281814478589,7,1,1.0,46.0,0.36667964188400154,0.04632152588555858,0.2282,285,2310,0.1,0.2,30
60,30,true,,0.13109829355044275,0.2589196952059674,0.14267842310074635,45,54,12.0,58.0,0.888815134417524,0.10852970461334219,0.2526,285,2310,0.1,0.2,30
20,10,false,,0.07471387592464176,0.19915102786405248,0.12496742361221858,13,16,2.0,19.0,0.6859024012393493,0.0,0.2492,286,2311,0.1,0.2,30
30,15,false,,0.7401958809189011,0.043974095449135116,-0.6990700577618084,2,1,1.0,12.0,0.04214819850441876,0.0,0.0668,286,2311,0.1,0.2,30
40,20,true,,0.06511971585545186,0.19260809884432414,0.13938406009125542,32,31,26.0,39.0,0.7713936430317848,0.5672371638141809,0.0526,286,2311,0.1,0.2,30
20,10,false,,0.10246692126301726,0.09802412833198802,-0.010367144997437926,9,1,1.0,19.0,0.4620740197874679,0.0,0.2782,287,2312,0.1,0.2,30
30,15,false,,0.10955536296036388,0.10289710569277216,-0.01339105418705136,13,1,1.0,28.0,0.46730528946272387,0.08621407746772178,0.2394,287,2312,0.1,0.2,30
40,20,true,,0.09105121346475833,0.38730904640693403,0.3055015283199146,33,36,14.0,39.0,0.8450184501845018,0.2523062730627306,0.1766,287,2312,0.1,0.2,30
20,10,false,,0.1177311395228735,0.14856326829926325,0.03325125877388077,13,14,2.0,19.0,0.584818684695759,0.0,0.3108,288,2313,0.1,0.2,30
30,15,true,,0.11100878145418855,0.26911959449919937,0.17674184818070177,23,26,2.0,29.0,0.7712073213657163,0.21295318549806405,0.2934,288,2313,0.1,0.2,30
20,10,false,,0.10266113991121326,0.1167098972832106,0.007626001898764806,10,8,1.0,19.0,0.5279945707499152,0.0,0.2904,289,2314,0.1,0.2,30
30,15,false,,0.08565955268445372,0.16741999953149947,0.09621384360519739,19,25,2.0,29.0,0.6887306242144952,0.12358609132802681,0.2198,289,2314,0.1,0.2,30
40,20,false,,0.16181789810896458,0.08871512029081118,-0.041530429857430745,6,3,1.0,35.0,0.3995305164319249,0.07323943661971831,0.1658,289,2314,0.1,0.2,30
50,25,false,,0.14097606093165183,0.0775519157877803,-0.059378603193106796,8,7,1.0,31.0,0.26297968397291194,0.12246049661399548,0.0926,289,2314,0.1,0.2,30
60,30,false,,0.10250329254642697,0.09015648565576244,-0.0049882878283484325,22,8,1.0,41.0,0.4785714285714286,0.10659340659340659,0.0908,289,2314,0.1,0.2,30
20,10,false,,0.163397050133862,0.10451651762423633,-0.07356392593227865,8,2,1.0,18.02500000000009,0.34810126582278483,0.0,0.3034,290,2315,0.1,0.2,30
30,15,false,,0.16275734620474636,0.10483600855173804,-0.07128117982606798,7,2,1.0,28.0,0.32521489971346706,0.08524355300859598,0.255,290,2315,0.1,0.2,30
40,20,false,,0.14610076343070633,0.14848277321013478,0.008066817861799885,20,2,1.0,39.0,0.5152364273204904,0.13485113835376533,0.2438,290,2315,0.1,0.2,30
50,25,true,,0.14481177477154336,0.3579305337675418,0.21968396224165848,42,44,26.0,49.0,0.9151758173966688,0.037322640345465764,0.243,290,2315,0.1,0.2,30
20,10,false,,0.09372080685611665,0.1718134585660089,0.0906354091217966,14,16,2.0,19.0,0.6831333803810868,0.0,0.308,291,2316,0.1,0.2,30
30,15,false,,0.3740506461049855,0.0796767911032628,-0.306067862997247,4,1,1.0,28.0,0.2621895124195032,0.062557497700092,0.2064,291,2316,0.1,0.2,30
40,20,false,,0.11066394556245805,0.13243053861537496,0.026363104762128137,24,32,1.0,38.0,0.5855890202058711,0.2512390392680137,0.2668,291,2316,0.1,0.2,30
50,25,true,,0.11081305280198282,0.1866042430943897,0.08918455283549015,32,46,5.0,48.0,0.7973880597014925,0.1798507462686567,0.2682,291,2316,0.1,0.2,30
20,10,false,,0.1422297233424727,0.2661353814101827,0.13038777407437885,14,16,1.0,19.0,0.669928245270711,0.0,0.2986,292,2317,0.1,0.2,30
30,15,false,,0.13745323435925014,0.15199013730236013,0.03454460553430791,14,27,2.0,29.0,0.5583657587548638,0.1553177691309987,0.2712,292,2317,0.1,0.2,30
40,20,false,,0.17909379566605219,0.11926472580759141,-0.09975484389052934,7,2,1.0,39.0,0.3664320118562431,0.13153019636902558,0.2246,292,2317,0.1,0.2,30
50,25,false,,0.14647320977862713,0.1423361463599574,-0.00160187889869165,11,7,1.0,48.0,0.4959002951787471,0.0819940964250574,0.2342,292,2317,0.1,0.2,30
60,30,true,,0.14197407977524468,0.2751162012180979,0.13738243269473988,47,50,29.0,58.0,0.8778857837181046,0.06713244228432563,0.2104,292,2317,0.1,0.2,30
20,10,true,,0.07599059964012103,0.40241412209597643,0.32161209187858314,14,17,2.0,19.0,0.7731591448931117,0.0,0.2754,293,2318,0.1,0.2,30
20,10,false,,0.12036199146388626,0.15259803721532555,0.04141547841416332,12,16,2.0,19.0,0.5740740740740741,0.0,0.321,294,2319,0.1,0.2,30
30,15,false,,0.3444653469809879,0.08678936492509227,-0.2729825404455751,4,2,1.0,27.0,0.23180379746835442,0.027294303797468354,0.2484,294,2319,0.1,0.2,30
40,20,false,,0.13210052164533026,0.14986022492197495,0.04078508826613336,25,3,1.0,39.0,0.5504218561671353,0.20771394134190438,0.2538,294,2319,0.1,0.2,30
50,25,false,,0.14687253190296493,0.11669718152792338,-0.03830356576497164,8,4,1.0,42.0,0.4201990416513085,0.09620346479911537,0.2558,294,2319,0.1,0.2,30
60,30,true,,0.12732836427034921,0.22392492858403346,0.10684356938306636,43,48,4.0,58.0,0.8065395095367848,0.08276566757493188,0.2276,294,2319,0.1,0.2,30
20,10,false,,0.13788853172210686,0.1951891769431884,0.0676772515806888,14,16,2.0,19.0,0.6124314442413162,0.0,0.3098,295,2320,0.1,0.2,30
30,15,false,,0.2696651989127337,0.10539881509194607,-0.18941589746171994,4,1,1.0,29.0,0.23287143956889916,0.06505003849114703,0.2246,295,2320,0.1,0.2,30
40,20,false,,0.11622273467515094,0.21099127226698647,0.10133453070212332,32,36,11.0,39.0,0.6770795495822739,0.3272793316382129,0.2498,295,2320,0.1,0.2,30
50,25,false,,0.12669657413963933,0.15336968472311827,0.036994595245899986,33,45,1.0,48.0,0.6026325151191747,0.13945215225898258,0.2506,295,2320,0.1,0.2,30
60,30,true,,0.13304411603183364,0.46786705818362107,0.3378077082075083,53,54,32.0,59.0,0.9242847173761339,0.02721563154221912,0.1958,295,2320,0.1,0.2,30
20,10,true,,0.10337307040735338,0.31204851343999335,0.21609972487596446,13,17,1.0,19.0,0.7405368203716449,0.0,0.299,296,2321,0.1,0.2,30
20,10,false,,0.19225490463388964,0.13881934354278685,-0.06288510414439456,9,3,1.0,19.0,0.36049308478653036,0.0,0.3132,297,2322,0.1,0.2,30
30,15,false,,0.14565332967954356,0.11451955733737879,-0.04436574942747454,18,26,1.0,28.0,0.4166936266580395,0.11452604335166612,0.2722,297,2322,0.1,0.2,30
40,20,true,,0.12297036310590378,0.22496396202022811,0.11603700062298282,33,36,7.0,39.0,0.7241625089094796,0.2736992159657876,0.2454,297,2322,0.1,0.2,30
20,10,false,,0.11454698170332647,0.13150728611386864,0.0241498166110896,9,4,1.0,19.0,0.561182868796737,0.0,0.2958,298,2323,0.1,0.2,30
30,15,false,,0.12311329076385016,0.1265166609507008,0.02726116074434423,14,3,1.0,29.0,0.5553987297106563,0.15314043754410728,0.2788,298,2323,0.1,0.2,30
40,20,true,,0.11342945489371145,0.2566639541566789,0.15604337918788308,31,36,4.0,39.0,0.7316363636363636,0.31272727272727274,0.2956,298,2323,0.1,0.2,30
20,10,false,,0.12215343727579636,0.11777760240377722,-0.0025568668967544395,10,1,1.0,19.0,0.4990825688073395,0.0,0.2394,299,2324,0.1,0.2,30
30,15,false,,0.1289692969485877,0.09460460219911918,-0.03967590749319046,11,2,1.0,29.0,0.3761904761904762,0.06904761904761905,0.2468,299,2324,0.1,0.2,30
40,20,false,,0.15078419572283328,0.09378949926029366,-0.07330667875898304,11,2,1.0,37.77500000000009,0.32145922746781114,0.11158798283261803,0.234,299,2324,0.1,0.2,30
50,25,true,,0.11577909587677311,0.27641525372465453,0.16678362375444852,38,47,5.0,49.0,0.7335907335907336,0.15212355212355214,0.2716,299,2324,0.1,0.2,30
20,10,false,,0.0998572701966972,0.07401433392707057,-0.027907125873882322,11,14,2.0,18.0,0.41026512576478585,0.0,0.2796,300,2325,0.1,0.2,30
30,15,false,,0.10164574463781095,0.1664949328314784,0.08891671852771683,20,27,2.0,29.0,0.6323240267400708,0.17105780574125048,0.2836,300,2325,0.1,0.2,30
40,20,false,,0.1468280841769939,0.11461428155835462,-0.04554198662115163,11,2,1.0,38.0,0.42259244209670865,0.11458756603006907,0.2676,300,2325,0.1,0.2,30
50,25,false,,0.11259573446197334,0.1635525805936395,0.061273037671078584,36,44,5.0,49.0,0.6871165644171779,0.1223159509202454,0.272,300,2325,0.1,0.2,30
60,30,false,,0.33067827048673565,0.11135818597344302,-0.21430257412584952,4,1,1.0,24.0,0.20871751886001677,0.009220452640402346,0.1866,300,2325,0.1,0.2,30
20,10,false,,0.14038829810657197,0.1313822659196341,-0.007523876111443867,11,18,1.0,19.0,0.4838709677419355,0.0,0.2852,301,2326,0.1,0.2,30
30,15,false,,0.16395321262681314,0.11888431885328851,-0.06552633873449819,7,1,1.0,28.0,0.3457592339261286,0.08378932968536251,0.2412,301,2326,0.1,0.2,30
40,20,false,,0.12324674337871648,0.1804244250377601,0.06444936087420597,32,36,7.0,39.0,0.6689513365318711,0.19328307059629884,0.2692,301,2326,0.1,0.2,30
50,25,false,,0.13469109936067486,0.16551298997416516,0.04538048974112463,33,46,3.0,49.0,0.636986301369863,0.13633398564905413,0.2334,301,2326,0.1,0.2,30
60,30,true,,0.1420968815867818,0.34801146175589426,0.20493664789902213,49,49,28.0,59.0,0.9420245398773006,0.012269938650306749,0.1968,301,2326,0.1,0.2,30
20,10,false,,0.16396873896696113,0.14446263738935156,-0.018897314337269946,7,1,1.0,19.0,0.46003159557661927,0.0,0.3154,302,2327,0.1,0.2,30
30,15,false,,0.1589952797571203,0.11405959505619678,-0.06616767239580068,10,1,1.0,29.0,0.32873021219265747,0.10407544627820815,0.2718,302,2327,0.1,0.2,30
40,20,false,,0.13353402396876757,0.16480228405086028,0.05236610368918,26,37,2.0,39.0,0.6353211009174312,0.18905635648754915,0.2714,302,2327,0.1,0.2,30
50,25,false,,0.14917513419964262,0.15547955996194057,0.022246485906101704,12,3,1.0,47.0,0.5723535124635805,0.03107801877630301,0.2168,302,2327,0.1,0.2,30
60,30,true,,0.1460081291573995,0.28071664154139836,0.14411054638626725,46,53,7.0,58.0,0.8893046460866854,0.04084814468350483,0.2162,302,2327,0.1,0.2,30
20,10,false,,0.2805022898061114,0.08941732867288656,-0.20006518089173442,5,1,1.0,19.0,0.23204225352112676,0.0,0.2366,303,2328,0.1,0.2,30
30,15,false,,0.16062886098377768,0.1047192586984906,-0.07570711050746856,9,3,1.0,28.0,0.34813432835820896,0.0958955223880597,0.2572,303,2328,0.1,0.2,30
40,20,true,,0.12055084493898512,0.1934310546323593,0.08613080512788654,30,36,10.0,39.0,0.7178437393381099,0.29546229955646536,0.2634,303,2328,0.1,0.2,30
20,10,true,,0.07636834178577533,0.28737809173930645,0.22180604579420524,13,16,2.0,19.0,0.7490594431903687,0.0,0.2952,304,2329,0.1,0.2,30
20,10,false,,0.15552487113519997,0.11352618302259437,-0.05869293497103169,7,2,1.0,18.0,0.3439306358381503,0.0,0.299,305,2330,0.1,0.2,30
30,15,false,,0.11639166674189814,0.39867071249861746,0.29672432271837323,25,26,1.0,29.0,0.7779030439684329,0.28635851183765504,0.263,305,2330,0.1,0.2,30
40,20,false,,0.1658826895012819,0.1051744229742378,-0.0885585039500458,11,1,1.0,39.0,0.32789992418498864,0.18347232752084913,0.211,305,2330,0.1,0.2,30
50,25,true,,0.12369673918580959,0.1701363881034117,0.0678132348537928,31,42,2.0,48.0,0.7045840407470289,0.11477079796264855,0.2514,305,2330,0.1,0.2,30
20,10,true,,0.1296025218256392,0.28176732539467997,0.15205775653945883,14,16,2.0,19.0,0.700218818380744,0.0,0.3072,306,2331,0.1,0.2,30
20,10,false,,0.09278687261230215,0.11172784061748019,0.02210976017127865,10,4,1.0,19.0,0.5931252192213259,0.0,0.3012,307,2332,0.1,0.2,30
30,15,true,,0.09658201605683613,0.26179070167079027,0.16410656425440676,23,26,7.0,29.0,0.7421236872812136,0.21781408012446518,0.29,307,2332,0.1,0.2,30
20,10,false,,0.05081801216686365,0.389742974791696,0.3440292277987621,15,15,1.0,19.0,0.7897940074906367,0.0,0.1426,308,2333,0.1,0.2,30
30,15,true,,0.04284183497535499,0.18668215497481658,0.1406239330953352,19,17,10.0,29.0,0.879375,0.0975,0.0692,308,2333,0.1,0.2,30
20,10,false,,0.06319241753516795,0.1068707639393687,0.04684313977591022,13,16,2.0,19.0,0.6563403552251136,0.0,0.204,309,2334,0.1,0.2,30
30,15,false,,0.14862240880238542,0.06270716052788639,-0.105652227816452,3,2,1.0,19.0,0.30219435736677114,0.0,0.0852,309,2334,0.1,0.2,30
40,20,false,,0.03935249248397725,0.2645432286105947,0.22519073612661744,36,37,32.0,39.0,0.9849246231155779,0.09246231155778895,0.0348,309,2334,0.1,0.2,30
50,25,false,,0.0659756496434006,0.06882439368456629,-0.03472309967683551,6,5,2.0,35.0,0.3438368860055607,0.1566265060240964,0.0316,309,2334,0.1,0.2,30
60,30,false,,0.4580548144439536,0.06611499321349087,-0.4186015761634004,2,1,1.0,8.0,0.14142335766423358,0.0,0.0122,309,2334,0.1,0.2,30
20,10,false,,0.13682405530537053,0.49885734570104134,0.37019003984249277,15,16,1.0,19.0,0.7409717662508207,0.0,0.2814,310,2335,0.1,0.2,30
30,15,false,,0.11949352159543622,0.653063796894115,0.5304358962637616,26,26,12.0,29.0,0.9249110320284698,0.3508896797153025,0.2644,310,2335,0.1,0.2,30
40,20,false,,0.14362935029679916,0.1555164890155697,0.02431601691996238,17,35,1.0,39.0,0.558025498528931,0.16835567178816607,0.2494,310,2335,0.1,0.2,30
50,25,false,,0.14916648394180637,0.6046085810226782,0.45138796791937186,45,45,30.0,49.0,0.8854961832061069,0.03594147582697201,0.2134,310,2335,0.1,0.2,30
60,30,true,,0.15109959937072873,0.24185768431515972,0.11564835832651377,37,48,2.0,57.0,0.7994644451056233,0.11663195477536448,0.201,310,2335,0.1,0.2,30
20,10,false,,0.17644382788801508,0.1896314183455155,0.018729828889477856,11,17,1.0,19.0,0.5208271787296898,0.0,0.309,311,2336,0.1,0.2,30
30,15,false,,0.12022292673675901,0.5124702857664285,0.4037871273381613,25,27,9.0,29.0,0.8050541516245487,0.34729241877256317,0.2474,311,2336,0.1,0.2,30
40,20,false,,0.4351931304901561,0.09619865648279606,-0.3373736219736231,4,2,1.0,22.0,0.1032258064516129,0.006048387096774193,0.2036,311,2336,0.1,0.2,30
50,25,true,,0.13231749765841316,0.28412513323292615,0.1539596715985613,42,45,28.0,49.0,0.7932576539387685,0.11455108359133127,0.2396,311,2336,0.1,0.2,30
20,10,false,,0.13564029997072685,0.12505085114717862,-0.01484183593670288,10,1,1.0,19.0,0.48592321755027423,0.0,0.2444,312,2337,0.1,0.2,30
30,15,true,,0.10209370826879235,0.28044247651398757,0.18348885753700078,24,28,9.75,29.0,0.7635558834378459,0.27517521209885654,0.2668,312,2337,0.1,0.2,30
20,10,false,,0.1227327331622624,0.0968631088984871,-0.02934948444740995,8,4,1.0,19.0,0.4097657538766084,0.0,0.2964,313,2338,0.1,0.2,30
30,15,true,,0.09513287535174189,0.30185097446918013,0.2101467428457826,21,26,3.0,29.0,0.749513807856865,0.1485803189420459,0.2882,313,2338,0.1,0.2,30
20,10,false,,0.11784045587223109,0.13418329576359495,0.027768342577697763,11,15,1.0,19.0,0.5542955326460481,0.0,0.29,314,2339,0.1,0.2,30
30,15,true,,0.10984227333004228,0.20877677423806493,0.12469597830779522,18,26,1.0,29.0,0.7447037701974866,0.16229802513464991,0.2836,314,2339,0.1,0.2,30
20,10,false,,0.315925040896544,0.10740114088140523,-0.22257314148920976,4,1,1.0,19.0,0.29128277817150955,0.0,0.2408,315,2340,0.1,0.2,30
30,15,false,,0.14038999452820783,0.15584865194196537,0.04361730528534323,14,26,1.0,29.0,0.5777003484320558,0.18118466898954705,0.2442,315,2340,0.1,0.2,30
40,20,false,,0.14282341622999695,0.1568294944010156,0.04253624038566345,26,37,1.0,39.0,0.5741767199217477,0.21747636126507988,0.238,315,2340,0.1,0.2,30
50,25,true,,0.1434421614442684,0.46587974653099173,0.3288155057293094,44,46,29.0,49.0,0.9033925686591276,0.05460420032310178,0.215,315,2340,0.1,0.2,30
20,10,false,,0.09195159682954769,0.1813320140345614,0.10655547137261534,14,16,1.0,19.0,0.6640086988039144,0.0,0.2852,316,2341,0.1,0.2,30
30,15,true,,0.10484086243528602,0.4849114622484219,0.3752730097977055,24,27,4.0,29.0,0.8430034129692833,0.24194160030337505,0.2814,316,2341,0.1,0.2,30
20,10,false,,0.12806083600553472,0.15444655102377333,0.03841430125804646,12,18,1.0,19.0,0.5522642151855635,0.0,0.2866,317,2342,0.1,0.2,30
30,15,false,,0.12885361157901512,0.15785785570392732,0.06392315176537226,21,2,1.0,29.0,0.564121850319669,0.2034599473486273,0.2384,317,2342,0.1,0.2,30
40,20,false,,0.18165577406255068,0.11410811440400492,-0.09535920266099471,7,1,1.0,39.0,0.38513513513513514,0.1251987281399046,0.2078,317,2342,0.1,0.2,30
50,25,false,,0.13848961159265907,0.15674293103467074,0.05621036889686311,21,3,1.0,48.0,0.5826330532212886,0.06092436974789916,0.2134,317,2342,0.1,0.2,30
60,30,false,,0.13915429299711446,0.16318172370889952,0.0401771957068291,22,1,1.0,54.0,0.6279701289884589,0.09708078750848609,0.207,317,2342,0.1,0.2,30
20,10,false,,0.09670002173393921,0.6524901440195866,0.5524906872606974,16,17,5.0,19.0,0.8877551020408163,0.0,0.2598,318,2343,0.1,0.2,30
30,15,false,,0.11226134648146571,0.15715862315998758,0.06362926089113562,18,26,2.0,29.0,0.6401127952062038,0.13570673246387027,0.2856,318,2343,0.1,0.2,30
40,20,false,,0.12164421385561414,0.13000948178704733,0.03185562698332024,14,36,2.0,39.0,0.5825242718446602,0.08818770226537216,0.26,318,2343,0.1,0.2,30
50,25,true,,0.1155995868545836,0.5173710964090714,0.3978806470849803,44,45,24.0,49.0,0.8989657915672236,0.0552903739061257,0.249,318,2343,0.1,0.2,30
20,10,false,,0.14420494995905728,0.09270489527854855,-0.08109665766999312,8,1,1.0,19.0,0.2911119107592659,0.0,0.2548,319,2344,0.1,0.2,30
30,15,false,,0.10633986226778327,0.14280340382888113,0.04556258984178001,21,27,3.0,29.0,0.6408780136739834,0.19035624325296868,0.289,319,2344,0.1,0.2,30
40,20,true,,0.10714474850469188,0.1883052742073493,0.10260848137203889,26,35,3.0,39.0,0.7283302063789868,0.2525328330206379,0.2918,319,2344,0.1,0.2,30
20,10,false,,0.13919247698332718,0.07361748289073498,-0.07441436868870056,8,2,1.0,18.0,0.2983816587997303,0.0,0.2824,320,2345,0.1,0.2,30
30,15,false,,0.11551689653473943,0.08603434813410288,-0.02845286437509105,10,4,1.0,28.0,0.43234905244601146,0.05597179374173645,0.194,320,2345,0.1,0.2,30
40,20,false,,0.08440333494927381,0.09365485233571849,0.01445772879246987,27,27,4.0,38.0,0.5710116731517509,0.30496108949416345,0.1352,320,2345,0.1,0.2,30
50,25,false,,0.12422353559692856,0.11582453168232082,-0.004942959853194609,16,2,1.0,45.0,0.47769667477696676,0.10097323600973236,0.2626,320,2345,0.1,0.2,30
60,30,false,,0.12224400831697783,0.1369889534035524,0.025753112836968163,28,15,5.0,58.0,0.5915267785771383,0.16027178257394084,0.2474,320,2345,0.1,0.2,30
20,10,true,,0.09466995691463648,0.2382400669697145,0.15862958940267408,14,16,2.0,19.0,0.8111259160559627,0.0,0.2992,321,2346,0.1,0.2,30
20,10,false,,0.11751401089728905,0.18746066420728574,0.09135158444609132,13,16,1.0,19.0,0.6651162790697674,0.0,0.311,322,2347,0.1,0.2,30
30,15,false,,0.11305813726898133,0.0882594283478366,-0.0327315763108197,11,4,1.0,27.0,0.37130801687763715,0.026467203682393557,0.2592,322,2347,0.1,0.2,30
40,20,false,,0.114641042267999,0.13091075752862263,0.030737028977045777,29,35,2.0,39.0,0.5460024106066693,0.20570510245078344,0.2786,322,2347,0.1,0.2,30
50,25,true,,0.1102828935110837,0.4679703447688077,0.3563823347392511,43,46,30.0,49.0,0.9156101426307448,0.09944532488114105,0.2874,322,2347,0.1,0.2,30
20,10,false,,0.17153519270192777,0.11996053949020637,-0.06339081559057078,9,2,1.0,19.0,0.3519453519453519,0.0,0.312,323,2348,0.1,0.2,30
30,15,false,,0.1758097381214543,0.11980100590077102,-0.0804338152461212,8,4,1.0,28.02500000000009,0.28157894736842104,0.058223684210526316,0.2766,323,2348,0.1,0.2,30
40,20,false,,0.16551787392393696,0.12230684083911397,-0.05705173874368569,9,3,1.0,35.0,0.379672131147541,0.13639344262295083,0.2602,323,2348,0.1,0.2,30
50,25,false,,0.19830181995786114,0.1353006037743613,-0.05857698146938636,5,3,1.0,17.0,0.3119891008174387,0.0,0.2192,323,2348,0.1,0.2,30
60,30,true,,0.1479694385977356,0.3128936426079908,0.17953517533497398,47,53,3.0,58.0,0.8499067743940336,0.04785581106277191,0.1916,323,2348,0.1,0.2,30
20,10,false,,0.11151022203588418,0.1402002379512317,0.048180053516633604,11,16,1.0,19.0,0.6111111111111112,0.0,0.2912,324,2349,0.1,0.2,30
30,15,false,,0.10897352243359751,0.7153694585780455,0.6024183308004408,26,26,15.0,29.0,0.9615677321156774,0.3980213089802131,0.2612,324,2349,0.1,0.2,30
40,20,false,,0.11995898839886839,0.12875125178027905,0.013813227386102508,16,20,1.0,38.0,0.5488372093023256,0.13273703041144902,0.2824,324,2349,0.1,0.2,30
50,25,false,,0.1296425734775889,0.2604543490206861,0.1351616501266706,43,46,1.0,49.0,0.6685309470544369,0.02237136465324385,0.2284,324,2349,0.1,0.2,30
60,30,true,,0.13605952192578544,0.3289679723735401,0.19977904948255254,50,55,2.0,59.0,0.7655290102389078,0.05494880546075085,0.2278,324,2349,0.1,0.2,30
20,10,false,,0.20256928623910833,0.1351426547096707,-0.09919674560262352,7,2,1.0,19.0,0.3711734693877551,0.0,0.281,325,2350,0.1,0.2,30
30,15,false,,0.1499070312002764,0.11762042567698576,-0.052440944804992506,13,2,1.0,28.0,0.37909769555339173,0.09087958455047063,0.271,325,2350,0.1,0.2,30
40,20,true,,0.12383768859294624,0.4516551319216434,0.3298621248447591,34,36,10.0,39.0,0.8982764447448462,0.31497127407908077,0.265,325,2350,0.1,0.2,30
20,10,false,,0.08284600023568578,0.13673324763143638,0.054554173005948337,12,16,1.0,19.0,0.6569852941176471,0.0,0.2884,326,2351,0.1,0.2,30
30,15,false,,0.11064705789504098,0.1675673381351959,0.08008149543443621,19,23,1.0,29.0,0.6875,0.1050977653631285,0.2886,326,2351,0.1,0.2,30
40,20,false,,0.43637253295405487,0.12245295614247613,-0.3218924075789482,3,1,1.0,35.0,0.27160983346550355,0.043219666931007136,0.2082,326,2351,0.1,0.2,30
50,25,true,,0.13774629503534025,0.20067245709078305,0.07729270060921711,32,44,7.0,48.0,0.740340030911901,0.2117465224111283,0.2546,326,2351,0.1,0.2,30
20,10,false,,0.07856691007150512,0.09260416370473959,0.012959354758996344,10,7,1.0,19.0,0.5591692789968652,0.0,0.2602,327,2352,0.1,0.2,30
30,15,false,,0.07154260161663487,0.6128336522768163,0.5497683936929778,25,26,16.0,29.0,0.9995267392333176,0.301940369143398,0.1662,327,2352,0.1,0.2,30
40,20,false,,0.09303209177293276,0.08587457562928605,-0.002031723463600782,21,3,2.0,38.0,0.4915,0.1945,0.1292,327,2352,0.1,0.2,30
50,25,false,,0.0977840841267915,0.08656919556365819,-0.01451816451020728,8,4,1.0,29.0,0.44934172867773325,0.09215798511734402,0.093,327,2352,0.1,0.2,30
60,30,true,,0.0784858683708943,0.1497642694182848,0.06184086014107042,46,46,36.0,58.0,0.8372513562386981,0.0,0.05,327,2352,0.1,0.2,30
20,10,false,,0.14037050481226523,0.1374380074029911,-0.006268053096543658,12,16,1.0,19.0,0.4849416103257529,0.0,0.3108,328,2353,0.1,0.2,30
30,15,false,,0.11146620429548135,0.14563370080497778,0.043212912342738205,22,28,3.0,29.0,0.5958724202626642,0.2052532833020638,0.253,328,2353,0.1,0.2,30
40,20,false,,0.11684842349353419,0.15699085776660743,0.053088310052030685,30,33,2.0,39.0,0.5877862595419847,0.3446019629225736,0.2724,328,2353,0.1,0.2,30
50,25,true,,0.1257248382469004,0.2815690782830627,0.15483523362032242,40,41,5.0,48.0,0.7819420783645656,0.14173764906303238,0.2726,328,2353,0.1,0.2,30
20,10,false,,0.12476856255152234,0.3843226630615451,0.2680293027820828,15,16,4.0,19.0,0.8460356484326982,0.0,0.321,329,2354,0.1,0.2,30
30,15,false,,0.13328919557526958,0.1363654266220772,0.018483736981529386,17,26,1.0,29.0,0.5277397260273973,0.16267123287671234,0.26,329,2354,0.1,0.2,30
40,20,false,,0.12436941567599134,0.1458628053161461,0.03535586167244151,29,34,1.0,39.0,0.5815681902638424,0.18729096989966554,0.2626,329,2354,0.1,0.2,30
50,25,false,,0.12398340510421417,0.4104807150934904,0.28790380311363806,45,46,37.0,49.0,0.8889290882778582,0.0,0.2344,329,2354,0.1,0.2,30
60,30,true,,0.13483024158539522,0.22888581513844689,0.10574234501678911,41,40,1.0,58.0,0.7633234028467395,0.05759682224428997,0.2052,329,2354,0.1,0.2,30
20,10,false,,0.11583792994243981,0.5392528632644169,0.4263217975504209,16,16,6.0,19.0,0.9049029285949326,0.0,0.301,330,2355,0.1,0.2,30
30,15,false,,0.12892419524759896,0.2845391520430017,0.1853771023427614,20,26,1.0,29.0,0.604258443465492,0.22320117474302498,0.262,330,2355,0.1,0.2,30
40,20,false,,0.12539438209128773,0.15163185067623652,0.03553168110517482,26,39,2.0,39.0,0.6238795267120831,0.21154535675869487,0.2718,330,2355,0.1,0.2,30
50,25,false,,0.13489539169696663,0.12176533327599236,-0.01878744472246001,12,7,1.0,41.0,0.4286713286713287,0.08356643356643356,0.2444,330,2355,0.1,0.2,30
60,30,false,,0.14511385942369442,0.13818875466103933,-0.0035983156021532903,15,1,1.0,44.0,0.48140350877192983,0.0943859649122807,0.1988,330,2355,0.1,0.2,30
20,10,false,,0.10763165160252507,0.14933752930369784,0.06684290425435524,13,16,1.0,19.0,0.6048914915604547,0.0,0.2966,331,2356,0.1,0.2,30
30,15,true,,0.11426487297838958,0.23217347701544155,0.1344860755972418,24,26,9.0,29.0,0.740341106856944,0.24956491472328576,0.2734,331,2356,0.1,0.2,30
20,10,true,,0.13527212325771107,0.2863734299450023,0.16933585595986542,14,16,2.0,19.0,0.7898977378370003,0.0,0.321,332,2357,0.1,0.2,30
20,10,false,,0.0527965181844686,0.35484029729616956,0.31715451843339904,15,16,1.0,19.0,0.8206997084548106,0.0,0.1436,333,2358,0.1,0.2,30
30,15,false,,0.05737692350190612,0.09654540575967227,0.045142719813749725,14,18,2.0,28.0,0.6927744070601214,0.08714837286265857,0.0982,333,2358,0.1,0.2,30
40,20,true,,0.04837930090814316,0.46675264632989566,0.40106844329570196,34,35,13.0,39.0,0.9761015683345781,0.1299477221807319,0.0454,333,2358,0.1,0.2,30
20,10,false,,0.1426186395447719,0.11443660527686333,-0.037346956464458514,8,1,1.0,19.0,0.420462270564242,0.0,0.301,334,2359,0.1,0.2,30
30,15,false,,0.10581378098903403,0.15897617733924033,0.06758249415648906,21,25,1.0,29.0,0.5872949095498528,0.16575515355490114,0.2098,334,2359,0.1,0.2,30
40,20,true,,0.10122269955138063,0.2132971432508056,0.10857014656410542,31,36,7.0,39.0,0.7785397337636144,0.3126260588947156,0.2728,334,2359,0.1,0.2,30
20,10,false,,0.20222621965571322,0.12880059401678154,-0.10194155865819005,5,2,1.0,19.0,0.3583662714097497,0.0,0.2794,335,2360,0.1,0.2,30
30,15,false,,0.21409146353401867,0.11375989335405991,-0.11119752863345483,5,3,1.0,26.0,0.2858110396207247,0.024720623095157466,0.2628,335,2360,0.1,0.2,30
40,20,true,,0.12302112487531473,0.26037109337267134,0.15165210124600875,32,35,3.0,39.0,0.734402230742419,0.13942140118508192,0.256,335,2360,0.1,0.2,30
20,10,false,,0.13865271391420728,0.17208869371701743,0.05538872554502687,13,16,1.0,19.0,0.6104134762633997,0.0,0.3188,336,2361,0.1,0.2,30
30,15,false,,0.12196155161315352,0.13692711520359208,0.028844605120557254,20,27,2.0,29.0,0.5666324083590271,0.1555327166837958,0.2866,336,2361,0.1,0.2,30
40,20,false,,0.13145999031282207,0.17474959835966958,0.06390313650831307,30,37,1.0,39.0,0.5937157471684326,0.1731823164048228,0.2522,336,2361,0.1,0.2,30
50,25,false,,0.14032849525480556,0.20175876445937696,0.08416780494536495,35,46,1.0,49.0,0.5808689302665206,0.04454180357794816,0.2182,336,2361,0.1,0.2,30
60,30,true,,0.1353760507561729,0.3604453670063765,0.22793344110993957,51,53,32.0,58.0,0.9365805818895063,0.022229486760379207,0.2106,336,2361,0.1,0.2,30
20,10,false,,0.11522628806339999,0.20228376097519332,0.11569061285084073,11,2,1.0,19.0,0.6618407445708376,0.0,0.286,337,2362,0.1,0.2,30
30,15,false,,0.11765560577454003,0.15736465165300056,0.04424691909288744,21,24,2.0,29.0,0.6539235412474849,0.14285714285714285,0.296,337,2362,0.1,0.2,30
40,20,true,,0.12739531516717878,0.20522360549465912,0.08370505665508393,29,36,10.0,39.0,0.7087876844130853,0.3133418858242463,0.2816,337,2362,0.1,0.2,30
20,10,false,,0.10045876629211735,0.13906107229449186,0.04402695639127294,14,17,2.0,19.0,0.6238624873609707,0.0,0.3074,338,2363,0.1,0.2,30
30,15,false,,0.1740593458156564,0.09579012600767081,-0.07939512409312446,5,1,1.0,26.0,0.2938479174627436,0.02330913259457394,0.2654,338,2363,0.1,0.2,30
40,20,true,,0.1108890361062936,0.3522927879188346,0.25093593753011856,31,35,4.0,39.0,0.8137364688316536,0.2877939529675252,0.2802,338,2363,0.1,0.2,30
20,10,false,,0.1334209440907333,0.3772258694699676,0.2304329929645786,15,16,6.0,19.0,0.7995049504950495,0.0,0.3018,339,2364,0.1,0.2,30
30,15,false,,0.13119981288073285,0.11516654510914279,-0.0205400437543554,17,1,1.0,29.0,0.4478951000690131,0.13940648723257418,0.2774,339,2364,0.1,0.2,30
40,20,false,,0.11769981510193517,0.15075602474810612,0.03537403954041843,30,36,8.0,39.0,0.5974473956536737,0.3377026560883063,0.2718,339,2364,0.1,0.2,30
50,25,false,,0.1252802523108551,0.16617890419024506,0.05331270593435494,41,44,5.0,49.0,0.6667842031029619,0.0768688293370945,0.2306,339,2364,0.1,0.2,30
60,30,true,,0.136486705171759,0.37812509053686244,0.24695881595862793,49,52,30.0,58.0,0.927818588310444,0.043755988502076015,0.2036,339,2364,0.1,0.2,30
20,10,true,,0.0870283492553986,0.24105542435142996,0.16696340455899408,14,16,2.0,19.0,0.8118335053319573,0.0,0.3136,340,2365,0.1,0.2,30
20,10,false,,0.0857670981247289,0.459708754135826,0.3621061242331275,15,16,1.0,19.0,0.8597991818519896,0.0,0.2868,341,2366,0.1,0.2,30
30,15,true,,0.09944612320174766,0.18888499692457345,0.09990648495635088,21,26,3.0,29.0,0.714600146735143,0.17828319882611884,0.2974,341,2366,0.1,0.2,30
20,10,false,,0.08818813566219967,0.11501622889051388,0.034178016073372994,10,1,1.0,19.0,0.5510204081632653,0.0,0.1824,342,2367,0.1,0.2,30
30,15,false,,0.07141527291607189,0.09398112666435084,0.017602625469135602,13,4,1.0,29.0,0.5706521739130435,0.1331521739130435,0.1218,342,2367,0.1,0.2,30
40,20,false,,0.06066639822508669,0.4843871518370767,0.397332593573328,36,38,23.0,39.0,0.9594594594594594,0.19294294294294295,0.0534,342,2367,0.1,0.2,30
50,25,false,,0.072787267021679,0.12436921195760035,0.0698485328517035,46,45,39.0,49.0,0.766531713900135,0.0,0.0394,342,2367,0.1,0.2,30
60,30,true,,0.06172924472541187,0.0668705720967166,0.006726740407518764,27,29,19.75,31.0,0.7521008403361344,0.5063025210084033,0.0076,342,2367,0.1,0.2,30
20,10,false,,0.1166337380790959,0.20298325028287018,0.1009134213350479,14,16,2.299999999999997,19.0,0.6712416214490903,0.0,0.3048,343,2368,0.1,0.2,30
30,15,false,,0.15419442408945602,0.09037810733545958,-0.08961502823794512,7,2,1.0,29.0,0.25949605114704777,0.0571643474990598,0.2424,343,2368,0.1,0.2,30
40,20,false,,0.12108698666919251,0.13258574268269818,0.02355982559672949,14,3,2.0,38.0,0.5779106577558917,0.14737952866690116,0.2684,343,2368,0.1,0.2,30
50,25,true,,0.13302319731556125,0.4224970248179577,0.2944064462771969,44,45,27.0,49.0,0.9111261872455902,0.08276797829036635,0.2368,343,2368,0.1,0.2,30
20,10,false,,0.11370795795117013,0.5392970288863697,0.4193497048622824,15,16,3.0,19.0,0.8073572120038722,0.0,0.3114,344,2369,0.1,0.2,30
30,15,true,,0.11135620412861783,0.328078860324411,0.22785120674238546,24,26,4.0,29.0,0.7572886297376094,0.2660349854227405,0.275,344,2369,0.1,0.2,30
20,10,false,,0.09323533431871234,0.39021262465543066,0.3002960117668913,15,16,3.0,19.0,0.8113740727658071,0.0,0.302,345,2370,0.1,0.2,30
30,15,true,,0.1017454030090088,0.21089498151140923,0.11121262649741881,21,25,2.0,29.0,0.7419354838709677,0.1638857990359659,0.2862,345,2370,0.1,0.2,30
20,10,false,,0.1532954832719942,0.12294725108479697,-0.02420916945642134,6,1,1.0,17.0,0.4596774193548387,0.0,0.2588,346,2371,0.1,0.2,30
30,15,false,,0.10612057685717467,0.14955305932699992,0.054317969121319615,17,26,1.0,29.0,0.6217169737357899,0.13837710701685613,0.2606,346,2371,0.1,0.2,30
40,20,false,,0.13681926475794,0.11640151277430083,-0.03272606993556315,9,1,1.0,36.0,0.42654934965570007,0.11744452945677124,0.2524,346,2371,0.1,0.2,30
50,25,true,,0.12290277784673999,0.3777270741911168,0.2535707488244829,42,46,25.0,49.0,0.8938428874734607,0.1716206652512385,0.2506,346,2371,0.1,0.2,30
20,10,false,,0.09464072468650306,0.1565404929720951,0.07393985002183323,12,15,1.0,19.0,0.6348039215686274,0.0,0.3066,347,2372,0.1,0.2,30
30,15,false,,0.1313480799992346,0.17007070176652117,0.06730173607084353,14,1,1.0,28.0,0.5864091065884788,0.11314246291824767,0.2748,347,2372,0.1,0.2,30
40,20,false,,0.14686968715851495,0.13068288979226106,-0.018664095220341778,15,3,1.0,38.0,0.4540850776502363,0.10769750168804862,0.2752,347,2372,0.1,0.2,30
50,25,true,,0.13867484674516956,0.22833829783309167,0.11099740171127401,32,45,3.0,49.0,0.7833441769681198,0.13890696161353286,0.2416,347,2372,0.1,0.2,30
20,10,false,,0.09083304900419333,0.27491663340934125,0.1884004883697106,15,16,2.0,19.0,0.7509266123054115,0.0,0.295,348,2373,0.1,0.2,30
30,15,false,,0.12460435376724581,0.11200546102370584,-0.011587637759637046,9,1,1.0,28.0,0.47876004592422505,0.07233065442020666,0.2726,348,2373,0.1,0.2,30
40,20,false,,0.11594159077154771,0.15645593401306035,0.06613251943412812,29,33,1.0,39.0,0.6596397087006516,0.2479877347642775,0.277,348,2373,0.1,0.2,30
50,25,true,,0.12002639339782147,0.6258866608566702,0.5007301948857368,43,44,30.0,49.0,0.9299363057324841,0.06893967778194081,0.246,348,2373,0.1,0.2,30
20,10,false,,0.13943834810311445,0.3013611803335693,0.17276466303844562,15,16,2.0,19.0,0.6770089978281104,0.0,0.3098,349,2374,0.1,0.2,30
30,15,false,,0.13683227348688315,0.10046496422335376,-0.04884057994777584,18,26,1.0,29.0,0.3827669069687607,0.17404737384140062,0.2538,349,2374,0.1,0.2,30
40,20,false,,0.1832199728689984,0.11468207254482657,-0.08105501737419261,7,4,1.0,20.0,0.28998302207130733,0.00033955857385398983,0.2716,349,2374,0.1,0.2,30
50,25,false,,0.14634251481144445,0.149590949837999,0.006046042676448732,12,3,1.0,42.0,0.5125,0.1,0.245,349,2374,0.1,0.2,30
60,30,true,,0.1465694373509247,0.3302019224695989,0.19231908801822528,48,58,24.0,59.0,0.9369244935543278,0.08103130755064457,0.1186,349,2374,0.1,0.2,30
20,10,false,,0.15382123045245522,0.12054090787242856,-0.05028882841165529,7,1,1.0,18.0,0.38939197930142305,0.0,0.2808,350,2375,0.1,0.2,30
30,15,false,,0.1173575489655086,0.1359311467299045,0.024921124263203448,20,26,1.0,29.0,0.5470819906910133,0.13963480128893663,0.2682,350,2375,0.1,0.2,30
40,20,true,,0.11731516928946494,0.49382512697447717,0.37989331527059134,34,35,18.0,39.0,0.9184182401140008,0.36765229782686143,0.2642,350,2375,0.1,0.2,30
20,10,false,,0.12667793442466052,0.15780032390832055,0.053935577099654644,9,1,1.0,19.0,0.5643669985775249,0.0,0.2782,351,2376,0.1,0.2,30
30,15,false,,0.11489883780103928,0.1472768066188457,0.051347836564714144,14,5,1.0,29.0,0.6122664786746563,0.11314769122312301,0.2798,351,2376,0.1,0.2,30
40,20,true,,0.1097488154245123,0.30002078117240627,0.18770637672914617,32,35,10.0,39.0,0.7625379939209727,0.3256079027355623,0.2728,351,2376,0.1,0.2,30
20,10,true,,0.08661067230235223,0.1873058150322426,0.10745612186243028,14,16,2.0,19.0,0.7465825446898002,0.0,0.2852,352,2377,0.1,0.2,30
20,10,false,,0.08827881896219866,0.6490607660046325,0.5623970000930327,16,16,3.0,19.0,0.9034635224760501,0.0,0.2888,353,2378,0.1,0.2,30
30,15,false,,0.10337610531385921,0.1655154958858962,0.07416546775682498,21,25,2.0,29.0,0.6938931297709924,0.17862595419847327,0.2866,353,2378,0.1,0.2,30
40,20,false,,0.12299247682189642,0.13001879742338865,0.016890401322833794,22,2,2.0,38.0,0.5383787661406025,0.19870875179340028,0.257,353,2378,0.1,0.2,30
50,25,true,,0.12854068600629884,0.23637075002715865,0.12195317155524943,35,45,1.0,48.0,0.7774348422496571,0.102880658436214,0.2442,353,2378,0.1,0.2,30
20,10,false,,0.11498115053501687,0.15881778519372755,0.05972639713832169,10,16,1.0,19.0,0.6226171243941842,0.0,0.311,354,2379,0.1,0.2,30
30,15,false,,0.10992476935705614,0.14974804211763967,0.05200841005660836,19,26,2.0,29.0,0.6291012838801712,0.14514978601997147,0.2712,354,2379,0.1,0.2,30
40,20,false,,0.126517958665713,0.11087235232679124,-0.011763382152060409,10,4,1.0,35.0,0.46023369770071615,0.0938560120618168,0.2648,354,2379,0.1,0.2,30
50,25,false,,0.5487807202264757,0.11113632009730996,-0.44888426391241654,3,1,1.0,16.0,0.08098006644518273,0.0,0.1732,354,2379,0.1,0.2,30
60,30,true,,0.4804144966114348,0.5162848353710996,0.03587033875966478,10,10,10.0,10.0,1.0,0.0,0.0002,354,2379,0.1,0.2,30
20,10,true,,0.1424591725526317,0.28495288692838994,0.16074119459106903,14,17,2.0,19.0,0.7597950572634117,0.0,0.3206,355,2380,0.1,0.2,30
20,10,false,,0.10412591988850098,0.09950951351394453,0.008657051086459068,9,2,1.0,19.0,0.523302752293578,0.0,0.2774,356,2381,0.1,0.2,30
30,15,false,,0.1096475543299403,0.11860413752441269,0.016329489075627743,14,2,1.0,28.0,0.5413934426229509,0.1069672131147541,0.2372,356,2381,0.1,0.2,30
40,20,false,,0.12222540050592509,0.1322766488560833,0.02626435448868164,11,4,1.0,39.0,0.5592960979342004,0.1090283091048202,0.2746,356,2381,0.1,0.2,30
50,25,true,,0.12167752213891414,0.5246765724964583,0.4040797544371952,42,44,19.0,49.0,0.8547322083639032,0.1078503301540719,0.264,356,2381,0.1,0.2,30
20,10,true,,0.08410320517929935,0.1582855735199587,0.08368618048531429,11,15,1.0,19.0,0.7169943820224719,0.0,0.296,357,2382,0.1,0.2,30
20,10,false,,0.17817896840679062,0.13834501016361028,-0.056242699578586075,8,3,1.0,19.0,0.39061566049013746,0.0,0.3306,358,2383,0.1,0.2,30
30,15,false,,0.15394707757734058,0.13928826795444008,-0.020713766016774604,19,27,1.0,29.0,0.4698634698634699,0.2191142191142191,0.2634,358,2383,0.1,0.2,30
40,20,false,,0.1585535899479545,0.12415713474651101,-0.04637555227706658,15,2,1.0,38.0,0.43001079525008995,0.17092479309103994,0.2284,358,2383,0.1,0.2,30
50,25,true,,0.1357248337215353,0.21603079297629169,0.09628620095508897,35,42,2.0,49.0,0.7178571428571429,0.07467532467532467,0.2344,358,2383,0.1,0.2,30
20,10,false,,0.09646736367492123,0.13746609144716262,0.05415146269260114,11,17,1.0,19.0,0.5998591053187742,0.0,0.286,359,2384,0.1,0.2,30
30,15,true,,0.11902658476931846,0.18216832925417686,0.08225294155496224,21,24,3.0,29.0,0.7273018928456849,0.1475777991658646,0.2932,359,2384,0.1,0.2,30
20,10,false,,0.12031897816900594,0.3321453976088382,0.25517100489074923,15,1,1.0,19.0,0.5685632419156774,0.0,0.2146,360,2385,0.1,0.2,30
30,15,false,,0.12713948081830567,0.10302839920348728,-0.024224018656121872,9,1,1.0,28.0,0.43093699515347333,0.08077544426494346,0.2602,360,2385,0.1,0.2,30
40,20,true,,0.10971729689909315,0.23317319960202523,0.13428331057791398,32,35,4.0,39.0,0.7258863896301945,0.3556995806328631,0.266,360,2385,0.1,0.2,30
20,10,false,,0.17030687879954595,0.0786510370959461,-0.12270930315566039,4,1,1.0,18.0,0.3577941815023882,0.0,0.2046,361,2386,0.1,0.2,30
30,15,false,,0.10985311075119654,0.12803043076977977,0.020714519633629233,17,21,2.0,29.0,0.5620360551431601,0.10993283845881938,0.2814,361,2386,0.1,0.2,30
40,20,true,,0.12126516506763259,0.4810572816059213,0.3731832494864943,33,36,6.0,39.0,0.8108493932905068,0.27480371163454675,0.2658,361,2386,0.1,0.2,30
20,10,false,,0.1488126246594987,0.1389517473321183,-0.011452945113098467,13,16,1.0,19.0,0.48330683624801274,0.0,0.2936,362,2387,0.1,0.2,30
30,15,false,,0.12976704903727987,0.1325265371135374,0.011719081639291404,11,6,1.0,28.0,0.5275564409030544,0.07403718459495352,0.2934,362,2387,0.1,0.2,30
40,20,true,,0.11217848794563692,0.45438549388293453,0.3498778496412559,34,36,14.0,39.0,0.9060377358490566,0.28226415094339624,0.2588,362,2387,0.1,0.2,30
20,10,true,,0.12802075809523303,0.2508156787534163,0.14070704850577875,13,15,2.0,19.0,0.743796711509716,0.0,0.3242,363,2388,0.1,0.2,30
20,10,false,,0.116285641062299,0.13022508856486642,0.0188736539688934,11,5,1.0,19.0,0.5519901265041653,0.0,0.3296,364,2389,0.1,0.2,30
30,15,true,,0.11133628398369008,0.27706718132961516,0.18580363957998713,23,26,1.0,29.0,0.7559808612440191,0.22267206477732793,0.2808,364,2389,0.1,0.2,30
20,10,false,,0.11267371815054468,0.1822373385438526,0.09563568562396191,13,16,1.0,19.0,0.5959741193386053,0.0,0.2598,365,2390,0.1,0.2,30
30,15,false,,0.10905916815292384,0.15064802016541795,0.056640757389442936,21,25,2.0,29.0,0.6043002640513014,0.16333459072048284,0.2868,365,2390,0.1,0.2,30
40,20,true,,0.11598456403925705,0.5577832572090955,0.4465433972133567,33,35,9.0,39.0,0.8872207982424021,0.26583668985719516,0.2674,365,2390,0.1,0.2,30
20,10,true,,0.10928751938224515,0.3693469623111691,0.2741575608879573,14,16,1.0,19.0,0.7829902126223423,0.0,0.2994,366,2391,0.1,0.2,30
20,10,false,,0.09936175861581611,0.4464252927843559,0.34422233992973783,15,17,2.0,19.0,0.7868852459016393,0.0,0.2854,367,2392,0.1,0.2,30
30,15,false,,0.10907980348279611,0.1388656942469483,0.03157418207333066,22,26,3.0,29.0,0.597466572836031,0.16819141449683322,0.2812,367,2392,0.1,0.2,30
40,20,false,,0.11979040187960437,0.1422489270848331,0.03564843171902164,17,37,1.0,39.0,0.6434163701067616,0.17153024911032028,0.2612,367,2392,0.1,0.2,30
50,25,true,,0.12915712470197452,0.39669823095488044,0.26772238240910184,43,46,31.0,49.0,0.8922813036020584,0.07547169811320754,0.2476,367,2392,0.1,0.2,30
20,10,false,,0.13966213281474937,0.2132811461561146,0.09116943804171558,14,16,2.0,19.0,0.6856443220079583,0.0,0.318,368,2393,0.1,0.2,30
30,15,false,,0.12991342494437166,0.11568290314731164,-0.012966382154484674,18,26,2.0,29.0,0.46440677966101696,0.17288135593220338,0.2556,368,2393,0.1,0.2,30
40,20,false,,0.11794796580267727,0.20294569677242133,0.09913457561853903,31,35,2.0,39.0,0.6269781461944235,0.2750565184626978,0.2568,368,2393,0.1,0.2,30
50,25,true,,0.1207060812360744,0.3822370934369932,0.26475901016628905,43,45,3.0,49.0,0.8151447661469933,0.02969561989606533,0.2586,368,2393,0.1,0.2,30
20,10,false,,0.11110600580493536,0.1934941561157043,0.09815157401964109,13,16,2.0,19.0,0.6704071817890349,0.0,0.3042,369,2394,0.1,0.2,30
30,15,false,,0.11927497394109547,0.14755553998619322,0.04611029210168208,18,3,1.0,29.0,0.5751610594130279,0.11274158911954188,0.291,369,2394,0.1,0.2,30
40,20,true,,0.11232402912721721,0.257630735992926,0.15580310215016285,31,36,4.0,39.0,0.7341490545050056,0.22617723396366332,0.2744,369,2394,0.1,0.2,30
20,10,false,,0.08924668115673438,0.29472552782376443,0.19473779080950437,15,16,1.0,19.0,0.743282498184459,0.0,0.2792,370,2395,0.1,0.2,30
30,15,false,,0.10830037135362357,0.09817520420734335,-0.00907990414787612,16,25,1.0,28.0,0.47619047619047616,0.09722222222222222,0.2504,370,2395,0.1,0.2,30
40,20,true,,0.1098293383615063,0.243027749394301,0.13547321500925108,34,36,21.0,39.0,0.7451904201020809,0.38790734197094623,0.2802,370,2395,0.1,0.2,30
20,10,false,,0.12080441258370254,0.0921704477605002,-0.027109443204396518,6,1,1.0,19.0,0.4370341310317772,0.0,0.2632,371,2396,0.1,0.2,30
30,15,false,,0.09536916236676132,0.16756212493336198,0.1006612675922382,19,25,1.0,29.0,0.6846062524732884,0.148397309062129,0.2864,371,2396,0.1,0.2,30
40,20,false,,0.1140254771272288,0.10644422885489555,-0.008242532535716302,17,38,2.0,38.0,0.47790169351507644,0.14043783560512185,0.244,371,2396,0.1,0.2,30
50,25,false,,0.11465203453693798,0.20789878327022124,0.10886014012642711,36,46,2.0,49.0,0.6724068882659191,0.11734080897076492,0.2502,371,2396,0.1,0.2,30
60,30,true,,0.12665774739832728,0.3814096687579898,0.25785013884098235,48,55,2.0,58.0,0.7205304518664047,0.03388998035363458,0.1582,371,2396,0.1,0.2,30
20,10,false,,0.1038439340154236,0.12734985568774326,0.023115432674613717,13,18,1.0,19.0,0.5508208173244848,0.0,0.2836,372,2397,0.1,0.2,30
30,15,false,,0.11270490204716217,0.7496067666680956,0.63844557815562,26,26,15.0,29.0,0.9422156790577844,0.3603238866396761,0.2718,372,2397,0.1,0.2,30
40,20,false,,0.11646153726308872,0.14342736077389853,0.039127749772677245,26,36,2.0,38.0,0.5914567360350493,0.2435195326761592,0.2734,372,2397,0.1,0.2,30
50,25,false,,0.16924720408807295,0.11714281259893655,-0.0642192358659191,6,3,1.0,37.0,0.3622016936104696,0.04888375673595073,0.2296,372,2397,0.1,0.2,30
60,30,true,,0.1293325564186916,0.23968500674485388,0.12131230745248713,45,56,26.0,58.0,0.8372252747252747,0.125,0.2266,372,2397,0.1,0.2,30
20,10,false,,0.14097399040402167,0.45956831788466745,0.3218198442474058,15,16,3.0,19.0,0.7333757556474706,0.0,0.288,373,2398,0.1,0.2,30
30,15,false,,0.3312854931575552,0.0916546179904066,-0.23516144411446005,4,3,1.0,13.0,0.08353637312913331,0.0,0.2372,373,2398,0.1,0.2,30
40,20,false,,0.1936741043296279,0.10882754018535358,-0.09551775742436643,6,2,1.0,33.0,0.24734848484848485,0.06098484848484848,0.2132,373,2398,0.1,0.2,30
50,25,false,,0.12734099902165494,0.17892184901675595,0.06281767600329868,38,43,2.0,49.0,0.65,0.0937062937062937,0.2366,373,2398,0.1,0.2,30
60,30,true,,0.13106949813055405,0.38028334697765614,0.25043025802635044,50,53,28.0,59.0,0.9207753898019385,0.18752633796881585,0.1418,373,2398,0.1,0.2,30
20,10,false,,0.08559072796616507,0.16064483695977905,0.0857431755188828,12,15,1.0,19.0,0.6761471368979901,0.0,0.2734,374,2399,0.1,0.2,30
30,15,false,,0.09679187510037897,0.475403432391344,0.3728897804783212,25,26,8.0,29.0,0.873422712933754,0.2886435331230284,0.2924,374,2399,0.1,0.2,30
40,20,false,,0.11893497986240753,0.16774652369798107,0.06704652984058782,22,3,1.0,38.0,0.6774427896839811,0.2168543407192154,0.2912,374,2399,0.1,0.2,30
50,25,false,,0.12240728462947342,0.16183862756252726,0.05718441143002309,20,8,2.0,43.0,0.6891663854201823,0.1302733715828552,0.273,374,2399,0.1,0.2,30
60,30,true,,0.1138917491276854,0.15844007455008163,0.06132582467370942,15,12,2.0,41.05000000000018,0.754421768707483,0.13231292517006804,0.2304,374,2399,0.1,0.2,30
20,10,false,,0.11155540751780632,0.12901667893250976,0.020653291424048856,10,8,1.0,18.0,0.5474929928371224,0.0,0.3254,375,2400,0.1,0.2,30
30,15,false,,0.10080392430635812,0.15231400985553864,0.06658437257800962,21,26,2.0,29.0,0.6372881355932203,0.16233521657250471,0.259,375,2400,0.1,0.2,30
40,20,false,,0.11604777428209913,0.10842125688224045,-0.003082629313381352,28,28,3.0,39.0,0.4871287128712871,0.2958415841584158,0.2572,375,2400,0.1,0.2,30
50,25,false,,0.11730698661083983,0.1289871551837934,0.02834257181068399,20,9,3.0,48.0,0.5953292496171516,0.13361408882082695,0.265,375,2400,0.1,0.2,30
60,30,false,,0.1638166401964629,0.11993617032482454,-0.050631113348020645,7,1,1.0,22.0,0.3424938474159147,0.005332239540607055,0.206,375,2400,0.1,0.2,30
20,10,false,,0.061114710403954775,0.09804946036540274,0.046894250407966326,11,2,1.0,19.0,0.5953379953379954,0.0,0.148,376,2401,0.1,0.2,30
30,15,false,,0.7752023212902066,0.041663370661763253,-0.7343039697151761,1,1,1.0,6.0,0.05196850393700787,0.0,0.0406,376,2401,0.1,0.2,30
40,20,false,,0.12922063123277372,0.046480760632693435,-0.08906785961020168,3,1,1.0,12.0,0.27120315581854043,0.0,0.0264,376,2401,0.1,0.2,30
50,25,false,,0.5763874042322292,0.04005398704313527,-0.5397518027157153,2,2,1.0,4.0,0.0,0.0,0.0158,376,2401,0.1,0.2,30
60,30,false,,0.47351545833534814,0.4980188551464982,0.024503396811150074,15,15,15.0,15.0,0.5,0.0,0.0002,376,2401,0.1,0.2,30
20,10,false,,0.16698272765346592,0.05879956710450865,-0.10938077565374008,5,5,1.0,17.0,0.18888144675150703,0.0,0.2638,377,2402,0.1,0.2,30
30,15,false,,0.1393020550641449,0.1102172328532159,-0.028696337114721443,12,3,1.0,29.0,0.4580335731414868,0.14828137490007995,0.2414,377,2402,0.1,0.2,30
40,20,false,,0.12671329951441457,0.13194891272411363,0.012131788725424447,24,36,2.0,39.0,0.5294806716126513,0.15228426395939088,0.2648,377,2402,0.1,0.2,30
50,25,true,,0.11491914359372184,0.1918518189858051,0.07920888055826497,40,44,6.0,49.0,0.7327137546468402,0.0691449814126394,0.2906,377,2402,0.1,0.2,30
20,10,false,,0.10445895737747615,0.17753677118279676,0.10368459315859002,12,1,1.0,19.0,0.6462559940981187,0.0,0.2696,378,2403,0.1,0.2,30
30,15,false,,0.10136863430295343,0.16613581130044378,0.07714839693009799,23,26,2.0,29.0,0.6719242902208202,0.1920347003154574,0.2604,378,2403,0.1,0.2,30
40,20,false,,0.127480659927247,0.1333839574205405,0.012257671287780408,25,34,1.0,39.0,0.5142522452167122,0.1967981257321359,0.2842,378,2403,0.1,0.2,30
50,25,false,,0.15332731330762314,0.12079557128740334,-0.022918473942086556,8,5,1.0,48.0,0.4568190699491989,0.009769441187964049,0.2696,378,2403,0.1,0.2,30
60,30,true,,0.12288078120444192,0.24100026215014778,0.12454118986876031,47,49,4.0,59.0,0.7727108215707564,0.025696706478465437,0.2464,378,2403,0.1,0.2,30
20,10,false,,0.10692183013482284,0.1322583771477187,0.02970477702672935,12,16,1.0,19.0,0.5609337452797803,0.0,0.2838,379,2404,0.1,0.2,30
30,15,false,,0.10464955068451899,0.1483464480829581,0.06280098540877721,14,5,2.0,28.0,0.6718806838850491,0.10294652600945799,0.2874,379,2404,0.1,0.2,30
40,20,false,,0.12159231415863614,0.19010747407939513,0.08638560585013999,31,36,1.0,39.0,0.6340634441087614,0.16880664652567975,0.2538,379,2404,0.1,0.2,30
50,25,true,,0.12221212506106714,0.1828876491506269,0.08855668732062913,35,45,3.0,48.0,0.7338738103630595,0.08459640465280226,0.2536,379,2404,0.1,0.2,30
20,10,false,,0.16690059538559826,0.14784583573462814,-0.022024306921900216,11,15,1.0,19.0,0.44901664145234493,0.0,0.3072,380,2405,0.1,0.2,30
30,15,false,,0.17555178140629868,0.11909853310194295,-0.080550819754457,10,3,1.0,28.0,0.3019961365099807,0.07662588538312942,0.236,380,2405,0.1,0.2,30
40,20,false,,0.1457787866986998,0.23575025716166503,0.09600487792568266,32,35,1.0,39.0,0.6503698938565455,0.2302991315535542,0.2482,380,2405,0.1,0.2,30
50,25,false,,0.15089069394965673,0.18139980223897245,0.048812154657487616,26,30,2.0,47.0,0.6514387422129931,0.15722337585286264,0.2524,380,2405,0.1,0.2,30
60,30,true,,0.14213111274824536,0.2046796654382965,0.08188765268810827,27,30,2.0,49.82499999999982,0.8173076923076923,0.20973557692307693,0.2238,380,2405,0.1,0.2,30
20,10,false,,0.1291569108112849,0.15873009380557143,0.04850519635883887,11,16,1.0,19.0,0.5734924623115578,0.0,0.2808,381,2406,0.1,0.2,30
30,15,false,,0.14486846822297697,0.12377716111836684,-0.02440043902164575,13,1,1.0,29.0,0.4513089005235602,0.12530541012216406,0.2726,381,2406,0.1,0.2,30
40,20,false,,0.12289664178822737,0.1355397276218323,0.023224877501761707,21,35,3.0,38.0,0.5472312703583062,0.1885631559898661,0.2634,381,2406,0.1,0.2,30
50,25,true,,0.12754862646429502,0.23740035197193274,0.12066104521203393,40,42,4.0,48.0,0.7527069507509605,0.11037373384561648,0.2396,381,2406,0.1,0.2,30
20,10,false,,0.0787209302105258,0.0979076923602711,0.037037487242445766,10,16,1.0,19.0,0.5961132234896493,0.0,0.2324,382,2407,0.1,0.2,30
30,15,false,,0.11093956645892507,0.10751792989020371,0.004182231929855923,11,1,1.0,28.0,0.5083886071010535,0.05657432696059306,0.247,382,2407,0.1,0.2,30
40,20,true,,0.10903577022628944,0.21159112279563863,0.13843539988747797,29,37,2.0,39.0,0.75357280803399,0.19042101197373504,0.2656,382,2407,0.1,0.2,30
20,10,false,,0.08304650329834483,0.16103294160469409,0.1064545381403894,11,16,1.0,19.0,0.6832699619771863,0.0,0.2798,383,2408,0.1,0.2,30
30,15,false,,0.11054323794870032,0.09789128594450056,-0.015722206488086962,11,2,1.0,28.0,0.45808263136782995,0.06578419574809466,0.2772,383,2408,0.1,0.2,30
40,20,false,,0.15096877471885325,0.11233887747447098,-0.03386833978242011,9,2,1.0,37.0,0.4394981788749494,0.06920275192229866,0.263,383,2408,0.1,0.2,30
50,25,false,,0.24027590228510604,0.10288726891451493,-0.1335299818978103,6,1,1.0,19.0,0.25852036575228593,0.0,0.2382,383,2408,0.1,0.2,30
60,30,true,,0.12130537241305335,0.44526654106587793,0.3213587825529642,50,54,14.0,59.0,0.9557007988380537,0.03957879448075526,0.2246,383,2408,0.1,0.2,30
20,10,false,,0.12094789844375782,0.1456149822232975,0.04798823488818523,11,1,1.0,19.0,0.5723928450894363,0.0,0.2828,384,2409,0.1,0.2,30
30,15,false,,0.10377218541080616,0.14677738149177083,0.056688202460607656,18,27,2.0,29.0,0.6703890489913544,0.15021613832853026,0.2944,384,2409,0.1,0.2,30
40,20,false,,0.12660800847798964,0.18729097051484417,0.08386318895624587,28,34,1.0,39.0,0.6241685144124168,0.21914264597191427,0.2482,384,2409,0.1,0.2,30
50,25,true,,0.13215321417520512,0.219679229493334,0.10116242025999406,42,46,12.0,49.0,0.7376122381110741,0.06717658796142334,0.2386,384,2409,0.1,0.2,30
20,10,false,,0.13691032668222713,0.11947391235566009,-0.025447472804391774,12,17,1.0,19.0,0.4603448275862069,0.0,0.2674,385,2410,0.1,0.2,30
30,15,false,,0.11347455431409958,0.11296790959627673,-0.00760230424585337,17,27,1.0,29.0,0.47927656367746796,0.14544084400904295,0.2788,385,2410,0.1,0.2,30
40,20,false,,0.15021360071295728,0.11336126581741071,-0.04160751827751513,13,3,1.0,38.0,0.40873936581593195,0.1268368136117556,0.2648,385,2410,0.1,0.2,30
50,25,false,,0.15941022201828955,0.13246982815936034,-0.026522298704321975,16,1,1.0,49.0,0.4448499594484996,0.049878345498783457,0.2282,385,2410,0.1,0.2,30
60,30,true,,0.12838416240416994,0.23125859539904295,0.11694056110291617,39,51,2.0,57.0,0.8286099865047234,0.10357624831309042,0.2594,385,2410,0.1,0.2,30
20,10,false,,0.13795059770182405,0.08907775558374337,-0.06572411706034684,7,1,1.0,19.0,0.3531960996749729,0.0,0.2594,386,2411,0.1,0.2,30
30,15,false,,0.10226221693014052,0.22743819413785216,0.12453131581782627,21,26,2.0,29.0,0.6674132138857782,0.16424038820455394,0.2908,386,2411,0.1,0.2,30
40,20,false,,0.11396025100789849,0.2644887848525067,0.16641332822270383,29,36,2.0,39.0,0.6810961080222399,0.17474185861795075,0.2818,386,2411,0.1,0.2,30
50,25,false,,0.17194649636439552,0.12338957415418898,-0.07440985423650537,7,2,1.0,46.0,0.33786265148733013,0.11311053984575835,0.227,386,2411,0.1,0.2,30
60,30,true,,0.13222514631548396,0.17731137314158277,0.07815715040612913,19,5,2.0,58.0,0.7603305785123967,0.030542579949694573,0.1806,386,2411,0.1,0.2,30
20,10,false,,0.10481674153101302,0.4124581593526048,0.31027989558453994,16,16,1.0,19.0,0.7537781054183561,0.0,0.2858,387,2412,0.1,0.2,30
30,15,false,,0.37781593727875806,0.08259943117548244,-0.30700523635866606,3,1,1.0,25.0,0.2149866190900981,0.0191793041926851,0.1898,387,2412,0.1,0.2,30
40,20,false,,0.14892443768741248,0.11285712985032617,-0.04353140373987152,9,1,1.0,37.0,0.3784090909090909,0.11060606060606061,0.2688,387,2412,0.1,0.2,30
50,25,true,,0.13149338705406494,0.35561175227219743,0.25096487592275896,37,45,2.0,49.0,0.833389544688027,0.10354131534569982,0.2404,387,2412,0.1,0.2,30
20,10,false,,0.11732748702353946,0.18062434555370632,0.08130572591914889,12,17,1.0,19.0,0.6674326986211425,0.0,0.3172,388,2413,0.1,0.2,30
30,15,false,,0.106565835399955,0.15461387687167466,0.05775654681755503,21,25,2.0,29.0,0.6437592867756315,0.1723625557206538,0.287,388,2413,0.1,0.2,30
40,20,false,,0.3829264706674488,0.10129263818085815,-0.2782460707244531,4,1,1.0,37.0,0.2312,0.0468,0.2204,388,2413,0.1,0.2,30
50,25,true,,0.12762866486048877,0.6310884829368487,0.5010441920837558,44,44,29.0,49.0,0.9667630057803468,0.08706647398843931,0.2326,388,2413,0.1,0.2,30
20,10,false,,0.13037048951298993,0.1611429019639286,0.0559275564958842,12,17,1.0,19.0,0.60286336756925,0.0,0.3026,389,2414,0.1,0.2,30
30,15,false,,0.1342421830983777,0.1739765778721049,0.04835030043833831,19,26,2.0,29.0,0.6230818414322251,0.15728900255754474,0.2934,389,2414,0.1,0.2,30
40,20,false,,0.1559367157953745,0.1491352795827573,-0.006378296328177574,14,3,1.0,38.0,0.48843271423916584,0.15021179537308568,0.2572,389,2414,0.1,0.2,30
50,25,true,,0.14692907256246693,0.22951186629038822,0.09555821701902695,33,43,6.0,49.0,0.8532352941176471,0.14470588235294118,0.2608,389,2414,0.1,0.2,30
20,10,false,,0.13804928524925766,0.3496991300428942,0.21695373587701453,15,17,1.0,19.0,0.6701064172847468,0.0,0.2648,390,2415,0.1,0.2,30
30,15,false,,0.13085826927791888,0.15120551897397935,0.02026663137625484,21,26,3.0,29.0,0.5404352062357909,0.16726209808379344,0.28,390,2415,0.1,0.2,30
40,20,false,,0.138240631898371,0.12961393275811436,-0.013845843527052662,16,3,1.0,39.0,0.4677137870855148,0.09703315881326352,0.2634,390,2415,0.1,0.2,30
50,25,false,,0.13802377128974175,0.1655843886206659,0.04108173004632341,26,43,5.0,47.0,0.6615910503418272,0.1752641392169049,0.2674,390,2415,0.1,0.2,30
60,30,true,,0.13956101992978348,0.2503839084168848,0.11572064228977211,40,29,18.0,56.0,0.9161114476075106,0.21229557843731073,0.217,390,2415,0.1,0.2,30
20,10,false,,0.1028249215845855,0.0929377551185008,-0.013006523600818207,9,1,1.0,19.0,0.47106851260205895,0.0,0.2674,391,2416,0.1,0.2,30
30,15,true,,0.0963880192718564,0.25572039130871926,0.16846361823025977,23,26,4.0,29.0,0.7375636506071289,0.18958088523305916,0.2658,391,2416,0.1,0.2,30
20,10,false,,0.17901932488236558,0.13989812249148179,-0.059184757759153384,9,3,1.0,19.0,0.4175491679273828,0.0,0.3002,392,2417,0.1,0.2,30
30,15,false,,0.16519814094206295,0.1103953359999982,-0.08311853712109017,9,2,1.0,29.0,0.3676680972818312,0.1276824034334764,0.24,392,2417,0.1,0.2,30
40,20,false,,0.11826749710941376,0.1859782065470672,0.07379191016461259,30,35,4.0,39.0,0.6785201149425287,0.28125,0.2434,392,2417,0.1,0.2,30
50,25,true,,0.12175166878948418,0.2729080165638676,0.1471284771960668,44,47,19.0,49.0,0.7488855869242199,0.0650074294205052,0.2438,392,2417,0.1,0.2,30
20,10,true,,0.1302756455101643,0.3392955008294608,0.2230422939372572,14,16,3.0,19.0,0.8159249167423555,0.0,0.3036,393,2418,0.1,0.2,30
20,10,false,,0.719148082034851,0.08056941710663032,-0.6357557204612053,2,1,1.0,19.0,0.2,0.0,0.1764,394,2419,0.1,0.2,30
30,15,false,,0.11582998185063674,0.20050913404997778,0.10446014296759518,22,26,1.0,29.0,0.6414642490591858,0.16934656175162505,0.2762,394,2419,0.1,0.2,30
40,20,false,,0.12102116351295908,0.15736381341330796,0.0617891711797863,17,37,2.0,39.0,0.6340410219503418,0.13997840949982007,0.2786,394,2419,0.1,0.2,30
50,25,true,,0.13450556770424585,0.31438800319497195,0.19108452006431742,41,46,6.0,49.0,0.8431241655540721,0.08411214953271028,0.2578,394,2419,0.1,0.2,30
20,10,false,,0.12293616262530688,0.6838580343715479,0.5548098695839017,16,17,5.0,19.0,0.8785478547854786,0.0,0.2926,395,2420,0.1,0.2,30
30,15,true,,0.11011351979190782,0.42567422101036895,0.31256030591432044,24,26,8.0,29.0,0.7896678966789668,0.274169741697417,0.2666,395,2420,0.1,0.2,30
20,10,false,,0.1496220530574251,0.1508311834747815,0.0008722045746740598,13,16,1.0,19.0,0.5028002489110143,0.0,0.306,396,2421,0.1,0.2,30
30,15,false,,0.1320945307108703,0.4993316107730943,0.3836227830664014,25,29,2.0,29.0,0.764808362369338,0.34668989547038326,0.2636,396,2421,0.1,0.2,30
40,20,false,,0.13477512257680752,0.13855854612545196,-0.00010034906307948566,21,33,1.0,38.0,0.49787651094413593,0.1679189807252532,0.2562,396,2421,0.1,0.2,30
50,25,true,,0.1396440664179871,0.5629901467337902,0.42770121642735637,44,45,3.0,49.0,0.8595617529880478,0.03054448871181939,0.2144,396,2421,0.1,0.2,30
20,10,false,,0.08931559214200945,0.3746285370983602,0.287862134462044,16,16,2.0,19.0,0.8167480285392414,0.0,0.2758,397,2422,0.1,0.2,30
30,15,true,,0.08390488026445862,0.3294570431379135,0.2564822898434419,24,26,4.900000000000006,29.0,0.778593008200259,0.2326283987915408,0.1918,397,2422,0.1,0.2,30
20,10,false,,0.14005373414879488,0.17725384382711415,0.07421137578069947,13,16,1.0,19.0,0.5571521881123449,0.0,0.2782,398,2423,0.1,0.2,30
30,15,true,,0.11786602162019427,0.3973476642793428,0.2795391856794802,23,26,3.0,29.0,0.837171052631579,0.19605263157894737,0.3084,398,2423,0.1,0.2,30
20,10,true,,0.08720834692839564,0.18635987958076208,0.10985220826689175,13,16,2.0,19.0,0.7485955056179775,0.0,0.2986,399,2424,0.1,0.2,30
20,10,true,,0.1244867772035432,0.20382515498609538,0.10145461937713371,12,14,1.0,19.0,0.7125634517766497,0.0,0.318,400,2425,0.1,0.2,30
20,10,false,,0.17915778789262377,0.11962307057539823,-0.07275984287142248,6,2,1.0,19.0,0.36279377689506787,0.0,0.2592,401,2426,0.1,0.2,30
30,15,false,,0.1229103553136451,0.2824833258257689,0.16708983527973656,25,26,8.0,29.0,0.7661570535093816,0.29499652536483667,0.2692,401,2426,0.1,0.2,30
40,20,false,,0.13157523134716428,0.1809802277836002,0.08452687887609761,26,32,2.0,38.0,0.6437136005481329,0.21685508735868447,0.2478,401,2426,0.1,0.2,30
50,25,false,,0.14531671391856812,0.15445860076602433,0.027845682561018853,27,3,1.0,48.0,0.5628306878306878,0.12797619047619047,0.2286,401,2426,0.1,0.2,30
60,30,true,,0.12896520935977102,0.18509995037748153,0.07387902071806354,22,5,3.0,42.0,0.7943107221006565,0.17567989996874023,0.2362,401,2426,0.1,0.2,30
20,10,false,,0.10315551391246695,0.09744510239300054,-0.004925441676157383,10,1,1.0,19.0,0.4845360824742268,0.0,0.285,402,2427,0.1,0.2,30
30,15,false,,0.08058909900130132,0.7496662387639947,0.6615968824338406,26,27,15.0,29.0,0.9621284755512943,0.42377756471716205,0.1956,402,2427,0.1,0.2,30
40,20,false,,0.11822092524461311,0.1241136259521523,0.017260488219118325,25,36,1.0,38.0,0.5472536348949919,0.2495961227786753,0.257,402,2427,0.1,0.2,30
50,25,false,,0.21579729393958672,0.11390771213085041,-0.1198814913755997,6,2,1.0,46.0,0.32919254658385094,0.02360248447204969,0.2116,402,2427,0.1,0.2,30
60,30,true,,0.1263071985762704,0.564392589457432,0.439546147679925,53,54,43.0,59.0,0.983358547655068,0.0037821482602118004,0.1746,402,2427,0.1,0.2,30
20,10,false,,0.06382877012616232,0.48401820654969135,0.41183880136225354,16,17,8.0,19.0,0.951251078515962,0.0,0.2184,403,2428,0.1,0.2,30
30,15,false,,0.6367212104059987,0.05171804292169002,-0.5820361289033671,2,1,1.0,5.0,0.010962241169305725,0.0,0.0682,403,2428,0.1,0.2,30
40,20,false,,0.11596109363184257,0.12016050774864286,0.011483232146586135,16,13,2.0,37.0,0.5409390764454792,0.1253395421032208,0.311,403,2428,0.1,0.2,30
50,25,true,,0.11093237303686349,0.20629406648545695,0.09171343945125346,41,46,3.0,49.0,0.7352465642683913,0.06103476151980598,0.2786,403,2428,0.1,0.2,30
20,10,false,,0.1495972447667045,0.593762314348256,0.464314707054871,15,18,2.0,19.0,0.7441204139228599,0.0,0.3032,404,2429,0.1,0.2,30
30,15,false,,0.13343830361020012,0.5707936088424636,0.4425822501176469,26,26,18.0,29.0,0.9182660489741893,0.3874917273328921,0.2672,404,2429,0.1,0.2,30
40,20,false,,0.14298365016869347,0.1260320920466324,-0.034691384990548954,20,2,1.0,39.0,0.40310077519379844,0.17118863049095606,0.2428,404,2429,0.1,0.2,30
50,25,false,,0.13661520286998916,0.4724587554980347,0.33337486315358583,45,47,34.25,49.0,0.8902139600140302,0.016134689582602595,0.2204,404,2429,0.1,0.2,30
60,30,false,,0.21089812568229227,0.14394988143392107,-0.06401809093936928,4,2,1.0,17.0,0.36538461538461536,0.0,0.0646,404,2429,0.1,0.2,30
20,10,false,,0.16994858966173543,0.1169333851818578,-0.059369458963087755,8,3,1.0,19.0,0.38295819935691316,0.0,0.3086,405,2430,0.1,0.2,30
30,15,false,,0.2014263933926666,0.09649963964219861,-0.1181242062820609,7,3,1.0,26.0,0.20375426621160408,0.020136518771331057,0.2664,405,2430,0.1,0.2,30
40,20,false,,0.12353307139883137,0.23431408863398206,0.11536245689335312,33,36,21.0,39.0,0.6802386802386803,0.40365040365040367,0.2614,405,2430,0.1,0.2,30
50,25,true,,0.13613426932750364,0.17587543075624443,0.06756795366505783,32,45,2.0,48.0,0.7044045676998368,0.09918433931484502,0.2392,405,2430,0.1,0.2,30
20,10,false,,0.11388393781977933,0.16308430432038956,0.06351034938347305,14,16,1.0,19.0,0.6027851458885941,0.0,0.2972,406,2431,0.1,0.2,30
30,15,false,,0.11997379524222547,0.08312833698848525,-0.049074504155645474,11,3,1.0,28.0,0.3629505448449287,0.06705783738474434,0.2158,406,2431,0.1,0.2,30
40,20,false,,0.13650535060213728,0.10687716023624744,-0.033570766362623336,10,4,1.0,37.0,0.4201362604087812,0.13512490537471614,0.2744,406,2431,0.1,0.2,30
50,25,true,,0.11535098239374286,0.2423241086978404,0.14433169711550248,33,45,3.0,48.0,0.7862918752406624,0.13785136696187908,0.2562,406,2431,0.1,0.2,30
20,10,true,,0.10500206725978106,0.25458909739556357,0.16034506061372442,14,16,2.0,19.0,0.7355800388852884,0.0,0.3188,407,2432,0.1,0.2,30
20,10,false,,0.08140242200835618,0.21988479127342,0.1335806638966125,15,17,2.7249999999999943,19.0,0.7382022471910112,0.0,0.2478,408,2433,0.1,0.2,30
30,15,false,,0.4283274542706998,0.06047405767236881,-0.37497810289465705,2,1,1.0,28.0,0.19379422972237342,0.07403375068045727,0.112,408,2433,0.1,0.2,30
40,20,false,,0.06965701302446559,0.7468073997503911,0.6709112856031895,36,36,30.0,39.0,0.9981143934632307,0.1583909490886235,0.0722,408,2433,0.1,0.2,30
50,25,true,,0.11562909143403136,0.21412343413459117,0.10704387568197139,37,48,2.0,49.0,0.7330988667448222,0.12661195779601406,0.2968,408,2433,0.1,0.2,30
20,10,false,,0.12393734936888659,0.45519436201660035,0.3461902948937863,15,17,1.0,19.0,0.7607870210562651,0.0,0.2768,409,2434,0.1,0.2,30
30,15,false,,0.11769181643835819,0.19125644743247372,0.0787770325760733,23,27,2.0,29.0,0.6635578583765113,0.229706390328152,0.2798,409,2434,0.1,0.2,30
40,20,false,,0.1278696533336062,0.11447519226316119,-0.017594450816539597,15,4,1.0,38.0,0.42363112391930835,0.14985590778097982,0.2804,409,2434,0.1,0.2,30
50,25,false,,0.13318702322937828,0.14633558737479824,0.025887808533537865,25,44,2.0,48.0,0.5780129737111642,0.08398770911573916,0.2412,409,2434,0.1,0.2,30
60,30,true,,0.1304708508568711,0.20136871647659957,0.09078504279059064,40,53,7.0,58.0,0.799803085001641,0.1463734821135543,0.2098,409,2434,0.1,0.2,30
20,10,false,,0.1056749005672729,0.2737979319924768,0.19613367872314494,15,18,2.0,19.0,0.7730082417582418,0.0,0.2932,410,2435,0.1,0.2,30
30,15,false,,0.12582482778724824,0.08231536452503806,-0.046238564255490125,9,8,1.0,27.0,0.3195458231954582,0.0267639902676399,0.2486,410,2435,0.1,0.2,30
40,20,false,,0.08770166835272884,0.6969535311275762,0.6064358152532665,36,36,26.0,39.0,0.9813976872800402,0.17848164906988437,0.1428,410,2435,0.1,0.2,30
50,25,true,,0.0882005247364616,0.4742489420209786,0.390014529569884,44,45,26.0,49.0,0.9654295882053889,0.07778342653787494,0.1246,410,2435,0.1,0.2,30
20,10,false,,0.11823160722948778,0.22657092604135623,0.12187926181925707,15,16,2.0,19.0,0.6434398368456832,0.0,0.2838,411,2436,0.1,0.2,30
30,15,true,,0.10415049797103611,0.4088480679407107,0.29605136762580214,24,26,13.0,29.0,0.8921708185053381,0.24377224199288255,0.2752,411,2436,0.1,0.2,30
20,10,false,,0.10629570883580403,0.22680863824864406,0.1292661799399701,14,17,1.0,19.0,0.6660929432013769,0.0,0.2824,412,2437,0.1,0.2,30
30,15,false,,0.10473384570026756,0.11037112391329783,0.008946863610320772,16,26,1.0,29.0,0.511333914559721,0.15780296425457715,0.1946,412,2437,0.1,0.2,30
40,20,true,,0.10512859089295494,0.3473692651278555,0.2523899068662767,33,35,7.0,39.0,0.8348734431498593,0.31257533145841704,0.2768,412,2437,0.1,0.2,30
20,10,false,,0.11541104407309957,0.14349348532155268,0.06228637322396553,12,17,1.0,19.0,0.57,0.0,0.2744,413,2438,0.1,0.2,30
30,15,false,,0.09135472132999112,0.25145637915936847,0.16392619737835767,23,26,1.750000000000007,29.0,0.6971978251777499,0.19406106231702216,0.2144,413,2438,0.1,0.2,30
40,20,false,,0.1255474513016838,0.10794092414227381,-0.029079309283841254,21,2,1.0,38.0,0.4230620902429618,0.2067103740840725,0.2662,413,2438,0.1,0.2,30
50,25,false,,0.13682082406215532,0.10888850746923026,-0.02637894040045359,17,6,1.0,42.0,0.4222404595814526,0.1842429216249487,0.2638,413,2438,0.1,0.2,30
60,30,false,,0.12422920162425412,0.128764135909888,0.018320253078662765,19,4,2.0,57.0,0.5392545598731165,0.03925455987311657,0.2452,413,2438,0.1,0.2,30
20,10,false,,0.13907609084729367,0.14292345114289817,0.0224796958701986,11,1,1.0,19.0,0.5385883905013192,0.0,0.2948,414,2439,0.1,0.2,30
30,15,false,,0.12788985659444385,0.4837122130499478,0.37659392613550075,25,27,1.0,29.0,0.6625319226559649,0.34841298796059833,0.2364,414,2439,0.1,0.2,30
40,20,false,,0.12194457308241197,0.11516865508405393,-0.006391360234263399,17,5,2.0,38.0,0.47431386347642507,0.19141449683321604,0.2766,414,2439,0.1,0.2,30
50,25,true,,0.12592699331237095,0.5434146648039155,0.42600803677765003,42,45,1.0,49.0,0.7842339008142117,0.026276831976313843,0.2262,414,2439,0.1,0.2,30
20,10,false,,0.13573646640392276,0.13375948600774837,-0.0013651918120818063,10,15,1.0,19.0,0.49111713339355617,0.0,0.3298,415,2440,0.1,0.2,30
30,15,false,,0.12316569240331741,0.15543571891034827,0.05540093248282604,18,26,1.0,29.0,0.5966268446943078,0.151791988756149,0.286,415,2440,0.1,0.2,30
40,20,false,,0.13575235021976534,0.1253498842310821,-0.006492136266820457,8,2,1.0,37.0,0.48519615099925983,0.14470762398223538,0.2268,415,2440,0.1,0.2,30
50,25,true,,0.13176456568720565,0.20945942641419996,0.08502832761942661,37,42,6.0,48.0,0.7873636946760744,0.10968569595894805,0.2602,415,2440,0.1,0.2,30
20,10,false,,0.16457392253112313,0.7047317799399568,0.5426344657332304,16,17,3.0,19.0,0.8170809432759719,0.0,0.2832,416,2441,0.1,0.2,30
30,15,false,,0.13855150447507988,0.514228803789726,0.37056506166100417,26,27,9.0,29.0,0.7773054283845651,0.3806409417920209,0.25,416,2441,0.1,0.2,30
40,20,false,,0.13547904635421656,0.17707639001719921,0.05227222954276814,33,35,5.0,39.0,0.6190476190476191,0.22277722277722278,0.2412,416,2441,0.1,0.2,30
50,25,false,,0.14708833985146486,0.1482474977518663,7.689560365377324e-5,10,3,1.0,36.0,0.5028883183568678,0.06803594351732992,0.224,416,2441,0.1,0.2,30
60,30,true,,0.1526695809661026,0.29916856320943214,0.1611115741327512,48,56,5.0,59.0,0.8349924585218703,0.03257918552036199,0.196,416,2441,0.1,0.2,30
20,10,false,,0.09183437804384859,0.18920758700123713,0.1082030764457608,14,16,1.0,19.0,0.6754201680672269,0.0,0.2902,417,2442,0.1,0.2,30
30,15,false,,0.13290224284140936,0.09777166655950767,-0.03461883290289112,9,1,1.0,28.0,0.37724784988272086,0.044566067240031274,0.2422,417,2442,0.1,0.2,30
40,20,false,,0.13083595695192027,0.15133221224711235,0.03061514013411508,25,2,1.0,39.0,0.5527032283158304,0.19330999611046285,0.257,417,2442,0.1,0.2,30
50,25,true,,0.1238234139072899,0.32665742545072474,0.20459017342165386,40,44,3.0,49.0,0.8275499474237644,0.08131791097090782,0.26,417,2442,0.1,0.2,30
20,10,false,,0.16223595656863013,0.10823579802984616,-0.06711867815252465,8,4,1.0,18.0,0.368626274745051,0.0,0.3128,418,2443,0.1,0.2,30
30,15,false,,0.6577819259384036,0.08849377697068285,-0.5695630792023384,2,1,1.0,12.0,0.02727637384677096,0.0,0.1626,418,2443,0.1,0.2,30
40,20,false,,0.12276124277495251,0.17719436079509454,0.0740769781379789,28,36,1.0,39.0,0.6186164433176385,0.23723288663527708,0.2704,418,2443,0.1,0.2,30
50,25,false,,0.13356934144718047,0.16836042056895265,0.05468087871648375,24,2,1.0,47.0,0.665016501650165,0.16864686468646864,0.2464,418,2443,0.1,0.2,30
60,30,true,,0.1377663417108108,0.2090118872183554,0.09709563430477122,29,26,3.0,58.0,0.8176128743853375,0.1318730442556996,0.141,418,2443,0.1,0.2,30
20,10,false,,0.12144657906501195,0.5650543870067827,0.44809995152123294,16,18,2.0,19.0,0.787568306010929,0.0,0.2842,419,2444,0.1,0.2,30
30,15,false,,0.11793353115964408,0.1029351939871173,-0.022724988361643245,14,3,1.0,28.0,0.4312896405919662,0.08773784355179703,0.2822,419,2444,0.1,0.2,30
40,20,false,,0.14093506017578977,0.10601638952268343,-0.0452812707118737,13,3,1.0,38.0,0.34815895005468467,0.10973386802770689,0.2672,419,2444,0.1,0.2,30
50,25,true,,0.1232142291742903,0.43834434874806716,0.32627689571165,42,46,2.0,49.0,0.8075588121866564,0.043964519861164675,0.2392,419,2444,0.1,0.2,30
20,10,false,,0.1537505233873089,0.1609386557623772,0.022621311249709314,12,1,1.0,19.0,0.5293545248134933,0.0,0.2854,420,2445,0.1,0.2,30
30,15,false,,0.15361666479880615,0.15192623542406028,-0.0011844029662126249,14,2,1.0,29.0,0.49783013019218847,0.12089274643521389,0.2778,420,2445,0.1,0.2,30
40,20,true,,0.136998144583369,0.39493178107266846,0.2604319261047432,34,36,2.0,39.0,0.7562822719449226,0.1810671256454389,0.24,420,2445,0.1,0.2,30
20,10,false,,0.10739981283947254,0.12341958724453786,0.019800558634474167,13,16,1.0,19.0,0.5497776257269928,0.0,0.3012,421,2446,0.1,0.2,30
30,15,false,,0.11728544915384428,0.5145380194830517,0.3938016718623297,25,26,2.0,29.0,0.8144620811287479,0.30511463844797176,0.2796,421,2446,0.1,0.2,30
40,20,false,,0.25509477026666094,0.10394956346651156,-0.15831706729103076,5,2,1.0,24.574999999999818,0.20359052711993889,0.01145912910618793,0.2442,421,2446,0.1,0.2,30
50,25,false,,0.14787083552542005,0.1238152820657796,-0.029196119469382262,8,3,1.0,31.0,0.3930635838150289,0.024927745664739886,0.2366,421,2446,0.1,0.2,30
60,30,true,,0.13110866172621588,0.37941870680098466,0.2435225678005806,46,54,6.0,58.0,0.9015047879616963,0.08823529411764706,0.2054,421,2446,0.1,0.2,30
20,10,false,,0.13153701043382113,0.09055718960308615,-0.051444490534439544,12,15,1.0,19.0,0.36465683130211674,0.0,0.288,422,2447,0.1,0.2,30
30,15,false,,0.11546434751143908,0.08018086765502236,-0.040794855018595075,12,5,2.0,28.0,0.34692213615980433,0.0811251528740318,0.2142,422,2447,0.1,0.2,30
40,20,false,,0.09883959748102689,0.09288318757694856,-0.0058340329166491345,31,37,1.0,39.0,0.474025974025974,0.2162837162837163,0.1298,422,2447,0.1,0.2,30
50,25,false,,0.1846146853034213,0.11216855036849262,-0.09782460894082881,10,2,1.0,48.0,0.3579595426561126,0.07080035180299032,0.2342,422,2447,0.1,0.2,30
60,30,false,,0.12031484209469895,0.1775992842085089,0.07092044363273181,51,53,8.0,59.0,0.6750102585145671,0.05293393516618793,0.2538,422,2447,0.1,0.2,30
20,10,false,,0.155594134862917,0.11758877982915138,-0.0364245661423874,7,1,1.0,19.0,0.44919972164231037,0.0,0.25,423,2448,0.1,0.2,30
30,15,false,,0.4624639318991429,0.06931542133413687,-0.39217135424438476,3,1,1.0,23.0,0.10593406593406593,0.0017582417582417582,0.177,423,2448,0.1,0.2,30
40,20,false,,0.16356858697882795,0.07431256665527514,-0.08813136596703361,5,4,1.0,27.0,0.1934566145092461,0.02939781887150308,0.1716,423,2448,0.1,0.2,30
50,25,true,,0.11347310807810376,0.24283428218314437,0.12625509499620832,40,42,24.0,49.0,0.7637080867850099,0.12702169625246548,0.2774,423,2448,0.1,0.2,30
20,10,false,,0.15099023924822416,0.17807375390408667,0.042855440142372275,12,16,1.0,19.0,0.583990651475314,0.0,0.3296,424,2449,0.1,0.2,30
30,15,false,,0.14549042974380638,0.1880511197286521,0.060946802960964046,21,26,1.0,29.0,0.5548293391430646,0.23166303558460422,0.2402,424,2449,0.1,0.2,30
40,20,false,,0.1323153175050638,0.11542588587515647,-0.021394736234670315,19,35,2.0,38.0,0.42145328719723185,0.17370242214532872,0.2568,424,2449,0.1,0.2,30
50,25,false,,0.14000465835451073,0.1337207734729306,-0.0037184696319262495,14,13,2.0,48.0,0.48534310459693536,0.07628247834776815,0.2352,424,2449,0.1,0.2,30
60,30,false,,0.15245393405959248,0.15611954625108262,0.011429975694424,19,2,1.0,49.0,0.5126138752627891,0.10406447091800981,0.1832,424,2449,0.1,0.2,30
20,10,false,,0.08989502804673871,0.3721722703710847,0.2866290110939913,15,16,2.0,19.0,0.8319657509810917,0.0,0.294,425,2450,0.1,0.2,30
30,15,true,,0.10347672562051281,0.23821325880941308,0.13925709024421512,21,26,2.0,29.0,0.7323449083105735,0.20405774483027703,0.2776,425,2450,0.1,0.2,30
20,10,false,,0.1531308244479707,0.12077861530066678,-0.043937797609943846,11,16,1.0,19.0,0.42744230161239327,0.0,0.2966,426,2451,0.1,0.2,30
30,15,false,,0.1513769378442785,0.09541370274626364,-0.07503339798116251,10,3,1.0,28.0,0.2884682790045566,0.048720644935155974,0.2576,426,2451,0.1,0.2,30
40,20,false,,0.1309662506122513,0.10340212215366384,-0.03250784252291723,16,1,1.0,37.0,0.37948131197559115,0.16437833714721586,0.267,426,2451,0.1,0.2,30
50,25,false,,0.12588416466098062,0.1281449408424313,0.014747492618911062,13,4,2.0,45.0,0.5534521158129176,0.03637713437268003,0.2444,426,2451,0.1,0.2,30
60,30,false,,,,,,,,,,,0.0,426,2451,0.1,0.2,30
20,10,false,,0.06539201003400909,0.15917395688877367,0.09758067468599303,13,16,1.0,19.0,0.6724063710718898,0.0,0.2092,427,2452,0.1,0.2,30
30,15,false,,0.09966886375927068,0.1242860099580798,0.031085428268335505,17,24,2.0,29.0,0.5899419729206963,0.10367504835589941,0.293,427,2452,0.1,0.2,30
40,20,true,,0.11127140235032264,0.2299877741806336,0.12692069064291,25,32,3.0,38.0,0.748968105065666,0.24652908067542215,0.3014,427,2452,0.1,0.2,30
20,10,false,,0.08944536463538375,0.25825909893007276,0.1813335955538812,15,17,1.0,19.0,0.7595547309833024,0.0,0.2982,428,2453,0.1,0.2,30
30,15,false,,0.10922222582460318,0.13706471432337972,0.02454053568220281,21,25,3.0,29.0,0.5816882232811437,0.1269571136827774,0.299,428,2453,0.1,0.2,30
40,20,false,,0.11859700330280491,0.11622476220455327,-0.0024640073441929145,32,36,2.0,39.0,0.4920104050538833,0.2638424377554812,0.2458,428,2453,0.1,0.2,30
50,25,false,,0.29563684266387574,0.10820431223122555,-0.19534881361533976,4,1,1.0,28.0,0.27034007748600947,0.0284115368058545,0.199,428,2453,0.1,0.2,30
60,30,false,,0.14020727802494273,0.11814613437411647,-0.025285787982951405,8,4,1.0,24.0,0.39200949367088606,0.008306962025316455,0.2312,428,2453,0.1,0.2,30
20,10,false,,0.09026781915023957,0.17582857606892677,0.10255484611096066,13,16,1.0,19.0,0.6944444444444444,0.0,0.3082,429,2454,0.1,0.2,30
30,15,true,,0.1057064283434419,0.18745961089508328,0.09927664448597803,21,26,2.0,29.0,0.7058409570724842,0.15904292751583393,0.3038,429,2454,0.1,0.2,30
20,10,false,,0.12216370798932778,0.16007526990960624,0.055930065956874414,12,17,1.0,19.0,0.6107470511140236,0.0,0.2996,430,2455,0.1,0.2,30
30,15,false,,0.12089161278850453,0.20128090241145868,0.08396082818099256,24,29,2.0,29.0,0.6333454943451295,0.29770156877052173,0.275,430,2455,0.1,0.2,30
40,20,true,,0.12068780423207297,0.2637770399343419,0.152565898991888,33,35,12.0,39.0,0.7754957507082153,0.313385269121813,0.2582,430,2455,0.1,0.2,30
20,10,false,,0.09039607614261448,0.5251987142260703,0.4283828184452961,15,16,3.0,19.0,0.850550230741924,0.0,0.2858,431,2456,0.1,0.2,30
30,15,true,,0.09329108104901548,0.2788544032740095,0.1979070888321195,22,26,1.0,29.0,0.7342908438061041,0.20646319569120286,0.2,431,2456,0.1,0.2,30
20,10,false,,0.15379721190470663,0.07697152316736508,-0.09653749553579702,8,1,1.0,19.0,0.3354385964912281,0.0,0.2322,432,2457,0.1,0.2,30
30,15,false,,0.0816929319952722,0.12679784585727177,0.0436177566139887,21,23,3.0,29.0,0.6050531914893617,0.1400709219858156,0.1796,432,2457,0.1,0.2,30
40,20,false,,0.2297861435505989,0.06518717136388524,-0.16707345140203542,4,4,1.0,12.0,0.11670616113744076,0.0,0.0938,432,2457,0.1,0.2,30
50,25,false,,0.07751425605621366,0.6318994489532737,0.5487770133597023,45,44,40.0,49.0,1.0,0.0,0.0552,432,2457,0.1,0.2,30
60,30,false,,0.06471519184515964,0.5950742863008387,0.5367584825294136,56,59,50.800000000000004,59.0,1.0,0.0,0.0194,432,2457,0.1,0.2,30
20,10,true,,0.11048422115350347,0.20837558671333126,0.10456606522989331,13,16,1.0,19.0,0.7197368421052631,0.0,0.3078,433,2458,0.1,0.2,30
20,10,false,,0.10984714110372157,0.18139636600396186,0.09691832091383151,13,16,2.0,19.0,0.6338582677165354,0.0,0.3008,434,2459,0.1,0.2,30
30,15,true,,0.10959194526469541,0.326710681249372,0.2305060388335756,21,25,1.0,29.0,0.7096168294515401,0.18632607062359127,0.2762,434,2459,0.1,0.2,30
20,10,false,,0.1983340906844105,0.07767827107912975,-0.12425682824043549,6,3,1.0,19.0,0.2337917485265226,0.0,0.2794,435,2460,0.1,0.2,30
30,15,false,,0.11523799859526762,0.0960496989601038,-0.01500162230156564,16,3,1.0,29.0,0.47847082494969817,0.11468812877263582,0.2086,435,2460,0.1,0.2,30
40,20,false,,0.1387984332493026,0.11443069248388969,-0.05208569094558049,16,2,1.0,38.0,0.4407563025210084,0.1689075630252101,0.2386,435,2460,0.1,0.2,30
50,25,true,,0.12086900267653912,0.44858258358659314,0.32428735950880594,43,46,5.0,49.0,0.7945707997065297,0.07556859867938372,0.2654,435,2460,0.1,0.2,30
20,10,false,,0.10264407402966437,0.20418122699969551,0.1177241948633193,15,18,2.0,19.0,0.6418427433321787,0.0,0.2888,436,2461,0.1,0.2,30
30,15,false,,0.11421486852180236,0.46718865848190966,0.3451752732790882,25,26,12.0,29.0,0.8365853658536585,0.2714285714285714,0.2764,436,2461,0.1,0.2,30
40,20,false,,0.23738821548200714,0.11948271213634447,-0.12522368433565562,4,2,1.0,23.84999999999991,0.23780267437658115,0.009035056017347307,0.2142,436,2461,0.1,0.2,30
50,25,true,,0.13074507166304802,0.26629767691973155,0.13946222714510575,42,46,25.224999999999994,49.0,0.796969696969697,0.08417508417508418,0.245,436,2461,0.1,0.2,30
20,10,false,,0.07780800952427638,0.2807367935880258,0.19274655025277093,15,17,2.0,19.0,0.8098644578313253,0.0,0.2916,437,2462,0.1,0.2,30
30,15,false,,0.10979568587109526,0.12901092191060035,0.029580116551563722,12,5,1.0,29.0,0.5806697108066972,0.076103500761035,0.283,437,2462,0.1,0.2,30
40,20,true,,0.11300363880066537,0.3926290494088896,0.2722946134538828,28,35,1.0,39.0,0.7367303609341825,0.21231422505307856,0.2738,437,2462,0.1,0.2,30
20,10,false,,0.113716199928578,0.10443668637029185,-0.011319749725746425,9,1,1.0,19.0,0.4776174620791713,0.0,0.27,438,2463,0.1,0.2,30
30,15,false,,0.10787038533742938,0.13652636525738313,0.04652280924498854,20,26,1.0,29.0,0.5875840253064453,0.18228548833531039,0.263,438,2463,0.1,0.2,30
40,20,false,,0.10507568628501862,0.14727848155234508,0.049464707364938146,27,34,4.0,38.0,0.6447574334898278,0.21870109546165883,0.2852,438,2463,0.1,0.2,30
50,25,false,,0.11882368691286907,0.13805565744534454,0.03250953432204998,22,5,2.0,47.0,0.6194623248769405,0.06777735706171904,0.2714,438,2463,0.1,0.2,30
60,30,true,,0.1250633468795733,0.6808301227257586,0.5480160789833837,54,54,44.0,59.0,0.9549887471867967,0.0,0.2404,438,2463,0.1,0.2,30
20,10,true,,0.12561115423712138,0.2830243893177188,0.14981110448703192,14,16,2.0,19.0,0.7318327974276527,0.0,0.2942,439,2464,0.1,0.2,30
20,10,true,,0.10159097538529226,0.3340004427385083,0.2394189005979775,13,15,2.0,19.0,0.7345987345987346,0.0,0.3148,440,2465,0.1,0.2,30
20,10,true,,0.11909965011710046,0.31900329186614523,0.19067549769655212,14,16,1.0,19.0,0.7911330049261084,0.0,0.3042,441,2466,0.1,0.2,30
20,10,true,,0.08228377085838903,0.4584444649475571,0.38887090855353174,14,16,1.0,19.0,0.7721036585365854,0.0,0.2764,442,2467,0.1,0.2,30
20,10,true,,0.11739175744184975,0.23709099589894228,0.14866086057496392,14,17,1.0,19.0,0.7139959432048681,0.0,0.2768,443,2468,0.1,0.2,30
20,10,false,,0.11472877328307636,0.1599988663118109,0.04458653016518249,12,11,1.0,19.0,0.6339367904265112,0.0,0.3218,444,2469,0.1,0.2,30
30,15,false,,0.13095096953311938,0.08970118369094375,-0.0498567003428152,8,1,1.0,27.0,0.34656188605108057,0.025540275049115914,0.2348,444,2469,0.1,0.2,30
40,20,false,,0.1468887815550015,0.09097703658020315,-0.0652074954604909,7,1,1.0,38.0,0.37644341801385683,0.08683602771362586,0.1704,444,2469,0.1,0.2,30
50,25,false,,0.543380123063544,0.0951635495782546,-0.4412391597691101,4,2,1.0,19.0,0.11852502194907814,0.0004389815627743635,0.2286,444,2469,0.1,0.2,30
60,30,true,,0.11447358911158782,0.3643107510434397,0.23769802940100376,53,55,20.0,59.0,0.7741127348643007,0.06263048016701461,0.237,444,2469,0.1,0.2,30
20,10,false,,0.09648643539393041,0.6076719691690335,0.4992247184891703,16,17,4.0,19.0,0.8869534305012442,0.0,0.2932,445,2470,0.1,0.2,30
30,15,true,,0.10315510180129213,0.2811498115827919,0.17956510724550545,23,24,2.0,29.0,0.7609848484848485,0.22727272727272727,0.2868,445,2470,0.1,0.2,30
20,10,false,,0.12292359057526049,0.11690757240416311,-0.009057566898901248,11,12,1.0,18.0,0.47115384615384615,0.0,0.3212,446,2471,0.1,0.2,30
30,15,false,,0.10137666799626233,0.20925354634190765,0.122855704469268,24,26,2.0,29.0,0.661741835147745,0.2857698289269051,0.2436,446,2471,0.1,0.2,30
40,20,false,,0.10440958572155871,0.0813829358629571,-0.02543091693833155,12,4,2.0,37.0,0.4090267983074753,0.1156558533145275,0.1644,446,2471,0.1,0.2,30
50,25,false,,0.10756978309691667,0.08326965749955037,-0.03891865280490583,21,4,1.0,47.0,0.3606811145510836,0.14963880288957687,0.1128,446,2471,0.1,0.2,30
60,30,false,,0.5570562560424513,0.07389935016474679,-0.4872102509846985,2,1,1.0,7.0,0.0013869625520110957,0.0,0.0432,446,2471,0.1,0.2,30
20,10,false,,0.0967491830062535,0.53792546865014,0.44208051944503424,15,16,3.0,19.0,0.8884720327421555,0.0,0.2908,447,2472,0.1,0.2,30
30,15,false,,0.1251594931711816,0.1398727017875836,0.03926905919389878,17,1,1.0,29.0,0.5428128632313057,0.15730337078651685,0.2626,447,2472,0.1,0.2,30
40,20,false,,0.109936420372758,0.11817409772607927,0.02515563297565629,16,5,2.0,38.0,0.5804356132976691,0.10775697363393198,0.273,447,2472,0.1,0.2,30
50,25,true,,0.1151934312256139,0.6055204965758685,0.48819865642014826,44,46,19.0,49.0,0.9493374902572097,0.010132501948558068,0.2668,447,2472,0.1,0.2,30
20,10,false,,0.12034444408108123,0.16977092082870662,0.06472318363280027,11,17,1.0,19.0,0.6380922693266833,0.0,0.3282,448,2473,0.1,0.2,30
30,15,false,,0.14139037257222908,0.11569952913590759,-0.03705265050426948,13,2,1.0,29.0,0.4110576923076923,0.0885989010989011,0.2698,448,2473,0.1,0.2,30
40,20,true,,0.11381761739584326,0.33582575113425683,0.2280330733771047,34,36,6.0,39.0,0.7392141756548536,0.27619414483821264,0.2482,448,2473,0.1,0.2,30
20,10,false,,0.11372352015094409,0.14096287912762862,0.048069715250242465,12,16,1.0,19.0,0.5915354330708661,0.0,0.2676,449,2474,0.1,0.2,30
30,15,true,,0.1183170881527899,0.5517455793087205,0.4317779093841934,24,26,2.0,29.0,0.7903000697836706,0.2421493370551291,0.2694,449,2474,0.1,0.2,30
20,10,true,,0.1037555030950843,0.32831120109750145,0.25119721261425,14,17,1.0,19.0,0.723336853220697,0.0,0.2776,450,2475,0.1,0.2,30
20,10,false,,0.1187649741830875,0.4760687575867442,0.3679799973487389,16,16,2.0,19.0,0.8082970893275343,0.0,0.2736,451,2476,0.1,0.2,30
30,15,true,,0.11323651210210657,0.5727868634563072,0.46244070430201806,24,26,2.0,29.0,0.7047438330170778,0.2394686907020873,0.2604,451,2476,0.1,0.2,30
20,10,false,,0.10980403851660649,0.27532772788402066,0.17347542771066105,15,16,2.0,19.0,0.7787375415282392,0.0,0.307,452,2477,0.1,0.2,30
30,15,false,,0.11429869624740693,0.17928947604822315,0.0811113107871481,19,26,1.0,29.0,0.6477232615601836,0.1351923755735969,0.296,452,2477,0.1,0.2,30
40,20,true,,0.11851158513975195,0.19804464809334565,0.09567282915713585,28,30,3.0,38.0,0.7290142807384187,0.3392546151166841,0.293,452,2477,0.1,0.2,30
20,10,false,,0.11876119679445865,0.21673701255422687,0.12291245893668361,11,16,1.0,19.0,0.6884469696969697,0.0,0.3268,453,2478,0.1,0.2,30
30,15,false,,0.11948665470326998,0.13024321372566744,0.00864833770696094,17,24,3.0,28.0,0.5312697409981049,0.07580543272267846,0.3026,453,2478,0.1,0.2,30
40,20,false,,0.12856957131633648,0.1149027127453119,-0.03401480934450188,24,3,1.0,38.0,0.4218693612414291,0.28076506676290147,0.2588,453,2478,0.1,0.2,30
50,25,false,,0.13947044438645206,0.14197329719814764,0.020226119231902692,14,4,1.0,48.0,0.5499142367066895,0.049399656946826756,0.2212,453,2478,0.1,0.2,30
60,30,false,,0.17757438189512295,0.14209096314193506,-0.03415036341704476,7,2,1.0,33.0,0.3937784522003035,0.07663125948406677,0.1664,453,2478,0.1,0.2,30
20,10,false,,0.06205423968148595,0.12549995006647452,0.05433666298986009,14,17,1.0,19.0,0.6486140724946695,0.0,0.2226,454,2479,0.1,0.2,30
30,15,false,,0.10215944039985372,0.16516336205954257,0.07466004501982024,18,26,1.0,29.0,0.6701388888888888,0.11149691358024691,0.2718,454,2479,0.1,0.2,30
40,20,false,,0.14549681087535443,0.10733675502248333,-0.05787616402730465,13,2,1.0,37.0,0.4022391043582567,0.13874450219912035,0.2612,454,2479,0.1,0.2,30
50,25,true,,0.11623245685990172,0.21693099487739262,0.11169370552344673,40,47,4.0,49.0,0.7558369608231104,0.08033240997229917,0.2672,454,2479,0.1,0.2,30
20,10,false,,0.2032729952436847,0.07068088096367689,-0.14292213386559371,5,2,1.0,18.0,0.22084548104956267,0.0,0.2594,455,2480,0.1,0.2,30
30,15,false,,0.13913946272612557,0.11628169385236696,-0.023779570836855002,8,6,1.0,26.0,0.42626332072877277,0.020281883808869028,0.2752,455,2480,0.1,0.2,30
40,20,true,,0.129084055329322,0.20056836975760275,0.08952627820448553,30,36,1.0,39.0,0.7275204359673024,0.22036784741144413,0.2492,455,2480,0.1,0.2,30
20,10,false,,0.12119808869431166,0.1392088631514019,0.038030120953245095,11,1,1.0,19.0,0.5510771369006254,0.0,0.2806,456,2481,0.1,0.2,30
30,15,false,,0.11099943953463637,0.13809576915847854,0.03649862590044052,17,23,1.8499999999999943,29.0,0.6236521739130435,0.10643478260869565,0.2812,456,2481,0.1,0.2,30
40,20,true,,0.12103811036148442,0.18346176813037246,0.0783310723303042,26,36,2.0,39.0,0.7004004368401893,0.15507826720058246,0.2606,456,2481,0.1,0.2,30
20,10,true,,0.08474512715087072,0.23666479332743418,0.14890195069835177,14,16,3.0,19.0,0.7728245363766049,0.0,0.2878,457,2482,0.1,0.2,30
20,10,false,,0.16862117544027955,0.12035548202167645,-0.07423535797815586,6,1,1.0,19.0,0.3956005586592179,0.0,0.2522,458,2483,0.1,0.2,30
30,15,false,,0.1012810895612134,0.19034579188636522,0.10267535958060696,23,26,4.0,29.0,0.6669204415683289,0.2299200609059764,0.2398,458,2483,0.1,0.2,30
40,20,false,,0.10879176101279196,0.17021271051204995,0.06778011154487369,30,36,9.0,39.0,0.6769289243633599,0.36488027366020526,0.2934,458,2483,0.1,0.2,30
50,25,false,,0.11662588236916925,0.18099626863094692,0.0662434297102709,39,45,8.0,49.0,0.6814926498303807,0.14511873350923482,0.2652,458,2483,0.1,0.2,30
60,30,true,,0.12735175610473443,0.6028204646266251,0.48081759709926675,54,55,27.0,59.0,0.9106187929717342,0.02482811306340718,0.2152,458,2483,0.1,0.2,30
20,10,false,,0.10599325340609726,0.19206382923272697,0.08993808552013723,12,17,1.0,19.0,0.6551724137931034,0.0,0.2788,459,2484,0.1,0.2,30
30,15,false,,0.10998040335443961,0.13048224974858294,0.024069452923336843,21,23,1.0,29.0,0.5814977973568282,0.1277533039647577,0.2498,459,2484,0.1,0.2,30
40,20,false,,0.1139485725510659,0.1701537746363383,0.06883633530612987,30,33,2.0,39.0,0.6620171673819742,0.3061516452074392,0.2668,459,2484,0.1,0.2,30
50,25,true,,0.12422362971253063,0.5114635965880305,0.38037163651291755,43,46,27.0,49.0,0.8951933501987712,0.11131189013371882,0.2372,459,2484,0.1,0.2,30
20,10,false,,0.11692575443257933,0.13460058892367469,0.0314444471314044,10,15,1.0,19.0,0.5633991301438608,0.0,0.2978,460,2485,0.1,0.2,30
30,15,false,,0.1762076258803285,0.09728344979740697,-0.10326916587816655,7,1,1.0,28.0,0.2985418265541059,0.056792018419033,0.2638,460,2485,0.1,0.2,30
40,20,true,,0.1129620549408979,0.3256943523294793,0.21875162869034132,34,35,13.0,39.0,0.8691904047976012,0.2841079460269865,0.2698,460,2485,0.1,0.2,30
20,10,false,,0.11792470635772977,0.21550255847581917,0.11886941181917111,13,16,1.0,19.0,0.6891848002598246,0.0,0.3214,461,2486,0.1,0.2,30
30,15,false,,0.13241474944719514,0.12750974578787502,-0.00827991077930905,14,2,1.0,29.0,0.48952095808383234,0.18263473053892215,0.2652,461,2486,0.1,0.2,30
40,20,true,,0.12285573534766663,0.5255072976337631,0.4099260685265328,33,33,23.0,39.0,0.921151868357902,0.4460061707233459,0.2746,461,2486,0.1,0.2,30
20,10,false,,0.08650759799124377,0.1438799299161568,0.06231991216770123,10,1,1.0,19.0,0.5974560419004863,0.0,0.2646,462,2487,0.1,0.2,30
30,15,true,,0.10243568450049632,0.26500946695093525,0.1710787273221833,21,25,2.0,29.0,0.7373820270824785,0.17931883463274517,0.276,462,2487,0.1,0.2,30
20,10,false,,0.16851244664808426,0.45002082396729726,0.2822878401469633,16,16,2.0,19.0,0.7490589711417817,0.0,0.2874,463,2488,0.1,0.2,30
30,15,false,,0.18532796765104104,0.110885226875038,-0.08936636545734716,9,4,1.0,29.0,0.3840136054421769,0.14625850340136054,0.2576,463,2488,0.1,0.2,30
40,20,false,,0.13140669921836953,0.14563808761003438,0.03201100977486282,24,36,3.0,39.0,0.5488145048814504,0.201534170153417,0.276,463,2488,0.1,0.2,30
50,25,false,,0.1514200535973971,0.12285152112008128,-0.03856252184925262,15,4,1.0,48.0,0.39704329461457233,0.08764519535374868,0.2146,463,2488,0.1,0.2,30
60,30,false,,0.13373613314190427,0.17607075269533373,0.053018812464319,39,45,1.0,56.0,0.6826954530585542,0.11710827608766765,0.2118,463,2488,0.1,0.2,30
20,10,false,,0.12144412279129176,0.5299221839725083,0.40413811492381724,16,16,3.0,19.0,0.8691064952192549,0.0,0.272,464,2489,0.1,0.2,30
30,15,false,,0.11608707067632223,0.6721727501099448,0.5660654548332645,25,26,3.0,29.0,0.7549846625766872,0.325920245398773,0.237,464,2489,0.1,0.2,30
40,20,false,,0.1463526303167258,0.1349683245849394,-0.005937886749941362,11,3,1.0,38.0,0.4841719426857714,0.1016327890703099,0.2532,464,2489,0.1,0.2,30
50,25,false,,0.13985671887036186,0.17516022196242578,0.07066964895336912,23,1,1.0,47.0,0.6867159858475395,0.10035381151495658,0.2232,464,2489,0.1,0.2,30
60,30,true,,0.13163087792665196,0.17442613683504649,0.052328883587542965,12,7,1.0,39.0,0.7068351149983803,0.09685779073534176,0.2338,464,2489,0.1,0.2,30
20,10,false,,0.07054551793725189,0.26425014169842526,0.19011002736378996,15,16,3.0,19.0,0.8049257232212667,0.0,0.2624,465,2490,0.1,0.2,30
30,15,false,,0.1064670332476308,0.1719920906843784,0.09520406526561107,17,27,1.0,29.0,0.6843122102009274,0.16846986089644514,0.2826,465,2490,0.1,0.2,30
40,20,false,,0.10666399745390616,0.47622019538269095,0.3716581396498659,35,37,22.0,39.0,0.908289947937525,0.263516219463356,0.2582,465,2490,0.1,0.2,30
50,25,true,,0.1207083550591735,0.2414115445834381,0.12518876875038895,40,43,4.0,49.0,0.7975524475524476,0.12972027972027972,0.261,465,2490,0.1,0.2,30
20,10,false,,0.12131602065768167,0.12426609094622036,0.007442902933849194,9,7,1.0,19.0,0.5320470896010464,0.0,0.3112,466,2491,0.1,0.2,30
30,15,false,,0.10820649677919185,0.13089358157035955,0.04321265494581186,12,5,1.0,28.0,0.6131284916201117,0.06878491620111732,0.2862,466,2491,0.1,0.2,30
40,20,true,,0.12132847737840091,0.22536332854325844,0.12321007393273123,31,36,3.0,39.0,0.7075365579302587,0.23622047244094488,0.2644,466,2491,0.1,0.2,30
20,10,false,,0.08417468517206153,0.5674782692275275,0.4893420928140657,15,16,2.0,19.0,0.8464928387807565,0.0,0.3038,467,2492,0.1,0.2,30
30,15,false,,0.2796036381368726,0.07397125051406225,-0.21488947789214805,3,1,1.0,24.0,0.20853307766059445,0.008149568552253116,0.1854,467,2492,0.1,0.2,30
40,20,false,,0.10840295405290742,0.15396876527541248,0.054019724636336405,29,35,2.0,39.0,0.6175986842105263,0.2590460526315789,0.2714,467,2492,0.1,0.2,30
50,25,true,,0.11736263496856653,0.4823342446161727,0.354922601411496,43,47,7.0,49.0,0.8387738853503185,0.02786624203821656,0.2582,467,2492,0.1,0.2,30
20,10,false,,0.1285998315382315,0.14085535419597342,0.017621280317145827,8,7,1.0,19.0,0.5444874274661509,0.0,0.2672,468,2493,0.1,0.2,30
30,15,false,,0.14369491944026158,0.10259811222340173,-0.060229638861406476,14,2,1.0,29.0,0.3875728155339806,0.12233009708737864,0.2612,468,2493,0.1,0.2,30
40,20,false,,0.1336659260858934,0.10977794352875393,-0.027977631893627737,8,3,1.0,32.0,0.3944359756097561,0.014100609756097561,0.2694,468,2493,0.1,0.2,30
50,25,false,,0.1307236028961567,0.2212479531702574,0.10885448115918929,40,1,1.0,49.0,0.6331823795800741,0.04857966241251544,0.2014,468,2493,0.1,0.2,30
60,30,true,,0.12896217014184977,0.3037326690850026,0.18611377576161858,51,54,4.0,59.0,0.8243484469832203,0.022491967154587646,0.206,468,2493,0.1,0.2,30
20,10,false,,0.155438011544582,0.11525038112690657,-0.06239219040475959,10,1,1.0,19.0,0.36289818863210493,0.0,0.297,469,2494,0.1,0.2,30
30,15,false,,0.14630569807397784,0.0837928425644305,-0.08479822041948781,11,4,1.0,28.0,0.3039910481163745,0.06229019022752704,0.2524,469,2494,0.1,0.2,30
40,20,false,,0.13792396716055044,0.11995827371115161,-0.0259901693805437,11,1,1.0,39.0,0.4584651898734177,0.08227848101265822,0.2506,469,2494,0.1,0.2,30
50,25,true,,0.12088882860983362,0.32778277516323284,0.20475731241403844,42,45,13.0,49.0,0.8516177017478617,0.1331349944217181,0.256,469,2494,0.1,0.2,30
20,10,false,,0.21552568489082846,0.08964434515289454,-0.13246843402247044,5,1,1.0,17.0,0.18991869918699186,0.0,0.2702,470,2495,0.1,0.2,30
30,15,false,,0.1403626848586612,0.10483934253126652,-0.049385004730412844,14,4,1.5750000000000028,28.0,0.36597938144329895,0.06507731958762887,0.2866,470,2495,0.1,0.2,30
40,20,true,,0.11880048944859486,0.2967530837964114,0.1790288156592591,33,36,6.0,39.0,0.7713178294573644,0.25052854122621565,0.2676,470,2495,0.1,0.2,30
20,10,false,,0.10092253845707243,0.1406781889785701,0.05720450668575218,10,10,1.0,19.0,0.6154646324549237,0.0,0.2952,471,2496,0.1,0.2,30
30,15,true,,0.09754937564320224,0.41151053693653283,0.31734687632237935,24,26,6.0,29.0,0.8783885542168675,0.20444277108433734,0.2962,471,2496,0.1,0.2,30
20,10,false,,0.15752429920192276,0.331053800441357,0.19886490680570257,15,16,3.0,19.0,0.6598553913863565,0.0,0.2824,472,2497,0.1,0.2,30
30,15,false,,0.13507711523934796,0.2583491181014512,0.15041287462951775,21,28,3.0,29.0,0.6132799466132799,0.22822822822822822,0.2802,472,2497,0.1,0.2,30
40,20,false,,0.16002036939763006,0.12424984561929192,-0.06625277180825725,12,3,1.0,38.0,0.33088725817211473,0.1314209472981988,0.2336,472,2497,0.1,0.2,30
50,25,false,,0.14261115167101443,0.6052829679197154,0.4737264880856711,46,46,39.0,49.0,0.8970893970893971,0.0003465003465003465,0.2108,472,2497,0.1,0.2,30
60,30,false,,0.15842860944521403,0.20037584680459808,0.05522232584612427,46,1,1.0,59.0,0.5948416585047339,0.036891936010447275,0.1828,472,2497,0.1,0.2,30
20,10,false,,0.07964723452880404,0.541198499523912,0.45745336922510627,15,17,1.0,19.0,0.8392575039494471,0.0,0.2708,473,2498,0.1,0.2,30
30,15,false,,0.10552875017835442,0.11037411668745627,-0.0017908043254048628,19,24,1.0,29.0,0.495197848636189,0.12562427967729542,0.2944,473,2498,0.1,0.2,30
40,20,true,,0.10960559542458019,0.17559380988734785,0.08308115907744514,29,35,3.3999999999999915,39.0,0.7011667293940534,0.26872412495295445,0.2854,473,2498,0.1,0.2,30
20,10,false,,0.06688659698400913,0.1193948897041948,0.06402665796787044,12,16,1.0,19.0,0.6549957301451751,0.0,0.1938,474,2499,0.1,0.2,30
30,15,false,,0.31327093220938484,0.05269599181230506,-0.26548921442348966,2,1,1.0,20.0,0.15935483870967743,0.0,0.062,474,2499,0.1,0.2,30
40,20,false,,0.7709283050184289,0.05320328123981431,-0.7093926870104544,1,1,1.0,4.0,0.0,0.0,0.0274,474,2499,0.1,0.2,30
50,25,false,,0.5060229677247228,0.060775415209492506,-0.45752179749999716,2,2,1.0,6.0,0.0,0.0,0.0298,474,2499,0.1,0.2,30
60,30,true,,0.06332159148921514,0.11678713074751472,0.06201948192565877,46,44,40.0,56.0,0.8848660391020999,0.0,0.0182,474,2499,0.1,0.2,30
20,10,false,,0.09098051113967622,0.1654068519693965,0.09035702659644201,13,16,1.0,19.0,0.6033721397029306,0.0,0.2252,475,2500,0.1,0.2,30
30,15,true,,0.09502939767672018,0.2957956040734586,0.20467446365432612,22,26,4.0,29.0,0.7826923076923077,0.1676923076923077,0.2764,475,2500,0.1,0.2,30
20,10,false,,0.12649398551936283,0.13894955803132925,0.01797334988821428,11,1,1.0,19.0,0.5226282266174992,0.0,0.282,476,2501,0.1,0.2,30
30,15,false,,0.10585138381921586,0.5933978803970007,0.49280273156889826,25,27,5.0,29.0,0.8752817430503381,0.29827197595792637,0.2598,476,2501,0.1,0.2,30
40,20,false,,0.19474538444413114,0.11277859354815598,-0.1044848515696531,6,1,1.0,39.0,0.356039603960396,0.07089108910891088,0.2416,476,2501,0.1,0.2,30
50,25,true,,0.12524202593875877,0.592243477056856,0.46028321065034106,44,44,24.0,49.0,0.9406625409537678,0.07353476519839826,0.2448,476,2501,0.1,0.2,30
20,10,false,,0.09276057803551993,0.09015261145273883,0.006831874520620708,11,3,1.0,19.0,0.514308426073132,0.0,0.2438,477,2502,0.1,0.2,30
30,15,false,,0.2946859340319235,0.09198031365336053,-0.206004513505789,5,1,1.0,28.0,0.3212071103761885,0.062422488631665975,0.2394,477,2502,0.1,0.2,30
40,20,true,,0.10759421567141422,0.27525094540367956,0.16879483070974244,31,35,9.0,38.0,0.7897583844212045,0.36350522899386944,0.2924,477,2502,0.1,0.2,30
20,10,true,,0.11527982921235315,0.2873324943719556,0.18535480400790694,13,16,3.0,19.0,0.7723777299292526,0.0,0.317,478,2503,0.1,0.2,30
20,10,true,,0.06874492405474263,0.38358851796491245,0.3072474354855132,14,16,4.0,19.0,0.8896204492641363,0.0,0.2854,479,2504,0.1,0.2,30
20,10,false,,0.09827815013664526,0.1804902446050513,0.09442794517076632,13,16,1.0,19.0,0.6730446458543136,0.0,0.3158,480,2505,0.1,0.2,30
30,15,false,,0.10703215040409683,0.11834283663176982,0.01656518330796833,18,2,1.0,29.0,0.5352396294804672,0.11115585984695932,0.2474,480,2505,0.1,0.2,30
40,20,false,,0.11653546347571372,0.1351448372326568,0.028814975637757173,15,3,1.0,35.0,0.5981515711645101,0.10351201478743069,0.2866,480,2505,0.1,0.2,30
50,25,true,,0.12452574745934156,0.19515396064856214,0.09527917536725006,40,41,2.0,49.0,0.7433815743028591,0.020825979527003175,0.2566,480,2505,0.1,0.2,30
20,10,false,,0.10318953060329471,0.15532446457246407,0.05881834181616352,11,16,1.0,19.0,0.6422628951747088,0.0,0.3186,481,2506,0.1,0.2,30
30,15,false,,0.11212690744882645,0.11565147114652083,0.009225633160507049,13,16,1.0,28.0,0.5371959942775394,0.06366237482117311,0.2892,481,2506,0.1,0.2,30
40,20,false,,0.12418910372220858,0.12072947161537194,0.002836491014255066,15,3,1.0,38.0,0.5074626865671642,0.17242733699921445,0.2684,481,2506,0.1,0.2,30
50,25,true,,0.12157146048424888,0.28608944616700926,0.16466981086358395,42,42,28.0,49.0,0.8219081272084806,0.08374558303886925,0.2558,481,2506,0.1,0.2,30
20,10,false,,0.0778300155905904,0.38637497707263935,0.3164690743675602,16,17,3.0,19.0,0.8232724384432089,0.0,0.2448,482,2507,0.1,0.2,30
30,15,false,,0.09357578966776461,0.16222616918540284,0.08340217443409549,19,24,2.0,29.0,0.6844426623897354,0.14635124298315957,0.2676,482,2507,0.1,0.2,30
40,20,true,,0.11151435932170024,0.34851810483681855,0.23999604566921887,33,35,19.0,39.0,0.8227699530516432,0.3615023474178404,0.29,482,2507,0.1,0.2,30
20,10,true,,0.08081005549755613,0.19800748100641763,0.11751899399063792,12,15,1.0,19.0,0.7048038137147048,0.0,0.2852,483,2508,0.1,0.2,30
20,10,true,,0.08950398647704941,0.40451665530476183,0.32166100153888977,14,16,1.0,19.0,0.7981421936405859,0.0,0.295,484,2509,0.1,0.2,30
20,10,false,,0.15337825715686665,0.1348010962464144,-0.025653683562070664,10,17,1.0,19.0,0.4371367390639339,0.0,0.3128,485,2510,0.1,0.2,30
30,15,false,,0.15056008283113131,0.1550459643428362,0.013531136809397326,16,1,1.0,29.0,0.5259928963513077,0.11914756215692605,0.2738,485,2510,0.1,0.2,30
40,20,false,,0.14977310576726832,0.14501261853679914,-0.001485233365264585,12,4,1.0,39.0,0.4952861952861953,0.06700336700336701,0.256,485,2510,0.1,0.2,30
50,25,false,,0.14380881991830124,0.174560541243985,0.03326481960286082,39,42,11.0,49.0,0.6370893460239484,0.1922014123426466,0.24,485,2510,0.1,0.2,30
60,30,false,,0.14927046390986506,0.15910153783609715,0.007190772731018841,8,5,1.0,19.0,0.5428571428571428,0.0,0.0624,485,2510,0.1,0.2,30
20,10,false,,0.14591934251530367,0.15631875688363234,0.006690695714849246,14,16,1.0,19.0,0.5293939393939394,0.0,0.3104,486,2511,0.1,0.2,30
30,15,false,,0.1370297816924594,0.14151173679665374,0.014273203719836466,18,1,1.0,29.0,0.5205811138014528,0.14873746108612937,0.2324,486,2511,0.1,0.2,30
40,20,false,,0.12850540249772105,0.21461079038934375,0.11114164917147852,32,35,1.0,39.0,0.6449854651162791,0.1667877906976744,0.236,486,2511,0.1,0.2,30
50,25,true,,0.1288352466147817,0.4177451752438735,0.298116807735922,42,44,1.0,49.0,0.7944720056697377,0.05705173635719348,0.2376,486,2511,0.1,0.2,30
20,10,false,,0.1448027004120541,0.09955094014654857,-0.045148434552561324,8,3,1.0,19.0,0.38953866146848604,0.0,0.289,487,2512,0.1,0.2,30
30,15,false,,0.1139894934883629,0.08486222530797954,-0.034595483563891645,14,26,2.0,28.0,0.42019950124688277,0.09725685785536159,0.2132,487,2512,0.1,0.2,30
40,20,false,,0.09652099311071682,0.10821660246726396,0.015737043381311447,23,38,2.0,39.0,0.5283505154639175,0.18556701030927836,0.1254,487,2512,0.1,0.2,30
50,25,false,,0.12146017103259817,0.12452347657854053,0.008262168254411117,34,42,2.0,48.0,0.5241351568785197,0.1568785197103781,0.2662,487,2512,0.1,0.2,30
60,30,true,,0.11334081163468239,0.40977506208400616,0.29553799161588135,50,53,32.0,59.0,0.8754420432220039,0.03143418467583497,0.2604,487,2512,0.1,0.2,30
20,10,false,,0.10144148537882647,0.11761539120579448,0.024897256135886312,10,9,2.0,19.0,0.5723684210526315,0.0,0.3128,488,2513,0.1,0.2,30
30,15,false,,0.10727871863326807,0.1595509525679397,0.06116917584038394,22,26,1.0,29.0,0.6342281879194631,0.18344519015659955,0.2834,488,2513,0.1,0.2,30
40,20,true,,0.11005778510976368,0.21857340484569293,0.1239387430756183,26,33,3.0,39.0,0.7062964411419632,0.24168947985921002,0.2846,488,2513,0.1,0.2,30
20,10,false,,0.18052457121925947,0.10846888098592097,-0.09592319406448942,7,2,1.0,19.0,0.32189119170984454,0.0,0.2798,489,2514,0.1,0.2,30
30,15,false,,0.16508267836310123,0.0929274700637678,-0.09774131945586437,9,3,1.0,28.0,0.2709447415329768,0.09518716577540107,0.248,489,2514,0.1,0.2,30
40,20,true,,0.11780436554746684,0.35239590610594385,0.23712830888175174,32,36,10.0,39.0,0.8449422471123557,0.3570178508925446,0.2512,489,2514,0.1,0.2,30
20,10,true,,0.1294189506060762,0.2966081773947284,0.1887714803033101,14,17,3.0,19.0,0.7544628875665519,0.0,0.3056,490,2515,0.1,0.2,30
20,10,false,,0.1390018021266606,0.13912074145320802,0.0013058923902125458,10,1,1.0,19.0,0.500653167864141,0.0,0.2998,491,2516,0.1,0.2,30
30,15,false,,0.17047174773559345,0.11667993790017075,-0.06917439747543203,7,2,1.0,28.0,0.3293596730245232,0.047683923705722074,0.2568,491,2516,0.1,0.2,30
40,20,true,,0.12665335372822017,0.34075388162725423,0.23693587384904613,32,36,5.0,39.0,0.7975192758967482,0.22929936305732485,0.2568,491,2516,0.1,0.2,30
20,10,false,,0.1325382275774282,0.11392918944925136,-0.01987329468755776,10,3,1.0,19.0,0.4627231361568078,0.0,0.2876,492,2517,0.1,0.2,30
30,15,true,,0.10058325164344872,0.24148214458953376,0.1475947517006245,23,27,1.0,29.0,0.7046004842615012,0.26109765940274415,0.2402,492,2517,0.1,0.2,30
20,10,false,,0.1587686215439798,0.1408435526816194,-0.020062958270079145,10,1,1.0,19.0,0.4559410500460547,0.0,0.299,493,2518,0.1,0.2,30
30,15,false,,0.16831378802925268,0.104023057584734,-0.08436602173712521,7,1,1.0,28.0,0.30479573712255775,0.07104795737122557,0.2338,493,2518,0.1,0.2,30
40,20,false,,0.1279627591520192,0.12847161144916655,-0.0016551156940689538,24,35,2.0,38.0,0.4953457446808511,0.20013297872340424,0.2678,493,2518,0.1,0.2,30
50,25,true,,0.13144048386220605,0.22244998929641108,0.10009227392219987,38,44,22.0,48.0,0.789049919484702,0.16231884057971013,0.243,493,2518,0.1,0.2,30
20,10,false,,0.14541323800173814,0.13893498873541837,-0.0026213706722996027,10,2,1.0,19.0,0.4939443535188216,0.0,0.275,494,2519,0.1,0.2,30
30,15,false,,0.12560049330767814,0.08423590383900707,-0.05027626149460537,12,6,2.0,28.0,0.3428359866716031,0.09626064420584969,0.2548,494,2519,0.1,0.2,30
40,20,false,,0.11871338328926649,0.1566501467075034,0.0520850696810021,29,35,2.0,39.0,0.6129292929292929,0.2109090909090909,0.2692,494,2519,0.1,0.2,30
50,25,false,,0.13509405973241534,0.17781054585293432,0.07213237808514791,30,4,1.0,48.0,0.5941918226977455,0.10890332441727169,0.2528,494,2519,0.1,0.2,30
60,30,true,,0.1279738423874512,0.4310812260103456,0.30984768794624684,50,53,35.0,59.0,0.9510300574130361,0.008443093549476529,0.2302,494,2519,0.1,0.2,30
20,10,true,,0.11543270280509517,0.2502985769334877,0.16649721164877207,14,16,1.0,19.0,0.755851755526658,0.0,0.31,495,2520,0.1,0.2,30
20,10,true,,0.1000523730101427,0.3194292808174558,0.2490359265240502,14,16,1.0,19.0,0.7308995107263832,0.0,0.2312,496,2521,0.1,0.2,30
20,10,false,,0.11720745737184858,0.20437813628265106,0.11540843336001533,12,17,1.0,19.0,0.678,0.0,0.294,497,2522,0.1,0.2,30
30,15,false,,0.11901651218258066,0.12575212074040087,0.02265169478874511,19,26,1.0,29.0,0.5420454545454545,0.1303030303030303,0.2648,497,2522,0.1,0.2,30
40,20,true,,0.11068452691588346,0.5252332845449892,0.420301839727914,34,36,14.0,39.0,0.9491778774289985,0.2922272047832586,0.2866,497,2522,0.1,0.2,30
20,10,false,,0.23118673708526097,0.11140787205012449,-0.13938912002957737,5,2,1.0,17.0,0.21135850274282025,0.0,0.2742,498,2523,0.1,0.2,30
30,15,false,,0.13995964104908368,0.10415467995436976,-0.04109558236647384,16,13,2.0,28.0,0.3889064976228209,0.08589540412044375,0.287,498,2523,0.1,0.2,30
40,20,false,,0.1299728395732194,0.22255448014596532,0.10970818633501876,31,36,2.0,39.0,0.6634899769963851,0.27144265527440026,0.2614,498,2523,0.1,0.2,30
50,25,true,,0.14226046919165738,0.2302071664063396,0.09099922056383444,42,43,27.0,49.0,0.7276715763083673,0.07897210905672203,0.2356,498,2523,0.1,0.2,30
20,10,false,,0.05336461191860872,0.20582372419287998,0.1430358089752929,15,17,2.0,19.0,0.7285648784961027,0.0,0.169,499,2524,0.1,0.2,30
30,15,true,,0.09724734355398414,0.2799856643544541,0.18538502861130415,21,24,2.0,29.0,0.7994472956968022,0.17647058823529413,0.2898,499,2524,0.1,0.2,30
20,10,false,,0.1290190950947927,0.11973173192034246,-0.0029072993252121093,8,2,1.0,18.0,0.4934409687184662,0.0,0.296,500,2525,0.1,0.2,30
30,15,false,,0.10875598117779563,0.14550082635148837,0.05502614034238866,16,26,1.0,29.0,0.6464088397790055,0.1281767955801105,0.284,500,2525,0.1,0.2,30
40,20,false,,0.13629522025151983,0.12838808274933164,-0.0010735593849707098,10,2,1.0,38.0,0.49606299212598426,0.07730851825340014,0.2532,500,2525,0.1,0.2,30
50,25,false,,0.24160548996605544,0.13497015619655475,-0.11953955245088714,4,2,1.0,44.0,0.34864376130198915,0.021338155515370705,0.2026,500,2525,0.1,0.2,30
60,30,true,,0.1436165430856621,0.21205839107329177,0.10828082269993529,39,57,2.0,58.0,0.7818181818181819,0.03140495867768595,0.2154,500,2525,0.1,0.2,30
20,10,false,,0.12622120584188956,0.23377718157439603,0.14140234711683852,14,15,2.0,19.0,0.6705845963501392,0.0,0.3296,501,2526,0.1,0.2,30
30,15,false,,0.15049274808681865,0.117888338479461,-0.04183093582106594,8,2,1.0,28.0,0.3951667801225323,0.08475153165418652,0.274,501,2526,0.1,0.2,30
40,20,false,,0.1327220211628547,0.5926267458116259,0.4621067150917864,35,36,26.0,39.0,0.8817567567567568,0.2665540540540541,0.2494,501,2526,0.1,0.2,30
50,25,true,,0.1415007662412403,0.24359276864371265,0.11204260677815037,38,41,18.025000000000006,48.0,0.8446718844069837,0.18693558097531607,0.2378,501,2526,0.1,0.2,30
20,10,false,,0.15003994313109975,0.12272349059594778,-0.017427906138934246,10,2,1.0,19.0,0.4603847407890447,0.0,0.2968,502,2527,0.1,0.2,30
30,15,false,,0.1508259838456964,0.09180898851571372,-0.068255604810053,7,3,1.0,28.0,0.30268056589724496,0.044676098287416234,0.2708,502,2527,0.1,0.2,30
40,20,false,,0.11975404668048774,0.1402356431448629,0.03825412891939367,26,35,3.0,39.0,0.5748924520922957,0.22174423152131403,0.2578,502,2527,0.1,0.2,30
50,25,true,,0.12001861641242391,0.3473252597807673,0.23969705178932038,41,44,5.0,49.0,0.7903930131004366,0.0611353711790393,0.2514,502,2527,0.1,0.2,30
20,10,false,,0.11388537872277084,0.2490517702881448,0.14771356543582556,15,16,3.0,19.0,0.7096463022508038,0.0,0.2952,503,2528,0.1,0.2,30
30,15,false,,0.14199366637874533,0.1021094462562307,-0.04895878569746506,8,4,1.0,28.0,0.37472687545520755,0.06627822286962855,0.2844,503,2528,0.1,0.2,30
40,20,false,,0.3148061646888097,0.10637387740496729,-0.21649050031047695,4,2,1.0,17.0,0.15423270197139544,0.0,0.2254,503,2528,0.1,0.2,30
50,25,true,,0.13162328978786392,0.3688854044148608,0.24197491685822994,43,46,27.0,49.0,0.844474761255116,0.15791268758526603,0.2276,503,2528,0.1,0.2,30
20,10,false,,0.09896126321523656,0.15215431294400558,0.06659137616490285,12,16,1.0,19.0,0.5971512052593134,0.0,0.2734,504,2529,0.1,0.2,30
30,15,false,,0.1391209258949307,0.10764090005031268,-0.03166241622092976,9,1,1.0,28.0,0.4063699155794321,0.06792018419033001,0.2392,504,2529,0.1,0.2,30
40,20,false,,0.11764645992385504,0.13414522732033782,0.03157905183118444,16,3,1.0,37.0,0.6002891217925551,0.1640766172750271,0.2846,504,2529,0.1,0.2,30
50,25,true,,0.12399559658685406,0.2319031684865195,0.11228477499662584,40,45,17.0,49.0,0.8130615065653075,0.15411195577055978,0.2628,504,2529,0.1,0.2,30
20,10,true,,0.07545960175660743,0.2118451880638215,0.13957264516188445,14,16,1.0,19.0,0.7483622350674374,0.0,0.2618,505,2530,0.1,0.2,30
20,10,false,,0.12866729562131807,0.15413458828956106,0.028718398001511755,11,16,1.0,19.0,0.5607769423558897,0.0,0.3232,506,2531,0.1,0.2,30
30,15,false,,0.12450114487569408,0.12386306930479682,0.011306995645561799,13,3,1.0,29.0,0.5335795836131632,0.10040295500335795,0.2856,506,2531,0.1,0.2,30
40,20,true,,0.12371108400441831,0.27568426859705897,0.16023568203396,30,36,2.0,39.0,0.7407407407407407,0.27575757575757576,0.2632,506,2531,0.1,0.2,30
20,10,true,,0.14423528385299714,0.30786458487600715,0.18749404601738873,12,16,2.0,19.0,0.7489589530041642,0.0,0.3248,507,2532,0.1,0.2,30
20,10,false,,0.0715402384537266,0.4482638039430625,0.3764057858470999,16,16,6.0,19.0,0.8552845528455284,0.0,0.2448,508,2533,0.1,0.2,30
30,15,false,,0.06323001388695047,0.39833692627701517,0.3234213502518361,26,25,15.0,29.0,0.9222520107238605,0.37211796246648793,0.1198,508,2533,0.1,0.2,30
40,20,false,,0.19752414887791633,0.05720374906801527,-0.13981891012394793,3,1,1.0,8.0,0.10076923076923076,0.0,0.0426,508,2533,0.1,0.2,30
50,25,false,,0.0864295631498698,0.07494750815000444,-0.014917608572142381,8,3,1.0,28.0,0.3684879288437103,0.031130876747141042,0.0492,508,2533,0.1,0.2,30
60,30,true,,0.0759126831799832,0.2067858806072573,0.1328673210805793,42,42,29.0,57.0,0.8407494145199064,0.10070257611241218,0.0168,508,2533,0.1,0.2,30
20,10,false,,0.11812421484173923,0.31979271844147394,0.21580743060925606,15,16,2.0,19.0,0.7691825869088631,0.0,0.3092,509,2534,0.1,0.2,30
30,15,false,,0.11152425432446043,0.6501424367675478,0.535352350679067,26,26,16.0,29.0,0.86368843069874,0.37877052310042003,0.2608,509,2534,0.1,0.2,30
40,20,false,,0.143121413010166,0.11097715588640131,-0.046622294094935554,11,3,1.0,38.0,0.3821536144578313,0.08433734939759036,0.2482,509,2534,0.1,0.2,30
50,25,false,,0.13855369099257733,0.15273277844503527,0.05573211235450955,12,2,1.0,47.0,0.5750967288075977,0.10798452339078438,0.237,509,2534,0.1,0.2,30
60,30,true,,0.13576032193493964,0.25760756849727157,0.12530186857954745,45,50,19.0,58.0,0.8573170731707317,0.06991869918699187,0.1654,509,2534,0.1,0.2,30
20,10,false,,0.12373292072298131,0.23102140796918633,0.11345333433369306,15,16,2.0,19.0,0.6874397687118535,0.0,0.2834,510,2535,0.1,0.2,30
30,15,false,,0.11464372955783864,0.5351889639869144,0.41252178750233137,25,26,2.0,29.0,0.7967741935483871,0.2838709677419355,0.2702,510,2535,0.1,0.2,30
40,20,false,,0.1239778517026502,0.12208149283504671,-0.0015043271833242444,18,36,1.0,39.0,0.49198905822586947,0.12856584603360688,0.241,510,2535,0.1,0.2,30
50,25,true,,0.11968939498841405,0.6544388314587635,0.5330039596726344,43,44,18.0,49.0,0.9632082413539367,0.0640176600441501,0.2526,510,2535,0.1,0.2,30
20,10,false,,0.094066047349944,0.5795987639547373,0.4887333939244353,16,16,5.0,19.0,0.8730782981766178,0.0,0.2916,511,2536,0.1,0.2,30
30,15,false,,0.11821176544460503,0.09547123578770572,-0.023729937663338155,11,11,1.0,27.0,0.39282990083905417,0.030129672006102212,0.2588,511,2536,0.1,0.2,30
40,20,true,,0.10831873626783889,0.2067232040415158,0.0990295422192945,29,34,3.0,39.0,0.7325714285714285,0.2864761904761905,0.2924,511,2536,0.1,0.2,30
20,10,true,,0.10104870734655762,0.24667488661340045,0.16790764849469506,14,16,1.0,19.0,0.719805081796032,0.0,0.2886,512,2537,0.1,0.2,30
20,10,false,,0.15014367715533503,0.219312518714237,0.09484442084286218,14,16,1.0,19.0,0.6117829457364341,0.0,0.3094,513,2538,0.1,0.2,30
30,15,false,,0.13062762265519043,0.28153144208489406,0.16082404864467187,23,28,2.0,29.0,0.6582576522031618,0.2546249579549277,0.2748,513,2538,0.1,0.2,30
40,20,false,,0.2198445297251557,0.12602896374887115,-0.1042181660031701,5,2,1.0,34.0,0.32050841635176913,0.14187564410855377,0.2144,513,2538,0.1,0.2,30
50,25,false,,0.14353203300988077,0.47896254241047626,0.337024932089631,45,45,37.0,49.0,0.8597110754414126,0.0028892455858747996,0.208,513,2538,0.1,0.2,30
60,30,true,,0.14787212152863813,0.2639436468495785,0.133460022085358,44,54,5.0,59.0,0.8633980881899476,0.162195497995683,0.2078,513,2538,0.1,0.2,30
20,10,false,,0.13709447370119915,0.15759432320948824,0.02724855017947235,12,15,1.0,19.0,0.5347432024169184,0.0,0.2794,514,2539,0.1,0.2,30
30,15,false,,0.13094089517876126,0.12281398029502451,-0.011877955306147062,11,2,1.0,28.0,0.46866391184573003,0.07782369146005509,0.2854,514,2539,0.1,0.2,30
40,20,true,,0.12280889590542741,0.2809855434060348,0.17412338840471672,32,35,4.0,39.0,0.7570483814827706,0.28646014618865295,0.2558,514,2539,0.1,0.2,30
20,10,true,,0.10105139306614752,0.2632029964563264,0.18426026555595537,13,16,1.0,19.0,0.7842605156037992,0.0,0.2976,515,2540,0.1,0.2,30
20,10,false,,0.1513409069873916,0.15978720810908956,-0.00041759997191928577,8,1,1.0,19.0,0.49862367282736925,0.0,0.2482,516,2541,0.1,0.2,30
30,15,false,,0.09584324611395878,0.724153341942208,0.6200379025925046,25,25,7.0,29.0,0.9712783171521036,0.3325242718446602,0.281,516,2541,0.1,0.2,30
40,20,true,,0.11654735080721033,0.48931136524198854,0.3744503644444672,33,35,1.0,39.0,0.7387914230019493,0.27212475633528266,0.2702,516,2541,0.1,0.2,30
20,10,false,,0.1096443001526005,0.16124095962778587,0.06075867372949016,12,16,2.0,19.0,0.6644423260247855,0.0,0.2908,517,2542,0.1,0.2,30
30,15,false,,0.135925015055736,0.11960279266725954,-0.014678667324470956,16,1,1.0,29.0,0.4649290916059793,0.16174779609045611,0.2382,517,2542,0.1,0.2,30
40,20,true,,0.1099736093555847,0.2577183215838738,0.15598362667619775,33,36,11.0,39.0,0.7438934122871946,0.29311621021465584,0.2612,517,2542,0.1,0.2,30
20,10,false,,0.16881023629201966,0.09642147641897392,-0.08745825757552438,7,2,1.0,18.0,0.29852154765649574,0.0,0.2964,518,2543,0.1,0.2,30
30,15,false,,0.13062652693458005,0.32809794933703795,0.21659968563889298,24,27,3.0,29.0,0.6909395973154362,0.2570469798657718,0.2732,518,2543,0.1,0.2,30
40,20,true,,0.12293264855830713,0.3494398975001546,0.22967423191130115,34,36,19.049999999999997,39.0,0.822018994020401,0.31973267674991207,0.2602,518,2543,0.1,0.2,30
20,10,true,,0.09001663988043247,0.22414792397215666,0.13834023655971986,12,12,1.0,19.0,0.777507809788268,0.0,0.3012,519,2544,0.1,0.2,30
20,10,false,,0.13927081894350804,0.19017799433807597,0.06503477050996982,13,17,1.0,19.0,0.6379993900579445,0.0,0.3192,520,2545,0.1,0.2,30
30,15,false,,0.13877406751591176,0.1362523585023848,-0.003970542269548655,19,25,1.0,29.0,0.49260308467107333,0.10261252754170601,0.2872,520,2545,0.1,0.2,30
40,20,false,,0.14202209037219954,0.1306536567623106,-0.00813119522170544,10,3,1.0,38.0,0.4865794907088782,0.16173434273916035,0.2616,520,2545,0.1,0.2,30
50,25,true,,0.13369594235275184,0.512292899013871,0.3875379502476768,44,45,29.0,49.0,0.8856456043956044,0.04773351648351648,0.2324,520,2545,0.1,0.2,30
20,10,false,,0.10053826001895236,0.5410925110678436,0.45402073733486864,16,16,5.0,19.0,0.8601855032634833,0.0,0.2878,521,2546,0.1,0.2,30
30,15,false,,0.10968236116636343,0.3358963995635986,0.23249908885641007,25,26,13.0,29.0,0.834625322997416,0.3237356958287191,0.2654,521,2546,0.1,0.2,30
40,20,false,,0.1248945997006714,0.11725208436672636,-0.013910961764351915,32,33,2.0,39.0,0.44998244998244996,0.28044928044928047,0.2616,521,2546,0.1,0.2,30
50,25,true,,0.1296573667268337,0.5401905463311829,0.40724865540915,42,44,4.0,49.0,0.955994455994456,0.06375606375606375,0.235,521,2546,0.1,0.2,30
20,10,false,,0.0953252765605233,0.28597079519141877,0.21023034107792476,14,16,1.0,19.0,0.6542247744052502,0.0,0.2298,522,2547,0.1,0.2,30
30,15,false,,0.11361696132475757,0.15307190072729038,0.05970340101973063,15,13,2.0,28.0,0.6308677098150782,0.077524893314367,0.3048,522,2547,0.1,0.2,30
40,20,false,,0.11230297594924922,0.15908706253284255,0.05592175513738832,29,34,2.0,39.0,0.6758775205377147,0.2625093353248693,0.278,522,2547,0.1,0.2,30
50,25,true,,0.12067494508425339,0.22880216216318372,0.11129197180602461,40,45,1.0,49.0,0.7591047040971168,0.06790591805766312,0.251,522,2547,0.1,0.2,30
20,10,false,,0.13393793933368156,0.5610073154594336,0.43691810334460646,16,16,2.0,19.0,0.8258823529411765,0.0,0.2946,523,2548,0.1,0.2,30
30,15,false,,0.12730882006977465,0.18063133704652012,0.06525210373364923,24,26,1.0,29.0,0.5725806451612904,0.26152073732718895,0.2358,523,2548,0.1,0.2,30
40,20,false,,0.12050414698407223,0.10936182634882448,-0.028008029696041103,26,35,1.0,38.0,0.4242077128675067,0.23711340206185566,0.2218,523,2548,0.1,0.2,30
50,25,false,,0.16441251434617757,0.1156923142470954,-0.05461931134562158,7,4,1.0,42.72499999999991,0.34583952451708766,0.04606240713224369,0.2576,523,2548,0.1,0.2,30
60,30,true,,0.1247823055333516,0.6292916556597542,0.5039742173319308,54,55,42.0,59.0,0.9933505725895826,0.0033247137052087182,0.2248,523,2548,0.1,0.2,30
20,10,false,,0.0946332300555611,0.3520420277774415,0.25293782912395946,15,16,3.0,19.0,0.8538542029996512,0.0,0.3024,524,2549,0.1,0.2,30
30,15,false,,0.10288406972136309,0.173222089926406,0.08693229906476525,19,25,1.0,29.0,0.6957005189028911,0.14047442550037065,0.2806,524,2549,0.1,0.2,30
40,20,false,,0.13672220753890155,0.10296737048396506,-0.03825097419627024,9,4,1.0,35.0,0.36604062859333075,0.046377922575699504,0.276,524,2549,0.1,0.2,30
50,25,true,,0.11496686173676915,0.30722543581509487,0.19198502760696912,42,43,30.0,49.0,0.7446569178852643,0.06486689163854518,0.2568,524,2549,0.1,0.2,30
20,10,true,,0.07462965412461244,0.19728169097885104,0.12198787263496894,13,16,3.0,19.0,0.7806691449814126,0.0,0.3046,525,2550,0.1,0.2,30
20,10,false,,0.11836827130513868,0.12391515280250755,0.009596530954451774,11,4,1.0,19.0,0.5241355700102704,0.0,0.2668,526,2551,0.1,0.2,30
30,15,false,,0.16911414170220976,0.09832508024465011,-0.07515136939288312,7,2,1.0,28.0,0.3538948200869909,0.06682483194938711,0.266,526,2551,0.1,0.2,30
40,20,false,,0.1380177557064394,0.10224773619735805,-0.04562220704974264,16,3,1.0,37.0,0.38914598233066894,0.216238956668069,0.2528,526,2551,0.1,0.2,30
50,25,false,,0.1299556325914665,0.13481019525237836,0.026356088911596187,34,2,1.0,48.0,0.5422396856581533,0.028290766208251474,0.2536,526,2551,0.1,0.2,30
60,30,true,,0.11941784634488536,0.4388843496891689,0.31711316407047674,54,55,43.0,59.0,0.8931034482758621,0.0007662835249042146,0.2388,526,2551,0.1,0.2,30
20,10,true,,0.10092977359373263,0.38866575532046854,0.29160927370658235,14,17,1.0,19.0,0.7714080974561089,0.0,0.292,527,2552,0.1,0.2,30
20,10,false,,0.08450829536104693,0.1077053486107713,0.02751141430818438,10,1,1.0,19.0,0.5680285600952003,0.0,0.2668,528,2553,0.1,0.2,30
30,15,true,,0.09435725866847679,0.19696763394955252,0.11188346237893547,20,26,1.0,29.0,0.7258129265355279,0.15776796467282217,0.269,528,2553,0.1,0.2,30
20,10,true,,0.12930895272374743,0.29169586432714645,0.18218316906874502,14,15,1.0,19.0,0.7540878486694453,0.0,0.2986,529,2554,0.1,0.2,30
20,10,false,,0.15918971077205152,0.11864502954901919,-0.05272811660263718,8,1,1.0,19.0,0.4018264840182648,0.0,0.3048,530,2555,0.1,0.2,30
30,15,false,,0.15075409893751435,0.09356338179748591,-0.07289754362552713,10,3,1.0,28.0,0.3230437903804738,0.07896625987078248,0.2796,530,2555,0.1,0.2,30
40,20,false,,0.12977422052725854,0.12580876264716379,0.0013199415122467986,19,36,2.0,38.0,0.5033039647577092,0.1696035242290749,0.255,530,2555,0.1,0.2,30
50,25,true,,0.12277535716292949,0.24435906395651422,0.125153049744557,39,42,4.0,48.0,0.8228105906313645,0.12898845892735913,0.2634,530,2555,0.1,0.2,30
20,10,true,,0.08480606957047698,0.27194838254510345,0.1865205977261375,14,16,2.0,19.0,0.7797513321492007,0.0,0.302,531,2556,0.1,0.2,30
20,10,false,,0.13657387705260018,0.18277067311904782,0.06794067948358427,14,16,2.0,19.0,0.628588882101405,0.0,0.2932,532,2557,0.1,0.2,30
30,15,false,,0.10219350873998648,0.4660010548531665,0.3637817016587351,26,27,2.0,29.0,0.87995100040833,0.40302164148632097,0.2238,532,2557,0.1,0.2,30
40,20,true,,0.1086592983990652,0.27300372093615777,0.16771777699077467,33,37,4.0,39.0,0.765527950310559,0.1890527950310559,0.28,532,2557,0.1,0.2,30
20,10,false,,0.09977891102996297,0.2754846454535276,0.18996049732932727,15,15,2.0,19.0,0.7860627177700349,0.0,0.3042,533,2558,0.1,0.2,30
30,15,false,,0.12754233767876613,0.1104029414933015,-0.005854935772300687,12,3,1.0,29.0,0.487569573283859,0.1313543599257885,0.2802,533,2558,0.1,0.2,30
40,20,true,,0.11556135561935023,0.21289544792532594,0.10340254694754517,31,35,2.0,39.0,0.7155588562940958,0.3033791310805793,0.2728,533,2558,0.1,0.2,30
20,10,false,,0.2496690695496946,0.14082451569259777,-0.16434475124865022,5,1,1.0,19.0,0.43011139058569886,0.0,0.2186,534,2559,0.1,0.2,30
30,15,false,,0.15905562591187208,0.11260141305750845,-0.07952750346563904,5,1,1.0,29.0,0.38062807415815364,0.07529322739311388,0.2478,534,2559,0.1,0.2,30
40,20,false,,0.132677895034186,0.11929592151482402,-0.020715025828644124,12,2,1.0,38.0,0.4593195266272189,0.14423076923076922,0.2478,534,2559,0.1,0.2,30
50,25,false,,0.12453175007752308,0.1487893499734327,0.03687719975707038,29,35,3.0,48.0,0.6455044612216884,0.1431022649279341,0.2588,534,2559,0.1,0.2,30
60,30,true,,0.13389364196903408,0.661619558642594,0.5278509307192052,54,54,48.0,59.0,0.9488175079421108,0.0,0.1874,534,2559,0.1,0.2,30
20,10,false,,0.10026011185650174,0.2002607423178502,0.10608801988540702,14,16,2.0,19.0,0.6929940515532056,0.0,0.2996,535,2560,0.1,0.2,30
30,15,false,,0.11627979345630148,0.11700388368691562,0.009240212953622332,11,3,1.0,29.0,0.5209886229894076,0.1114162416633974,0.2568,535,2560,0.1,0.2,30
40,20,true,,0.11322295307804613,0.31477795076761805,0.20902371636150666,30,35,2.0,39.0,0.7483597066769587,0.2612890775762254,0.2868,535,2560,0.1,0.2,30
20,10,false,,0.09202509003303636,0.13446283969302386,0.04628976844248989,12,15,1.0,19.0,0.5947275922671353,0.0,0.269,536,2561,0.1,0.2,30
30,15,false,,0.11580819185086146,0.13175287439338879,0.037609833078221654,20,25,1.0,29.0,0.5637795275590551,0.16929133858267717,0.2574,536,2561,0.1,0.2,30
40,20,false,,0.10877905989483434,0.6100809482298934,0.5013411381520467,35,35,10.0,39.0,0.9178250204415372,0.24243663123466885,0.2642,536,2561,0.1,0.2,30
50,25,false,,0.12118832375138687,0.14906517952799025,0.034761664259260486,31,40,3.0,48.0,0.6156424581005586,0.14152700186219738,0.2738,536,2561,0.1,0.2,30
60,30,true,,0.11873967458245593,0.1582088077712113,0.047357152907617356,38,48,5.0,58.0,0.7017609591607343,0.11764705882352941,0.207,536,2561,0.1,0.2,30
20,10,false,,0.13613964901807724,0.08277447144234487,-0.059315931127349765,8,7,1.0,18.0,0.364604125083167,0.0,0.2938,537,2562,0.1,0.2,30
30,15,false,,0.12091318275605528,0.09737589145242251,-0.030605433806862585,11,5,1.0,28.0,0.4114307342922029,0.03936411809235428,0.2828,537,2562,0.1,0.2,30
40,20,false,,0.10615054766530743,0.1756433785361527,0.07477278270940971,30,35,6.0,39.0,0.6882022471910112,0.35313001605136435,0.2742,537,2562,0.1,0.2,30
50,25,true,,0.11931675901770007,0.19682126893816898,0.09813171881507055,39,44,5.0,48.0,0.7174515235457064,0.11426592797783934,0.2754,537,2562,0.1,0.2,30
20,10,true,,0.11436027140683691,0.2887726975339342,0.17893950880013715,14,16,2.0,19.0,0.7423191278493558,0.0,0.2852,538,2563,0.1,0.2,30
20,10,false,,0.09136572464776724,0.14861954751763884,0.08712699209690733,13,17,1.0,19.0,0.6768720029509406,0.0,0.296,539,2564,0.1,0.2,30
30,15,false,,0.09577688455990241,0.09352125597824942,0.001004494074076212,14,2,1.0,28.0,0.5035971223021583,0.07194244604316546,0.2136,539,2564,0.1,0.2,30
40,20,false,,0.4584044836103481,0.06806628094509828,-0.39863890827228876,3,1,1.0,9.0,0.12114152591729761,0.0,0.0902,539,2564,0.1,0.2,30
50,25,false,,0.13780266125754634,0.081107661687579,-0.06918751353548247,5,2,1.0,45.0,0.2692523889825745,0.06913996627318718,0.0946,539,2564,0.1,0.2,30
60,30,false,,0.08554916255979102,0.09290108639973114,-0.0037278855308415654,38,58,16.0,59.0,0.4861612515042118,0.18110709987966306,0.0842,539,2564,0.1,0.2,30
20,10,false,,0.1976057406096524,0.0990632620968306,-0.11181850178329802,5,1,1.0,19.0,0.32526315789473687,0.0,0.2614,540,2565,0.1,0.2,30
30,15,false,,0.11268089173235563,0.4716691578897611,0.37504517663454656,25,26,6.0,29.0,0.8085030367988567,0.2815291175419793,0.272,540,2565,0.1,0.2,30
40,20,false,,0.11483697242734518,0.1392558106729778,0.031413161473554954,21,18,4.0,37.0,0.6219810990549528,0.19215960798039902,0.2966,540,2565,0.1,0.2,30
50,25,false,,0.13326979550242612,0.13831592639437415,0.005247988328997144,23,1,1.0,47.0,0.5335235378031383,0.1137660485021398,0.2344,540,2565,0.1,0.2,30
60,30,false,,0.14814350602419804,0.1443736014083067,-0.013571604170166236,13,13,1.0,22.0,0.4618834080717489,0.0,0.0288,540,2565,0.1,0.2,30
20,10,false,,0.06526868376225184,0.10998735422963704,0.04443525073441046,12,15,1.0,19.0,0.6230434782608696,0.0,0.19,541,2566,0.1,0.2,30
30,15,false,,0.11871172879834001,0.09002718569650696,-0.028051215449743296,8,3,1.0,26.0,0.4222873900293255,0.022203602848764138,0.2608,541,2566,0.1,0.2,30
40,20,false,,0.10479664980663939,0.12197355547571624,0.026008009363939835,24,32,1.0,38.0,0.5783549783549784,0.2619047619047619,0.1962,541,2566,0.1,0.2,30
50,25,false,,0.09365980353912365,0.3006783420625201,0.2027378336186936,45,48,35.0,49.0,0.845771144278607,0.017412935323383085,0.147,541,2566,0.1,0.2,30
60,30,false,,0.09999408035511494,0.14027098367116947,0.04245513202251204,50,48,22.0,59.0,0.6190248565965584,0.05449330783938815,0.1298,541,2566,0.1,0.2,30
20,10,false,,0.10974390840771664,0.4244300203275599,0.31939666427498004,15,16,2.0,19.0,0.797752808988764,0.0,0.292,542,2567,0.1,0.2,30
30,15,false,,0.17181789100286507,0.0948327995772718,-0.08638593863503813,7,2,1.0,24.0,0.2627998567848192,0.0007160759040458289,0.2672,542,2567,0.1,0.2,30
40,20,false,,0.14687630748772704,0.10883473658908129,-0.04399448207813976,9,2,1.0,38.0,0.39751069622714896,0.048619214313496695,0.267,542,2567,0.1,0.2,30
50,25,true,,0.120261103621891,0.3188786207684357,0.20210199161417558,42,46,15.0,49.0,0.8549260194875496,0.1559003969686034,0.2542,542,2567,0.1,0.2,30
20,10,false,,0.2863840756733521,0.05510664480738946,-0.2199733870585197,3,1,1.0,18.0,0.20893617021276595,0.0,0.2064,543,2568,0.1,0.2,30
30,15,false,,0.1301389894763866,0.11621330704234349,-0.039263406670807535,12,3,1.0,29.0,0.42441447835344215,0.1078779276082328,0.2814,543,2568,0.1,0.2,30
40,20,false,,0.1296706470997238,0.11994227933175347,-0.013183718928783658,19,4,1.0,38.0,0.4433240611961057,0.20027816411682892,0.2668,543,2568,0.1,0.2,30
50,25,true,,0.1301809277228389,0.20291273458497167,0.07993455778419287,34,39,11.0,48.0,0.7806451612903226,0.17483870967741935,0.257,543,2568,0.1,0.2,30
20,10,false,,0.1279529750675554,0.2010842910974688,0.09533835237237384,11,16,1.0,19.0,0.6580565805658056,0.0,0.3262,544,2569,0.1,0.2,30
30,15,false,,0.1278760562127604,0.178348721384398,0.0647005189393028,21,26,1.0,29.0,0.6097724230254351,0.15528781793842034,0.2522,544,2569,0.1,0.2,30
40,20,false,,0.1325641254175029,0.1402463773287792,0.020639420074334044,22,35,2.0,38.0,0.5425311203319502,0.1950207468879668,0.2704,544,2569,0.1,0.2,30
50,25,true,,0.134405315101598,0.2032164253596871,0.10476812463735294,24,44,2.0,49.0,0.745920745920746,0.013986013986013986,0.2274,544,2569,0.1,0.2,30
20,10,true,,0.06862488404333503,0.21423879614816088,0.15148028301728964,13,16,2.0,19.0,0.7615740740740741,0.0,0.2396,545,2570,0.1,0.2,30
20,10,false,,0.16838724512722317,0.12577043199937452,-0.06180259105514718,11,16,1.0,19.0,0.3943530871858517,0.0,0.2834,546,2571,0.1,0.2,30
30,15,false,,0.140890306480291,0.13309180998643436,-0.018511623663630752,15,3,1.0,28.0,0.4414469650521153,0.09043531575720416,0.29,546,2571,0.1,0.2,30
40,20,false,,0.13688083665717685,0.1367478373311699,0.011849870841501908,16,2,1.0,38.0,0.5291343886830583,0.12596833950825193,0.2544,546,2571,0.1,0.2,30
50,25,true,,0.1431081456403342,0.21777546145255752,0.09084497756959786,40,43,1.0,49.0,0.7089141004862236,0.04376012965964344,0.2264,546,2571,0.1,0.2,30
20,10,false,,0.1148950144666219,0.4775395380809398,0.36552096206880413,16,17,8.0,19.0,0.8631899762952929,0.0,0.276,547,2572,0.1,0.2,30
30,15,false,,0.185055161248316,0.12218137386693392,-0.07958700792725026,5,2,1.0,27.0,0.3516521739130435,0.03269565217391304,0.275,547,2572,0.1,0.2,30
40,20,true,,0.1308399058638679,0.3024823927023106,0.17120744394388906,32,35,2.0,39.0,0.7415994623655914,0.2439516129032258,0.2598,547,2572,0.1,0.2,30
20,10,false,,0.10095729156375265,0.1608834483399473,0.07468380969408923,13,16,1.0,19.0,0.6893106893106893,0.0,0.3168,548,2573,0.1,0.2,30
30,15,false,,0.1277581553861077,0.13841340632307114,0.014749887223958272,13,2,1.0,28.0,0.5273253709735795,0.08360477741585233,0.2826,548,2573,0.1,0.2,30
40,20,true,,0.11884409966430115,0.19087075704234518,0.10758828923838626,21,36,1.0,39.0,0.719680464778504,0.14596949891067537,0.2668,548,2573,0.1,0.2,30
20,10,false,,0.09328458910134113,0.1555961761037487,0.07817865891241875,13,17,3.0,19.0,0.6443674176776429,0.0,0.2756,549,2574,0.1,0.2,30
30,15,false,,0.558486286094157,0.05559333208915804,-0.501155076236982,2,1,1.0,24.0,0.07245604688332445,0.017048481619605753,0.1378,549,2574,0.1,0.2,30
40,20,false,,0.13133633424855534,0.08207571893291482,-0.05065972443266238,16,16,3.0,37.0,0.3105773282764433,0.07079646017699115,0.2518,549,2574,0.1,0.2,30
50,25,false,,0.12212118564910149,0.11509836401595597,-0.010364499584809617,22,41,1.0,48.0,0.45271966527196655,0.09456066945606695,0.2654,549,2574,0.1,0.2,30
60,30,true,,0.11469070656183096,0.17797431660335922,0.06439505958668254,43,55,23.0,59.0,0.7011494252873564,0.22671422909235037,0.2566,549,2574,0.1,0.2,30
20,10,false,,0.07193521692359539,0.0694024179464915,-0.001461914439200629,9,6,1.0,19.0,0.49279538904899134,0.0,0.2112,550,2575,0.1,0.2,30
30,15,false,,0.08623988465560652,0.06745181939426032,-0.03036119105887801,15,2,1.0,27.125,0.4160839160839161,0.05652680652680653,0.0758,550,2575,0.1,0.2,30
40,20,false,,0.06688473215016366,0.12763185833186308,0.07197506834538864,28,1,1.0,38.0,0.6141078838174274,0.33402489626556015,0.0474,550,2575,0.1,0.2,30
50,25,false,,0.7690441200473054,0.0540387297550602,-0.7177114450347295,1,1,1.0,3.0,0.0,0.0,0.0198,550,2575,0.1,0.2,30
60,30,true,,0.06659320751694803,0.21001216621131566,0.1443351263645002,52,47,42.0,58.0,0.8773281952472703,0.0,0.0258,550,2575,0.1,0.2,30
20,10,false,,0.09653169273274313,0.6079089380795153,0.5098519490467621,16,16,10.0,19.0,0.9460641399416909,0.0,0.274,551,2576,0.1,0.2,30
30,15,true,,0.10620576926237787,0.2813195584451268,0.18804399149881862,21,26,2.0,29.0,0.7934936350777935,0.1601838755304102,0.302,551,2576,0.1,0.2,30
20,10,false,,0.08403442721754202,0.38952715550061384,0.3035472438202311,15,16,2.0,19.0,0.8454038997214485,0.0,0.3062,552,2577,0.1,0.2,30
30,15,false,,0.13570586013266908,0.10026329368800972,-0.03750795470366024,8,1,1.0,28.0,0.4141849529780564,0.05760188087774295,0.2402,552,2577,0.1,0.2,30
40,20,false,,0.14631032829999394,0.10844132790951522,-0.05352393588976502,11,2,1.0,37.0,0.39415204678362575,0.10097465886939572,0.2496,552,2577,0.1,0.2,30
50,25,true,,0.12402387965181567,0.2423723651902488,0.12258049709523647,41,41,26.0,49.0,0.7815449143656065,0.09786787836420832,0.252,552,2577,0.1,0.2,30
20,10,false,,0.10329702085522502,0.34701782874963283,0.2619134056501526,15,16,1.0,19.0,0.7250616848783926,0.0,0.2684,553,2578,0.1,0.2,30
30,15,false,,0.08586842900126386,0.6547925826828858,0.566938380528127,26,27,9.0,29.0,0.9507323568575233,0.3954727030625832,0.1988,553,2578,0.1,0.2,30
40,20,false,,0.11728522084435623,0.11110918186972714,0.0010432529083170966,14,3,2.0,35.0,0.5061728395061729,0.14526748971193415,0.2654,553,2578,0.1,0.2,30
50,25,true,,0.11359924114251811,0.27928955114895504,0.16364141311374555,40,46,25.0,49.0,0.8315156073711921,0.17450169236555096,0.2752,553,2578,0.1,0.2,30
20,10,false,,0.09188570645518469,0.25684500655178866,0.1700512876471023,13,1,1.0,19.0,0.6751134644478064,0.0,0.273,554,2579,0.1,0.2,30
30,15,false,,0.1068499326352085,0.0921485353164478,0.00011224658431573803,10,1,1.0,29.0,0.5,0.07805530776092774,0.1978,554,2579,0.1,0.2,30
40,20,true,,0.10677488741448883,0.4464522297155225,0.32988693666911706,34,36,22.225,39.0,0.8534136546184738,0.334136546184739,0.276,554,2579,0.1,0.2,30
20,10,false,,0.14453786319168535,0.2455281653415897,0.1208662754292153,15,16,1.0,19.0,0.6109677419354839,0.0,0.2872,555,2580,0.1,0.2,30
30,15,false,,0.11652826811797205,0.14809316180539706,0.03792266086512547,20,25,2.0,29.0,0.590042372881356,0.13665254237288135,0.2662,555,2580,0.1,0.2,30
40,20,true,,0.11849135326103606,0.2734341544470094,0.16589685575547017,30,33,1.0,38.0,0.7492052278346873,0.32073472271282233,0.2606,555,2580,0.1,0.2,30
20,10,true,,0.10977877944476083,0.2602126101559956,0.1906538007655587,12,17,1.0,19.0,0.7738726790450928,0.0,0.3166,556,2581,0.1,0.2,30
20,10,false,,0.10853353141433497,0.18657850271820473,0.09062228693567936,14,17,2.0,19.0,0.6975673898750822,0.0,0.2962,557,2582,0.1,0.2,30
30,15,false,,0.12498462834657499,0.13582504138391782,0.013198439560240194,12,8,1.0,28.0,0.5343333333333333,0.065,0.3058,557,2582,0.1,0.2,30
40,20,false,,0.1291222616008439,0.1254993195931468,-0.002268907391457742,13,11,2.0,37.0,0.49687282835302293,0.05489923558026407,0.2818,557,2582,0.1,0.2,30
50,25,false,,0.1260926128201051,0.4460598635949997,0.3150194041191734,45,47,26.0,49.0,0.8249170659786215,0.05307777368227055,0.2136,557,2582,0.1,0.2,30
60,30,true,,0.13713287249983447,0.24181784944253765,0.11124814567842603,45,56,7.0,58.0,0.8677274987568374,0.06016907011437096,0.1122,557,2582,0.1,0.2,30
20,10,false,,0.10009188924423008,0.5468068303776547,0.43610708584555596,16,17,3.0,19.0,0.8668763102725366,0.0,0.2996,558,2583,0.1,0.2,30
30,15,false,,0.11207750810634087,0.15088683497405947,0.05580720470238794,13,4,2.0,28.0,0.6484994825802001,0.1083132114522249,0.3002,558,2583,0.1,0.2,30
40,20,false,,0.13060924476686234,0.15170187864954898,0.043157935501593164,23,1,1.0,39.0,0.5894087776568734,0.1418208197315923,0.2552,558,2583,0.1,0.2,30
50,25,false,,0.13591318791005375,0.13491519590393694,0.0031303858060336975,20,5,1.0,48.0,0.5091663784157731,0.16118989968868905,0.246,558,2583,0.1,0.2,30
60,30,true,,0.1301720479501583,0.20905165257018996,0.08873092475515604,34,46,10.0,57.0,0.882597568777991,0.18458093410108764,0.2094,558,2583,0.1,0.2,30
20,10,false,,0.11452572097099628,0.1696297728688257,0.06284057829854306,10,15,1.0,19.0,0.6390977443609023,0.0,0.3022,559,2584,0.1,0.2,30
30,15,false,,0.13073890461760818,0.10826310827891775,-0.03689256159208326,10,2,1.0,28.0,0.3737740646567381,0.08063930257900472,0.2338,559,2584,0.1,0.2,30
40,20,true,,0.11644689944505524,0.28916883590839754,0.18272197766243564,31,36,10.0,39.0,0.785512367491166,0.3646643109540636,0.272,559,2584,0.1,0.2,30
20,10,false,,0.1234323035658369,0.15384138655331908,0.046451921461345066,12,1,1.0,19.0,0.5749829584185412,0.0,0.2528,560,2585,0.1,0.2,30
30,15,false,,0.11695757180720956,0.1768499473096135,0.08629901956472068,17,26,1.0,29.0,0.6973870056497176,0.13877118644067796,0.2904,560,2585,0.1,0.2,30
40,20,false,,0.14777356443666728,0.11768686627121276,-0.06126466815309052,15,1,1.0,39.0,0.37152077450584914,0.127470754336426,0.2178,560,2585,0.1,0.2,30
50,25,true,,0.13142763155998347,0.4883664241077564,0.36089758624464596,44,46,28.0,49.0,0.9491234101065659,0.047438982468202134,0.243,560,2585,0.1,0.2,30
20,10,false,,0.10740344157419501,0.21064178492853153,0.12109167934237053,13,17,1.0,19.0,0.6493197278911564,0.0,0.2706,561,2586,0.1,0.2,30
30,15,false,,0.18578108289897394,0.10469852026833795,-0.08660586471332411,4,1,1.0,29.0,0.38825995807127883,0.07840670859538784,0.2168,561,2586,0.1,0.2,30
40,20,false,,0.19110727009783682,0.11662528806944457,-0.09073724609923864,6,2,1.0,37.0,0.36196078431372547,0.05529411764705883,0.2316,561,2586,0.1,0.2,30
50,25,true,,0.126780995797411,0.20612780828676353,0.10780356951097081,33,47,3.0,49.0,0.7657439446366782,0.17058823529411765,0.25,561,2586,0.1,0.2,30
20,10,false,,0.1003460668419736,0.31784077792288945,0.2221330693230405,15,16,2.0,19.0,0.7542857142857143,0.0,0.296,562,2587,0.1,0.2,30
30,15,false,,0.10885711236690314,0.10423680191378219,-0.0025889878769720653,17,25,2.0,28.0,0.49424405218726014,0.1101304681504221,0.284,562,2587,0.1,0.2,30
40,20,false,,0.10641829062626823,0.4643353835500621,0.34796398602137846,35,36,21.0,39.0,0.9129734085414988,0.32836422240128926,0.2576,562,2587,0.1,0.2,30
50,25,false,,0.5388409469472708,0.10998758229998348,-0.43914286300158917,3,1,1.0,46.82499999999982,0.18055555555555555,0.016748366013071895,0.2018,562,2587,0.1,0.2,30
60,30,true,,0.13002437087518964,0.4133172700478792,0.28585547220584945,50,51,33.0,58.0,0.9178583305620219,0.02760226139008979,0.234,562,2587,0.1,0.2,30
20,10,false,,0.11231718072953588,0.1647520105809949,0.06644353736110495,13,15,2.0,19.0,0.6548418024928092,0.0,0.3108,563,2588,0.1,0.2,30
30,15,false,,0.11928001409870943,0.1670734556513993,0.06692303288509549,18,26,2.0,29.0,0.674788823911631,0.11306042884990253,0.3076,563,2588,0.1,0.2,30
40,20,false,,0.12526042719144778,0.17458806453308592,0.0738906864437607,32,35,2.0,39.0,0.6895356895356896,0.2626472626472626,0.2612,563,2588,0.1,0.2,30
50,25,true,,0.1285105561105849,0.28166413971749293,0.17085274351122245,40,46,2.0,49.0,0.8377641445126107,0.09202453987730061,0.2416,563,2588,0.1,0.2,30
20,10,false,,0.4571107004208742,0.088648656891702,-0.3726463262593506,3,1,1.0,17.0,0.20622119815668202,0.0,0.2446,564,2589,0.1,0.2,30
30,15,false,,0.13659259119093978,0.09191517186783867,-0.053339147072011435,8,1,1.0,28.0,0.34104046242774566,0.045472061657032756,0.258,564,2589,0.1,0.2,30
40,20,true,,0.10895259328201655,0.359312395523009,0.24344766267423684,33,36,3.0,39.0,0.82426614481409,0.2461839530332681,0.2696,564,2589,0.1,0.2,30
20,10,false,,0.14212420373055842,0.11718099957091459,-0.029507158192960514,7,4,1.0,19.0,0.4380892520427404,0.0,0.3066,565,2590,0.1,0.2,30
30,15,false,,0.12641297410293156,0.18809592670504402,0.07887304637711842,22,26,1.0,29.0,0.646265218821981,0.17472852912142153,0.2608,565,2590,0.1,0.2,30
40,20,false,,0.12747950011548592,0.155559381711803,0.04616392466581208,21,35,3.0,39.0,0.6501661129568106,0.1461794019933555,0.257,565,2590,0.1,0.2,30
50,25,true,,0.13759158112455772,0.3798652496538394,0.24415406959680458,43,44,28.0,49.0,0.8871071199486851,0.08050032071840924,0.245,565,2590,0.1,0.2,30
20,10,false,,0.14366545002993172,0.13337890800133506,-0.015590725683716708,6,1,1.0,18.0,0.4651561963611397,0.0,0.267,566,2591,0.1,0.2,30
30,15,false,,0.14050161952885415,0.1275647009478967,-0.015754807313492436,16,2,1.0,29.0,0.4648216072024008,0.12070690230076692,0.2734,566,2591,0.1,0.2,30
40,20,false,,0.16180495084572474,0.12800436344579352,-0.046949038983906594,7,3,1.0,38.0,0.400653832183073,0.0446785325099891,0.2234,566,2591,0.1,0.2,30
50,25,false,,0.14149792080743254,0.18883294039952248,0.07118284760448419,33,44,2.0,48.0,0.6887417218543046,0.05676442762535478,0.2212,566,2591,0.1,0.2,30
60,30,true,,0.14372536110209044,0.22906955466463946,0.09915113576841951,39,34,2.0,57.0,0.8329260843005498,0.09621258399511301,0.2136,566,2591,0.1,0.2,30
20,10,false,,0.17156992514134833,0.15342080259709892,-0.0178555405878755,10,3,1.0,19.0,0.4762684124386252,0.0,0.27,567,2592,0.1,0.2,30
30,15,false,,0.14225768806912026,0.0959600847436236,-0.05644719987059241,12,4,1.0,28.0,0.3693143245078072,0.06042090970807875,0.2692,567,2592,0.1,0.2,30
40,20,false,,0.15077975386161482,0.11111654904872263,-0.05835289914413705,13,3,1.0,38.0,0.35998565794191467,0.1828612405880244,0.2436,567,2592,0.1,0.2,30
50,25,false,,0.13005122154361018,0.1757364594183611,0.06773781708079343,32,45,3.0,48.0,0.6952317439146383,0.09303101033677892,0.258,567,2592,0.1,0.2,30
60,30,true,,0.13366414239745816,0.22241792756022252,0.12845242513917282,44,57,3.0,58.0,0.8014464168310322,0.04437869822485207,0.2272,567,2592,0.1,0.2,30
20,10,false,,0.13557970006640108,0.17944310870080174,0.06323938791787817,12,17,1.0,19.0,0.5970149253731343,0.0,0.293,568,2593,0.1,0.2,30
30,15,false,,0.19683590634700318,0.10480727317423777,-0.10673647389043675,5,1,1.0,29.0,0.3233396584440228,0.09184060721062619,0.2344,568,2593,0.1,0.2,30
40,20,true,,0.11616923970697823,0.33002266450947265,0.22181999877211245,33,35,16.0,39.0,0.8358846564613741,0.3349946600213599,0.2676,568,2593,0.1,0.2,30
20,10,false,,0.10909199675755633,0.3550662089092173,0.2579426807894294,15,16,3.0,19.0,0.8739358218729535,0.0,0.3058,569,2594,0.1,0.2,30
30,15,false,,0.12506002936939062,0.2861672506267044,0.16961978221044538,23,26,1.0,29.0,0.6727649292371418,0.21539523645150155,0.25,569,2594,0.1,0.2,30
40,20,true,,0.11891683282073055,0.45546313048656545,0.33027720844996233,33,35,4.0,39.0,0.875750088245676,0.2954465231203671,0.2638,569,2594,0.1,0.2,30
20,10,false,,0.11808867149492473,0.3505513929856527,0.24478699707865081,15,17,1.0,19.0,0.729253112033195,0.0,0.2828,570,2595,0.1,0.2,30
30,15,false,,0.13596053612758396,0.10803958823815178,-0.029163680423112,15,2,1.0,29.0,0.420516551473263,0.1709712622771917,0.2586,570,2595,0.1,0.2,30
40,20,false,,0.1308827883373426,0.12085529499565326,-0.010390266192769733,12,8,1.0,38.0,0.4595536959553696,0.10495118549511855,0.2698,570,2595,0.1,0.2,30
50,25,true,,0.13142752919308395,0.2683376162950162,0.14244402041920745,39,45,24.0,48.0,0.8136932192231732,0.21757735352205398,0.2562,570,2595,0.1,0.2,30
20,10,false,,0.13608745480014703,0.09880530303203908,-0.029216986077783946,6,1,1.0,19.0,0.4450592885375494,0.0,0.249,571,2596,0.1,0.2,30
30,15,false,,0.09483890078912065,0.13947080012662677,0.05482013385739444,22,29,1.0,29.0,0.6482905982905983,0.2388888888888889,0.2234,571,2596,0.1,0.2,30
40,20,true,,0.10881976304544053,0.32608409214603623,0.2158423733453711,34,35,7.0,39.0,0.7451942740286298,0.2883435582822086,0.2718,571,2596,0.1,0.2,30
20,10,false,,0.08410468065765712,0.5788681233647621,0.5005706130041435,15,16,1.0,19.0,0.8537735849056604,0.0,0.2834,572,2597,0.1,0.2,30
30,15,false,,0.1089302182263958,0.13104445054379463,0.03688311944807443,9,7,1.0,26.0,0.6165099268547545,0.022640195053988156,0.3078,572,2597,0.1,0.2,30
40,20,false,,0.12051261954760462,0.14663883620186746,0.04497943462260623,29,35,2.0,39.0,0.5684326710816777,0.17439293598233996,0.2648,572,2597,0.1,0.2,30
50,25,true,,0.11800704222395952,0.6131542675165754,0.48379638457522006,44,45,15.0,49.0,0.9168564920273349,0.08997722095671981,0.2576,572,2597,0.1,0.2,30
20,10,false,,0.08927350752169257,0.5867232730082972,0.49963164047496006,16,17,2.0,19.0,0.8745318352059925,0.0,0.2806,573,2598,0.1,0.2,30
30,15,false,,0.1019579972111718,0.1545172697777738,0.05357553006370758,22,25,1.0,29.0,0.6273530541682674,0.17979254706108336,0.2568,573,2598,0.1,0.2,30
40,20,false,,0.12127004031553575,0.18099920543132758,0.07121147553634871,25,36,1.0,38.0,0.6155651153695737,0.24051622995698083,0.2822,573,2598,0.1,0.2,30
50,25,false,,0.12870274367911672,0.12235876611725514,-0.0071490494316557365,9,6,1.0,48.0,0.47661290322580646,0.05040322580645161,0.251,573,2598,0.1,0.2,30
60,30,false,,0.17976244771116492,0.12854497654274613,-0.04960323212392988,7,4,1.0,20.0,0.348,0.0,0.066,573,2598,0.1,0.2,30
20,10,false,,0.11038921559244612,0.41682407138993627,0.317407346104331,15,17,2.0,19.0,0.800132362673726,0.0,0.2974,574,2599,0.1,0.2,30
30,15,false,,0.1084697270415999,0.31653647933882373,0.20807484408173743,25,26,6.0,29.0,0.814694173000362,0.29460731089395586,0.2682,574,2599,0.1,0.2,30
40,20,true,,0.11844338270059224,0.5444746463270698,0.4223841264907409,34,35,20.0,39.0,0.9608837377761681,0.34480260775081495,0.2694,574,2599,0.1,0.2,30
20,10,false,,0.11024937310006883,0.6110287705048104,0.5063147481389049,16,16,10.0,19.0,0.9866529774127311,0.0,0.2684,575,2600,0.1,0.2,30
30,15,false,,0.11844833633021656,0.14797557994703883,0.03938946427253674,20,27,1.0,29.0,0.6127266507013343,0.14266164899076292,0.278,575,2600,0.1,0.2,30
40,20,false,,0.12449349395938655,0.18548408717888526,0.08778018101924266,29,35,1.0,39.0,0.6663116790912318,0.19346822861199858,0.266,575,2600,0.1,0.2,30
50,25,true,,0.12744525104050816,0.35500172111786527,0.22836244480822443,44,46,24.0,49.0,0.8464716006884682,0.05748709122203098,0.2398,575,2600,0.1,0.2,30
20,10,false,,0.12186775738855643,0.17120541490071395,0.06162367114588422,13,16,2.0,19.0,0.5979685452162516,0.0,0.291,576,2601,0.1,0.2,30
30,15,true,,0.11065724773232205,0.5904017397470637,0.4812786875726845,24,26,3.0,29.0,0.8958855098389982,0.23685152057245082,0.2874,576,2601,0.1,0.2,30
20,10,false,,0.12391859091919338,0.627106716079324,0.4986029644764284,16,16,1.0,19.0,0.8509549795361528,0.0,0.2912,577,2602,0.1,0.2,30
30,15,false,,0.1213800568150756,0.14865527408209075,0.037331887837880946,19,25,1.0,29.0,0.5925675675675676,0.12364864864864865,0.2864,577,2602,0.1,0.2,30
40,20,true,,0.12056244468112169,0.20675622134649976,0.09703083317390314,33,37,3.0,39.0,0.7017222425796995,0.3023085379259802,0.25,577,2602,0.1,0.2,30
20,10,false,,0.09590998833939501,0.2836364908318421,0.20313517743360138,14,16,1.0,19.0,0.6867939228671601,0.0,0.2448,578,2603,0.1,0.2,30
30,15,true,,0.10316948715537243,0.33614088883774756,0.23271615032812853,24,27,4.0,29.0,0.8187641296156745,0.23775433308214017,0.29,578,2603,0.1,0.2,30
20,10,false,,0.06844956361352698,0.6038290458615249,0.5285354544707173,16,16,3.0,19.0,0.9183585313174946,0.0,0.2258,579,2604,0.1,0.2,30
30,15,false,,0.10617054652558829,0.12496611785784689,0.03804277719498345,16,2,1.0,29.0,0.5752105896510229,0.10870437224227839,0.2816,579,2604,0.1,0.2,30
40,20,false,,0.10896452226028795,0.17962826026426051,0.08345669930097867,28,34,2.0,39.0,0.6816,0.2524,0.2914,579,2604,0.1,0.2,30
50,25,false,,0.1191707200702885,0.13339084844021992,0.021981270727820086,24,45,2.0,49.0,0.5617138364779874,0.05581761006289308,0.2614,579,2604,0.1,0.2,30
60,30,false,,0.1928084772042299,0.119200782571681,-0.07788202305251223,5,2,1.0,26.0,0.31952902963865204,0.023142509135200974,0.2086,579,2604,0.1,0.2,30
20,10,false,,0.10227323874286602,0.15393784176005407,0.0631870122437705,11,15,1.0,19.0,0.6543778801843319,0.0,0.3102,580,2605,0.1,0.2,30
30,15,false,,0.13970683816579627,0.12452748562243651,-0.021643083987293463,9,1,1.0,25.0,0.43870752831445703,0.010326449033977348,0.279,580,2605,0.1,0.2,30
40,20,false,,0.12717832911138827,0.1792544736750078,0.05897512854054761,30,35,4.0,38.0,0.6884875846501128,0.3421476942921638,0.2578,580,2605,0.1,0.2,30
50,25,false,,0.14211158743089206,0.15286307164037297,0.022005253422641077,20,1,1.0,48.0,0.5596115204286671,0.12123241795043536,0.2348,580,2605,0.1,0.2,30
60,30,true,,0.14278202363604628,0.2761065922419658,0.13442015871355142,45,46,25.0,59.0,0.9214953271028037,0.16292834890965732,0.1982,580,2605,0.1,0.2,30
20,10,false,,0.17764566013419206,0.10592083064928658,-0.08387246054044159,9,3,1.0,19.0,0.3717948717948718,0.0,0.2966,581,2606,0.1,0.2,30
30,15,false,,0.2065630319035199,0.08031655378169969,-0.13631256309750114,5,3,1.0,28.0,0.2619148038802193,0.08097849008857022,0.206,581,2606,0.1,0.2,30
40,20,false,,0.1469803066102696,0.11473834432422883,-0.03812345858551805,13,2,1.0,38.0,0.44529672991522,0.20508679854662898,0.2506,581,2606,0.1,0.2,30
50,25,false,,0.12328936143850405,0.11746763227726349,0.0010921862177576541,20,4,2.0,47.0,0.501187648456057,0.11401425178147269,0.2588,581,2606,0.1,0.2,30
60,30,true,,0.12171146225376873,0.24449926976059086,0.1257137928203687,48,52,22.0,59.0,0.7997174143412222,0.09360649947015189,0.212,581,2606,0.1,0.2,30
20,10,false,,0.10435685096867726,0.11162449315970593,0.016326716173057462,11,16,1.0,19.0,0.5389700765483646,0.0,0.2516,582,2607,0.1,0.2,30
30,15,true,,0.11117830399614859,0.17318695342714954,0.0776701965188541,18,27,3.0,29.0,0.7115855792789639,0.13090654532726637,0.2902,582,2607,0.1,0.2,30
20,10,false,,0.14228475420617093,0.2528467121104138,0.12389334255360249,14,17,1.0,19.0,0.6465028355387523,0.0,0.289,583,2608,0.1,0.2,30
30,15,false,,0.14847533232260937,0.0912938598494715,-0.07705629936491853,11,9,1.0,27.0,0.2854757929883139,0.035726210350584306,0.2502,583,2608,0.1,0.2,30
40,20,true,,0.12216745525931623,0.23465301612325942,0.1158650747715142,34,37,10.0,39.0,0.7006730428622033,0.2688629117959617,0.2676,583,2608,0.1,0.2,30
20,10,false,,0.07277272930127272,0.19259356459799876,0.12673736000234123,15,17,1.0,19.0,0.7022900763358778,0.0,0.2374,584,2609,0.1,0.2,30
30,15,false,,0.1143723018868314,0.20204653318359142,0.0943065807999498,13,1,1.0,27.0,0.6129673826571201,0.053301511535401754,0.2734,584,2609,0.1,0.2,30
40,20,true,,0.11134424492097716,0.34519928700902996,0.24252180038341836,34,36,3.0,39.0,0.7600165220983065,0.2507228418009087,0.2588,584,2609,0.1,0.2,30
20,10,false,,0.10598708776468412,0.11817539307209567,0.01963830418025421,11,2,1.0,19.0,0.5558295174357168,0.0,0.279,585,2610,0.1,0.2,30
30,15,false,,0.11742899393231591,0.14440041569313306,0.05404691544447758,15,2,1.0,29.0,0.5893323386795971,0.10593062290190228,0.2944,585,2610,0.1,0.2,30
40,20,true,,0.11050000557235459,0.24247396291784323,0.1311566591380121,31,35,12.0,39.0,0.7819660014781966,0.3662232076866223,0.292,585,2610,0.1,0.2,30
20,10,false,,0.1336840542128338,0.1311502052541452,-0.007930188518915277,10,16,1.0,19.0,0.48873148744365746,0.0,0.3096,586,2611,0.1,0.2,30
30,15,false,,0.12708842448271512,0.1380950906506177,0.02317363206649809,17,25,1.0,29.0,0.5540587219343696,0.12677029360967185,0.2636,586,2611,0.1,0.2,30
40,20,true,,0.12022329618432495,0.25047145053205816,0.1404247598428202,33,34,4.924999999999997,39.0,0.7484143763213531,0.28153629316420015,0.2728,586,2611,0.1,0.2,30
20,10,false,,0.09814435496340417,0.3791013842121657,0.2907822225982841,15,17,1.0,19.0,0.7839266831159676,0.0,0.2852,587,2612,0.1,0.2,30
30,15,false,,0.14716795936204963,0.08758142680638155,-0.058590334759056215,8,2,1.0,28.0,0.2876267748478702,0.05152129817444219,0.2506,587,2612,0.1,0.2,30
40,20,false,,0.11180758456290818,0.1658462760720833,0.08910081163702961,23,36,2.0,39.0,0.6678543151227236,0.1777513855898654,0.2708,587,2612,0.1,0.2,30
50,25,false,,0.1291974376614011,0.11851376730781149,-0.007228291413020227,10,4,1.0,47.0,0.4795799299883314,0.043951769739401014,0.2686,587,2612,0.1,0.2,30
60,30,true,,0.12272929762895872,0.23646359246425736,0.11657077014942929,52,55,34.0,59.0,0.7955212922173275,0.018722466960352423,0.228,587,2612,0.1,0.2,30
20,10,false,,0.08645579796840218,0.5949609103907358,0.49788796529640855,16,16,7.0,19.0,0.8824778761061947,0.0,0.2836,588,2613,0.1,0.2,30
30,15,false,,0.11001650907643809,0.15598515589110099,0.06960580252014391,19,26,1.0,29.0,0.6727207977207977,0.1527777777777778,0.2866,588,2613,0.1,0.2,30
40,20,false,,0.40895536313183506,0.10147919858921073,-0.3073271831424741,3,1,1.0,15.0,0.19678068410462776,0.0,0.2158,588,2613,0.1,0.2,30
50,25,false,,0.13052979580293347,0.1340755059841039,0.008196229834368435,31,1,1.0,48.0,0.5318164288468955,0.10875433860393367,0.2168,588,2613,0.1,0.2,30
60,30,true,,0.1257225798118352,0.17296382893901688,0.06661082919121707,37,53,3.0,58.0,0.7173837005946135,0.105631339629241,0.2322,588,2613,0.1,0.2,30
20,10,false,,0.11053313464538297,0.11311274703051338,0.005618164787016638,10,4,1.0,19.0,0.5068681318681318,0.0,0.2882,589,2614,0.1,0.2,30
30,15,false,,0.11210876113394627,0.16647143667048392,0.09172828143629287,16,25,1.0,29.0,0.6561365286855483,0.11655773420479303,0.2804,589,2614,0.1,0.2,30
40,20,false,,0.392826302276018,0.11285811159132078,-0.2730797826732708,3,1,1.0,36.0,0.25110842402257155,0.013704151551793631,0.2024,589,2614,0.1,0.2,30
50,25,false,,0.16487225553539547,0.13430182772012889,-0.031217238961265492,5,5,1.0,19.0,0.4324697754749568,0.0031088082901554403,0.2314,589,2614,0.1,0.2,30
60,30,true,,0.14355472149680343,0.695487826426448,0.5520184342907146,54,54,39.0,59.0,0.9609659278862057,0.006615944426066821,0.1946,589,2614,0.1,0.2,30
20,10,false,,0.08950352414766602,0.5411203491679972,0.44921759349151347,15,16,6.0,19.0,0.9249134948096885,0.0,0.3128,590,2615,0.1,0.2,30
30,15,false,,0.09985095021816161,0.13008456429774048,0.04048709220136382,20,25,2.0,29.0,0.6114747785906816,0.14439738159414708,0.281,590,2615,0.1,0.2,30
40,20,false,,0.12050496542326893,0.16796778216718766,0.06296139776882084,30,34,1.0,39.0,0.5955993930197269,0.25834597875569043,0.2538,590,2615,0.1,0.2,30
50,25,false,,0.14922783421015978,0.13831171921723906,-0.01421894352111136,11,1,1.0,33.0,0.4684563758389262,0.10973154362416107,0.2392,590,2615,0.1,0.2,30
60,30,true,,0.13366632408691306,0.2499943860684381,0.13032556735743311,41,46,3.0,57.0,0.9041857423152387,0.09352517985611511,0.2154,590,2615,0.1,0.2,30
20,10,false,,0.13086328001934272,0.10551060131060608,-0.029379155684644234,8,4,1.0,19.0,0.4236894492368945,0.0,0.2836,591,2616,0.1,0.2,30
30,15,false,,0.10696989374851265,0.18019551035154982,0.08888407468782937,21,27,2.0,29.0,0.6730627306273063,0.17712177121771217,0.296,591,2616,0.1,0.2,30
40,20,false,,0.11279840251153347,0.12765080603969778,0.03210141074748438,20,13,3.0,38.0,0.596477495107632,0.21252446183953033,0.284,591,2616,0.1,0.2,30
50,25,false,,0.13297918812485304,0.11233240058969839,-0.01966706924406579,14,3,1.0,46.0,0.4272875816993464,0.11887254901960784,0.252,591,2616,0.1,0.2,30
60,30,true,,0.11968138011797946,0.2860183388965057,0.16235100390059737,46,51,4.525000000000006,58.0,0.7515751575157515,0.037803780378037805,0.189,591,2616,0.1,0.2,30
20,10,false,,0.11443423631547175,0.15754279245958164,0.05028394623104501,12,16,1.0,19.0,0.5993630573248407,0.0,0.3172,592,2617,0.1,0.2,30
30,15,false,,0.5009515838302002,0.08537629734709588,-0.4079502587790791,3,1,1.0,27.0,0.14424778761061946,0.034513274336283185,0.1972,592,2617,0.1,0.2,30
40,20,true,,0.114698353260076,0.27335877899158956,0.15889536367463628,32,36,2.0,39.0,0.7500935278713057,0.25289936401047514,0.2698,592,2617,0.1,0.2,30
20,10,true,,0.0967655328316937,0.224027607384849,0.14310389286278016,13,15,1.875,19.0,0.739851150202977,0.0,0.3182,593,2618,0.1,0.2,30
20,10,false,,0.1789476914182282,0.12702369905393926,-0.06733312993200785,5,1,1.0,18.0,0.39713237745915303,0.0,0.2868,594,2619,0.1,0.2,30
30,15,false,,0.13611901273634097,0.08300500473605041,-0.06405056407508751,10,2,1.0,26.0,0.281283808150018,0.0144248106743599,0.2648,594,2619,0.1,0.2,30
40,20,true,,0.11540913734326083,0.24899767163290482,0.1364396636152091,33,33,24.0,38.0,0.7751099086912411,0.505918160297599,0.2808,594,2619,0.1,0.2,30
20,10,false,,0.1023332720026541,0.1743343225446723,0.08685553741944431,13,18,1.0,19.0,0.6721423682409309,0.0,0.2794,595,2620,0.1,0.2,30
30,15,true,,0.10805735248292941,0.377925679195533,0.2846199069919881,22,25,1.0,29.0,0.7710349962769918,0.18577810871183917,0.2848,595,2620,0.1,0.2,30
20,10,false,,0.1070480700843408,0.30378629345382174,0.20798027022610316,15,16,2.0,19.0,0.7631133671742809,0.0,0.2994,596,2621,0.1,0.2,30
30,15,false,,0.10693382927837938,0.10778556742948693,0.0027905183753666116,17,2,1.0,29.0,0.5215348472983555,0.1307752545027408,0.255,596,2621,0.1,0.2,30
40,20,false,,0.12204556692708794,0.12921587693554404,0.025683309809771654,11,4,1.0,38.0,0.5680859225163023,0.11967779056386652,0.2952,596,2621,0.1,0.2,30
50,25,false,,0.17874878308996253,0.11289533227057938,-0.06447310792354939,7,3,1.0,47.0,0.3124054462934947,0.009455370650529501,0.2406,596,2621,0.1,0.2,30
60,30,true,,0.12781818280219334,0.3663040184095206,0.236614034828382,52,55,12.0,59.0,0.8705214615111742,0.025186236253990777,0.223,596,2621,0.1,0.2,30
20,10,false,,0.21070298987079203,0.13563573714337943,-0.09273467491493669,6,2,1.0,19.0,0.4195364238410596,0.0,0.2692,597,2622,0.1,0.2,30
30,15,false,,0.20091121629065775,0.10383881742527329,-0.11374809136772877,7,2,1.0,28.0,0.2304869913275517,0.05637091394262842,0.2642,597,2622,0.1,0.2,30
40,20,false,,0.14713813964004618,0.13084954397955093,-0.021927412600358062,10,5,1.0,37.19999999999982,0.44516758867556133,0.1080377481288643,0.2554,597,2622,0.1,0.2,30
50,25,false,,0.18431411435993464,0.14646613694772034,-0.041757255910726626,6,1,1.0,37.09999999999991,0.4112611129404017,0.06980572933816266,0.2112,597,2622,0.1,0.2,30
60,30,true,,0.14907654832717268,0.2688029378924899,0.1285194777434254,45,53,3.0,57.0,0.8497751124437781,0.07136431784107947,0.2134,597,2622,0.1,0.2,30
20,10,true,,0.11426815146969055,0.20643738694759967,0.10831679567268698,14,16,3.0,19.0,0.7083728278041074,0.0,0.302,598,2623,0.1,0.2,30
20,10,false,,0.11150041108602134,0.1265914494736891,0.01954846040147648,11,16,1.0,19.0,0.5516556291390728,0.0,0.3092,599,2624,0.1,0.2,30
30,15,true,,0.1068624485285928,0.16657261224139655,0.08158654630423551,19,25,2.0,29.0,0.7193490054249548,0.11428571428571428,0.2854,599,2624,0.1,0.2,30
20,10,false,,0.10140658402752113,0.10696855182344626,0.006857717658491996,8,4,1.0,19.0,0.5209850849809227,0.0,0.2602,600,2625,0.1,0.2,30
30,15,false,,0.12039860434502454,0.08279622520324655,-0.04313651084349004,8,2,1.0,26.0,0.3810924369747899,0.018067226890756304,0.2382,600,2625,0.1,0.2,30
40,20,false,,0.10916143359933611,0.15282809440472828,0.045332403788689704,31,36,3.0,39.0,0.627373417721519,0.2911392405063291,0.2712,600,2625,0.1,0.2,30
50,25,false,,0.1217220697720024,0.1325198963734675,0.02864821303655908,27,46,2.0,48.0,0.5968190854870775,0.08190854870775348,0.2672,600,2625,0.1,0.2,30
60,30,false,,,,,,,,,,,0.0,600,2625,0.1,0.2,30
20,10,false,,0.092722957757193,0.12363089187492239,0.04331851941965656,12,15,1.0,19.0,0.5834537572254336,0.0,0.2882,601,2626,0.1,0.2,30
30,15,true,,0.10416396936689173,0.3675573654232447,0.2652330677901008,24,25,2.0,29.0,0.8035113933507658,0.2132984684348151,0.2826,601,2626,0.1,0.2,30
20,10,false,,0.17161805818690035,0.21311057655659785,0.06761516491745456,11,13,2.0,19.0,0.6262219666474985,0.0,0.3426,602,2627,0.1,0.2,30
30,15,false,,0.2168760477240234,0.0975155070869301,-0.13353444051218635,9,3,1.0,28.0,0.19066147859922178,0.057068741893644616,0.2582,602,2627,0.1,0.2,30
40,20,false,,0.1728624197403291,0.10551285842625152,-0.0963444641615524,8,2,1.0,36.0,0.2523465703971119,0.09314079422382672,0.2384,602,2627,0.1,0.2,30
50,25,false,,0.13901787097142426,0.1909008763129199,0.08370497678805665,34,4,2.0,48.0,0.6389808074123098,0.07081403044341496,0.2338,602,2627,0.1,0.2,30
60,30,true,,0.143596225897353,0.39056593414238805,0.2579456480177458,48,52,33.0,59.0,0.9785488958990536,0.03596214511041009,0.1992,602,2627,0.1,0.2,30
20,10,false,,0.08185873552813297,0.14761454811653724,0.07358618225578775,13,15,2.0,19.0,0.6769286490402028,0.0,0.2922,603,2628,0.1,0.2,30
30,15,false,,0.10022673338018437,0.15291515018832597,0.07284455364132174,15,14,2.0,28.0,0.6860902255639098,0.09548872180451128,0.3018,603,2628,0.1,0.2,30
40,20,true,,0.1148653848735954,0.21209848380364535,0.1227927502762301,23,33,2.0,38.0,0.8060176991150443,0.2191150442477876,0.297,603,2628,0.1,0.2,30
20,10,false,,0.1258296107379054,0.27240488426013354,0.16711606139051785,14,16,1.0,19.0,0.6335650446871897,0.0,0.2878,604,2629,0.1,0.2,30
30,15,false,,0.12852698026508785,0.11395538373717093,-0.015109289883086213,11,3,1.0,28.0,0.43356164383561646,0.06095890410958904,0.2804,604,2629,0.1,0.2,30
40,20,true,,0.1223973258016584,0.2893969389419805,0.18333704959372807,33,35,10.0,39.0,0.8054110301768991,0.29309746791536595,0.2606,604,2629,0.1,0.2,30
20,10,false,,0.11839211654918103,0.3045402424570799,0.20227073997570766,13,16,1.0,19.0,0.6731292517006803,0.0,0.2948,605,2630,0.1,0.2,30
30,15,true,,0.10772183006942691,0.42221655490659526,0.3100892492132823,24,26,4.0,29.0,0.8636363636363636,0.26570583887657057,0.2812,605,2630,0.1,0.2,30
20,10,false,,0.1527193136865528,0.17465166260806583,0.04731478501388377,8,1,1.0,19.0,0.545676429567643,0.0,0.2686,606,2631,0.1,0.2,30
30,15,false,,0.12309323058386312,0.10666841942063036,-0.025281987231008246,16,3,1.0,29.0,0.4495481927710843,0.16001506024096385,0.2496,606,2631,0.1,0.2,30
40,20,false,,0.13856702555534628,0.12158082402884517,-0.006264651243914482,9,3,1.0,38.0,0.48495238095238097,0.09485714285714286,0.244,606,2631,0.1,0.2,30
50,25,true,,0.11635661360624835,0.30554559937079595,0.19414841104528843,41,44,11.0,49.0,0.7937523522770041,0.09258562288295069,0.2526,606,2631,0.1,0.2,30
20,10,true,,0.12791947215055194,0.3280286847248761,0.21658711596658287,14,16,2.0,19.0,0.7881040892193308,0.0,0.3226,607,2632,0.1,0.2,30
20,10,false,,0.09473548006426163,0.14715111876076836,0.0705324867141126,11,1,1.0,19.0,0.605232781839169,0.0,0.263,608,2633,0.1,0.2,30
30,15,false,,0.0998997648182322,0.6494350044517302,0.5266429621768426,25,27,6.0,29.0,0.8153970173317211,0.31076178960096734,0.266,608,2633,0.1,0.2,30
40,20,false,,0.4389600957249835,0.09120044785558659,-0.3551343034150937,3,2,1.0,18.0,0.08820998278829605,0.0030120481927710845,0.2108,608,2633,0.1,0.2,30
50,25,false,,0.11979555843896646,0.16582054884408665,0.056100872960892625,31,45,3.0,48.0,0.652055857253685,0.14313421256788209,0.2798,608,2633,0.1,0.2,30
60,30,false,,0.1440399335212693,0.11134529918801823,-0.04608435412173123,13,2,1.0,55.0,0.32891143191572375,0.03316426063207179,0.2248,608,2633,0.1,0.2,30
20,10,true,,0.09156060609204542,0.19711494462067358,0.116114459535026,14,16,2.0,19.0,0.7202627939142462,0.0,0.3074,609,2634,0.1,0.2,30
20,10,false,,0.08021782399326179,0.5066459284526048,0.43051270191580754,16,16,2.0,19.0,0.8169518503780342,0.0,0.2748,610,2635,0.1,0.2,30
30,15,false,,0.10350559313402907,0.22107304550223228,0.12114973620731995,25,27,11.0,29.0,0.762962962962963,0.31033138401559457,0.2856,610,2635,0.1,0.2,30
40,20,true,,0.11232690037791677,0.4367544235640912,0.3232814316660926,33,36,14.0,39.0,0.8493100944081337,0.37618010167029775,0.2824,610,2635,0.1,0.2,30
20,10,false,,0.1263112991814657,0.20639136363000946,0.09960976103251026,13,17,1.0,19.0,0.6313394018205462,0.0,0.3058,611,2636,0.1,0.2,30
30,15,false,,0.1100027439326731,0.1828040435351337,0.08307155597112266,22,26,4.0,29.0,0.6987133666904932,0.19335239456754824,0.2898,611,2636,0.1,0.2,30
40,20,false,,0.12743530705835215,0.15438020469666835,0.047247263607083034,21,33,2.0,38.0,0.6087252897068848,0.2143830947511929,0.2884,611,2636,0.1,0.2,30
50,25,true,,0.134387040834907,0.18458529767874673,0.0885618096363858,25,46,1.0,49.0,0.7012756909992913,0.04890148830616584,0.2376,611,2636,0.1,0.2,30
20,10,true,,0.07848445873617071,0.20480932038407065,0.1402781396562714,14,16,1.2999999999999972,19.0,0.721725612125923,0.0,0.2736,612,2637,0.1,0.2,30
20,10,false,,0.11852978953418104,0.2332433701189388,0.12881783164612898,14,16,2.0999999999999943,19.0,0.679740680713128,0.0,0.3126,613,2638,0.1,0.2,30
30,15,false,,0.11101870526808884,0.1604424415360306,0.05836809507021302,20,26,2.0,29.0,0.6451502732240437,0.1489071038251366,0.2788,613,2638,0.1,0.2,30
40,20,true,,0.1122503655427724,0.41896286504695546,0.30036173586877124,34,35,10.0,39.0,0.8340874811463047,0.30693815987933637,0.2694,613,2638,0.1,0.2,30
20,10,false,,0.09396509041461626,0.38319965265362455,0.29276663452567586,15,15,4.0,19.0,0.8473488686254643,0.0,0.3058,614,2639,0.1,0.2,30
30,15,false,,0.10361811488134672,0.7866690730060043,0.6822253603637743,26,26,17.0,29.0,0.970367443698143,0.36823389964440933,0.2642,614,2639,0.1,0.2,30
40,20,false,,0.11638434017341316,0.18875451648783473,0.09797479795879692,28,36,2.0,39.0,0.6262154803578374,0.17775184753014392,0.2646,614,2639,0.1,0.2,30
50,25,true,,0.1249183735200146,0.2843215823216767,0.17676511525043903,39,41,2.0,48.0,0.7475162726961289,0.12983898595409388,0.2622,614,2639,0.1,0.2,30
20,10,false,,0.1018677939037038,0.18643943857891374,0.09689960993464049,14,16,2.0,19.0,0.5910543130990416,0.0,0.2706,615,2640,0.1,0.2,30
30,15,false,,0.09062291311976434,0.17373928092932628,0.10402373260161815,19,24,1.0,29.0,0.623249299719888,0.13352007469654528,0.1716,615,2640,0.1,0.2,30
40,20,false,,0.09884296639128712,0.07715019962761002,-0.023608233922558692,13,30,1.0,33.0,0.3746113989637306,0.19119170984455958,0.1136,615,2640,0.1,0.2,30
50,25,true,,0.07005576057305697,0.4683861652539462,0.3993382267246213,44,45,35.0,49.0,0.9157534246575343,0.0,0.0532,615,2640,0.1,0.2,30
20,10,false,,0.14208478828520243,0.12641956824156328,-0.016725873691865123,7,1,1.0,19.0,0.46991210277214335,0.0,0.2658,616,2641,0.1,0.2,30
30,15,false,,0.1806338463910663,0.11804498898345339,-0.08004700130541174,7,2,1.0,28.0,0.32929226736566186,0.06028833551769332,0.2682,616,2641,0.1,0.2,30
40,20,false,,0.1453932585236524,0.13663380890326457,-0.006646963539038528,18,2,1.0,39.0,0.4935158501440922,0.16786743515850144,0.2432,616,2641,0.1,0.2,30
50,25,false,,0.6947813020841815,0.13658271742728614,-0.5604722557088164,2,1,1.0,29.52500000000009,0.12165354330708661,0.046850393700787404,0.1336,616,2641,0.1,0.2,30
60,30,true,,0.14999911068275082,0.3280732638570759,0.19003632179301166,47,51,2.0,58.0,0.8756556618327677,0.01820425794507868,0.1968,616,2641,0.1,0.2,30
20,10,false,,0.11468772916102309,0.16176786964658732,0.06404149899905878,10,16,1.0,19.0,0.6307438016528926,0.0,0.3164,617,2642,0.1,0.2,30
30,15,false,,0.13550664769787485,0.10173259465634509,-0.04338436465382005,9,3,1.0,28.0,0.3715646757053866,0.05203371198241114,0.2592,617,2642,0.1,0.2,30
40,20,false,,0.1115829231751248,0.23944539628062714,0.1336602793809744,26,37,1.0,39.0,0.6742268041237114,0.16494845360824742,0.2782,617,2642,0.1,0.2,30
50,25,false,,0.1769084412261667,0.10687347968541978,-0.07557806639487945,7,1,1.0,30.0,0.2903619357462383,0.04514030093533957,0.247,617,2642,0.1,0.2,30
60,30,true,,0.12097473383481837,0.28210695019901955,0.1614789319296019,50,53,16.0,59.0,0.8269014612214313,0.05919820157362308,0.2538,617,2642,0.1,0.2,30
20,10,false,,0.2016973512067815,0.08997790089824191,-0.12818089284407508,6,1,1.0,19.0,0.33214285714285713,0.0,0.2418,618,2643,0.1,0.2,30
30,15,false,,0.17354081205300648,0.0815995352846915,-0.09943086580678664,6,3,1.0,27.0,0.23813199536858357,0.03126206098031648,0.2646,618,2643,0.1,0.2,30
40,20,false,,0.13896479828547276,0.10381163136024962,-0.043578234076548386,12,4,2.0,38.0,0.4010034735623311,0.09262832883056735,0.2786,618,2643,0.1,0.2,30
50,25,false,,0.12397881409237906,0.12043100194098118,0.0012735132403315919,12,4,2.0,37.0,0.5059500959692899,0.13666026871401152,0.2668,618,2643,0.1,0.2,30
60,30,false,,0.1342380709307719,0.12057912967030525,-0.009647831156761898,13,3,1.0,55.0,0.4553359683794466,0.06363636363636363,0.2264,618,2643,0.1,0.2,30
20,10,false,,0.1521283262769724,0.3525341284996282,0.21085240641468822,14,16,1.0,19.0,0.6560880829015544,0.0,0.3062,619,2644,0.1,0.2,30
30,15,false,,0.12906006515986357,0.13065479897322185,-0.0021863521133687613,18,23,1.0,28.0,0.49432197728790916,0.10487641950567803,0.2928,619,2644,0.1,0.2,30
40,20,true,,0.1279697064903719,0.377930807245927,0.25059655160281075,34,36,4.0,39.0,0.8280496209510683,0.259131633356306,0.2508,619,2644,0.1,0.2,30
20,10,false,,0.14412878790287778,0.10200503518958544,-0.05063917282823052,8,3,1.0,19.0,0.3662287728292214,0.0,0.295,620,2645,0.1,0.2,30
30,15,false,,0.16176256192904515,0.11570342220743075,-0.054193984876527324,6,2,1.0,21.0,0.3223750419322375,0.0016772895001677288,0.2868,620,2645,0.1,0.2,30
40,20,false,,0.12556040388667364,0.11544391215490289,-0.011908999956219204,19,9,2.0,38.0,0.4532053479602331,0.13815563935550224,0.2756,620,2645,0.1,0.2,30
50,25,false,,0.12383562450707279,0.6517681611542486,0.5268174096693659,45,46,24.0,49.0,0.9437275985663083,0.03189964157706093,0.2378,620,2645,0.1,0.2,30
60,30,false,,0.13102360344329775,0.14526285419008647,0.02544884153300836,12,3,1.0,51.0,0.6201388888888889,0.049305555555555554,0.0986,620,2645,0.1,0.2,30
20,10,false,,0.1244923454970598,0.15466502473317817,0.03651325364213728,12,17,1.0,19.0,0.5764705882352941,0.0,0.3064,621,2646,0.1,0.2,30
30,15,false,,0.12214161341669336,0.1361227648447628,0.019447187368618307,15,15,2.0,28.0,0.5538714991762768,0.07314662273476112,0.2908,621,2646,0.1,0.2,30
40,20,false,,0.12307331506327843,0.1530861236512722,0.05336079565286102,22,35,1.0,39.0,0.6666666666666666,0.1834927382217499,0.2688,621,2646,0.1,0.2,30
50,25,true,,0.13803306774615454,0.2187981626507758,0.11398572369231602,39,45,1.25,49.0,0.7557147731149778,0.02012964858410099,0.2382,621,2646,0.1,0.2,30
20,10,false,,0.09250173054608599,0.33486963655715096,0.2531416375901574,15,18,2.0,19.0,0.7351467430207588,0.0,0.283,622,2647,0.1,0.2,30
30,15,false,,0.11418571525214488,0.11856503735274887,0.0073809984066835616,15,1,1.0,29.0,0.5279527559055118,0.11653543307086614,0.2572,622,2647,0.1,0.2,30
40,20,true,,0.11124341986465804,0.5092335365568471,0.39032099098772366,33,36,3.0,39.0,0.8639937106918238,0.28852201257861637,0.2654,622,2647,0.1,0.2,30
20,10,false,,0.1451076590427245,0.15676296364146464,0.02059896458766014,9,1,1.0,19.0,0.533245556287031,0.0,0.294,623,2648,0.1,0.2,30
30,15,false,,0.10976959890608326,0.3175919571255775,0.20975894296099062,25,26,3.0,29.0,0.7174071376547706,0.29788783685360526,0.2588,623,2648,0.1,0.2,30
40,20,false,,0.12688782874420362,0.12136480045247165,-0.0009052140663268482,18,3,2.0,37.0,0.4983991462113127,0.13340448239060831,0.272,623,2648,0.1,0.2,30
50,25,false,,0.12544791218832962,0.183843080863741,0.07110274961537541,35,45,2.0,49.0,0.6697312588401697,0.08734087694483735,0.2522,623,2648,0.1,0.2,30
60,30,true,,0.1310402640726115,0.31923691101496177,0.1964708446797203,50,54,9.0,59.0,0.8283783783783784,0.04966216216216216,0.213,623,2648,0.1,0.2,30
20,10,false,,0.11636773065564072,0.5613029850134282,0.44033694098264087,16,17,3.0,19.0,0.8471716837578565,0.0,0.2834,624,2649,0.1,0.2,30
30,15,false,,0.12043185236127021,0.133617528741242,0.021474782338532603,21,26,1.0,29.0,0.5391588107324148,0.20703408266860043,0.2598,624,2649,0.1,0.2,30
40,20,false,,0.2180777264852268,0.09390202317198902,-0.12195819363776918,6,3,1.0,19.0,0.18192534381139489,0.0,0.249,624,2649,0.1,0.2,30
50,25,false,,0.1214844868944693,0.12530695848394124,0.008712026729530808,30,46,4.0,48.0,0.5236842105263158,0.18082706766917292,0.2624,624,2649,0.1,0.2,30
60,30,false,,0.13001774738776828,0.18084454772815753,0.05984355685538144,49,56,3.0,59.0,0.6207396664249456,0.0032632342277012327,0.1772,624,2649,0.1,0.2,30
20,10,false,,0.1212324755283014,0.37592952073741215,0.25436728402633124,15,17,3.0,19.0,0.7465495608531995,0.0,0.3032,625,2650,0.1,0.2,30
30,15,true,,0.12266144925424718,0.2670205416535232,0.1585478659644053,24,26,5.0,29.0,0.7596026490066226,0.2632450331125828,0.2806,625,2650,0.1,0.2,30
20,10,false,,0.09755751180385361,0.12821236885343626,0.04733134617325406,13,16,1.0,19.0,0.623859649122807,0.0,0.2882,626,2651,0.1,0.2,30
30,15,false,,0.09682787256690813,0.1635612006274459,0.07210466540664788,21,24,5.0,29.0,0.6842906047926969,0.13921643210346138,0.2888,626,2651,0.1,0.2,30
40,20,true,,0.1181719153306548,0.22490857448512575,0.12738662576603854,33,38,9.0,39.0,0.8090543994158452,0.26761591821832786,0.277,626,2651,0.1,0.2,30
20,10,false,,0.1140503899118719,0.17172244251922852,0.07053566687498494,13,16,1.0,19.0,0.6408768536428111,0.0,0.3208,627,2652,0.1,0.2,30
30,15,true,,0.12012400326306856,0.21506155936597168,0.10134655032671061,24,26,2.0,29.0,0.7256488035052241,0.23154701718907988,0.2716,627,2652,0.1,0.2,30
20,10,false,,0.11667317994718304,0.21909981035419443,0.11352057893633334,15,17,2.0,19.0,0.7010800508259212,0.0,0.303,628,2653,0.1,0.2,30
30,15,false,,0.2242811786708624,0.08292957680323657,-0.14824389747696706,6,3,1.0,28.0,0.22374608150470218,0.06857366771159874,0.2286,628,2653,0.1,0.2,30
40,20,false,,0.13591048876371603,0.11211808486863398,-0.03821288178180393,16,1,1.0,37.0,0.4256656804733728,0.20894970414201183,0.2794,628,2653,0.1,0.2,30
50,25,true,,0.1149095957265027,0.3994611224062454,0.27968015980842975,44,47,25.0,49.0,0.8648965247950019,0.04959000390472472,0.2552,628,2653,0.1,0.2,30
20,10,false,,0.14854318911004757,0.10771765976872288,-0.04915716880650493,9,3,1.0,19.0,0.3875495880378395,0.0,0.321,629,2654,0.1,0.2,30
30,15,false,,0.17312721535908432,0.08444254724248637,-0.1029538961618869,8,1,1.0,27.0,0.2787201233616037,0.027756360832690823,0.2364,629,2654,0.1,0.2,30
40,20,false,,0.12008658734030997,0.16442584196406235,0.07197821008966872,28,36,1.0,39.0,0.5947467166979362,0.2348968105065666,0.2582,629,2654,0.1,0.2,30
50,25,true,,0.12032400669218368,0.405456106130869,0.2906315798465145,42,42,22.0,49.0,0.8937300743889479,0.07438894792773645,0.2414,629,2654,0.1,0.2,30
20,10,false,,0.0814691597763626,0.5314469626457525,0.44551733697974727,16,16,3.0,19.0,0.8416030534351145,0.0,0.2684,630,2655,0.1,0.2,30
30,15,false,,0.10211785504730275,0.10863607444341626,0.012934522325076275,15,26,2.0,29.0,0.5377283558379666,0.11239078633836377,0.2912,630,2655,0.1,0.2,30
40,20,false,,0.19402181528174217,0.09797903578577108,-0.11098070337135146,6,3,1.0,34.0,0.32477913336137987,0.029448885149347917,0.2524,630,2655,0.1,0.2,30
50,25,true,,0.11365274930296701,0.3786293022814915,0.2711190381710389,42,45,13.0,49.0,0.791683488090432,0.0662091239402503,0.2674,630,2655,0.1,0.2,30
20,10,false,,0.19206387983701517,0.22683500008824747,0.06851526381268257,14,17,2.0,19.0,0.5785148224244203,0.0,0.309,631,2656,0.1,0.2,30
30,15,false,,0.3075976767933667,0.12325999220901394,-0.20391664098075235,6,4,1.0,28.0,0.17225180081428124,0.049170059505167556,0.2454,631,2656,0.1,0.2,30
40,20,false,,0.14232014670018361,0.47121066645121523,0.33643757859311846,35,37,4.0,39.0,0.7482656095143707,0.17773372976544433,0.2512,631,2656,0.1,0.2,30
50,25,false,,0.19272949137898795,0.1474222508640163,-0.049058422599953744,5,3,1.0,43.0,0.34790996784565914,0.010932475884244373,0.2062,631,2656,0.1,0.2,30
60,30,false,,0.15471908153579145,0.1677976025526864,0.035139344581128495,11,5,1.0,56.0,0.643282179768243,0.058565612276855625,0.199,631,2656,0.1,0.2,30
20,10,true,,0.1349772670502096,0.26672175285588784,0.14499886913027094,14,17,2.0,19.0,0.7290762554246745,0.0,0.3148,632,2657,0.1,0.2,30
20,10,false,,0.11035338224136206,0.11516482495136979,0.015011736386967178,8,4,1.0,19.0,0.5448089279675347,0.0,0.3012,633,2658,0.1,0.2,30
30,15,false,,0.12217893568939499,0.09716812588893375,-0.03245682958438517,9,1,1.0,27.0,0.40118650352243235,0.027808676307007785,0.2524,633,2658,0.1,0.2,30
40,20,false,,0.14998034776486663,0.10505940888931745,-0.049395443498053665,8,3,1.0,34.0,0.3327109783420463,0.020537714712471993,0.2816,633,2658,0.1,0.2,30
50,25,true,,0.12250828650158398,0.17675286433979712,0.07223316957633275,27,34,2.0,48.0,0.7082191780821918,0.18835616438356165,0.2622,633,2658,0.1,0.2,30
20,10,false,,0.1363406336617439,0.16763549203146924,0.05438703498915588,10,17,1.0,19.0,0.592282958199357,0.0,0.3148,634,2659,0.1,0.2,30
30,15,false,,0.11145600402725614,0.15491747633547473,0.0620318960398204,20,25,4.0,29.0,0.6037803138373752,0.14978601997146934,0.2726,634,2659,0.1,0.2,30
40,20,false,,0.20963237766799303,0.09239395314620115,-0.14031627781607095,7,3,1.0,35.0,0.22666666666666666,0.08980392156862745,0.2396,634,2659,0.1,0.2,30
50,25,false,,0.1389657488335438,0.1186287251872595,-0.01821006796779126,16,4,1.0,49.0,0.46798843453118544,0.027674514663362248,0.2258,634,2659,0.1,0.2,30
60,30,false,,0.12713473708633172,0.12894935952695405,0.014248827956343801,21,56,3.0,59.0,0.5539761813292355,0.0384172109104879,0.2082,634,2659,0.1,0.2,30
20,10,false,,0.08914254080680706,0.3373254694365095,0.2613728404100565,15,17,1.0,19.0,0.7167774086378738,0.0,0.204,635,2660,0.1,0.2,30
30,15,true,,0.08177521349241199,0.3221424127080074,0.2445649746833169,24,25,2.0,29.0,0.7996406109613656,0.20305480682839172,0.2068,635,2660,0.1,0.2,30
20,10,false,,0.10701051106187057,0.2690975094690209,0.16919909527464433,14,17,1.0,19.0,0.6344422700587085,0.0,0.2476,636,2661,0.1,0.2,30
30,15,false,,0.09291302551870627,0.15313956948483837,0.0673409460843834,20,24,1.0,29.0,0.6114732724902217,0.14037375054324208,0.2134,636,2661,0.1,0.2,30
40,20,false,,0.11555550504530147,0.1395470222315591,0.03528093305354209,26,37,2.0,38.0,0.5805566444531556,0.19874558996471972,0.281,636,2661,0.1,0.2,30
50,25,false,,0.11624763583404911,0.18374518728962472,0.07115657744283006,37,46,11.0,48.0,0.6828177413343273,0.11628773760715617,0.2764,636,2661,0.1,0.2,30
60,30,true,,0.1195591609936347,0.23399000964589559,0.11151411122387389,51,54,19.0,59.0,0.7101393188854489,0.06462848297213622,0.1894,636,2661,0.1,0.2,30
20,10,false,,0.16109525986364162,0.2078859927161644,0.08389235984036891,13,16,1.0,19.0,0.5886502084001283,0.0,0.2938,637,2662,0.1,0.2,30
30,15,false,,0.12382937844080638,0.3106435544747599,0.19930790326558145,25,26,2.0,29.0,0.7661708751297129,0.28467658249740574,0.2666,637,2662,0.1,0.2,30
40,20,false,,0.12842025055791692,0.14285165688615292,0.028080591976034366,24,1,1.0,38.0,0.5510846745976207,0.21133659902029392,0.2712,637,2662,0.1,0.2,30
50,25,false,,0.1480668795846681,0.13341883123417933,-0.019955162529487612,10,1,1.0,46.0,0.44549125168236875,0.07940780619111709,0.2358,637,2662,0.1,0.2,30
60,30,true,,0.140238229487495,0.3416936194855765,0.2006686956732533,50,52,34.0,58.0,0.9334370139968896,0.015241057542768274,0.2154,637,2662,0.1,0.2,30
20,10,false,,0.08128195314475208,0.40913905992372,0.3404934265984939,16,16,2.0,19.0,0.8273524720893142,0.0,0.2428,638,2663,0.1,0.2,30
30,15,false,,0.7956851655638013,0.053962795510788183,-0.7483277114484428,1,1,1.0,4.0,0.0,0.0,0.0606,638,2663,0.1,0.2,30
40,20,true,,0.07015034063347089,0.21678740323267712,0.14235455443669925,34,37,22.0,39.0,0.8319088319088319,0.36125356125356123,0.0756,638,2663,0.1,0.2,30
20,10,false,,0.13107038805619914,0.24766364978843064,0.12931857060520718,15,17,2.0,19.0,0.6442244224422442,0.0,0.286,639,2664,0.1,0.2,30
30,15,false,,0.10234580076438934,0.18642112826351032,0.10007001172433644,22,26,3.0,29.0,0.6537203597710548,0.22117743254292724,0.237,639,2664,0.1,0.2,30
40,20,false,,0.1331010862852243,0.10879259966949563,-0.027797661728712522,21,36,1.0,39.0,0.44431232659532305,0.13476020610384462,0.2772,639,2664,0.1,0.2,30
50,25,false,,0.14193712633297764,0.11523757791079431,-0.03525421455576706,18,1,1.0,49.0,0.42601279317697227,0.0673773987206823,0.228,639,2664,0.1,0.2,30
60,30,true,,0.11798487137466267,0.44976056432061245,0.3328344978147164,52,56,28.0,59.0,0.8414043583535109,0.07990314769975787,0.2182,639,2664,0.1,0.2,30
20,10,false,,0.17777336983964795,0.15034629809010397,-0.026978211769236135,8,1,1.0,19.0,0.47942238267148013,0.0,0.2592,640,2665,0.1,0.2,30
30,15,true,,0.11984422101722124,0.31080573205199463,0.2064207694303674,22,26,2.0,29.0,0.7108559498956158,0.1802366040361865,0.2774,640,2665,0.1,0.2,30
20,10,true,,0.04354141750766365,0.15685481841332582,0.12093355168618956,14,16,1.0,19.0,0.7256763170384433,0.0,0.1354,641,2666,0.1,0.2,30
20,10,false,,0.12333417690657482,0.219031228261747,0.11441203623209924,12,15,1.0,19.0,0.6697869593285991,0.0,0.3074,642,2667,0.1,0.2,30
30,15,false,,0.10918913089111638,0.4682438332870845,0.35402961547021766,26,26,2.0,29.0,0.8415178571428571,0.3444940476190476,0.2546,642,2667,0.1,0.2,30
40,20,false,,0.1269076514640194,0.11788929841654122,-0.01160531603140122,12,5,1.0,37.0,0.4660051451672179,0.12238147739801543,0.2662,642,2667,0.1,0.2,30
50,25,false,,0.13291085731067573,0.15775627782641832,0.027156200283780407,39,44,1.0,48.0,0.5580264072272412,0.06393328700486449,0.229,642,2667,0.1,0.2,30
60,30,true,,0.13742445853064175,0.476944363717084,0.33382651733828894,53,55,37.0,59.0,0.912747102931152,0.012951601908657124,0.2122,642,2667,0.1,0.2,30
20,10,false,,0.09609402197156461,0.1143869997296529,0.03067334129271257,12,15,1.0,19.0,0.5635827497235533,0.0,0.2668,643,2668,0.1,0.2,30
30,15,false,,0.14778731375362117,0.11421376329739705,-0.028772871436966885,7,2,1.0,27.0,0.42938066465256797,0.03512084592145015,0.2604,643,2668,0.1,0.2,30
40,20,false,,0.1355333762849979,0.10445817333780821,-0.037800630784785835,13,2,1.0,38.0,0.3841918993314982,0.1136453008257963,0.2404,643,2668,0.1,0.2,30
50,25,true,,0.12272396956959702,0.32784519709863164,0.20896438658047573,41,46,6.0,49.0,0.8126132656759696,0.04784342152953969,0.2532,643,2668,0.1,0.2,30
20,10,false,,0.10683103741665194,0.3637988786864771,0.27047515366025415,15,16,2.0,19.0,0.7383937648254829,0.0,0.2916,644,2669,0.1,0.2,30
30,15,true,,0.08986391401240748,0.2617174741790642,0.16889081303061332,24,26,1.0,29.0,0.7430644472897994,0.24413145539906103,0.2148,644,2669,0.1,0.2,30
20,10,false,,0.12530218542040486,0.21052439506093346,0.10260558028717785,13,1,1.0,19.0,0.5604947816003092,0.0,0.2452,645,2670,0.1,0.2,30
30,15,true,,0.1036634558907165,0.193076607801347,0.11248205092718913,19,25,1.0,29.0,0.7164065473924629,0.1446516939474686,0.2766,645,2670,0.1,0.2,30
20,10,false,,0.11568172024781669,0.2068130572864189,0.10177272747750958,14,16,1.0,19.0,0.6877637130801688,0.0,0.306,646,2671,0.1,0.2,30
30,15,false,,0.13731182329600813,0.09945232558077848,-0.051048583591241065,9,2,1.0,25.0,0.37587348289812433,0.01471129091577786,0.2648,646,2671,0.1,0.2,30
40,20,true,,0.11379303623765419,0.2397544548892587,0.13916894471443852,27,36,2.0,39.0,0.7632743362831859,0.26806784660766964,0.281,646,2671,0.1,0.2,30
20,10,false,,0.11377220349355512,0.5115104544472973,0.4259507370328842,15,16,1.0,19.0,0.7387451258419,0.0,0.2766,647,2672,0.1,0.2,30
30,15,true,,0.10628178884642292,0.37368306772228255,0.26708933759689785,24,24,2.0,29.0,0.7803617571059431,0.2351421188630491,0.2878,647,2672,0.1,0.2,30
20,10,false,,0.11272130928521326,0.17909311866260746,0.09126812424153732,12,17,1.0,19.0,0.6563693162096494,0.0,0.295,648,2673,0.1,0.2,30
30,15,false,,0.11466605702152534,0.09907905487491182,-0.019392539898911917,12,4,1.0,28.0,0.43169196593854126,0.07589781562384303,0.2834,648,2673,0.1,0.2,30
40,20,false,,0.14101577126406017,0.08143628654635086,-0.07634220200695561,12,3,1.0,37.0,0.26396588486140726,0.06609808102345416,0.1906,648,2673,0.1,0.2,30
50,25,false,,0.10464311744909173,0.3200044740655432,0.22930565352196047,39,47,2.0,49.0,0.6447236180904523,0.04773869346733668,0.1578,648,2673,0.1,0.2,30
60,30,false,,0.16309839447767047,0.08379163249812492,-0.09810471275166138,7,2,1.0,44.0,0.23471074380165288,0.031955922865013774,0.1104,648,2673,0.1,0.2,30
20,10,false,,0.08701324758576146,0.13516147039559498,0.06098764725046087,11,17,1.0,19.0,0.6427007299270073,0.0,0.2608,649,2674,0.1,0.2,30
30,15,true,,0.081468801042561,0.3026758489969073,0.21379643397994158,23,26,2.0,29.0,0.7175090252707581,0.21886281588447654,0.1646,649,2674,0.1,0.2,30
20,10,false,,0.20763038069282252,0.09927691339863089,-0.14039834351479982,7,2,1.0,19.0,0.3538149898717083,0.0,0.2866,650,2675,0.1,0.2,30
30,15,false,,0.11499861887661154,0.31363011013760256,0.1999835707437755,25,26,3.0,29.0,0.7919413919413919,0.28827838827838825,0.2442,650,2675,0.1,0.2,30
40,20,false,,0.25919551823280773,0.09438628050802819,-0.16888704412262473,5,3,1.0,26.0,0.17096649980747017,0.023873700423565652,0.2412,650,2675,0.1,0.2,30
50,25,true,,0.12514046863921433,0.21618349743819115,0.09919077204782693,43,46,28.0,49.0,0.7175414364640884,0.09046961325966851,0.244,650,2675,0.1,0.2,30
20,10,false,,0.18735323030831688,0.17590657584898736,-0.012823226467097187,11,16,1.0,19.0,0.47357604227833233,0.0,0.306,651,2676,0.1,0.2,30
30,15,false,,0.14646517472288198,0.269866914696251,0.13863500378535873,24,28,8.0,29.0,0.6939736346516008,0.29598242310106715,0.2724,651,2676,0.1,0.2,30
40,20,false,,0.14149330210506372,0.4146420185089315,0.27973710902628424,35,35,17.0,39.0,0.8606294155427103,0.25979447655748233,0.2326,651,2676,0.1,0.2,30
50,25,false,,0.21626980414620803,0.15283613439114657,-0.06594184087268172,7,1,1.0,23.0,0.32492012779552715,0.0044728434504792336,0.203,651,2676,0.1,0.2,30
60,30,false,,0.15291456862509384,0.1729986982635962,0.025368265508857846,21,30,1.0,54.0,0.6197452229299363,0.17802547770700636,0.17,651,2676,0.1,0.2,30
20,10,true,,0.06013818342091637,0.2085178657573363,0.1561077042463287,14,17,2.0,19.0,0.7485737571312143,0.0,0.223,652,2677,0.1,0.2,30
20,10,false,,0.7524988353777678,0.10583253473144741,-0.6621250034169209,2,1,1.0,12.0,0.1032940219601464,0.0,0.1888,653,2678,0.1,0.2,30
30,15,false,,0.13452227753895282,0.15517418020141419,0.02567720508778687,24,27,2.0,29.0,0.5686147885050048,0.24604455925088795,0.2622,653,2678,0.1,0.2,30
40,20,false,,0.12487175743742121,0.16673725620962673,0.04911109235377362,25,23,10.0,38.0,0.6563113145846958,0.25866579463701767,0.2784,653,2678,0.1,0.2,30
50,25,true,,0.13586824663855507,0.22617211962351608,0.09509810669253571,39,42,21.0,48.0,0.7392912172573189,0.16979969183359014,0.2542,653,2678,0.1,0.2,30
20,10,false,,0.1565681933307524,0.15521664474109326,-0.00598126534209556,7,1,1.0,19.0,0.4926423544465771,0.0,0.2982,654,2679,0.1,0.2,30
30,15,false,,0.11340103703887543,0.4073624997615466,0.300276409961088,25,26,1.0,29.0,0.6976284584980237,0.2841897233201581,0.2328,654,2679,0.1,0.2,30
40,20,false,,0.12542986946616244,0.1295993151144705,0.01948149305785457,22,38,2.0,39.0,0.5374251497005988,0.14895209580838323,0.2682,654,2679,0.1,0.2,30
50,25,false,,0.2970114962648524,0.10707325490537167,-0.19620429734460731,4,2,1.0,23.0,0.17238627294493217,0.0023942537909018356,0.2266,654,2679,0.1,0.2,30
60,30,true,,0.1256986946108424,0.4632942793783731,0.33908674791048876,50,52,5.0,58.0,0.9172621286197818,0.051899210229409555,0.1764,654,2679,0.1,0.2,30
20,10,false,,0.11456699509413665,0.1547797652199969,0.058461541170271455,10,1,1.0,18.0,0.5950797872340425,0.0,0.309,655,2680,0.1,0.2,30
30,15,false,,0.11069034192968938,0.14339094787640871,0.056566576522961015,17,23,1.0,28.0,0.6219512195121951,0.101506456241033,0.2884,655,2680,0.1,0.2,30
40,20,true,,0.10138194756922295,0.32423602526841766,0.2257832473539128,34,36,20.0,39.0,0.8314097279472382,0.2559769167353669,0.2222,655,2680,0.1,0.2,30
20,10,true,,0.08944620478885836,0.22340687492743236,0.13438440322814982,13,16,1.0,19.0,0.772775237425255,0.0,0.3096,656,2681,0.1,0.2,30
20,10,false,,0.14418242044151316,0.09988351073906095,-0.055981502349881265,9,3,1.0,18.0,0.35505896958410926,0.0,0.2984,657,2682,0.1,0.2,30
30,15,false,,0.1375456320158651,0.11600708558364026,-0.026076701157189533,9,2,1.0,27.0,0.42886884108258155,0.05135322692574601,0.2674,657,2682,0.1,0.2,30
40,20,false,,0.4336570261245788,0.11010239452151506,-0.3410409010641534,3,1,1.0,33.0,0.21749226006191952,0.04373065015479876,0.2048,657,2682,0.1,0.2,30
50,25,true,,0.12902848559581756,0.2151460535762291,0.09038541812260809,43,44,26.0,49.0,0.7570446735395189,0.10927835051546392,0.2398,657,2682,0.1,0.2,30
20,10,false,,0.12037051765033983,0.18454798781439039,0.06956750652731823,14,16,3.0,19.0,0.6657509157509157,0.0,0.308,658,2683,0.1,0.2,30
30,15,false,,0.13540660991144718,0.1038205560265029,-0.03652387537986257,10,2,1.0,28.0,0.4086415232515562,0.08238740388136213,0.2692,658,2683,0.1,0.2,30
40,20,true,,0.11408543909475187,0.2867052472109618,0.17155952682153505,33,36,5.0,39.0,0.7748391708363116,0.3420300214438885,0.2756,658,2683,0.1,0.2,30
20,10,true,,0.10886124252497167,0.22026202165598302,0.11718764747104235,14,17,1.0,19.0,0.713022781366882,0.0,0.2916,659,2684,0.1,0.2,30
20,10,false,,0.08770701481170115,0.6087538189073713,0.515195810836254,15,16,3.0,19.0,0.9410293066476054,0.0,0.28,660,2685,0.1,0.2,30
30,15,true,,0.10375687456186578,0.3607305571957245,0.26343330790448627,23,26,4.0,29.0,0.8753180661577609,0.19883678662304616,0.2958,660,2685,0.1,0.2,30
20,10,false,,0.1529529550212133,0.11631792903084927,-0.02771825400914925,7,1,1.0,19.0,0.4636894824707846,0.0,0.2306,661,2686,0.1,0.2,30
30,15,true,,0.09592755317803657,0.5246530080469316,0.4252085613888463,24,26,9.0,29.0,0.8922902494331065,0.24036281179138322,0.3028,661,2686,0.1,0.2,30
20,10,false,,0.1151453979994378,0.38604768546792984,0.2613004223677644,16,17,4.0,19.0,0.8024815560026828,0.0,0.2842,662,2687,0.1,0.2,30
30,15,true,,0.12085205534004904,0.3733278852118803,0.26101229884687094,22,26,1.0,29.0,0.7384726224783862,0.20389048991354466,0.2746,662,2687,0.1,0.2,30
20,10,false,,0.08443208988516294,0.1848158349125861,0.12123401579676749,14,15,3.0,19.0,0.6779220779220779,0.0,0.2594,663,2688,0.1,0.2,30
30,15,false,,0.22467104110303565,0.08744488368124974,-0.14194194286327702,5,2,1.0,26.0,0.23073803730738038,0.02473641524736415,0.2448,663,2688,0.1,0.2,30
40,20,false,,0.17211299542903521,0.11526300769801186,-0.07212398681010206,6,2,1.0,31.0,0.39775367931835787,0.06235476374903176,0.244,663,2688,0.1,0.2,30
50,25,false,,0.1314222873784131,0.1614748984989393,0.053187478337553384,27,38,2.0,47.0,0.6625868342705922,0.1402580218326166,0.2562,663,2688,0.1,0.2,30
60,30,false,,0.156821237066882,0.15836722736059078,-0.006469439098934604,8,1,1.0,29.0,0.49348140994688555,0.039111540318686626,0.1296,663,2688,0.1,0.2,30
20,10,false,,0.10919045335853556,0.5352541386339247,0.4306958625792825,16,17,4.0,19.0,0.8932885906040269,0.0,0.3016,664,2689,0.1,0.2,30
30,15,false,,0.11117678197357465,0.14156752352873192,0.04495580428539138,18,26,1.0,29.0,0.6164672765657987,0.1326530612244898,0.273,664,2689,0.1,0.2,30
40,20,false,,0.35695288274531384,0.09805943289325983,-0.2619584520064504,5,1,1.0,37.0,0.26957955482275353,0.04286892003297609,0.2314,664,2689,0.1,0.2,30
50,25,true,,0.12685043300187449,0.385684948179519,0.25878478532144,36,45,2.0,49.0,0.7669200144770177,0.12739775606225118,0.2404,664,2689,0.1,0.2,30
20,10,false,,0.23391353146538188,0.12485709532935643,-0.12186351546458683,3,1,1.0,18.0,0.3065049614112459,0.0,0.2396,665,2690,0.1,0.2,30
30,15,true,,0.12403773402862138,0.4104252678833733,0.2876412052516457,24,26,2.0,29.0,0.7490507421470487,0.24887814981014844,0.2726,665,2690,0.1,0.2,30
20,10,false,,0.10203355119276852,0.09974499317199755,0.0012086983079800245,7,1,1.0,19.0,0.5023419203747073,0.0,0.249,666,2691,0.1,0.2,30
30,15,false,,0.07893706413721069,0.10368276215569525,0.025484153937648038,18,25,2.0,28.0,0.5617977528089888,0.09784644194756555,0.1732,666,2691,0.1,0.2,30
40,20,false,,0.5638154678171757,0.06374948670032278,-0.4922028441771551,2,1,1.0,13.0,0.06675843083275981,0.0,0.0602,666,2691,0.1,0.2,30
50,25,false,,0.14527006615452,0.06672755355693485,-0.0676773416121728,5,5,1.0,16.0,0.24981245311327832,0.0,0.0432,666,2691,0.1,0.2,30
60,30,false,,0.08511637326522334,0.08002065340209231,-0.003999591563377529,17,17,3.0,27.0,0.41935483870967744,0.04714640198511166,0.026,666,2691,0.1,0.2,30
20,10,false,,0.11056764487509599,0.5246638247326438,0.4058580050135573,15,16,2.0,19.0,0.8467226890756302,0.0,0.3042,667,2692,0.1,0.2,30
30,15,false,,0.12235723402854817,0.1633832043935292,0.07240022088455529,15,27,1.0,29.0,0.6515570934256055,0.17681660899653978,0.2928,667,2692,0.1,0.2,30
40,20,false,,0.11809520371433808,0.16983275461548283,0.06560980672413959,26,31,2.0,38.0,0.6905319504851121,0.26497156239545,0.2868,667,2692,0.1,0.2,30
50,25,true,,0.1349843649139951,0.38538376473622127,0.25644234359289764,43,46,29.0,49.0,0.8152909336941814,0.06089309878213803,0.2232,667,2692,0.1,0.2,30
20,10,true,,0.10957040831632109,0.3070781998174633,0.1980393631386028,14,16,1.0,19.0,0.7161512027491409,0.0,0.2942,668,2693,0.1,0.2,30
20,10,false,,0.1315861245339711,0.36125990840994154,0.22866884202212232,16,17,3.0,19.0,0.7949465500485908,0.0,0.305,669,2694,0.1,0.2,30
30,15,false,,0.1481325297709505,0.12078370537081665,-0.03282950371716219,14,2,1.0,28.0,0.43067947838023335,0.11084420041180508,0.246,669,2694,0.1,0.2,30
40,20,false,,0.17520613625155662,0.11773128723705906,-0.08006366799289347,7,2,1.0,36.0,0.30725259021078954,0.059664165773490534,0.2298,669,2694,0.1,0.2,30
50,25,true,,0.13511925806316244,0.5610287434920036,0.43023724220228887,44,45,24.0,49.0,0.9617834394904459,0.03821656050955414,0.2256,669,2694,0.1,0.2,30
20,10,false,,0.14335036055413614,0.18406031044238622,0.05950867327101332,13,17,2.0,19.0,0.5965703971119134,0.0,0.3164,670,2695,0.1,0.2,30
30,15,false,,0.12853770546532117,0.11805413604052371,-0.007654393825658801,21,27,2.0,29.0,0.48501550120564935,0.1705132621426111,0.2558,670,2695,0.1,0.2,30
40,20,false,,0.1295849503760219,0.13392785515322853,0.03801392074587054,29,37,2.0,39.0,0.541010101010101,0.1923232323232323,0.2428,670,2695,0.1,0.2,30
50,25,false,,0.2757661697053915,0.1038986133813347,-0.1794950286640804,4,3,1.0,30.0,0.1729906160750714,0.018767849857201143,0.2268,670,2695,0.1,0.2,30
60,30,false,,0.15210358143543226,0.13236341985173858,-0.02001366626844786,6,2,1.0,21.0,0.4046997389033943,0.001864975755315181,0.1702,670,2695,0.1,0.2,30
20,10,false,,0.12286255886978864,0.2136305852523371,0.10776833661671523,13,16,1.0,19.0,0.6827889447236181,0.0,0.3108,671,2696,0.1,0.2,30
30,15,false,,0.13561283692493525,0.11157977686022223,-0.025892762467172765,6,4,1.0,27.0,0.40830945558739257,0.03044412607449857,0.2718,671,2696,0.1,0.2,30
40,20,false,,0.12738844533175275,0.11557959485689341,-0.00987320172975692,9,3,1.0,38.0,0.46277021617293834,0.1321056845476381,0.2602,671,2696,0.1,0.2,30
50,25,false,,0.16230026407378284,0.12553285492038352,-0.0341961907514747,8,3,1.0,26.0,0.3829250720461095,0.023054755043227664,0.233,671,2696,0.1,0.2,30
60,30,false,,0.18549390007534003,0.1406770609603312,-0.04497324846538488,5,3,1.0,18.5,0.3577767398411957,0.0,0.1268,671,2696,0.1,0.2,30
20,10,false,,0.12434678007812086,0.14931123719518435,0.04445487256896283,10,17,1.0,19.0,0.5710955710955711,0.0,0.2786,672,2697,0.1,0.2,30
30,15,false,,0.19744884162582266,0.12018009535622229,-0.09557431042458317,5,2,1.0,29.0,0.3524470416362308,0.08911614317019723,0.228,672,2697,0.1,0.2,30
40,20,false,,0.12600345054251258,0.6687027313973927,0.5360779193215176,36,36,25.0,39.0,0.9710144927536232,0.19759632378932485,0.234,672,2697,0.1,0.2,30
50,25,true,,0.13663217684725865,0.23110265704253433,0.1234273437158023,36,44,2.0,49.0,0.7433835845896147,0.06666666666666667,0.2376,672,2697,0.1,0.2,30
20,10,false,,0.2727742869171497,0.08508830617484246,-0.21036257172968784,4,1,1.0,18.0,0.16180273365349096,0.0,0.237,673,2698,0.1,0.2,30
30,15,false,,0.1200029995801441,0.09654541107372694,-0.026102126028146475,19,24,2.0,29.0,0.41332872928176795,0.11878453038674033,0.2784,673,2698,0.1,0.2,30
40,20,false,,0.274478736918052,0.09640596667773228,-0.18123142130075554,5,3,1.0,20.0,0.14669829972321075,0.004349545274812179,0.252,673,2698,0.1,0.2,30
50,25,false,,0.1189665248721998,0.12665721800676638,0.01340124867664863,38,38,7.0,48.0,0.5456498388829216,0.13569638381668456,0.2638,673,2698,0.1,0.2,30
60,30,false,,0.1271798559473901,0.1350040062726655,0.01921196388746496,16,11,1.0,52.0,0.5778432094221568,0.15495031284504968,0.2032,673,2698,0.1,0.2,30
20,10,false,,0.08714343804131838,0.1312457609076303,0.056387072710358144,13,15,2.0,19.0,0.6592356687898089,0.0,0.2904,674,2699,0.1,0.2,30
30,15,false,,0.10838307387702277,0.2848023021488084,0.18519098527648348,21,25,1.0,29.0,0.6344042293615291,0.18218788125254168,0.2614,674,2699,0.1,0.2,30
40,20,false,,0.5805819858832552,0.08681318084175006,-0.4924994302750102,3,2,1.0,10.0,0.04259175351155415,0.0,0.2092,674,2699,0.1,0.2,30
50,25,false,,0.1418881997641557,0.11132847643945777,-0.04011110599337887,16,1,1.0,47.0,0.3999194522754732,0.06766008860249698,0.2646,674,2699,0.1,0.2,30
60,30,true,,0.11514895873629544,0.2549999312297512,0.15099931025721858,48,54,21.0,58.0,0.8057054741711642,0.06245181187355436,0.2132,674,2699,0.1,0.2,30
20,10,false,,0.14824669507512211,0.12184338623954763,-0.033043086499688505,12,17,1.0,19.0,0.44775174160861303,0.0,0.29,675,2700,0.1,0.2,30
30,15,false,,0.106769288760459,0.38264465541574977,0.27000326049326967,25,28,2.0,29.0,0.717899578382522,0.29053277117669607,0.2372,675,2700,0.1,0.2,30
40,20,true,,0.11419190647861699,0.33110920545200756,0.22003370746379883,33,35,14.0,39.0,0.8279292557111275,0.3235077376565954,0.2614,675,2700,0.1,0.2,30
20,10,true,,0.11638466727768901,0.2850079152416959,0.18316899497802897,14,16,2.0,19.0,0.7775302355187779,0.0,0.3178,676,2701,0.1,0.2,30
20,10,false,,0.14888341753480147,0.23355507356764021,0.10975715841894682,12,15,1.0,19.0,0.6277653093940365,0.0,0.309,677,2702,0.1,0.2,30
30,15,false,,0.23273715283247387,0.10684485407829962,-0.13317663774835864,5,2,1.0,26.0,0.20668274199104375,0.020668274199104376,0.2534,677,2702,0.1,0.2,30
40,20,false,,0.1251018678456197,0.15358286886044134,0.04970841011119871,30,36,3.0,39.0,0.6083158630328441,0.2498252969951083,0.2558,677,2702,0.1,0.2,30
50,25,false,,0.13426758515796244,0.14705633307401775,0.017869239516882796,31,44,1.0,48.0,0.5720094883090477,0.14198576753642833,0.245,677,2702,0.1,0.2,30
60,30,true,,0.13563535429228937,0.21476976389841468,0.10552663708474061,48,56,2.0,59.0,0.7932790224032586,0.031568228105906315,0.2236,677,2702,0.1,0.2,30
20,10,false,,0.16397177392127626,0.1006215720048714,-0.066933176802339,5,2,1.0,17.0,0.3591405184174625,0.0,0.2654,678,2703,0.1,0.2,30
30,15,false,,0.6498356529248513,0.089568502409588,-0.548577203836748,2,1,1.0,26.0,0.15172120696982574,0.0208244793880153,0.1942,678,2703,0.1,0.2,30
40,20,false,,0.6533684858332116,0.0958204935171359,-0.5556965861588761,3,2,1.0,23.0,0.07996597192683964,0.006805614632071459,0.2068,678,2703,0.1,0.2,30
50,25,false,,0.17098040439817497,0.1177844560147251,-0.058870613917494055,7,3,1.0,21.0,0.31979320531757754,0.00036927621861152144,0.2384,678,2703,0.1,0.2,30
60,30,true,,0.13028689164959775,0.5149362974259938,0.3855353183475088,53,52,40.0,59.0,0.9185679185679185,0.0,0.219,678,2703,0.1,0.2,30
20,10,false,,0.0932481356368248,0.23888948983610087,0.15694148647839762,15,16,2.0,19.0,0.6969479353680431,0.0,0.2706,679,2704,0.1,0.2,30
30,15,false,,0.12209540869673015,0.11868156819521629,0.01508620113664108,11,2,1.0,29.0,0.523497688751926,0.10208012326656395,0.2504,679,2704,0.1,0.2,30
40,20,false,,0.11345796435097837,0.19607094772220068,0.08623662649945743,29,36,2.0,39.0,0.677760375880971,0.2192638997650744,0.2768,679,2704,0.1,0.2,30
50,25,false,,0.14348550815241656,0.12071516188814159,-0.026120817063908223,11,2,1.0,35.0,0.4216820987654321,0.1087962962962963,0.242,679,2704,0.1,0.2,30
60,30,true,,0.12430178842455568,0.502514198171767,0.39072880247545716,54,54,28.0,59.0,0.8595317725752508,0.05016722408026756,0.0636,679,2704,0.1,0.2,30
20,10,false,,0.10569672051759693,0.137372411348975,0.046192393054104615,13,15,2.0,19.0,0.6067977340886371,0.0,0.2972,680,2705,0.1,0.2,30
30,15,false,,0.11876919016214997,0.09635788970610969,-0.030519341745065487,10,1,1.0,29.0,0.4508459076360311,0.16643804298125287,0.1562,680,2705,0.1,0.2,30
40,20,false,,0.13150855492066532,0.11269280868969789,-0.011250105414212043,12,3,1.0,38.0,0.4601873536299766,0.156128024980484,0.2724,680,2705,0.1,0.2,30
50,25,false,,0.12362424487798254,0.15311809339210405,0.035476472667841166,38,46,4.0,48.0,0.6186922530206113,0.11442786069651742,0.2596,680,2705,0.1,0.2,30
60,30,true,,0.1281661540235861,0.20457406615162524,0.09339021266749022,38,44,2.0,57.0,0.7711925287356322,0.11206896551724138,0.2052,680,2705,0.1,0.2,30
20,10,false,,0.15839578873710936,0.09258923563745265,-0.070266309738344,7,2,1.0,18.0,0.3442126514131898,0.0,0.2866,681,2706,0.1,0.2,30
30,15,false,,0.10895957787094622,0.0878080301196168,-0.03370744958636439,8,5,1.0,28.0,0.4090128755364807,0.09570815450643777,0.2048,681,2706,0.1,0.2,30
40,20,false,,0.34142530746887884,0.06563198352574884,-0.29021562127531275,3,1,1.0,32.0,0.13905522288755823,0.04125083166999335,0.096,681,2706,0.1,0.2,30
50,25,false,,0.8488593150456011,0.06134050265086124,-0.7822321244817179,1,1,1.0,6.0,0.0014847809948032665,0.0,0.0384,681,2706,0.1,0.2,30
60,30,false,,0.26773559890539367,0.07561128068921295,-0.1769650117269245,3,2,1.0,30.0,0.14721723518850988,0.04398563734290844,0.0274,681,2706,0.1,0.2,30
20,10,false,,0.12198495385142352,0.14376731974427565,0.03645606543747096,10,15,1.0,19.0,0.5968144909431605,0.0,0.3002,682,2707,0.1,0.2,30
30,15,false,,0.13199579466542685,0.11842821551463559,-0.01946580602658886,19,26,1.0,29.0,0.4540343915343915,0.17989417989417988,0.2734,682,2707,0.1,0.2,30
40,20,false,,0.13191168080210688,0.13592552284179452,0.019642913927037403,13,2,1.0,38.0,0.5443392919733614,0.12372940764107956,0.255,682,2707,0.1,0.2,30
50,25,true,,0.1401305205373797,0.4871387289621082,0.3580791644586724,43,44,29.0,49.0,0.9174429810472213,0.08352071956312239,0.223,682,2707,0.1,0.2,30
20,10,false,,0.1288875563620699,0.35753205229468604,0.24011630492217723,16,16,3.0,19.0,0.7501605651894669,0.0,0.2994,683,2708,0.1,0.2,30
30,15,false,,0.1373504666498395,0.13384958130193889,0.001383294902211736,15,25,1.0,29.0,0.5015782828282829,0.12531565656565657,0.2818,683,2708,0.1,0.2,30
40,20,false,,0.14577014037500804,0.1134147283275096,-0.043515162824225795,13,3,1.0,37.0,0.3296513634794615,0.11183983431135658,0.266,683,2708,0.1,0.2,30
50,25,true,,0.1325376364272036,0.3169129775779867,0.19125507119072316,41,43,26.0,49.0,0.8379265091863517,0.15223097112860892,0.244,683,2708,0.1,0.2,30
20,10,false,,0.18875028503043023,0.1654601681331841,-0.02249235770676747,5,1,1.0,18.0,0.4770057066129574,0.0,0.276,684,2709,0.1,0.2,30
30,15,false,,0.1660436093977032,0.13124509788761654,-0.04853537569511873,15,3,1.0,28.0,0.3794656259381567,0.07175022515761033,0.2588,684,2709,0.1,0.2,30
40,20,false,,0.16151840105503965,0.17948972686833334,0.04196701096974939,27,1,1.0,39.0,0.525207182320442,0.14053867403314918,0.202,684,2709,0.1,0.2,30
50,25,false,,0.1603078518011332,0.23329939678592487,0.1051384617017669,34,45,1.0,48.0,0.6850321395775941,0.07682889501071319,0.2312,684,2709,0.1,0.2,30
60,30,true,,0.1593975337338366,0.310908769845893,0.15972889246652563,45,45,28.0,58.0,0.8584563945388688,0.08386737252716635,0.2122,684,2709,0.1,0.2,30
20,10,false,,0.11895432229181008,0.2851599289981105,0.17462356456283132,15,16,2.0,19.0,0.7382683410442828,0.0,0.3116,685,2710,0.1,0.2,30
30,15,false,,0.1379107379352332,0.09045408183251036,-0.07090320368492695,11,2,1.0,28.0,0.315047619047619,0.07314285714285715,0.2458,685,2710,0.1,0.2,30
40,20,false,,0.12978327830562253,0.10002110707225358,-0.04064530310002572,16,4,1.0,38.0,0.3792822185970636,0.1366231647634584,0.264,685,2710,0.1,0.2,30
50,25,false,,0.11734670907089562,0.12548908158883873,0.018095062348944063,39,43,4.0,49.0,0.5532835233975619,0.09948879276445144,0.281,685,2710,0.1,0.2,30
60,30,false,,0.12042160368156535,0.14695273111158408,0.03453633171030375,47,54,5.0,59.0,0.6051218504750103,0.04378356051218505,0.225,685,2710,0.1,0.2,30
20,10,false,,0.11744353775235372,0.10653335149169867,-0.011831227601320687,8,6,1.0,19.0,0.46707193515704154,0.0,0.2934,686,2711,0.1,0.2,30
30,15,false,,0.11927728556781492,0.12485206425202088,0.022913372296464833,11,2,1.0,29.0,0.5325370675453048,0.12273476112026359,0.258,686,2711,0.1,0.2,30
40,20,false,,0.11251529450022318,0.14109083725251925,0.040343903180026536,28,33,1.0,39.0,0.6230446394505914,0.3044639450591377,0.2986,686,2711,0.1,0.2,30
50,25,true,,0.11574876927388038,0.32403436867836743,0.2045612481951009,41,46,3.0,49.0,0.8225255972696246,0.06825938566552901,0.2668,686,2711,0.1,0.2,30
20,10,false,,0.0871329185809057,0.24549957896885377,0.17314869562856564,15,16,2.0,19.0,0.709499263622975,0.0,0.2544,687,2712,0.1,0.2,30
30,15,false,,0.1016710818943855,0.16890354134181407,0.07962071445276417,21,27,2.0,29.0,0.6665366614664586,0.18798751950078002,0.253,687,2712,0.1,0.2,30
40,20,true,,0.10855229147669829,0.19531789097916702,0.09379649052201285,28,35,11.0,39.0,0.7358561258898464,0.3008617459722743,0.3028,687,2712,0.1,0.2,30
20,10,false,,0.1233292263628765,0.14585673057969478,0.03549041165404662,9,6,1.0,18.0,0.5743574051407588,0.0,0.324,688,2713,0.1,0.2,30
30,15,false,,0.1500328418719381,0.10581556145729892,-0.061218698488692644,11,2,1.0,28.0,0.31702344546381245,0.05470608222901801,0.2732,688,2713,0.1,0.2,30
40,20,false,,0.14151485228285285,0.12726571439475484,-0.015305990162642363,15,1,1.0,36.0,0.41238516502211636,0.1279346716570262,0.2564,688,2713,0.1,0.2,30
50,25,true,,0.13588107620033466,0.3880471161332555,0.26114901738897023,43,45,31.0,49.0,0.885741873189572,0.03830061152236885,0.2392,688,2713,0.1,0.2,30
20,10,false,,0.13976782478692343,0.2565522497734551,0.15053350060426976,15,17,2.0,19.0,0.6468720228644014,0.0,0.3118,689,2714,0.1,0.2,30
30,15,false,,0.12118984642269245,0.1283529986438918,0.02212261928939374,19,27,2.0,29.0,0.5423492506099686,0.20006971070059254,0.2648,689,2714,0.1,0.2,30
40,20,false,,0.15710702530852444,0.09862936302840769,-0.0827775790796414,16,3,1.0,38.0,0.27542687453600595,0.08611729769858946,0.2668,689,2714,0.1,0.2,30
50,25,false,,0.19351171010357712,0.11312858196739443,-0.07919027553003119,6,2,1.0,31.0,0.2810954735640928,0.06960821605173069,0.2248,689,2714,0.1,0.2,30
60,30,true,,0.12945528609084642,0.30046033004502415,0.17703953241814246,49,52,8.0,59.0,0.8954869358669834,0.07295554801493044,0.2172,689,2714,0.1,0.2,30
20,10,false,,0.14577761071525389,0.21240624734720728,0.1138797307059442,11,17,1.0,19.0,0.6730049875311721,0.0,0.321,690,2715,0.1,0.2,30
30,15,true,,0.13368346870572634,0.3602625364448217,0.23002004921270855,24,26,4.0,29.0,0.7692061459667093,0.25704225352112675,0.2762,690,2715,0.1,0.2,30
20,10,true,,0.12746273494082588,0.3541276968805594,0.239433369215396,14,16,1.0,19.0,0.7208457218368021,0.0,0.296,691,2716,0.1,0.2,30
20,10,false,,0.15032414367588387,0.13857520748227242,-0.011470399362712796,9,2,1.0,19.0,0.46720799500312304,0.0,0.3088,692,2717,0.1,0.2,30
30,15,false,,0.13508217224934305,0.12383429228928544,-0.01650137532113491,14,5,1.0,29.0,0.4466175056107727,0.08400128246232767,0.2898,692,2717,0.1,0.2,30
40,20,false,,0.14503213446155136,0.12350315244456767,-0.025248642768155846,11,4,1.0,37.0,0.4070369092790617,0.15626077957916523,0.2652,692,2717,0.1,0.2,30
50,25,false,,0.1400621454115881,0.18275645342769614,0.04857907003821231,40,48,17.0,49.0,0.679179810725552,0.14605678233438485,0.2524,692,2717,0.1,0.2,30
60,30,false,,0.14462569538749306,0.16792508135952797,0.0453012685658869,17,4,1.4749999999999943,58.0,0.630891719745223,0.05605095541401274,0.1932,692,2717,0.1,0.2,30
20,10,false,,0.09834836480299848,0.4037065973713413,0.31124087324898836,15,16,6.0,19.0,0.8607723577235772,0.0,0.3038,693,2718,0.1,0.2,30
30,15,false,,0.10669606586451837,0.10644934021989767,0.0024611651573148707,12,5,1.0,28.0,0.5122934300685208,0.10681176944780331,0.226,693,2718,0.1,0.2,30
40,20,false,,0.11677440713961891,0.169476106708096,0.07341393937642321,27,30,2.0,39.0,0.6489675516224189,0.30789085545722716,0.2804,693,2718,0.1,0.2,30
50,25,true,,0.11855193289237038,0.6854149410146961,0.5664596555502397,44,46,4.0,49.0,0.8404592240696753,0.09501187648456057,0.241,693,2718,0.1,0.2,30
20,10,false,,0.11751742780408117,0.11102385514952369,-0.006176882411945306,10,15,1.0,19.0,0.4769475357710652,0.0,0.3094,694,2719,0.1,0.2,30
30,15,false,,0.16220620612248332,0.058358661086428856,-0.11174932395901811,7,1,1.0,26.0,0.18693206404154045,0.023366508005192556,0.1538,694,2719,0.1,0.2,30
40,20,false,,0.08825573265385983,0.11555189878948462,0.03330010306557418,27,30,1.0,38.0,0.5779448621553884,0.2711779448621554,0.1154,694,2719,0.1,0.2,30
50,25,false,,0.08504009802466969,0.12971400845983136,0.045796746250483814,41,47,27.0,49.0,0.6636720943290286,0.21953958450308816,0.0856,694,2719,0.1,0.2,30
60,30,false,,0.7072903549538507,0.07060858218440738,-0.6350094283850793,2,1,1.0,4.0,0.0,0.0,0.0302,694,2719,0.1,0.2,30
20,10,false,,0.15846231422556895,0.16782388972394693,0.004983984319204743,8,1,1.0,18.0,0.5097493036211699,0.0,0.3072,695,2720,0.1,0.2,30
30,15,false,,0.1375332521404915,0.6406806952662679,0.5093340248993483,26,27,12.0,29.0,0.9006293474660484,0.4041073203047367,0.2626,695,2720,0.1,0.2,30
40,20,false,,0.1461024606423876,0.141960650733852,-0.001966310036100427,15,2,1.0,38.0,0.49624060150375937,0.17700501253132833,0.2482,695,2720,0.1,0.2,30
50,25,false,,0.14770650903494192,0.5653027665908652,0.4086419178518454,45,47,26.0,49.0,0.9124918672739102,0.08815875081327261,0.2174,695,2720,0.1,0.2,30
60,30,true,,0.15283344713007058,0.2984196559216313,0.147462297644609,51,54,29.0,59.0,0.8225613405146619,0.07929383602633154,0.1966,695,2720,0.1,0.2,30
20,10,false,,0.07564808494279865,0.7998710795473318,0.7090901139194683,17,18,13.0,19.0,1.0,0.0,0.2256,696,2721,0.1,0.2,30
30,15,false,,0.11814842993238824,0.10648763377754908,-0.006235662297027038,13,4,1.0,28.0,0.48589341692789967,0.07719435736677116,0.2826,696,2721,0.1,0.2,30
40,20,true,,0.10855706675038641,0.46910147078700726,0.34647400857473476,32,35,17.0,39.0,0.8650095602294455,0.3170172084130019,0.2834,696,2721,0.1,0.2,30
20,10,false,,0.08727574929308571,0.7215429520706452,0.6352909763075631,16,16,8.0,19.0,0.9502657555049354,0.0,0.2684,697,2722,0.1,0.2,30
30,15,false,,0.09256579694812672,0.10344882046053458,0.018171935029310964,16,26,2.0,29.0,0.5593869731800766,0.12856534695615154,0.222,697,2722,0.1,0.2,30
40,20,false,,0.10150096842733444,0.08343915451145256,-0.02251700920175255,12,2,1.0,37.0,0.4076884167931209,0.10166919575113809,0.126,697,2722,0.1,0.2,30
50,25,true,,0.10978032172662436,0.311033886254475,0.20186105422413425,42,43,24.0,49.0,0.804149377593361,0.1016597510373444,0.2656,697,2722,0.1,0.2,30
20,10,false,,0.10677119729199791,0.15973918477883012,0.06667685316578276,11,11,1.0,19.0,0.6845637583892618,0.0,0.3122,698,2723,0.1,0.2,30
30,15,false,,0.14277583917793304,0.11088844539694018,-0.05073124241409682,9,4,1.0,28.0,0.3678200692041522,0.06193771626297578,0.2764,698,2723,0.1,0.2,30
40,20,false,,0.13031407096152184,0.11716237327114722,-0.01470062599392638,8,4,1.0,38.0,0.4645061728395062,0.06983024691358025,0.2632,698,2723,0.1,0.2,30
50,25,false,,0.16191393591037073,0.12759020816904504,-0.061961767553452396,9,1,1.0,48.0,0.4246845425867508,0.050867507886435334,0.1976,698,2723,0.1,0.2,30
60,30,true,,0.12669036116583848,0.28665242545644576,0.1618434726935021,47,53,10.0,58.0,0.8938144329896908,0.10412371134020619,0.2288,698,2723,0.1,0.2,30
20,10,false,,0.1624112769159935,0.09587387044680427,-0.0657309342092697,6,1,1.0,18.0,0.37486650053399784,0.0,0.258,699,2724,0.1,0.2,30
30,15,false,,0.11087822018997198,0.14923259736338457,0.04840107301830303,22,25,2.0,29.0,0.5928650239058477,0.19271791099668997,0.2694,699,2724,0.1,0.2,30
40,20,false,,0.15068490456861972,0.13440064032121982,-0.009567527437286769,10,1,1.0,37.0,0.487569573283859,0.16252319109461966,0.251,699,2724,0.1,0.2,30
50,25,false,,0.14391758177329167,0.15545755822132934,0.020902221877790866,26,2,1.0,49.0,0.544580709313888,0.15512098110706,0.2334,699,2724,0.1,0.2,30
60,30,false,,0.5644688729465556,0.4753100713508063,-0.08915880159574929,22,22,22.0,22.0,0.0,0.0,0.0002,699,2724,0.1,0.2,30
20,10,false,,0.11979642375128294,0.21821602210478025,0.09753484790912917,14,16,1.0,19.0,0.6467148262813898,0.0,0.281,700,2725,0.1,0.2,30
30,15,false,,0.11722274497128404,0.11878618827435267,0.007898766681946764,17,20,2.0,29.0,0.5125044029587883,0.08418457203240577,0.2894,700,2725,0.1,0.2,30
40,20,true,,0.11847583285741044,0.276195711517747,0.16097440164386256,32,37,4.0,39.0,0.7763016157989228,0.3504488330341113,0.2592,700,2725,0.1,0.2,30
20,10,false,,0.17468584439294055,0.11961686617477639,-0.07096213364736867,8,2,1.0,18.0,0.3419233186675047,0.0,0.2836,701,2726,0.1,0.2,30
30,15,false,,0.3965425644293236,0.10528048783323748,-0.29752514541183983,4,2,1.0,28.0,0.1849563953488372,0.04324127906976744,0.222,701,2726,0.1,0.2,30
40,20,false,,0.1321842039700849,0.15928273590554598,0.03477970533033811,30,35,2.0,39.0,0.5731132075471698,0.24393530997304583,0.2526,701,2726,0.1,0.2,30
50,25,false,,0.12664232306058873,0.1351743826160149,0.011286188192437235,31,43,2.0,48.0,0.5424991534033187,0.1683034202505926,0.2308,701,2726,0.1,0.2,30
60,30,false,,0.13657970800797276,0.5677018521973696,0.42272130750862175,55,55,44.0,59.0,0.8818953323903819,0.0,0.1942,701,2726,0.1,0.2,30
20,10,false,,0.09986027971411655,0.19565471784367933,0.10086181499133902,13,17,2.0,19.0,0.6972936852656197,0.0,0.277,702,2727,0.1,0.2,30
30,15,false,,0.1127743990310652,0.11550142579947026,0.015137600067080606,10,4,1.0,29.0,0.5337078651685393,0.09325842696629214,0.271,702,2727,0.1,0.2,30
40,20,false,,0.1512202443178283,0.10915998844918161,-0.05447489178394612,7,1,1.0,28.0,0.34044145155256267,0.02656191545080434,0.2452,702,2727,0.1,0.2,30
50,25,false,,0.16117992553780064,0.11903270652984826,-0.05980178334758652,7,2,1.0,47.0,0.37796208530805686,0.10624012638230648,0.2228,702,2727,0.1,0.2,30
60,30,false,,0.3470099221649689,0.12776549123370073,-0.2201486998625811,3,1,1.0,12.0,0.21175327829043225,0.0,0.1054,702,2727,0.1,0.2,30
20,10,false,,0.2032947554646802,0.11713787044369954,-0.10323194470333621,6,3,1.0,19.0,0.32018072289156624,0.0,0.2932,703,2728,0.1,0.2,30
30,15,false,,0.1336533448735283,0.12953168081118469,0.004572294527764087,16,26,2.0,29.0,0.5173459077130347,0.14752441899629504,0.2816,703,2728,0.1,0.2,30
40,20,false,,0.22720377238531173,0.10461420387623876,-0.14037215348463572,7,3,1.0,38.0,0.3113485630066323,0.13927781871775977,0.2464,703,2728,0.1,0.2,30
50,25,true,,0.1273640650014206,0.47393487926635486,0.3418834083453137,42,45,25.0,48.0,0.9301685586515308,0.16649466804265567,0.2516,703,2728,0.1,0.2,30
20,10,false,,0.07668058384160295,0.098822105765362,0.024458772704850164,13,15,1.0,19.0,0.5457999155761925,0.0,0.1964,704,2729,0.1,0.2,30
30,15,false,,0.0916807438240147,0.07828722652249896,-0.016865233767786092,12,1,1.0,27.0,0.47962867457452296,0.038164002062919034,0.107,704,2729,0.1,0.2,30
40,20,true,,0.06326315071993054,0.24950306571660585,0.1854995228549313,32,34,20.0,38.0,0.9249408983451537,0.4107565011820331,0.0618,704,2729,0.1,0.2,30
20,10,false,,0.1360234822455916,0.05427513151171862,-0.07798027234724295,5,3,1.0,19.0,0.28278513455788123,0.0,0.201,705,2730,0.1,0.2,30
30,15,false,,0.6899535891474092,0.04936888583683915,-0.6547188975659222,2,1,1.0,24.0,0.17263843648208468,0.008469055374592834,0.0574,705,2730,0.1,0.2,30
40,20,false,,0.07789391905392408,0.08029164755364461,0.009706169319087823,10,11,1.0,24.0,0.5703225806451613,0.0006451612903225806,0.069,705,2730,0.1,0.2,30
50,25,true,,0.06727491981670734,0.09639693192290723,0.03630946941484185,30,36,10.0,40.0,0.7008166295471417,0.3838158871566444,0.04,705,2730,0.1,0.2,30
20,10,false,,0.08126182195103183,0.1483611139540661,0.06954961233862629,12,14,1.0,19.0,0.6510574018126888,0.0,0.2904,706,2731,0.1,0.2,30
30,15,false,,0.11152316796038828,0.12562205226239678,0.026384488573392206,15,1,1.0,29.0,0.5472154963680388,0.10573042776432606,0.2626,706,2731,0.1,0.2,30
40,20,true,,0.10979299142723753,0.47055741723168526,0.35640333941674757,32,36,4.0,39.0,0.8432323232323232,0.26141414141414143,0.2734,706,2731,0.1,0.2,30
20,10,false,,0.13314792607086698,0.09771046993996811,-0.04558102550084103,6,1,1.0,18.0,0.3993121895299962,0.0,0.277,707,2732,0.1,0.2,30
30,15,false,,0.09276540931763752,0.09085502114397638,-0.00040983478105743876,14,17,1.0,27.0,0.4995904995904996,0.033988533988533985,0.2242,707,2732,0.1,0.2,30
40,20,false,,0.11451873850009599,0.15631292851547204,0.06377616570950476,27,36,2.0,39.0,0.6367571822117276,0.16804407713498623,0.289,707,2732,0.1,0.2,30
50,25,false,,0.12619791613747536,0.12728334349372802,0.009258549772413208,20,2,1.0,47.0,0.5278675282714055,0.0791599353796446,0.2632,707,2732,0.1,0.2,30
60,30,false,,0.14680609809046788,0.13751616559802354,-0.01166528445014639,13,1,1.0,55.0,0.4688736955739475,0.06908960057574667,0.2336,707,2732,0.1,0.2,30
20,10,true,,0.09131348199001853,0.20509362323632518,0.12166591773196912,11,17,1.0,19.0,0.7010737790093523,0.0,0.2988,708,2733,0.1,0.2,30
20,10,false,,0.12533225340443477,0.3521620241908461,0.2500884738953697,15,17,2.0,19.0,0.7759562841530054,0.0,0.3076,709,2734,0.1,0.2,30
30,15,false,,0.13030735220216833,0.14047711039755717,0.02574015165513467,18,26,1.0,29.0,0.5581699346405229,0.14248366013071895,0.2828,709,2734,0.1,0.2,30
40,20,false,,0.13177910431066886,0.18346027385471955,0.0626928704400164,32,36,2.0,39.0,0.6191126279863481,0.30887372013651876,0.2646,709,2734,0.1,0.2,30
50,25,true,,0.14092859822929601,0.5293243984698804,0.3856090627952576,43,44,24.0,49.0,0.907059585492228,0.08646373056994819,0.2088,709,2734,0.1,0.2,30
20,10,false,,0.15792071389649984,0.12742345372918784,-0.03897886402684242,9,3,1.0,19.0,0.4137617459836314,0.0,0.3168,710,2735,0.1,0.2,30
30,15,false,,0.13665439596504764,0.11481879203001637,-0.03382560911780834,18,26,1.7249999999999943,29.0,0.4035830618892508,0.1273615635179153,0.2654,710,2735,0.1,0.2,30
40,20,true,,0.128035314750146,0.6885772557848161,0.572820945523101,34,37,1.0,39.0,0.7466615795497902,0.14421976344906523,0.2368,710,2735,0.1,0.2,30
20,10,false,,0.12261482017904687,0.13868047573908676,0.018887508603650294,12,1,1.0,19.0,0.53064116188452,0.0,0.2816,711,2736,0.1,0.2,30
30,15,false,,0.10461735459685259,0.13584836074167403,0.04433821951991225,18,18,2.0,29.0,0.6498181818181819,0.10545454545454545,0.2902,711,2736,0.1,0.2,30
40,20,true,,0.1138904415506907,0.24542081936209623,0.13007345663524564,33,33,15.75,39.0,0.7909850963286078,0.37331879316612143,0.2618,711,2736,0.1,0.2,30
20,10,false,,0.13856361066928805,0.16980654908778287,0.041912683154911895,11,12,1.0,19.0,0.588762701733413,0.0,0.314,712,2737,0.1,0.2,30
30,15,false,,0.15979000724435694,0.12944821407000562,-0.04656848191429752,12,6,1.0,29.0,0.36495888678051863,0.0920303605313093,0.2734,712,2737,0.1,0.2,30
40,20,true,,0.132389861877374,0.23159040822997493,0.10348981094267487,33,35,11.0,39.0,0.7000646412411118,0.27310924369747897,0.2604,712,2737,0.1,0.2,30
20,10,true,,0.08597874631379557,0.28082250265997505,0.19072763796374795,14,16,1.0,19.0,0.7425959780621573,0.0,0.2964,713,2738,0.1,0.2,30
20,10,false,,0.058705204706613376,0.5123060881009873,0.42702581436318504,15,16,1.0,19.0,0.7857142857142857,0.0,0.1628,714,2739,0.1,0.2,30
30,15,true,,0.06792791519636991,0.17031196422587885,0.10838210204175136,23,25,8.0,29.0,0.7435897435897436,0.19692307692307692,0.1048,714,2739,0.1,0.2,30
20,10,false,,0.1328664379007833,0.27391266016800764,0.1493176398836485,15,17,2.0,19.0,0.6559973045822103,0.0,0.289,715,2740,0.1,0.2,30
30,15,true,,0.109966776820232,0.4290991660172074,0.33308366106389187,24,27,3.0,29.0,0.7970749542961609,0.25338208409506396,0.276,715,2740,0.1,0.2,30
20,10,false,,0.09767832662331119,0.14856012306573604,0.06656585295816078,10,1,1.0,19.0,0.6244541484716157,0.0,0.2764,716,2741,0.1,0.2,30
30,15,false,,0.12023638175882287,0.12519815073962454,0.019568944265168003,12,3,1.0,29.0,0.545111362778407,0.1143827859569649,0.2988,716,2741,0.1,0.2,30
40,20,false,,0.11153072775823353,0.1878714624615602,0.07725336693782239,31,31,19.0,39.0,0.6956367506207876,0.40156083717630364,0.2894,716,2741,0.1,0.2,30
50,25,false,,0.5145042875498166,0.11042390465580511,-0.40851858743340574,3,1,1.0,40.30000000000018,0.146562371346233,0.033347056401811445,0.2038,716,2741,0.1,0.2,30
60,30,true,,0.12697833046984214,0.27174553033247184,0.14484706211150178,51,53,24.0,59.0,0.8755663994423144,0.006273963053328686,0.204,716,2741,0.1,0.2,30
20,10,false,,0.10929951396218295,0.5125111603901061,0.4059371241588883,15,16,2.0,19.0,0.8597208035410283,0.0,0.2968,717,2742,0.1,0.2,30
30,15,false,,0.14896673371938102,0.12916342289792113,-0.021768981167510873,9,2,1.0,29.0,0.4667133847231955,0.09215136650315348,0.2654,717,2742,0.1,0.2,30
40,20,false,,0.1402063942223522,0.14110836459086462,0.008407940492032778,15,3,2.0,37.0,0.5293551491819056,0.14693615656079564,0.2706,717,2742,0.1,0.2,30
50,25,true,,0.13800163704531063,0.19146226818732434,0.07470726152789715,35,42,3.0,49.0,0.7338582677165354,0.06834645669291338,0.2386,717,2742,0.1,0.2,30
20,10,true,,0.0743560072984112,0.19548261789795993,0.1257241715568072,14,16,4.0,19.0,0.7690623859905145,0.0,0.2978,718,2743,0.1,0.2,30
20,10,true,,0.08105716520381243,0.2831362330458178,0.20672020156780208,13,14,2.0,19.0,0.7829243000345661,0.0,0.3138,719,2744,0.1,0.2,30
20,10,false,,0.07100399400673774,0.09870732118625311,0.033456838711121366,11,16,1.0,19.0,0.6013787510137875,0.0,0.2592,720,2745,0.1,0.2,30
30,15,false,,0.09264771420931485,0.07556042323001992,-0.024944411552436208,12,1,1.0,26.0,0.3909217230199166,0.015748031496062992,0.176,720,2745,0.1,0.2,30
40,20,false,,0.1573136184397033,0.06939098226675625,-0.09232606369902588,5,1,1.0,23.0,0.24058823529411766,0.007647058823529412,0.0974,720,2745,0.1,0.2,30
50,25,true,,0.07961909588835228,0.19244949445689452,0.116718593288041,40,42,24.0,48.0,0.8048780487804879,0.23089430894308943,0.0952,720,2745,0.1,0.2,30
20,10,false,,0.10692647468905654,0.5404962666099952,0.44458136665971326,15,15,2.0,19.0,0.8145604395604396,0.0,0.3072,721,2746,0.1,0.2,30
30,15,false,,0.12121213033446357,0.09905698389227577,-0.03801434455603116,11,2,1.0,29.0,0.41962264150943396,0.10339622641509434,0.2436,721,2746,0.1,0.2,30
40,20,false,,0.12460568458856636,0.1358277952603508,0.03224300804862803,25,36,1.0,38.0,0.5802180685358256,0.24260124610591902,0.2658,721,2746,0.1,0.2,30
50,25,false,,0.12013209509921247,0.1496473078433261,0.04264077605997052,30,47,3.0,48.0,0.6303317535545023,0.11775428363106089,0.27,721,2746,0.1,0.2,30
60,30,false,,0.12013672878225445,0.1561644301866282,0.05171476450504528,48,56,6.0,59.0,0.6359053896859248,0.032958511050794885,0.2126,721,2746,0.1,0.2,30
20,10,true,,0.09642694852713168,0.24578395238192755,0.15492532641438983,12,15,1.0,19.0,0.7559503855179349,0.0,0.3134,722,2747,0.1,0.2,30
20,10,true,,0.05054528763940934,0.19284304398159635,0.14568752548691197,14,16,1.0,19.0,0.731638418079096,0.0,0.1606,723,2748,0.1,0.2,30
20,10,false,,0.1332936995491985,0.14936718651083034,0.032754202543864214,11,16,1.0,19.0,0.5567928730512249,0.0,0.3062,724,2749,0.1,0.2,30
30,15,true,,0.11065917196062167,0.28946730433475626,0.1945087143136286,24,26,2.0,29.0,0.7215657311669128,0.24409158050221566,0.2666,724,2749,0.1,0.2,30
20,10,false,,0.12154626845941811,0.17640173581983445,0.06102682031622961,12,16,1.0,19.0,0.6375644329896907,0.0,0.3108,725,2750,0.1,0.2,30
30,15,false,,0.12748694274431782,0.12415941865085242,0.0113248570780798,15,27,1.0,29.0,0.5311643835616439,0.14143835616438355,0.2746,725,2750,0.1,0.2,30
40,20,false,,0.13752618828736102,0.10185559157114048,-0.06521136607747814,13,4,1.0,39.0,0.3038736367055284,0.1184655885671305,0.2404,725,2750,0.1,0.2,30
50,25,false,,0.15496810226950172,0.1261193632195479,-0.03261296789255619,8,1,1.0,44.0,0.4096947935368043,0.07504488330341114,0.2272,725,2750,0.1,0.2,30
60,30,false,,0.14268999498896692,0.13748840691417596,-0.004423048679352531,5,5,1.0,15.0,0.4883895131086142,0.0,0.1692,725,2750,0.1,0.2,30
20,10,false,,0.09166547361712586,0.12775886132216446,0.04039811586707348,10,17,1.0,19.0,0.6083513318934485,0.0,0.2834,726,2751,0.1,0.2,30
30,15,false,,0.10610660640262666,0.1684108287924157,0.07896783161971488,17,6,1.0,29.0,0.6379038613081166,0.13435776201733649,0.2892,726,2751,0.1,0.2,30
40,20,false,,0.11208182409079799,0.13561744685799554,0.035532089185669385,24,35,1.0,39.0,0.5824561403508772,0.21676413255360624,0.2824,726,2751,0.1,0.2,30
50,25,false,,0.12306617104422601,0.17580182774407807,0.06825396816849671,27,44,2.0,47.0,0.6870477568740955,0.17293777134587554,0.2778,726,2751,0.1,0.2,30
60,30,true,,0.13303588178412684,0.7619012997591057,0.624138685722088,53,55,32.0,59.0,0.9924611973392461,0.03325942350332594,0.1414,726,2751,0.1,0.2,30
20,10,false,,0.04316696098103269,0.36576514012187367,0.34159710920482794,16,17,2.0,19.0,0.8575788402848423,0.0,0.1402,727,2752,0.1,0.2,30
30,15,false,,0.060588697598423974,0.6789171594011378,0.6263163853131116,25,26,2.0,29.0,0.8888245512449334,0.2617255356108859,0.084,727,2752,0.1,0.2,30
40,20,false,,0.6334868903409141,0.051927689591286096,-0.5886623647162892,1,1,1.0,4.0,0.0,0.0,0.0356,727,2752,0.1,0.2,30
50,25,false,,0.06265001937007288,0.7773151164385598,0.7005226340597879,45,48,38.0,49.0,1.0,0.0,0.0246,727,2752,0.1,0.2,30
60,30,true,,0.19508655295793043,0.2494297939520353,0.06300534936122217,27,27,19.15,32.849999999999994,0.8181818181818182,0.5681818181818182,0.0042,727,2752,0.1,0.2,30
20,10,false,,0.12507786821688857,0.12346453315406447,-0.004096907107433684,11,15,1.0,19.0,0.4889230769230769,0.0,0.3096,728,2753,0.1,0.2,30
30,15,false,,0.12639920757064277,0.1462369182433232,0.03501634997474304,18,26,1.0,29.0,0.5807254623044097,0.1678520625889047,0.2682,728,2753,0.1,0.2,30
40,20,false,,0.12033511469040356,0.20569292382357499,0.10017721048447675,30,36,2.0,39.0,0.6979461756373938,0.25106232294617564,0.2732,728,2753,0.1,0.2,30
50,25,false,,0.12422105697618878,0.16139995634131957,0.044396529786835545,35,46,3.0,49.0,0.6441549537195749,0.14844017826534112,0.2326,728,2753,0.1,0.2,30
60,30,false,,0.13672044313809828,0.159270120092857,0.04157641848691371,18,4,1.0,59.0,0.6575033799008563,0.0423614240648941,0.1284,728,2753,0.1,0.2,30
20,10,false,,0.11694198680918633,0.15181386920621112,0.04288455202737041,12,16,1.0,19.0,0.5617529880478087,0.0,0.2946,729,2754,0.1,0.2,30
30,15,false,,0.12719946651461633,0.074106281322,-0.06384804028854901,8,2,1.0,27.0,0.35998193315266486,0.03929539295392954,0.1482,729,2754,0.1,0.2,30
40,20,false,,0.2949958059906668,0.061271681594500776,-0.2156566797726,3,1,1.0,16.0,0.1500306184935701,0.0,0.0734,729,2754,0.1,0.2,30
50,25,false,,0.08287830282179127,0.33745821554408467,0.2626974379169068,45,46,30.0,49.0,0.9134670487106017,0.098567335243553,0.081,729,2754,0.1,0.2,30
60,30,true,,0.0785028808304517,0.3942837491560809,0.3128245246133329,54,56,45.0,59.0,0.9738872403560831,0.0,0.0602,729,2754,0.1,0.2,30
20,10,true,,0.10111120212921978,0.2952351931735271,0.18793889870293426,14,16,2.0,19.0,0.7889908256880734,0.0,0.3162,730,2755,0.1,0.2,30
20,10,false,,0.133581515040473,0.45346708600160673,0.3260913257595938,16,16,3.0,19.0,0.8731707317073171,0.0,0.319,731,2756,0.1,0.2,30
30,15,false,,0.11315784417281426,0.3304860988754166,0.2215422705958619,25,26,4.0,29.0,0.7458866544789763,0.3016453382084095,0.2602,731,2756,0.1,0.2,30
40,20,false,,0.1472439728688184,0.10337330500223817,-0.050780987515782416,11,4,1.0,29.0,0.34136243884079787,0.03500188182160331,0.2588,731,2756,0.1,0.2,30
50,25,false,,0.12635104493769614,0.1658087072708406,0.045471980939908715,38,46,2.0,49.0,0.6272502647370279,0.15213554535827745,0.248,731,2756,0.1,0.2,30
60,30,false,,0.13313457419111746,0.1584771862955603,0.04815055209707006,19,3,1.0,57.0,0.6668061950606948,0.09167015487651738,0.1562,731,2756,0.1,0.2,30
20,10,true,,0.10828054608091896,0.19951036027001828,0.09960426579588907,11,9,2.0,19.0,0.7512345679012346,0.0,0.3272,732,2757,0.1,0.2,30
20,10,true,,0.09237813315658394,0.21756994785036662,0.12778491090187583,14,16,1.0,19.0,0.7018739352640545,0.0,0.2916,733,2758,0.1,0.2,30
20,10,false,,0.08814915492093837,0.20728742938578568,0.1146614417780761,15,16,3.0,19.0,0.7055555555555556,0.0,0.2864,734,2759,0.1,0.2,30
30,15,false,,0.08654197213887052,0.19789827736433258,0.13190817594524584,22,26,1.0,29.0,0.6718898385565052,0.21320037986704654,0.16,734,2759,0.1,0.2,30
40,20,false,,0.11130567033189376,0.18994887865541973,0.09288627963380854,27,36,2.0,39.0,0.6752827140549273,0.194264943457189,0.2804,734,2759,0.1,0.2,30
50,25,false,,0.14507075274175465,0.1113710309734569,-0.0410119309878669,9,3,1.0,47.0,0.3873268988669744,0.08644565673520772,0.2298,734,2759,0.1,0.2,30
60,30,true,,0.1164643444035969,0.7319928000420637,0.6052671257241945,54,57,41.0,59.0,0.9477454698693637,0.0,0.231,734,2759,0.1,0.2,30
20,10,false,,0.07666341354415974,0.46111643842557315,0.37756950253794713,15,16,2.0,19.0,0.8763005780346821,0.0,0.2838,735,2760,0.1,0.2,30
30,15,false,,0.10566408021275533,0.13461141209671174,0.04379321585718979,18,20,1.0,29.0,0.6091728733829871,0.10466483731869855,0.2878,735,2760,0.1,0.2,30
40,20,true,,0.10595474576584604,0.5811972183910301,0.46843958744265957,34,37,13.0,39.0,0.8886655948553055,0.25763665594855306,0.2784,735,2760,0.1,0.2,30
20,10,true,,0.04083181918012925,0.14689923942689556,0.0983121176851842,13,15,3.0,19.0,0.7850646242221159,0.0,0.1452,736,2761,0.1,0.2,30
20,10,false,,0.15843184698105597,0.1355596831742509,-0.021804684220976214,9,1,1.0,19.0,0.4251207729468599,0.0,0.298,737,2762,0.1,0.2,30
30,15,false,,0.1366705829306367,0.1518705086084458,0.02779332487314614,13,4,1.0,29.0,0.573041395826206,0.15566199110502907,0.2404,737,2762,0.1,0.2,30
40,20,false,,0.13813660815316553,0.22007109246837325,0.10253368380811306,30,36,2.0,39.0,0.6967109424414927,0.22485768500948766,0.2522,737,2762,0.1,0.2,30
50,25,true,,0.14367007441817375,0.44589749916736127,0.29804580271755743,43,46,3.0,49.0,0.8168138698070003,0.14327772325809618,0.2134,737,2762,0.1,0.2,30
20,10,false,,0.13137354095649073,0.17053338690356976,0.05347393578399216,13,16,1.0,19.0,0.5934507259808465,0.0,0.2994,738,2763,0.1,0.2,30
30,15,false,,0.1442919495805441,0.10703309882903449,-0.057352176297791255,11,2,1.0,27.0,0.3090969455511288,0.03652058432934927,0.2758,738,2763,0.1,0.2,30
40,20,false,,0.13611263638627735,0.11801193339327161,-0.013151026673922761,12,5,1.0,37.0,0.46298932384341634,0.14555160142348755,0.2546,738,2763,0.1,0.2,30
50,25,true,,0.13202667268485635,0.2761973923564829,0.15884535779312312,40,45,18.0,48.0,0.7918340026773761,0.17369477911646586,0.2464,738,2763,0.1,0.2,30
20,10,true,,0.08032813676427833,0.3138300082995948,0.23832579724722647,14,15,2.0,19.0,0.7631096442977631,0.0,0.2938,739,2764,0.1,0.2,30
20,10,false,,0.08513959335538354,0.11253567725209797,0.03696528436986933,11,17,1.0,19.0,0.5831114492202358,0.0,0.2648,740,2765,0.1,0.2,30
30,15,true,,0.09979688103264994,0.1915323373609126,0.10365766553688405,21,26,2.0,29.0,0.7158742331288344,0.13918711656441718,0.2952,740,2765,0.1,0.2,30
20,10,false,,0.09035049644829093,0.10835757813639812,0.02421474946850613,10,15,1.0,19.0,0.5659635323560959,0.0,0.3006,741,2766,0.1,0.2,30
30,15,false,,0.10252094486524295,0.0933948994113115,-0.00990176752033109,12,1,1.0,29.0,0.47713342762847716,0.1305987741631306,0.1832,741,2766,0.1,0.2,30
40,20,true,,0.10453057597885082,0.5741449585145352,0.4848391053708337,34,35,14.950000000000003,39.0,0.9003751563151313,0.29970821175489787,0.2694,741,2766,0.1,0.2,30
20,10,false,,0.08269235548395773,0.12399606939301572,0.04514261998107438,12,15,2.0,19.0,0.6038221242190371,0.0,0.266,742,2767,0.1,0.2,30
30,15,false,,0.0928060886702243,0.729414749593193,0.6315906215311549,25,27,15.0,29.0,0.9678228165482657,0.34433765148349355,0.269,742,2767,0.1,0.2,30
40,20,true,,0.10587737615751955,0.1879163882710406,0.09186934222833859,22,36,2.0,39.0,0.7602981561396626,0.15496273048254217,0.2816,742,2767,0.1,0.2,30
20,10,false,,0.06216351452547724,0.1873030288474473,0.12746129937748196,15,17,2.0,19.0,0.7346763823403344,0.0,0.2254,743,2768,0.1,0.2,30
30,15,false,,0.09563477608671164,0.1681337718432504,0.08256729315033337,20,25,2.0,29.0,0.6937046004842615,0.1497175141242938,0.2902,743,2768,0.1,0.2,30
40,20,false,,0.11497269866582932,0.13569744537261896,0.03226324366076941,22,34,1.0,38.0,0.580542264752791,0.19976076555023922,0.2728,743,2768,0.1,0.2,30
50,25,true,,0.1180108370836264,0.5224832966127592,0.40890506490925616,43,45,1.0,49.0,0.775152749490835,0.06476578411405295,0.2688,743,2768,0.1,0.2,30
20,10,false,,0.24366333740428833,0.10497035730963145,-0.16494966251216575,4,1,1.0,19.0,0.3403006967363403,0.0,0.2482,744,2769,0.1,0.2,30
30,15,false,,0.11254461052519707,0.33132266492406315,0.22123660982476206,25,26,13.0,29.0,0.7931648273406906,0.2890708437166251,0.2614,744,2769,0.1,0.2,30
40,20,false,,0.11091633974035013,0.14786036372713174,0.05297052944297742,28,36,2.0,39.0,0.6260767423649177,0.240407204385278,0.2448,744,2769,0.1,0.2,30
50,25,true,,0.11545616169639907,0.6105218599861327,0.4928879470923661,44,45,24.0,49.0,0.95267892061009,0.07078607743449354,0.2486,744,2769,0.1,0.2,30
20,10,false,,0.14497907329824297,0.2911593601129902,0.17766883362139307,14,16,1.0,19.0,0.5810095305330039,0.0,0.2536,745,2770,0.1,0.2,30
30,15,false,,0.3978867751653192,0.08550298214949788,-0.3048163448813596,4,1,1.0,25.0,0.10998439937597504,0.015990639625585022,0.2234,745,2770,0.1,0.2,30
40,20,false,,0.13855403268676136,0.08102517739703985,-0.06527912037707183,15,5,2.0,38.0,0.23466561139691333,0.16383062920459043,0.237,745,2770,0.1,0.2,30
50,25,false,,0.40159757039498034,0.09637596360710224,-0.30845001875109956,4,2,1.0,31.25,0.11466897446992644,0.012115967113803548,0.2234,745,2770,0.1,0.2,30
60,30,false,,0.1321176498851455,0.1202349086830896,-0.008891092625869401,12,9,2.0,55.0,0.4556621880998081,0.06410748560460652,0.239,745,2770,0.1,0.2,30
20,10,false,,0.12430395140154024,0.2145889670047652,0.0967525005615211,14,16,1.0,19.0,0.6828589108910891,0.0,0.3228,746,2771,0.1,0.2,30
30,15,false,,0.11264003407343273,0.1449065225965162,0.054828392413937097,20,25,1.0,29.0,0.5939572586588062,0.1658069270449521,0.2778,746,2771,0.1,0.2,30
40,20,false,,0.3515235949243631,0.11456021204704289,-0.24913474315455747,4,1,1.0,31.0,0.18480725623582767,0.02947845804988662,0.2226,746,2771,0.1,0.2,30
50,25,true,,0.13263439493609624,0.3516670150537206,0.21928507569342479,42,44,20.0,49.0,0.8766859344894027,0.04463712267180475,0.264,746,2771,0.1,0.2,30
20,10,false,,0.127226960097177,0.13865350329054177,0.021435356429565545,10,16,1.0,19.0,0.5297805642633229,0.0,0.3122,747,2772,0.1,0.2,30
30,15,true,,0.09946255580340269,0.35398913220207234,0.2715879044742699,24,26,6.0,29.0,0.8162017577378677,0.25754680932365304,0.253,747,2772,0.1,0.2,30
20,10,false,,0.1436501848095459,0.05541472614950407,-0.09961895740918969,4,1,1.0,18.0,0.26025032369443246,0.0,0.1748,748,2773,0.1,0.2,30
30,15,false,,0.06463616318236289,0.11648027414104849,0.06011243563755813,13,28,1.0,29.0,0.6177351707609346,0.16177351707609347,0.1032,748,2773,0.1,0.2,30
40,20,true,,0.07116995605048296,0.16196896213006118,0.09571772892565636,27,6,3.0,38.575000000000045,0.7057613168724279,0.25308641975308643,0.049,748,2773,0.1,0.2,30
20,10,false,,0.12821422622529546,0.1068791138089443,-0.026144409658976908,11,15,1.0,19.0,0.46153846153846156,0.0,0.2754,749,2774,0.1,0.2,30
30,15,false,,0.09516517294970071,0.47312695780404884,0.3702946942690635,25,26,3.0,29.0,0.8358974358974359,0.2954635108481262,0.2704,749,2774,0.1,0.2,30
40,20,false,,0.10191448224760846,0.14263327110572213,0.05192644468364113,27,32,5.0,39.0,0.6315349226265161,0.3099121706398996,0.2284,749,2774,0.1,0.2,30
50,25,true,,0.11603155410495604,0.19707643113463502,0.10118139171966106,36,46,6.0,49.0,0.7155470249520154,0.11017274472168906,0.291,749,2774,0.1,0.2,30
20,10,true,,0.1092688456249928,0.27373231194115194,0.16624769479358287,14,17,3.0,19.0,0.8189655172413793,0.0,0.3212,750,2775,0.1,0.2,30
20,10,true,,0.09983280332151415,0.1942102768769772,0.10711863679553817,12,16,2.0,19.0,0.7138819095477387,0.0,0.3354,751,2776,0.1,0.2,30
20,10,false,,0.11067273899801787,0.5523233673280968,0.44148434637813194,16,16,6.0,19.0,0.901010101010101,0.0,0.2768,752,2777,0.1,0.2,30
30,15,false,,0.10930055841712422,0.1528459730519547,0.06531101485540054,19,26,2.0,29.0,0.6362281028699217,0.17256802087215803,0.2662,752,2777,0.1,0.2,30
40,20,false,,0.12277003742473415,0.16628621933876822,0.05859661280942544,29,36,1.0,39.0,0.6513696193525436,0.2305229455709712,0.2732,752,2777,0.1,0.2,30
50,25,true,,0.13432730763546508,0.26493280058624236,0.13748113139559637,44,46,18.0,49.0,0.824018629407851,0.0801729873586161,0.2368,752,2777,0.1,0.2,30
20,10,false,,0.10107924625343452,0.5568358885400784,0.44107314648209417,15,16,1.0,19.0,0.8570942497448112,0.0,0.3014,753,2778,0.1,0.2,30
30,15,true,,0.11622650075928537,0.4779752501413877,0.3719979726108268,24,26,2.0,29.0,0.8129851799576571,0.2537050105857445,0.2682,753,2778,0.1,0.2,30
20,10,true,,0.10910077783455846,0.259965938182654,0.16968283719978375,12,16,2.0,19.0,0.7505491057420772,0.0,0.3168,754,2779,0.1,0.2,30
20,10,false,,0.13348548171552385,0.12895659404309115,-0.0007029833781817957,10,1,1.0,19.0,0.49605488850771867,0.0,0.2964,755,2780,0.1,0.2,30
30,15,false,,0.12189304257254466,0.10021116860619893,-0.030103264137550365,16,19,2.0,28.0,0.42303552206673845,0.10261930391101542,0.2742,755,2780,0.1,0.2,30
40,20,false,,0.1253940209863207,0.09011304906154052,-0.04751463341766117,10,4,1.0,32.625,0.3394039735099338,0.06498344370860927,0.2306,755,2780,0.1,0.2,30
50,25,false,,0.1566252827475054,0.1235079214072934,-0.02506097942401886,16,3,1.0,49.0,0.4388133498145859,0.09188298310671611,0.2412,755,2780,0.1,0.2,30
60,30,false,,0.11768616223928732,0.1157644191187016,0.0014341146951328404,38,33,19.0,57.0,0.5025500196155355,0.21694782267555904,0.2516,755,2780,0.1,0.2,30
20,10,false,,0.2226727875475511,0.14816495864883297,-0.10275140964960927,6,1,1.0,18.0,0.4056420233463035,0.0,0.2424,756,2781,0.1,0.2,30
30,15,false,,0.13940137068992517,0.18229180699932576,0.05886638980028169,21,26,3.0,29.0,0.6146535867565911,0.17106069895769466,0.289,756,2781,0.1,0.2,30
40,20,false,,0.13602585425302197,0.1912879571847204,0.06099228989242857,32,35,12.0,39.0,0.6615532118887824,0.32406519654841803,0.2574,756,2781,0.1,0.2,30
50,25,true,,0.1481366011012416,0.41239546306002994,0.2745240174073792,43,44,21.0,49.0,0.8291848164281269,0.06316116988176727,0.2092,756,2781,0.1,0.2,30
20,10,false,,0.12618280844095645,0.15768512913459007,0.05135985824807454,10,3,1.0,19.0,0.6074444791992493,0.0,0.3256,757,2782,0.1,0.2,30
30,15,false,,0.17504021801279895,0.10598879482149219,-0.09359657354152659,8,2,1.0,28.0,0.3297669086740543,0.11043179212839128,0.2348,757,2782,0.1,0.2,30
40,20,false,,0.168379301872061,0.09987646681554045,-0.0754500490856391,7,3,1.0,38.0,0.31864274570982837,0.09945397815912636,0.2556,757,2782,0.1,0.2,30
50,25,false,,0.13511799877963426,0.128631690004115,-0.00984299179125065,13,1,1.0,45.0,0.4668330955777461,0.06276747503566334,0.2454,757,2782,0.1,0.2,30
60,30,false,,0.132251594245894,0.1589360994365098,0.04444574483195465,20,1,1.0,55.0,0.645706072583543,0.1336687028386633,0.1872,757,2782,0.1,0.2,30
20,10,false,,0.14769186617036872,0.2814237246189432,0.15118109969705712,15,16,3.0,19.0,0.7058646616541353,0.0,0.3064,758,2783,0.1,0.2,30
30,15,false,,0.13781783716358934,0.12181684037285101,-0.024408870037979216,17,1,1.0,29.0,0.46250435995814443,0.16184164632019532,0.2508,758,2783,0.1,0.2,30
40,20,false,,0.20318226348150814,0.12721262492986857,-0.08156657517632772,5,3,1.0,38.0,0.3617929562433298,0.08537886872998933,0.2258,758,2783,0.1,0.2,30
50,25,false,,0.14453828604815286,0.16109445822341342,0.03316685842606193,23,4,2.0,48.0,0.574454631678786,0.03699019917799557,0.2104,758,2783,0.1,0.2,30
60,30,true,,0.1447892618460939,0.2966023730321157,0.16243005953647455,41,43,12.0,56.0,0.948016942626107,0.17443203696572968,0.1542,758,2783,0.1,0.2,30
20,10,false,,0.08478623709670136,0.4688652843886113,0.37871162950843845,15,16,8.0,19.0,0.9109052031361369,0.0,0.3054,759,2784,0.1,0.2,30
30,15,false,,0.10628384148882634,0.15206509985164754,0.0505819570096431,20,26,3.0,29.0,0.621824686940966,0.15026833631484796,0.2584,759,2784,0.1,0.2,30
40,20,true,,0.11034670542629411,0.4437992737014723,0.32681419497823516,31,36,2.0,39.0,0.7952602952602953,0.24203574203574205,0.26,759,2784,0.1,0.2,30
20,10,false,,0.055012416914115445,0.10790880502010468,0.045472933834725164,10,13,1.0,18.0,0.6307550644567219,0.0,0.16,760,2785,0.1,0.2,30
30,15,false,,0.10806193727746985,0.0635608107298413,-0.041678430324297716,5,1,1.0,23.0,0.3589905362776025,0.0012618296529968455,0.078,760,2785,0.1,0.2,30
40,20,false,,0.1625323873962271,0.05949800701894226,-0.113306732417331,3,2,1.0,8.0,0.21168501270110077,0.0,0.0396,760,2785,0.1,0.2,30
50,25,true,,0.0642313787408752,0.4446233092693369,0.3865375428003802,44,44,43.0,49.0,1.0,0.0,0.0212,760,2785,0.1,0.2,30
20,10,false,,0.0374510369345255,0.5910800880428977,0.5402934150948275,16,16,4.0,19.0,0.9156812339331619,0.0,0.1274,761,2786,0.1,0.2,30
30,15,false,,0.05205407339290077,0.08781280454555272,0.03364023158603674,23,26,6.0,29.0,0.6603098927294399,0.14839094159713945,0.0702,761,2786,0.1,0.2,30
40,20,true,,0.032196919462770854,0.11850885691984935,0.08088477306528963,25,19,7.0,30.0,0.9213085764809903,0.3050397877984085,0.0382,761,2786,0.1,0.2,30
20,10,true,,0.09826079601091456,0.21726606698236153,0.12939701075582077,14,16,2.0,19.0,0.7473045822102425,0.0,0.2942,762,2787,0.1,0.2,30
20,10,false,,0.12169371904711852,0.2187032314736858,0.10916176000743112,12,16,1.0,19.0,0.663884430176565,0.0,0.3152,763,2788,0.1,0.2,30
30,15,true,,0.11658778293537243,0.299618789856123,0.19939160878685946,22,27,2.0,29.0,0.7357824090427411,0.25185446838572945,0.271,763,2788,0.1,0.2,30
20,10,false,,0.3351489306815715,0.08565069694291684,-0.25821417041567013,3,1,1.0,17.0,0.16201757737867786,0.0,0.2294,764,2789,0.1,0.2,30
30,15,false,,0.10433054428250751,0.5476478934350635,0.4488783596767314,25,25,3.0,29.0,0.8716395304808785,0.2775463839454752,0.2708,764,2789,0.1,0.2,30
40,20,false,,0.14744369865042833,0.11526493082879771,-0.04080971322126135,11,2,1.0,38.0,0.42127496159754224,0.07296466973886329,0.2192,764,2789,0.1,0.2,30
50,25,true,,0.12255978984641047,0.2448612625675038,0.12620896237322488,40,43,19.0,49.0,0.8006861063464837,0.1471698113207547,0.2528,764,2789,0.1,0.2,30
20,10,false,,0.10327502754274669,0.48223567321253386,0.38510275629649277,16,16,3.0,19.0,0.8527480124438299,0.0,0.2882,765,2790,0.1,0.2,30
30,15,false,,0.11983140056622739,0.17629003577213853,0.08524768201674109,15,2,1.0,29.0,0.6481003319808188,0.16931021763187015,0.273,765,2790,0.1,0.2,30
40,20,false,,0.14379851633650934,0.1267862775506819,-0.016505673661562706,12,1,1.0,36.0,0.44741663613045074,0.14657383657017223,0.2326,765,2790,0.1,0.2,30
50,25,true,,0.1316642657053036,0.2169025353234085,0.10181136025669152,34,39,5.0,48.0,0.8114339861023373,0.16929879974731524,0.2724,765,2790,0.1,0.2,30
20,10,true,,0.09043726519347298,0.3133840115831677,0.2305454111043381,13,12,3.0,19.0,0.8583035424114397,0.0,0.3078,766,2791,0.1,0.2,30
20,10,false,,0.11792091040098752,0.16565060017724353,0.07587209833341596,14,16,1.0,19.0,0.6030252100840336,0.0,0.2712,767,2792,0.1,0.2,30
30,15,false,,0.11263970977960192,0.12008036709694621,0.007260728903446853,21,21,5.0,29.0,0.5243407707910751,0.14131169709263017,0.3032,767,2792,0.1,0.2,30
40,20,false,,0.12242254956875791,0.13532387234270926,0.02354086881971143,22,1,1.0,39.0,0.5560903369122547,0.15586819696408738,0.256,767,2792,0.1,0.2,30
50,25,false,,0.13383270855885043,0.15621408814468415,0.04701487948667224,28,1,1.0,48.0,0.5967799642218247,0.09874776386404294,0.2326,767,2792,0.1,0.2,30
60,30,true,,0.1381964052930536,0.38982162289835776,0.25475168221673183,52,52,41.0,59.0,0.856520281595709,0.0016761649346295675,0.16,767,2792,0.1,0.2,30
20,10,false,,0.07138743165279393,0.3761007562253919,0.30726915802447086,15,16,4.0,19.0,0.8750494266508502,0.0,0.2662,768,2793,0.1,0.2,30
30,15,false,,0.10657787841050215,0.10922388275795127,0.005750885587464033,10,3,1.0,27.0,0.509404990403071,0.04069097888675624,0.2896,768,2793,0.1,0.2,30
40,20,false,,0.11886659087807112,0.16800953809793437,0.07302641018014032,18,37,1.0,38.0,0.6855928930088837,0.17342603321745848,0.2568,768,2793,0.1,0.2,30
50,25,true,,0.1279412045671518,0.26937982488424483,0.15100951633099607,35,32,5.0,48.0,0.7901815736381977,0.19300605245460659,0.239,768,2793,0.1,0.2,30
20,10,false,,0.0635595216689966,0.5801297864729767,0.5138617067685569,16,16,3.0,19.0,0.8941029900332226,0.0,0.2302,769,2794,0.1,0.2,30
30,15,false,,0.06433774810125438,0.07889969028425067,0.002075187512650234,18,25,1.0,28.0,0.5087336244541485,0.08187772925764192,0.0924,769,2794,0.1,0.2,30
40,20,true,,0.06134774707830194,0.35170685865897805,0.3055600735364719,33,33,27.0,39.0,0.9623621025308241,0.5561323815704088,0.053,769,2794,0.1,0.2,30
20,10,false,,0.09321888638526045,0.18172658584061646,0.08959028973164762,13,16,1.0,19.0,0.6369942196531792,0.0,0.2308,770,2795,0.1,0.2,30
30,15,false,,0.10115932910388999,0.10749694551650826,0.011155336872275542,10,3,1.0,28.0,0.5343347639484979,0.07167381974248926,0.2396,770,2795,0.1,0.2,30
40,20,false,,0.11356925488592441,0.1734411376974146,0.0722621640077284,27,36,2.0,38.0,0.6541875723658819,0.22346584330374372,0.2888,770,2795,0.1,0.2,30
50,25,false,,0.13062766250711577,0.12027713658090433,-0.0023974556495642146,20,4,1.0,48.0,0.4876,0.1328,0.2746,770,2795,0.1,0.2,30
60,30,true,,0.4390342727823527,0.4871435112129753,0.04810923843062259,19,19,19.0,19.0,1.0,0.0,0.0002,770,2795,0.1,0.2,30
20,10,true,,0.10231285244817452,0.2722854387405635,0.17912444128426544,14,16,1.0,19.0,0.7211832709962598,0.0,0.2998,771,2796,0.1,0.2,30
20,10,false,,0.13534560702828008,0.11947183048599529,-0.011111450453210735,9,1,1.0,19.0,0.48612153038259565,0.0,0.2418,772,2797,0.1,0.2,30
30,15,false,,0.11041381631947034,0.10501334769447422,-0.012091591522388229,20,25,1.0,29.0,0.47368421052631576,0.12416604892512972,0.2722,772,2797,0.1,0.2,30
40,20,false,,0.15605385514788978,0.09539568201612504,-0.07184149194414893,10,5,1.0,31.09999999999991,0.27532264372311305,0.059835745013687915,0.267,772,2797,0.1,0.2,30
50,25,false,,0.11887447182738053,0.16568460304566016,0.06267788004918581,33,44,2.0,48.0,0.6549822764868058,0.13115399763686492,0.27,772,2797,0.1,0.2,30
60,30,false,,0.1554920282782261,0.11447424879532425,-0.04328867816625073,9,5,1.0,38.0,0.36385936222403925,0.029844644317252658,0.196,772,2797,0.1,0.2,30
20,10,false,,0.08233113428237795,0.2544372874658463,0.1717347276645971,15,16,2.0,19.0,0.8363126533473537,0.0,0.2924,773,2798,0.1,0.2,30
30,15,false,,0.10785307960796323,0.19837226898193905,0.11243079750110034,19,26,2.0,29.0,0.6876565295169946,0.12915921288014312,0.2956,773,2798,0.1,0.2,30
40,20,false,,0.6966618626543107,0.10413971785784401,-0.6089255945329639,2,1,1.0,38.0,0.16095107453132146,0.012802926383173296,0.177,773,2798,0.1,0.2,30
50,25,false,,0.1374679100007787,0.14091238106169937,0.021716202183905436,10,4,1.0,48.0,0.5513722730471499,0.09781843771991555,0.2522,773,2798,0.1,0.2,30
60,30,true,,0.1433477673132793,0.7402715866509044,0.5912367334521522,53,52,43.0,59.0,0.951114067176588,0.0,0.2224,773,2798,0.1,0.2,30
20,10,true,,0.10118492398472419,0.44649123324314,0.3592010412397971,13,15,2.0,19.0,0.8577600531738119,0.0,0.2912,774,2799,0.1,0.2,30
20,10,false,,0.11636205717403664,0.40636012578245523,0.29540363670140596,15,16,2.0,19.0,0.8514433992864093,0.0,0.3164,775,2800,0.1,0.2,30
30,15,false,,0.12122657761656591,0.4921505008478779,0.3773656241359563,25,27,3.0,29.0,0.8162839248434238,0.3569937369519833,0.2628,775,2800,0.1,0.2,30
40,20,false,,0.2598734100181281,0.10848761696200011,-0.15823885640132662,4,2,1.0,20.0,0.1734125510582993,0.0,0.2162,775,2800,0.1,0.2,30
50,25,true,,0.13003740400203959,0.2944913697826847,0.17793392896050533,41,45,4.0,49.0,0.7914529914529914,0.0841025641025641,0.2318,775,2800,0.1,0.2,30
20,10,false,,0.09575695120047223,0.12289774889282598,0.04171844430087377,12,16,1.0,19.0,0.616283185840708,0.0,0.2818,776,2801,0.1,0.2,30
30,15,false,,0.1318008492836784,0.09916951624418449,-0.04034518685891644,7,2,1.0,27.0,0.365815931941222,0.0382830626450116,0.2654,776,2801,0.1,0.2,30
40,20,false,,0.12183897264805976,0.1255664126195804,0.011920529592142001,16,2,1.0,38.0,0.5433917197452229,0.19944267515923567,0.2758,776,2801,0.1,0.2,30
50,25,false,,0.12168243791009742,0.27645531216656555,0.1564034468041869,39,46,2.0,49.0,0.6933811802232854,0.05582137161084529,0.2592,776,2801,0.1,0.2,30
60,30,false,,0.12418502065242303,0.14199437688526517,0.019403560379024784,30,33,2.0,48.0,0.607035607035607,0.1728871728871729,0.1652,776,2801,0.1,0.2,30
20,10,true,,0.11577008008479853,0.275889202464832,0.16782555365164642,14,14,2.0,19.0,0.7947831552482715,0.0,0.3134,777,2802,0.1,0.2,30
20,10,false,,0.6892030361059249,0.08016154280953228,-0.6132939088698605,2,1,1.0,18.0,0.14065180102915953,0.0,0.1984,778,2803,0.1,0.2,30
30,15,false,,0.12934681885427624,0.1085768797632698,-0.01216245384321707,13,1,1.0,28.0,0.49075500770416025,0.10362095531587057,0.2646,778,2803,0.1,0.2,30
40,20,true,,0.11860336847753065,0.27909515260926904,0.1721900440552839,31,36,2.0,39.0,0.7364061937342455,0.20093626215340296,0.2732,778,2803,0.1,0.2,30
20,10,true,,0.10908304338151074,0.1950626816928802,0.10922255527960206,13,16,2.0,19.0,0.7119248217757616,0.0,0.3016,779,2804,0.1,0.2,30
20,10,false,,0.1367645708532665,0.1850257660871987,0.06677446983495311,13,17,1.0,19.0,0.6334785314250155,0.0,0.274,780,2805,0.1,0.2,30
30,15,false,,0.11920345534029422,0.1551824752585874,0.0524826014223303,21,25,1.0,29.0,0.5861321776814734,0.1610689779703864,0.2932,780,2805,0.1,0.2,30
40,20,false,,0.12077846771095298,0.1720178135019125,0.06405879492562896,30,33,3.0,39.0,0.671423717295277,0.29595650696568127,0.2796,780,2805,0.1,0.2,30
50,25,true,,0.13519918244214735,0.18957681291562056,0.11150381669286688,25,6,1.0,48.0,0.7631759069130732,0.08932238193018481,0.2466,780,2805,0.1,0.2,30
20,10,false,,0.16169933705263442,0.12150889340273058,-0.053294148522623555,6,2,1.0,19.0,0.42097902097902096,0.0,0.2618,781,2806,0.1,0.2,30
30,15,false,,0.14726073214439225,0.12314072190014942,-0.03295390690285882,9,1,1.0,28.0,0.4295991778006166,0.10962658444672833,0.2784,781,2806,0.1,0.2,30
40,20,true,,0.12051556904703335,0.6427033352292212,0.5207105481684542,34,35,2.0,39.0,0.8893044128646223,0.15519820493642483,0.2368,781,2806,0.1,0.2,30
20,10,true,,0.09935768917941859,0.23755808976247134,0.1504015226856189,12,17,2.0,19.0,0.7588723051409618,0.0,0.3238,782,2807,0.1,0.2,30
20,10,false,,0.12970822608498261,0.10726639533220698,-0.03453498964624843,9,3,1.0,19.0,0.42687238829958213,0.0,0.3118,783,2808,0.1,0.2,30
30,15,false,,0.09347778752904348,0.6855377290574882,0.6059953758381569,25,25,1.0,29.0,0.7469135802469136,0.2958553791887125,0.1922,783,2808,0.1,0.2,30
40,20,false,,0.46766888428512665,0.09234799545532271,-0.3794312200955402,3,2,1.0,15.724999999999909,0.0906408094435076,0.00042158516020236085,0.2398,783,2808,0.1,0.2,30
50,25,false,,0.12736448124857558,0.1519163044887255,0.048981103050230276,23,4,1.0,48.0,0.6105341246290801,0.09940652818991098,0.2508,783,2808,0.1,0.2,30
60,30,false,,0.12940518713790167,0.20027876140211356,0.09109166010519158,45,56,2.0,59.0,0.6794598436389481,0.06574271499644634,0.2464,783,2808,0.1,0.2,30
20,10,false,,0.13971651555647838,0.14142619006670304,0.009725254030874222,10,1,1.0,19.0,0.5213301981860934,0.0,0.292,784,2809,0.1,0.2,30
30,15,false,,0.13652515930480635,0.11189484190442842,-0.03431553140812851,18,22,1.0,28.0,0.3910874625872963,0.08513468573328899,0.2684,784,2809,0.1,0.2,30
40,20,false,,0.13016124071074958,0.12891060886557165,0.007967202468506365,11,3,1.0,37.0,0.5162429378531074,0.096045197740113,0.266,784,2809,0.1,0.2,30
50,25,false,,0.1534230581154566,0.1307629695031879,-0.034499116337194394,9,3,1.0,47.0,0.36627094972067037,0.0034916201117318434,0.2158,784,2809,0.1,0.2,30
60,30,true,,0.14002656484786785,0.3074796119575738,0.17769158741674695,51,53,9.0,59.0,0.8540731237973059,0.0782552918537524,0.2036,784,2809,0.1,0.2,30
20,10,false,,0.09125326229834915,0.15820021242253557,0.07549259340005324,11,15,1.0,19.0,0.6346428571428572,0.0,0.2834,785,2810,0.1,0.2,30
30,15,false,,0.12496550971735666,0.14824190859630235,0.05880375235457682,14,1,1.0,29.0,0.5842307692307692,0.13153846153846155,0.2574,785,2810,0.1,0.2,30
40,20,false,,0.12939630648285433,0.12033083663677632,-0.012864190232432147,8,4,1.0,37.0,0.46086320409656184,0.1302121433796635,0.2658,785,2810,0.1,0.2,30
50,25,true,,0.12851192627770278,0.2410913879071518,0.1422689289030208,32,44,1.0,48.0,0.7902192242833053,0.0924114671163575,0.2586,785,2810,0.1,0.2,30
20,10,false,,0.13348190460472126,0.16965995048249036,0.04888965308301027,13,16,2.0,19.0,0.5901884534848938,0.0,0.3266,786,2811,0.1,0.2,30
30,15,true,,0.1321314110023266,0.29271214997203576,0.19660857463087536,23,26,1.0,29.0,0.7721932114882507,0.23922976501305482,0.2796,786,2811,0.1,0.2,30
20,10,false,,0.0845170426979902,0.4474145814849585,0.3720466181671167,16,16,2.0,19.0,0.862555720653789,0.0,0.2726,787,2812,0.1,0.2,30
30,15,false,,0.09352925367245875,0.14955125338554004,0.08144409745334906,21,26,2.0,29.0,0.6399006622516556,0.18170529801324503,0.246,787,2812,0.1,0.2,30
40,20,false,,0.14991038365425116,0.09827279327274259,-0.05649807823931803,7,4,1.0,35.0,0.33182936833470056,0.05742411812961444,0.2556,787,2812,0.1,0.2,30
50,25,true,,0.10592518198937119,0.2657189668062296,0.15843635155290117,43,47,31.0,49.0,0.7819706498951782,0.05744234800838575,0.2214,787,2812,0.1,0.2,30
20,10,false,,0.13949277554110956,0.1970312347104541,0.0781964991600664,14,16,1.0,19.0,0.630057803468208,0.0,0.2974,788,2813,0.1,0.2,30
30,15,false,,0.15935860551239983,0.10588401956584477,-0.07147289985266944,8,5,1.0,27.0,0.31305536568694464,0.02836637047163363,0.2728,788,2813,0.1,0.2,30
40,20,false,,0.15764985548388272,0.11020744069639585,-0.0750726284853285,15,1,1.0,38.0,0.33877995642701525,0.14088598402323893,0.2366,788,2813,0.1,0.2,30
50,25,true,,0.13811494301964858,0.25584281420454746,0.14124645186862073,42,45,2.0,49.0,0.7044384667114997,0.0531271015467384,0.2178,788,2813,0.1,0.2,30
20,10,false,,0.16263431766878508,0.11911555993584591,-0.04134112975607426,9,5,1.0,19.0,0.39539748953974896,0.0,0.3192,789,2814,0.1,0.2,30
30,15,false,,0.19003701751876032,0.11011190924705172,-0.09591359945802269,7,1,1.0,28.0,0.31313485113835376,0.04623467600700525,0.2534,789,2814,0.1,0.2,30
40,20,false,,0.14182418068260372,0.12276269197134372,-0.025074806398824284,20,35,1.0,38.15000000000009,0.43316412859560066,0.15634517766497463,0.2578,789,2814,0.1,0.2,30
50,25,false,,0.16112389559435478,0.1387585836361925,-0.02354796368643622,7,4,1.0,36.0,0.42682119205298014,0.06556291390728476,0.2372,789,2814,0.1,0.2,30
60,30,true,,0.1395743325957467,0.2790271875355543,0.14724829735450604,44,50,18.0,57.0,0.9336405529953917,0.12135176651305683,0.2196,789,2814,0.1,0.2,30
20,10,false,,0.1708941673564318,0.1030009018234344,-0.08103609345573273,8,4,1.0,19.0,0.3536314620995877,0.0,0.304,790,2815,0.1,0.2,30
30,15,false,,0.20112232534858365,0.0734314541186384,-0.1442233114288312,6,2,1.0,25.34999999999991,0.1795703283340089,0.014592622618565058,0.1858,790,2815,0.1,0.2,30
40,20,false,,0.12336671828127498,0.22851637984295806,0.13615916238855613,25,34,1.0,39.0,0.6476974915761887,0.20217147135904157,0.2564,790,2815,0.1,0.2,30
50,25,false,,0.13494896987881172,0.21035825600693248,0.09423545425426047,36,46,1.0,49.0,0.6734835355285962,0.11681109185441942,0.2424,790,2815,0.1,0.2,30
60,30,true,,0.13829501533228789,0.3829778163188275,0.24381090679142844,50,55,24.0,59.0,0.9446601941747573,0.04271844660194175,0.223,790,2815,0.1,0.2,30
20,10,false,,0.08307034949160233,0.2968427319279642,0.2260637046564138,15,16,2.0,19.0,0.7533987915407855,0.0,0.2786,791,2816,0.1,0.2,30
30,15,true,,0.09688743471019526,0.513385912170286,0.42332629190087107,23,27,5.0,29.0,0.857033930613801,0.23522683949675943,0.281,791,2816,0.1,0.2,30
20,10,false,,0.04709253805438015,0.6470620536522095,0.5959221251579726,16,16,12.0,19.0,1.0,0.0,0.149,792,2817,0.1,0.2,30
30,15,false,,0.10301313302067652,0.21887360905596703,0.12352920235341414,18,27,1.0,29.0,0.6980745596067186,0.17206063088897994,0.2826,792,2817,0.1,0.2,30
40,20,false,,0.11161137333284689,0.1433009461181679,0.0455712405813717,23,5,2.0,39.0,0.614921780986763,0.2069795427196149,0.2756,792,2817,0.1,0.2,30
50,25,false,,0.12303017582998602,0.1362191916366052,0.013630369840688668,32,3,1.0,48.0,0.5374794069192751,0.08937397034596375,0.2422,792,2817,0.1,0.2,30
60,30,true,,0.11700040009235843,0.3655097984402178,0.2446800433357307,50,53,33.0,59.0,0.8631725417439703,0.025974025974025976,0.1722,792,2817,0.1,0.2,30
20,10,false,,0.11417235176995189,0.19719512439393005,0.1298724625108829,14,16,1.0,19.0,0.6707070707070707,0.0,0.2734,793,2818,0.1,0.2,30
30,15,false,,0.11807887782716037,0.12552797433181465,0.015152804550650052,11,8,1.0,28.0,0.5486111111111112,0.06909722222222223,0.2848,793,2818,0.1,0.2,30
40,20,false,,0.12947023485262335,0.1560786279826457,0.04482755925724076,19,5,1.0,38.0,0.5819783197831978,0.18631436314363142,0.2632,793,2818,0.1,0.2,30
50,25,true,,0.14057788577918812,0.19630334261270027,0.08807191726656904,28,1,1.0,48.0,0.7112555593568252,0.19705781731098188,0.2256,793,2818,0.1,0.2,30
20,10,false,,0.12090889713171232,0.17813951643041417,0.07384310000528364,13,16,2.0,19.0,0.6335780402170443,0.0,0.2954,794,2819,0.1,0.2,30
30,15,false,,0.10852934443280655,0.09524128052736443,-0.016193238891431413,14,3,1.0,29.0,0.45490822027134875,0.1280925778132482,0.2362,794,2819,0.1,0.2,30
40,20,false,,0.7111569465195369,0.08984700728581703,-0.6162817099459954,2,2,1.0,8.0,0.015969938938468764,0.0,0.1724,794,2819,0.1,0.2,30
50,25,false,,0.12423578854216809,0.15965182088121976,0.043184468965807285,33,40,3.0,48.0,0.65014064697609,0.139943741209564,0.2738,794,2819,0.1,0.2,30
60,30,true,,0.13012443999948395,0.3586854037037405,0.23019537896151468,48,43,31.0,59.0,0.9413735343383585,0.023450586264656615,0.2534,794,2819,0.1,0.2,30
20,10,false,,0.08514870432699827,0.11075470130516668,0.03874292937842106,11,16,1.0,18.0,0.6116185604676653,0.0,0.2816,795,2820,0.1,0.2,30
30,15,true,,0.08346919976279432,0.38723401242434363,0.29297885772030763,23,26,1.0,29.0,0.8309370352007932,0.21021318790282598,0.1838,795,2820,0.1,0.2,30
20,10,false,,0.1097180016147215,0.1543597707569297,0.047617100522105105,12,16,2.0,19.0,0.6386931454196029,0.0,0.3198,796,2821,0.1,0.2,30
30,15,false,,0.14196679272678941,0.15275477234700005,0.018631369072865292,16,3,1.0,29.0,0.5347008547008547,0.13606837606837607,0.2806,796,2821,0.1,0.2,30
40,20,true,,0.12531280063277028,0.37170749166079314,0.25912146837796096,34,36,12.0,39.0,0.8663282571912013,0.23688663282571912,0.254,796,2821,0.1,0.2,30
20,10,true,,0.05604894631907915,0.23055120819211486,0.1863985759852128,14,16,1.0,19.0,0.7080858839652809,0.0,0.1798,797,2822,0.1,0.2,30
20,10,false,,0.09690628587043017,0.1428891158967277,0.045999070970522846,12,1,1.0,19.0,0.6207845836200964,0.0,0.3036,798,2823,0.1,0.2,30
30,15,false,,0.1315559371263242,0.14411380611453045,0.03232015075488402,11,1,1.0,28.0,0.5330948121645797,0.05330948121645796,0.2658,798,2823,0.1,0.2,30
40,20,false,,0.1127364343242055,0.47472424338964453,0.3556130654860111,35,36,11.0,39.0,0.8706015891032917,0.18501702610669693,0.2662,798,2823,0.1,0.2,30
50,25,true,,0.12467765708517362,0.262325873893332,0.14165424842365082,40,47,10.0,49.0,0.7792253521126761,0.11549295774647887,0.254,798,2823,0.1,0.2,30
20,10,false,,0.10044126626659891,0.5924714708796496,0.4971450600763331,15,17,1.0,19.0,0.7580360296714942,0.0,0.2766,799,2824,0.1,0.2,30
30,15,false,,0.11187155540903175,0.12173224587511361,0.014446584897769413,18,28,2.0,29.0,0.5318725099601593,0.16733067729083664,0.2824,799,2824,0.1,0.2,30
40,20,false,,0.11905029455645945,0.13854094724315047,0.03566292394632467,22,34,2.0,38.0,0.5813514533786335,0.19479048697621745,0.2822,799,2824,0.1,0.2,30
50,25,false,,0.15679727888454326,0.11416183174385573,-0.042131424510717955,9,4,1.0,49.0,0.4118844118844119,0.04395604395604396,0.2616,799,2824,0.1,0.2,30
60,30,false,,0.1259190236249067,0.32095846324917066,0.21671060619604182,46,56,2.0,58.0,0.665215670755837,0.08389394538979027,0.2158,799,2824,0.1,0.2,30
20,10,false,,0.10876345910246403,0.16677248026331734,0.07081796025915928,12,16,1.0,19.0,0.6906666666666667,0.0,0.3172,800,2825,0.1,0.2,30
30,15,false,,0.12141446884469168,0.09423917909271265,-0.03399185284275791,12,4,1.0,28.0,0.41007751937984493,0.08488372093023255,0.255,800,2825,0.1,0.2,30
40,20,false,,0.1251703608607006,0.12492501873581978,0.012977294888524837,9,4,1.0,38.0,0.5254946727549468,0.14687975646879756,0.2606,800,2825,0.1,0.2,30
50,25,false,,0.12189439846883708,0.1504062940444288,0.03693107131600196,33,35,3.0,48.0,0.6274928774928775,0.14316239316239315,0.2676,800,2825,0.1,0.2,30
60,30,true,,0.12836382776367475,0.1705874094430137,0.06166041343682613,39,53,3.0,58.0,0.7068902661319723,0.06598614655486694,0.1866,800,2825,0.1,0.2,30
20,10,false,,0.12277915969195576,0.09321856487347813,-0.044856211020864,8,1,1.0,19.0,0.42709132770529545,0.0,0.2412,801,2826,0.1,0.2,30
30,15,false,,0.07586804622635675,0.705012734632211,0.6226072524973514,26,26,20.0,29.0,1.0,0.36874702239161505,0.1616,801,2826,0.1,0.2,30
40,20,true,,0.07556647197682678,0.15735218839253873,0.08045932808954015,32,29,17.0,39.0,0.8041025641025641,0.4676923076923077,0.1088,801,2826,0.1,0.2,30
20,10,false,,0.1786127628572533,0.11870479388409107,-0.08005453362980716,5,2,1.0,18.0,0.32154238368387505,0.0,0.3036,802,2827,0.1,0.2,30
30,15,false,,0.1376626879470706,0.12286937250224361,-0.01061810502814986,19,26,1.0,29.0,0.46567781993790963,0.18454639530872716,0.2468,802,2827,0.1,0.2,30
40,20,false,,0.15126572788943046,0.12292370550076831,-0.04074687494801291,11,2,1.0,37.0,0.38857142857142857,0.15563025210084033,0.2458,802,2827,0.1,0.2,30
50,25,false,,0.17099410117377245,0.1299260886613238,-0.06312454697293565,8,2,1.0,42.0,0.34843205574912894,0.11533101045296167,0.2118,802,2827,0.1,0.2,30
60,30,false,,0.14749693871480982,0.15462391027528763,0.011899744308402294,7,4,1.0,36.0,0.5255681818181818,0.0929383116883117,0.1424,802,2827,0.1,0.2,30
20,10,false,,0.053378795859368076,0.704788549533828,0.6355095456629696,17,17,7.225000000000001,19.0,0.988780487804878,0.0,0.1752,803,2828,0.1,0.2,30
30,15,false,,0.05261991958477556,0.10243486172264227,0.04152085193729067,20,18,8.0,29.0,0.6612802983219391,0.20571783716594158,0.0764,803,2828,0.1,0.2,30
40,20,false,,0.20458992552149097,0.05275797232295965,-0.14144480220830136,2,1,1.0,19.0,0.15751575157515751,0.0,0.0278,803,2828,0.1,0.2,30
50,25,false,,0.07212517337089981,0.06479835801542079,0.0024707843258681694,8,9,2.0,14.0,0.5441176470588235,0.0,0.0252,803,2828,0.1,0.2,30
60,30,true,,0.05033998944708766,0.18746425277776052,0.14195986577096803,45,47,32.0,50.0,0.9678899082568807,0.14495412844036698,0.017,803,2828,0.1,0.2,30
20,10,false,,0.14783912616126738,0.08584285464534944,-0.07546452070686843,4,1,1.0,18.0,0.33882713683403604,0.0,0.2504,804,2829,0.1,0.2,30
30,15,false,,0.11109803893535941,0.17367618928206263,0.06694894079874149,23,26,3.0,29.0,0.6469090909090909,0.224,0.287,804,2829,0.1,0.2,30
40,20,false,,0.11564815542753297,0.1197522640884677,-0.00044051234135962514,22,34,2.0,39.0,0.4992481203007519,0.1887218045112782,0.2876,804,2829,0.1,0.2,30
50,25,true,,0.12479295644726095,0.42949863425103385,0.31592999096847174,44,45,21.0,49.0,0.8793988269794721,0.0593841642228739,0.239,804,2829,0.1,0.2,30
20,10,false,,0.16214223115407286,0.11200552763894317,-0.06321870008462735,9,8,1.0,19.0,0.3998158944461491,0.0,0.2922,805,2830,0.1,0.2,30
30,15,false,,0.10370868748910536,0.08900400229780148,-0.021372865935014237,19,22,3.0,29.0,0.45063879210220675,0.13395276809910955,0.223,805,2830,0.1,0.2,30
40,20,false,,0.18766369074358671,0.06261790026960729,-0.1291270423118752,7,8,1.0,16.0,0.11761684643040575,0.0,0.1254,805,2830,0.1,0.2,30
50,25,false,,0.11994659828497509,0.07482763440496851,-0.054015125178441384,10,9,1.0,47.0,0.28656361474435194,0.045778834720570746,0.0868,805,2830,0.1,0.2,30
60,30,true,,0.08193688436099617,0.16760008895263637,0.08883006837214996,48,53,31.0,59.0,0.788750817527796,0.07390451275343361,0.0472,805,2830,0.1,0.2,30
20,10,false,,0.14459390672563743,0.1159940675234081,-0.03594086580676411,10,13,1.0,19.0,0.4037940379403794,0.0,0.3236,806,2831,0.1,0.2,30
30,15,false,,0.11852891950537178,0.23043573757866895,0.1236030765803794,20,26,2.0,29.0,0.681975138121547,0.15089779005524862,0.2618,806,2831,0.1,0.2,30
40,20,false,,0.12750978849894878,0.14773101548127743,0.035787923010621905,24,35,2.0,38.0,0.6062624916722186,0.23317788141239174,0.2702,806,2831,0.1,0.2,30
50,25,true,,0.13927800241475208,0.300825608469097,0.16523089915449204,42,45,16.0,49.0,0.8561579442181134,0.09934189909119398,0.2424,806,2831,0.1,0.2,30
20,10,true,,0.09940573754463107,0.2566684239723796,0.16533922865749298,14,16,1.0,19.0,0.7288373726729891,0.0,0.2818,807,2832,0.1,0.2,30
20,10,false,,0.08960939708757887,0.11760314347269846,0.03593004356949791,12,16,1.0,19.0,0.589086859688196,0.0,0.2866,808,2833,0.1,0.2,30
30,15,false,,0.07819201927112766,0.21248531817456268,0.14001088558244626,20,26,2.0,29.0,0.6966779008184882,0.1998074145402022,0.1814,808,2833,0.1,0.2,30
40,20,true,,0.08285107529696889,0.1770602425844586,0.10403852551286051,32,37,2.0,39.0,0.7548005908419497,0.39241752831117677,0.1114,808,2833,0.1,0.2,30
20,10,false,,0.12258340675962685,0.36890610184108996,0.2507141032886249,15,16,2.0,19.0,0.7838559039359573,0.0,0.3016,809,2834,0.1,0.2,30
30,15,false,,0.13332382078241625,0.11293089083667253,-0.028019090148602335,11,2,1.0,29.0,0.4438719175561281,0.12992270887007729,0.2776,809,2834,0.1,0.2,30
40,20,false,,0.11658986551104931,0.1809617856151122,0.09619783346839034,25,36,1.0,38.0,0.6925045703839122,0.24277879341864717,0.2706,809,2834,0.1,0.2,30
50,25,false,,0.1466125699028457,0.12321898634276635,-0.023912292709737146,7,4,1.0,18.0,0.41847826086956524,0.0,0.2258,809,2834,0.1,0.2,30
60,30,true,,0.13350340406599528,0.5253335700581436,0.3920077535130554,52,54,38.0,59.0,0.9596199524940617,0.0,0.1734,809,2834,0.1,0.2,30
20,10,false,,0.14439584457159152,0.17227205298391232,0.05290442922028896,10,14,1.0,19.0,0.5935262994086523,0.0,0.2978,810,2835,0.1,0.2,30
30,15,false,,0.5881719926009632,0.10997129890250189,-0.4743236729856731,3,1,1.0,24.0,0.18178438661710036,0.0137546468401487,0.2156,810,2835,0.1,0.2,30
40,20,false,,0.1353954987733357,0.15713208246098034,0.03000398990534897,20,34,2.0,38.0,0.5996100097497562,0.17907052323691908,0.258,810,2835,0.1,0.2,30
50,25,false,,0.15056613887904327,0.17557846144331427,0.04650365477530073,22,1,1.0,49.0,0.6383647798742138,0.12735849056603774,0.2296,810,2835,0.1,0.2,30
60,30,true,,0.1490185097310496,0.20571514196830676,0.07346162006328517,36,47,2.0,58.0,0.8213007159904535,0.13454653937947494,0.196,810,2835,0.1,0.2,30
20,10,true,,0.1235915583856009,0.24452354851081112,0.15518542799586957,13,15,1.0,19.0,0.7077553593947037,0.0,0.3252,811,2836,0.1,0.2,30
20,10,false,,0.114386411225581,0.5722450946285326,0.4418760692040676,16,16,3.0,19.0,0.863369076444137,0.0,0.2894,812,2837,0.1,0.2,30
30,15,false,,0.10748187257290046,0.1593581242786248,0.06309101203052594,22,27,3.0,29.0,0.6275510204081632,0.20262390670553937,0.2768,812,2837,0.1,0.2,30
40,20,false,,0.1135569249177072,0.1645289943696787,0.07962480491584051,21,35,2.0,39.0,0.6634036144578314,0.16603915662650603,0.2796,812,2837,0.1,0.2,30
50,25,false,,0.12965104654786622,0.13574633895807942,0.011823933245354815,21,3,1.0,48.0,0.5339416058394161,0.072992700729927,0.2424,812,2837,0.1,0.2,30
60,30,true,,0.13447462450321734,0.3929911884600981,0.26698389391276894,45,52,1.0,58.0,0.7583983712249746,0.011197828299966068,0.225,812,2837,0.1,0.2,30
20,10,false,,0.1183099213443722,0.23657316195078226,0.1277518685047485,15,18,2.0,19.0,0.7143325680551,0.0,0.3004,813,2838,0.1,0.2,30
30,15,false,,0.14935905160589558,0.07396872885268733,-0.08361012897564381,8,2,1.0,28.0,0.23089700996677742,0.04028239202657807,0.2122,813,2838,0.1,0.2,30
40,20,false,,0.12630862102002843,0.10630091928804847,-0.010243713612104875,20,35,1.0,38.0,0.4696601941747573,0.1779935275080906,0.2704,813,2838,0.1,0.2,30
50,25,false,,0.16372605821513642,0.1143212743144081,-0.03806587009607969,12,5,1.0,48.0,0.40844498578968735,0.04181892001624036,0.2604,813,2838,0.1,0.2,30
60,30,false,,0.1188956629751363,0.16682180291459964,0.04744493661346594,51,56,27.0,59.0,0.672327286761868,0.04592821304515631,0.2246,813,2838,0.1,0.2,30
20,10,true,,0.08870311045180015,0.22502534084628634,0.13538959868085282,13,16,1.0,19.0,0.7325239146431199,0.0,0.2944,814,2839,0.1,0.2,30
20,10,true,,0.09120478200272507,0.2677410715687016,0.18667063510072737,14,16,2.0,19.0,0.7919393730623493,0.0,0.2974,815,2840,0.1,0.2,30
20,10,false,,0.08438740595307344,0.3824746651802542,0.30133809752140867,15,16,2.0,19.0,0.8312251535959523,0.0,0.2986,816,2841,0.1,0.2,30
30,15,false,,0.1096788247243763,0.11533209508300157,0.01645258781271021,12,3,1.0,28.0,0.5343450479233227,0.09345047923322684,0.2912,816,2841,0.1,0.2,30
40,20,false,,0.11980313739051311,0.14622880443253097,0.04318550458604607,23,3,1.0,38.0,0.590064467197573,0.20515737580583998,0.2704,816,2841,0.1,0.2,30
50,25,true,,0.12345969542433853,0.4206385257604661,0.29303776590944003,41,43,10.0,49.0,0.8300312825860271,0.0667361835245047,0.2516,816,2841,0.1,0.2,30
20,10,false,,0.13261554218021054,0.19500128027330868,0.07968724366666405,13,16,2.0,19.0,0.6411711980878398,0.0,0.3248,817,2842,0.1,0.2,30
30,15,false,,0.15944690378323828,0.09868112850455056,-0.08295681391397224,9,3,1.0,26.0,0.281752824375214,0.0249914412872304,0.2722,817,2842,0.1,0.2,30
40,20,false,,0.13158201954846901,0.1286323150829672,-0.0035146188076159435,23,5,2.0,39.0,0.48581915248581914,0.2082082082082082,0.2602,817,2842,0.1,0.2,30
50,25,false,,0.13641964961815398,0.16880271880086653,0.04684917596561082,31,29,3.0,48.0,0.6481540930979133,0.22375601926163724,0.257,817,2842,0.1,0.2,30
60,30,true,,0.13779768156011651,0.20575821202633865,0.10866220126530104,28,51,3.0,58.0,0.8453543307086614,0.052598425196850394,0.2402,817,2842,0.1,0.2,30
20,10,false,,0.0911022211782251,0.1404743141348992,0.060271904277297964,13,16,2.0,19.0,0.6819884235614573,0.0,0.3002,818,2843,0.1,0.2,30
30,15,false,,0.1243168012018834,0.09509938642178173,-0.0433994364915692,9,2,1.0,28.0,0.3980694980694981,0.07413127413127413,0.277,818,2843,0.1,0.2,30
40,20,false,,0.1762568978469962,0.11110228933822455,-0.07251879855503715,6,2,1.0,38.0,0.3807565789473684,0.05345394736842105,0.262,818,2843,0.1,0.2,30
50,25,true,,0.11914737176369339,0.2890801560402904,0.18567354151568793,39,44,10.0,49.0,0.8093189964157707,0.11541218637992831,0.2684,818,2843,0.1,0.2,30
20,10,false,,0.10030779241720367,0.15527192015180383,0.06513259570969814,10,2,1.0,18.0,0.6491963661774982,0.0,0.277,819,2844,0.1,0.2,30
30,15,false,,0.10761066552695377,0.13485944108312548,0.04511430390367248,21,26,1.0,29.0,0.5899224806201551,0.16395348837209303,0.2704,819,2844,0.1,0.2,30
40,20,true,,0.09590079921151946,0.37770328789860697,0.2653687248471734,34,36,24.0,39.0,0.9036973344797936,0.33963886500429924,0.2182,819,2844,0.1,0.2,30
20,10,false,,0.1302330339328028,0.136577871193423,0.00991015515048918,7,2,1.0,19.0,0.5184439973172368,0.0,0.3042,820,2845,0.1,0.2,30
30,15,false,,0.10903765059304157,0.18744221691566443,0.09056855831427714,21,26,1.0,29.0,0.693854748603352,0.2037243947858473,0.2816,820,2845,0.1,0.2,30
40,20,false,,0.11804457357162007,0.1398101257646296,0.03366391209020321,22,34,2.0,39.0,0.6180101670297748,0.17175018155410313,0.2818,820,2845,0.1,0.2,30
50,25,false,,0.2202034914876797,0.12453604174713757,-0.10137268458008358,5,2,1.0,47.0,0.2878103837471783,0.025959367945823927,0.206,820,2845,0.1,0.2,30
60,30,true,,0.1393818420326644,0.2352641960540518,0.10363681885783188,52,53,38.27499999999999,59.0,0.7513106159895151,0.0,0.1982,820,2845,0.1,0.2,30
20,10,false,,0.07133598173180891,0.08218784759522389,0.008486608675269826,12,1,1.0,19.0,0.5366084081247048,0.0,0.1618,821,2846,0.1,0.2,30
30,15,false,,0.05412924379610249,0.8522399050014774,0.7836043128161427,27,28,22.0,29.0,1.0,0.5161516853932584,0.0668,821,2846,0.1,0.2,30
40,20,false,,0.06830835349952975,0.07846033133818918,0.02748696617524881,11,6,1.0,26.0,0.6157082748948106,0.016129032258064516,0.055,821,2846,0.1,0.2,30
50,25,false,,0.05952678196690762,0.08909361078363094,0.032197844536971595,18,18,8.0,25.0,0.665296052631579,0.0,0.0414,821,2846,0.1,0.2,30
60,30,false,,0.7695210062285293,0.05847795162738219,-0.7101786566703391,1,1,1.0,5.0,0.0,0.0,0.0128,821,2846,0.1,0.2,30
20,10,false,,0.07590361689065105,0.4820541524557713,0.3989541439225578,15,17,7.0,19.0,0.9145009416195857,0.0,0.2952,822,2847,0.1,0.2,30
30,15,false,,0.10375080212099728,0.15255772174885243,0.07900949771589938,15,26,1.0,29.0,0.6152616859768278,0.10946863763483819,0.2656,822,2847,0.1,0.2,30
40,20,true,,0.10581718285208182,0.5786701759003019,0.48047980645588306,34,34,8.0,39.0,0.8721864951768489,0.2572347266881029,0.273,822,2847,0.1,0.2,30
20,10,false,,0.0970596261289245,0.7507486151506764,0.6406412371484966,16,18,4.0,19.0,0.9283559577677225,0.0,0.267,823,2848,0.1,0.2,30
30,15,false,,0.08386810533892439,0.48376016930031757,0.40661921913521504,26,27,3.0,29.0,0.864816472694718,0.3728737690241719,0.191,823,2848,0.1,0.2,30
40,20,false,,0.09490109006441251,0.10592497926126909,0.025718656802019194,19,36,2.0,38.0,0.571566265060241,0.12867469879518073,0.14,823,2848,0.1,0.2,30
50,25,false,,0.08836015213610787,0.1037612071575321,0.012203478514615923,34,36,1.0,47.0,0.5556756756756757,0.1837837837837838,0.09,823,2848,0.1,0.2,30
60,30,false,,0.09456153468225188,0.09641769815143379,0.009188548877302652,35,14,9.0,55.0,0.5326721120186698,0.08984830805134189,0.072,823,2848,0.1,0.2,30
20,10,false,,0.12337191631899014,0.1315978214006524,0.016946339261748766,10,16,1.0,19.0,0.5430247718383312,0.0,0.2722,824,2849,0.1,0.2,30
30,15,false,,0.12832614279774487,0.1416895559912131,0.02677101554098845,12,3,1.0,29.0,0.556923076923077,0.10837606837606838,0.2826,824,2849,0.1,0.2,30
40,20,false,,0.12616006055449497,0.1485336949822713,0.04159850721224728,20,34,2.0,38.0,0.612410986775178,0.18446931163106137,0.273,824,2849,0.1,0.2,30
50,25,true,,0.13834412586987294,0.20353070680870464,0.08397172407650547,41,42,2.0,49.0,0.7018716577540107,0.0427807486631016,0.229,824,2849,0.1,0.2,30
20,10,true,,0.07820403682745791,0.38292739486246546,0.3237643576109639,14,17,1.0,19.0,0.7854926299456944,0.0,0.2862,825,2850,0.1,0.2,30
20,10,false,,0.1713433746927459,0.20198905616380744,0.07867051224587598,13,1,1.0,19.0,0.5759945596735804,0.0,0.2626,826,2851,0.1,0.2,30
30,15,false,,0.12860713696930223,0.3859819790255296,0.2652859278875746,25,26,2.0,29.0,0.7641218760698391,0.31324888736733997,0.2766,826,2851,0.1,0.2,30
40,20,false,,0.12346749226026474,0.1384243706820845,0.010982338319273824,29,30,14.0,38.0,0.5407885791978246,0.3592794017675051,0.2524,826,2851,0.1,0.2,30
50,25,false,,0.14199553417384986,0.12122353891709271,-0.029604731096494447,16,1,1.0,49.0,0.43088512241054616,0.02937853107344633,0.2178,826,2851,0.1,0.2,30
60,30,false,,0.1390763288180198,0.125107867075423,-0.027959422488792088,11,4,1.0,58.0,0.37401574803149606,0.07229778095919828,0.2018,826,2851,0.1,0.2,30
20,10,false,,0.07815628063832203,0.6079024507266501,0.5245828761563819,16,16,3.0,19.0,0.8856923667050249,0.0,0.2784,827,2852,0.1,0.2,30
30,15,false,,0.39165578930357986,0.06711786005194653,-0.341826037238059,3,1,1.0,26.0,0.17605248769819573,0.024603608529250958,0.108,827,2852,0.1,0.2,30
40,20,false,,0.112957154457126,0.20273950249211892,0.11336246307752197,27,35,3.0,39.0,0.6985588470776621,0.22978382706164932,0.271,827,2852,0.1,0.2,30
50,25,false,,0.13349438550771942,0.10653843741754901,-0.028640300434017302,23,4,2.0,46.0,0.4,0.18715953307392996,0.292,827,2852,0.1,0.2,30
60,30,true,,0.11471632176202884,0.6710756778275491,0.557544900240385,54,56,46.0,59.0,0.9925634295713036,0.0,0.2262,827,2852,0.1,0.2,30
20,10,true,,0.09419470452680646,0.33829342858700084,0.2354163930737853,13,14,1.0,19.0,0.7756563245823389,0.0,0.318,828,2853,0.1,0.2,30
20,10,false,,0.11354175735613987,0.14261518889157604,0.05122847844954699,11,1,1.0,19.0,0.5715358618099887,0.0,0.2708,829,2854,0.1,0.2,30
30,15,true,,0.11154826771550388,0.2721949062411988,0.1726989630984234,24,26,3.0,29.0,0.7679538072897871,0.2555034283652111,0.2828,829,2854,0.1,0.2,30
20,10,false,,0.08284519850610268,0.1832037559495909,0.10930718201160061,13,16,1.0,19.0,0.6765412329863891,0.0,0.264,830,2855,0.1,0.2,30
30,15,false,,0.1001843870438036,0.14336435698922148,0.05431325720209888,14,8,1.0,28.0,0.6760613628255441,0.05957902247591866,0.2938,830,2855,0.1,0.2,30
40,20,false,,0.11799563544718508,0.13873564269582278,0.02311374499202288,24,35,2.0,38.0,0.5932203389830508,0.22951977401129944,0.2912,830,2855,0.1,0.2,30
50,25,false,,0.1204319807140193,0.14399314122298282,0.04411230524280449,27,27,2.0,47.0,0.6546428571428572,0.2042857142857143,0.254,830,2855,0.1,0.2,30
60,30,false,,0.12856110354066747,0.15923525678468023,0.04753967898848829,22,11,2.0,57.0,0.6974511751075803,0.04865938430983118,0.2272,830,2855,0.1,0.2,30
20,10,false,,0.09149961974129917,0.12095538740181816,0.04612197853257691,10,1,1.0,19.0,0.5780060882800608,0.0,0.244,831,2856,0.1,0.2,30
30,15,true,,0.09782101144036837,0.2290961045803047,0.1414841011649831,22,25,1.0,29.0,0.7938183188842819,0.18997361477572558,0.2842,831,2856,0.1,0.2,30
20,10,false,,0.10439278919195696,0.09004583384950003,-0.020905506946714482,9,2,1.0,18.0,0.4329488103821197,0.0,0.3072,832,2857,0.1,0.2,30
30,15,false,,0.09117600936360823,0.6948001931460054,0.6053906169524073,25,25,3.0,29.0,0.8736042876284056,0.30995980348369806,0.2312,832,2857,0.1,0.2,30
40,20,false,,0.12397612068954751,0.1062019858128086,-0.01527645397426234,18,23,1.0,38.0,0.4508130081300813,0.13252032520325202,0.2698,832,2857,0.1,0.2,30
50,25,true,,0.11804264899410206,0.33959481209452214,0.23058861836927563,38,43,2.0,49.0,0.756735022114998,0.08966626457579413,0.2662,832,2857,0.1,0.2,30
20,10,false,,0.12721108437076595,0.14772949914954203,0.03653686779137656,10,10,1.0,19.0,0.5816263190564867,0.0,0.3278,833,2858,0.1,0.2,30
30,15,false,,0.1306943093664863,0.11111137106130983,-0.027180938877018945,14,7,1.0,27.0,0.4094616639477977,0.034910277324632956,0.2848,833,2858,0.1,0.2,30
40,20,true,,0.12159388820620483,0.3373147544155235,0.2262212172585447,33,36,13.0,39.0,0.8085785182559376,0.2803970223325062,0.2574,833,2858,0.1,0.2,30
20,10,false,,0.19459308876718348,0.11409324035984623,-0.0993431237581443,5,1,1.0,19.0,0.37660028449502136,0.0,0.2568,834,2859,0.1,0.2,30
30,15,false,,0.12457288692081611,0.19212589677210257,0.08236487667011255,21,26,1.0,29.0,0.5827814569536424,0.15967623252391464,0.2628,834,2859,0.1,0.2,30
40,20,false,,0.11126339209988528,0.13626095955385237,0.03417590720952436,25,35,2.0,38.0,0.587509349289454,0.2569184741959611,0.2794,834,2859,0.1,0.2,30
50,25,false,,0.11948212276413564,0.18138683341887954,0.08094448926442563,36,46,5.0,49.0,0.6674233825198638,0.10291335603480893,0.263,834,2859,0.1,0.2,30
60,30,true,,0.12238732249895515,0.39959010377052506,0.27098830921471206,54,56,35.0,59.0,0.8202920254586298,0.012354923249719206,0.2324,834,2859,0.1,0.2,30
20,10,false,,0.10044487359961377,0.1700009694927526,0.09213424284220259,12,16,1.0,19.0,0.6763157894736842,0.0,0.2994,835,2860,0.1,0.2,30
30,15,false,,0.10589218002451738,0.14357781019983637,0.06544920756622727,21,26,2.0,29.0,0.6584992343032159,0.18185298621745788,0.262,835,2860,0.1,0.2,30
40,20,false,,0.13210721592815194,0.21041956035050627,0.11902675126142236,29,2,1.0,39.0,0.5612203934162987,0.1597751906864713,0.2378,835,2860,0.1,0.2,30
50,25,false,,0.12081339751823758,0.19562578364138566,0.09587838491458786,40,46,2.0,49.0,0.6485305798252582,0.07426528991262907,0.2434,835,2860,0.1,0.2,30
60,30,true,,0.12375323857007012,0.19573525177188264,0.11454321391783229,27,56,2.0,59.0,0.75093808630394,0.025797373358348967,0.1632,835,2860,0.1,0.2,30
20,10,true,,0.0748971352481425,0.15115245967331564,0.0860074009234535,13,16,1.0,19.0,0.7189337514700117,0.0,0.2592,836,2861,0.1,0.2,30
20,10,false,,0.052801316228990036,0.555225021276163,0.5034001677725402,16,17,5.0,19.0,0.9026548672566371,0.0,0.189,837,2862,0.1,0.2,30
30,15,false,,0.10840028649735203,0.15348919996947324,0.06391532569303854,18,24,1.0,28.0,0.6391941391941391,0.11611721611721612,0.2978,837,2862,0.1,0.2,30
40,20,false,,0.14549284011645722,0.12275345098314237,-0.02343133915819892,10,2,1.0,39.0,0.44384407564646855,0.1381705905055963,0.2654,837,2862,0.1,0.2,30
50,25,false,,0.14543680292320235,0.13230606519717952,-0.007442833763371251,11,1,1.0,46.0,0.48687171792948236,0.07239309827456865,0.23,837,2862,0.1,0.2,30
60,30,true,,0.13484626777139957,0.7235267347020772,0.5826429188391125,53,53,27.0,59.0,0.9753846153846154,0.041367521367521365,0.173,837,2862,0.1,0.2,30
20,10,false,,0.1498454123581152,0.22995034221318114,0.10546118245590916,13,16,2.0,19.0,0.6409022556390978,0.0,0.308,838,2863,0.1,0.2,30
30,15,false,,0.1955857622620231,0.11107322969898244,-0.10392394472400887,8,2,1.0,26.0,0.2657860824742268,0.024484536082474227,0.269,838,2863,0.1,0.2,30
40,20,false,,0.12195102654541153,0.5480375797100548,0.4279992757284681,35,35,14.0,39.0,0.8439568094740508,0.23545802856147685,0.253,838,2863,0.1,0.2,30
50,25,false,,0.13924434104405609,0.19453770032123646,0.06409048895933073,35,43,2.0,48.0,0.6951062459755313,0.17482292337411462,0.2386,838,2863,0.1,0.2,30
60,30,true,,0.13239547421390613,0.1905955564823995,0.083121969510796,27,8,4.0,51.0,0.84815278647464,0.12210394489668128,0.2314,838,2863,0.1,0.2,30
20,10,true,,0.09690697094750679,0.21584120952876137,0.128265459123719,12,13,3.0,19.0,0.7684897451833437,0.0,0.3324,839,2864,0.1,0.2,30
20,10,true,,0.10280504691658038,0.17163462718842973,0.07370463773842342,12,16,2.0,19.0,0.7183051969546508,0.0,0.3186,840,2865,0.1,0.2,30
20,10,false,,0.09064937490516835,0.12059375381935264,0.03793980996516802,11,1,1.0,19.0,0.5464362850971922,0.0,0.2212,841,2866,0.1,0.2,30
30,15,false,,0.12555073894342367,0.06543817739544144,-0.059201018179092645,9,1,1.0,28.0,0.2931910569105691,0.039634146341463415,0.14,841,2866,0.1,0.2,30
40,20,true,,0.08232493224739965,0.1868070946702804,0.1143324482683693,33,35,3.0,39.0,0.7691521961184883,0.31869254341164455,0.1154,841,2866,0.1,0.2,30
20,10,false,,0.09706800534371006,0.171752955809905,0.08184993922821326,11,17,1.0,19.0,0.67493615468807,0.0,0.2484,842,2867,0.1,0.2,30
30,15,false,,0.08158226332491736,0.5630736926468395,0.4785282945075085,26,26,16.0,29.0,0.9661921708185054,0.35320284697508897,0.1998,842,2867,0.1,0.2,30
40,20,false,,0.6905481909855757,0.06823227255629358,-0.6306950516127465,2,1,1.0,12.0,0.07180385288966724,0.0,0.09,842,2867,0.1,0.2,30
50,25,false,,0.10009155349570649,0.08279876122395372,-0.01631731637344644,10,5,1.0,22.0,0.4160714285714286,0.0005952380952380953,0.0884,842,2867,0.1,0.2,30
60,30,false,,0.08717381687039565,0.10511228454767503,0.011227451428622234,37,55,23.0,58.0,0.59,0.22705882352941176,0.061,842,2867,0.1,0.2,30
20,10,true,,0.0758531878098895,0.21792023083723414,0.15002871266663154,13,15,2.0,19.0,0.7397209985315712,0.0,0.2924,843,2868,0.1,0.2,30
20,10,false,,0.11788881028699724,0.11364781690070816,-0.012231427084110763,8,1,1.0,19.0,0.46321800470272084,0.0,0.3094,844,2869,0.1,0.2,30
30,15,false,,0.1170150602378756,0.15124046471851746,0.04228270691098422,17,26,3.0,28.47499999999991,0.6207809397749835,0.1128391793514229,0.3194,844,2869,0.1,0.2,30
40,20,false,,0.12256567817801496,0.11790451458741809,-0.0033443674046750443,16,4,1.0,38.0,0.4896907216494845,0.16310751104565538,0.2464,844,2869,0.1,0.2,30
50,25,false,,0.7543089464926551,0.11225501424226605,-0.6523011314483664,3,1,1.0,38.0,0.1485191637630662,0.024390243902439025,0.1704,844,2869,0.1,0.2,30
60,30,true,,0.12941837900677208,0.27068662844878405,0.14965875032452158,42,54,2.0,59.0,0.810014038371549,0.07019185774450164,0.1342,844,2869,0.1,0.2,30
20,10,false,,0.12487595527341393,0.10031008638050072,-0.02927031135931259,10,3,1.0,19.0,0.44305988231221877,0.0,0.2788,845,2870,0.1,0.2,30
30,15,false,,0.13717412124945796,0.10275775814900684,-0.03959234932974218,10,3,1.0,28.77500000000009,0.42412451361867703,0.07470817120622568,0.2376,845,2870,0.1,0.2,30
40,20,false,,0.1072352876780962,0.16410317443761144,0.06323592431813518,29,35,5.0,39.0,0.6368542791056284,0.26754047802621433,0.2848,845,2870,0.1,0.2,30
50,25,false,,0.1365010094524993,0.12255704137628144,-0.018851080086905808,20,2,1.0,49.0,0.4558032282859339,0.042275172943889314,0.249,845,2870,0.1,0.2,30
60,30,false,,0.19683401902098488,0.13142725991629342,-0.07586498526382231,8,1,1.0,56.0,0.39600153787005,0.0530565167243368,0.1886,845,2870,0.1,0.2,30
20,10,false,,0.12317590509007265,0.1086900384175835,-0.007361603965347102,7,2,1.0,19.0,0.48616305160807777,0.0,0.2458,846,2871,0.1,0.2,30
30,15,false,,0.17031171088581712,0.09029320659151888,-0.08410712473764123,5,5,1.0,22.0,0.290073230268511,0.0004068348250610252,0.2618,846,2871,0.1,0.2,30
40,20,false,,0.11541602484218315,0.13906237057347984,0.03493415457336568,16,8,2.0,36.0,0.6081705150976909,0.18614564831261102,0.2564,846,2871,0.1,0.2,30
50,25,false,,0.2277417531258878,0.11910117616938724,-0.10951026164244437,5,2,1.0,26.0,0.30841472577009765,0.02291510142749812,0.2166,846,2871,0.1,0.2,30
60,30,true,,0.13106480024849665,0.5071922162116025,0.37608350555854686,51,53,35.0,59.0,0.956844234659474,0.01753202966958867,0.1906,846,2871,0.1,0.2,30
20,10,false,,0.08549689790366626,0.5402012823811716,0.4597287636308626,15,16,3.0,19.0,0.8765519687832565,0.0,0.2884,847,2872,0.1,0.2,30
30,15,false,,0.1345862005934689,0.1283058473342238,-0.008270891508416423,11,1,1.0,28.0,0.4818705523551339,0.04608607251779058,0.2718,847,2872,0.1,0.2,30
40,20,true,,0.12102928607014898,0.219678267639794,0.11928118847616995,31,37,2.0,39.0,0.7284887924801157,0.210412147505423,0.2536,847,2872,0.1,0.2,30
20,10,false,,0.08640420829677757,0.3820337643956969,0.3029148621211658,15,16,2.0,19.0,0.8403636363636363,0.0,0.2876,848,2873,0.1,0.2,30
30,15,true,,0.09659856033759094,0.5318761509186576,0.4318569890504096,23,25,2.0,29.0,0.8054892601431981,0.18615751789976134,0.2904,848,2873,0.1,0.2,30
20,10,false,,0.08663462173713335,0.15078832861439287,0.07082410739592518,13,16,1.0,19.0,0.6592704024069199,0.0,0.301,849,2874,0.1,0.2,30
30,15,false,,0.10345120536177188,0.15021326481021305,0.06089370828530888,15,11,1.0,28.0,0.6383623957543594,0.07012888551933283,0.2856,849,2874,0.1,0.2,30
40,20,false,,0.17207797610814385,0.11220483232617048,-0.08544305680900757,7,1,1.0,39.0,0.37221337579617836,0.1787420382165605,0.2152,849,2874,0.1,0.2,30
50,25,true,,0.1270819308595081,0.2315361542170823,0.12371937774964813,37,42,1.0,47.0,0.7806277421532231,0.030712116098548767,0.2752,849,2874,0.1,0.2,30
20,10,false,,0.1411436699611904,0.16565459533343818,0.05312014738984672,12,17,1.0,19.0,0.5454545454545454,0.0,0.2704,850,2875,0.1,0.2,30
30,15,false,,0.1245925895863601,0.11310102021880575,-0.002003293168361328,13,3,1.0,29.0,0.48932446622331116,0.10325516275813791,0.2816,850,2875,0.1,0.2,30
40,20,false,,0.12625860930737792,0.16808385132908482,0.058633038534642495,29,35,1.0,39.0,0.6239098837209303,0.22056686046511628,0.2158,850,2875,0.1,0.2,30
50,25,false,,0.13383609595193255,0.16725162491490983,0.04092013015326499,26,45,2.0,48.0,0.6171112556929083,0.1483409238776838,0.2566,850,2875,0.1,0.2,30
60,30,true,,0.13775816779725517,0.32880438274919094,0.19395843201200297,46,53,25.0,59.0,0.959296646043634,0.1615109084988603,0.1822,850,2875,0.1,0.2,30
20,10,false,,0.12745408175180184,0.2068147661821337,0.10824657180851369,14,17,1.0,19.0,0.6048168249660787,0.0,0.2564,851,2876,0.1,0.2,30
30,15,false,,0.12941339921617068,0.10744949284372182,-0.02332324492871929,18,26,1.0,29.0,0.43112062812276947,0.13240542469664526,0.2738,851,2876,0.1,0.2,30
40,20,false,,0.18054818721784102,0.09721442374026573,-0.09757662689537412,9,4,1.0,34.0,0.2846094354215004,0.1094354215003867,0.2806,851,2876,0.1,0.2,30
50,25,false,,0.12286466445558027,0.15228700488161395,0.04843148450611519,26,5,2.0,48.0,0.5933456561922366,0.06432532347504621,0.2568,851,2876,0.1,0.2,30
60,30,true,,0.12185224920893079,0.19010571817723737,0.07859051383534957,32,30,11.0,56.0,0.8065277231616201,0.2921745969327566,0.1946,851,2876,0.1,0.2,30
20,10,true,,0.10316782683763294,0.19775863617807812,0.10957510672859744,12,16,1.0,19.0,0.7348684210526316,0.0,0.3012,852,2877,0.1,0.2,30
20,10,false,,0.1484650934614775,0.13564450019000715,-0.024198606794099436,9,4,1.0,19.0,0.44882370913534986,0.0,0.3162,853,2878,0.1,0.2,30
30,15,false,,0.1441084365717585,0.10158291212784941,-0.04796055358131903,13,3,1.0,28.0,0.3512410744644679,0.09962597755865352,0.276,853,2878,0.1,0.2,30
40,20,false,,0.12331129844177295,0.12943955802568125,0.01722102568349873,22,18,2.0,38.0,0.5387413604947253,0.18261185885776646,0.2506,853,2878,0.1,0.2,30
50,25,false,,0.1287766760687548,0.14869462319456478,0.02800692038057609,18,4,1.0,33.0,0.6206896551724138,0.1760610079575597,0.2586,853,2878,0.1,0.2,30
60,30,false,,0.1437976540445331,0.1729254306177462,0.037636583951089875,24,1,1.0,58.0,0.5928372739916551,0.09457579972183588,0.2032,853,2878,0.1,0.2,30
20,10,true,,0.10565484198386084,0.1936143585262597,0.10322866273920234,11,12,1.0,19.0,0.7267990882448714,0.0,0.3026,854,2879,0.1,0.2,30
20,10,true,,0.0786445410349352,0.15799033614235242,0.09685613030021663,12,16,1.0,19.0,0.7054953560371517,0.0,0.28,855,2880,0.1,0.2,30
20,10,false,,0.10178696184994622,0.13027692997232562,0.042911411195274224,12,16,1.0,19.0,0.6162947937795809,0.0,0.2928,856,2881,0.1,0.2,30
30,15,false,,0.11469823253958955,0.11783478349155223,-0.003771274323221885,16,2,1.0,29.0,0.49436936936936937,0.14714714714714713,0.2644,856,2881,0.1,0.2,30
40,20,true,,0.11671924348483935,0.39787439552545295,0.2834493884146981,33,34,17.0,39.0,0.8697170799860287,0.35766678309465594,0.2762,856,2881,0.1,0.2,30
20,10,true,,0.10025575242115178,0.2185766083480979,0.1282815558117558,13,16,2.0,19.0,0.7507997440818938,0.0,0.3216,857,2882,0.1,0.2,30
20,10,false,,0.0967973672177433,0.12144926169749433,0.032617361103161185,12,17,1.0,19.0,0.5833637358628238,0.0,0.2864,858,2883,0.1,0.2,30
30,15,false,,0.11592187956736437,0.13208960013026186,0.03300053439493861,17,1,1.0,29.0,0.5612321562734786,0.11532682193839218,0.2634,858,2883,0.1,0.2,30
40,20,false,,0.21480589690383559,0.1105523488582176,-0.11125421680479661,5,1,1.0,37.0,0.2762797967956233,0.050801094177413054,0.238,858,2883,0.1,0.2,30
50,25,true,,0.12508275112343512,0.23943027992260893,0.12166872914263704,40,41,3.0,48.0,0.7810268616116967,0.09554573274396463,0.2572,858,2883,0.1,0.2,30
20,10,false,,0.10049038769275308,0.13761419624603327,0.04304365390576029,11,3,1.0,19.0,0.5697542533081286,0.0,0.2732,859,2884,0.1,0.2,30
30,15,true,,0.08846403695326273,0.32164512704464815,0.24106257894712574,23,27,3.0,29.0,0.8400338552687262,0.2581464240372408,0.2314,859,2884,0.1,0.2,30
20,10,false,,0.1115231542686059,0.14752419644783424,0.04660181240405872,12,16,2.0,19.0,0.6328671328671329,0.0,0.3204,860,2885,0.1,0.2,30
30,15,false,,0.13788112643368783,0.09724204132500869,-0.049092139011580646,10,1,1.0,28.0,0.4053388090349076,0.08542094455852156,0.2486,860,2885,0.1,0.2,30
40,20,false,,0.30406774533300274,0.07782539916517993,-0.21823197836435182,4,4,1.0,12.0,0.07710960232783705,0.0,0.1724,860,2885,0.1,0.2,30
50,25,false,,0.11912804756386791,0.1782878782486269,0.07336043073549414,37,46,8.0,49.0,0.6439333862014275,0.1796193497224425,0.2754,860,2885,0.1,0.2,30
60,30,false,,0.24578232609869488,0.09942033414785652,-0.15505848583958073,6,3,1.0,47.0,0.22587719298245615,0.017543859649122806,0.2074,860,2885,0.1,0.2,30
20,10,false,,0.12080338093984905,0.12061318840154246,-0.005515401243118334,11,17,1.0,19.0,0.4911008569545155,0.0,0.2876,861,2886,0.1,0.2,30
30,15,false,,0.11907077934531382,0.15485998501396675,0.04969111711127025,15,25,1.0,29.0,0.6099439775910365,0.14145658263305322,0.2918,861,2886,0.1,0.2,30
40,20,false,,0.30733290891310827,0.10871737292888999,-0.2090751388744529,5,2,1.0,35.0,0.2564102564102564,0.05166475315729047,0.227,861,2886,0.1,0.2,30
50,25,false,,0.16945287952797972,0.13496219927108824,-0.05460778198121716,8,1,1.0,49.0,0.4117427075542259,0.04824233358264772,0.21,861,2886,0.1,0.2,30
60,30,true,,0.14240868151611039,0.4084765715631862,0.2718564840736468,50,52,19.875,58.0,0.9401140684410646,0.07826362484157161,0.2206,861,2886,0.1,0.2,30
20,10,false,,0.1580027989481393,0.14487442553902452,-0.008909048823823318,12,17,1.0,19.0,0.4895701643489254,0.0,0.2896,862,2887,0.1,0.2,30
30,15,false,,0.10872887887221852,0.1821532552765987,0.08287501120341947,23,26,2.0,29.0,0.6041206769683591,0.2152317880794702,0.2474,862,2887,0.1,0.2,30
40,20,false,,0.1253226657751756,0.16792988296437317,0.06666421741862959,23,3,1.0,39.0,0.5975454930173508,0.17308506136267457,0.253,862,2887,0.1,0.2,30
50,25,false,,0.11645443956392187,0.15136720433124842,0.0437238077815611,40,47,3.0,49.0,0.6154455445544554,0.06772277227722773,0.277,862,2887,0.1,0.2,30
60,30,false,,0.1294803969065984,0.12094372293045798,-0.0031252181948135394,20,5,2.0,57.0,0.4837153196622437,0.13067953357458786,0.273,862,2887,0.1,0.2,30
20,10,true,,0.08825003855255102,0.28236702130445673,0.19366599418582914,14,16,2.0,19.0,0.8380552640783491,0.0,0.2998,863,2888,0.1,0.2,30
20,10,false,,0.13099206006513578,0.14403549008501634,0.02411515589152588,10,18,1.0,19.0,0.5570967741935484,0.0,0.3252,864,2889,0.1,0.2,30
30,15,false,,0.11694238635506828,0.15761494106575857,0.05193382893803797,19,26,2.0,29.0,0.6242774566473989,0.1458687521251275,0.2754,864,2889,0.1,0.2,30
40,20,false,,0.4533591149208647,0.0991298776115275,-0.3641864288517891,3,1,1.0,16.0,0.11751951431049436,0.0,0.1888,864,2889,0.1,0.2,30
50,25,false,,0.14512220171967763,0.1527073779285003,0.03604674536741137,12,2,1.0,48.0,0.5522286492004083,0.03640694113644097,0.231,864,2889,0.1,0.2,30
60,30,true,,0.1282107725500023,0.1743572943493844,0.06907789861311259,17,6,1.0,48.0,0.7294669795507878,0.08615487763995977,0.2192,864,2889,0.1,0.2,30
20,10,false,,0.07797092060242164,0.14878460211678016,0.07297429194813479,13,17,2.0,19.0,0.6883116883116883,0.0,0.2954,865,2890,0.1,0.2,30
30,15,false,,0.11838835984139484,0.13854951123938733,0.03288071845254595,12,5,2.0,28.0,0.5764352469959947,0.0814419225634179,0.3102,865,2890,0.1,0.2,30
40,20,false,,0.12241706996285255,0.17897000922134074,0.08375654193147596,29,33,2.0,39.0,0.6991495393338059,0.3054571226080794,0.2678,865,2890,0.1,0.2,30
50,25,true,,0.1337615471704106,0.4496329840696322,0.3164912509440566,44,46,16.0,49.0,0.8851236868858015,0.06336834971196205,0.2386,865,2890,0.1,0.2,30
20,10,false,,0.1320773620965343,0.10515198283181652,-0.03181801008113007,11,16,1.0,19.0,0.4524701873935264,0.0,0.2438,866,2891,0.1,0.2,30
30,15,false,,0.12441576338196042,0.14481788867734968,0.03149226437213669,16,1,1.0,28.0,0.5581480131243164,0.1075464819540649,0.2872,866,2891,0.1,0.2,30
40,20,false,,0.11139356349885526,0.14669132706146126,0.04229511573247276,31,35,3.0,39.0,0.6274658573596358,0.3482549317147193,0.2502,866,2891,0.1,0.2,30
50,25,false,,0.11279231550149696,0.519386162626796,0.40765715052878776,45,46,34.0,49.0,0.8927280032141423,0.018481317798312576,0.2516,866,2891,0.1,0.2,30
60,30,false,,0.17611113311750232,0.11432613137876042,-0.06376147277048202,5,4,1.0,17.0,0.30482367247669234,0.0,0.1714,866,2891,0.1,0.2,30
20,10,false,,0.1493188249729494,0.12945613944407414,-0.025895730851719395,9,4,1.0,19.0,0.4322258159364893,0.0,0.329,867,2892,0.1,0.2,30
30,15,true,,0.12173720230738815,0.2820207226062194,0.1877674937605774,24,27,8.0,29.0,0.7220543806646526,0.2846592816381336,0.275,867,2892,0.1,0.2,30
20,10,false,,0.09502722380362126,0.6027710281534975,0.5119815970206831,16,16,4.0,19.0,0.9398132134209616,0.0,0.2942,868,2893,0.1,0.2,30
30,15,false,,0.10721345585666323,0.5140098051265546,0.40120200868008826,25,25,4.0,29.0,0.8592124814264487,0.29680534918276374,0.2878,868,2893,0.1,0.2,30
40,20,false,,0.13973153136358601,0.11691643083462175,-0.029636506383715094,10,1,1.0,38.0,0.4091763820985333,0.1143286949981196,0.236,868,2893,0.1,0.2,30
50,25,false,,0.13567931679959902,0.132509234472171,-0.0016694496247621066,17,2,1.0,46.0,0.48456468955948667,0.17065556711758584,0.2576,868,2893,0.1,0.2,30
60,30,false,,0.13694493902089827,0.16665306243905462,0.08839663551730739,42,56,2.0,59.0,0.6670135275754423,0.020117932708983696,0.2004,868,2893,0.1,0.2,30
20,10,false,,0.12388868117260904,0.17063521311123886,0.07775133856375188,10,16,1.0,19.0,0.6578604044357469,0.0,0.3096,869,2894,0.1,0.2,30
30,15,false,,0.43413999095115813,0.08380981145144278,-0.36485372721602777,3,1,1.0,27.0,0.2110050022737608,0.02773988176443838,0.1788,869,2894,0.1,0.2,30
40,20,true,,0.11153897879745987,0.2586120306737083,0.15541401175534783,32,36,8.0,39.0,0.8126159554730983,0.3447124304267161,0.2838,869,2894,0.1,0.2,30
20,10,false,,0.12529875478619268,0.1794108760424434,0.07173477867334074,11,15,1.0,19.0,0.5974189486937362,0.0,0.324,870,2895,0.1,0.2,30
30,15,false,,0.1212688216031707,0.14965932239821975,0.0481338414088163,17,27,2.0,29.0,0.6068989071038251,0.1362704918032787,0.2988,870,2895,0.1,0.2,30
40,20,false,,0.1356460081555855,0.11761278082732914,-0.03388333706569868,14,1,1.0,38.0,0.4146431199411332,0.10963944076526858,0.2278,870,2895,0.1,0.2,30
50,25,true,,0.13378147519567998,0.18616949938571534,0.08013110428281393,25,5,2.0,47.0,0.7074049803407602,0.11795543905635648,0.2598,870,2895,0.1,0.2,30
20,10,false,,0.2877052680289653,0.08116816348784632,-0.21432714461845143,3,1,1.0,19.0,0.2919204222492895,0.0,0.2136,871,2896,0.1,0.2,30
30,15,false,,0.09255003295006703,0.1441714283888428,0.061667272889530333,20,26,3.0,29.0,0.6559865092748736,0.17495784148397978,0.2394,871,2896,0.1,0.2,30
40,20,false,,0.08774943503478005,0.6599767035969413,0.5592732362112119,36,37,23.0,39.0,0.954864593781344,0.2246740220661986,0.1646,871,2896,0.1,0.2,30
50,25,false,,0.09117033208603896,0.8078160034611812,0.722228310873134,45,47,39.0,49.0,1.0,0.0,0.1184,871,2896,0.1,0.2,30
60,30,false,,0.09700686305204602,0.08571686905616414,-0.0183708533613339,39,39,24.0,54.0,0.4212812160694897,0.15309446254071662,0.0442,871,2896,0.1,0.2,30
20,10,true,,0.041631117855116265,0.3462064737214644,0.30486333988798175,14,17,2.0,19.0,0.7724343083787804,0.0,0.139,872,2897,0.1,0.2,30
20,10,false,,0.13304350414461955,0.11840690705232679,-0.020339829233596896,10,7,1.0,19.0,0.4446488807114382,0.0,0.3104,873,2898,0.1,0.2,30
30,15,true,,0.10473754087401828,0.2895469194254626,0.18895255556688195,23,26,3.0,29.0,0.7104174501692365,0.24821361414065438,0.261,873,2898,0.1,0.2,30
20,10,false,,0.12108055901253183,0.5806160032899723,0.46217419584668484,15,16,2.0,19.0,0.854632587859425,0.0,0.308,874,2899,0.1,0.2,30
30,15,false,,0.14433240034269307,0.11805324031270728,-0.04106959993907465,12,1,1.0,28.0,0.4113881401617251,0.12432614555256065,0.2688,874,2899,0.1,0.2,30
40,20,false,,0.27704128243035686,0.11342806936859266,-0.16674996131810227,4,2,1.0,18.0,0.1746880570409982,0.00142602495543672,0.2226,874,2899,0.1,0.2,30
50,25,true,,0.1372263413025507,0.22480849583392604,0.11984407354795579,37,42,1.0,48.0,0.7720374556021957,0.073296738779464,0.236,874,2899,0.1,0.2,30
20,10,false,,0.1297181612934709,0.11210958475677564,-0.008465836888260025,9,1,1.0,19.0,0.4898036253776435,0.0,0.228,875,2900,0.1,0.2,30
30,15,false,,0.12107842613507254,0.11620453040952747,0.000712022363539247,12,1,1.0,28.0,0.5018315018315018,0.07326007326007326,0.2674,875,2900,0.1,0.2,30
40,20,false,,0.11511061484733122,0.12449469588517688,0.023475701010360638,15,10,1.0,38.0,0.5697445972495089,0.1461689587426326,0.2916,875,2900,0.1,0.2,30
50,25,true,,0.1202542326561041,0.2116742377850191,0.09948495474691343,35,44,2.0,49.0,0.7033962264150944,0.16226415094339622,0.2574,875,2900,0.1,0.2,30
20,10,true,,0.11094262159671947,0.3148347999783559,0.2250177596999186,14,16,3.0,19.0,0.8037933289731851,0.0,0.304,876,2901,0.1,0.2,30
20,10,false,,0.10718109306877704,0.16266340352015535,0.06884773660932689,12,15,2.0,19.0,0.6306892067620286,0.0,0.3178,877,2902,0.1,0.2,30
30,15,false,,0.13496167731840625,0.11823945830764804,-0.02698420901092094,7,2,1.0,28.0,0.4476744186046512,0.0912063953488372,0.2678,877,2902,0.1,0.2,30
40,20,false,,0.12875574167809908,0.15842500511851382,0.04716097445574344,30,37,2.0,38.0,0.6494704475572258,0.26443457464981207,0.2564,877,2902,0.1,0.2,30
50,25,true,,0.13535062130240308,0.41130475522440385,0.28204122059271247,44,46,13.0,49.0,0.8610447251621713,0.06794127688630933,0.2292,877,2902,0.1,0.2,30
20,10,true,,0.04416680187286983,0.17304506200822029,0.1322110015229183,14,16,2.0,19.0,0.7673883003224321,0.0,0.143,878,2903,0.1,0.2,30
20,10,false,,0.06561267458543149,0.11615067343904519,0.05296821405006327,12,16,1.0,19.0,0.6364399664147775,0.0,0.1952,879,2904,0.1,0.2,30
30,15,false,,0.09869726348048886,0.11803829578150285,0.03128823767592044,14,3,1.0,28.0,0.5706848217861433,0.08650380456547857,0.2744,879,2904,0.1,0.2,30
40,20,false,,0.1085833900060814,0.13656921948882528,0.0282571233408916,30,34,3.0,39.0,0.6191607284243864,0.3566904196357878,0.2854,879,2904,0.1,0.2,30
50,25,true,,0.11258322700547493,0.4765768305914613,0.3563833787654347,43,45,24.049999999999997,49.0,0.906749902458057,0.08739758095981272,0.28,879,2904,0.1,0.2,30
20,10,false,,0.09178493879820687,0.405743655599139,0.323779422340027,16,17,2.0,19.0,0.7563676633444075,0.0,0.2658,880,2905,0.1,0.2,30
30,15,false,,0.11501983305568637,0.15158895600845473,0.05716894444630774,21,26,1.0,28.0,0.6034107402031931,0.125544267053701,0.27,880,2905,0.1,0.2,30
40,20,false,,0.12023532931077896,0.17900487790972192,0.08180174788084879,30,36,4.0,39.0,0.6834381551362684,0.19671558350803633,0.28,880,2905,0.1,0.2,30
50,25,true,,0.12594945554096315,0.425214488474703,0.3057573948330471,42,46,4.0,49.0,0.8355100600070596,0.06494881750794211,0.249,880,2905,0.1,0.2,30
20,10,false,,0.13114314285321446,0.15212917047120064,0.03811339967179442,10,16,1.0,19.0,0.5572171651495449,0.0,0.304,881,2906,0.1,0.2,30
30,15,false,,0.09837887200920574,0.22385621838730213,0.1282644303539161,25,26,5.0,29.0,0.7304383449405981,0.31298648095043013,0.23,881,2906,0.1,0.2,30
40,20,false,,0.11590537510770257,0.11858173686669615,0.009874659267345431,22,24,2.0,38.0,0.5389908256880734,0.18692660550458715,0.2714,881,2906,0.1,0.2,30
50,25,false,,0.12758175844705513,0.18824652099303593,0.08765544219000539,39,44,1.0,49.0,0.6148382004735596,0.04696132596685083,0.2228,881,2906,0.1,0.2,30
60,30,false,,0.13381518559017092,0.14176822440020306,0.012299998372757928,22,1,1.0,42.0,0.5735779816513762,0.22935779816513763,0.2366,881,2906,0.1,0.2,30
20,10,false,,0.10305469316980298,0.17832632169057355,0.08368149175700731,13,16,1.0,19.0,0.6511226252158895,0.0,0.2812,882,2907,0.1,0.2,30
30,15,false,,0.10075551673165418,0.1208267942212649,0.023492835936824275,17,25,1.0,29.0,0.5683778234086242,0.13305954825462013,0.1948,882,2907,0.1,0.2,30
40,20,false,,0.11485850370244596,0.17885769111417263,0.07003188106772507,29,36,2.0,39.0,0.6366412213740458,0.31755725190839695,0.2876,882,2907,0.1,0.2,30
50,25,false,,0.1329263519260685,0.11154651542161448,-0.028155280891701454,12,4,1.0,47.0,0.40451248992747785,0.064464141821112,0.2572,882,2907,0.1,0.2,30
60,30,false,,0.12073640618909057,0.13424368948019016,0.02415198446797935,33,35,2.0,57.0,0.5919847328244274,0.1301526717557252,0.2654,882,2907,0.1,0.2,30
20,10,false,,0.11694518371197114,0.3738694588768076,0.2530747810104341,15,17,1.0,19.0,0.7294520547945206,0.0,0.2784,883,2908,0.1,0.2,30
30,15,false,,0.1389793455461274,0.11097317023903822,-0.042770903328088465,12,1,1.0,29.0,0.3858321870701513,0.10350756533700138,0.2824,883,2908,0.1,0.2,30
40,20,true,,0.12309083783990617,0.2546406920992711,0.14082784726888517,29,34,6.0,39.0,0.7724570673712021,0.2691545574636724,0.2704,883,2908,0.1,0.2,30
20,10,false,,0.19557698008724209,0.12291109608870197,-0.0729597212858143,5,1,1.0,18.0,0.3850156087408949,0.0,0.2674,884,2909,0.1,0.2,30
30,15,false,,0.12528177393761575,0.12852730203366022,0.01438049977513646,17,25,1.0,29.0,0.5280649926144756,0.12149187592319055,0.2646,884,2909,0.1,0.2,30
40,20,false,,0.12600572522369075,0.15430922651384596,0.05145096401511847,24,35,2.0,39.0,0.6034921789741724,0.1804292469989087,0.2678,884,2909,0.1,0.2,30
50,25,true,,0.13093715379756354,0.2378826810528057,0.12722203971979346,35,42,2.0,48.0,0.7524850894632207,0.11696487740225314,0.255,884,2909,0.1,0.2,30
20,10,true,,0.060464264029933476,0.18065787912563286,0.12586669478112872,12,16,2.0,19.0,0.725609756097561,0.0,0.2142,885,2910,0.1,0.2,30
20,10,false,,0.09181931504974673,0.10883202435929865,0.028390900666255256,11,9,1.0,19.0,0.5831548893647395,0.0,0.2968,886,2911,0.1,0.2,30
30,15,false,,0.10076983843965635,0.19479077391409988,0.11193944493305161,21,26,1.0,29.0,0.6654603940490551,0.17370325693606756,0.2806,886,2911,0.1,0.2,30
40,20,false,,0.1458269054097809,0.10413554690222449,-0.04644618065818698,6,3,1.0,38.0,0.38555798687089715,0.06345733041575492,0.2376,886,2911,0.1,0.2,30
50,25,true,,0.11446948579413559,0.4319025806946802,0.3036639034667804,43,45,12.0,49.0,0.9071170084439083,0.045838359469240045,0.2824,886,2911,0.1,0.2,30
20,10,true,,0.09741733517832363,0.22383815519293873,0.13928583647223478,13,16,2.0,19.0,0.7422207664592204,0.0,0.3136,887,2912,0.1,0.2,30
20,10,false,,0.1153083772723528,0.2039703009367704,0.09127917240410502,13,15,1.0,19.0,0.6516087097822555,0.0,0.2982,888,2913,0.1,0.2,30
30,15,false,,0.12176866557928066,0.1917906827634066,0.10013900494568112,19,26,1.0,29.0,0.662778366914104,0.22516790385295157,0.2712,888,2913,0.1,0.2,30
40,20,false,,0.12061975198130002,0.5944596058420376,0.4766589036959968,35,36,23.0,39.0,0.9449708454810496,0.29409620991253643,0.2566,888,2913,0.1,0.2,30
50,25,false,,0.13975663128445934,0.147754702584883,0.012891887418909384,19,5,1.0499999999999972,48.0,0.5433019785922802,0.058384690236782354,0.2544,888,2913,0.1,0.2,30
60,30,false,,0.13855317304114353,0.16700692656057153,0.03888509196973816,19,3,1.0,49.0,0.6488956587966489,0.04265041888804265,0.0862,888,2913,0.1,0.2,30
20,10,false,,0.1444205968602548,0.38004142471157765,0.2636469466443489,16,17,3.0,19.0,0.7135826771653543,0.0,0.2862,889,2914,0.1,0.2,30
30,15,false,,0.1716658094428293,0.1037722505000279,-0.09942014030345576,8,4,1.0,29.0,0.328970640254687,0.0930314821365405,0.252,889,2914,0.1,0.2,30
40,20,false,,0.2933174633496898,0.10698994266814947,-0.18483261899358194,5,3,1.0,24.0,0.12940304041527623,0.00482017055988135,0.2162,889,2914,0.1,0.2,30
50,25,true,,0.133993456472786,0.5224306621526648,0.3912167691244106,43,46,24.0,49.0,0.9013112491373361,0.11042097998619738,0.2254,889,2914,0.1,0.2,30
20,10,true,,0.08339890149473948,0.2893520100491745,0.21019656679333934,14,15,1.0,19.0,0.792725988700565,0.0,0.3106,890,2915,0.1,0.2,30
20,10,false,,0.046647680004401386,0.3641417315553126,0.3193180686082112,15,16,3.0,19.0,0.8970114942528735,0.0,0.1796,891,2916,0.1,0.2,30
30,15,false,,0.10213253268235789,0.18871232240794028,0.09234322628318437,22,26,2.0,29.0,0.6959409594095941,0.20184501845018452,0.2928,891,2916,0.1,0.2,30
40,20,false,,0.11526059004108422,0.12988798321888895,0.016934608463355594,22,2,1.0,38.0,0.5551710880430604,0.20799692425990005,0.2826,891,2916,0.1,0.2,30
50,25,true,,0.11485902392447307,0.5504583619563644,0.4383552083060152,43,45,5.0,49.0,0.8286902286902287,0.048232848232848236,0.2506,891,2916,0.1,0.2,30
20,10,false,,0.12718192893048308,0.32469567446043596,0.20180518151827498,15,17,5.0,19.0,0.7571428571428571,0.0,0.2986,892,2917,0.1,0.2,30
30,15,false,,0.12407466976924685,0.15193390426196154,0.03812758002294733,21,26,1.0,29.0,0.5644659522986519,0.1994469408918078,0.2554,892,2917,0.1,0.2,30
40,20,false,,0.12107502544122518,0.14487662377297728,0.024661134118508315,29,32,13.0,38.0,0.6052542943752105,0.3647692825867295,0.2796,892,2917,0.1,0.2,30
50,25,true,,0.13065570376370564,0.28089701114684934,0.1551692873380109,43,46,3.0,49.0,0.8030460366908965,0.032191069574247146,0.2436,892,2917,0.1,0.2,30
20,10,false,,0.09569596693035497,0.16220280439285825,0.07146460041489339,13,15,1.0,19.0,0.6785714285714286,0.0,0.2954,893,2918,0.1,0.2,30
30,15,false,,0.10866523010016271,0.10429246887537527,-0.005395498495303491,12,8,1.0,29.0,0.4813343923749007,0.1096108022239873,0.253,893,2918,0.1,0.2,30
40,20,true,,0.11935542611832302,0.1937858546445035,0.09472231150646984,26,31,1.0,39.0,0.7314139941690962,0.24599125364431487,0.2812,893,2918,0.1,0.2,30
20,10,false,,0.10058298316441554,0.4710898103145903,0.37420584705011656,16,16,3.0,19.0,0.8144082332761579,0.0,0.3026,894,2919,0.1,0.2,30
30,15,false,,0.10560576467527386,0.4550906834591288,0.3531886049793363,25,26,12.0,29.0,0.8790697674418605,0.2640429338103757,0.2702,894,2919,0.1,0.2,30
40,20,false,,0.5787153959043028,0.09976025220591977,-0.4999695446452567,3,1,1.0,31.0,0.13473767885532592,0.05206677265500795,0.2122,894,2919,0.1,0.2,30
50,25,true,,0.12947569404603107,0.19012290836651138,0.07983383849111071,33,44,2.0,48.42500000000018,0.717391304347826,0.125,0.2564,894,2919,0.1,0.2,30
20,10,false,,0.11045219181714697,0.15884944038783536,0.05918962326331492,13,1,1.0,19.0,0.5753228120516499,0.0,0.2292,895,2920,0.1,0.2,30
30,15,false,,0.09212364933507533,0.10302485106026936,0.008143178609793203,19,19,2.0,29.0,0.5264442636289667,0.14076484947111473,0.2408,895,2920,0.1,0.2,30
40,20,false,,0.1592952875895462,0.1025819534814221,-0.0734413834841844,8,2,1.0,37.0,0.32941176470588235,0.14563894523326573,0.2542,895,2920,0.1,0.2,30
50,25,false,,0.1200352342494247,0.13616350559914142,0.020469277102897275,35,46,2.0,49.0,0.5768930523028883,0.10889929742388758,0.239,895,2920,0.1,0.2,30
60,30,true,,0.12347479536363518,0.6043764161547724,0.48203688221244645,53,56,43.0,59.0,0.9356129501636959,0.0,0.238,895,2920,0.1,0.2,30
20,10,false,,0.09610030777254724,0.1617900872129755,0.07015222062973522,13,16,1.0,19.0,0.6819119669876204,0.0,0.3058,896,2921,0.1,0.2,30
30,15,false,,0.09221986168882994,0.6004697392301318,0.506242516235123,25,26,12.0,29.0,0.9205667668527265,0.3572348647488192,0.2322,896,2921,0.1,0.2,30
40,20,false,,0.11978914238113969,0.10805135140521537,-0.0060300644802579045,10,6,1.0,37.0,0.47977114834491214,0.06906416019615856,0.2788,896,2921,0.1,0.2,30
50,25,true,,0.11725744028655459,0.20230394020163667,0.11032815274649513,35,47,6.0,49.0,0.7860677578987438,0.09783022459078797,0.263,896,2921,0.1,0.2,30
20,10,false,,0.13202203424049705,0.1025265548503947,-0.04123425578119584,8,1,1.0,19.0,0.44509345794392524,0.0,0.2174,897,2922,0.1,0.2,30
30,15,false,,0.08845764267163264,0.09117246494044369,0.0032847896052885864,17,24,1.0,29.0,0.5034546292031322,0.11331183786273606,0.179,897,2922,0.1,0.2,30
40,20,true,,0.10435013702745105,0.683409433362248,0.5671037880477924,33,34,11.0,39.0,0.9300813008130081,0.3308943089430894,0.278,897,2922,0.1,0.2,30
20,10,true,,0.1423391764841586,0.2736469331587898,0.17193808138586592,14,17,2.0,19.0,0.7425384383479048,0.0,0.3162,898,2923,0.1,0.2,30
20,10,false,,0.1059122596967408,0.28754742311126297,0.20477870537998824,15,16,1.0,19.0,0.7240315392526568,0.0,0.2892,899,2924,0.1,0.2,30
30,15,false,,0.13099021945989464,0.10301630133343453,-0.05059442508382048,15,1,1.0,29.0,0.36216415163783583,0.10047846889952153,0.2666,899,2924,0.1,0.2,30
40,20,false,,0.11808521737765508,0.1411073240877521,0.02802517180360295,27,35,2.0,38.0,0.5890608132421734,0.20439006836991724,0.2778,899,2924,0.1,0.2,30
50,25,false,,0.1290089529290187,0.12216156326234393,-0.013294234471867866,26,2,1.0,48.0,0.4628787878787879,0.14924242424242423,0.2588,899,2924,0.1,0.2,30
60,30,false,,0.36114668672334493,0.11944505395069115,-0.24243945608604844,4,1,1.0,27.0,0.19419822723609992,0.022965350523771154,0.1728,899,2924,0.1,0.2,30
20,10,false,,0.13278128958069801,0.34136375413870207,0.22208171338706895,15,17,3.0,19.0,0.8482563619227145,0.0,0.3066,900,2925,0.1,0.2,30
30,15,false,,0.12695039090743904,0.38724265014116355,0.25824921868078443,25,26,5.0,29.0,0.6984758117958914,0.2849569251159708,0.2578,900,2925,0.1,0.2,30
40,20,false,,0.12696798091289224,0.12518384039428726,-0.0011392612324237703,28,36,3.0,39.0,0.49603746397694526,0.19776657060518732,0.2638,900,2925,0.1,0.2,30
50,25,true,,0.12047954094982702,0.259352029806853,0.14430175110450325,42,45,23.0,49.0,0.7327122895019706,0.048369759942672876,0.2514,900,2925,0.1,0.2,30
20,10,false,,0.18418261869632938,0.11069135771279551,-0.08918062511181404,8,3,1.0,18.0,0.252870179570209,0.0,0.3196,901,2926,0.1,0.2,30
30,15,false,,0.13867153711114544,0.21217636901461218,0.10072287008125769,22,26,1.0,29.0,0.619079386257505,0.19212808539026016,0.2636,901,2926,0.1,0.2,30
40,20,false,,0.1731284488267907,0.11586530360162343,-0.07792962514944447,7,4,1.0,37.0,0.25575799243726366,0.07734616706772086,0.2418,901,2926,0.1,0.2,30
50,25,false,,0.13716866309377762,0.1709843538892802,0.048996273609928975,25,17,3.0,48.0,0.6537113730487416,0.1602421153233514,0.239,901,2926,0.1,0.2,30
60,30,true,,0.14148120997455846,0.2813420543392154,0.14398076496468556,47,52,19.0,58.0,0.8677298311444653,0.12445278298936835,0.2092,901,2926,0.1,0.2,30
20,10,false,,0.13321121391547946,0.17385209663719509,0.07003731146949546,11,17,1.0,19.0,0.641515440942375,0.0,0.306,902,2927,0.1,0.2,30
30,15,false,,0.12603146847583968,0.1318958100655932,0.02240371405331136,15,5,1.0,29.0,0.5329196828679765,0.10858324715615306,0.2884,902,2927,0.1,0.2,30
40,20,false,,0.12018700032965637,0.12924610816341844,0.02240665085165431,23,37,1.0,39.0,0.5636774679728711,0.14845516201959308,0.2424,902,2927,0.1,0.2,30
50,25,true,,0.12589400656504682,0.3524542877114243,0.23905573835363206,39,39,5.0,49.0,0.8602635228848821,0.09916782246879334,0.2568,902,2927,0.1,0.2,30
20,10,false,,0.14504892948129947,0.11145014072197228,-0.05657377532511346,10,17,1.0,19.0,0.41793460666882487,0.0,0.2828,903,2928,0.1,0.2,30
30,15,false,,0.1078212244162926,0.20496871599192862,0.11099547029925477,23,27,3.0,29.0,0.6874312935141077,0.22828875045804323,0.2924,903,2928,0.1,0.2,30
40,20,false,,0.11953320128915458,0.1405770413850927,0.0369473127584663,24,37,1.0,39.0,0.5953735305271142,0.21880925293894576,0.2842,903,2928,0.1,0.2,30
50,25,false,,0.13182430569242892,0.1206743012957778,-0.007509547603202882,10,4,1.0,46.0,0.47801994828223127,0.09604728481714074,0.2482,903,2928,0.1,0.2,30
60,30,true,,0.12253453067416241,0.1988170162360125,0.08416972640313364,40,47,13.0,57.0,0.7430458970792768,0.09214186369958276,0.2362,903,2928,0.1,0.2,30
20,10,false,,0.14886197342704244,0.35400803077943527,0.21633357156553362,15,17,1.0,19.0,0.7374301675977654,0.0,0.3012,904,2929,0.1,0.2,30
30,15,false,,0.33350841264655107,0.09684695424789508,-0.24492326540858045,4,2,1.0,27.0,0.1591235632183908,0.028376436781609195,0.231,904,2929,0.1,0.2,30
40,20,false,,0.19877712252768873,0.10554607887429202,-0.11128913348443048,9,1,1.0,38.0,0.29414032382420974,0.14726291441788744,0.2248,904,2929,0.1,0.2,30
50,25,false,,0.1357172337741678,0.1305537278606111,-0.0025540799779219456,11,6,1.0,48.0,0.4895324494068388,0.0471039776692254,0.2308,904,2929,0.1,0.2,30
60,30,true,,0.13506550252531155,0.5100086958157868,0.36936383090986147,53,55,40.0,59.0,0.9867617107942973,0.006449422946367957,0.2216,904,2929,0.1,0.2,30
20,10,true,,0.09844063737314238,0.21366776849425143,0.1315310539925214,13,16,2.0,19.0,0.7590282337491793,0.0,0.3186,905,2930,0.1,0.2,30
20,10,false,,0.17522508659447916,0.11869184397877414,-0.07250972186040434,6,1,1.0,19.0,0.41260315078769694,0.0,0.232,906,2931,0.1,0.2,30
30,15,false,,0.11444264070818194,0.23293689558422417,0.13172437939110074,24,26,1.0,29.0,0.6740767300107565,0.2638938687701685,0.2564,906,2931,0.1,0.2,30
40,20,false,,0.11751184607389498,0.1309802439799958,0.01768313328901497,26,36,3.0,39.0,0.561145795078957,0.21777451340433346,0.275,906,2931,0.1,0.2,30
50,25,true,,0.12221243150112694,0.28162669685261094,0.16292763294432455,42,40,26.0,49.0,0.8191868758915835,0.07203994293865906,0.2448,906,2931,0.1,0.2,30
20,10,false,,0.10938693238416312,0.1880399458497369,0.0949106445098316,13,17,1.0,19.0,0.6367041198501873,0.0,0.3028,907,2932,0.1,0.2,30
30,15,false,,0.18863821881242623,0.10177974861591547,-0.11523390539011924,5,2,1.0,26.0,0.3436885568226504,0.015729453401494297,0.259,907,2932,0.1,0.2,30
40,20,false,,0.11505189894306027,0.18391781884206854,0.07881531297397032,31,37,2.0,39.0,0.6725450901803607,0.25771543086172344,0.2494,907,2932,0.1,0.2,30
50,25,false,,0.14157037006965378,0.12190572609778426,-0.017128361617784124,7,4,1.0,32.0,0.44457142857142856,0.06933333333333333,0.2334,907,2932,0.1,0.2,30
60,30,true,,0.1264478298565781,0.26740011840309175,0.1444501469153476,51,52,21.0,58.0,0.8516746411483254,0.07347915242652085,0.2128,907,2932,0.1,0.2,30
20,10,false,,0.1533808654289991,0.24617213649378514,0.11054418470367638,14,16,1.0,19.0,0.601681215648238,0.0,0.304,908,2933,0.1,0.2,30
30,15,false,,0.1142416423954269,0.11018842586847094,-0.006568016957350681,19,27,2.0,29.0,0.48336520076481837,0.17552581261950287,0.2444,908,2933,0.1,0.2,30
40,20,false,,0.20800387225239858,0.10481810018161601,-0.11521239146779391,7,3,1.0,38.0,0.3293124246079614,0.09328508242862887,0.236,908,2933,0.1,0.2,30
50,25,false,,0.14791953347577178,0.1247563296154176,-0.03992955859521147,19,1,1.0,48.0,0.38047512991833704,0.11766889383815887,0.23,908,2933,0.1,0.2,30
60,30,true,,0.13769959425074144,0.48889290144648,0.3462929030650436,52,52,5.0,59.0,0.9135006784260515,0.022048846675712348,0.2084,908,2933,0.1,0.2,30
20,10,true,,0.09224678054569396,0.26002002264231705,0.16737992369782698,14,17,1.0,19.0,0.7222633136094675,0.0,0.2802,909,2934,0.1,0.2,30
20,10,false,,0.14407530901983162,0.12703880027388365,-0.027544620319406937,10,2,1.0,19.0,0.4567260940032415,0.0,0.3086,910,2935,0.1,0.2,30
30,15,false,,0.15167550469831148,0.09636547522886645,-0.07433657851921585,7,1,1.0,29.0,0.37629688747007184,0.10375099760574621,0.2376,910,2935,0.1,0.2,30
40,20,false,,0.6132030636259619,0.0765202239657038,-0.5405447812378683,3,2,1.0,35.0,0.11182582879762494,0.0776843146956952,0.1584,910,2935,0.1,0.2,30
50,25,false,,0.13404409114486893,0.0841125810800273,-0.05727163034951249,10,1,1.0,34.0,0.2952472395583293,0.0556889102256361,0.157,910,2935,0.1,0.2,30
60,30,false,,0.3211518492959664,0.09667720418191109,-0.23019135590274442,5,4,1.0,19.0,0.09745390693590869,0.0,0.202,910,2935,0.1,0.2,30
20,10,false,,0.14867555591970674,0.2959923828285113,0.1730730514264187,15,18,2.0,19.0,0.6841289522628642,0.0,0.2834,911,2936,0.1,0.2,30
30,15,false,,0.13533532296877732,0.17508691372913654,0.05124561773442876,22,26,1.0,29.0,0.582168995342648,0.23652694610778444,0.2684,911,2936,0.1,0.2,30
40,20,false,,0.1319550645349215,0.15907891019334927,0.040842272223780215,24,33,3.0,38.0,0.59935170178282,0.21750405186385738,0.2668,911,2936,0.1,0.2,30
50,25,true,,0.13991563523318112,0.3647065974183394,0.23284625771549378,44,46,28.0,49.0,0.8574774171963867,0.06590833054533289,0.2156,911,2936,0.1,0.2,30
20,10,false,,0.12051077443677982,0.16184248178084723,0.05927830576467884,13,16,1.0,19.0,0.6119205298013245,0.0,0.3028,912,2937,0.1,0.2,30
30,15,false,,0.10166137125646361,0.14453537788469914,0.05897776347619168,22,25,2.0,29.0,0.5943033102386451,0.16666666666666666,0.2422,912,2937,0.1,0.2,30
40,20,false,,0.13409725874189757,0.11398326585529972,-0.012005241530582453,11,4,1.0,37.0,0.4732853353543009,0.10041682455475559,0.2948,912,2937,0.1,0.2,30
50,25,true,,0.11415745590858337,0.6393850536393114,0.511984990036031,43,46,31.0,49.0,0.9035159443990188,0.06991005723630417,0.247,912,2937,0.1,0.2,30
20,10,false,,0.12834761038213646,0.11875298868334164,-0.009685997374274752,10,5,2.0,19.0,0.4728706624605678,0.0,0.3124,913,2938,0.1,0.2,30
30,15,false,,0.10995059555131691,0.1455360999547792,0.043469931845041665,22,26,3.0,29.0,0.624868282402529,0.15770987003863715,0.281,913,2938,0.1,0.2,30
40,20,true,,0.11613984886081775,0.38624176641496544,0.27861696340192327,33,36,16.0,39.0,0.8774383511225616,0.3006993006993007,0.2628,913,2938,0.1,0.2,30
20,10,false,,0.13792792516299374,0.36083660851600907,0.2282801055778879,15,17,2.0,19.0,0.7815731745534316,0.0,0.3062,914,2939,0.1,0.2,30
30,15,false,,0.15119772749848637,0.11750005424940055,-0.049312931482845324,11,2,1.0,28.0,0.3700891383294817,0.07560250907890392,0.2638,914,2939,0.1,0.2,30
40,20,false,,0.12050589031160287,0.5271376583553572,0.405104810007699,35,36,20.0,39.0,0.8834264432029795,0.2271880819366853,0.2282,914,2939,0.1,0.2,30
50,25,true,,0.13279347796122504,0.3287496789582093,0.2051043304394296,42,45,2.0,49.0,0.8089614449461618,0.07467870788468219,0.213,914,2939,0.1,0.2,30
20,10,false,,0.08473665646019303,0.18205014863840835,0.10462409796060296,13,16,1.0,19.0,0.6794310722100656,0.0,0.253,915,2940,0.1,0.2,30
30,15,false,,0.1005050151560663,0.17174281435167796,0.09078989622701676,21,24,1.0,29.0,0.6622204786190663,0.13770105923891723,0.2984,915,2940,0.1,0.2,30
40,20,false,,0.11100913960329792,0.1413330796413696,0.047920700561544016,18,4,1.0,38.0,0.6518030244280729,0.14773167894532765,0.2876,915,2940,0.1,0.2,30
50,25,false,,0.1269135831976409,0.15665311214466224,0.04264990460376793,21,8,2.0,42.0,0.6519224225927186,0.18781898604967676,0.2874,915,2940,0.1,0.2,30
60,30,true,,0.1318479274513848,0.34231465441222525,0.21022272067206582,46,50,19.0,58.0,0.949375200256328,0.06760653636654919,0.2532,915,2940,0.1,0.2,30
20,10,false,,0.09968800349819107,0.3582518145825347,0.2509389444517458,15,17,2.0,19.0,0.7709205020920502,0.0,0.2776,916,2941,0.1,0.2,30
30,15,false,,0.17662547140480972,0.07578335294978746,-0.10652577931186305,6,1,1.0,28.0,0.25570175438596493,0.08201754385964913,0.2018,916,2941,0.1,0.2,30
40,20,true,,0.11178490772517422,0.3781589528920089,0.26704627317935226,31,33,3.0,39.0,0.7319277108433735,0.3990963855421687,0.264,916,2941,0.1,0.2,30
20,10,false,,0.10897561259435448,0.3958633006764799,0.2793001628593473,15,16,3.0,19.0,0.8207104557640751,0.0,0.2882,917,2942,0.1,0.2,30
30,15,false,,0.1134257799372557,0.17974789642363012,0.10389217350751652,20,26,2.0,29.0,0.6976005645730416,0.2145377558221595,0.282,917,2942,0.1,0.2,30
40,20,false,,0.12370500253005542,0.1438427482767275,0.031227525516118543,26,35,2.0,38.0,0.6060400407193757,0.26128266033254155,0.2914,917,2942,0.1,0.2,30
50,25,false,,0.13151990736075092,0.1710693467436425,0.06724394573962811,29,44,2.0,49.0,0.6946946946946947,0.05005005005005005,0.2488,917,2942,0.1,0.2,30
60,30,true,,0.1452080612025825,0.3915301073651249,0.24458365337037613,53,53,40.0,59.0,0.8259633607075174,0.0,0.2104,917,2942,0.1,0.2,30
20,10,false,,0.5011780418986385,0.1278116873972067,-0.3743878380659077,3,1,1.0,18.0,0.24303621169916434,0.0,0.2134,918,2943,0.1,0.2,30
30,15,false,,0.1685116176798889,0.12027138641019357,-0.06688423609757946,8,1,1.0,29.0,0.3676419965576592,0.10567986230636833,0.252,918,2943,0.1,0.2,30
40,20,false,,0.17052907232433387,0.13028400298193699,-0.05263163012818392,9,2,1.0,37.0,0.36840324763193505,0.09675236806495263,0.2528,918,2943,0.1,0.2,30
50,25,true,,0.14362602439865013,0.2561569660053038,0.1228161510769841,41,43,13.0,49.0,0.7788343558282208,0.10153374233128834,0.2374,918,2943,0.1,0.2,30
20,10,false,,0.07795604606846676,0.2176860624990904,0.15009965861185726,14,16,1.0,19.0,0.6538931920097839,0.0,0.2194,919,2944,0.1,0.2,30
30,15,false,,0.08174734184473322,0.08433475078177485,0.002316154205803927,15,2,1.0,28.0,0.5066666666666667,0.0758974358974359,0.1174,919,2944,0.1,0.2,30
40,20,false,,0.05880407352290639,0.12588228052890127,0.061654560905759936,28,30,10.0,37.0,0.6597593582887701,0.5487967914438503,0.0618,919,2944,0.1,0.2,30
50,25,true,,0.05376551932974579,0.07975865222492111,0.038010622459720325,31,34,25.0,35.0,0.7980561555075594,0.42764578833693306,0.026,919,2944,0.1,0.2,30
20,10,false,,0.11962592222373013,0.4287466986104357,0.3127290414444158,15,16,2.0,19.0,0.7632786885245901,0.0,0.3062,920,2945,0.1,0.2,30
30,15,false,,0.11709165913264744,0.24487662118040038,0.14521669336405363,23,26,1.0,29.0,0.6477688368690563,0.25274323335771764,0.2588,920,2945,0.1,0.2,30
40,20,true,,0.11734621600085413,0.3324692512861032,0.22610835037644966,30,36,5.0,39.0,0.8267085076708508,0.2939330543933054,0.2792,920,2945,0.1,0.2,30
20,10,false,,0.11614933805222129,0.0848376199818636,-0.026623670917629683,7,1,1.0,19.0,0.43262987012987014,0.0,0.2398,921,2946,0.1,0.2,30
30,15,false,,0.2838133398313003,0.07287301004666473,-0.21582362837041097,3,1,1.0,28.0,0.25539387857501256,0.039136979427997994,0.1296,921,2946,0.1,0.2,30
40,20,true,,0.08259872249645678,0.28029771963674766,0.19025663278644728,32,34,2.0,39.0,0.8225726959093149,0.42582552981764416,0.1342,921,2946,0.1,0.2,30
20,10,false,,0.09423772715510986,0.5373652759493026,0.43975403121510215,16,16,3.0,19.0,0.8664518438954529,0.0,0.277,922,2947,0.1,0.2,30
30,15,true,,0.08940941062338056,0.19658744104321352,0.11289978747924363,22,25,6.0,29.0,0.7302100161550888,0.1704361873990307,0.2402,922,2947,0.1,0.2,30
20,10,false,,0.12372866098374465,0.29356083418001966,0.1836198721063329,15,16,2.0,19.0,0.7450673347948638,0.0,0.2752,923,2948,0.1,0.2,30
30,15,false,,0.11731239905852574,0.26535906730006836,0.16494666086893567,23,28,1.0,29.0,0.6520803443328551,0.2381635581061693,0.2568,923,2948,0.1,0.2,30
40,20,true,,0.12310436301136533,0.24444447175724354,0.12907387719047925,28,35,2.0,39.0,0.7308089500860585,0.23166953528399312,0.2786,923,2948,0.1,0.2,30
20,10,false,,0.1342911645984044,0.2505562100825645,0.12647340785254846,15,16,2.0,19.0,0.6750325945241199,0.0,0.2864,924,2949,0.1,0.2,30
30,15,false,,0.11469131092813055,0.6535741258251117,0.5453303864534812,25,26,2.0,29.0,0.8203957382039574,0.3344748858447489,0.2566,924,2949,0.1,0.2,30
40,20,false,,0.2616882369827632,0.09702810278238319,-0.16695885616957007,4,2,1.0,16.0,0.1400716275368086,0.0,0.2296,924,2949,0.1,0.2,30
50,25,false,,0.12502373099457134,0.21394258982052164,0.11062444622684,34,44,2.0,49.0,0.6759503199096726,0.07301467820850584,0.2506,924,2949,0.1,0.2,30
60,30,true,,0.1293395140962682,0.26130511639989346,0.13312374522865067,47,55,6.0,59.0,0.8413234301147873,0.05840648210668467,0.2358,924,2949,0.1,0.2,30
20,10,false,,0.12054253258755851,0.269098387066518,0.17127960410408458,15,16,2.0,19.0,0.7072555205047318,0.0,0.3066,925,2950,0.1,0.2,30
30,15,false,,0.11815980746445517,0.11086006793785394,-0.010318551683159191,15,12,2.0,29.0,0.4714788732394366,0.10246478873239437,0.2894,925,2950,0.1,0.2,30
40,20,true,,0.12359912471951598,0.31917545250130597,0.19965931643606694,34,37,5.0,39.0,0.7963354474982381,0.31007751937984496,0.2556,925,2950,0.1,0.2,30
20,10,false,,0.100786529793694,0.1259269679369407,0.02239559946955892,11,18,1.0,19.0,0.5520979020979021,0.0,0.2912,926,2951,0.1,0.2,30
30,15,false,,0.11731332202003697,0.11005267709899966,-0.01929583385367449,15,3,1.0,29.0,0.43647234678624813,0.1203288490284006,0.2706,926,2951,0.1,0.2,30
40,20,false,,0.2850160398526922,0.10019779138188084,-0.19989247657400336,5,2,1.0,29.0,0.21542765787370105,0.043565147881694646,0.2436,926,2951,0.1,0.2,30
50,25,false,,0.3213495065759042,0.11208897287013028,-0.21965174275392943,4,3,1.0,28.0,0.20957838722881703,0.02742529676627098,0.218,926,2951,0.1,0.2,30
60,30,false,,0.1373740768909931,0.15771441887744297,0.041617972197125125,34,3,1.0,58.0,0.5831083686849209,0.056305437716930196,0.1594,926,2951,0.1,0.2,30
20,10,true,,0.10100261561772766,0.23361494700923194,0.15107899565893956,13,16,2.0,19.0,0.7665773610180844,0.0,0.3114,927,2952,0.1,0.2,30
20,10,false,,0.13154603679258223,0.22442546207097486,0.10763372887613903,13,15,1.0,19.0,0.6612903225806451,0.0,0.2992,928,2953,0.1,0.2,30
30,15,false,,0.14018906095736233,0.12092459080346242,-0.02901158241181169,9,7,1.0,28.0,0.4357691024357691,0.08608608608608609,0.2798,928,2953,0.1,0.2,30
40,20,false,,0.2144550985965546,0.10465987677361346,-0.126745784552907,6,1,1.0,38.0,0.28850060950832995,0.12271434376269809,0.2242,928,2953,0.1,0.2,30
50,25,false,,0.1252331920418081,0.11744752420199044,-0.020237030095924077,29,46,1.0,49.0,0.4346696362286563,0.0935412026726058,0.2348,928,2953,0.1,0.2,30
60,30,false,,0.12683717929384616,0.14736866814746424,0.035048023763564154,20,8,3.0,58.0,0.653566229985444,0.06986899563318777,0.2296,928,2953,0.1,0.2,30
20,10,false,,0.13909748294213667,0.38915108789407227,0.26397744018925595,15,16,2.0,19.0,0.7262864228146311,0.0,0.3084,929,2954,0.1,0.2,30
30,15,false,,0.13119419552164477,0.14394854185239717,0.0223296161502678,18,26,1.0,29.0,0.5457650273224044,0.2032103825136612,0.2656,929,2954,0.1,0.2,30
40,20,false,,0.13565140650272342,0.10898033876265042,-0.02751605693464268,14,12,1.0,38.0,0.41416309012875535,0.12410586552217454,0.2484,929,2954,0.1,0.2,30
50,25,false,,0.1422986933284073,0.14118534917168682,0.014502909166786662,23,2,1.0,49.0,0.5266821345707656,0.07888631090487239,0.2328,929,2954,0.1,0.2,30
60,30,false,,0.3970013754017773,0.1279676469463791,-0.29739815953748816,4,1,1.0,58.0,0.2887679751263117,0.00777302759424796,0.1682,929,2954,0.1,0.2,30
20,10,false,,0.1161627247200708,0.45567921732236544,0.3381858431643404,15,16,4.0,19.0,0.894324239573534,0.0,0.3196,930,2955,0.1,0.2,30
30,15,false,,0.12407334897660381,0.14353813835254786,0.029353995809125177,18,25,1.0,29.0,0.5646624118239839,0.14007389989922742,0.2778,930,2955,0.1,0.2,30
40,20,false,,0.1205235523605341,0.12814760976848083,0.023060719452699593,20,6,1.0,38.0,0.5887384176764077,0.18317890235210263,0.2684,930,2955,0.1,0.2,30
50,25,false,,0.21192057501453648,0.1445879234224704,-0.07291757360384188,5,2,1.0,28.0,0.392011311417462,0.07069635913750442,0.177,930,2955,0.1,0.2,30
60,30,true,,0.14497530078793516,0.2816254623685138,0.15544113893273914,44,43,12.0,57.0,0.8494952584888346,0.08442948914040992,0.2218,930,2955,0.1,0.2,30
20,10,false,,0.1522921581089546,0.17340590006666862,0.052887299260086486,11,16,1.0,19.0,0.5758955676988464,0.0,0.2986,931,2956,0.1,0.2,30
30,15,false,,0.13077049224590576,0.2948928842331202,0.1761879530053733,24,25,3.0,29.0,0.6865473823724321,0.2508283631544069,0.2664,931,2956,0.1,0.2,30
40,20,false,,0.1289969820367101,0.16083562137754956,0.03814318319507479,30,36,3.0,39.0,0.6141414141414141,0.21481481481481482,0.2494,931,2956,0.1,0.2,30
50,25,false,,0.13795049718882357,0.17256058130767032,0.05372443210248014,32,44,3.0,48.0,0.698595146871009,0.15613026819923373,0.2468,931,2956,0.1,0.2,30
60,30,false,,0.13573731972098213,0.1588108622812449,0.028965170830425768,9,6,1.0,37.0,0.5927734375,0.039388020833333336,0.229,931,2956,0.1,0.2,30
20,10,false,,0.14402820448498105,0.08611321148804396,-0.0603041815392522,9,1,1.0,19.0,0.4419983065198984,0.0,0.2272,932,2957,0.1,0.2,30
30,15,true,,0.1085140971497622,0.4180145730285394,0.3275664027822428,21,27,1.0,29.0,0.7637231503579952,0.22673031026252982,0.2762,932,2957,0.1,0.2,30
20,10,false,,0.16424239628333923,0.1434849011627353,-0.009759923550988148,6,1,1.0,19.0,0.47843266381297334,0.0,0.2632,933,2958,0.1,0.2,30
30,15,false,,0.15219893499705334,0.11128129346285656,-0.05583532162611057,8,3,1.0,28.0,0.3550949913644214,0.05008635578583765,0.2516,933,2958,0.1,0.2,30
40,20,false,,0.15084117676753958,0.13587544312419433,-0.0409438240436302,10,1,1.0,37.0,0.43403790087463556,0.17857142857142858,0.216,933,2958,0.1,0.2,30
50,25,false,,0.15108946155830272,0.16815572000160853,0.02401208717654657,13,2,1.0,47.0,0.5702583490863264,0.0904221802142407,0.231,933,2958,0.1,0.2,30
60,30,true,,0.15081100257526,0.3290699393972402,0.18644430593456512,46,45,9.0,58.0,0.9234923492349235,0.0813081308130813,0.2244,933,2958,0.1,0.2,30
20,10,false,,0.10744831110382512,0.24782442303591717,0.16204321578514008,14,16,1.0,19.0,0.663891779396462,0.0,0.2908,934,2959,0.1,0.2,30
30,15,false,,0.21612310508820706,0.10537411994380493,-0.11211043929201284,4,1,1.0,26.0,0.30730183522061694,0.016399843811011325,0.245,934,2959,0.1,0.2,30
40,20,true,,0.11703752639352931,0.39013557864008863,0.2648564143321157,33,36,7.0,39.0,0.8089430894308943,0.2328159645232816,0.2608,934,2959,0.1,0.2,30
20,10,false,,0.12723732923091127,0.17106829084480693,0.07054342007351991,12,17,1.0,19.0,0.6324730480235218,0.0,0.288,935,2960,0.1,0.2,30
30,15,false,,0.11292238989803363,0.14758507508900234,0.054882850069008005,19,27,2.0,29.0,0.6133285816108339,0.1707056307911618,0.272,935,2960,0.1,0.2,30
40,20,false,,0.12904234556595934,0.12061756213119741,-0.012745747753333966,15,3,1.0,38.0,0.4696071163825056,0.18309859154929578,0.2752,935,2960,0.1,0.2,30
50,25,false,,0.13342947849958592,0.12582116741513635,-0.00724293650082454,15,3,1.0,48.0,0.4717048710601719,0.08345272206303725,0.2498,935,2960,0.1,0.2,30
60,30,true,,0.13242561142286038,0.22411215613466626,0.10271360880356563,42,49,1.0,57.0,0.7912836227442969,0.07899216887980932,0.1808,935,2960,0.1,0.2,30
20,10,true,,0.07408333292367185,0.3760850763119711,0.30154154191795285,14,15,1.0,19.0,0.8105515587529976,0.0,0.2684,936,2961,0.1,0.2,30
20,10,false,,0.07857412475475307,0.15423850496799266,0.08577249737958403,13,15,1.0,19.0,0.6566008517228029,0.0,0.2356,937,2962,0.1,0.2,30
30,15,false,,0.0716931233213586,0.16955973379688427,0.11361690680407269,24,26,1.0,29.0,0.6775039328788673,0.23335081279496592,0.1062,937,2962,0.1,0.2,30
40,20,false,,0.06598478887609767,0.5111191486101231,0.44321325700919506,35,37,30.0,39.0,1.0,0.2283758556316117,0.0646,937,2962,0.1,0.2,30
50,25,true,,0.06887867654957347,0.13182953791026403,0.05809847681217178,41,41,27.0,49.0,0.7642330877427997,0.0884125920964501,0.0334,937,2962,0.1,0.2,30
20,10,false,,0.1892653469769187,0.13597409334334776,-0.06175831171819786,8,4,1.0,19.0,0.3920927467300832,0.0,0.3148,938,2963,0.1,0.2,30
30,15,false,,0.14792410651511767,0.1339394417411356,-0.025140916490634935,19,26,1.0,29.0,0.4816788807461692,0.1922051965356429,0.2646,938,2963,0.1,0.2,30
40,20,true,,0.13204176108777144,0.21273363446894344,0.11210319402610536,24,35,4.0,39.0,0.7395600892572521,0.17723940070130698,0.273,938,2963,0.1,0.2,30
20,10,true,,0.08408880936597089,0.2561342343905424,0.18336256428422792,14,16,1.0,19.0,0.7411186696900982,0.0,0.2762,939,2964,0.1,0.2,30
20,10,true,,0.09087061913371675,0.26469054080404675,0.19551706263232993,14,16,2.0,19.0,0.732871720116618,0.0,0.2898,940,2965,0.1,0.2,30
20,10,false,,0.07880893486238831,0.3145073556998728,0.24578111058545493,15,16,1.0,19.0,0.789872408293461,0.0,0.2546,941,2966,0.1,0.2,30
30,15,false,,0.1517029209276121,0.09132914569951966,-0.08041528961150243,9,2,1.0,28.0,0.3954983922829582,0.08038585209003216,0.2602,941,2966,0.1,0.2,30
40,20,true,,0.10876864204412627,0.48954961474676845,0.3839671395880745,33,34,21.0,39.0,0.9043377226955848,0.41053446940356314,0.2862,941,2966,0.1,0.2,30
20,10,false,,0.11858166169780122,0.14717767343715377,0.03887078920607777,8,3,1.0,18.0,0.5948952879581152,0.0,0.308,942,2967,0.1,0.2,30
30,15,false,,0.13596425377012777,0.1235688131642955,-0.015860986737379776,10,1,1.0,28.0,0.4579710144927536,0.09891304347826087,0.2632,942,2967,0.1,0.2,30
40,20,true,,0.11688239905245221,0.7166734860861521,0.6019462965547804,34,36,2.0,39.0,0.7874847622917514,0.2303941487200325,0.2568,942,2967,0.1,0.2,30
20,10,false,,0.11404450018176002,0.13586476174822815,0.03294945796590544,10,2,1.0,19.0,0.5790010193679919,0.0,0.3086,943,2968,0.1,0.2,30
30,15,false,,0.12621756049065422,0.17524209506451288,0.07370038201355736,20,1,1.0,29.0,0.5647940074906367,0.18651685393258427,0.254,943,2968,0.1,0.2,30
40,20,false,,0.13013608031674945,0.12379330343056202,0.007329680893772256,18,1,1.0,38.0,0.526457055214724,0.18174846625766872,0.277,943,2968,0.1,0.2,30
50,25,false,,0.21044827675343172,0.1077752750637962,-0.1097326832508504,7,2,1.0,34.0,0.2467741935483871,0.08548387096774193,0.2472,943,2968,0.1,0.2,30
60,30,true,,0.12129944950102257,0.17366646900579755,0.06415839507533051,44,54,10.0,59.0,0.7296616270698344,0.056515478761699066,0.2436,943,2968,0.1,0.2,30
20,10,true,,0.08594722557079906,0.4685822288946677,0.3771577473181112,14,16,1.0,19.0,0.7283813747228381,0.0,0.3016,944,2969,0.1,0.2,30
20,10,false,,0.12847937576924928,0.12653645644060138,-0.007451277815010517,9,1,1.0,19.0,0.4810984308131241,0.0,0.2798,945,2970,0.1,0.2,30
30,15,false,,0.11893397177982645,0.14184185800883786,0.02939652942176013,18,25,3.0,28.0,0.5885027606365704,0.06722962000649561,0.2964,945,2970,0.1,0.2,30
40,20,true,,0.12322390604393883,0.2652734046208397,0.16987910659405564,30,32,2.0,39.0,0.7561739130434783,0.2782608695652174,0.2688,945,2970,0.1,0.2,30
20,10,true,,0.08944130628457524,0.28524442650585424,0.19687712229861715,14,16,2.0,19.0,0.7439067467326034,0.0,0.3002,946,2971,0.1,0.2,30
20,10,false,,0.05936074004337609,0.232946585121447,0.17571581954460033,15,16,2.4250000000000043,19.0,0.8347350714886459,0.0,0.2344,947,2972,0.1,0.2,30
30,15,false,,0.10267666286807275,0.11868244129403713,0.03315483699316213,15,27,2.0,29.0,0.6072370900866944,0.09762532981530343,0.2934,947,2972,0.1,0.2,30
40,20,false,,0.11476468496196464,0.1412007390293037,0.028445723321186514,26,31,2.0,38.0,0.5663852647735994,0.3019953952417498,0.2998,947,2972,0.1,0.2,30
50,25,true,,0.11540532004849396,0.2963778754179473,0.1790873449969082,37,48,21.0,49.0,0.8333333333333334,0.25555555555555554,0.2814,947,2972,0.1,0.2,30
20,10,false,,0.12734035519617462,0.16426227361383453,0.043635445217232116,12,15,1.0,19.0,0.5986928104575163,0.0,0.2628,948,2973,0.1,0.2,30
30,15,false,,0.11565190188105673,0.3204829191217604,0.2102579796239385,25,26,4.700000000000003,29.0,0.8190173206079887,0.3075291622481442,0.2724,948,2973,0.1,0.2,30
40,20,false,,0.1640471436031168,0.11784607516725325,-0.047856736800689526,5,2,1.0,17.0,0.3735976065818998,0.0,0.2188,948,2973,0.1,0.2,30
50,25,false,,0.1296687143250238,0.17046200687066185,0.06929876250190031,29,30,2.0,48.0,0.6932576769025367,0.15587449933244327,0.2522,948,2973,0.1,0.2,30
60,30,true,,0.13294075818805082,0.2106963810507345,0.09976172566812636,32,53,4.0,58.0,0.8919803600654664,0.2176759410801964,0.2214,948,2973,0.1,0.2,30
20,10,false,,0.10271307416448883,0.20864959907723682,0.10187626446274214,14,14,2.0,19.0,0.6963642319030462,0.0,0.3206,949,2974,0.1,0.2,30
30,15,true,,0.08853900357111104,0.2833840502305739,0.20812234224938225,24,26,3.0,29.0,0.7835273824924537,0.2690815006468305,0.2224,949,2974,0.1,0.2,30
20,10,true,,0.11472043395801582,0.39154139359157086,0.29169341768067986,14,15,1.0,19.0,0.785690178872764,0.0,0.2884,950,2975,0.1,0.2,30
20,10,false,,0.12739596778565854,0.12698778671227828,0.005175406683466596,11,16,1.0,19.0,0.5138104205900816,0.0,0.3154,951,2976,0.1,0.2,30
30,15,true,,0.11528648350153656,0.18358275979123043,0.09185354740274959,21,27,2.0,29.0,0.700724887814981,0.16948567483603727,0.2904,951,2976,0.1,0.2,30
20,10,false,,0.12742559233073786,0.17656847473113774,0.05701865672139811,12,16,1.0,19.0,0.6126181042365133,0.0,0.3196,952,2977,0.1,0.2,30
30,15,false,,0.11918374389634707,0.11281096952790114,-0.0069843817948105485,17,26,2.0,28.0,0.47610862839463736,0.10450326572705397,0.2858,952,2977,0.1,0.2,30
40,20,false,,0.13859298395419972,0.13023305840192076,-0.004501611365885019,10,1,1.0,37.0,0.47987508674531576,0.16620402498265094,0.2638,952,2977,0.1,0.2,30
50,25,true,,0.13272350214921497,0.18023038843110112,0.06167835399985375,25,26,3.0,47.0,0.7069515306122449,0.19642857142857142,0.2748,952,2977,0.1,0.2,30
20,10,false,,0.13636756728955035,0.06711692455659128,-0.06974157505042294,8,4,1.0,18.0,0.3173943173943174,0.0,0.2654,953,2978,0.1,0.2,30
30,15,true,,0.09925714339771984,0.308717394861137,0.20838259861082714,23,25,6.0,29.0,0.8243636363636364,0.1829090909090909,0.288,953,2978,0.1,0.2,30
20,10,false,,0.08779685468342166,0.36698996168042125,0.278155359175289,15,16,2.0,19.0,0.8008948545861297,0.0,0.272,954,2979,0.1,0.2,30
30,15,false,,0.10002665662382669,0.16188755091636342,0.06961257288851538,21,26,3.0,29.0,0.6630222569308863,0.19328387348691917,0.2684,954,2979,0.1,0.2,30
40,20,false,,0.17445338309428224,0.08492590865678591,-0.095867257552014,6,1,1.0,37.0,0.2475022706630336,0.049954586739327886,0.2004,954,2979,0.1,0.2,30
50,25,false,,0.09673713873775111,0.22772239214815068,0.12013735199377296,46,46,35.0,49.0,0.7072477498815727,0.016106110847939364,0.1508,954,2979,0.1,0.2,30
60,30,false,,0.12540103990919133,0.09964949057251887,-0.020553065546124613,10,2,1.0,58.0,0.45384218669417226,0.02888086642599278,0.1122,954,2979,0.1,0.2,30
20,10,true,,0.12432731198113701,0.22587146399459695,0.12154718481039165,14,17,2.0,19.0,0.7414790996784566,0.0,0.3126,955,2980,0.1,0.2,30
20,10,true,,0.09286621275918355,0.38350425642537717,0.29004999840112233,14,17,1.0,19.0,0.7576936681995048,0.0,0.288,956,2981,0.1,0.2,30
20,10,false,,0.11814664288856265,0.18672292125055096,0.08816291600362916,13,1,1.0,19.0,0.6346353266505358,0.0,0.2362,957,2982,0.1,0.2,30
30,15,false,,0.12619374604715805,0.18281744298274122,0.08607426594191464,19,25,1.0,29.0,0.5919793966151582,0.17402501839587933,0.2642,957,2982,0.1,0.2,30
40,20,true,,0.11676360340373666,0.2500240162050836,0.13216427372758122,33,34,4.0,39.0,0.7594890510948905,0.3605839416058394,0.259,957,2982,0.1,0.2,30
20,10,false,,0.09762807123320064,0.33713078926493634,0.25279301924092984,15,16,2.0,19.0,0.7858872362504323,0.0,0.3076,958,2983,0.1,0.2,30
30,15,false,,0.11684528960294725,0.11376206053373006,-9.141567653719873e-5,12,2,1.0,28.0,0.49777418049372724,0.08417644678267908,0.2374,958,2983,0.1,0.2,30
40,20,false,,0.1516956920210571,0.11158000948377465,-0.05949777838656378,8,2,1.0,36.0,0.3807499033629687,0.08542713567839195,0.2546,958,2983,0.1,0.2,30
50,25,true,,0.12300522885928604,0.22623867905694148,0.11295306822705933,38,46,9.0,49.0,0.7837643678160919,0.13218390804597702,0.2662,958,2983,0.1,0.2,30
20,10,true,,0.10899318507390089,0.25804642688720103,0.17426564933814748,14,17,1.0,19.0,0.71235253296322,0.0,0.2782,959,2984,0.1,0.2,30
20,10,true,,0.07241955843471243,0.3306383506639204,0.25039276113201137,14,16,2.0,19.0,0.8048117966627862,0.0,0.276,960,2985,0.1,0.2,30
20,10,true,,0.11615277112912176,0.29695006081458375,0.19128505441682375,14,16,2.0,19.0,0.7752738654147104,0.0,0.3164,961,2986,0.1,0.2,30
20,10,false,,0.09523808439000699,0.5683351394552811,0.4764808224323722,15,16,1.0,19.0,0.7413201068294544,0.0,0.2824,962,2987,0.1,0.2,30
30,15,false,,0.10128925442321547,0.1748941469864982,0.08750290779656032,19,18,3.0,29.0,0.6934654919236417,0.12555066079295155,0.3016,962,2987,0.1,0.2,30
40,20,false,,0.11578583751005905,0.2169034234422643,0.12190098165489502,28,35,1.0,39.0,0.6818005432673652,0.21963523476911137,0.273,962,2987,0.1,0.2,30
50,25,false,,0.12490915930081474,0.11563140656157568,-0.018533086395583903,10,8,1.0,47.0,0.4201841903300077,0.07252494244052188,0.2558,962,2987,0.1,0.2,30
60,30,false,,0.13286068876088103,0.13271466877960963,-0.0028358904948836694,9,4,1.0,40.0,0.4771594684385382,0.06353820598006645,0.1696,962,2987,0.1,0.2,30
20,10,false,,0.12995281885633372,0.168900914082641,0.05990036091504544,12,16,1.0,19.0,0.5845140032948929,0.0,0.3028,963,2988,0.1,0.2,30
30,15,false,,0.12579450707331502,0.14295564480543504,0.054345399990482504,18,27,2.0,29.0,0.5848715164676077,0.2044878754976475,0.2602,963,2988,0.1,0.2,30
40,20,false,,0.11799786794277509,0.13339792193316308,0.029827818887273705,26,37,2.0,39.0,0.5740812379110252,0.21005802707930368,0.2652,963,2988,0.1,0.2,30
50,25,false,,0.12459990895022059,0.1297142248102809,0.01362433101743385,31,5,2.0,48.0,0.5448553643354083,0.10984987184181619,0.2616,963,2988,0.1,0.2,30
60,30,true,,0.12440619942343344,0.3418079341806694,0.22119164255925536,50,51,5.0,59.0,0.8901021486438887,0.04543853469531525,0.2124,963,2988,0.1,0.2,30
20,10,false,,0.12018503714629841,0.2599055395879058,0.15033300744973274,14,17,1.0,19.0,0.6946088099934253,0.0,0.2638,964,2989,0.1,0.2,30
30,15,false,,0.11971203650613446,0.09952600754929197,-0.024971120825640902,12,4,1.0,28.0,0.42574613448399856,0.0895361380798274,0.2738,964,2989,0.1,0.2,30
40,20,false,,0.1180622146410222,0.1492700323883527,0.06685670642174955,20,36,1.0,39.0,0.5706594885598923,0.10991475998205473,0.2066,964,2989,0.1,0.2,30
50,25,false,,0.11358208781282059,0.14664215485270574,0.04318182121382612,36,44,5.0,49.0,0.6496742046761211,0.19011115369873516,0.2658,964,2989,0.1,0.2,30
60,30,true,,0.1227396697624823,0.34015664311912336,0.22346070157568199,52,54,32.0,59.0,0.8303603931561704,0.045140152894066254,0.211,964,2989,0.1,0.2,30
20,10,false,,0.11934253837381796,0.4591488440660961,0.3519995302755101,16,16,2.0,19.0,0.7513661202185792,0.0,0.2744,965,2990,0.1,0.2,30
30,15,false,,0.179435315016915,0.0909123055222837,-0.10434645581319024,7,3,1.0,28.0,0.3408123791102515,0.07079303675048355,0.2652,965,2990,0.1,0.2,30
40,20,false,,0.139043936240253,0.09009758304230772,-0.0584109028973506,9,4,1.0,30.0,0.28205128205128205,0.04856254856254856,0.259,965,2990,0.1,0.2,30
50,25,false,,0.15658294224551383,0.10773376595513164,-0.06544268490771167,7,5,1.0,47.0,0.3199679230152366,0.050922213311948676,0.256,965,2990,0.1,0.2,30
60,30,true,,0.12169230927073245,0.6310700002496753,0.49966077267700615,54,55,43.0,59.0,0.8974757281553398,0.0015533980582524273,0.2144,965,2990,0.1,0.2,30
20,10,false,,0.30896657812460454,0.05933674049904893,-0.25258063293802446,4,2,1.0,17.0,0.18784972022382093,0.0,0.217,966,2991,0.1,0.2,30
30,15,false,,0.12735139644137244,0.10716295232947755,-0.01819163014226692,9,1,1.0,28.0,0.4643150123051682,0.07875307629204266,0.247,966,2991,0.1,0.2,30
40,20,true,,0.11342172061907126,0.6338967377218436,0.5211876108949623,33,34,4.0,39.0,0.8523564064801178,0.29455081001472755,0.2886,966,2991,0.1,0.2,30
20,10,false,,0.08387157477288079,0.1126817368961151,0.029753178804802834,13,16,1.0,19.0,0.5958412098298677,0.0,0.29,967,2992,0.1,0.2,30
30,15,true,,0.09680343117149288,0.32484600050598167,0.2212189219132712,24,26,9.0,29.0,0.8388349514563107,0.26058252427184464,0.2916,967,2992,0.1,0.2,30
20,10,false,,0.11706944382165611,0.2080754124787187,0.1056248264952957,15,17,3.0,19.0,0.7080568720379147,0.0,0.3076,968,2993,0.1,0.2,30
30,15,false,,0.4190976581608824,0.07602328574163479,-0.3356024850296149,3,1,1.0,28.0,0.11061946902654868,0.03893805309734513,0.1794,968,2993,0.1,0.2,30
40,20,false,,0.09440606809169663,0.1806466452693942,0.0895654661131059,32,34,3.0,39.0,0.6931671680275032,0.4164159862483885,0.1886,968,2993,0.1,0.2,30
50,25,false,,0.20617317702248314,0.09563543161103014,-0.11601308151301686,7,4,1.0,43.0,0.24799324038867765,0.018588931136459652,0.2336,968,2993,0.1,0.2,30
60,30,false,,0.15863237155271004,0.10411718512035605,-0.05893269753247288,12,4,1.0,43.0,0.30434782608695654,0.08104685521317011,0.2526,968,2993,0.1,0.2,30
20,10,false,,0.12675142542034096,0.10654469423914384,-0.01777426931839582,8,1,1.0,19.0,0.4469615246314275,0.0,0.2314,969,2994,0.1,0.2,30
30,15,false,,0.11121050084533624,0.1125639468152603,0.008363223649069093,13,10,1.0,28.0,0.5248253034203751,0.08164766458256711,0.2802,969,2994,0.1,0.2,30
40,20,false,,0.13897783097160457,0.11897602751052327,-0.020949808941418943,7,1,1.0,38.0,0.44085603112840466,0.054474708171206226,0.2316,969,2994,0.1,0.2,30
50,25,true,,0.13662345640208343,0.3158487731723533,0.20141596560147998,42,46,4.0,49.0,0.7872053872053872,0.08114478114478114,0.2366,969,2994,0.1,0.2,30
20,10,false,,0.10223742140809905,0.10432781861390099,-0.005007056952504613,11,17,1.0,19.0,0.4781227946365561,0.0,0.2802,970,2995,0.1,0.2,30
30,15,true,,0.08850875252257764,0.1921215960609896,0.09668097905000925,21,27,2.0,29.0,0.7016306743058616,0.20890260026443366,0.2058,970,2995,0.1,0.2,30
20,10,false,,0.15205172047066226,0.23199474537828269,0.09750943951687865,14,17,1.0,19.0,0.6992412746585736,0.0,0.3108,971,2996,0.1,0.2,30
30,15,false,,0.14911833425053805,0.11703745108338923,-0.05131494486860318,10,6,1.0,28.0,0.3946445648708958,0.1106152374880459,0.2626,971,2996,0.1,0.2,30
40,20,false,,0.11659324241455002,0.26927802525003963,0.15760575167200308,34,36,6.0,39.0,0.6850094876660342,0.27514231499051234,0.2396,971,2996,0.1,0.2,30
50,25,false,,0.15271823542486296,0.1037905268291109,-0.0586976002806809,14,2,1.0,45.0,0.3056197074672825,0.1581986143187067,0.2418,971,2996,0.1,0.2,30
60,30,false,,0.13388602564602323,0.12971544740923796,-0.002775511849029702,17,6,2.0,59.0,0.48936170212765956,0.031471631205673756,0.1544,971,2996,0.1,0.2,30
20,10,false,,0.13751184295626653,0.1895852315704727,0.0631893569179684,13,16,1.0,19.0,0.5722097137343197,0.0,0.2942,972,2997,0.1,0.2,30
30,15,false,,0.13678717506259644,0.2702038863085596,0.16281985135846294,23,26,1.0,29.0,0.5968041620215533,0.23337049424005946,0.225,972,2997,0.1,0.2,30
40,20,false,,0.1519937062022667,0.10834676301863305,-0.04493888721207687,10,5,1.0,38.0,0.3463550749912801,0.05266829438437391,0.2726,972,2997,0.1,0.2,30
50,25,true,,0.1249043956657503,0.29098388684975324,0.16618219341277723,38,45,20.0,48.0,0.8797227036395148,0.18925476603119584,0.2486,972,2997,0.1,0.2,30
20,10,false,,0.11166954530744387,0.3023863320930964,0.18891445623341893,15,17,5.0,19.0,0.8331173039533376,0.0,0.2934,973,2998,0.1,0.2,30
30,15,false,,0.134532329051235,0.0949886311657005,-0.06559017560322555,15,1,1.0,28.0,0.33156095708317507,0.07292062286365363,0.2656,973,2998,0.1,0.2,30
40,20,false,,0.4961769501743328,0.1056042706807563,-0.3980189087205608,4,1,1.0,39.0,0.2518796992481203,0.04928989139515455,0.2194,973,2998,0.1,0.2,30
50,25,true,,0.12706484697462464,0.27037027851806783,0.15664325938932816,42,45,20.0,49.0,0.8328141225337488,0.08515057113187954,0.2446,973,2998,0.1,0.2,30
20,10,false,,0.1702743504778455,0.11487996031206436,-0.07994699902061778,6,1,1.0,19.0,0.3652832674571805,0.0,0.2868,974,2999,0.1,0.2,30
30,15,false,,0.1592331143074991,0.11044999674263759,-0.05753812561221416,7,2,1.0,26.0,0.3328748280605227,0.01891334250343879,0.2634,974,2999,0.1,0.2,30
40,20,true,,0.12196446614142469,0.2531078707099354,0.13846760749647483,30,36,15.0,39.0,0.7921329264157342,0.34791454730417093,0.2688,974,2999,0.1,0.2,30
20,10,false,,0.1199370905397146,0.14110558321753588,0.03080666470408957,10,3,1.0,19.0,0.5772034459907224,0.0,0.3042,975,3000,0.1,0.2,30
30,15,false,,0.09783459662490926,0.162581879518996,0.07231405645445327,21,24,2.0,29.0,0.6805772230889235,0.15210608424336974,0.2538,975,3000,0.1,0.2,30
40,20,false,,0.11472733022524774,0.13405966557592636,0.034469442580114903,14,36,2.0,39.0,0.5953661563922218,0.0877120397186595,0.2592,975,3000,0.1,0.2,30
50,25,false,,0.1421725335207498,0.09064297003547775,-0.06382904779218129,8,4,1.0,48.0,0.3163919413919414,0.01510989010989011,0.187,975,3000,0.1,0.2,30
60,30,false,,0.14904889930885223,0.09138144455082525,-0.06554987842940439,8,6,1.0,55.0,0.2618110236220472,0.027559055118110236,0.1406,975,3000,0.1,0.2,30
20,10,false,,0.10925336015278515,0.33060734626571164,0.23267355943602466,15,16,2.0,19.0,0.7434869739478958,0.0,0.3042,976,3001,0.1,0.2,30
30,15,false,,0.12679984417445747,0.11873600664068154,-0.009500207533266913,14,26,2.0,29.0,0.47147147147147145,0.10377043710377044,0.291,976,3001,0.1,0.2,30
40,20,false,,0.193727620505181,0.09407562159009612,-0.10860762903302715,6,4,1.0,22.0,0.24028834601521826,0.00881057268722467,0.2468,976,3001,0.1,0.2,30
50,25,true,,0.11431952427309186,0.2188526921626121,0.1092864465597336,40,47,4.0,49.0,0.705019305019305,0.11158301158301158,0.2566,976,3001,0.1,0.2,30
20,10,false,,0.14132263709358941,0.1669309609130535,0.0436521020729213,11,15,1.0,19.0,0.5814513700692563,0.0,0.3394,977,3002,0.1,0.2,30
30,15,true,,0.12209981490591301,0.2851156953718199,0.157966885036034,24,26,3.1499999999999915,29.0,0.7154899894625922,0.26589392342817,0.2604,977,3002,0.1,0.2,30
20,10,true,,0.08807326628655471,0.1660257172991009,0.09606478968100704,13,16,1.0,19.0,0.7494017094017094,0.0,0.3096,978,3003,0.1,0.2,30
20,10,false,,0.09647472647858421,0.14527903477550608,0.06755251393846176,13,17,1.0,19.0,0.6486988847583643,0.0,0.2832,979,3004,0.1,0.2,30
30,15,false,,0.08705103059125015,0.11229902437181653,0.03114410125918192,19,23,2.0,29.0,0.5721304153640018,0.12952210808396605,0.1794,979,3004,0.1,0.2,30
40,20,true,,0.0816367388671005,0.25725772275735875,0.18577680181207382,34,34,24.0,39.0,0.868771583621115,0.38529847064627526,0.1156,979,3004,0.1,0.2,30
20,10,false,,0.13970843377494221,0.25209420969906304,0.13197560848935405,13,17,1.0,19.0,0.6869674976333228,0.0,0.2806,980,3005,0.1,0.2,30
30,15,false,,0.19186516674065043,0.11471684247112833,-0.10165185706437647,6,2,1.0,28.0,0.28447412353923207,0.04874791318864775,0.2476,980,3005,0.1,0.2,30
40,20,false,,0.13004251177665963,0.14172622558025386,0.017945627830839223,29,35,6.0,38.0,0.5578209620898376,0.34724434533290854,0.246,980,3005,0.1,0.2,30
50,25,true,,0.1376896711990736,0.33021434991034276,0.19761811612422053,44,47,32.0,49.0,0.8189180434078394,0.019112406867508907,0.2356,980,3005,0.1,0.2,30
20,10,false,,0.1369141221665493,0.188525872800885,0.0716338817480345,13,16,1.0,19.0,0.6121292902365878,0.0,0.2846,981,3006,0.1,0.2,30
30,15,false,,0.1283866064832571,0.15327662337525505,0.045657517358281954,20,25,2.0,29.0,0.5892917655032193,0.16943409013893596,0.2698,981,3006,0.1,0.2,30
40,20,false,,0.12056513263450633,0.4589757001926963,0.3421948142890585,35,36,21.0,39.0,0.8652792990142387,0.22709017889740782,0.2536,981,3006,0.1,0.2,30
50,25,false,,0.13841398563697643,0.19259327993903808,0.07630353652409297,37,45,2.0,48.0,0.6727732154137713,0.0540113708149084,0.2462,981,3006,0.1,0.2,30
60,30,true,,0.13788167569755325,0.23436625151887788,0.1289544246366945,38,40,2.0,58.0,0.8716814159292036,0.08754740834386852,0.1988,981,3006,0.1,0.2,30
20,10,false,,0.11500383381038594,0.25979787144711586,0.1673384926304187,15,16,1.0,19.0,0.7293956043956044,0.0,0.292,982,3007,0.1,0.2,30
30,15,false,,0.1304023664682571,0.11309746613866936,-0.03198564912933201,13,3,1.0,28.0,0.408738548273432,0.11169837914023961,0.2684,982,3007,0.1,0.2,30
40,20,false,,0.3658907821515545,0.10851396169049378,-0.25141037250634785,3,1,1.0,35.0,0.1932739059967585,0.020664505672609402,0.214,982,3007,0.1,0.2,30
50,25,false,,0.5943207351803216,0.12048476871417203,-0.4702482254677146,3,1,1.0,36.0,0.2383676582761251,0.12700228832951946,0.1888,982,3007,0.1,0.2,30
60,30,false,,0.6494888829575933,0.13801892102281174,-0.5219714147415365,3,1,1.0,16.0,0.21904372701266858,0.0,0.1306,982,3007,0.1,0.2,30
20,10,false,,0.08757551599643446,0.49032257697004555,0.4093362454876471,15,16,4.0,19.0,0.8921462178791169,0.0,0.29,983,3008,0.1,0.2,30
30,15,false,,0.2065279566206134,0.10547227435655016,-0.10899222914060022,4,1,1.0,27.0,0.35609756097560974,0.03048780487804878,0.2282,983,3008,0.1,0.2,30
40,20,true,,0.12245825068817416,0.4108548470098573,0.30456584160805816,32,36,2.0,39.0,0.7836450311697837,0.24092409240924093,0.262,983,3008,0.1,0.2,30
20,10,false,,0.10828785079902876,0.13650310808187033,0.03052212844608697,11,16,1.0,19.0,0.5706754530477759,0.0,0.3024,984,3009,0.1,0.2,30
30,15,false,,0.1274933057013105,0.1301183049070627,0.011831647478483365,14,1,1.0,28.0,0.5302440749911567,0.06933144676335337,0.2636,984,3009,0.1,0.2,30
40,20,true,,0.12505322554445047,0.26763566159951213,0.16350019633270357,30,35,2.0,39.0,0.8075880758807588,0.2130758807588076,0.2548,984,3009,0.1,0.2,30
20,10,false,,0.11996801183762829,0.32499377090912945,0.21142385359700505,15,16,2.0,19.0,0.7426900584795322,0.0,0.3102,985,3010,0.1,0.2,30
30,15,false,,0.14807418062476393,0.10818586796904672,-0.056328267898271875,10,2,1.0,29.0,0.3981042654028436,0.11046299671892089,0.2598,985,3010,0.1,0.2,30
40,20,true,,0.11726867212812614,0.2260383952208329,0.12035784810949482,29,35,7.0,39.0,0.7271746944644141,0.2609633357296909,0.2674,985,3010,0.1,0.2,30
20,10,true,,0.10421461499970877,0.21131521493439218,0.11700013199939606,13,16,1.0,19.0,0.723706459249239,0.0,0.302,986,3011,0.1,0.2,30
20,10,false,,0.16233832919353577,0.4077715175289292,0.2692335395493259,15,18,1.0,19.0,0.7494539781591264,0.0,0.3094,987,3012,0.1,0.2,30
30,15,false,,0.21392645900161544,0.10460796500121915,-0.13408692692182336,8,1,1.0,28.0,0.2790045566070803,0.06309148264984227,0.2514,987,3012,0.1,0.2,30
40,20,false,,0.15880416932440977,0.11263854361646934,-0.06086703949762143,12,3,1.0,37.0,0.32122905027932963,0.1560754189944134,0.2466,987,3012,0.1,0.2,30
50,25,false,,0.13497140638945712,0.18094602764873555,0.057140494945139564,40,44,2.0,48.0,0.6350508697079095,0.03150639973744667,0.2332,987,3012,0.1,0.2,30
60,30,false,,0.14589011926020432,0.15083047222223125,0.006519771961043169,13,3,2.0,30.0,0.5291803278688525,0.1219672131147541,0.0988,987,3012,0.1,0.2,30
20,10,false,,0.12836692919955636,0.18672328849107162,0.07565206730471047,12,16,1.0,19.0,0.6996978851963747,0.0,0.3124,988,3013,0.1,0.2,30
30,15,false,,0.12140617784915989,0.18375779623309899,0.08421208460645825,22,27,2.0,29.0,0.6659656501927795,0.2400981423063442,0.2686,988,3013,0.1,0.2,30
40,20,false,,0.11443605551000867,0.12030659608698763,0.019365857722086724,28,36,3.3499999999999943,39.0,0.5440776699029126,0.18757281553398059,0.2258,988,3013,0.1,0.2,30
50,25,true,,0.11868649504120535,0.39783103807196973,0.28461123429782176,42,45,4.0,49.0,0.8039513677811551,0.03305471124620061,0.2566,988,3013,0.1,0.2,30
20,10,false,,0.04278509102634283,0.6116801469743325,0.5557488981363082,16,17,5.0,19.0,0.9320083682008368,0.0,0.1326,989,3014,0.1,0.2,30
30,15,false,,0.07639970006478265,0.06507245688419952,-0.015132552876898322,12,3,1.0,29.0,0.4205158968206359,0.14817036592681462,0.0726,989,3014,0.1,0.2,30
40,20,false,,0.04950615073295543,0.5515567244998361,0.5283422717856064,36,36,32.0,39.0,1.0,0.1568144499178982,0.0412,989,3014,0.1,0.2,30
50,25,true,,0.012034821758228733,0.06039256778138519,0.048357746023156456,16,16,16.0,16.0,1.0,0.0,0.0042,989,3014,0.1,0.2,30
20,10,true,,0.10341674686634647,0.32071825118005104,0.22500646886995201,14,16,2.0,19.0,0.7998027613412229,0.0,0.311,990,3015,0.1,0.2,30
20,10,false,,0.09110308159957364,0.2846230733269093,0.19140052468935542,15,16,1.0,19.0,0.6996376811594203,0.0,0.2592,991,3016,0.1,0.2,30
30,15,true,,0.07989966786902002,0.25117471003831066,0.177127070102669,23,26,2.0,29.0,0.7745721271393643,0.23618581907090463,0.173,991,3016,0.1,0.2,30
20,10,true,,0.06876624685401775,0.3113423331893667,0.2352988788749925,14,17,2.0,19.0,0.8240813135261923,0.0,0.2892,992,3017,0.1,0.2,30
20,10,false,,0.17197481814568497,0.12056889545260882,-0.057063970869631164,8,2,1.0,19.0,0.3966134809508303,0.0,0.2602,993,3018,0.1,0.2,30
30,15,false,,0.1343928098370698,0.13943328955865644,0.010368023197622214,19,26,1.0,29.0,0.5271757252417473,0.14204734911637212,0.2696,993,3018,0.1,0.2,30
40,20,false,,0.1333392578972814,0.17035599658050465,0.047761295956002814,26,36,2.0,39.0,0.6434577867473932,0.22737975109317188,0.2522,993,3018,0.1,0.2,30
50,25,true,,0.13476827706616482,0.18422910938234538,0.06831918953110365,36,46,4.0,49.0,0.7413965920481123,0.14199799532241897,0.237,993,3018,0.1,0.2,30
20,10,false,,0.08449083344897594,0.5518355956136514,0.4643161484179701,15,15,3.0,19.0,0.9135488557936796,0.0,0.2722,994,3019,0.1,0.2,30
30,15,true,,0.12087156481834746,0.45496360952273673,0.34785422902881846,24,26,5.0,29.0,0.8549806406195002,0.2646955297430482,0.2816,994,3019,0.1,0.2,30
20,10,false,,0.15566943655904908,0.09136184199873955,-0.07389481996018699,8,2,1.0,19.0,0.29645027182603134,0.0,0.2924,995,3020,0.1,0.2,30
30,15,false,,0.11122029066355825,0.09592506098779134,-0.0126648087417491,19,26,3.0,29.0,0.45871559633027525,0.17737003058103976,0.23,995,3020,0.1,0.2,30
40,20,false,,0.09199874691965937,0.09903694025092383,0.01429523426750448,30,36,4.0,39.0,0.5551041137633317,0.22651091924834943,0.1248,995,3020,0.1,0.2,30
50,25,false,,0.24633186467761503,0.06491772699506464,-0.16506092294658667,5,4,1.0,21.0,0.08614668218859138,0.0,0.066,995,3020,0.1,0.2,30
60,30,false,,0.08602318759713465,0.6247574889045079,0.5309716367667454,56,56,50.0,59.0,0.928529238038984,0.0,0.0536,995,3020,0.1,0.2,30
20,10,false,,0.08796699933337027,0.37744172406070203,0.281662236097911,15,16,3.0,19.0,0.8107913669064748,0.0,0.2648,996,3021,0.1,0.2,30
30,15,true,,0.10555950231761879,0.32638172376953933,0.23614067047183368,24,26,5.0,29.0,0.7966349670811997,0.25091441111923923,0.2788,996,3021,0.1,0.2,30
20,10,false,,0.14255156393364313,0.4545635467384941,0.3215076848871776,15,16,2.0,19.0,0.7246014379493592,0.0,0.309,997,3022,0.1,0.2,30
30,15,false,,0.1453251149125546,0.15421281914813564,-0.00023583930917217555,17,25,1.0,29.0,0.49888214627914407,0.14180772916001277,0.2542,997,3022,0.1,0.2,30
40,20,false,,0.13193056799876485,0.5609481324381901,0.42632897282633453,35,36,24.0,39.0,0.9081174438687392,0.29050086355785837,0.2458,997,3022,0.1,0.2,30
50,25,false,,0.1444245315883725,0.212316014359186,0.09580406205319,35,46,2.0,48.0,0.6906991260923845,0.132334581772784,0.2342,997,3022,0.1,0.2,30
60,30,true,,0.1484679214564611,0.18913610597566155,0.06948011578289849,32,3,1.0,58.0,0.7522068095838588,0.08984867591424968,0.2054,997,3022,0.1,0.2,30
20,10,false,,0.09027547359314024,0.3377000719995047,0.2675682916429338,13,1,1.0,19.0,0.6599829351535836,0.0,0.2264,998,3023,0.1,0.2,30
30,15,true,,0.10233147773668397,0.24071981514229301,0.16188089211754286,22,26,3.0,29.0,0.746031746031746,0.2174234034699151,0.303,998,3023,0.1,0.2,30
20,10,false,,0.650101255098074,0.10479834226514022,-0.5527806007713476,2,2,1.0,15.0,0.13481914504932407,0.0,0.2216,999,3024,0.1,0.2,30
30,15,false,,0.5464056504774875,0.08218597577489335,-0.46612583562955856,4,2,1.0,28.0,0.21331689272503082,0.09001233045622688,0.1982,999,3024,0.1,0.2,30
40,20,false,,0.09904953394886132,0.20537830355050685,0.1125938107787882,33,36,11.325000000000003,39.0,0.6671183378500452,0.1996386630532972,0.1734,999,3024,0.1,0.2,30
50,25,false,,0.24307145942320707,0.09275310579425239,-0.15553532526242417,8,3,1.0,25.0,0.1674641148325359,0.0035885167464114833,0.2528,999,3024,0.1,0.2,30
60,30,false,,0.11698689637333316,0.12661239247605424,0.010421534520074743,43,43,30.0,56.27500000000009,0.5517985611510792,0.06618705035971223,0.117,999,3024,0.1,0.2,30
20,10,false,,0.1415994026803453,0.1713721468893042,0.0538620132652531,13,16,1.0,19.0,0.5622884224779959,0.0,0.2712,1000,3025,0.1,0.2,30
30,15,false,,0.17380063017588634,0.13883209087722057,-0.03895364382333924,7,1,1.0,29.0,0.47633136094674555,0.1390532544378698,0.228,1000,3025,0.1,0.2,30
40,20,false,,0.1280483823066242,0.13784602510749427,0.02285934885486647,16,5,2.0,38.0,0.5754170922710249,0.15798433775961865,0.2774,1000,3025,0.1,0.2,30
50,25,false,,0.1382546399726893,0.15680035224982108,0.03590615207862158,25,4,1.0,48.0,0.6172185430463576,0.08443708609271523,0.2372,1000,3025,0.1,0.2,30
60,30,true,,0.14508200961855627,0.35470438094236767,0.21009356671513796,48,48,31.0,58.0,0.9615384615384616,0.041792852816474865,0.203,1000,3025,0.1,0.2,30
