analysis_day,n_observations,detected,elapsed_seconds,theta1_median,theta2_median,theta_diff_median,tau_median,tau_map,tau_q025,tau_q975,p_positive_effect,p_tau_near_truth,accepted_rate,rep,seed,true_theta1,true_theta2,true_t_star
20,10,false,,0.0937279541323323,0.4594282522305571,0.3563146696165652,15,17,4.0,19.0,0.8786086956521739,0.0,0.2994,1,2026,0.1,0.15,30
30,15,false,,0.18558200700231603,0.10650851456658882,-0.09112860415716756,7,3,1.0,29.0,0.3777077589602206,0.10476565576998818,0.2786,1,2026,0.1,0.15,30
40,20,false,,0.11381415312076562,0.24286441669297051,0.13850814069166356,30,34,2.0,39.0,0.6951830443159923,0.2786127167630058,0.2672,1,2026,0.1,0.15,30
50,25,true,,0.11746693531582642,0.24484743272432274,0.12320530875114155,43,46,30.974999999999994,49.0,0.7328125,0.060546875,0.2504,1,2026,0.1,0.15,30
20,10,false,,0.119375693390931,0.3689037436352459,0.2617040859880767,15,16,3.0,19.0,0.6853237878294826,0.0,0.293,2,2027,0.1,0.15,30
30,15,false,,0.15380383295040165,0.09107563912521034,-0.08093142014286364,8,3,1.0,27.0,0.35035349567949725,0.025530243519245877,0.2728,2,2027,0.1,0.15,30
40,20,false,,0.7373786262581709,0.07615618951487758,-0.6611480866226186,2,1,1.0,6.0,0.0,0.0,0.104,2,2027,0.1,0.15,30
50,25,false,,0.2561702455088643,0.08667069228108783,-0.17932062112277924,5,3,1.0,44.0,0.2143928035982009,0.022988505747126436,0.121,2,2027,0.1,0.15,30
60,30,true,,0.09942336248267504,0.39406844425374227,0.2871608692839709,53,55,37.0,59.0,0.8892128279883382,0.0,0.1492,2,2027,0.1,0.15,30
20,10,false,,0.12853325168897226,0.18257392979660442,0.07418824407184624,13,17,1.0,19.0,0.5872450631272257,0.0,0.2958,3,2028,0.1,0.15,30
30,15,false,,0.1159573901107485,0.10345077238046783,-0.01654831722626912,18,1,1.0,29.0,0.444945509207065,0.10935738444193913,0.2568,3,2028,0.1,0.15,30
40,20,false,,0.2031363254182963,0.09639203537988732,-0.12142330322183525,6,4,1.0,35.0,0.2170481452249408,0.026835043409629045,0.2528,3,2028,0.1,0.15,30
50,25,false,,0.11854466995771062,0.15040319670563884,0.043869591344657524,36,42,3.0,48.0,0.6221128360469519,0.12078758046194624,0.2666,3,2028,0.1,0.15,30
60,30,true,,0.12255614925845554,0.5910728746768628,0.47410454327116025,54,55,39.0,59.0,0.959765625,0.00546875,0.2182,3,2028,0.1,0.15,30
20,10,false,,0.12045749391107882,0.3262155418536381,0.2082191431022331,15,16,2.0,19.0,0.7844936708860759,0.0,0.2988,4,2029,0.1,0.15,30
30,15,false,,0.11911153010234739,0.1229809224529186,0.009906616445650052,19,25,1.9249999999999972,29.0,0.523989033584647,0.11891706648389308,0.2452,4,2029,0.1,0.15,30
40,20,false,,0.1651519380824824,0.10976928793449452,-0.06330640232521849,7,3,1.0,27.0,0.289395070948469,0.02315160567587752,0.2434,4,2029,0.1,0.15,30
50,25,false,,0.14659787666527477,0.11748436242933447,-0.04687143159980901,24,1,1.0,46.0,0.3605644262903825,0.15410323059784628,0.2244,4,2029,0.1,0.15,30
60,30,false,,0.1417502870442261,0.12248721513160162,-0.020628776904142013,8,5,1.0,31.0,0.4362449799196787,0.04417670682730924,0.1274,4,2029,0.1,0.15,30
20,10,false,,0.24138680321333336,0.07539338961672327,-0.1702714841077575,4,1,1.0,18.0,0.3154281098546042,0.0,0.2064,5,2030,0.1,0.15,30
30,15,false,,0.09336506245313721,0.1071262968121911,0.01881667676651371,14,24,2.0,28.0,0.5506329113924051,0.08544303797468354,0.2462,5,2030,0.1,0.15,30
40,20,false,,0.09324354612388559,0.1503114049908805,0.06069479810775959,27,36,7.0,38.0,0.676326348640214,0.26972804279982165,0.1862,5,2030,0.1,0.15,30
50,25,false,,0.12154713578998372,0.09357381984545578,-0.032639382793894944,15,4,1.0,48.125,0.4164926931106472,0.03288100208768267,0.1218,5,2030,0.1,0.15,30
60,30,false,,0.13834973291319166,0.08591694208396018,-0.05604229724363455,8,4,1.0,28.0,0.25996631106120155,0.04604154969118473,0.0902,5,2030,0.1,0.15,30
20,10,false,,0.11997929615786475,0.3906819475960015,0.2788144098518812,15,16,2.0,19.0,0.8677606177606177,0.0,0.3036,6,2031,0.1,0.15,30
30,15,false,,0.16580736324057227,0.09265111907355006,-0.09522687871057393,6,2,1.0,28.0,0.273038842345773,0.07501904036557502,0.2172,6,2031,0.1,0.15,30
40,20,false,,0.11065250621098503,0.1773156986537321,0.05825496242485924,34,37,10.0,39.0,0.6459813084112149,0.3491588785046729,0.2526,6,2031,0.1,0.15,30
50,25,false,,0.13028847449820632,0.09381582537399899,-0.03975658296621268,21,6,2.0,47.0,0.3527885862516213,0.15607436230004323,0.214,6,2031,0.1,0.15,30
60,30,false,,0.12675358764681607,0.11720200441381,-0.007292229542552278,24,7,2.0,56.0,0.4541701073492981,0.11436829066886871,0.2544,6,2031,0.1,0.15,30
20,10,false,,0.1911539971927051,0.07859243154425621,-0.12890212056119923,6,1,1.0,18.0,0.24226441631504922,0.0,0.257,7,2032,0.1,0.15,30
30,15,false,,0.09320584235403798,0.1684525775267032,0.07775625190664842,22,26,5.0,29.0,0.649129746835443,0.1594145569620253,0.228,7,2032,0.1,0.15,30
40,20,false,,0.11400089051966937,0.12984987423072847,0.02908980030090714,20,11,2.0,39.0,0.5714853057982526,0.15369340746624305,0.286,7,2032,0.1,0.15,30
50,25,true,,0.1171995459949991,0.3496311152324525,0.23623358010590825,44,45,11.0,49.0,0.8102272727272727,0.08143939393939394,0.2768,7,2032,0.1,0.15,30
20,10,false,,0.1052828643760572,0.6586777422126735,0.553524640267832,16,16,2.0,19.0,0.8804272915230875,0.0,0.2856,8,2033,0.1,0.15,30
30,15,true,,0.1105294697832629,0.26108611326312675,0.16087359068805546,22,26,6.0,29.0,0.782394366197183,0.20387323943661972,0.2956,8,2033,0.1,0.15,30
20,10,false,,0.13756085887517386,0.14844261087858074,0.02316433411804092,10,1,1.0,19.0,0.536479250334672,0.0,0.2548,9,2034,0.1,0.15,30
30,15,false,,0.12388471343656866,0.10469172164114236,-0.02500705924003291,16,10,2.0,28.0,0.4326571333555038,0.08912537412703692,0.266,9,2034,0.1,0.15,30
40,20,false,,0.1760986628684134,0.09626293317576945,-0.09167113200205648,8,1,1.0,23.0,0.21083627797408716,0.008244994110718492,0.2338,9,2034,0.1,0.15,30
50,25,true,,0.11637720469793124,0.3452799616616866,0.23681939739820645,41,43,6.0,49.0,0.7739699653446284,0.08317289179822873,0.2668,9,2034,0.1,0.15,30
20,10,false,,0.11404767478254502,0.16729066533920306,0.07019261027408467,13,17,2.0,19.0,0.6245402875292544,0.0,0.298,10,2035,0.1,0.15,30
30,15,false,,0.11038149021291932,0.39003310555657955,0.3057878721072367,22,28,1.0,29.0,0.6051738761662426,0.273960983884648,0.2192,10,2035,0.1,0.15,30
40,20,true,,0.09138544556400406,0.34531789817562086,0.2618910992610354,33,37,8.0,39.0,0.8113828786453434,0.2925682031984948,0.1752,10,2035,0.1,0.15,30
20,10,false,,0.684430940087332,0.08956945489851002,-0.5859701952637738,2,1,1.0,17.0,0.15250888976689056,0.0,0.2066,11,2036,0.1,0.15,30
30,15,false,,0.1233179278324813,0.5513795845805,0.43459146940731536,23,26,1.0,29.0,0.663515406162465,0.23144257703081234,0.2506,11,2036,0.1,0.15,30
40,20,false,,0.14810819436960004,0.11975680762077569,-0.06789456006272729,22,2,1.0,38.0,0.3382768361581921,0.23940677966101695,0.2254,11,2036,0.1,0.15,30
50,25,false,,0.1331286988927679,0.1633603615089708,0.030358853932325763,37,46,13.0,49.0,0.653997378768021,0.2408256880733945,0.237,11,2036,0.1,0.15,30
60,30,true,,0.13676481168367224,0.28828859850910427,0.1556660141339192,53,54,37.0,59.0,0.8083933870284019,0.008054260279779568,0.1354,11,2036,0.1,0.15,30
20,10,false,,0.22551068210236686,0.09695845656120207,-0.14347236467653762,4,1,1.0,17.0,0.2676512968299712,0.0,0.2662,12,2037,0.1,0.15,30
30,15,false,,0.1285257009064133,0.09882521470173189,-0.02596595051055417,14,4,1.0,29.0,0.4283081459638776,0.10468116476225581,0.2866,12,2037,0.1,0.15,30
40,20,false,,0.1293799477336338,0.1267805855332937,-0.0034978224389167617,31,34,1.0,39.0,0.4980407523510972,0.19592476489028213,0.2558,12,2037,0.1,0.15,30
50,25,false,,0.15738538514096412,0.12662833495861128,-0.036804687231977704,11,1,1.0,47.82499999999982,0.43903374233128833,0.037576687116564415,0.233,12,2037,0.1,0.15,30
60,30,false,,0.14092455991618535,0.12979968487142152,-0.012571975946635908,10,3,1.0,35.0,0.44845748683220465,0.029721595184349133,0.2242,12,2037,0.1,0.15,30
20,10,false,,0.0777336811105392,0.11457936313204482,0.04739008611258218,12,16,1.0,19.0,0.6125389408099688,0.0,0.278,13,2038,0.1,0.15,30
30,15,false,,0.09515935542963386,0.15024958662840857,0.054400263909073265,18,27,2.0,29.0,0.6887596899224806,0.1372093023255814,0.2896,13,2038,0.1,0.15,30
40,20,false,,0.17961495291774865,0.10363333322328915,-0.08164964665626459,6,4,1.0,34.0,0.3437001594896332,0.05980861244019139,0.2638,13,2038,0.1,0.15,30
50,25,false,,0.12133510285856146,0.22788744010599837,0.11709914204550557,36,46,2.0,49.0,0.6900698215671063,0.13382467028704423,0.2628,13,2038,0.1,0.15,30
60,30,false,,0.1245001274025953,0.18576457301446564,0.06893701046063339,46,51,1.0,58.0,0.6174628034455756,0.03837118245888802,0.243,13,2038,0.1,0.15,30
20,10,false,,0.10930876929478033,0.5923767921479843,0.48901184832880906,16,16,3.0,19.0,0.7767701430066272,0.0,0.2744,14,2039,0.1,0.15,30
30,15,false,,0.11642402639245814,0.1402701163721871,0.037690807089564404,22,27,1.0,29.0,0.5784023668639053,0.22781065088757396,0.258,14,2039,0.1,0.15,30
40,20,false,,0.1331949782060388,0.11464112648600144,-0.02473442928739622,6,4,1.0,26.0,0.41180981595092025,0.010352760736196318,0.2502,14,2039,0.1,0.15,30
50,25,false,,0.16716752809771596,0.10235685068588694,-0.07337492678446274,10,1,1.0,38.0,0.25728354534263437,0.055806319244973326,0.2044,14,2039,0.1,0.15,30
60,30,false,,0.11986549246393666,0.15788228840793672,0.056370648269129506,46,55,3.0,59.0,0.64379214597382,0.06029353431178104,0.2,14,2039,0.1,0.15,30
20,10,false,,0.11951266642054939,0.14437381982273004,0.02611832087095038,11,16,1.0,18.0,0.5715172199813838,0.0,0.3098,15,2040,0.1,0.15,30
30,15,false,,0.1236482022643627,0.17161193940511107,0.07111348523269909,22,26,2.0,29.0,0.6872727272727273,0.19636363636363635,0.2866,15,2040,0.1,0.15,30
40,20,true,,0.12474402373835397,0.22084290299307666,0.1075697395031727,31,35,12.0,39.0,0.7168965517241379,0.32482758620689656,0.2522,15,2040,0.1,0.15,30
20,10,false,,0.12056894184735237,0.12309579226765772,-0.00020446057983201926,11,16,2.0,19.0,0.4992071043450682,0.0,0.3058,16,2041,0.1,0.15,30
30,15,false,,0.11336675512476908,0.10524987989400017,-0.011381680443082798,16,25,2.0,28.0,0.4539964476021314,0.0763765541740675,0.287,16,2041,0.1,0.15,30
40,20,false,,0.13889623578036003,0.11608462745054117,-0.028731641911989653,11,1,1.0,39.0,0.42482380579483164,0.1307752545027408,0.2416,16,2041,0.1,0.15,30
50,25,false,,0.11745387405612798,0.17398348327739727,0.07424360582967704,41,47,3.0,49.0,0.6414296694850116,0.04650269023827825,0.246,16,2041,0.1,0.15,30
60,30,false,,0.17387410433279277,0.1021289797240908,-0.08199944767392779,11,4,1.0,42.0,0.26918185671894873,0.06104281475201356,0.196,16,2041,0.1,0.15,30
20,10,false,,0.14838180546305055,0.19731678925201182,0.07028198085739115,14,16,2.0,19.0,0.6203703703703703,0.0,0.3042,17,2042,0.1,0.15,30
30,15,false,,0.16437685674109337,0.1452762319797624,-0.032883346800359314,19,1,1.0,29.0,0.47178251892635925,0.17894012388162422,0.2286,17,2042,0.1,0.15,30
40,20,false,,0.15457958799309493,0.13638386140433825,-0.013346206436495645,9,5,1.0,39.0,0.4752785515320334,0.04456824512534819,0.2254,17,2042,0.1,0.15,30
50,25,true,,0.13096631838797984,0.21848165643190462,0.09062983172528291,44,45,28.0,49.0,0.7309417040358744,0.11383235598482236,0.2228,17,2042,0.1,0.15,30
20,10,false,,0.28623233621384625,0.10365237019557744,-0.18621059610903531,5,4,1.0,16.0,0.15898825654923215,0.0,0.3102,18,2043,0.1,0.15,30
30,15,false,,0.14177564969015097,0.6903229627564071,0.5466207960592786,25,27,2.0,29.0,0.7186865267433988,0.3192281651997292,0.252,18,2043,0.1,0.15,30
40,20,false,,0.17627603925231394,0.10865301346178881,-0.09072314832269893,11,5,1.0,36.0,0.19326128417037508,0.1449459631277813,0.2422,18,2043,0.1,0.15,30
50,25,false,,0.16141710816516974,0.12077840422623384,-0.054503465600727205,10,3,1.0,48.0,0.29405702507729303,0.03366540707660598,0.2114,18,2043,0.1,0.15,30
60,30,false,,0.13113103052281394,0.5666184934108773,0.434123131684117,55,56,5.0,59.0,0.829873980726464,0.01111934766493699,0.1702,18,2043,0.1,0.15,30
20,10,false,,0.1333107704095188,0.16970070453294595,0.05729953010567505,13,16,2.0,19.0,0.6044542032622334,0.0,0.2942,19,2044,0.1,0.15,30
30,15,true,,0.11173919325912744,0.2114491567112751,0.10406542180465157,23,26,2.700000000000003,29.0,0.7532697066101096,0.20926122304701308,0.2838,19,2044,0.1,0.15,30
20,10,false,,0.0953791825083338,0.06899375605421822,-0.03781429927469686,7,1,1.0,19.0,0.38934250107434465,0.0,0.2252,20,2045,0.1,0.15,30
30,15,false,,0.09081736873677801,0.13742529013509128,0.05616177289829161,13,5,1.0,29.0,0.6738197424892703,0.09570815450643777,0.2466,20,2045,0.1,0.15,30
40,20,false,,0.1664497666831577,0.07232234000247394,-0.09431854307537843,6,1,1.0,29.0,0.2204684317718941,0.034623217922606926,0.1572,20,2045,0.1,0.15,30
50,25,false,,0.09630747740219127,0.19579284590963222,0.09784775135280338,44,45,31.0,49.0,0.6961797752808989,0.03910112359550562,0.153,20,2045,0.1,0.15,30
60,30,true,,0.09875371183663338,0.3061087279314806,0.21185840373696568,46,57,18.0,58.0,0.8005794302269436,0.0816030902945437,0.1226,20,2045,0.1,0.15,30
20,10,false,,0.11354872042109562,0.1375740930607017,0.036229007741745034,10,2,1.0,18.0,0.5646123260437376,0.0,0.3044,21,2046,0.1,0.15,30
30,15,true,,0.10052490115230117,0.28789576641477216,0.1938812300733243,24,26,9.0,29.0,0.7915335463258786,0.28873801916932906,0.2564,21,2046,0.1,0.15,30
20,10,false,,0.10023644330919024,0.11534589172402421,0.01748073212687505,9,10,1.0,19.0,0.5497275204359673,0.0,0.295,22,2047,0.1,0.15,30
30,15,false,,0.1097378170368395,0.12176769689206386,0.024603965786590326,12,26,1.0,29.0,0.5634057971014492,0.10833333333333334,0.2876,22,2047,0.1,0.15,30
40,20,false,,0.2379880582513084,0.10620878500548368,-0.1377774381407534,5,1,1.0,37.0,0.31365313653136534,0.08692086920869209,0.2462,22,2047,0.1,0.15,30
50,25,false,,0.1148305364395375,0.1935571929051737,0.08753630901071477,39,44,5.0,49.0,0.6955030487804879,0.07164634146341463,0.2684,22,2047,0.1,0.15,30
60,30,false,,0.15847868544456944,0.11007788718354825,-0.05303154924286141,8,3,1.0,30.0,0.3195192706174886,0.07501036054703689,0.2272,22,2047,0.1,0.15,30
20,10,false,,0.0982201427922834,0.3187407891416424,0.23392850810445426,15,16,1.0,19.0,0.6862745098039216,0.0,0.2716,23,2048,0.1,0.15,30
30,15,false,,0.12797814485460945,0.09798601505651582,-0.03237377519403967,8,2,1.0,27.0,0.3965107057890563,0.029341792228390166,0.282,23,2048,0.1,0.15,30
40,20,false,,0.11977927237170127,0.1180363636571649,0.0024215334631305374,16,35,2.0,38.0,0.5072852760736196,0.13918711656441718,0.2738,23,2048,0.1,0.15,30
50,25,false,,0.4338481084362875,0.10321939921568159,-0.3340556990670529,3,3,1.0,23.0,0.13642000826787928,0.011161637040099214,0.2036,23,2048,0.1,0.15,30
60,30,false,,0.2553305017157139,0.12067365082429592,-0.14099311296545491,4,1,1.0,35.0,0.29991915925626517,0.016976556184316895,0.1684,23,2048,0.1,0.15,30
20,10,false,,0.08337213292873852,0.1359630527930046,0.06050279794276604,11,17,2.0,19.0,0.6411305317962067,0.0,0.2706,24,2049,0.1,0.15,30
30,15,true,,0.0878640143955507,0.4649626309486687,0.3640681777879031,24,27,3.0,29.0,0.8539130434782609,0.30826086956521737,0.2232,24,2049,0.1,0.15,30
20,10,false,,0.10882587916980421,0.5533133683164003,0.4499270936881785,15,16,6.0,19.0,0.9061882817643186,0.0,0.287,25,2050,0.1,0.15,30
30,15,false,,0.14177951433058897,0.1305836111005947,-0.0049260844106378265,15,27,1.0,29.0,0.48250583138953684,0.13128957014328557,0.2846,25,2050,0.1,0.15,30
40,20,false,,0.12364825130953119,0.13822009409299446,0.03193480488355649,28,37,2.0,39.0,0.5968819599109132,0.21566443949517447,0.2602,25,2050,0.1,0.15,30
50,25,false,,0.1286893058680161,0.11573941271099185,-0.021065723019559293,16,6,1.0,43.0,0.41120468692786527,0.1332845111680703,0.2636,25,2050,0.1,0.15,30
60,30,false,,0.2838565728621988,0.1175747345878658,-0.1750486707330668,4,4,1.0,8.0,0.0,0.0,0.0054,25,2050,0.1,0.15,30
20,10,false,,0.12722455280023331,0.0846397281807655,-0.046964297608881586,10,1,1.0,19.0,0.40287226001511717,0.0,0.247,26,2051,0.1,0.15,30
30,15,false,,0.10538729795203705,0.07682804178300554,-0.036234858381932064,11,5,1.0,29.0,0.406280193236715,0.08309178743961353,0.151,26,2051,0.1,0.15,30
40,20,true,,0.07237284382315536,0.319998663446093,0.24476040323935994,34,35,25.0,39.0,0.8545849158979925,0.3922951709169832,0.0874,26,2051,0.1,0.15,30
20,10,false,,0.1667557434930902,0.15494849899839958,-0.013776105006644945,10,3,1.0,19.0,0.47639097744360903,0.0,0.2878,27,2052,0.1,0.15,30
30,15,false,,0.13241419907363694,0.4847529144004217,0.3545484307045649,25,27,1.0,29.0,0.7638981915606162,0.2729403884795713,0.2494,27,2052,0.1,0.15,30
40,20,false,,0.13992939579235403,0.12306553297933091,-0.024855479238284905,16,4,2.0,37.0,0.41208614593378334,0.09868209578913532,0.2748,27,2052,0.1,0.15,30
50,25,true,,0.13549839605143107,0.18871954125835755,0.05848610311195765,42,46,19.0,49.0,0.7038709677419355,0.15516129032258064,0.238,27,2052,0.1,0.15,30
20,10,false,,0.2970960329217187,0.08261708075243865,-0.23260191683223214,3,1,1.0,18.0,0.2663316582914573,0.0,0.2346,28,2053,0.1,0.15,30
30,15,false,,0.11239629616407651,0.09378674155023976,-0.01701125888018898,9,1,1.0,28.0,0.44864176570458403,0.07173174872665534,0.2348,28,2053,0.1,0.15,30
40,20,false,,0.08755277866203279,0.6886618969960334,0.5916235711902142,36,38,23.0,39.0,0.96142578125,0.23876953125,0.1564,28,2053,0.1,0.15,30
50,25,false,,0.09056043134494898,0.6466239074763441,0.5422606579112863,45,45,34.0,49.0,0.9664570230607966,0.016771488469601678,0.1178,28,2053,0.1,0.15,30
60,30,false,,0.12513064491323356,0.08151793898054065,-0.026477234271637257,13,37,1.0,40.0,0.39603960396039606,0.12574257425742574,0.043,28,2053,0.1,0.15,30
20,10,false,,0.1307988980095074,0.2278947872518699,0.11964125853939642,15,17,2.0,19.0,0.6937139191789609,0.0,0.3014,29,2054,0.1,0.15,30
30,15,false,,0.11025331997744778,0.16433857837482146,0.0709059697679437,23,26,1.0,29.0,0.6294359357489727,0.24280911468061261,0.247,29,2054,0.1,0.15,30
40,20,false,,0.11670382574281374,0.18566716324588867,0.08834017135104863,27,36,3.0,39.0,0.6841721371261853,0.20714806710430342,0.2734,29,2054,0.1,0.15,30
50,25,false,,0.15730635889092465,0.10600691608798578,-0.06353851131445731,13,1,1.0,42.0,0.28732503888024885,0.1321928460342146,0.2508,29,2054,0.1,0.15,30
60,30,false,,0.1848034664716497,0.11294035167697891,-0.07931924831965961,8,2,1.0,29.0,0.29000884173297964,0.040671971706454466,0.0834,29,2054,0.1,0.15,30
20,10,false,,0.10025163020704872,0.17394630343884152,0.08942803020827034,13,16,1.0,19.0,0.6374819102749638,0.0,0.2788,30,2055,0.1,0.15,30
30,15,false,,0.11188606493501595,0.28214585330906067,0.1780985365422138,22,28,1.0,29.0,0.6417419884963024,0.21281840591618734,0.2696,30,2055,0.1,0.15,30
40,20,false,,0.11230410340831583,0.1717184444531332,0.07502484528346393,30,36,2.0,39.0,0.6683225066870463,0.2858234619793657,0.2888,30,2055,0.1,0.15,30
50,25,true,,0.11750711384535191,0.2701810897354575,0.16343550934816747,39,45,2.0,49.0,0.7471819645732689,0.08574879227053141,0.268,30,2055,0.1,0.15,30
20,10,false,,0.17358613556580121,0.2067252924531409,0.05424095740853016,13,16,1.0,19.0,0.5719867748722572,0.0,0.3158,31,2056,0.1,0.15,30
30,15,false,,0.14838995725524382,0.1956377909127698,0.06268022010671805,23,26,1.0,29.0,0.5474036850921273,0.21909547738693466,0.2466,31,2056,0.1,0.15,30
40,20,false,,0.13206035295456342,0.4159990012113283,0.28903760255368566,35,36,12.0,39.0,0.7469026548672566,0.1992920353982301,0.2438,31,2056,0.1,0.15,30
50,25,false,,0.20542608774731935,0.11810482006912362,-0.09360295815336006,7,5,1.0,22.0,0.18708165997322623,0.007697456492637216,0.2138,31,2056,0.1,0.15,30
60,30,false,,0.18269480235300828,0.12077539263126626,-0.06768075754767153,8,2,1.0,30.0,0.21130742049469964,0.07385159010600707,0.177,31,2056,0.1,0.15,30
20,10,false,,0.09571510671815397,0.15855184269251407,0.0701516982975882,11,10,2.0,19.0,0.6971075723106922,0.0,0.3212,32,2057,0.1,0.15,30
30,15,false,,0.13558425184805142,0.1056045852032608,-0.042382932372534404,9,2,1.0,27.0,0.3996389891696751,0.0296028880866426,0.2768,32,2057,0.1,0.15,30
40,20,false,,0.12144340000255797,0.10746599875204377,-0.0211107273220877,18,3,1.0,38.0,0.46166134185303515,0.12779552715654952,0.2392,32,2057,0.1,0.15,30
50,25,false,,0.11726510481776796,0.20098936711320592,0.09085378572423346,40,46,3.0,49.0,0.6884615384615385,0.10346153846153847,0.2722,32,2057,0.1,0.15,30
60,30,false,,0.12495598885248388,0.12154356638399622,0.0035038933638446706,35,55,2.0,58.0,0.5151632970451011,0.04471228615863142,0.2438,32,2057,0.1,0.15,30
20,10,false,,0.06920863884805072,0.14039018572308753,0.06324503482572186,13,16,1.0,19.0,0.6236979166666666,0.0,0.2102,33,2058,0.1,0.15,30
30,15,true,,0.0951350819051533,0.23603960753730924,0.14693480749028762,21,25,4.0,29.0,0.7590176515732924,0.1496546431312356,0.2974,33,2058,0.1,0.15,30
20,10,false,,0.10694355642775666,0.44519482496922774,0.35263515160387043,15,18,1.0,19.0,0.7893977641543455,0.0,0.2758,34,2059,0.1,0.15,30
30,15,true,,0.11009205397187062,0.31563213858612665,0.21926413713238047,23,26,2.0,29.0,0.7921891795055536,0.2149767108563239,0.2762,34,2059,0.1,0.15,30
20,10,false,,0.1188339339539502,0.13362839512313704,0.02187505259419187,13,17,2.0,19.0,0.5624394966118103,0.0,0.3178,35,2060,0.1,0.15,30
30,15,false,,0.1269182230850571,0.09955190295135347,-0.03763666388196643,10,4,1.0,27.0,0.4089007227082541,0.05058957778623051,0.2758,35,2060,0.1,0.15,30
40,20,false,,0.11525162155166546,0.13445595613415817,0.03471092612745792,17,4,1.0,38.0,0.5743034055727554,0.16215170278637772,0.276,35,2060,0.1,0.15,30
50,25,false,,0.11899995571065283,0.15759192509598494,0.056929247800730415,23,44,2.0,49.0,0.6707270650932623,0.1020175104682147,0.245,35,2060,0.1,0.15,30
60,30,false,,0.12324866755581858,0.1662337433852429,0.06492086882615891,32,4,3.0,57.0,0.6991330953595104,0.09331973482916879,0.1354,35,2060,0.1,0.15,30
20,10,true,,0.08891611736385978,0.18200856813147046,0.10686919357367017,13,16,1.0,19.0,0.7091836734693877,0.0,0.2766,36,2061,0.1,0.15,30
20,10,false,,0.15023712451693727,0.1279784757273123,-0.02408172388671799,8,2,1.0,19.0,0.4375404530744337,0.0,0.2834,37,2062,0.1,0.15,30
30,15,false,,0.1220202265342593,0.1377921435324571,0.03196347181530983,18,25,2.0,29.0,0.5808752025931929,0.09594813614262561,0.2744,37,2062,0.1,0.15,30
40,20,false,,0.22969439177915338,0.10585268808736759,-0.12177110533014972,5,4,1.0,21.824999999999818,0.2415644171779141,0.017254601226993866,0.2224,37,2062,0.1,0.15,30
50,25,false,,0.13385317595451315,0.13237507426832407,-0.008071154660042594,37,3,1.0,48.0,0.487741456166419,0.05163447251114413,0.2226,37,2062,0.1,0.15,30
60,30,false,,0.17085578008765115,0.11604453862341506,-0.06355877476008506,7,3,1.0,38.57499999999982,0.31691233514352213,0.06749418153607448,0.2066,37,2062,0.1,0.15,30
20,10,false,,0.08481472612886079,0.1188972920564273,0.040006891783694494,13,16,1.0,19.0,0.5975150602409639,0.0,0.253,38,2063,0.1,0.15,30
30,15,true,,0.09103662589034447,0.21347988874766907,0.14742118577680868,20,26,2.0,29.0,0.7159235668789808,0.19065817409766456,0.2482,38,2063,0.1,0.15,30
20,10,false,,0.10516788133742125,0.1282088467743204,0.03206391101523985,11,17,1.0,19.0,0.5837598089389286,0.0,0.298,39,2064,0.1,0.15,30
30,15,false,,0.17629368964736278,0.1078576840379725,-0.07601653061815869,5,1,1.0,28.0,0.3811175337186898,0.05626204238921002,0.263,39,2064,0.1,0.15,30
40,20,false,,0.117586215585916,0.12960389004215989,0.0162316897133436,22,36,2.0,38.0,0.5442225392296719,0.19828815977175462,0.2868,39,2064,0.1,0.15,30
50,25,true,,0.11917219388634283,0.45086420232185154,0.32995630988732694,44,46,24.0,49.0,0.8735415882574332,0.08355287918705306,0.2458,39,2064,0.1,0.15,30
20,10,false,,0.14781301637958022,0.11051358873668876,-0.04517673191857116,7,3,1.0,19.0,0.40503505417463354,0.0,0.295,40,2065,0.1,0.15,30
30,15,true,,0.11779248788677463,0.47673622852579967,0.38029559132634916,24,26,5.0,29.0,0.7730888965755793,0.2587340020754064,0.2768,40,2065,0.1,0.15,30
20,10,false,,0.11990575977258625,0.09360447479814098,-0.03538042052650404,9,4,1.0,19.0,0.39325842696629215,0.0,0.2888,41,2066,0.1,0.15,30
30,15,false,,0.11010846618756784,0.14810708686437768,0.04811629710616527,21,25,2.0,29.0,0.6070137382501808,0.15907447577729572,0.2888,41,2066,0.1,0.15,30
40,20,true,,0.10958459812526526,0.20777557027270666,0.10276774156341119,34,36,17.0,39.0,0.7128751974723538,0.31635071090047395,0.2586,41,2066,0.1,0.15,30
20,10,false,,0.08923093290861293,0.07840875865372812,-0.008430516613837691,8,1,1.0,18.47499999999991,0.4691960931630353,0.0,0.2676,42,2067,0.1,0.15,30
30,15,false,,0.10251026145335587,0.10315371126164143,-0.002666746143158566,10,5,1.0,26.0,0.48244958924570575,0.02315160567587752,0.2966,42,2067,0.1,0.15,30
40,20,true,,0.11194113344141328,0.20317559523683798,0.09979749605764575,30,35,7.0,39.0,0.7135416666666666,0.3828125,0.2862,42,2067,0.1,0.15,30
20,10,false,,0.12570556481511438,0.12617179020807184,-0.003595111395238909,11,1,1.0,19.0,0.490625,0.0,0.2944,43,2068,0.1,0.15,30
30,15,false,,0.37789874017664,0.0912309441556324,-0.29346192247119485,3,1,1.0,20.0,0.13734567901234568,0.0,0.219,43,2068,0.1,0.15,30
40,20,false,,0.1816326505327494,0.10571742749371969,-0.08128369459629839,6,2,1.0,37.0,0.29717341482047366,0.07830404889228419,0.2514,43,2068,0.1,0.15,30
50,25,false,,0.13039924836537983,0.12888607236858055,0.007865716185379013,13,2,1.0,47.0,0.5166787527193618,0.12327773749093546,0.2464,43,2068,0.1,0.15,30
60,30,false,,0.14909274070595463,0.1252952201933351,-0.03454781604937575,11,2,1.0,43.0,0.39244294799850354,0.14964459408903855,0.1712,43,2068,0.1,0.15,30
20,10,false,,0.10852909813813892,0.3249530615243278,0.22605207921707499,15,16,1.0,19.0,0.7601559961000975,0.0,0.3108,44,2069,0.1,0.15,30
30,15,false,,0.12068349017475977,0.623077298941617,0.5047490950631541,26,27,10.0,29.0,0.9320876751706791,0.4035213798059648,0.2422,44,2069,0.1,0.15,30
40,20,false,,0.1246947994740014,0.6532395893168915,0.532883637029353,35,35,28.0,39.0,0.961231884057971,0.275,0.236,44,2069,0.1,0.15,30
50,25,false,,0.7492310087960826,0.11657837920056083,-0.6382499088607453,2,1,1.0,6.0,0.01694139194139194,0.0,0.1366,44,2069,0.1,0.15,30
60,30,false,,0.1308631452208559,0.16293281865455067,0.05406337363217359,41,58,2.0,59.0,0.6609318996415771,0.034408602150537634,0.1816,44,2069,0.1,0.15,30
20,10,false,,0.08198314274589795,0.14752660551002475,0.06272382936164454,14,16,2.0,19.0,0.6385964912280702,0.0,0.2708,45,2070,0.1,0.15,30
30,15,true,,0.10056335113942665,0.22596516867340438,0.11779105640577012,24,27,12.0,29.0,0.7114959469417833,0.24871039056742816,0.2868,45,2070,0.1,0.15,30
20,10,false,,0.15166673998445765,0.13328922317500597,-0.019705485607843132,10,16,1.0,19.0,0.45286624203821657,0.0,0.2962,46,2071,0.1,0.15,30
30,15,false,,0.14504877553603104,0.1352647583805122,-0.01518014532278926,13,4,1.0,29.0,0.48710897215537985,0.10037813681677553,0.2764,46,2071,0.1,0.15,30
40,20,true,,0.11138283129217415,0.28706367369533664,0.18174164982931462,33,36,7.0,39.0,0.7578908280727813,0.24285183809877461,0.268,46,2071,0.1,0.15,30
20,10,false,,0.20842062584351823,0.10387583881842033,-0.13214000898487963,5,1,1.0,19.0,0.2829403606102635,0.0,0.2704,47,2072,0.1,0.15,30
30,15,false,,0.12573532923258168,0.1885718883834967,0.09513002877108107,24,27,2.0,29.0,0.6555752212389381,0.2768141592920354,0.274,47,2072,0.1,0.15,30
40,20,false,,0.12116396781717752,0.1583503614610144,0.04678489641332802,31,36,4.0,39.0,0.6162335350658598,0.3100747597009612,0.2618,47,2072,0.1,0.15,30
50,25,true,,0.12391459094281872,0.37515794705041355,0.2705692644149232,40,46,2.0,49.0,0.8269230769230769,0.10798816568047337,0.2278,47,2072,0.1,0.15,30
20,10,false,,0.1385549075769768,0.17658367849993278,0.050232845072065185,14,17,2.0,19.0,0.5812020460358056,0.0,0.3038,48,2073,0.1,0.15,30
30,15,false,,0.13470411069475352,0.184051329276419,0.06659414199159283,21,25,2.0,29.0,0.6706875753920386,0.12545235223160434,0.2958,48,2073,0.1,0.15,30
40,20,true,,0.1350676406503371,0.3051253431393035,0.17766275935092912,34,35,10.0,39.0,0.783712495878668,0.228486646884273,0.2396,48,2073,0.1,0.15,30
20,10,false,,0.13314375083007485,0.15633568434336242,0.03341251042686877,10,16,1.0,19.0,0.5609375,0.0,0.3206,49,2074,0.1,0.15,30
30,15,false,,0.1212244180340073,0.11696677315206867,-0.0032719653942903312,13,10,2.0,28.0,0.49093351242444594,0.05439892545332438,0.2952,49,2074,0.1,0.15,30
40,20,false,,0.12057127482318444,0.12508267542470114,0.00263761154306804,26,27,1.0,38.0,0.5070175438596491,0.30280701754385964,0.2626,49,2074,0.1,0.15,30
50,25,true,,0.1184729773949087,0.2021536832532864,0.10338856473142184,39,47,3.0,49.0,0.7444565612504543,0.09051254089422028,0.2592,49,2074,0.1,0.15,30
20,10,false,,0.11983904308958383,0.12879804027000777,0.020421987121433866,10,17,1.0,19.0,0.5451846965699209,0.0,0.2852,50,2075,0.1,0.15,30
30,15,false,,0.1664693515375204,0.10050362463528163,-0.08568496676410736,8,1,1.0,28.0,0.3181644359464627,0.05736137667304015,0.2544,50,2075,0.1,0.15,30
40,20,true,,0.11395712968518665,0.23754012766804664,0.14058384466904067,31,36,5.0,39.0,0.7027128862094951,0.2961567445365486,0.2636,50,2075,0.1,0.15,30
20,10,false,,0.09849609269794554,0.5071242985363651,0.41730181073212325,15,16,4.0,19.0,0.9207019824504388,0.0,0.3158,51,2076,0.1,0.15,30
30,15,false,,0.12067392864192181,0.6578476044951513,0.540372144677188,26,25,17.0,29.0,0.9777003484320558,0.37700348432055747,0.2706,51,2076,0.1,0.15,30
40,20,false,,0.14478480141865405,0.12299915792710368,-0.028990545798646183,8,4,1.0,34.0,0.41931902294596596,0.058105107327905255,0.2354,51,2076,0.1,0.15,30
50,25,false,,0.13058398053367354,0.6855931740834248,0.5601985717092034,45,45,38.0,49.0,0.8882843670656511,0.0,0.2064,51,2076,0.1,0.15,30
60,30,false,,0.13638872412942285,0.1582567908114896,0.03147880053424967,27,19,5.0,58.0,0.6234920634920635,0.09079365079365079,0.2264,51,2076,0.1,0.15,30
20,10,false,,0.09890303044234197,0.1635941322131392,0.0861712025371079,13,16,1.0,19.0,0.668853591160221,0.0,0.2962,52,2077,0.1,0.15,30
30,15,false,,0.11676053239988439,0.13620620004542644,0.02874305802748238,15,7,2.0,29.0,0.5873071528751753,0.0985273492286115,0.2964,52,2077,0.1,0.15,30
40,20,true,,0.13126736217586302,0.22334703865488795,0.11759867375574538,30,35,2.0,39.0,0.7564146424905919,0.20287375983578515,0.2624,52,2077,0.1,0.15,30
20,10,false,,0.08642427987913504,0.0702670124572213,0.0006161662176258353,9,1,1.0,19.0,0.5053554040895814,0.0,0.1554,53,2078,0.1,0.15,30
30,15,false,,0.07845071714395824,0.0736502320942869,-0.00012181310639728521,7,2,1.0,28.225000000000136,0.4925799086757991,0.07248858447488585,0.1094,53,2078,0.1,0.15,30
40,20,false,,0.2760716629624684,0.06667543713230804,-0.21615103361252078,3,1,1.0,35.0,0.3927536231884058,0.09130434782608696,0.0408,53,2078,0.1,0.15,30
50,25,false,,0.0814266897453624,0.07958686683572264,-0.007131688584164242,8,4,1.0,18.0,0.48538409245411285,0.0,0.053,53,2078,0.1,0.15,30
60,30,false,,0.07903877694150897,0.08996730725600013,0.010043239889229692,24,23,14.0,43.0,0.6138448707256047,0.2735613010842369,0.0346,53,2078,0.1,0.15,30
20,10,false,,0.12641848617458937,0.09578448827118961,-0.03608272870325031,5,1,1.0,18.0,0.42396142433234424,0.0,0.2474,54,2079,0.1,0.15,30
30,15,true,,0.1218605981056568,0.30823221151933855,0.1995819051767333,22,24,3.0,29.0,0.7727873183619551,0.19484808454425362,0.289,54,2079,0.1,0.15,30
20,10,false,,0.11634764939436604,0.6764132025233681,0.5653274713808591,15,16,2.0,19.0,0.7963636363636364,0.0,0.299,55,2080,0.1,0.15,30
30,15,false,,0.11446349824121678,0.1178156194158332,0.022322874077650323,16,26,1.0,28.0,0.5451263537906137,0.10613718411552346,0.2716,55,2080,0.1,0.15,30
40,20,false,,0.10879303542666566,0.18190586359510197,0.08860395343382205,30,36,3.0,39.0,0.6196513470681458,0.2373217115689382,0.2624,55,2080,0.1,0.15,30
50,25,false,,0.11007363767758045,0.1809174730160308,0.06347672596384178,41,43,26.0,49.0,0.681119432400473,0.12731572723689397,0.2498,55,2080,0.1,0.15,30
60,30,false,,0.13369984769994192,0.10637375224295369,-0.030445752392222122,20,20,2.0,56.0,0.3603750509580106,0.10925397472482674,0.2674,55,2080,0.1,0.15,30
20,10,false,,0.10085217093113422,0.3730886186738281,0.27521304747006625,15,18,3.0,19.0,0.8115991763898421,0.0,0.2946,56,2081,0.1,0.15,30
30,15,false,,0.13861975697139403,0.10709759585296773,-0.03988229418077767,9,1,1.0,28.0,0.38620936048588783,0.04608788853161844,0.259,56,2081,0.1,0.15,30
40,20,false,,0.11482114303283959,0.15946052840283811,0.06638067670447635,24,37,1.0,39.0,0.6404974737660318,0.17567042363000387,0.262,56,2081,0.1,0.15,30
50,25,false,,0.1225869104371208,0.1798732000185291,0.08368573484792968,36,43,2.0,49.0,0.6645307199396909,0.08518658122879759,0.2638,56,2081,0.1,0.15,30
60,30,false,,0.13951478723146304,0.11805647628717679,-0.018823893257474036,11,3,1.0,57.0,0.4463690872751499,0.04863424383744171,0.0972,56,2081,0.1,0.15,30
20,10,false,,0.11177418017562464,0.09018828972480027,-0.02542889779619295,8,1,1.0,19.0,0.4222539229671897,0.0,0.28,57,2082,0.1,0.15,30
30,15,false,,0.11306637446308074,0.09787665596447968,-0.019068118488709637,10,7,1.0,27.0,0.4393289114319157,0.02848224736636754,0.2938,57,2082,0.1,0.15,30
40,20,false,,0.13793390806939307,0.0995564075366624,-0.04352259648933765,12,2,1.0,37.0,0.35037653586999606,0.1403091557669441,0.2628,57,2082,0.1,0.15,30
50,25,false,,0.1674173869016371,0.11275556614245118,-0.050997739219531435,8,3,1.0,46.0,0.3766761479073547,0.09589597724502234,0.2486,57,2082,0.1,0.15,30
60,30,true,,0.11931726176086693,0.5090692374528323,0.37330889492952163,52,55,4.0,59.0,0.8465909090909091,0.05032467532467533,0.1932,57,2082,0.1,0.15,30
20,10,false,,0.6997589504257808,0.0407076202612742,-0.6634493166480622,1,1,1.0,4.0,0.01157830591102986,0.0,0.0986,58,2083,0.1,0.15,30
30,15,false,,0.08258449875709627,0.1160932017430862,0.040668553556983955,14,2,1.0,29.0,0.5977011494252874,0.14492753623188406,0.1564,58,2083,0.1,0.15,30
40,20,true,,0.06424670206609087,0.16416469564312053,0.0900183976521111,30,29,21.0,39.0,0.8167281672816729,0.4095940959409594,0.078,58,2083,0.1,0.15,30
20,10,true,,0.10029727993816784,0.19727952489760825,0.11915939378528512,12,16,1.0,19.0,0.702721563154222,0.0,0.2984,59,2084,0.1,0.15,30
20,10,false,,0.10811647100529594,0.12084907335923596,0.028895768342241848,10,2,1.0,19.0,0.5594528235706769,0.0,0.2528,60,2085,0.1,0.15,30
30,15,false,,0.0986516508550443,0.09805287561994973,0.0029026303110668283,14,10,2.0,29.0,0.5104379860826852,0.11829717560376586,0.2206,60,2085,0.1,0.15,30
40,20,true,,0.1052167444576345,0.25649730844507074,0.1490019925686797,31,35,2.0,39.0,0.7862149532710281,0.272196261682243,0.296,60,2085,0.1,0.15,30
20,10,false,,0.08665309277489189,0.4847864994657772,0.39617030437652323,16,16,2.549999999999997,19.0,0.9198706431908013,0.0,0.2956,61,2086,0.1,0.15,30
30,15,false,,0.1064209812000878,0.10864414931105591,0.0019824991856501745,17,6,1.0,29.0,0.5049741345005969,0.12415439713489852,0.2504,61,2086,0.1,0.15,30
40,20,false,,0.09644166027140914,0.12089224515873481,0.03236115781173937,25,36,2.0,38.0,0.5819337267362688,0.1960962324103495,0.1974,61,2086,0.1,0.15,30
50,25,true,,0.09921409577646659,0.20003992680341467,0.10619023849726587,42,43,16.450000000000003,49.0,0.7405329593267882,0.08274894810659186,0.15,61,2086,0.1,0.15,30
20,10,false,,0.08468186517122762,0.5653636024465319,0.48169305569906584,16,16,2.0,19.0,0.7569471624266145,0.0,0.2544,62,2087,0.1,0.15,30
30,15,false,,0.1064367310092592,0.11011215572539311,0.017223579482308723,19,2,1.0,29.0,0.5203875656035527,0.13161081953976583,0.2316,62,2087,0.1,0.15,30
40,20,true,,0.10781564975769321,0.3425604936437904,0.23066060997696203,33,36,18.0,39.0,0.8363141524105754,0.39696734059097977,0.273,62,2087,0.1,0.15,30
20,10,false,,0.09488119780833337,0.22158444098772134,0.1480665107813777,15,16,2.0,19.0,0.7124227865477007,0.0,0.2856,63,2088,0.1,0.15,30
30,15,false,,0.2346236825257451,0.08924160481850194,-0.14656815831701048,4,3,1.0,28.0,0.263768115942029,0.04265010351966874,0.2298,63,2088,0.1,0.15,30
40,20,false,,0.10696744472911263,0.15901557671602654,0.06148863104852355,28,35,3.0,39.0,0.6464047442550037,0.2861378799110452,0.2838,63,2088,0.1,0.15,30
50,25,true,,0.11353924596782963,0.337158164969783,0.2168065268998921,42,46,6.0,49.0,0.7842291094546882,0.09611612397018439,0.2612,63,2088,0.1,0.15,30
20,10,false,,0.11730716399625368,0.3057766320318013,0.18719536442775167,15,15,3.0,19.0,0.8009345794392523,0.0,0.3118,64,2089,0.1,0.15,30
30,15,false,,0.12116414419211136,0.13966407692803298,0.025031106908621592,16,26,1.0,29.0,0.5644490644490644,0.10117810117810118,0.2702,64,2089,0.1,0.15,30
40,20,false,,0.12259389548069494,0.16290887912396468,0.04910087886719,30,36,9.0,39.0,0.6282814140707035,0.3227161358067903,0.263,64,2089,0.1,0.15,30
50,25,false,,0.11999597766691893,0.6496123842355503,0.5153749317649521,45,46,26.0,49.0,0.9194444444444444,0.0623015873015873,0.236,64,2089,0.1,0.15,30
60,30,true,,0.12770188910794936,0.2859611650698664,0.16104940230064643,52,56,3.0,59.0,0.7482203072311727,0.07381041588609966,0.221,64,2089,0.1,0.15,30
20,10,false,,0.12353143962875264,0.2221213415589216,0.11378152063433469,14,16,1.0,19.0,0.6331168831168831,0.0,0.2976,65,2090,0.1,0.15,30
30,15,false,,0.12912081146146803,0.10549851145805325,-0.02879240036755229,13,6,1.0,28.0,0.4241883696039957,0.07420620763467713,0.2646,65,2090,0.1,0.15,30
40,20,false,,0.12979887604893361,0.09329830260309427,-0.04378986203947577,11,7,1.0,37.0,0.3527004909983633,0.0544189852700491,0.2252,65,2090,0.1,0.15,30
50,25,false,,0.4258243256240905,0.09729318868804666,-0.321198924816655,5,2,1.0,46.0,0.17578629900904783,0.03877638948728996,0.216,65,2090,0.1,0.15,30
60,30,true,,0.11666395446354924,0.2801800549051106,0.16589788246690584,51,54,9.0,59.0,0.7672713238131995,0.033577769201080666,0.2524,65,2090,0.1,0.15,30
20,10,false,,0.07432743910749057,0.40066621878963365,0.3176880124261572,16,16,8.0,19.0,0.93891151425398,0.0,0.2928,66,2091,0.1,0.15,30
30,15,false,,0.09516816642133502,0.1021124798168257,0.005140326779300278,20,25,1.0,28.0,0.5118110236220472,0.12029746281714786,0.1858,66,2091,0.1,0.15,30
40,20,true,,0.1067909633549118,0.3786409005658819,0.270067121947948,32,35,4.0,39.0,0.8223552894211577,0.26187624750499,0.2864,66,2091,0.1,0.15,30
20,10,false,,0.1037840447033079,0.14089397398050582,0.05182202460953325,11,16,1.0,19.0,0.5788727401630628,0.0,0.291,67,2092,0.1,0.15,30
30,15,false,,0.1625730725352911,0.07982449971821891,-0.11141615844480554,7,1,1.0,28.0,0.3182616330114135,0.1141352063213345,0.1814,67,2092,0.1,0.15,30
40,20,false,,0.0872418723152742,0.6086290691364542,0.5145236731183022,35,36,20.0,39.0,0.9630856601987695,0.2465688594415523,0.1686,67,2092,0.1,0.15,30
50,25,false,,0.14936929859082695,0.08176222791211593,-0.0749019874783025,7,4,1.0,34.0,0.2394736842105263,0.12842105263157894,0.123,67,2092,0.1,0.15,30
60,30,true,,0.09085274718548494,0.22013558911636452,0.1340260898779289,52,54,41.0,58.0,0.7403846153846154,0.0,0.106,67,2092,0.1,0.15,30
20,10,false,,0.11383053943627924,0.13463727455214602,0.027268245487595613,11,1,1.0,19.0,0.5693185632762672,0.0,0.2962,68,2093,0.1,0.15,30
30,15,true,,0.1069223187345086,0.17703650625344458,0.07549703640051182,21,23,2.0,29.0,0.7058006252170893,0.15838832928100036,0.3084,68,2093,0.1,0.15,30
20,10,true,,0.08328936917533436,0.24473786366328815,0.16220868331801908,13,16,2.0,19.0,0.7473836160230963,0.0,0.3012,69,2094,0.1,0.15,30
20,10,false,,0.1640944336539676,0.2156449718886753,0.06380632741665801,12,16,1.0,19.0,0.6238450074515648,0.0,0.324,70,2095,0.1,0.15,30
30,15,false,,0.15723111726119712,0.12347715954147644,-0.04721998490342025,10,2,1.0,28.0,0.3335401799565622,0.05181507911883339,0.287,70,2095,0.1,0.15,30
40,20,false,,0.13078356724544693,0.24668666092420474,0.13715826719884486,32,37,2.0,39.0,0.6818181818181818,0.2062937062937063,0.2446,70,2095,0.1,0.15,30
50,25,false,,0.13470367983780868,0.16337905667561586,0.0416802894061738,40,44,1.0,49.0,0.6142608695652174,0.06886956521739131,0.2146,70,2095,0.1,0.15,30
60,30,false,,0.1464598360311562,0.1458226262670592,0.01368714443800148,20,5,2.0,58.0,0.5551880942538239,0.03844563869367507,0.135,70,2095,0.1,0.15,30
20,10,false,,0.10406287252146948,0.6700383245673002,0.5623519982482343,16,17,2.0,19.0,0.884442911348741,0.0,0.2878,71,2096,0.1,0.15,30
30,15,false,,0.11141971956843363,0.19211064215109255,0.09823486655846315,23,27,3.0,29.0,0.6966608084358523,0.2365553602811951,0.2962,71,2096,0.1,0.15,30
40,20,false,,0.13652867792695744,0.15249538048716668,0.0624596409035167,14,1,1.0,39.0,0.5598141695702671,0.10336817653890824,0.2406,71,2096,0.1,0.15,30
50,25,false,,0.1404343928778418,0.11725979595500072,-0.04314894876105127,31,3,1.0,48.0,0.4176334106728538,0.08352668213457076,0.2284,71,2096,0.1,0.15,30
60,30,false,,0.124414662909632,0.751252663136828,0.6274976983145076,55,56,46.0,59.0,0.927793465106898,0.0,0.168,71,2096,0.1,0.15,30
20,10,true,,0.0741334868905433,0.1824482069007379,0.10903961749337204,14,16,2.0,19.0,0.7019083969465649,0.0,0.2436,72,2097,0.1,0.15,30
20,10,false,,0.06675219743679618,0.1032618008483404,0.03903682652056992,13,15,2.0,19.0,0.6270203066721923,0.0,0.2098,73,2098,0.1,0.15,30
30,15,false,,0.14090668592113864,0.09562155328955767,-0.054829205216520675,11,1,1.0,27.0,0.3862745098039216,0.04470588235294118,0.2732,73,2098,0.1,0.15,30
40,20,false,,0.11963836275981572,0.10126309465274567,-0.021532812123434567,10,3,1.0,35.0,0.41736227045075125,0.06844741235392321,0.229,73,2098,0.1,0.15,30
50,25,false,,0.16609763618232845,0.10502078281870356,-0.07176655911686855,7,4,1.0,37.0,0.31581092094539526,0.020374898125509373,0.2636,73,2098,0.1,0.15,30
60,30,false,,0.1269525132309419,0.11872024283507837,-0.020951436061806855,45,55,2.0,58.0,0.4460862619808307,0.05391373801916933,0.2352,73,2098,0.1,0.15,30
20,10,true,,0.07937266188934541,0.20027568807112803,0.12636847258995237,14,17,3.0,19.0,0.7604519774011299,0.0,0.2822,74,2099,0.1,0.15,30
20,10,false,,0.21616864078901077,0.08270989397327429,-0.1459606613615852,6,5,1.0,17.0,0.17878605769230768,0.0,0.2922,75,2100,0.1,0.15,30
30,15,false,,0.12792716456102216,0.192090355060737,0.07567848526847085,23,27,5.0,29.0,0.6687176165803109,0.23769430051813473,0.2836,75,2100,0.1,0.15,30
40,20,true,,0.12164749568674162,0.3163870967009409,0.20117294160537824,34,36,8.0,39.0,0.7670393076090877,0.2019473494410386,0.2532,75,2100,0.1,0.15,30
20,10,false,,0.1526815657255567,0.1877372909751987,0.05369276211174598,14,17,2.0,19.0,0.5921092564491655,0.0,0.314,76,2101,0.1,0.15,30
30,15,false,,0.174311149909517,0.09912064359295104,-0.08444487071287002,8,3,1.0,26.0,0.2571237009721757,0.01910828025477707,0.2734,76,2101,0.1,0.15,30
40,20,false,,0.12958788414716277,0.12379273813836163,-0.002512796575268414,20,6,2.0,39.0,0.4864027538726334,0.1631669535283993,0.2692,76,2101,0.1,0.15,30
50,25,false,,0.12840560164213718,0.12241754450971402,-0.006969230107064711,29,35,3.0,48.0,0.46558284330681426,0.16464891041162227,0.2554,76,2101,0.1,0.15,30
60,30,true,,0.12782353858352147,0.1973096128466938,0.06945997393626974,51,53,38.0,59.0,0.7154753643303262,0.016308119361554477,0.207,76,2101,0.1,0.15,30
20,10,true,,0.09175572005694417,0.23187112058606998,0.16032687848223015,14,15,1.0,19.0,0.7230496453900709,0.0,0.2936,77,2102,0.1,0.15,30
20,10,true,,0.08970803351523067,0.21505623308284458,0.13161879721763284,14,16,1.0,19.0,0.7000736919675755,0.0,0.2862,78,2103,0.1,0.15,30
20,10,true,,0.07155309991621693,0.22250554513053689,0.1637993346269789,13,17,1.0,19.0,0.7778628877824588,0.0,0.2756,79,2104,0.1,0.15,30
20,10,false,,0.10603973476067943,0.6931718730809429,0.5758244030161624,16,16,2.0,19.0,0.9377445748843828,0.0,0.266,80,2105,0.1,0.15,30
30,15,false,,0.1527260782591207,0.11728418663268664,-0.03487787319347743,10,2,1.0,29.0,0.4605809128630705,0.13956997359486986,0.2376,80,2105,0.1,0.15,30
40,20,false,,0.12164838855495318,0.11664647725147703,-0.008930723889627429,16,6,1.0,38.0,0.4764079147640791,0.1556316590563166,0.2544,80,2105,0.1,0.15,30
50,25,true,,0.11675524056741943,0.42633673777546377,0.30913991834269583,43,47,9.0,49.0,0.8884600540331918,0.037437282902354305,0.2466,80,2105,0.1,0.15,30
20,10,false,,0.10692322564655622,0.2297090945169789,0.12996917104915173,15,17,2.0,19.0,0.7105446927374302,0.0,0.2862,81,2106,0.1,0.15,30
30,15,false,,0.11878348660052425,0.1304442136514647,0.01854401292847685,14,4,2.0,27.0,0.5538714991762768,0.030642504118616146,0.2934,81,2106,0.1,0.15,30
40,20,false,,0.14840237820696844,0.11092919723659789,-0.05206264863675455,6,3,1.0,39.0,0.35354691075514877,0.11632341723874905,0.2344,81,2106,0.1,0.15,30
50,25,false,,0.12438985564554517,0.16835177253017344,0.05073943702466058,40,42,7.0,49.0,0.6819464033850494,0.09943582510578279,0.2454,81,2106,0.1,0.15,30
60,30,false,,0.13169237143535,0.13293545301340265,-0.0006524937175838574,32,31,1.0,57.0,0.4972144846796657,0.2168059424326834,0.1418,81,2106,0.1,0.15,30
20,10,false,,0.12026951530449252,0.2631345858452552,0.1517859490929658,15,16,2.0,19.0,0.6726427622841965,0.0,0.2862,82,2107,0.1,0.15,30
30,15,false,,0.1004208731016512,0.5895163746076248,0.4787661838493837,25,26,11.0,29.0,0.9212927756653992,0.24828897338403041,0.264,82,2107,0.1,0.15,30
40,20,false,,0.16586245605065458,0.12329353059486713,-0.045271251170888746,9,3,1.0,39.0,0.4435545385202136,0.16742944317315026,0.2588,82,2107,0.1,0.15,30
50,25,false,,0.2542138993106185,0.11447806132516967,-0.1614144878983626,5,1,1.0,45.0,0.3195503813729426,0.0835006021678041,0.2132,82,2107,0.1,0.15,30
60,30,false,,0.19666498279474204,0.1168104211605228,-0.08546302014119901,6,2,1.0,49.0,0.312402496099844,0.03003120124804992,0.205,82,2107,0.1,0.15,30
20,10,false,,0.19376512682448893,0.12022354079493175,-0.0910002659909869,6,4,1.0,19.0,0.32392228293867636,0.0,0.3138,83,2108,0.1,0.15,30
30,15,false,,0.1353949270114353,0.6605087997601382,0.5331678863061022,26,26,7.0,29.0,0.9156089193825043,0.3955403087478559,0.2544,83,2108,0.1,0.15,30
40,20,false,,0.14310193810538913,0.246827553235148,0.1360337705039263,31,37,1.0,39.0,0.6831910702560735,0.1103086014445174,0.23,83,2108,0.1,0.15,30
50,25,false,,0.14634740797965295,0.15470926998144938,0.0118379818381677,42,44,4.0,49.0,0.5503924646781789,0.06750392464678179,0.2024,83,2108,0.1,0.15,30
60,30,false,,0.1482477407402348,0.7149637998513027,0.5728253398433295,55,56,51.0,59.0,1.0,0.0,0.0296,83,2108,0.1,0.15,30
20,10,false,,0.07646900722304478,0.617256922661064,0.5397595028473001,16,16,8.0,19.0,0.9699687987519501,0.0,0.2806,84,2109,0.1,0.15,30
30,15,false,,0.10693896685129618,0.13012597115216074,0.03299559126012372,16,27,1.0,29.0,0.5741857659831122,0.14274225975070365,0.2718,84,2109,0.1,0.15,30
40,20,false,,0.09677799249982785,0.12502061422451802,0.03229749823593751,29,30,9.0,39.0,0.609375,0.3420608108108108,0.2276,84,2109,0.1,0.15,30
50,25,false,,0.09945143935676562,0.10592276163847948,0.0036415708765102223,31,45,14.0,48.0,0.5069316081330869,0.20933456561922367,0.1666,84,2109,0.1,0.15,30
60,30,false,,0.15605901857242752,0.08726202722963543,-0.0713761541884421,10,3,2.0,36.0,0.2560446373217607,0.06881587104773713,0.081,84,2109,0.1,0.15,30
20,10,false,,0.06783043163007457,0.4500816394219785,0.38071759673147143,16,16,4.0,19.0,0.8927432216905901,0.0,0.2326,85,2110,0.1,0.15,30
30,15,false,,0.12118643107259804,0.13131417498506015,0.012332218381838025,13,3,1.0,28.0,0.5393219154141908,0.09332401258301293,0.2832,85,2110,0.1,0.15,30
40,20,false,,0.13186917136603032,0.15352907262585314,0.0550482848655804,11,3,1.0,39.0,0.6213126843657817,0.08775811209439528,0.2388,85,2110,0.1,0.15,30
50,25,false,,0.13227196326192753,0.11938542557306162,-0.019578920413692483,25,2,1.0,48.0,0.4119370194068107,0.12522885389967045,0.2466,85,2110,0.1,0.15,30
60,30,false,,0.24624558003362057,0.12295725994035195,-0.13273805360310892,6,3,1.0,22.0,0.2,0.003339517625231911,0.1602,85,2110,0.1,0.15,30
20,10,false,,0.07821581408374444,0.16557026057519345,0.09757851172207849,13,16,1.0,19.0,0.6670428893905191,0.0,0.2698,86,2111,0.1,0.15,30
30,15,false,,0.09493227634723173,0.7082052261392956,0.6066220949471628,25,26,3.0,29.0,0.8935086974968179,0.3394145099703012,0.2684,86,2111,0.1,0.15,30
40,20,true,,0.10856463149199842,0.7052607229268182,0.5949301746876673,34,36,11.0,39.0,0.9247186651144742,0.259604190919674,0.2786,86,2111,0.1,0.15,30
20,10,false,,0.14164359311471286,0.18616464291138898,0.0689917602530703,10,1,1.0,19.0,0.5924327912379688,0.0,0.2842,87,2112,0.1,0.15,30
30,15,false,,0.11182720601960686,0.19066716030001,0.09141436584261371,22,25,1.0,29.0,0.6767748840528006,0.15554762754191936,0.2832,87,2112,0.1,0.15,30
40,20,false,,0.12126041643861209,0.1268004791002639,0.03165929305585451,16,36,1.0,38.0,0.5484884177463683,0.11739301138594425,0.2774,87,2112,0.1,0.15,30
50,25,true,,0.11508096076772972,0.3970147403398689,0.27895854325966213,42,45,3.0,49.0,0.7977254264825345,0.036555645816409424,0.2464,87,2112,0.1,0.15,30
20,10,false,,0.204002710501421,0.13044837167442963,-0.1073669662274589,8,1,1.0,19.0,0.41559322033898305,0.0,0.249,88,2113,0.1,0.15,30
30,15,false,,0.15445974328562911,0.22498293964009788,0.10162526361297514,21,27,1.0,29.0,0.5787162162162162,0.22094594594594594,0.2482,88,2113,0.1,0.15,30
40,20,false,,0.1282797786068642,0.5948582552571935,0.47500031187881875,36,36,19.0,39.0,0.794106947981084,0.19097853765005457,0.24,88,2113,0.1,0.15,30
50,25,false,,0.7161677538211,0.11002096887884605,-0.6026444113222884,3,2,1.0,17.0,0.03240360951599672,0.0,0.1496,88,2113,0.1,0.15,30
60,30,false,,0.12856263331253126,0.581113375594687,0.45579766306381597,55,56,40.0,59.0,0.9463414634146341,0.000375234521575985,0.1952,88,2113,0.1,0.15,30
20,10,false,,0.140470526341509,0.5316667395379939,0.4203079367529694,15,16,1.0,19.0,0.72255291005291,0.0,0.2732,89,2114,0.1,0.15,30
30,15,false,,0.1221793158732058,0.14313662573883387,0.045225815057564386,16,26,1.0,29.0,0.6003372681281619,0.1460370994940978,0.2926,89,2114,0.1,0.15,30
40,20,true,,0.12562503812528542,0.3310757018302736,0.21970854685799368,33,36,6.0,39.0,0.7304317304317305,0.20077220077220076,0.261,89,2114,0.1,0.15,30
20,10,false,,0.12612775671094817,0.11163673270271827,-0.014627116432419207,11,16,1.0,19.0,0.4723333333333333,0.0,0.2814,90,2115,0.1,0.15,30
30,15,false,,0.12423045718289809,0.10308498385278274,-0.0204081195688842,12,1,1.0,29.0,0.4420893262679788,0.06585919757759273,0.275,90,2115,0.1,0.15,30
40,20,true,,0.11281452147875136,0.20610084180799618,0.10190962650581087,30,38,8.0,39.0,0.7549549549549549,0.24864864864864866,0.2772,90,2115,0.1,0.15,30
20,10,false,,0.12455347881866191,0.11703717343765373,-0.004352284815228938,9,9,1.0,18.0,0.4945125887669464,0.0,0.3154,91,2116,0.1,0.15,30
30,15,true,,0.1022910735939616,0.24314725750648003,0.15038086757768385,22,26,2.0,29.0,0.7871015023818249,0.16013191645291316,0.2836,91,2116,0.1,0.15,30
20,10,false,,0.1232128523175251,0.1892760868624052,0.07220502774151404,13,17,1.0,19.0,0.6194690265486725,0.0,0.2866,92,2117,0.1,0.15,30
30,15,false,,0.11501967476615904,0.37873570849545146,0.2587344563483496,25,26,3.0,29.0,0.7307415406767459,0.3074154067674586,0.2646,92,2117,0.1,0.15,30
40,20,false,,0.12155813224619876,0.15047449489286355,0.04184150046709342,22,38,1.0,39.0,0.6038700255567725,0.17780211756115372,0.278,92,2117,0.1,0.15,30
50,25,false,,0.13481447922080206,0.1281732119005741,-0.008597566246993982,25,2,1.0,46.0,0.4733553840499816,0.13891951488423374,0.2376,92,2117,0.1,0.15,30
60,30,false,,0.12834474222915498,0.15555951551402805,0.04448167852824886,39,1,1.0,59.0,0.6055257099002302,0.02762854950115119,0.2306,92,2117,0.1,0.15,30
20,10,false,,0.13707611990716287,0.1714029265445399,0.04471959390916086,12,18,1.0,19.0,0.5767412543334384,0.0,0.307,93,2118,0.1,0.15,30
30,15,false,,0.15880744247495537,0.11431407066703661,-0.06257937437550903,8,2,1.0,28.0,0.3784540048968171,0.0800979363413781,0.2554,93,2118,0.1,0.15,30
40,20,true,,0.12268451286082568,0.23008478763295603,0.11425868267663469,31,34,4.0,38.0,0.7349598930481284,0.3338903743315508,0.297,93,2118,0.1,0.15,30
20,10,true,,0.09239047339191546,0.35988720642762123,0.275132960534231,14,16,3.0,19.0,0.841399607586658,0.0,0.2938,94,2119,0.1,0.15,30
20,10,false,,0.09285019297606192,0.15679766369248374,0.0686795046061614,13,16,1.0,19.0,0.6302215764620414,0.0,0.2792,95,2120,0.1,0.15,30
30,15,false,,0.10807408802621582,0.2753442979970918,0.1756722710741731,23,25,1.0,29.0,0.6508737864077669,0.22990291262135923,0.2656,95,2120,0.1,0.15,30
40,20,false,,0.12793305560708865,0.11840024866135797,0.003320504417155673,13,3,1.0,39.0,0.5044173327724022,0.10307109802271772,0.242,95,2120,0.1,0.15,30
50,25,true,,0.11426254712941154,0.4543014622772691,0.34348280687264254,42,43,17.0,49.0,0.8704761904761905,0.08190476190476191,0.2728,95,2120,0.1,0.15,30
20,10,true,,0.0957148407664512,0.17691254547418814,0.09617921678082408,13,15,2.0,19.0,0.7201225740551583,0.0,0.3084,96,2121,0.1,0.15,30
20,10,false,,0.07594469251679761,0.4447994520410354,0.37227008664106925,16,17,3.0,19.0,0.8832819722650231,0.0,0.2748,97,2122,0.1,0.15,30
30,15,false,,0.11553858529253005,0.08198321182576176,-0.04649739120980822,7,1,1.0,27.0,0.3822854520422212,0.039926571821936666,0.2,97,2122,0.1,0.15,30
40,20,false,,0.12413532809964342,0.10039384429374194,-0.0213037439429323,15,3,1.0,34.0,0.42943792964011324,0.10756166599272139,0.2724,97,2122,0.1,0.15,30
50,25,false,,0.24769893243524083,0.09936995869870106,-0.14915257982379015,7,2,1.0,34.0,0.17311693716188098,0.05493133583021224,0.2578,97,2122,0.1,0.15,30
60,30,false,,0.12357031659296883,0.1495157438791191,0.06753984253418985,16,6,1.0,59.0,0.660569970225436,0.024245002126754574,0.2312,97,2122,0.1,0.15,30
20,10,false,,0.16718618755664363,0.13573028007715038,-0.024380784212565898,9,1,1.0,19.0,0.4763157894736842,0.0,0.2786,98,2123,0.1,0.15,30
30,15,false,,0.12802470464830445,0.16947143964104017,0.057841676884905324,20,25,1.0,29.0,0.585166784953868,0.14088005677785664,0.2502,98,2123,0.1,0.15,30
40,20,false,,0.19438304112317323,0.1006663210110095,-0.10725819243074017,6,3,1.0,24.0,0.19442262372348781,0.001178318931657502,0.2176,98,2123,0.1,0.15,30
50,25,false,,0.1927851646029513,0.10682223678326462,-0.10001432366598362,9,2,1.0,32.0,0.22916666666666666,0.04436728395061729,0.2334,98,2123,0.1,0.15,30
60,30,false,,0.12106146668588201,0.1883424110825536,0.07151043053217597,52,56,14.0,59.0,0.6538311940879036,0.059509918319719954,0.1972,98,2123,0.1,0.15,30
20,10,false,,0.11838742661319078,0.34187086415146783,0.24283323697351705,15,16,2.0,19.0,0.7833443928334439,0.0,0.3096,99,2124,0.1,0.15,30
30,15,false,,0.15171233708538662,0.09985976273051349,-0.06971377524980828,7,1,1.0,29.0,0.39244410177332306,0.10254433307632999,0.2544,99,2124,0.1,0.15,30
40,20,true,,0.11568709485879392,0.26853446288638055,0.15160584913840092,32,35,3.0,39.0,0.7252430680590566,0.2754771335974073,0.266,99,2124,0.1,0.15,30
20,10,false,,0.12310369206709143,0.1860944207820736,0.09054727556453825,12,15,1.0,19.0,0.6389067524115756,0.0,0.3146,100,2125,0.1,0.15,30
30,15,false,,0.1429285669820689,0.10021554461233906,-0.04816863596870291,7,1,1.0,29.0,0.41188694929343306,0.10099750623441396,0.2186,100,2125,0.1,0.15,30
40,20,false,,0.1182662162210497,0.1629985406784726,0.05895821918526323,26,36,2.0,39.0,0.6411149825783972,0.22493224932249323,0.2796,100,2125,0.1,0.15,30
50,25,false,,0.1283784616910213,0.12471934191327445,-0.006922540156633919,34,2,1.0,49.0,0.48553309552120494,0.08957590170432025,0.2432,100,2125,0.1,0.15,30
60,30,false,,0.11660416618777386,0.13095375933559622,0.03465462684980704,19,4,2.0,49.0,0.6299741602067184,0.11834625322997416,0.1462,100,2125,0.1,0.15,30
20,10,true,,0.09580225404590885,0.3175142734007669,0.24991667912947757,13,14,2.0,19.0,0.7701863354037267,0.0,0.2984,101,2126,0.1,0.15,30
20,10,true,,0.11118822594575037,0.31831342613989827,0.22119446638957024,14,16,2.0,19.0,0.7228562112813824,0.0,0.311,102,2127,0.1,0.15,30
20,10,false,,0.2027282548185164,0.10356537832982303,-0.1272464542907748,5,2,1.0,19.0,0.3306205493387589,0.0,0.2778,103,2128,0.1,0.15,30
30,15,false,,0.12844608160881477,0.21442670874023465,0.10024051444568144,20,2,1.0,29.0,0.5862962962962963,0.18592592592592594,0.2694,103,2128,0.1,0.15,30
40,20,false,,0.11755699656279324,0.10854862510259229,-0.008797661691187564,15,35,2.0,39.0,0.4766009852216749,0.10796387520525452,0.227,103,2128,0.1,0.15,30
50,25,false,,0.12116613050137413,0.1511410041392905,0.058860716430983236,23,4,2.0,48.0,0.6345397324940991,0.07041699449252557,0.277,103,2128,0.1,0.15,30
60,30,false,,0.3958674675720586,0.11686618158367193,-0.28381812690805536,4,2,1.0,25.0,0.1956411556006082,0.021287379624936646,0.1286,103,2128,0.1,0.15,30
20,10,false,,0.10294688322072111,0.20187206840356017,0.12526471461755312,13,16,1.0,19.0,0.6733533935138749,0.0,0.2992,104,2129,0.1,0.15,30
30,15,false,,0.10461982128888687,0.16146250217930505,0.07264177800274338,19,26,2.0,29.0,0.6614757137560252,0.16907675194660735,0.2766,104,2129,0.1,0.15,30
40,20,false,,0.16478892227390968,0.10338837765690159,-0.07150582841589787,6,2,1.0,36.0,0.3604838709677419,0.08225806451612903,0.2416,104,2129,0.1,0.15,30
50,25,false,,0.12441545789198842,0.10883411089442667,-0.022372275347104356,21,6,2.0,47.0,0.4121442125237192,0.08804554079696394,0.275,104,2129,0.1,0.15,30
60,30,false,,0.17445538692811385,0.11044306014097865,-0.06596468518519569,6,3,1.0,23.0,0.32083739045764365,0.009250243427458617,0.1568,104,2129,0.1,0.15,30
20,10,false,,0.11098888552671068,0.20278014241617143,0.11754827505024128,13,16,2.0,19.0,0.6835320657428295,0.0,0.2888,105,2130,0.1,0.15,30
30,15,false,,0.23037999749002372,0.09423945524338209,-0.13896130811653837,5,1,1.0,25.0,0.22971948445792267,0.012130401819560273,0.2656,105,2130,0.1,0.15,30
40,20,false,,0.22963792323964669,0.10014782030522844,-0.1413269164033675,4,1,1.0,22.97499999999991,0.2285012285012285,0.009828009828009828,0.2164,105,2130,0.1,0.15,30
50,25,true,,0.11922403304395109,0.438680065601101,0.3155656147404485,43,46,16.0,49.0,0.8970304666409564,0.087157732356344,0.2456,105,2130,0.1,0.15,30
20,10,false,,0.1078839927785817,0.13822904123601748,0.048770573308282536,9,17,1.0,19.0,0.5997970230040596,0.0,0.3002,106,2131,0.1,0.15,30
30,15,false,,0.11402117970802605,0.1359829092903194,0.03719011087187435,16,24,1.0,28.15000000000009,0.5996569468267582,0.09914236706689537,0.296,106,2131,0.1,0.15,30
40,20,true,,0.10608734543430808,0.2890132910981395,0.19339211877167223,33,35,5.0,39.0,0.7465125548027103,0.2391390992427262,0.2332,106,2131,0.1,0.15,30
20,10,false,,0.11696323506335535,0.2851181662413413,0.16461582656132817,15,16,2.674999999999997,19.0,0.7674714104193139,0.0,0.3132,107,2132,0.1,0.15,30
30,15,false,,0.1036926915037777,0.5660060900467465,0.46252951174975265,25,25,9.0,29.0,0.8734082397003745,0.2805243445692884,0.2784,107,2132,0.1,0.15,30
40,20,false,,0.11209003661714464,0.15114121929970453,0.05357325515966935,25,30,2.0,38.0,0.6541921554516013,0.28895286074127385,0.2838,107,2132,0.1,0.15,30
50,25,false,,0.12359601921872006,0.13172817762059919,0.012440740966907407,31,46,3.0,48.0,0.5435024065161052,0.09959274342835987,0.2584,107,2132,0.1,0.15,30
60,30,true,,0.11789079217085235,0.36153087874834566,0.23567005109678968,53,57,31.0,59.0,0.8684965178205654,0.02498975829578042,0.1828,107,2132,0.1,0.15,30
20,10,false,,0.07413484881637972,0.6692741120133525,0.586318079903571,16,16,4.0,19.0,0.9063625450180072,0.0,0.2418,108,2133,0.1,0.15,30
30,15,true,,0.06628556091959817,0.2633556652791819,0.19623063977576338,23,26,12.0,29.0,0.8972182932578973,0.2036775106082037,0.1428,108,2133,0.1,0.15,30
20,10,false,,0.14895817110867088,0.11382624890338666,-0.04101351048846251,9,3,1.0,19.0,0.39263420724094883,0.0,0.3164,109,2134,0.1,0.15,30
30,15,false,,0.13987091817922465,0.13068501416084374,-0.004477881474069606,15,2,1.0,29.0,0.4959046909903202,0.14147431124348472,0.2464,109,2134,0.1,0.15,30
40,20,false,,0.11886528673314231,0.2930470574984283,0.18677801504584673,32,36,2.0,39.0,0.698790765848296,0.29021619640894103,0.257,109,2134,0.1,0.15,30
50,25,false,,0.12753981179610924,0.16512859081191264,0.0532809477274393,31,47,1.0,49.0,0.6177991137370753,0.12887740029542097,0.2408,109,2134,0.1,0.15,30
60,30,false,,0.13293687630682627,0.13091834987478684,0.005728940882411132,13,4,1.0,59.0,0.5180096546602302,0.04567396955068696,0.2254,109,2134,0.1,0.15,30
20,10,false,,0.10916022554794617,0.11911529963235,0.02323396586029003,12,16,1.0,19.0,0.531284302963776,0.0,0.272,110,2135,0.1,0.15,30
30,15,false,,0.16651126204984237,0.12014117479138944,-0.07050628595847207,10,1,1.0,28.0,0.4436459909228442,0.1100605143721634,0.2362,110,2135,0.1,0.15,30
40,20,false,,0.11465716717443433,0.18202366822687702,0.05534683418194791,32,35,15.0,39.0,0.6829529243937232,0.3594864479315264,0.2792,110,2135,0.1,0.15,30
50,25,false,,0.12869987237674907,0.12863004877268666,0.014085956351297474,12,5,1.0,48.0,0.5525805199844781,0.01435778036476523,0.2268,110,2135,0.1,0.15,30
60,30,true,,0.12261897103908914,0.34161333182385917,0.21428699285860184,53,56,34.0,59.0,0.7865420560747663,0.014579439252336448,0.228,110,2135,0.1,0.15,30
20,10,true,,0.09473508740617184,0.1734864219491114,0.0896719321951746,12,15,2.0,19.0,0.7195523370638578,0.0,0.3222,111,2136,0.1,0.15,30
20,10,true,,0.11175966923334016,0.22592817336586857,0.13318848672170022,13,15,2.0,19.0,0.7331147540983607,0.0,0.3094,112,2137,0.1,0.15,30
20,10,false,,0.0909670856081536,0.11540173625202273,0.03896346024106594,11,16,1.0,19.0,0.5988538681948424,0.0,0.2674,113,2138,0.1,0.15,30
30,15,false,,0.093107925466346,0.15738481540423874,0.07266302217552029,18,26,1.0,29.0,0.6876019575856444,0.14600326264274063,0.2672,113,2138,0.1,0.15,30
40,20,false,,0.4976776422165394,0.0938317066908715,-0.4117506538202893,4,1,1.0,25.0,0.16378162450066577,0.02174877940523746,0.2196,113,2138,0.1,0.15,30
50,25,false,,0.124292329693302,0.11171019313220489,-0.005350900401706785,8,4,1.0,26.375,0.48281642917015927,0.017183570829840736,0.2556,113,2138,0.1,0.15,30
60,30,false,,0.48544959267444504,0.10747744407183094,-0.3756615893441634,3,2,1.0,22.0,0.07265342960288809,0.008574007220216607,0.1606,113,2138,0.1,0.15,30
20,10,false,,0.14618481910055764,0.20002013482832573,0.05920087265916177,13,16,1.0,19.0,0.584958217270195,0.0,0.303,114,2139,0.1,0.15,30
30,15,false,,0.16235533767038232,0.09763850580994131,-0.08677531956561865,10,2,1.0,28.0,0.2576512455516014,0.08718861209964412,0.2528,114,2139,0.1,0.15,30
40,20,true,,0.12756726486274392,0.4156315784500796,0.28665026721016285,33,37,2.0,39.0,0.7484573502722323,0.13901996370235933,0.2452,114,2139,0.1,0.15,30
20,10,false,,0.09023174107942086,0.14756069302450894,0.06539667187371964,10,16,1.0,19.0,0.6210287443267776,0.0,0.2646,115,2140,0.1,0.15,30
30,15,false,,0.10625907850656426,0.075609935184393,-0.03695789885638297,11,2,1.0,28.0,0.345636126791142,0.057316543638732086,0.2092,115,2140,0.1,0.15,30
40,20,true,,0.08678251757228699,0.2543092305296204,0.1644170668162097,33,36,8.0,39.0,0.856951871657754,0.2807486631016043,0.1692,115,2140,0.1,0.15,30
20,10,false,,0.11300397216919501,0.10057199336569467,-0.006931594698233318,7,3,1.0,18.90000000000009,0.47807486631016044,0.0,0.2606,116,2141,0.1,0.15,30
30,15,false,,0.10928771852791648,0.41280745615129205,0.30962640273118885,25,26,11.0,29.0,0.8545067423704755,0.2831795599716111,0.2778,116,2141,0.1,0.15,30
40,20,false,,0.13749598384636405,0.12036407639043832,-0.020433708192531916,11,4,1.0,38.0,0.46387832699619774,0.08859315589353613,0.266,116,2141,0.1,0.15,30
50,25,false,,0.1327594308340726,0.12320357029049796,-0.013300443756831065,8,4,1.0,45.0,0.464804469273743,0.07411545623836127,0.2298,116,2141,0.1,0.15,30
60,30,true,,0.12495753552697708,0.3495252933395529,0.21804374379282204,53,56,19.0,59.0,0.817743132887899,0.05085374907201188,0.2194,116,2141,0.1,0.15,30
20,10,false,,0.18220731250929073,0.13260109793451305,-0.0638985422204046,6,1,1.0,19.0,0.4104606858330447,0.0,0.2662,117,2142,0.1,0.15,30
30,15,false,,0.16142076546993284,0.12323370154078078,-0.0572170313737316,7,2,1.0,27.0,0.3702353331123633,0.03115677825654624,0.2656,117,2142,0.1,0.15,30
40,20,false,,0.6319967355979929,0.09902799651522066,-0.5287292075283192,3,1,1.0,38.0,0.1943979933110368,0.035535117056856184,0.2052,117,2142,0.1,0.15,30
50,25,false,,0.35533712465175565,0.09763587550346073,-0.27821987656832003,5,3,1.0,47.0,0.1303818034118603,0.006498781478472786,0.214,117,2142,0.1,0.15,30
60,30,false,,0.11874503311796596,0.19221041702457417,0.0697891763779314,52,55,40.0,59.0,0.6816816816816816,0.0011261261261261261,0.211,117,2142,0.1,0.15,30
20,10,false,,0.10553610031957938,0.5408960985378624,0.43827507027118473,15,16,2.0,19.0,0.8715927750410509,0.0,0.3054,118,2143,0.1,0.15,30
30,15,false,,0.11309294931472742,0.11653950303626714,0.002646807955756336,14,4,1.0,28.0,0.5062476334721696,0.08898144642180993,0.2692,118,2143,0.1,0.15,30
40,20,false,,0.11506010068460272,0.11682237172859579,0.002825083011410129,21,5,2.0,38.0,0.5123546511627907,0.21911337209302326,0.2902,118,2143,0.1,0.15,30
50,25,false,,0.33291659701335063,0.10747677095866617,-0.23073593202546755,4,2,1.0,43.0,0.24596774193548387,0.05766129032258065,0.2206,118,2143,0.1,0.15,30
60,30,false,,0.13278324702717104,0.11842910674493741,-0.020567671632253884,27,2,1.0,58.0,0.4205536594615093,0.10011376564277588,0.2094,118,2143,0.1,0.15,30
20,10,false,,0.08668070035770303,0.36908312109428837,0.2863900570200174,15,16,1.0,19.0,0.8419257012888552,0.0,0.2874,119,2144,0.1,0.15,30
30,15,false,,0.08554569819030841,0.4988191807311028,0.4174607626129677,25,26,15.0,29.0,0.9007498897220997,0.3281870313189237,0.221,119,2144,0.1,0.15,30
40,20,false,,0.11051300648448592,0.19139618185195992,0.0901226744987092,29,36,1.0,39.0,0.6506550218340611,0.2945613338626439,0.2832,119,2144,0.1,0.15,30
50,25,false,,0.1094613908077924,0.13540162059397587,0.04554456433943835,35,45,3.0,49.0,0.634187316253675,0.09197816043679126,0.2418,119,2144,0.1,0.15,30
60,30,false,,0.11259496785563607,0.5734675664387466,0.43683512846127365,55,56,41.0,59.0,0.8620996441281139,0.00044483985765124553,0.1978,119,2144,0.1,0.15,30
20,10,false,,0.07995423417416851,0.266118939763921,0.1892043834973008,15,16,2.0,19.0,0.7579570688378978,0.0,0.2952,120,2145,0.1,0.15,30
30,15,false,,0.24513133786197597,0.06381371469498087,-0.18649497340551924,4,1,1.0,29.0,0.3113258185721954,0.10950080515297907,0.1322,120,2145,0.1,0.15,30
40,20,false,,0.084807447198999,0.09268264019270576,0.016263139849653677,14,5,2.0,38.0,0.5570752235665439,0.13413992635455024,0.1186,120,2145,0.1,0.15,30
50,25,false,,0.08959259285406267,0.0933736141701989,-0.004873995861707968,24,24,3.0,40.0,0.4865497076023392,0.18128654970760233,0.0874,120,2145,0.1,0.15,30
60,30,false,,0.08517138507334802,0.11279629631185525,0.0270441197330583,44,42,33.0,56.0,0.5966005665722379,0.0453257790368272,0.0714,120,2145,0.1,0.15,30
20,10,false,,0.08352621484285921,0.4733176131731209,0.39801214603600055,15,16,3.0,19.0,0.8459861968761351,0.0,0.285,121,2146,0.1,0.15,30
30,15,false,,0.612667153267018,0.07806138074499064,-0.5380321414152334,3,1,1.0,24.0,0.17959183673469387,0.014512471655328799,0.227,121,2146,0.1,0.15,30
40,20,true,,0.10590784895168949,0.3368356749388315,0.2272056954926771,33,37,7.0,39.0,0.8088006230529595,0.34501557632398755,0.2826,121,2146,0.1,0.15,30
20,10,false,,0.14182442803167114,0.08383214011749299,-0.06127646838532558,7,3,1.0,19.0,0.33219877467665077,0.0,0.288,122,2147,0.1,0.15,30
30,15,false,,0.1112305496152117,0.638396581947115,0.5256894428018133,26,27,16.0,29.0,0.9641537324464153,0.3954175905395418,0.2778,122,2147,0.1,0.15,30
40,20,false,,0.1288758927831703,0.11440144603255181,-0.02094278101223398,20,36,1.0,38.0,0.45181159420289857,0.18297101449275363,0.2584,122,2147,0.1,0.15,30
50,25,false,,0.12513657846486315,0.13723131543775172,0.03724266174306706,14,5,1.0,49.0,0.6135247449943332,0.02040045334340763,0.2188,122,2147,0.1,0.15,30
60,30,false,,0.17758686909817004,0.12515677874399983,-0.05570191783614925,7,3,1.0,53.0,0.3401869158878505,0.08598130841121496,0.1818,122,2147,0.1,0.15,30
20,10,false,,0.18206734134624697,0.10369271400988217,-0.08217295117699372,4,1,1.0,19.0,0.345679012345679,0.0,0.2124,123,2148,0.1,0.15,30
30,15,false,,0.11190035740270579,0.11466373529329076,0.014279224619736942,19,25,2.0,29.0,0.5389133627019089,0.1343612334801762,0.2694,123,2148,0.1,0.15,30
40,20,false,,0.11084251291491554,0.21351502113208776,0.12019755587716896,28,36,2.0,38.0,0.6938467346168365,0.24688561721404303,0.2824,123,2148,0.1,0.15,30
50,25,false,,0.11747859942162615,0.1646497496559722,0.06270807129793271,34,46,4.0,49.0,0.6673032849503437,0.0492742551566081,0.2644,123,2148,0.1,0.15,30
60,30,false,,0.19204263409256703,0.11165453290292783,-0.08109249873260872,6,5,1.0,21.0,0.2688715953307393,0.0031128404669260703,0.1878,123,2148,0.1,0.15,30
20,10,false,,0.15491192527390762,0.20134997682711783,0.0669054705555937,11,16,1.0,19.0,0.6513817187974491,0.0,0.3072,124,2149,0.1,0.15,30
30,15,false,,0.13609423098543524,0.13813962298661828,-0.0015737319199729538,19,28,2.0,29.0,0.4961340206185567,0.15431701030927836,0.2858,124,2149,0.1,0.15,30
40,20,false,,0.20014777318372493,0.11583552484533882,-0.09352406745687822,5,2,1.0,18.0,0.22132867132867132,0.0,0.2286,124,2149,0.1,0.15,30
50,25,false,,0.29402905910715643,0.10812541047036865,-0.1973651621713951,6,2,1.0,18.0,0.14562410329985653,0.0,0.2088,124,2149,0.1,0.15,30
60,30,false,,0.12836995929710357,0.1464999008755825,0.02158648427447149,43,53,16.0,57.0,0.5837256220578345,0.12340282447881641,0.2164,124,2149,0.1,0.15,30
20,10,false,,0.11488600046379929,0.20387080955392256,0.10597040997429234,12,15,1.0,19.0,0.6709970769730432,0.0,0.3012,125,2150,0.1,0.15,30
30,15,false,,0.14046442837999332,0.12384167606612456,-0.0134914569782697,7,2,1.0,28.0,0.47318941504178275,0.06232590529247911,0.2728,125,2150,0.1,0.15,30
40,20,true,,0.11644252615937595,0.29394712321077865,0.18470152712919408,33,35,4.0,39.0,0.7778194080179842,0.25477707006369427,0.2686,125,2150,0.1,0.15,30
20,10,false,,0.14899901451500724,0.1364306948420671,-0.007411477048243936,10,1,1.0,19.0,0.4803325871442277,0.0,0.294,126,2151,0.1,0.15,30
30,15,false,,0.11827926822018275,0.37572248674189757,0.2669978088057117,24,26,2.0,29.0,0.6996183206106871,0.2652671755725191,0.2622,126,2151,0.1,0.15,30
40,20,false,,0.13164095844696624,0.10935279944722992,-0.02709000228046428,16,5,1.0,37.0,0.42219679633867274,0.13119755911517925,0.2706,126,2151,0.1,0.15,30
50,25,true,,0.1179047214565382,0.27054103142061414,0.15374464540093807,40,46,5.0,49.0,0.7454880294659301,0.10165745856353592,0.254,126,2151,0.1,0.15,30
20,10,false,,0.083362445048286,0.16314066473853828,0.07305116311066012,12,15,1.0,19.0,0.6747032640949555,0.0,0.3028,127,2152,0.1,0.15,30
30,15,false,,0.08343216055715576,0.6002380791030131,0.48740013649087177,25,27,3.0,29.0,0.8242238740708352,0.30083078268473984,0.2058,127,2152,0.1,0.15,30
40,20,false,,0.8069014568777813,0.06025037199311724,-0.727057588680411,1,1,1.0,4.0,0.0,0.0,0.0574,127,2152,0.1,0.15,30
50,25,false,,0.1145750552109341,0.14189341209511624,0.0378180388432678,39,43,4.0,48.0,0.5995991983967935,0.12384769539078157,0.2568,127,2152,0.1,0.15,30
60,30,false,,0.45333439966550076,0.10427844308452357,-0.351878448983426,4,3,1.0,29.0,0.16166592028660995,0.03851321092700403,0.2134,127,2152,0.1,0.15,30
20,10,false,,0.107380830787369,0.18789621626863107,0.1043270558249548,11,15,1.0,19.0,0.6664484451718494,0.0,0.3092,128,2153,0.1,0.15,30
30,15,false,,0.2076725478999083,0.09616315725633268,-0.12068145705492314,4,1,1.0,27.0,0.2199437072778448,0.02734217933252915,0.2446,128,2153,0.1,0.15,30
40,20,false,,0.10905666842735819,0.14785869951391467,0.04349274043657238,30,36,4.0,39.0,0.6226046147829488,0.31443097379741886,0.2622,128,2153,0.1,0.15,30
50,25,false,,0.11939907457959796,0.2711248662827853,0.14830469337022495,40,45,3.0,49.0,0.680685994283381,0.12086565945283789,0.2682,128,2153,0.1,0.15,30
60,30,false,,0.13430544024662527,0.12006091827569634,-0.01798380009066207,27,3,1.0,57.0,0.44376528117359415,0.09046454767726161,0.2448,128,2153,0.1,0.15,30
20,10,true,,0.07233089868708502,0.20542504045059787,0.14592382436660373,14,16,2.0,19.0,0.7266104294478528,0.0,0.246,129,2154,0.1,0.15,30
20,10,false,,0.1203903757620603,0.0700034498024093,-0.06004688683685204,7,1,1.0,19.0,0.3304056879966541,0.0,0.2232,130,2155,0.1,0.15,30
30,15,false,,0.0717401366941102,0.6206908065382692,0.5666743417595415,25,26,3.0,29.0,0.8199195171026157,0.28722334004024147,0.1378,130,2155,0.1,0.15,30
40,20,false,,0.48350942775542477,0.06252780493968489,-0.41661679714185473,2,1,1.0,17.0,0.15429831006612785,0.0,0.045,130,2155,0.1,0.15,30
50,25,false,,0.09007707395354278,0.08003602327211608,-0.005021590486647173,15,1,1.0,29.0,0.47707847707847706,0.17404817404817405,0.0402,130,2155,0.1,0.15,30
60,30,false,,0.06662306782471701,0.4103993946420497,0.3627814121038782,56,57,51.0,59.0,1.0,0.0,0.0154,130,2155,0.1,0.15,30
20,10,true,,0.08956468410302647,0.2369525456827764,0.15553883264042712,14,16,2.0,19.0,0.7484121383203952,0.0,0.301,131,2156,0.1,0.15,30
20,10,false,,0.0937782210993057,0.20460246131412677,0.11108656514643077,13,16,2.0,19.0,0.6564885496183206,0.0,0.277,132,2157,0.1,0.15,30
30,15,false,,0.10304876122255145,0.10131364050334674,0.0022550648755604863,14,4,2.0,28.0,0.5030745580322828,0.0668716372021522,0.2736,132,2157,0.1,0.15,30
40,20,false,,0.10278688228452523,0.1288027483864092,0.03350672068247626,23,1,1.0,38.0,0.5935659265971908,0.15949252378794743,0.1994,132,2157,0.1,0.15,30
50,25,false,,0.23246543544243808,0.10137354454427792,-0.14654549887384813,6,4,1.0,47.0,0.25608732157850544,0.056255247691015954,0.2162,132,2157,0.1,0.15,30
60,30,true,,0.1160356303992197,0.3562180677386221,0.2448910900971396,52,57,23.0,59.0,0.8044265593561368,0.11146881287726358,0.2684,132,2157,0.1,0.15,30
20,10,false,,0.10331774072028402,0.0987834865065083,-0.002314432470936989,10,1,1.0,18.0,0.4959378311550689,0.0,0.2902,133,2158,0.1,0.15,30
30,15,true,,0.0839718750166702,0.24764898932195348,0.16166342180868282,24,26,2.0,29.0,0.7944325481798715,0.2462526766595289,0.2092,133,2158,0.1,0.15,30
20,10,false,,0.1599207613227345,0.1655245746427269,0.0003532297423228248,11,16,1.0,19.0,0.5046560528687294,0.0,0.3064,134,2159,0.1,0.15,30
30,15,false,,0.17433352011179548,0.10521496295417218,-0.08974127928156689,8,3,1.0,28.0,0.27646662171274444,0.044504383007417395,0.256,134,2159,0.1,0.15,30
40,20,true,,0.12427754207351761,0.34422016891673735,0.22515867596441566,33,37,15.0,39.0,0.790144727773949,0.3456237077877326,0.2598,134,2159,0.1,0.15,30
20,10,false,,0.15013889562722285,0.17748134441648286,0.037253730033022556,12,16,1.0,19.0,0.5836807623585467,0.0,0.3238,135,2160,0.1,0.15,30
30,15,false,,0.13296954419473284,0.4485616440815265,0.32936363649358946,25,27,2.0,29.0,0.7129251700680272,0.3227891156462585,0.2416,135,2160,0.1,0.15,30
40,20,false,,0.17555406377931523,0.09786822372058591,-0.11243942188789541,13,1,1.0,36.0,0.17506631299734748,0.09359605911330049,0.2162,135,2160,0.1,0.15,30
50,25,false,,0.1836299984103435,0.1129205638895089,-0.08691287472893203,7,4,1.0,32.0,0.24761904761904763,0.07179487179487179,0.2314,135,2160,0.1,0.15,30
60,30,false,,0.17332119198671833,0.1226215237138297,-0.05678739568964679,7,4,1.0,34.0,0.31039640987284967,0.10508601346297682,0.1956,135,2160,0.1,0.15,30
20,10,true,,0.0704029339624127,0.18198757338291918,0.12003023359320224,13,15,2.0,19.0,0.7697896749521989,0.0,0.264,136,2161,0.1,0.15,30
20,10,false,,0.09616503235572954,0.5398808006857292,0.4437244313234727,15,16,1.0,19.0,0.7597851112816577,0.0,0.25,137,2162,0.1,0.15,30
30,15,false,,0.09933289872122814,0.7010274139787033,0.5984235494759257,25,27,5.0,29.0,0.9175777964676198,0.3502943650126156,0.2552,137,2162,0.1,0.15,30
40,20,false,,0.11303318328281219,0.15048769825684194,0.04324421492631281,25,30,3.0,38.0,0.6120754716981132,0.31018867924528304,0.2956,137,2162,0.1,0.15,30
50,25,true,,0.12153842385716852,0.3105824792991744,0.197342959784439,40,47,1.0,49.0,0.7134831460674157,0.0754414125200642,0.2462,137,2162,0.1,0.15,30
20,10,true,,0.07465023861866958,0.20087166104771756,0.12867475923477603,14,16,2.0,19.0,0.7644411102775694,0.0,0.2808,138,2163,0.1,0.15,30
20,10,false,,0.09515367426009978,0.1736093871358671,0.0817458251017251,12,16,1.0,19.0,0.6280487804878049,0.0,0.2756,139,2164,0.1,0.15,30
30,15,false,,0.1022553134551177,0.14710224087524967,0.06834526512955347,15,26,1.0,29.0,0.6495624502784407,0.10222752585521082,0.2942,139,2164,0.1,0.15,30
40,20,false,,0.1210173528116231,0.12327590838225543,0.014409791240414471,19,2,1.0,39.0,0.5294806716126513,0.15384615384615385,0.276,139,2164,0.1,0.15,30
50,25,true,,0.11677633225555611,0.2368657751998562,0.1430242836709248,39,45,2.0,49.0,0.7570165321030373,0.10265282583621683,0.267,139,2164,0.1,0.15,30
20,10,false,,0.08483217689543628,0.4251970204488,0.3285471353412468,15,17,4.0,19.0,0.9147368421052632,0.0,0.3066,140,2165,0.1,0.15,30
30,15,false,,0.10196109435167793,0.18926543144588706,0.10010302122559028,19,26,2.0,29.0,0.6813353566009105,0.1286039453717754,0.2968,140,2165,0.1,0.15,30
40,20,true,,0.11689440803545324,0.20905377412996956,0.10552952202711,33,35,2.0,39.0,0.7319895483389325,0.2609182530795073,0.2808,140,2165,0.1,0.15,30
20,10,false,,0.08112725376437525,0.16554171127406989,0.08802796469221624,14,17,2.0,19.0,0.6985981308411215,0.0,0.2554,141,2166,0.1,0.15,30
30,15,false,,0.09398689955540562,0.14507006560914176,0.07045683483282163,18,2,1.0,29.0,0.5701923076923077,0.17163461538461539,0.162,141,2166,0.1,0.15,30
40,20,false,,0.29698120763002084,0.088078555758168,-0.2111617961840409,5,2,1.0,22.0,0.18943298969072164,0.014604810996563574,0.2412,141,2166,0.1,0.15,30
50,25,false,,0.12293028299726198,0.15510882428364817,0.05331511823640642,26,47,1.0,48.0,0.6138448707256047,0.13511259382819016,0.2542,141,2166,0.1,0.15,30
60,30,false,,0.12788270253616732,0.14475208640066384,0.04038098605284496,33,4,1.0,58.0,0.5919678714859438,0.03132530120481928,0.2048,141,2166,0.1,0.15,30
20,10,false,,0.14467012987146152,0.19059849860441763,0.08905172269054609,12,17,1.0,19.0,0.6328835895826797,0.0,0.3038,142,2167,0.1,0.15,30
30,15,false,,0.12870903013158286,0.18329141787870484,0.07963643790092978,24,27,1.0,29.0,0.6118286879673691,0.2709041468388851,0.2526,142,2167,0.1,0.15,30
40,20,false,,0.13083580954183394,0.146246354120115,0.05287091527344982,25,36,1.0,39.0,0.5946915351506457,0.1524390243902439,0.2344,142,2167,0.1,0.15,30
50,25,false,,0.14308650667706976,0.13908572930865637,0.002480171282048832,11,3,1.0,47.0,0.5056218057921635,0.02385008517887564,0.2352,142,2167,0.1,0.15,30
60,30,true,,0.1397879286811569,0.2654406871315011,0.1384597748829281,53,57,31.0,59.0,0.852803738317757,0.02870493991989319,0.1816,142,2167,0.1,0.15,30
20,10,false,,0.16531035453823842,0.08433639485599632,-0.11061462913208625,5,1,1.0,18.0,0.27965772073123296,0.0,0.2374,143,2168,0.1,0.15,30
30,15,false,,0.08509164327600595,0.26944552446937364,0.19421024117537872,25,26,9.0,29.0,0.7846633972358449,0.2964779313419527,0.2068,143,2168,0.1,0.15,30
40,20,false,,0.09392242779256035,0.09757883104885481,0.016852299081754687,27,37,1.0,39.0,0.5396586345381527,0.1857429718875502,0.1394,143,2168,0.1,0.15,30
50,25,false,,0.0923687654614492,0.1184850187777364,0.03118164343327618,39,43,4.0,49.0,0.5859969558599696,0.10096397767630644,0.1118,143,2168,0.1,0.15,30
60,30,false,,0.2681146023581,0.07731628417248529,-0.18216671737224374,4,4,1.0,12.0,0.10256410256410256,0.0,0.0486,143,2168,0.1,0.15,30
20,10,false,,0.14780515068019212,0.14140750393856746,-0.011237622422450105,8,1,1.0,18.0,0.47464114832535886,0.0,0.3002,144,2169,0.1,0.15,30
30,15,false,,0.12787649232248954,0.22024031816041315,0.13659975486777262,19,1,1.0,29.0,0.5867246147767681,0.20466218885815882,0.2486,144,2169,0.1,0.15,30
40,20,true,,0.10913892360085035,0.3125441419323517,0.19873693029939943,34,36,17.0,39.0,0.8062888198757764,0.34433229813664595,0.2634,144,2169,0.1,0.15,30
20,10,false,,0.23640206788587076,0.09427053207043229,-0.17305026665025314,6,4,1.0,19.0,0.25517921736270965,0.0,0.2716,145,2170,0.1,0.15,30
30,15,false,,0.34943834656259104,0.08610895184584959,-0.27122326670729013,4,2,1.0,27.0,0.1288109756097561,0.03048780487804878,0.23,145,2170,0.1,0.15,30
40,20,false,,0.11528896202775207,0.5601062761327131,0.4458106870222751,35,36,2.0,39.0,0.8452154022112085,0.19329012581014107,0.2528,145,2170,0.1,0.15,30
50,25,false,,0.218508655780348,0.1518019767550906,-0.06701992394608529,7,2,1.0,49.0,0.4965986394557823,0.00935374149659864,0.1858,145,2170,0.1,0.15,30
60,30,true,,0.12823293858114243,0.2512118110721653,0.13024965761669466,52,52,32.0,58.0,0.8105117565698479,0.0318118948824343,0.2282,145,2170,0.1,0.15,30
20,10,false,,0.16978610787314816,0.09441206244661064,-0.08738466780094278,7,1,1.0,19.0,0.3708582834331337,0.0,0.223,146,2171,0.1,0.15,30
30,15,false,,0.09851267357235673,0.13474165123339463,0.06088589711518586,14,26,1.0,29.0,0.6676852559205501,0.10504201680672269,0.2814,146,2171,0.1,0.15,30
40,20,false,,0.102394075039888,0.15133518381383962,0.06563897900941465,23,36,4.0,38.0,0.6894001643385373,0.21939194741166804,0.2598,146,2171,0.1,0.15,30
50,25,false,,0.11034655280887974,0.1350115808825693,0.035982191306039746,33,46,2.0,48.0,0.6024400504838031,0.09844341607067733,0.2132,146,2171,0.1,0.15,30
60,30,false,,0.11835017815542781,0.18300553321673363,0.07713780339054258,47,56,1.0,59.0,0.6561787505699954,0.049247606019151846,0.142,146,2171,0.1,0.15,30
20,10,true,,0.0921303027765915,0.33374932541481384,0.24281053747950776,13,17,1.0,19.0,0.7274096385542169,0.0,0.2668,147,2172,0.1,0.15,30
20,10,false,,0.15357394369624633,0.14202647179493663,-0.01457148878534685,7,3,1.0,19.0,0.4714993804213135,0.0,0.3068,148,2173,0.1,0.15,30
30,15,false,,0.12241152720872422,0.5038068414326714,0.38938160840948643,26,27,16.0,29.0,0.9357766143106457,0.3888307155322862,0.2746,148,2173,0.1,0.15,30
40,20,false,,0.14267840619349006,0.13082525762429614,-0.014954810817485675,12,4,1.0,38.0,0.4457161543492479,0.12753433616742968,0.2538,148,2173,0.1,0.15,30
50,25,false,,0.15022518315526284,0.1338980822773082,-0.02713909775174614,23,1,1.0,49.0,0.4404510218463707,0.12085976039464412,0.2028,148,2173,0.1,0.15,30
60,30,true,,0.1375518281206507,0.3171402018459964,0.17244411436029475,53,54,28.0,59.0,0.8429530201342282,0.040268456375838924,0.185,148,2173,0.1,0.15,30
20,10,false,,0.07914251152385623,0.1610022381026389,0.09159469631072209,13,15,1.0,19.0,0.6609458428680397,0.0,0.2818,149,2174,0.1,0.15,30
30,15,true,,0.07753944890002022,0.18452541534553635,0.10038267896163364,22,24,2.0,29.0,0.7399813606710158,0.16728797763280523,0.1826,149,2174,0.1,0.15,30
20,10,true,,0.0818508931263894,0.19938364504384404,0.11693713025489187,13,16,2.0,19.0,0.7736121124729632,0.0,0.297,150,2175,0.1,0.15,30
20,10,false,,0.18281819223553605,0.11798086455887036,-0.08439791655913773,11,2,1.0,19.0,0.3938694792353329,0.0,0.26,151,2176,0.1,0.15,30
30,15,false,,0.3446768534730377,0.07712982708899166,-0.2689895812959966,4,3,1.0,18.0,0.09066041422430637,0.0,0.2158,151,2176,0.1,0.15,30
40,20,false,,0.12965724232668044,0.1716634796764232,0.06885840395822673,24,36,1.0,39.0,0.574434299325129,0.18221516474791585,0.2574,151,2176,0.1,0.15,30
50,25,false,,0.11764512550354825,0.22427133454840847,0.11654836397796084,43,46,2.0,49.0,0.6677754677754678,0.014137214137214138,0.247,151,2176,0.1,0.15,30
60,30,false,,0.14902326319345488,0.1214121622105257,-0.0202645915318736,21,6,2.0,58.0,0.4440789473684211,0.04975328947368421,0.1926,151,2176,0.1,0.15,30
20,10,false,,0.12091310128082476,0.11371278528708793,-0.016098009753319528,11,1,1.0,19.0,0.4693645990922844,0.0,0.248,152,2177,0.1,0.15,30
30,15,false,,0.1247184379818753,0.11264415307376636,-0.020421344051262426,13,2,1.0,28.0,0.4501069137562366,0.08660014255167499,0.2852,152,2177,0.1,0.15,30
40,20,false,,0.3271704193559978,0.10707316027767919,-0.23507136133661244,4,1,1.0,30.0,0.21348747591522158,0.07013487475915221,0.2334,152,2177,0.1,0.15,30
50,25,false,,0.12355505991607722,0.22232194094354324,0.10533329051353474,43,46,15.0,49.0,0.678945467677862,0.037197544239797764,0.2512,152,2177,0.1,0.15,30
60,30,true,,0.12896664678247094,0.24322472655640812,0.11732894209300618,54,56,40.0,59.0,0.7131386861313869,0.00145985401459854,0.1994,152,2177,0.1,0.15,30
20,10,false,,0.12490223122396708,0.13178508506955766,0.009026464043752173,9,2,1.0,19.0,0.5112676056338028,0.0,0.274,153,2178,0.1,0.15,30
30,15,false,,0.12115308837144854,0.08798083236806481,-0.04389515156608291,10,2,1.0,27.47499999999991,0.36388670338316287,0.04602675059008655,0.241,153,2178,0.1,0.15,30
40,20,false,,0.1130976258194472,0.13490833359129914,0.0327758123958609,27,37,2.0,39.0,0.589041095890411,0.250201450443191,0.2734,153,2178,0.1,0.15,30
50,25,false,,0.12267346142498707,0.13386597634444214,0.023295235511251122,19,5,2.0,48.0,0.5621931260229133,0.09983633387888707,0.275,153,2178,0.1,0.15,30
60,30,false,,0.24182271773721292,0.09897856839226793,-0.13848032723919138,8,4,1.0,39.0,0.18768768768768768,0.015015015015015015,0.1498,153,2178,0.1,0.15,30
20,10,false,,0.1184812239067537,0.1133786990315351,0.0008201221992940877,10,2,1.0,19.0,0.5036045314109165,0.0,0.2842,154,2179,0.1,0.15,30
30,15,false,,0.11224953014550068,0.4326461695233532,0.30774499683391593,25,27,6.0,29.0,0.8540405838376647,0.2933428266286935,0.2764,154,2179,0.1,0.15,30
40,20,false,,0.1452153405800901,0.11376028915212852,-0.04065961715506505,12,2,1.0,30.0,0.3525483304042179,0.07311072056239015,0.2648,154,2179,0.1,0.15,30
50,25,false,,0.1317657869352909,0.13103532744970137,0.002905988556452077,14,3,1.0,36.0,0.5072164948453608,0.18144329896907216,0.2686,154,2179,0.1,0.15,30
60,30,true,,0.13375894516733006,0.3550108821143318,0.21585895647071165,54,56,45.0,59.0,0.7714987714987716,0.0,0.1914,154,2179,0.1,0.15,30
20,10,false,,0.1334637314128094,0.19338526495508207,0.07924233229624407,13,16,1.0,19.0,0.6115998696643858,0.0,0.2992,155,2180,0.1,0.15,30
30,15,false,,0.12411905703939058,0.11163874164643778,-0.023139232484554968,14,3,1.0,29.0,0.443656980864635,0.0815024805102764,0.2778,155,2180,0.1,0.15,30
40,20,false,,0.10658470713259474,0.5057284826732911,0.40780177218030095,35,37,20.0,39.0,0.9253790901835595,0.2789305666400638,0.2688,155,2180,0.1,0.15,30
50,25,false,,0.23148106025146423,0.09614870091077372,-0.13501293266636102,5,3,1.0,46.0,0.2891141472014103,0.05156456588805641,0.1882,155,2180,0.1,0.15,30
60,30,false,,0.12048878630322887,0.1447656212926298,0.023849378728630702,47,54,5.0,59.0,0.586793198892843,0.06722024515618821,0.233,155,2180,0.1,0.15,30
20,10,false,,0.119776064278236,0.6263279726019123,0.4937728071646872,16,17,4.0,19.0,0.8389688650820221,0.0,0.2814,156,2181,0.1,0.15,30
30,15,false,,0.14774217257150707,0.10388810984307652,-0.05848725730151806,7,2,1.0,28.0,0.3896976483762598,0.06868234415826802,0.2696,156,2181,0.1,0.15,30
40,20,false,,0.14197923958007394,0.11117992985837867,-0.0342197845603919,11,4,1.0,39.0,0.3879472693032015,0.08060263653483993,0.258,156,2181,0.1,0.15,30
50,25,true,,0.12370797740387722,0.34340887022674493,0.21454701212109567,42,46,18.0,49.0,0.8330876934414149,0.07406042741341194,0.2354,156,2181,0.1,0.15,30
20,10,false,,0.1552633441223694,0.1571672382243719,0.012749333939425594,9,3,1.0,19.0,0.5272119185162664,0.0,0.3204,157,2182,0.1,0.15,30
30,15,false,,0.13937292274201044,0.16827000233441072,0.042891006037871715,22,26,1.0,29.0,0.5645917001338688,0.24129852744310576,0.2586,157,2182,0.1,0.15,30
40,20,false,,0.3637071115340094,0.09785146041642125,-0.2636699439487447,4,2,1.0,28.0,0.11958680969408025,0.030194676201827572,0.2056,157,2182,0.1,0.15,30
50,25,true,,0.12431394820151738,0.29647640937843295,0.16411551697228213,43,46,10.0,49.0,0.7749820273184759,0.13479511143062545,0.227,157,2182,0.1,0.15,30
20,10,false,,0.11436631538798143,0.11268590375956063,-0.0028287108639298286,9,3,1.0,19.0,0.4920149507305471,0.0,0.2998,158,2183,0.1,0.15,30
30,15,true,,0.10545382626006786,0.40780252026870045,0.32051544145366917,24,27,2.0,29.0,0.7446890691386636,0.28118964851293937,0.2638,158,2183,0.1,0.15,30
20,10,false,,0.10374400276538387,0.18233183250877893,0.08470624137823407,14,16,2.0,19.0,0.6953428201811126,0.0,0.309,159,2184,0.1,0.15,30
30,15,false,,0.11111743514085863,0.34782726188730906,0.23653646763057454,25,26,5.0,29.0,0.8033644859813084,0.29345794392523367,0.277,159,2184,0.1,0.15,30
40,20,false,,0.13144602097670505,0.13517443107959418,0.0059116509325741196,18,2,1.0,38.0,0.5186236253990777,0.21780773323873714,0.2208,159,2184,0.1,0.15,30
50,25,true,,0.1303650643881407,0.25236487902318244,0.13328348368870302,43,46,1.0,49.0,0.736664162283997,0.01728024042073629,0.2002,159,2184,0.1,0.15,30
20,10,true,,0.09444633463430524,0.1807909802225241,0.10209878175712822,12,15,1.0,19.0,0.7002133712660028,0.0,0.3078,160,2185,0.1,0.15,30
20,10,false,,0.1217706743005825,0.11542704604349527,-0.0028263321548756687,13,16,1.0,19.0,0.4947617438323758,0.0,0.2896,161,2186,0.1,0.15,30
30,15,false,,0.08970961944625565,0.13368527087202337,0.05984186465180409,18,26,1.0,29.0,0.6169336384439359,0.19588100686498855,0.1698,161,2186,0.1,0.15,30
40,20,false,,0.08463693568098388,0.13383510321423522,0.05310099548020419,31,32,14.0,39.0,0.6284584980237155,0.4066205533596838,0.1292,161,2186,0.1,0.15,30
50,25,false,,0.0779723986946938,0.7137395754549641,0.6086287080497695,45,47,26.0,49.0,0.886875,0.05625,0.058,161,2186,0.1,0.15,30
60,30,false,,0.20392725582471213,0.06989670315624912,-0.12803576894592694,5,5,1.0,9.0,0.12317666126418152,0.0,0.0292,161,2186,0.1,0.15,30
20,10,false,,0.13517978442961598,0.22628369813481394,0.11865021318435051,12,16,1.0,19.0,0.6949734623790197,0.0,0.3158,162,2187,0.1,0.15,30
30,15,false,,0.1244980875603282,0.26859893469310214,0.1567078399391865,21,26,2.0,29.0,0.6704628949301984,0.22299779573842762,0.2702,162,2187,0.1,0.15,30
40,20,false,,0.2815101623101377,0.09388626305965028,-0.19500267448188835,5,1,1.0,27.0,0.16956882255389719,0.0236318407960199,0.2334,162,2187,0.1,0.15,30
50,25,true,,0.11632727995101884,0.45772590628942755,0.33492020633169894,43,43,3.0,49.0,0.8070109310214851,0.03731624575951753,0.2574,162,2187,0.1,0.15,30
20,10,true,,0.0930691434683494,0.19066072646985335,0.1231842674151263,11,16,2.0,19.0,0.7534013605442177,0.0,0.3162,163,2188,0.1,0.15,30
20,10,false,,0.15803070242566264,0.1110386544388134,-0.05911242600648339,6,1,1.0,19.0,0.36605657237936773,0.0,0.2864,164,2189,0.1,0.15,30
30,15,false,,0.14216839090965053,0.11260229573172707,-0.04385331286883095,15,4,1.0,28.0,0.38570487483530963,0.09552042160737813,0.2766,164,2189,0.1,0.15,30
40,20,false,,0.3593252999986398,0.10558090643256265,-0.27019445257171415,4,2,1.0,35.0,0.16339622641509435,0.03283018867924528,0.2118,164,2189,0.1,0.15,30
50,25,false,,0.13675454224062866,0.12471468503735592,-0.014482822584177005,21,9,2.0,47.0,0.4351017684351018,0.10076743410076744,0.2552,164,2189,0.1,0.15,30
60,30,false,,0.13549880628150346,0.13263619495812784,-0.012669745947439803,30,3,1.0,59.0,0.45524296675191817,0.07782243332115454,0.193,164,2189,0.1,0.15,30
20,10,false,,0.09165716504844898,0.19468258096470553,0.1130732373121311,13,16,1.0,19.0,0.690188679245283,0.0,0.2726,165,2190,0.1,0.15,30
30,15,false,,0.11181859429497996,0.13615120903407008,0.0493444345410604,12,4,1.0,29.0,0.6161541311596888,0.11300481659874027,0.2796,165,2190,0.1,0.15,30
40,20,false,,0.12567011982844856,0.1285844567274218,0.012930417515546522,13,3,1.0,38.0,0.5279340082489689,0.1372328458942632,0.2708,165,2190,0.1,0.15,30
50,25,false,,0.12899009019747043,0.12330977974458715,0.00039453212416684647,9,4,1.0,39.0,0.5065963060686016,0.02412363362231436,0.2478,165,2190,0.1,0.15,30
60,30,true,,0.11842002652958812,0.34089536456327546,0.2259575670845913,53,54,38.0,59.0,0.8184663536776213,0.0003912363067292645,0.1774,165,2190,0.1,0.15,30
20,10,false,,0.11704228766471446,0.13822848423343306,0.04058335764066147,10,2,1.0,19.0,0.5892798421571851,0.0,0.281,166,2191,0.1,0.15,30
30,15,false,,0.2092842826016477,0.09692476064198928,-0.12384558868396811,5,1,1.0,27.0,0.3099391480730223,0.03975659229208925,0.2202,166,2191,0.1,0.15,30
40,20,false,,0.5932767716095286,0.08132494059205343,-0.5135207529737139,2,2,1.0,7.0,0.026976744186046512,0.0,0.151,166,2191,0.1,0.15,30
50,25,false,,0.27380847848427053,0.09454192494670371,-0.17631275192850354,6,4,1.0,34.02500000000009,0.16666666666666666,0.02896825396825397,0.2448,166,2191,0.1,0.15,30
60,30,false,,0.32098736051681387,0.10179218186790853,-0.2348398763305552,4,1,1.0,20.0,0.15032377428307123,0.0,0.1738,166,2191,0.1,0.15,30
20,10,false,,0.10099343234280611,0.08923652509569487,-0.004578836725536578,9,1,1.0,19.0,0.4899253731343284,0.0,0.2758,167,2192,0.1,0.15,30
30,15,false,,0.10778450816530018,0.14589104307442977,0.04879867522656328,20,26,1.0,29.0,0.5918527222875049,0.15393654524089306,0.2966,167,2192,0.1,0.15,30
40,20,false,,0.11401652428405655,0.1420542236725294,0.04613563988326064,21,37,3.0,39.0,0.6148382004735596,0.1728492501973165,0.2716,167,2192,0.1,0.15,30
50,25,false,,0.14628319465688383,0.11481207592999132,-0.03019911811702289,9,3,1.0,44.0,0.39169254658385094,0.03920807453416149,0.2964,167,2192,0.1,0.15,30
60,30,false,,0.12064145194929667,0.15052656669758308,0.04244000442309484,34,55,6.0,59.0,0.637539184952978,0.12656739811912227,0.2526,167,2192,0.1,0.15,30
20,10,false,,0.07773533873334273,0.6886654377216537,0.6100334709409232,16,16,2.0,19.0,0.8998058252427185,0.0,0.2906,168,2193,0.1,0.15,30
30,15,false,,0.09878949556230385,0.11430471963113961,0.02097159104813276,10,3,1.0,28.0,0.5751968503937008,0.05393700787401575,0.2842,168,2193,0.1,0.15,30
40,20,true,,0.11324475530807435,0.20895460205695113,0.11254955887170084,32,35,3.0,39.0,0.70703125,0.26640625,0.2688,168,2193,0.1,0.15,30
20,10,false,,0.11185270156379565,0.11442095365381004,0.009274216079941972,14,17,2.0,19.0,0.525207182320442,0.0,0.2794,169,2194,0.1,0.15,30
30,15,false,,0.13798180290870815,0.09779415805779869,-0.05303252327604173,11,2,1.0,28.0,0.4095536413469068,0.07439310884886452,0.2642,169,2194,0.1,0.15,30
40,20,true,,0.10033152806995269,0.5352320041809098,0.4345746294962401,34,36,4.0,39.0,0.8450892857142858,0.24553571428571427,0.2222,169,2194,0.1,0.15,30
20,10,false,,0.1290337521836847,0.11669416617005145,-0.015637425431683186,10,5,1.0,19.0,0.4655117099775425,0.0,0.2922,170,2195,0.1,0.15,30
30,15,false,,0.12501659021646522,0.12528094108954393,0.008457203172822933,20,22,2.0,29.0,0.5201119272472893,0.1297656523259881,0.2856,170,2195,0.1,0.15,30
40,20,false,,0.1689427331917456,0.09371602915230197,-0.0816527303736197,7,3,1.0,34.0,0.25713169206721376,0.03712387651426338,0.2546,170,2195,0.1,0.15,30
50,25,false,,0.12141148285462999,0.14800013320725228,0.02685960058343019,30,2,1.0,48.0,0.555076440611525,0.24304194433555468,0.264,170,2195,0.1,0.15,30
60,30,false,,0.17939157346139473,0.10278934451252945,-0.07546068035804795,9,5,1.0,25.0,0.25334448160535117,0.005852842809364548,0.1912,170,2195,0.1,0.15,30
20,10,false,,0.1884793127202988,0.08943282362747901,-0.11787934560378309,6,2,1.0,18.0,0.20446457457133613,0.0,0.2992,171,2196,0.1,0.15,30
30,15,false,,0.12700954075378687,0.10333924994123458,-0.03315503524992195,13,3,1.0,28.0,0.44013814274750573,0.08710667689946278,0.213,171,2196,0.1,0.15,30
40,20,false,,0.0915537577645758,0.700829427716344,0.5994181660400906,36,36,22.0,39.0,0.9175557710960233,0.18671193016488846,0.1626,171,2196,0.1,0.15,30
50,25,true,,0.09122558389563798,0.33805152914171754,0.24425207988647557,44,46,26.0,49.0,0.8470705064548163,0.1156901688182721,0.1186,171,2196,0.1,0.15,30
20,10,false,,0.1814550907697326,0.15088387528566868,-0.044265490259271095,9,2,1.0,19.0,0.4533165671172587,0.0,0.2882,172,2197,0.1,0.15,30
30,15,false,,0.24064729444755115,0.09926508043147891,-0.1507574882895997,7,3,1.0,28.0,0.2058330539725109,0.07542742205833054,0.254,172,2197,0.1,0.15,30
40,20,false,,0.12581321224535072,0.14499140964318824,0.03788721734704488,31,37,2.0,39.0,0.5647668393782384,0.1857883049592894,0.25,172,2197,0.1,0.15,30
50,25,false,,0.1931438750639796,0.11662502643861446,-0.08551129033321771,5,2,1.0,32.0,0.2855035042419771,0.04647731464404279,0.2174,172,2197,0.1,0.15,30
60,30,true,,0.126655715623201,0.21862527696196662,0.095792607743508,49,55,22.0,59.0,0.7585951940850277,0.09796672828096119,0.1844,172,2197,0.1,0.15,30
20,10,false,,0.11419609040847817,0.07708165045880172,-0.04285578719960956,9,1,1.0,18.0,0.38069073783359497,0.0,0.2208,173,2198,0.1,0.15,30
30,15,false,,0.103550949425367,0.14636289533847455,0.05530113955081767,16,15,3.0,28.0,0.6702459300311743,0.08209213716660893,0.3176,173,2198,0.1,0.15,30
40,20,false,,0.10494109962291953,0.7653828707859905,0.6534079477771001,36,37,27.0,39.0,0.994188645507376,0.2373714796602593,0.2286,173,2198,0.1,0.15,30
50,25,false,,0.17235892102276235,0.10757337698490159,-0.08608003339176784,6,1,1.0,45.0,0.3481989708404803,0.13765008576329332,0.2336,173,2198,0.1,0.15,30
60,30,false,,0.15445160317588155,0.1166052802937311,-0.03502267672371868,15,2,1.0,44.0,0.3678038379530917,0.08049040511727079,0.1542,173,2198,0.1,0.15,30
20,10,false,,0.06602912595855587,0.7439969274724605,0.6765163160555829,16,16,5.0,19.0,0.884315424610052,0.0,0.2226,174,2199,0.1,0.15,30
30,15,false,,0.12355118418837527,0.0993035907503934,-0.029610226968618314,8,4,1.0,25.550000000000182,0.40527766837337537,0.018511224891689642,0.2812,174,2199,0.1,0.15,30
40,20,true,,0.10849413611999069,0.35662963372350925,0.2497945793424517,31,35,3.0,39.0,0.8234142521534847,0.23962411902897415,0.2808,174,2199,0.1,0.15,30
20,10,false,,0.10423728944621617,0.10384641311176623,0.005724857686378287,8,1,1.0,18.0,0.5091794679655302,0.0,0.2722,175,2200,0.1,0.15,30
30,15,false,,0.16983858964618556,0.09812755143769149,-0.08627120928006998,5,1,1.0,29.0,0.38153310104529614,0.08667247386759581,0.2242,175,2200,0.1,0.15,30
40,20,false,,0.12112645647243046,0.11887555367825661,0.017726713462789423,12,5,2.0,38.0,0.5355319984295249,0.1574401256380055,0.2876,175,2200,0.1,0.15,30
50,25,true,,0.11595800709427889,0.5167939628111584,0.390973682059378,42,46,1.0,49.0,0.7949773569370111,0.07122272540139975,0.2712,175,2200,0.1,0.15,30
20,10,true,,0.14731782201870652,0.31614482602096033,0.18509902421806257,14,15,3.0,19.0,0.7265740467041087,0.0,0.336,176,2201,0.1,0.15,30
20,10,true,,0.04817661522145837,0.1348302028870745,0.08829729647701487,13,14,3.0,19.0,0.7644001732351667,0.0,0.193,177,2202,0.1,0.15,30
20,10,false,,0.42602543948988436,0.08364045402322973,-0.34448862440292,3,1,1.0,17.0,0.27235772357723576,0.0,0.1988,178,2203,0.1,0.15,30
30,15,true,,0.1079704203210616,0.1834424635863369,0.08264099814021095,16,14,3.0,28.0,0.7245308310991957,0.06668900804289545,0.3042,178,2203,0.1,0.15,30
20,10,false,,0.2357328016470013,0.13117758193190746,-0.11427006215847409,5,1,1.0,19.0,0.35643224699828474,0.0,0.2542,179,2204,0.1,0.15,30
30,15,false,,0.13801430307904286,0.12645687669590575,-0.013632125178780624,15,5,2.0,28.0,0.46681346335325574,0.05725070776973891,0.293,179,2204,0.1,0.15,30
40,20,false,,0.16768106738332902,0.11277739984961313,-0.0711047827038746,7,2,1.0,37.0,0.33726067746686306,0.15169366715758467,0.233,179,2204,0.1,0.15,30
50,25,false,,0.2012264843297633,0.11553164763722941,-0.09076645334356767,5,2,1.0,31.0,0.2394686907020873,0.026565464895635674,0.2096,179,2204,0.1,0.15,30
60,30,true,,0.13273718536420492,0.2475047471548273,0.11297646304244241,49,51,13.0,58.0,0.7569169960474308,0.030961791831357048,0.1854,179,2204,0.1,0.15,30
20,10,true,,0.11604137163259143,0.22194490344887793,0.11740450654331544,13,16,2.0,19.0,0.7599875156054932,0.0,0.3356,180,2205,0.1,0.15,30
20,10,false,,0.10680202216373234,0.7181422967080345,0.592088838582352,16,17,5.0,19.0,0.9539763113367175,0.0,0.2812,181,2206,0.1,0.15,30
30,15,false,,0.11792396571791333,0.14358213890692947,0.03861749329914295,12,4,1.0,29.0,0.5995244565217391,0.08627717391304347,0.2792,181,2206,0.1,0.15,30
40,20,false,,0.12753738353581928,0.5040786446969076,0.37292580907407197,35,37,20.0,39.0,0.9140893470790378,0.2786941580756014,0.2598,181,2206,0.1,0.15,30
50,25,true,,0.13588084908483486,0.19051365883897367,0.0824351355537415,31,45,2.0,49.0,0.7493377483443708,0.12582781456953643,0.2466,181,2206,0.1,0.15,30
20,10,true,,0.12283441403810087,0.24484199487038816,0.14087054078986774,12,16,2.0,19.0,0.738006230529595,0.0,0.3136,182,2207,0.1,0.15,30
20,10,false,,0.2208319596677667,0.0761480861527197,-0.15377766014595184,5,1,1.0,18.0,0.22883787661406027,0.0,0.2316,183,2208,0.1,0.15,30
30,15,false,,0.14527237443740992,0.09223263081795216,-0.06612769379047188,6,2,1.0,23.0,0.3568264196536448,0.008054772452678213,0.2644,183,2208,0.1,0.15,30
40,20,false,,0.11653628071141657,0.1509195122481092,0.05642398159690931,28,35,3.0,39.0,0.5863117870722433,0.22927756653992395,0.2896,183,2208,0.1,0.15,30
50,25,false,,0.11029274764283488,0.7878705019762786,0.6639972329535803,45,46,36.0,49.0,0.9771453212591634,0.0068995256576110395,0.2512,183,2208,0.1,0.15,30
60,30,false,,0.11730830297760617,0.14668751971540211,0.04051531193972087,42,54,4.0,58.0,0.6196763202725724,0.10817717206132879,0.2288,183,2208,0.1,0.15,30
20,10,false,,0.11919724674081672,0.11706970002777023,0.008742644317642573,10,16,1.0,19.0,0.5192444761225944,0.0,0.276,184,2209,0.1,0.15,30
30,15,false,,0.10208435843493928,0.10534805655733256,0.025755296348233314,15,26,1.0,29.0,0.5543478260869565,0.10493311036789298,0.2264,184,2209,0.1,0.15,30
40,20,true,,0.08613243716969157,0.21053353110210632,0.1332464265347573,33,37,18.0,39.0,0.746885899352267,0.317887394120578,0.1686,184,2209,0.1,0.15,30
20,10,false,,0.15019012112372954,0.15766500650948911,0.007122282943995556,11,18,1.0,19.0,0.5179245283018868,0.0,0.3024,185,2210,0.1,0.15,30
30,15,false,,0.14778332703007419,0.12193861340393128,-0.0338342868605933,15,3,1.0,29.0,0.3828996282527881,0.10687732342007435,0.2864,185,2210,0.1,0.15,30
40,20,false,,0.1283342651214842,0.16758139866897548,0.06521062158886927,26,38,4.0,39.0,0.6527639854352864,0.21449851042701093,0.2658,185,2210,0.1,0.15,30
50,25,false,,0.1403916335073666,0.1586707283235811,0.04424162309305141,33,3,1.0,49.0,0.5863539445628998,0.055081734186211796,0.2266,185,2210,0.1,0.15,30
60,30,false,,0.14212773245415855,0.14093367212378782,0.008178990122255772,9,5,1.0,56.0,0.5320945945945946,0.031081081081081083,0.1758,185,2210,0.1,0.15,30
20,10,false,,0.16530849647866885,0.11577450759095649,-0.07154652273457993,6,1,1.0,19.0,0.39206406989443027,0.0,0.2638,186,2211,0.1,0.15,30
30,15,false,,0.11138416279759103,0.1100170254232118,0.0028457145011264173,13,13,1.0,29.0,0.5189421015010722,0.06290207290922087,0.2992,186,2211,0.1,0.15,30
40,20,true,,0.10048630314538473,0.26546899506975924,0.16154584356864815,33,38,4.0,39.0,0.7229129662522202,0.20204262877442272,0.2076,186,2211,0.1,0.15,30
20,10,false,,0.10563837951741703,0.11874180402839923,0.01128341229622662,9,1,1.0,19.0,0.526235741444867,0.0,0.2516,187,2212,0.1,0.15,30
30,15,false,,0.10326630627246644,0.142743899381039,0.05502521500086835,18,24,1.0,29.0,0.6424538953707188,0.10651110274745954,0.2808,187,2212,0.1,0.15,30
40,20,false,,0.11210132230551255,0.20125340346703655,0.10364214422336519,30,36,2.0,39.0,0.6788776305533905,0.20654715510522215,0.276,187,2212,0.1,0.15,30
50,25,false,,0.16545737096036514,0.11914895451977679,-0.055416972268291995,7,1,1.0,36.0,0.3850837138508371,0.0395738203957382,0.2434,187,2212,0.1,0.15,30
60,30,false,,0.1435927767907477,0.12520576666540484,-0.023664171814202342,8,3,1.0,40.0,0.4263117283950617,0.05092592592592592,0.1822,187,2212,0.1,0.15,30
20,10,false,,0.19738168557018743,0.120464838331313,-0.10864863204038572,8,1,1.0,19.0,0.35970744680851063,0.0,0.2218,188,2213,0.1,0.15,30
30,15,false,,0.13271171478793461,0.14719121982979233,0.04067425807399774,17,27,1.0,29.0,0.5356628242074928,0.2064121037463977,0.2658,188,2213,0.1,0.15,30
40,20,false,,0.11944800706371675,0.21025059714838648,0.10386086701489733,33,35,3.0,39.0,0.6823104693140795,0.31299638989169676,0.262,188,2213,0.1,0.15,30
50,25,false,,0.14648925639924207,0.12226581991371058,-0.03696823542953699,12,4,1.0,49.0,0.3847530422333572,0.01467430207587688,0.2284,188,2213,0.1,0.15,30
60,30,false,,0.1334496676526121,0.13396564237809838,0.010852956842555966,20,10,1.0,57.0,0.5353343465045592,0.04825227963525836,0.1782,188,2213,0.1,0.15,30
20,10,false,,0.1572254944498266,0.19125234492675516,0.055755985654088264,12,16,1.0,19.0,0.5935663470460872,0.0,0.3024,189,2214,0.1,0.15,30
30,15,false,,0.1489251061052486,0.11655861137354379,-0.0492223218816638,14,2,1.0,28.0,0.40614780902550685,0.09123610202746893,0.2662,189,2214,0.1,0.15,30
40,20,false,,0.1135160833349636,0.6229612843472283,0.5101183671066173,36,35,24.0,39.0,0.9861788617886179,0.2048780487804878,0.2416,189,2214,0.1,0.15,30
50,25,false,,0.12796929852735028,0.14209998423145587,0.04666922221988687,13,47,1.0,49.0,0.6023346303501945,0.023346303501945526,0.2276,189,2214,0.1,0.15,30
60,30,true,,0.1318940148978792,0.47793936687636834,0.3555778224801498,54,55,1.0,59.0,0.7408800300864987,0.014667168108311396,0.2026,189,2214,0.1,0.15,30
20,10,false,,0.11737516195070043,0.12032956438907186,0.00046465680191597886,10,1,1.0,19.0,0.5,0.0,0.2276,190,2215,0.1,0.15,30
30,15,false,,0.3623389169517852,0.08793591128680364,-0.2858872727636217,4,2,1.0,28.0,0.24031653477717618,0.06205747605164515,0.2252,190,2215,0.1,0.15,30
40,20,false,,0.11375559586762402,0.13313490483749638,0.02530479927262165,28,36,1.0,39.0,0.5445505171042164,0.30071599045346065,0.26,190,2215,0.1,0.15,30
50,25,false,,0.12284871316931925,0.1113894723009407,-0.009017240775685595,24,21,2.0,46.0,0.4687981510015408,0.1475346687211094,0.2674,190,2215,0.1,0.15,30
60,30,false,,0.12966534698543136,0.10679225453310592,-0.0295084627663379,22,5,2.0,57.0,0.38220551378446116,0.0835421888053467,0.2346,190,2215,0.1,0.15,30
20,10,false,,0.1145112238864603,0.10247151734049216,-0.006128884633928439,10,1,1.0,19.0,0.48820666417072256,0.0,0.2672,191,2216,0.1,0.15,30
30,15,true,,0.0982759630400436,0.15724351592698266,0.06610347259389195,17,24,2.0,28.0,0.7188769855929072,0.09198374584410787,0.2912,191,2216,0.1,0.15,30
20,10,true,,0.12595019856893658,0.3995231167993229,0.2754214206419274,14,16,2.0,19.0,0.8727386150966937,0.0,0.3256,192,2217,0.1,0.15,30
20,10,false,,0.0900156226484254,0.09596105802951124,0.008348197743116195,12,15,2.0,19.0,0.5233676975945017,0.0,0.2844,193,2218,0.1,0.15,30
30,15,false,,0.11097752207131802,0.09823349068648361,-0.0005027143874292705,11,4,1.0,29.0,0.49813200498132004,0.10585305105853052,0.2554,193,2218,0.1,0.15,30
40,20,true,,0.09596359128407206,0.4280432990538022,0.318127568912702,33,36,12.0,39.0,0.7631218621633957,0.2546782291191237,0.1886,193,2218,0.1,0.15,30
20,10,false,,0.13781524490902541,0.19575495069397705,0.0644144693716718,13,17,1.0,19.0,0.6570542635658915,0.0,0.3064,194,2219,0.1,0.15,30
30,15,false,,0.14267865150684497,0.12775352202997572,-0.011407688433007337,16,3,1.0,29.0,0.48070525615435794,0.15269461077844312,0.265,194,2219,0.1,0.15,30
40,20,false,,0.14014034802610914,0.10230284924695811,-0.05649109252693263,15,4,1.0,37.0,0.31837606837606836,0.1502849002849003,0.2522,194,2219,0.1,0.15,30
50,25,false,,0.15526484843707242,0.11851590883169266,-0.04421666272295535,9,3,1.0,48.0,0.3797517455391777,0.05934833204034135,0.2324,194,2219,0.1,0.15,30
60,30,false,,0.12941428140260838,0.15113024328680824,0.04161646767152587,32,55,3.0,59.0,0.635670731707317,0.11280487804878049,0.1662,194,2219,0.1,0.15,30
20,10,true,,0.09927205464224434,0.3943537057762303,0.2940012855639076,14,16,2.0,19.0,0.8297442799461642,0.0,0.303,195,2220,0.1,0.15,30
20,10,false,,0.13534582454045058,0.10689063270767066,-0.044103313082983986,9,2,1.0,19.0,0.40240728692257643,0.0,0.271,196,2221,0.1,0.15,30
30,15,false,,0.11961207003968471,0.19771205833260638,0.09638098137536627,20,26,1.0,29.0,0.65750452079566,0.18698010849909585,0.2802,196,2221,0.1,0.15,30
40,20,true,,0.10977857332640925,0.3380049305173321,0.24588928377119573,30,37,5.0,39.0,0.7779864763335838,0.2370398196844478,0.2856,196,2221,0.1,0.15,30
20,10,false,,0.09413640434544969,0.19400643862092837,0.11392049692929665,13,1,1.0,19.0,0.6491765607047109,0.0,0.2738,197,2222,0.1,0.15,30
30,15,true,,0.08861333453369177,0.3736015201119554,0.2829006195267246,22,27,2.0,29.0,0.8525135022850021,0.2044038221852929,0.2694,197,2222,0.1,0.15,30
20,10,false,,0.09961611210538711,0.09459451482486826,-0.006823904345096762,9,1,1.0,19.0,0.4793774319066148,0.0,0.2658,198,2223,0.1,0.15,30
30,15,true,,0.10624518296365706,0.21761535848261326,0.1370635812046622,20,25,1.0,29.0,0.7261724659606656,0.13993948562783662,0.277,198,2223,0.1,0.15,30
20,10,false,,0.14808054523283273,0.13355303518049677,-0.006469333688249923,8,2,1.0,19.0,0.4840764331210191,0.0,0.3082,199,2224,0.1,0.15,30
30,15,true,,0.12209630308081669,0.2783703394793157,0.17400958155159807,23,26,1.0,29.0,0.7040498442367601,0.2218760816891658,0.2676,199,2224,0.1,0.15,30
20,10,false,,0.07403181173544568,0.27733406859240733,0.19686863275472344,15,16,3.0,19.0,0.7338100913786253,0.0,0.2462,200,2225,0.1,0.15,30
30,15,true,,0.09841975734405756,0.25049217262676615,0.16630365914887288,23,26,2.0,29.0,0.7055344317701732,0.1998310097169413,0.263,200,2225,0.1,0.15,30
20,10,false,,0.19859952858388932,0.09581480812462631,-0.14364219215527504,5,1,1.0,19.0,0.3896457765667575,0.0,0.2248,201,2226,0.1,0.15,30
30,15,false,,0.14970564125625854,0.12038509243548955,-0.04180365247008065,10,1,1.0,28.0,0.4265759312320917,0.07521489971346705,0.2592,201,2226,0.1,0.15,30
40,20,true,,0.11149697572794005,0.43036049930661424,0.30419523284243444,34,36,3.0,39.0,0.7729174591099277,0.22365918600228224,0.266,201,2226,0.1,0.15,30
20,10,false,,0.08812484550819713,0.2379011346020165,0.1517419625713619,13,16,1.0,19.0,0.6689138576779026,0.0,0.2316,202,2227,0.1,0.15,30
30,15,true,,0.10247690388579712,0.26948487407867566,0.1745308327706197,23,27,2.0,29.0,0.7750565184626979,0.21175584024114544,0.29,202,2227,0.1,0.15,30
20,10,false,,0.12875966845425169,0.12272185644376306,-0.004350080130562071,8,3,1.0,19.0,0.4826666666666667,0.0,0.287,203,2228,0.1,0.15,30
30,15,false,,0.5662253213214504,0.07871574182809316,-0.4834678025845696,2,1,1.0,27.0,0.056992547128452434,0.0263042525208242,0.1838,203,2228,0.1,0.15,30
40,20,false,,0.11099363016803257,0.11519417774230242,0.008234751765222995,26,29,2.0,38.0,0.5352500984639622,0.2599448601811737,0.2614,203,2228,0.1,0.15,30
50,25,false,,0.12585001349918204,0.11212280471235511,-0.020264204418212056,24,1,1.0,48.0,0.446407065435568,0.09714973906061823,0.255,203,2228,0.1,0.15,30
60,30,true,,0.11515658391767966,0.42434347886142215,0.31447136501032946,53,54,38.0,59.0,0.902092050209205,0.008786610878661089,0.1892,203,2228,0.1,0.15,30
20,10,false,,0.18044553579997843,0.12043081622582677,-0.08203563021128776,7,4,1.0,19.0,0.3467992541951523,0.0,0.3024,204,2229,0.1,0.15,30
30,15,false,,0.253545809070309,0.10914692833951016,-0.14703630428846787,4,3,1.0,29.0,0.3163528977482466,0.09486895533407161,0.2276,204,2229,0.1,0.15,30
40,20,true,,0.12382074751199043,0.2603298208392887,0.1430126957476871,33,36,10.0,39.0,0.7338877338877339,0.2993762993762994,0.2676,204,2229,0.1,0.15,30
20,10,false,,0.13408697995478183,0.4285480274855967,0.3015254998143928,15,17,2.0,19.0,0.7674786459981019,0.0,0.2966,205,2230,0.1,0.15,30
30,15,false,,0.2141373278245695,0.09803344496090191,-0.1276073789410501,6,2,1.0,26.0,0.20753375977256575,0.02025586353944563,0.252,205,2230,0.1,0.15,30
40,20,false,,0.13660850525664855,0.14940365510308268,0.03632084022651441,22,3,1.0,39.0,0.5555165144061841,0.1697118763176388,0.2562,205,2230,0.1,0.15,30
50,25,false,,0.14412016067805555,0.12203897190748057,-0.04023593432427895,22,2,1.0,48.0,0.3510674347678753,0.07590647238224331,0.2454,205,2230,0.1,0.15,30
60,30,true,,0.126628960347444,0.1834984594832488,0.061698532233970246,51,55,19.0,59.0,0.7310592459605026,0.09048473967684022,0.1744,205,2230,0.1,0.15,30
20,10,false,,0.1264351793518667,0.37503662674733546,0.2591349045969468,15,17,2.0,19.0,0.7559934318555008,0.0,0.281,206,2231,0.1,0.15,30
30,15,false,,0.1671578025462805,0.1135170589002329,-0.07325171956763757,10,3,1.0,28.0,0.2955271565495208,0.04952076677316294,0.2638,206,2231,0.1,0.15,30
40,20,false,,0.12009346460057325,0.11831628008920107,-0.0048981436005760826,30,35,4.0,39.0,0.48094050587816173,0.2835767723548272,0.2518,206,2231,0.1,0.15,30
50,25,true,,0.11272834709107912,0.4534014615482452,0.33913871224404174,43,46,5.0,49.0,0.8603621730382294,0.04104627766599597,0.2514,206,2231,0.1,0.15,30
20,10,false,,0.0928521361993558,0.14462415658755076,0.06940737595434517,12,17,1.0,19.0,0.6544862518089725,0.0,0.2726,207,2232,0.1,0.15,30
30,15,false,,0.13698083079494153,0.09275959170239581,-0.05583552841267124,9,1,1.0,28.0,0.3931313131313131,0.07757575757575758,0.2462,207,2232,0.1,0.15,30
40,20,false,,0.12019762285042382,0.14158890169273583,0.036618529531604396,22,39,1.0,39.0,0.607981220657277,0.20226917057902974,0.2766,207,2232,0.1,0.15,30
50,25,true,,0.1140040925375232,0.6311711733318042,0.514071351281302,44,46,6.0,49.0,0.8373951258489812,0.0351578106272473,0.266,207,2232,0.1,0.15,30
20,10,false,,0.12050861716755995,0.2868391658392046,0.1670488109932899,13,16,1.0,19.0,0.674146014735432,0.0,0.2804,208,2233,0.1,0.15,30
30,15,true,,0.11681662265010909,0.23766834781983298,0.1348596841095606,24,27,6.0,29.0,0.7236338322311173,0.2850678733031674,0.266,208,2233,0.1,0.15,30
20,10,false,,0.13134652038953,0.16830593365171564,0.050428008281877254,12,15,1.0,19.0,0.613089802130898,0.0,0.3318,209,2234,0.1,0.15,30
30,15,false,,0.11772255844604816,0.7327986521178242,0.6169926809966102,26,26,15.0,29.0,0.9298052186696067,0.4119808893789048,0.2572,209,2234,0.1,0.15,30
40,20,false,,0.1213678645733289,0.15936921801369136,0.05153883686031306,23,36,2.0,39.0,0.6545581557806497,0.19001047851903596,0.2822,209,2234,0.1,0.15,30
50,25,true,,0.12889475775750078,0.2765779871938146,0.14712085711668246,43,45,29.0,49.0,0.8065308988764045,0.09304775280898876,0.2288,209,2234,0.1,0.15,30
20,10,false,,0.1176026693700255,0.15259736538524057,0.05718280628285122,11,1,1.0,19.0,0.5648112105877774,0.0,0.2664,210,2235,0.1,0.15,30
30,15,false,,0.08607838946036228,0.10882222998367638,0.02975372584738485,17,19,2.0,28.0,0.580267558528428,0.06396321070234114,0.2328,210,2235,0.1,0.15,30
40,20,true,,0.1066642947620527,0.7096511412635076,0.6023341024411422,34,35,24.0,39.0,0.9488026424442609,0.4071015689512799,0.2826,210,2235,0.1,0.15,30
20,10,false,,0.0959561942578823,0.11835604910815144,0.04050322764207441,11,15,1.0,19.0,0.5741430700447094,0.0,0.2548,211,2236,0.1,0.15,30
30,15,false,,0.10598347705457863,0.12826278503509111,0.03239073265586706,13,3,1.0,29.0,0.5797812146359864,0.0931723877781969,0.2812,211,2236,0.1,0.15,30
40,20,false,,0.10397736119254326,0.11098452168771221,0.014280047732483592,20,28,2.0,38.0,0.5519728468392023,0.2223165040305473,0.2234,211,2236,0.1,0.15,30
50,25,false,,0.12338978266622365,0.11842463640474982,-0.011810174291027431,16,3,1.0,48.0,0.45747316267547483,0.06647398843930635,0.2728,211,2236,0.1,0.15,30
60,30,true,,0.11539691345519185,0.32074700235371945,0.2014395573896563,52,55,13.0,59.0,0.8182947019867549,0.07781456953642384,0.263,211,2236,0.1,0.15,30
20,10,true,,0.10751281163757238,0.2155540217104872,0.11546440510016702,13,17,2.0,19.0,0.7666240409207161,0.0,0.3276,212,2237,0.1,0.15,30
20,10,false,,0.06391726326040817,0.24449965788898992,0.17298463232365377,15,17,1.0,19.0,0.8058333333333333,0.0,0.1872,213,2238,0.1,0.15,30
30,15,false,,0.06464852613113818,0.6296473191624568,0.5609068957072492,26,27,15.0,29.0,0.9419286094832179,0.3574853489611082,0.1164,213,2238,0.1,0.15,30
40,20,false,,0.10901127786788087,0.189081818982323,0.09569352133832543,32,36,11.600000000000001,39.0,0.6908722109533468,0.3139959432048682,0.2816,213,2238,0.1,0.15,30
50,25,false,,0.17219440087351098,0.10170496106266896,-0.08911372279235871,11,3,1.0,46.0,0.2864689150751727,0.029256399837464444,0.2412,213,2238,0.1,0.15,30
60,30,false,,0.17253142097334873,0.11189425450189153,-0.07494832658664362,10,4,1.0,36.0,0.30137844611528825,0.07894736842105263,0.1368,213,2238,0.1,0.15,30
20,10,false,,0.14696655921150686,0.10799705938916607,-0.06247130752238515,7,1,1.0,19.0,0.38334529791816224,0.0,0.2466,214,2239,0.1,0.15,30
30,15,false,,0.09536780674216369,0.3270654000666679,0.2310456676644392,25,26,2.0,29.0,0.7407568508046977,0.29708568943018704,0.2026,214,2239,0.1,0.15,30
40,20,false,,0.13383785329210063,0.113673850497048,-0.024081352289375635,6,4,1.0,28.0,0.427235316124205,0.034044145155256264,0.2714,214,2239,0.1,0.15,30
50,25,false,,0.2808337474804184,0.11769483162127768,-0.1587750941926877,4,3,1.0,48.0,0.2956147220046985,0.0274079874706343,0.2194,214,2239,0.1,0.15,30
60,30,false,,0.1305649471357142,0.14088428886700363,0.01786645133146661,37,55,2.0,58.0,0.5736095965103599,0.09814612868047982,0.2388,214,2239,0.1,0.15,30
20,10,true,,0.06328992503817565,0.17612223536420143,0.10575533537485284,14,17,3.0,19.0,0.7226219024780176,0.0,0.2246,215,2240,0.1,0.15,30
20,10,false,,0.06857499498668868,0.30130423204784224,0.23260808814125494,15,17,1.0,19.0,0.7569533590072742,0.0,0.2132,216,2241,0.1,0.15,30
30,15,false,,0.06869301154715349,0.2598497723202114,0.198624867801671,25,26,13.0,29.0,0.8315533980582525,0.26990291262135924,0.1472,216,2241,0.1,0.15,30
40,20,false,,0.14448870236790906,0.10590271612291982,-0.03695493747068439,11,5,1.0,36.0,0.4116706634692246,0.08673061550759392,0.2718,216,2241,0.1,0.15,30
50,25,false,,0.48930263104930855,0.09347093621038123,-0.3829405923331948,4,2,1.0,23.0,0.2010166358595194,0.007855822550831794,0.1898,216,2241,0.1,0.15,30
60,30,false,,0.40608748101315884,0.09106442400164741,-0.294291806937318,5,4,1.0,15.0,0.17246835443037975,0.0,0.1194,216,2241,0.1,0.15,30
20,10,false,,0.05597910794260604,0.5387116588756713,0.47420373695498935,15,16,2.0,19.0,0.7689055894786284,0.0,0.182,217,2242,0.1,0.15,30
30,15,false,,0.07266970726815702,0.07822447158297101,-0.0019849808723291368,14,4,1.0,29.0,0.49824355971896955,0.10655737704918032,0.1106,217,2242,0.1,0.15,30
40,20,true,,0.05392279910687974,0.1744746567616325,0.11633809196195383,33,29,19.0,39.0,0.7802197802197802,0.452014652014652,0.0466,217,2242,0.1,0.15,30
20,10,false,,0.12419270084202064,0.13421430326196063,0.012787346793792356,11,2,1.0,19.0,0.5314485387547649,0.0,0.3086,218,2243,0.1,0.15,30
30,15,false,,0.12741754504593678,0.1565551283826229,0.04681161144095046,19,27,1.0,29.0,0.5917882592466915,0.16966406515100102,0.268,218,2243,0.1,0.15,30
40,20,false,,0.12372150765578896,0.16137146855398893,0.0491503951089229,31,36,7.0,39.0,0.6130374479889042,0.28883495145631066,0.2532,218,2243,0.1,0.15,30
50,25,false,,0.1365230999115074,0.13265129637957934,-0.001544005604743895,13,4,1.0,48.0,0.49285963079066525,0.07976314872866597,0.2416,218,2243,0.1,0.15,30
60,30,false,,0.210631668795042,0.13565224512536228,-0.08550315216779157,6,1,1.0,57.0,0.35570469798657717,0.030201342281879196,0.1784,218,2243,0.1,0.15,30
20,10,false,,0.12157513830358965,0.06939018420841028,-0.05901289221347261,7,1,1.0,19.0,0.41919191919191917,0.0,0.1648,219,2244,0.1,0.15,30
30,15,false,,0.07165718116719869,0.08869292773450828,0.022348366076105762,14,3,1.0,28.0,0.5973045822102426,0.07493261455525606,0.1204,219,2244,0.1,0.15,30
40,20,true,,0.06569848286830288,0.2619096376824091,0.19207302867188963,30,34,13.0,39.0,0.8661645422943222,0.4055619930475087,0.0756,219,2244,0.1,0.15,30
20,10,false,,0.2242676263715251,0.12375433909072235,-0.1269237579586771,4,1,1.0,17.0,0.3808446455505279,0.0,0.214,220,2245,0.1,0.15,30
30,15,false,,0.11522362139561317,0.1302120736450383,0.030911243602686364,19,26,1.0,29.0,0.5770065075921909,0.1702819956616052,0.2678,220,2245,0.1,0.15,30
40,20,false,,0.22616252201285333,0.09338266390208703,-0.14410778411546094,6,3,1.0,24.0,0.21079389910050841,0.01368791552600704,0.2408,220,2245,0.1,0.15,30
50,25,true,,0.11592114578986397,0.7353028002332573,0.6193649560184431,43,45,11.0,49.0,0.9181286549707602,0.11695906432748537,0.2512,220,2245,0.1,0.15,30
20,10,false,,0.10094795966221604,0.4642348812438596,0.3664086737085164,15,17,3.0,19.0,0.8585284280936455,0.0,0.3022,221,2246,0.1,0.15,30
30,15,false,,0.11650705336657284,0.1380417664170506,0.03543045098545325,15,6,1.0,29.0,0.5782214156079855,0.11687840290381125,0.2718,221,2246,0.1,0.15,30
40,20,false,,0.11336495498214101,0.20368343785972498,0.10686379310096424,31,36,4.0,39.0,0.6967150496562261,0.24484339190221543,0.288,221,2246,0.1,0.15,30
50,25,false,,0.17768766733574667,0.10699546297067881,-0.07882949504669748,8,5,1.0,44.0,0.28827751196172247,0.03070175438596491,0.2418,221,2246,0.1,0.15,30
60,30,false,,0.286822970297229,0.10757999796943239,-0.17932633964006778,6,2,1.0,56.0,0.2833404345973583,0.032807839795483594,0.2102,221,2246,0.1,0.15,30
20,10,false,,0.10556642223078098,0.06831288473721693,-0.030585487808570365,7,2,1.0,18.0,0.403960396039604,0.0,0.196,222,2247,0.1,0.15,30
30,15,true,,0.0999923823758844,0.2739466074565036,0.20262340576852295,19,28,1.0,29.0,0.7439771335238873,0.16496529195590037,0.2774,222,2247,0.1,0.15,30
20,10,false,,0.08550306623738423,0.13403681188524558,0.05139946633800555,12,17,1.0,19.0,0.623015873015873,0.0,0.2972,223,2248,0.1,0.15,30
30,15,false,,0.14975109124301308,0.08254756153862892,-0.08385763219709154,6,1,1.0,28.0,0.3296799649276633,0.06795265234546252,0.2092,223,2248,0.1,0.15,30
40,20,true,,0.10858027782387968,0.3045586477716662,0.20209740078051042,31,32,12.0,39.0,0.7745961820851689,0.32599118942731276,0.3,223,2248,0.1,0.15,30
20,10,false,,0.12130411128750031,0.14370920593180725,0.04556947946949467,10,1,1.0,19.0,0.5621890547263682,0.0,0.2422,224,2249,0.1,0.15,30
30,15,false,,0.09476684751889734,0.656723658209442,0.554892373297354,25,26,15.0,29.0,0.9224441833137486,0.28750489620054837,0.2794,224,2249,0.1,0.15,30
40,20,true,,0.11037811586356167,0.3551479938172751,0.2658578684051134,32,36,3.0,39.0,0.7590652699435939,0.2626913779210314,0.2648,224,2249,0.1,0.15,30
20,10,false,,0.6460006511791285,0.07586806141420718,-0.5697317503021156,2,1,1.0,18.0,0.2630453378956373,0.0,0.178,225,2250,0.1,0.15,30
30,15,false,,0.10443703804032134,0.14303998899229042,0.050587570435380036,19,24,1.0,29.0,0.6165270373191165,0.12528560548362527,0.2816,225,2250,0.1,0.15,30
40,20,false,,0.42042797078414795,0.094117647788732,-0.3535060970243439,4,1,1.0,23.0,0.1665943600867679,0.004772234273318872,0.236,225,2250,0.1,0.15,30
50,25,true,,0.11308410584944042,0.30768248243903024,0.19791980396709238,41,41,11.0,49.0,0.7896365042536736,0.06767208043310131,0.2664,225,2250,0.1,0.15,30
20,10,false,,0.1509921213793887,0.14896146278445763,-0.009361240115300068,8,3,1.0,18.0,0.4760614272809395,0.0,0.3238,226,2251,0.1,0.15,30
30,15,false,,0.13713717980575152,0.15130699493797314,0.027197502544500318,22,27,1.0,29.0,0.5485161720573525,0.20806935645215072,0.2682,226,2251,0.1,0.15,30
40,20,false,,0.36168279270993775,0.1124324723408643,-0.2531362970001776,4,2,1.0,38.0,0.3081510934393638,0.07673956262425448,0.2062,226,2251,0.1,0.15,30
50,25,false,,0.16207155456280103,0.10666373412867063,-0.06799856127101307,12,3,2.0,47.0,0.2756892230576441,0.025420694593626926,0.2508,226,2251,0.1,0.15,30
60,30,false,,0.12263079903110718,0.6619155661613332,0.5363120574137699,55,55,47.0,59.0,0.9958982772764561,0.0,0.1684,226,2251,0.1,0.15,30
20,10,false,,0.15486782925108758,0.09068087584999879,-0.08275026825000412,6,4,1.0,18.0,0.3163097199341021,0.0,0.2858,227,2252,0.1,0.15,30
30,15,false,,0.1182227041156062,0.13981944798088194,0.024257625162487313,22,26,2.0,29.0,0.5486111111111112,0.18645833333333334,0.2698,227,2252,0.1,0.15,30
40,20,false,,0.12016736715506018,0.501116074235237,0.39845914779515973,30,37,1.0,39.0,0.6703521703521703,0.15233415233415235,0.2494,227,2252,0.1,0.15,30
50,25,false,,0.1389483864831325,0.09973402973128043,-0.04731521165277612,12,6,1.2000000000000028,41.80000000000018,0.3076632691581729,0.07776519441298603,0.2346,227,2252,0.1,0.15,30
60,30,true,,0.11695744270188416,0.3729338310335406,0.2596186888706311,51,54,10.0,59.0,0.8023300970873787,0.04737864077669903,0.2466,227,2252,0.1,0.15,30
20,10,false,,0.1039602185568853,0.42822114436072667,0.3283601882205728,15,15,2.0,19.0,0.875209661187521,0.0,0.3086,228,2253,0.1,0.15,30
30,15,false,,0.13325491242003515,0.11335539180816605,-0.028451560188480135,7,4,1.0,28.0,0.4102654867256637,0.05486725663716814,0.2766,228,2253,0.1,0.15,30
40,20,false,,0.12612680462200399,0.12817865314717536,0.015694032712680273,10,4,1.0,39.0,0.5316360913515538,0.08423811306626731,0.2676,228,2253,0.1,0.15,30
50,25,false,,0.1444964773186884,0.12422699361806411,-0.020873159798215656,7,1,1.0,49.0,0.45347928068803756,0.008209538702111024,0.2178,228,2253,0.1,0.15,30
60,30,false,,0.2424127372948023,0.11726535329407595,-0.12807030578574266,4,1,1.0,17.0,0.26527050610820246,0.0,0.1776,228,2253,0.1,0.15,30
20,10,false,,0.09954154130026494,0.19961305532245643,0.10565693570966851,14,16,1.0,19.0,0.6948700866089274,0.0,0.2658,229,2254,0.1,0.15,30
30,15,false,,0.11275299613117991,0.09462386280793632,-0.01800867112930999,11,1,1.0,28.0,0.4644691780821918,0.05950342465753425,0.2286,229,2254,0.1,0.15,30
40,20,true,,0.10631914775582368,0.2758166758231504,0.17540981020270607,29,35,2.0,39.0,0.7487279843444227,0.2191780821917808,0.2908,229,2254,0.1,0.15,30
20,10,false,,0.13453350795424907,0.23348610977204304,0.1176458092425762,14,17,2.0,19.0,0.676489226869455,0.0,0.323,230,2255,0.1,0.15,30
30,15,false,,0.2841033708634939,0.08530143935558906,-0.20625226955369486,4,2,1.0,29.0,0.25,0.07778702163061564,0.2014,230,2255,0.1,0.15,30
40,20,false,,0.1470059212034031,0.11477451740482575,-0.0303198839011721,8,4,1.0,38.0,0.44561140285071266,0.04088522130532633,0.2578,230,2255,0.1,0.15,30
50,25,false,,0.12144111641254351,0.15548467645494363,0.04968773440625589,36,46,4.0,49.0,0.653372008701958,0.13923132704858593,0.2686,230,2255,0.1,0.15,30
60,30,false,,0.1416151637389478,0.12751818398229758,-0.015131766503769378,15,21,1.0,37.0,0.42485207100591715,0.09112426035502959,0.1198,230,2255,0.1,0.15,30
20,10,false,,0.14198767756994213,0.19758041608535828,0.07491768247036706,12,16,1.0,19.0,0.6498346859032161,0.0,0.3342,231,2256,0.1,0.15,30
30,15,false,,0.1164994042415917,0.5800416098986081,0.4756139789201136,26,27,14.0,29.0,0.9539888682745825,0.4816326530612245,0.2616,231,2256,0.1,0.15,30
40,20,true,,0.11583690639764944,0.3690196528483013,0.2570462644358726,34,36,5.1499999999999915,39.0,0.7219493766528146,0.24518322629391764,0.2602,231,2256,0.1,0.15,30
20,10,false,,0.09503749857740769,0.1035644760614515,0.008997599932650313,12,16,1.0,19.0,0.5235565001771165,0.0,0.2814,232,2257,0.1,0.15,30
30,15,false,,0.14747223798095976,0.07348720305650559,-0.0930878357526261,6,2,1.0,28.0,0.28880070546737213,0.047619047619047616,0.211,232,2257,0.1,0.15,30
40,20,false,,0.13442313358719438,0.10558675686297886,-0.026640608322456877,10,4,1.0,38.0,0.4348730753225135,0.07282563462338744,0.2818,232,2257,0.1,0.15,30
50,25,false,,0.11719884082162543,0.1228671832554285,0.013342222015165842,18,8,2.0,47.0,0.5401639344262295,0.07172131147540983,0.2588,232,2257,0.1,0.15,30
60,30,false,,0.3329709514050218,0.10100623207710165,-0.23509767287616018,6,2,1.0,59.0,0.226457399103139,0.0476457399103139,0.1328,232,2257,0.1,0.15,30
20,10,false,,0.08107530908613576,0.4399786190119138,0.35719082692502957,15,17,2.6499999999999915,19.0,0.7773482798608427,0.0,0.2612,233,2258,0.1,0.15,30
30,15,false,,0.1064861502127364,0.08162871943847023,-0.03070649937219168,14,1,1.0,28.0,0.4522661523625844,0.11234329797492767,0.1526,233,2258,0.1,0.15,30
40,20,true,,0.10467387875254726,0.37120281885191103,0.2593550562675685,33,37,19.0,39.0,0.8281921124560718,0.3689964857477548,0.2752,233,2258,0.1,0.15,30
20,10,false,,0.15076211297164374,0.07661339892470463,-0.0795108620807683,6,1,1.0,17.0,0.2566090941135002,0.0,0.268,234,2259,0.1,0.15,30
30,15,false,,0.08773359124174003,0.6373405443639112,0.5507662426595836,26,26,20.0,29.0,0.9877105143377333,0.432407828857533,0.2108,234,2259,0.1,0.15,30
40,20,false,,0.09176184131011758,0.1949848134861956,0.11611857685560037,29,36,2.0,39.0,0.6800959232613909,0.22062350119904076,0.1542,234,2259,0.1,0.15,30
50,25,false,,0.10252013095500068,0.12137073204884831,0.04231481444178755,25,5,1.0,48.0,0.5633017289459007,0.08365867261572783,0.0954,234,2259,0.1,0.15,30
60,30,false,,0.08775055019938635,0.1536915212845765,0.06399289967450222,51,55,38.0,58.0,0.6698324022346369,0.0,0.068,234,2259,0.1,0.15,30
20,10,false,,0.08073302155523468,0.1566382005041456,0.08362238658120422,14,16,2.0,19.0,0.6814456035767511,0.0,0.2886,235,2260,0.1,0.15,30
30,15,false,,0.08841743774154803,0.19296753724364926,0.10867086854977095,19,24,1.0,29.0,0.6792770071458596,0.13829340058848255,0.2258,235,2260,0.1,0.15,30
40,20,false,,0.09672164771143418,0.1309675148200546,0.039434982886310865,28,35,2.0,38.0,0.6059618071727992,0.2831858407079646,0.1656,235,2260,0.1,0.15,30
50,25,true,,0.09518624163932266,0.22459541796438712,0.13054291623458866,40,45,21.0,49.0,0.7364117364117364,0.1976911976911977,0.1394,235,2260,0.1,0.15,30
20,10,false,,0.23796323287537943,0.062350669571185936,-0.1806787464980769,4,2,1.0,18.0,0.293218345746766,0.0,0.21,236,2261,0.1,0.15,30
30,15,false,,0.08888265105600193,0.1018446011988927,0.021985131046933663,16,25,2.0,29.0,0.5734883720930233,0.09023255813953489,0.1616,236,2261,0.1,0.15,30
40,20,false,,0.0697217330544263,0.5919713143522077,0.5223418462695698,35,35,29.0,39.0,1.0,0.34152488972904854,0.0796,236,2261,0.1,0.15,30
50,25,false,,0.07281746970129772,0.11856549015943857,0.04888659032782269,45,45,36.0,49.0,0.6710164835164835,0.0,0.0454,236,2261,0.1,0.15,30
60,30,true,,0.0625506406881816,0.30001512109763556,0.2461186582183268,53,54,48.0,59.0,0.9976284584980237,0.0,0.02,236,2261,0.1,0.15,30
20,10,false,,0.12955132043831177,0.0935958695219146,-0.042900787403976764,7,3,1.0,19.0,0.39436619718309857,0.0,0.2916,237,2262,0.1,0.15,30
30,15,false,,0.10055077993089685,0.14609218355158707,0.06855838023468432,20,27,2.0,29.0,0.6655238095238095,0.1619047619047619,0.2728,237,2262,0.1,0.15,30
40,20,false,,0.1409485866195552,0.12543900919354983,-0.007953531695649524,14,2,1.0,38.0,0.4874312647289866,0.1657501963864886,0.2588,237,2262,0.1,0.15,30
50,25,false,,0.12236261629265659,0.17267146277778406,0.08413821593145623,24,3,1.0,48.0,0.6834809395456296,0.045051983057373894,0.244,237,2262,0.1,0.15,30
60,30,false,,0.12934884245212433,0.15470916033085988,0.05758314379731197,17,56,2.0,58.0,0.6795874822190612,0.017069701280227598,0.1876,237,2262,0.1,0.15,30
20,10,false,,0.08800167897073354,0.13176177752145524,0.05487821508067496,10,16,1.0,19.0,0.6262083780880774,0.0,0.2944,238,2263,0.1,0.15,30
30,15,false,,0.0932124407606151,0.1454710202048574,0.0541938916953658,19,25,2.0,29.0,0.6661490683229814,0.1374223602484472,0.2862,238,2263,0.1,0.15,30
40,20,false,,0.2661979820062902,0.09229441047454874,-0.17859175768434699,5,1,1.0,25.0,0.21358428805237317,0.016366612111292964,0.244,238,2263,0.1,0.15,30
50,25,false,,0.1327499842251413,0.11027996623066483,-0.024422700823912624,9,3,1.0,47.0,0.43386243386243384,0.05698005698005698,0.26,238,2263,0.1,0.15,30
60,30,false,,0.13747391875411344,0.11847992342552796,-0.015494350181687086,15,3,1.0,57.0,0.44590818363273454,0.06107784431137724,0.2658,238,2263,0.1,0.15,30
20,10,false,,0.09434474375568466,0.3863104775125165,0.304646567894599,15,17,3.0,19.0,0.8477956613016095,0.0,0.3018,239,2264,0.1,0.15,30
30,15,false,,0.09900828619961496,0.12547776156147786,0.03003637319328277,22,21,3.0,29.0,0.5752508361204013,0.1579338535860275,0.2698,239,2264,0.1,0.15,30
40,20,false,,0.11248376431061645,0.1280151911008627,0.027528574503887092,23,2,1.0,39.0,0.5515179392824286,0.20515179392824287,0.1668,239,2264,0.1,0.15,30
50,25,false,,0.13634012215764624,0.27451429464681437,0.1698892399074418,36,45,1.0,49.0,0.5922131147540983,0.09016393442622951,0.2516,239,2264,0.1,0.15,30
60,30,false,,0.1780628361982587,0.10792881566318654,-0.08026294353062105,15,1,1.0,53.0,0.3255718954248366,0.0494281045751634,0.2504,239,2264,0.1,0.15,30
20,10,false,,0.12810977309130117,0.15149199061321683,0.035322971941656026,11,17,2.0,19.0,0.5747883349012229,0.0,0.3136,240,2265,0.1,0.15,30
30,15,false,,0.13984984725666733,0.15825121253675453,0.04982308630398288,14,4,1.0,29.0,0.5660245183887916,0.1810858143607706,0.258,240,2265,0.1,0.15,30
40,20,false,,0.127164569631844,0.12028691728000211,-0.0014727045353041812,24,35,3.0,38.0,0.4904414320472715,0.22071602363573167,0.2692,240,2265,0.1,0.15,30
50,25,true,,0.12718784390758012,0.3076862987614374,0.1851117920169213,43,43,25.0,49.0,0.8324661810613944,0.09053069719042664,0.2266,240,2265,0.1,0.15,30
20,10,true,,0.11161035119160738,0.39861474819404275,0.2995156521280422,14,16,2.0,19.0,0.8727801097836616,0.0,0.3196,241,2266,0.1,0.15,30
20,10,false,,0.09074632672421813,0.36208970473997437,0.26401619775876983,15,17,3.0,19.0,0.7982174688057041,0.0,0.2842,242,2267,0.1,0.15,30
30,15,false,,0.12039447399720792,0.09698443854443262,-0.04184734107366606,8,1,1.0,29.0,0.4385076001842469,0.10962690004606172,0.1786,242,2267,0.1,0.15,30
40,20,true,,0.08344215456588497,0.4489403957860476,0.3698132436847955,34,34,18.0,39.0,0.9204545454545454,0.3290513833992095,0.1434,242,2267,0.1,0.15,30
20,10,false,,0.10504743445102636,0.397716370687641,0.3172800343004703,15,16,1.0,19.0,0.7625619249823071,0.0,0.2752,243,2268,0.1,0.15,30
30,15,false,,0.11504514027405406,0.08618895462621891,-0.033927354418009356,9,6,1.0,27.0,0.3752059308072488,0.03871499176276771,0.2328,243,2268,0.1,0.15,30
40,20,true,,0.10676699300781452,0.24222505919931442,0.14976451537100693,29,36,3.0,39.0,0.7458628841607565,0.2911741528762805,0.2592,243,2268,0.1,0.15,30
20,10,false,,0.10928018013017084,0.12545586711485285,0.020845910092367935,11,17,1.0,19.0,0.5455167693360712,0.0,0.295,244,2269,0.1,0.15,30
30,15,false,,0.11350138106034822,0.09209814846808337,-0.027777411381788047,14,1,1.0,28.0,0.4134885588117222,0.0951425130469691,0.2254,244,2269,0.1,0.15,30
40,20,false,,0.09699236328640654,0.11699964106145454,0.02322185553459241,26,25,3.0,38.0,0.5863162664250113,0.2818305391934753,0.1748,244,2269,0.1,0.15,30
50,25,false,,0.12350193110149503,0.11625560243129199,-0.012803682403263406,32,47,2.0,49.0,0.46072270227808326,0.21445404556166536,0.2566,244,2269,0.1,0.15,30
60,30,false,,0.1400068668178409,0.11427798490183066,-0.023601765889820797,22,2,1.0,56.950000000000045,0.42630820931349017,0.09505520883341334,0.1714,244,2269,0.1,0.15,30
20,10,false,,0.10710516294525467,0.19418723421849157,0.10719990312651662,14,16,3.0,19.0,0.6918813172481252,0.0,0.3014,245,2270,0.1,0.15,30
30,15,false,,0.1133247116117075,0.18238669827820372,0.08870636493553768,21,26,2.0,28.97499999999991,0.6722185209860093,0.11858760826115923,0.2944,245,2270,0.1,0.15,30
40,20,true,,0.12096310150230856,0.5180287625116425,0.39210893681720627,34,35,4.0,39.0,0.8502009499451955,0.3028863719400804,0.2642,245,2270,0.1,0.15,30
20,10,false,,0.10892680297962677,0.31871017584525013,0.21775732331908254,15,16,2.0,19.0,0.7717647058823529,0.0,0.287,246,2271,0.1,0.15,30
30,15,false,,0.09744721719023897,0.5066947239830374,0.3965243520140824,25,26,2.0,29.0,0.7710892710892711,0.3353808353808354,0.2352,246,2271,0.1,0.15,30
40,20,false,,0.09662508889321858,0.11250668004502866,0.026573330693561714,20,34,3.0,38.0,0.5817223198594025,0.12478031634446397,0.1892,246,2271,0.1,0.15,30
50,25,false,,0.1348704726697716,0.07931883417043305,-0.058596930810054154,6,2,1.0,46.0,0.2813026389668725,0.023582257158899493,0.109,246,2271,0.1,0.15,30
60,30,false,,0.6907548966528371,0.07280835413934693,-0.6151656501953027,2,1,1.0,10.0,0.029573590096286108,0.0,0.043,246,2271,0.1,0.15,30
20,10,false,,0.08408884255856516,0.34636458096301415,0.25636943411408275,15,16,4.0,19.0,0.8560966678872208,0.0,0.2884,247,2272,0.1,0.15,30
30,15,false,,0.09604169360444278,0.15363579701017455,0.07835843609858498,20,26,2.0,29.0,0.6926070038910506,0.15953307392996108,0.3002,247,2272,0.1,0.15,30
40,20,false,,0.1011691296989526,0.15690955847089144,0.06238841651151552,27,35,2.0,39.0,0.6643211920529801,0.2541390728476821,0.2416,247,2272,0.1,0.15,30
50,25,false,,0.1138686099461545,0.18837437789527597,0.08364314722268165,37,45,11.0,49.0,0.6661309762957011,0.17075130574527922,0.2628,247,2272,0.1,0.15,30
60,30,false,,0.1766385264543904,0.10751997219113797,-0.07998106647571263,6,4,1.0,42.0,0.2903790087463557,0.037900874635568516,0.148,247,2272,0.1,0.15,30
20,10,false,,0.08190489588877607,0.2842485396762263,0.20203957207392964,15,16,3.0,19.0,0.7875912408759124,0.0,0.2724,248,2273,0.1,0.15,30
30,15,false,,0.12151520060853188,0.10857288114379336,-0.00910398830299674,13,3,1.0,28.0,0.4744116548375047,0.07097497198356369,0.28,248,2273,0.1,0.15,30
40,20,true,,0.10817041743490677,0.19668869585004092,0.10379208489208605,28,31,3.0,38.0,0.718796992481203,0.32030075187969925,0.271,248,2273,0.1,0.15,30
20,10,true,,0.10342303413704636,0.16574575973827343,0.08253520417544555,12,16,2.0,19.0,0.7108877721943049,0.0,0.2996,249,2274,0.1,0.15,30
20,10,false,,0.11818305495147646,0.11739289699135763,0.005299214447272341,12,16,2.0,19.0,0.5121042830540037,0.0,0.3028,250,2275,0.1,0.15,30
30,15,false,,0.10741549363281795,0.31783394138977333,0.22117976776422507,23,26,1.0,29.0,0.6972273567467653,0.19519408502772642,0.268,250,2275,0.1,0.15,30
40,20,false,,0.12369010691880754,0.15411508698025403,0.043469147631420305,26,1,1.0,39.0,0.5663124754033845,0.23140495867768596,0.2526,250,2275,0.1,0.15,30
50,25,true,,0.11473516922181771,0.4351694573293013,0.31930414115043804,43,46,30.0,49.0,0.7689628482972136,0.04218266253869969,0.241,250,2275,0.1,0.15,30
20,10,false,,0.14180136405419744,0.13303595632949006,-0.018615868055924856,11,14,1.0,19.0,0.45235863792564823,0.0,0.3118,251,2276,0.1,0.15,30
30,15,true,,0.12200955323061453,0.4159514218162922,0.3125197664587792,24,26,2.0,29.0,0.7310295689348059,0.26825792661204134,0.2772,251,2276,0.1,0.15,30
20,10,false,,0.10908269654174273,0.11961226658176768,0.027239222907799607,11,16,1.0,19.0,0.5675766767778901,0.0,0.3044,252,2277,0.1,0.15,30
30,15,true,,0.10420311324453037,0.1659768559128442,0.08649792341832252,19,26,2.0,29.0,0.7038179714616275,0.16274585422290783,0.29,252,2277,0.1,0.15,30
20,10,false,,0.1874529045796397,0.1320369616196338,-0.07002354207826124,6,3,1.0,19.0,0.37735849056603776,0.0,0.3018,253,2278,0.1,0.15,30
30,15,false,,0.16213904414946284,0.10863849577706061,-0.08243680816271086,9,2,1.0,28.0,0.2951354880835782,0.07084557623245184,0.255,253,2278,0.1,0.15,30
40,20,false,,0.13888398277927708,0.1233055467395924,-0.02432096064247795,14,8,1.0,38.0,0.4037122969837587,0.12263838249917136,0.2564,253,2278,0.1,0.15,30
50,25,true,,0.1307434683964551,0.21325895874676823,0.08546161179479278,42,44,29.0,49.0,0.7000342817963662,0.11004456633527597,0.2274,253,2278,0.1,0.15,30
20,10,false,,0.07397089787071129,0.16504060676636523,0.10317214943158612,15,15,2.0,19.0,0.7045807453416149,0.0,0.2572,254,2279,0.1,0.15,30
30,15,false,,0.09397629793935114,0.12455312459213368,0.0457839258734595,20,28,3.0,29.0,0.6649979140592407,0.2060909470171047,0.269,254,2279,0.1,0.15,30
40,20,false,,0.10794286950011855,0.09798652809442616,-0.018906452126815215,15,6,1.0,38.0,0.450313339301701,0.18039391226499552,0.1948,254,2279,0.1,0.15,30
50,25,false,,0.09931942473973449,0.6820595005300271,0.5776214505775401,45,45,38.0,49.0,0.9911214953271028,0.0,0.1436,254,2279,0.1,0.15,30
60,30,false,,0.10938416294232561,0.0964363736989905,-0.007333537165089873,18,3,1.0,58.0,0.4661308840413318,0.04420206659012629,0.0894,254,2279,0.1,0.15,30
20,10,false,,0.05294973422595551,0.15943341660119717,0.10327706177673086,12,11,2.0,19.0,0.6970397779833487,0.0,0.1528,255,2280,0.1,0.15,30
30,15,false,,0.05153285106302217,0.5052257339795876,0.46011092473671356,26,26,12.0,29.0,0.8743424897720631,0.33196960841613093,0.068,255,2280,0.1,0.15,30
40,20,false,,0.3500339004159384,0.05850678050096484,-0.28242710581810626,2,1,1.0,15.0,0.14556962025316456,0.0,0.04,255,2280,0.1,0.15,30
50,25,false,,0.7744694683531743,0.04526444226964228,-0.7345508861413867,1,1,1.0,3.0,0.0,0.0,0.014,255,2280,0.1,0.15,30
60,30,false,,0.05443692540280142,0.6811407272088266,0.6267038018060251,56,58,48.0,59.0,1.0,0.0,0.012,255,2280,0.1,0.15,30
20,10,false,,0.095816507673278,0.534940564033038,0.4348016687944105,15,17,3.0,19.0,0.8724209078404401,0.0,0.291,256,2281,0.1,0.15,30
30,15,false,,0.0985776118736556,0.13733640567478406,0.05234280452056875,21,26,1.0,29.0,0.6049382716049383,0.17960971724412583,0.233,256,2281,0.1,0.15,30
40,20,false,,0.11273437203771368,0.6890668931033358,0.5690077845629988,35,35,18.0,39.0,0.9574952561669829,0.2656546489563567,0.2752,256,2281,0.1,0.15,30
50,25,true,,0.11943282243603695,0.1956030371031026,0.08018878569008586,38,44,14.0,48.0,0.7414035087719298,0.1392982456140351,0.2664,256,2281,0.1,0.15,30
20,10,true,,0.10057051300946392,0.3458255112238098,0.26142244567328354,14,15,2.0,19.0,0.8292112299465241,0.0,0.3102,257,2282,0.1,0.15,30
20,10,false,,0.10366287849506804,0.3737042526456066,0.26641901950393354,15,16,3.0,19.0,0.7942838152210037,0.0,0.313,258,2283,0.1,0.15,30
30,15,false,,0.12480975241735748,0.16431747047519948,0.07426116074554351,19,2,1.0,29.0,0.5925389351684173,0.15574067366896052,0.2846,258,2283,0.1,0.15,30
40,20,false,,0.12608468963463554,0.16146868778021767,0.05699936138921042,25,35,1.0,38.0,0.6329027872195785,0.21889870836165873,0.2758,258,2283,0.1,0.15,30
50,25,true,,0.12695702770909775,0.17513659802357945,0.0727383320829181,35,44,2.0,48.0,0.7125,0.11979166666666667,0.2428,258,2283,0.1,0.15,30
20,10,false,,0.11835676038565088,0.12658265295352158,0.011316827895140685,11,16,1.0,19.0,0.5229057591623036,0.0,0.3028,259,2284,0.1,0.15,30
30,15,false,,0.10208860957400391,0.30676152369043214,0.21828526210130167,25,27,3.0,29.0,0.7808323787705231,0.30851470026727756,0.262,259,2284,0.1,0.15,30
40,20,true,,0.11181058952398923,0.433921717145183,0.3242011621900567,32,36,5.0,39.0,0.8313298271975957,0.30954169797145004,0.2668,259,2284,0.1,0.15,30
20,10,true,,0.09662400269074484,0.24561950721978767,0.15854909053015812,13,16,2.0,19.0,0.768561872909699,0.0,0.3104,260,2285,0.1,0.15,30
20,10,false,,0.14362758636551345,0.11636114167949903,-0.03855953075450645,7,1,1.0,18.0,0.4285231497127408,0.0,0.2858,261,2286,0.1,0.15,30
30,15,false,,0.11363490292818645,0.14431768869113934,0.04968548633787144,14,29,1.0,29.0,0.6291275634341328,0.14980882864094544,0.3014,261,2286,0.1,0.15,30
40,20,false,,0.13811888206455264,0.11761513612813568,-0.026996441151918182,15,1,1.0,39.0,0.44251968503937006,0.1405511811023622,0.2524,261,2286,0.1,0.15,30
50,25,true,,0.11353934160684363,0.29929043347583995,0.19081354810233642,42,45,11.0,49.0,0.7887269938650306,0.05406441717791411,0.2778,261,2286,0.1,0.15,30
20,10,false,,0.09015346847655208,0.1829310333768436,0.10477853692269071,12,16,1.0,19.0,0.679016743854649,0.0,0.3008,262,2287,0.1,0.15,30
30,15,true,,0.10371770494594214,0.5137941722915852,0.41239305629961287,24,26,1.0,29.0,0.8196920583468396,0.2491896272285251,0.2658,262,2287,0.1,0.15,30
20,10,false,,0.36168642875463924,0.047977693714906906,-0.3163139421806591,3,1,1.0,18.0,0.2953187250996016,0.0,0.142,263,2288,0.1,0.15,30
30,15,true,,0.09870348387766338,0.4414012953138337,0.3363432081050732,24,25,10.0,29.0,0.8482520169035728,0.2612370341913177,0.284,263,2288,0.1,0.15,30
20,10,false,,0.12297416715809661,0.1329448509464049,0.018940171138153244,10,16,1.0,19.0,0.535784635587656,0.0,0.2918,264,2289,0.1,0.15,30
30,15,false,,0.12279409678774153,0.1260568251019779,0.011931282077981586,14,26,1.0,29.0,0.5346391004715271,0.13492927094668117,0.2534,264,2289,0.1,0.15,30
40,20,true,,0.11546374031768598,0.2143936318898793,0.10694709487200113,31,36,4.0,39.0,0.7171242774566474,0.3327312138728324,0.2734,264,2289,0.1,0.15,30
20,10,false,,0.10134112513484196,0.14157860466050953,0.04909754002689701,12,17,2.0,19.0,0.6097804391217565,0.0,0.278,265,2290,0.1,0.15,30
30,15,false,,0.10903611509461884,0.12418257637789347,0.011825927820326543,18,26,1.0,28.0,0.5291315500183217,0.09820447050201539,0.2522,265,2290,0.1,0.15,30
40,20,false,,0.12171504917290006,0.12896706064696672,0.012368270228292677,24,35,1.0,38.0,0.5330935251798561,0.2420863309352518,0.2578,265,2290,0.1,0.15,30
50,25,false,,0.12321269896668868,0.15171706672013524,0.05598132343782245,22,45,1.0,48.0,0.674990951863916,0.07347086500180963,0.256,265,2290,0.1,0.15,30
60,30,true,,0.12948976714470714,0.27776555198184705,0.14688593872644068,53,54,40.0,59.0,0.800211044671122,0.009497010200492437,0.2112,265,2290,0.1,0.15,30
20,10,false,,0.17329203370383356,0.1344553270779539,-0.048302569420803965,10,10,1.0,18.0,0.40475491634869387,0.0,0.331,266,2291,0.1,0.15,30
30,15,false,,0.15058354450219935,0.12138748290574952,-0.050278533908772564,10,2,1.0,29.0,0.43022440392706873,0.1076437587657784,0.2674,266,2291,0.1,0.15,30
40,20,false,,0.12717392074690204,0.14114396400788315,0.02235783013209161,26,35,2.0,39.0,0.5548759768943256,0.22324159021406728,0.2574,266,2291,0.1,0.15,30
50,25,true,,0.12878965233595657,0.4817178250494264,0.3430633507971111,44,46,24.0,49.0,0.8842625264643613,0.07374735356386733,0.2274,266,2291,0.1,0.15,30
20,10,false,,0.08851487783926054,0.13362878277668733,0.04592431749376659,14,16,1.0,19.0,0.5905743740795287,0.0,0.2608,267,2292,0.1,0.15,30
30,15,true,,0.07443050835357679,0.6269004408400062,0.5250601551343178,24,26,1.0,29.0,0.7728,0.24533333333333332,0.1108,267,2292,0.1,0.15,30
20,10,false,,0.08500423404005103,0.2269662103018619,0.14576182168515506,15,16,3.0,19.0,0.7813750454710804,0.0,0.2934,268,2293,0.1,0.15,30
30,15,false,,0.11874412813567174,0.10884056533499564,-0.009616696883089679,16,1,1.0,28.0,0.4816635160680529,0.1103969754253308,0.264,268,2293,0.1,0.15,30
40,20,false,,0.11481977179869098,0.13458708524960442,0.033265149503411216,17,1,1.0,38.0,0.5638297872340425,0.16936170212765958,0.2334,268,2293,0.1,0.15,30
50,25,false,,0.11632867433868391,0.12456950431842877,0.009103320769474163,26,4,1.0,48.0,0.5360127337843216,0.17071229606048546,0.2648,268,2293,0.1,0.15,30
60,30,true,,0.1203486156733339,0.5408685791963551,0.42255996454724953,53,55,9.0,59.0,0.8172458172458172,0.007293007293007293,0.2014,268,2293,0.1,0.15,30
20,10,false,,0.09415523737766368,0.17921949961122727,0.10633164520689449,14,17,1.0,19.0,0.65478355765733,0.0,0.2946,269,2294,0.1,0.15,30
30,15,false,,0.10121295339293133,0.24033769302304078,0.14974039007890352,23,26,1.0,29.0,0.6800649614291514,0.20828258221680876,0.2672,269,2294,0.1,0.15,30
40,20,false,,0.12489810595522698,0.09515768721073527,-0.024507186243708387,9,3,1.0,33.0,0.41438658428949693,0.07987643424536628,0.2116,269,2294,0.1,0.15,30
50,25,false,,0.12832068978385552,0.11072462728841348,-0.009200922564180827,23,8,3.0,48.0,0.4571969696969697,0.10492424242424242,0.3028,269,2294,0.1,0.15,30
60,30,false,,0.30910229162164476,0.10290497834881066,-0.21508824376872931,5,2,1.0,47.19999999999982,0.16957076073098173,0.014449638759031025,0.2064,269,2294,0.1,0.15,30
20,10,false,,0.11897251041176174,0.23149014673178198,0.12339678499530543,13,16,1.0,19.0,0.6423308774279973,0.0,0.3,270,2295,0.1,0.15,30
30,15,false,,0.15897273466938242,0.11460743965441282,-0.060345397510857546,8,1,1.0,28.0,0.367908109989558,0.03619909502262444,0.258,270,2295,0.1,0.15,30
40,20,false,,0.1280029483433059,0.12652003909539108,0.005739282216635319,24,36,1.0,38.0,0.5175879396984925,0.15362526920315864,0.2684,270,2295,0.1,0.15,30
50,25,false,,0.3851029073477105,0.10083321254060744,-0.28229521333879715,4,1,1.0,21.0,0.09863240779113137,0.0,0.2042,270,2295,0.1,0.15,30
60,30,true,,0.12180744797886726,0.21772802456872567,0.10129899157598957,51,56,3.0,59.0,0.7556128082443871,0.041221935958778065,0.2404,270,2295,0.1,0.15,30
20,10,false,,0.10413936235422262,0.16303166306494318,0.06099510466690111,12,15,1.0,19.0,0.639615766810202,0.0,0.3012,271,2296,0.1,0.15,30
30,15,false,,0.13143446988262342,0.1375249450039173,0.01284188178216264,14,14,1.0,29.0,0.5420965058236273,0.11381031613976705,0.2676,271,2296,0.1,0.15,30
40,20,false,,0.13241955818018505,0.26484585087584755,0.16505752147316238,29,36,2.0,39.0,0.6634714138993495,0.16638137624101335,0.2494,271,2296,0.1,0.15,30
50,25,false,,0.14188010323058797,0.17229727949248547,0.04324196458097042,32,1,1.0,49.0,0.6161853593015446,0.11114842175957018,0.2266,271,2296,0.1,0.15,30
60,30,true,,0.1421478190257805,0.2623678987470821,0.12163391750618763,54,56,37.0,59.0,0.7847082494969819,0.0026827632461435278,0.2006,271,2296,0.1,0.15,30
20,10,false,,0.058792301556375354,0.5373157959015331,0.4947832977840286,15,17,2.0,19.0,0.8225128444652032,0.0,0.1868,272,2297,0.1,0.15,30
30,15,false,,0.2681887262531282,0.05277416536081677,-0.21873488859817092,3,2,1.0,14.0,0.1767189384800965,0.0,0.079,272,2297,0.1,0.15,30
40,20,true,,0.06432541557665053,0.4373518800831221,0.3655808551314745,34,36,30.0,39.0,0.906764168190128,0.41681901279707495,0.0666,272,2297,0.1,0.15,30
20,10,false,,0.21376194626086878,0.10641073489170194,-0.10335862247131983,5,1,1.0,19.0,0.423921568627451,0.0,0.229,273,2298,0.1,0.15,30
30,15,false,,0.15621763158697682,0.10159251345377214,-0.07130182965972057,8,2,1.0,27.0,0.3534356725146199,0.05482456140350877,0.255,273,2298,0.1,0.15,30
40,20,false,,0.12582608429301903,0.13440420076404247,0.03198872383558948,13,36,1.0,38.0,0.5729166666666666,0.10416666666666667,0.2662,273,2298,0.1,0.15,30
50,25,true,,0.12926766703054715,0.24088657800054578,0.1293624874878855,38,44,1.0,49.0,0.7275449101796407,0.03967065868263473,0.2208,273,2298,0.1,0.15,30
20,10,true,,0.1792318595627155,0.3461354397170851,0.1901572809517503,14,16,1.0,19.0,0.7077244258872651,0.0,0.3098,274,2299,0.1,0.15,30
20,10,false,,0.1183007450161677,0.5180969484270996,0.39902350914590506,15,16,2.0,19.0,0.8226427196921103,0.0,0.3082,275,2300,0.1,0.15,30
30,15,false,,0.13101428774309173,0.1466423618427837,0.02017476201291575,23,26,2.0,29.0,0.5608240680183126,0.18443427076520602,0.2754,275,2300,0.1,0.15,30
40,20,false,,0.13598996449284476,0.24065460592889457,0.15998119455869098,31,36,1.0,39.0,0.6585940127817019,0.12848974100235452,0.249,275,2300,0.1,0.15,30
50,25,false,,0.47493017106111907,0.13317342604390237,-0.34769734546160164,3,1,1.0,17.0,0.213780260707635,0.0,0.1904,275,2300,0.1,0.15,30
60,30,false,,0.14323400724246524,0.15156358049749913,0.012285332660813941,29,29,6.0,57.0,0.5873710534542045,0.2100656455142232,0.2404,275,2300,0.1,0.15,30
20,10,true,,0.0950480969406286,0.1803158122065561,0.10603606094976836,12,16,1.0,19.0,0.7311011391094235,0.0,0.3076,276,2301,0.1,0.15,30
20,10,false,,0.4966795412956656,0.08596784700718355,-0.4192466486058614,2,1,1.0,18.0,0.11101836393989983,0.0,0.2044,277,2302,0.1,0.15,30
30,15,false,,0.4836029141470198,0.10490078943560953,-0.39788588877045494,4,1,1.0,28.0,0.34579439252336447,0.08573750507923608,0.217,277,2302,0.1,0.15,30
40,20,false,,0.12192405140495371,0.15625738279271417,0.04668589972585169,28,34,2.0,39.0,0.5947712418300654,0.238562091503268,0.2696,277,2302,0.1,0.15,30
50,25,true,,0.12162745581634486,0.5787249320940218,0.4468285766352247,44,47,16.0,49.0,0.8995783825220391,0.049444231506324265,0.2366,277,2302,0.1,0.15,30
20,10,false,,0.12466563676308377,0.13217458982431826,0.012883953934287734,9,16,1.0,19.0,0.5340909090909091,0.0,0.3154,278,2303,0.1,0.15,30
30,15,false,,0.1486580914989615,0.18445619907427563,0.07185111742889826,19,1,1.0,29.0,0.5725379456406636,0.15319449346981998,0.2518,278,2303,0.1,0.15,30
40,20,false,,0.17764644503313906,0.12475210220596497,-0.0684020567153662,7,1,1.0,33.0,0.3146186440677966,0.06638418079096045,0.2398,278,2303,0.1,0.15,30
50,25,false,,0.19207105855962925,0.134057342854655,-0.0722103728647611,5,2,1.0,29.0,0.31313842902430433,0.0658682634730539,0.2072,278,2303,0.1,0.15,30
60,30,false,,0.14871178669958626,0.13702754458373845,-0.010697881561371275,9,3,1.0,42.0,0.450371370695476,0.03848750844024308,0.1846,278,2303,0.1,0.15,30
20,10,true,,0.11547095196967926,0.24688489229567281,0.14559434209023137,14,16,1.0,19.0,0.7093403004572175,0.0,0.311,279,2304,0.1,0.15,30
20,10,false,,0.10260674731368802,0.0981700456496053,0.010293294925723076,10,1,1.0,19.0,0.5232469512195121,0.0,0.2536,280,2305,0.1,0.15,30
30,15,true,,0.09607312806899088,0.3589987757005522,0.26280785988345134,24,26,4.0,29.0,0.8188724510195922,0.2682926829268293,0.2608,280,2305,0.1,0.15,30
20,10,false,,0.1276916995559781,0.18957476563120848,0.08376520502799584,12,15,1.0,19.0,0.6499380421313506,0.0,0.302,281,2306,0.1,0.15,30
30,15,false,,0.12172507425359425,0.1190644122616875,0.0036667683775327142,11,4,1.0,28.0,0.5092198581560283,0.07127659574468086,0.2848,281,2306,0.1,0.15,30
40,20,false,,0.1152847207309603,0.1625870300956286,0.06076225415675088,28,37,4.0,39.0,0.6119126896041436,0.25601183869774324,0.2688,281,2306,0.1,0.15,30
50,25,true,,0.11417364981930105,0.5356558508052831,0.4220456643705535,44,45,32.0,49.0,0.8687872763419483,0.03658051689860835,0.2466,281,2306,0.1,0.15,30
20,10,false,,0.12658864840870424,0.13850725970448016,0.010258354463146616,9,1,1.0,19.0,0.521954440409376,0.0,0.2894,282,2307,0.1,0.15,30
30,15,false,,0.10587223915177148,0.09599482034460405,-0.00922957498899956,15,3,1.0,29.0,0.47403100775193796,0.08837209302325581,0.257,282,2307,0.1,0.15,30
40,20,false,,0.08979753197648868,0.5682253916057481,0.47939417713542976,36,36,28.0,39.0,0.9366843885935234,0.24262928951184146,0.173,282,2307,0.1,0.15,30
50,25,false,,0.12364222928493723,0.1132532878604013,-0.009566743002755215,25,4,2.0,45.0,0.4697802197802198,0.1726844583987441,0.2826,282,2307,0.1,0.15,30
60,30,true,,0.11717516082255952,0.37126774215175473,0.2525753189809457,53,56,39.0,59.0,0.8163921253515468,0.006026516673362796,0.2652,282,2307,0.1,0.15,30
20,10,false,,0.10775951796238462,0.4251491791605308,0.3226786607134499,15,16,1.0,19.0,0.7647877522616562,0.0,0.288,283,2308,0.1,0.15,30
30,15,true,,0.10396516597555584,0.4985226499359107,0.40877747959784805,24,26,3.0,29.0,0.8237518910741302,0.23335854765506808,0.2738,283,2308,0.1,0.15,30
20,10,false,,0.0753057521328734,0.6113674033204374,0.5271417387033672,16,17,6.0,19.0,0.9241326725123904,0.0,0.269,284,2309,0.1,0.15,30
30,15,true,,0.09903164337578267,0.6172839976287873,0.5221491822933851,24,27,2.0,29.0,0.8458574181117534,0.2678227360308285,0.2876,284,2309,0.1,0.15,30
20,10,false,,0.10616575906600575,0.1374881970256006,0.053187129491685116,10,1,1.0,19.0,0.5966201322556943,0.0,0.2656,285,2310,0.1,0.15,30
30,15,false,,0.11538218159385534,0.12156970169850195,0.01769567438990276,14,3,1.0,29.0,0.5359683794466403,0.14782608695652175,0.2566,285,2310,0.1,0.15,30
40,20,false,,0.10982568935718441,0.1441018741351499,0.0418586102369725,28,34,3.0,39.0,0.6017384433030423,0.2730146187277756,0.2648,285,2310,0.1,0.15,30
50,25,false,,0.12493107567085225,0.12585393092361843,0.00463317934609675,32,40,2.0,48.0,0.5203499429440852,0.1198174210726512,0.2792,285,2310,0.1,0.15,30
60,30,false,,0.13934621024691693,0.12199033018318871,-0.001955951227479699,26,1,1.0,58.0,0.4921643371452774,0.0986869970351546,0.2502,285,2310,0.1,0.15,30
20,10,false,,0.07471387592464176,0.19915102786405248,0.12496742361221858,13,16,2.0,19.0,0.6859024012393493,0.0,0.2492,286,2311,0.1,0.15,30
30,15,false,,0.7401958809189011,0.043974095449135116,-0.6990700577618084,2,1,1.0,12.0,0.04214819850441876,0.0,0.0668,286,2311,0.1,0.15,30
40,20,true,,0.06511971585545186,0.19260809884432414,0.13938406009125542,32,31,26.0,39.0,0.7713936430317848,0.5672371638141809,0.0526,286,2311,0.1,0.15,30
20,10,false,,0.10246692126301726,0.09802412833198802,-0.010367144997437926,9,1,1.0,19.0,0.4620740197874679,0.0,0.2782,287,2312,0.1,0.15,30
30,15,false,,0.10955536296036388,0.10289710569277216,-0.01339105418705136,13,1,1.0,28.0,0.46730528946272387,0.08621407746772178,0.2394,287,2312,0.1,0.15,30
40,20,true,,0.09105121346475833,0.38730904640693403,0.3055015283199146,33,36,14.0,39.0,0.8450184501845018,0.2523062730627306,0.1766,287,2312,0.1,0.15,30
20,10,false,,0.11284905794741254,0.1502263993179292,0.0454264444026441,9,3,1.0,19.0,0.589397431675996,0.0,0.2906,288,2313,0.1,0.15,30
30,15,true,,0.10726507458395657,0.33429184341983187,0.2320993215353208,24,26,4.0,29.0,0.8166077738515901,0.2480565371024735,0.284,288,2313,0.1,0.15,30
20,10,false,,0.10266113991121326,0.1167098972832106,0.007626001898764806,10,8,1.0,19.0,0.5279945707499152,0.0,0.2904,289,2314,0.1,0.15,30
30,15,false,,0.08565955268445372,0.16741999953149947,0.09621384360519739,19,25,2.0,29.0,0.6887306242144952,0.12358609132802681,0.2198,289,2314,0.1,0.15,30
40,20,false,,0.16181789810896458,0.08871512029081118,-0.041530429857430745,6,3,1.0,35.0,0.3995305164319249,0.07323943661971831,0.1658,289,2314,0.1,0.15,30
50,25,false,,0.14097606093165183,0.0775519157877803,-0.059378603193106796,8,7,1.0,31.0,0.26297968397291194,0.12246049661399548,0.0926,289,2314,0.1,0.15,30
60,30,false,,0.10250329254642697,0.09015648565576244,-0.0049882878283484325,22,8,1.0,41.0,0.4785714285714286,0.10659340659340659,0.0908,289,2314,0.1,0.15,30
20,10,false,,0.11174999331123131,0.48445095348665274,0.3751945098664018,16,16,2.0,19.0,0.8508324838600068,0.0,0.2996,290,2315,0.1,0.15,30
30,15,false,,0.11688991006813478,0.1414081643949048,0.04115057820477255,15,3,1.0,29.0,0.5879100626612606,0.1503870254330999,0.2722,290,2315,0.1,0.15,30
40,20,false,,0.5833751502363037,0.10952938603221203,-0.47013493061435835,3,1,1.0,32.0,0.11559778305621536,0.022961203483768806,0.1948,290,2315,0.1,0.15,30
50,25,false,,0.1346421275440328,0.16261971574136092,0.05330179532886152,36,45,1.0,49.0,0.6256089074460682,0.08455114822546973,0.224,290,2315,0.1,0.15,30
60,30,false,,0.1342989986758758,0.3587463379942195,0.22606067291474458,55,56,43.0,59.0,0.839918533604888,0.0,0.1302,290,2315,0.1,0.15,30
20,10,false,,0.0894743028030651,0.702536729555021,0.6142117095042073,16,17,4.0,19.0,0.916952380952381,0.0,0.2682,291,2316,0.1,0.15,30
30,15,false,,0.10261330813707437,0.19383839725527904,0.1013308520594754,22,27,1.0,29.0,0.675442043222004,0.22161100196463654,0.2618,291,2316,0.1,0.15,30
40,20,false,,0.15180786878738936,0.10367514309831345,-0.05842220666232064,8,3,1.0,38.0,0.4056643065389421,0.19075385256143274,0.264,291,2316,0.1,0.15,30
50,25,false,,0.1379730840225582,0.11240610987658704,-0.03032801196249972,8,4,1.0,30.0,0.4108,0.08,0.258,291,2316,0.1,0.15,30
60,30,false,,0.12467389598639811,0.17015452023402286,0.06519536327491418,49,55,4.0,59.0,0.6509157509157509,0.041758241758241756,0.236,291,2316,0.1,0.15,30
20,10,true,,0.1390917645767325,0.24488995592868446,0.12052931904267611,14,16,2.0,19.0,0.7239057239057239,0.0,0.3008,292,2317,0.1,0.15,30
20,10,true,,0.0745137406720638,0.17467454175001654,0.11281939790716142,12,15,1.0,19.0,0.7320497392699559,0.0,0.2852,293,2318,0.1,0.15,30
20,10,false,,0.12674770933615032,0.300965988293861,0.2013552539792783,13,1,1.0,19.0,0.6194423511680482,0.0,0.2584,294,2319,0.1,0.15,30
30,15,false,,0.5524468798941797,0.07872988505069775,-0.4765944162125661,3,1,1.0,26.0,0.1513392857142857,0.01830357142857143,0.2048,294,2319,0.1,0.15,30
40,20,false,,0.1163624385171509,0.15015980897067482,0.058677754656720524,27,36,2.0,38.0,0.6292134831460674,0.2169701666020922,0.2866,294,2319,0.1,0.15,30
50,25,false,,0.12294396731629019,0.12265674089666448,0.014137415445946211,12,4,1.0,48.0,0.5567651632970451,0.08009331259720062,0.2608,294,2319,0.1,0.15,30
60,30,true,,0.11983826177260042,0.21538607564727646,0.1211957882932997,40,55,3.0,59.0,0.7752721617418351,0.053265940902021774,0.2078,294,2319,0.1,0.15,30
20,10,false,,0.1610606920970763,0.1261452352814658,-0.04230063663623229,8,2,1.0,18.0,0.3883464566929134,0.0,0.3038,295,2320,0.1,0.15,30
30,15,false,,0.12928050705885277,0.12169219493788444,-0.005206974948700788,18,27,2.0,29.0,0.489652870493992,0.15053404539385848,0.2686,295,2320,0.1,0.15,30
40,20,false,,0.16177672784287755,0.0990912679264117,-0.09411773555776631,13,2,1.0,37.0,0.27586206896551724,0.14167916041979012,0.26,295,2320,0.1,0.15,30
50,25,false,,0.13778167190598972,0.11952946006544712,-0.010291214943759744,15,2,1.0,47.0,0.47109935776350587,0.0680015111446921,0.2524,295,2320,0.1,0.15,30
60,30,false,,0.21340445097589755,0.1131230907740998,-0.10547082180990008,6,2,1.0,36.0,0.21875,0.12459935897435898,0.21,295,2320,0.1,0.15,30
20,10,false,,0.10703519349798282,0.48891521308149977,0.39613913515754673,15,17,2.0,19.0,0.7242349630671826,0.0,0.2846,296,2321,0.1,0.15,30
30,15,false,,0.1533844591662462,0.11351782166686854,-0.046186488430421516,7,2,1.0,29.0,0.44426296447529606,0.13066557778685178,0.2444,296,2321,0.1,0.15,30
40,20,false,,0.12438653194743146,0.18092508433395493,0.09055367991513846,24,37,2.0,39.0,0.6624730409777139,0.16858375269590223,0.2658,296,2321,0.1,0.15,30
50,25,false,,0.1333890645177167,0.16588574431152284,0.05681074188213761,20,2,1.0,48.0,0.6440860215053763,0.08387096774193549,0.2342,296,2321,0.1,0.15,30
60,30,false,,0.15107750544480902,0.1512800286106766,0.002687783974167135,28,1,1.0,58.0,0.5036674816625917,0.031435557107928745,0.2016,296,2321,0.1,0.15,30
20,10,false,,0.2115970547678507,0.12834818424336397,-0.10340600532358463,6,3,1.0,18.0,0.2988744075829384,0.0,0.3298,297,2322,0.1,0.15,30
30,15,false,,0.3577561575735626,0.09365650501904149,-0.26764404439388895,5,2,1.0,26.0,0.1835815725666782,0.016972635954277795,0.229,297,2322,0.1,0.15,30
40,20,false,,0.31960382495674206,0.10575289808606203,-0.21876292831446847,4,3,1.0,28.0,0.15551470588235294,0.03051470588235294,0.208,297,2322,0.1,0.15,30
50,25,true,,0.1300535430310946,0.4751694363925403,0.3464785501391158,44,46,6.0,49.0,0.7934238741958541,0.05182273052180129,0.2246,297,2322,0.1,0.15,30
20,10,false,,0.09994098173806783,0.31073842800480045,0.21532315207248057,15,16,4.0,19.0,0.7963934426229509,0.0,0.301,298,2323,0.1,0.15,30
30,15,false,,0.2323053618283343,0.104225370543539,-0.14163374480947122,5,1,1.0,28.0,0.27374951531601394,0.060100814269096546,0.2368,298,2323,0.1,0.15,30
40,20,false,,0.11406316470253088,0.15230649036181731,0.06351675032240053,27,36,1.0,39.0,0.6395641240569991,0.1777032690695725,0.2268,298,2323,0.1,0.15,30
50,25,false,,0.26640447417384105,0.10816509709004421,-0.17369672205089157,6,1,1.0,49.0,0.3482816429170159,0.013830678960603521,0.2154,298,2323,0.1,0.15,30
60,30,false,,0.14082057813038157,0.1150267957216408,-0.032757691692860386,25,2,1.0,52.0,0.3635889410537298,0.07355242566510173,0.152,298,2323,0.1,0.15,30
20,10,false,,0.09655146339307279,0.4302543895206299,0.3565458504388351,15,16,1.0,19.0,0.7190547636909227,0.0,0.2356,299,2324,0.1,0.15,30
30,15,false,,0.1151691124447366,0.10754913938427452,-0.0163500120877725,16,1,1.0,28.65000000000009,0.47533460803059274,0.11625239005736138,0.2672,299,2324,0.1,0.15,30
40,20,false,,0.11240804388727504,0.16285578176915297,0.07927581498057258,22,37,2.0,39.0,0.625053625053625,0.11711711711711711,0.257,299,2324,0.1,0.15,30
50,25,false,,0.11627637866874664,0.12422009438079772,0.0038730100304617265,37,46,3.0,49.0,0.5115712545676004,0.07714169711733658,0.2566,299,2324,0.1,0.15,30
60,30,false,,0.11988157243255564,0.14489158886666906,0.032705213661803095,38,38,13.0,58.0,0.6132553606237817,0.13801169590643275,0.2608,299,2324,0.1,0.15,30
20,10,false,,0.09090072947356174,0.10343459260137791,0.02231047995858422,12,15,1.0,19.0,0.5627923713566031,0.0,0.2844,300,2325,0.1,0.15,30
30,15,false,,0.10541861568730997,0.1631180405247395,0.07674351404355315,16,26,2.0,29.0,0.6130653266331658,0.1039814456899884,0.2938,300,2325,0.1,0.15,30
40,20,false,,0.13295095067356574,0.0934158075260542,-0.04532277906809344,9,3,1.0,36.0,0.3589076723016905,0.06198526224534027,0.2308,300,2325,0.1,0.15,30
50,25,false,,0.11045738690612421,0.18314228006283229,0.07378554649780453,39,42,2.0,48.0,0.6390398550724637,0.10733695652173914,0.1822,300,2325,0.1,0.15,30
60,30,false,,0.12433236362363692,0.09652765440112838,-0.029663290589453946,20,6,2.0,55.0,0.4064145524174246,0.1713738630923887,0.1222,300,2325,0.1,0.15,30
20,10,false,,0.13605885789399896,0.16390131989192996,0.04290869462626322,12,16,1.0,19.0,0.5749106272343192,0.0,0.2976,301,2326,0.1,0.15,30
30,15,false,,0.1266044309277302,0.1745351115250537,0.07548159675698088,21,26,2.0,29.0,0.6234735413839891,0.21200814111261873,0.2634,301,2326,0.1,0.15,30
40,20,false,,0.12119114161467441,0.39585050950160505,0.2791422811638721,35,37,2.0,39.0,0.7724322260404735,0.17258495609011074,0.235,301,2326,0.1,0.15,30
50,25,false,,0.12218168937321992,0.1850822257618092,0.06686645072232114,39,46,12.0,49.0,0.6770569046756071,0.1728887277999275,0.2362,301,2326,0.1,0.15,30
60,30,false,,0.1316683678682169,0.13154835071411478,0.0050686766847766185,20,4,1.0,56.0,0.5170311939763356,0.04159196844747221,0.214,301,2326,0.1,0.15,30
20,10,false,,0.13851280951944367,0.3492214437851597,0.2324939293342733,15,16,3.0,19.0,0.7906160229811682,0.0,0.3004,302,2327,0.1,0.15,30
30,15,false,,0.1532808855221581,0.11527205642410454,-0.060886173244101754,9,1,1.0,28.0,0.3331145388907122,0.04594683295044306,0.2766,302,2327,0.1,0.15,30
40,20,false,,0.1298750829304277,0.1377741494069929,0.020035998533382116,21,25,2.0,38.19999999999982,0.5526948163405424,0.17473395125300378,0.2742,302,2327,0.1,0.15,30
50,25,false,,0.1335460921459281,0.16560810250166272,0.051814117940421886,36,46,3.0,49.0,0.6045470203238029,0.06820530485704444,0.2278,302,2327,0.1,0.15,30
60,30,false,,0.1700936247891538,0.12617768497473278,-0.0471948929646806,8,2,1.0,23.0,0.2871362940275651,0.01110260336906585,0.1412,302,2327,0.1,0.15,30
20,10,false,,0.14918228296473487,0.1522955587066887,0.013432652414045301,11,18,1.0,19.0,0.5042531473290235,0.0,0.2696,303,2328,0.1,0.15,30
30,15,false,,0.12241911846582934,0.15997955198375308,0.05392668383601654,20,27,1.0,29.0,0.5855888807607901,0.19934162399414776,0.2564,303,2328,0.1,0.15,30
40,20,true,,0.11847479208100717,0.3878361424189005,0.27243249011729426,33,36,3.0,39.0,0.8033687294031491,0.2453313804467228,0.2646,303,2328,0.1,0.15,30
20,10,true,,0.07348204304912898,0.17135244763858323,0.10389296665944757,14,16,2.0,19.0,0.7487795719113781,0.0,0.297,304,2329,0.1,0.15,30
20,10,false,,0.1272556439137864,0.21865281795629946,0.11619384901907642,15,16,2.0,19.0,0.7175954915466499,0.0,0.3152,305,2330,0.1,0.15,30
30,15,false,,0.12325436246853258,0.12498116597129676,0.0050040955849198765,18,26,2.0,29.0,0.5067204301075269,0.14045698924731181,0.2914,305,2330,0.1,0.15,30
40,20,false,,0.10988522814946129,0.17454259389404578,0.07202413131282626,29,34,10.0,39.0,0.6930545182972367,0.2875280059746079,0.2736,305,2330,0.1,0.15,30
50,25,false,,0.12164329043304514,0.13424795503084094,0.02061271448108072,26,44,2.0,48.0,0.5922049801515699,0.10068567304222302,0.259,305,2330,0.1,0.15,30
60,30,false,,0.13515334737641194,0.13522962809308267,-0.0011495506342876216,21,2,1.0,58.0,0.4969804618117229,0.026287744227353464,0.2012,305,2330,0.1,0.15,30
20,10,false,,0.12993112222992623,0.41080740915818187,0.2973997942209207,15,17,2.0,19.0,0.80109783661608,0.0,0.2946,306,2331,0.1,0.15,30
30,15,true,,0.1285666272494481,0.24081898959192008,0.11757581949715842,23,27,3.0,29.0,0.7057300097118808,0.23632243444480414,0.279,306,2331,0.1,0.15,30
20,10,false,,0.08988638776350265,0.13687572214506424,0.053943600175369935,13,16,2.0,19.0,0.645984143398828,0.0,0.2948,307,2332,0.1,0.15,30
30,15,false,,0.14039770198615914,0.11105309402364362,-0.05031561873227028,14,1,1.0,29.0,0.4333470903838217,0.10771770532397854,0.2626,307,2332,0.1,0.15,30
40,20,true,,0.10649680143607515,0.5805573266659183,0.4722360520990653,34,37,5.0,39.0,0.8512605042016806,0.2781512605042017,0.2634,307,2332,0.1,0.15,30
20,10,false,,0.05081801216686365,0.389742974791696,0.3440292277987621,15,15,1.0,19.0,0.7897940074906367,0.0,0.1426,308,2333,0.1,0.15,30
30,15,true,,0.04284183497535499,0.18668215497481658,0.1406239330953352,19,17,10.0,29.0,0.879375,0.0975,0.0692,308,2333,0.1,0.15,30
20,10,false,,0.06319241753516795,0.1068707639393687,0.04684313977591022,13,16,2.0,19.0,0.6563403552251136,0.0,0.204,309,2334,0.1,0.15,30
30,15,false,,0.14862240880238542,0.06270716052788639,-0.105652227816452,3,2,1.0,19.0,0.30219435736677114,0.0,0.0852,309,2334,0.1,0.15,30
40,20,false,,0.03935249248397725,0.2645432286105947,0.22519073612661744,36,37,32.0,39.0,0.9849246231155779,0.09246231155778895,0.0348,309,2334,0.1,0.15,30
50,25,false,,0.0659756496434006,0.06882439368456629,-0.03472309967683551,6,5,2.0,35.0,0.3438368860055607,0.1566265060240964,0.0316,309,2334,0.1,0.15,30
60,30,false,,0.4580548144439536,0.06611499321349087,-0.4186015761634004,2,1,1.0,8.0,0.14142335766423358,0.0,0.0122,309,2334,0.1,0.15,30
20,10,false,,0.15711373776230217,0.11330022602913549,-0.050879967787582275,11,18,1.0,19.0,0.37473035439137137,0.0,0.3044,310,2335,0.1,0.15,30
30,15,false,,0.1280279631272463,0.14503305585376305,0.029128229344019943,21,26,2.0,29.0,0.5609917355371901,0.1947107438016529,0.2922,310,2335,0.1,0.15,30
40,20,false,,0.5759841418873674,0.11863795756307756,-0.45370967654567673,3,2,1.0,36.0,0.21161048689138576,0.08202247191011236,0.195,310,2335,0.1,0.15,30
50,25,false,,0.49572675474744643,0.12774474393776838,-0.3727242847295762,3,2,1.0,43.0,0.1292885518237631,0.022029613578909354,0.1762,310,2335,0.1,0.15,30
60,30,true,,0.14187214670212106,0.19589277050969267,0.07064802842330928,51,53,7.0,59.0,0.7124394184168013,0.05137318255250404,0.2154,310,2335,0.1,0.15,30
20,10,false,,0.17017359564062423,0.14443592543383144,-0.026083549457883687,11,15,1.3250000000000028,19.0,0.42787635947338293,0.0,0.324,311,2336,0.1,0.15,30
30,15,false,,0.19511587898562036,0.09750503536646626,-0.13676708850825264,11,3,1.0,28.0,0.3214907697666318,0.08568443051201671,0.2422,311,2336,0.1,0.15,30
40,20,false,,0.12897432986520727,0.1041381107092431,-0.036099216076479215,26,36,1.0,38.42500000000018,0.4159159159159159,0.2120870870870871,0.2502,311,2336,0.1,0.15,30
50,25,false,,0.1432379622007438,0.12750078757652658,-0.012423889185502107,18,2,1.0,48.0,0.47889374090247455,0.026928675400291122,0.234,311,2336,0.1,0.15,30
60,30,false,,0.13138009517943278,0.13736778843862307,0.010908724047815094,34,55,5.0,59.0,0.542995839112344,0.06934812760055478,0.2184,311,2336,0.1,0.15,30
20,10,false,,0.14536283097444375,0.11892253590533484,-0.048226265659326556,7,1,1.0,19.0,0.43089430894308944,0.0,0.2716,312,2337,0.1,0.15,30
30,15,false,,0.10767825416298499,0.11437584142646255,0.005997755377045541,19,26,3.0,29.0,0.52588066139468,0.12652767792954708,0.2958,312,2337,0.1,0.15,30
40,20,false,,0.12115713721354841,0.10288014721957311,-0.013674289735513961,14,2,1.0,39.0,0.4628136200716846,0.16980286738351255,0.201,312,2337,0.1,0.15,30
50,25,false,,0.11807046109675282,0.15577360814583308,0.056708916566429214,31,46,4.0,49.0,0.6496655518394648,0.05936454849498328,0.2532,312,2337,0.1,0.15,30
60,30,false,,0.19993840152185516,0.10836427933771307,-0.10286064433468868,11,2,1.0,56.0,0.2726072607260726,0.10297029702970296,0.1264,312,2337,0.1,0.15,30
20,10,false,,0.1227327331622624,0.0968631088984871,-0.02934948444740995,8,4,1.0,19.0,0.4097657538766084,0.0,0.2964,313,2338,0.1,0.15,30
30,15,true,,0.09513287535174189,0.30185097446918013,0.2101467428457826,21,26,3.0,29.0,0.749513807856865,0.1485803189420459,0.2882,313,2338,0.1,0.15,30
20,10,false,,0.09098097078168911,0.2750865134059547,0.18261558933401517,15,16,3.0,19.0,0.7490611130078525,0.0,0.3074,314,2339,0.1,0.15,30
30,15,false,,0.11908120365607722,0.16096031698209215,0.07162479464232269,12,26,1.0,28.0,0.6281628162816282,0.11294462779611295,0.2784,314,2339,0.1,0.15,30
40,20,false,,0.13294738032492895,0.11488005921232393,-0.011114064496147956,15,1,1.0,37.0,0.4686064318529862,0.1562021439509954,0.2462,314,2339,0.1,0.15,30
50,25,true,,0.11944241278616671,0.2317482673594257,0.11826584982293242,41,46,4.0,49.0,0.7075958702064897,0.06452802359882005,0.2702,314,2339,0.1,0.15,30
20,10,false,,0.14627142453306918,0.15976499211112025,0.024120911738911843,8,3,1.0,18.0,0.538008067018306,0.0,0.3098,315,2340,0.1,0.15,30
30,15,false,,0.16959515410491788,0.12150931423916471,-0.07289418380227072,7,1,1.0,27.0,0.36472545757071545,0.03361064891846922,0.2602,315,2340,0.1,0.15,30
40,20,false,,0.14997546593589023,0.12377310874556662,-0.034297374977848294,16,2,1.0,37.0,0.3726000650829808,0.16954116498535632,0.2472,315,2340,0.1,0.15,30
50,25,false,,0.1367587247428156,0.19044440137077487,0.06420394011879008,43,45,10.0,49.0,0.6764144945963128,0.0638906547997457,0.2276,315,2340,0.1,0.15,30
60,30,false,,0.14208477897472857,0.19621581768931293,0.06205548599876104,52,55,10.0,59.0,0.6933675104133291,0.021787888497276513,0.186,315,2340,0.1,0.15,30
20,10,false,,0.08529729120059466,0.11644552026117934,0.03500258555432584,12,16,1.0,19.0,0.6229693993199849,0.0,0.2764,316,2341,0.1,0.15,30
30,15,true,,0.09743786326980533,0.20516787102138678,0.12142672417471435,20,27,3.0,29.0,0.730680948737567,0.16067329762815608,0.2982,316,2341,0.1,0.15,30
20,10,false,,0.13908921805554295,0.11345768825292565,-0.029949534631226654,6,1,1.0,19.0,0.4393420150788211,0.0,0.2794,317,2342,0.1,0.15,30
30,15,false,,0.11970794385746653,0.15339091627630486,0.045206550536886825,23,26,1.0,29.0,0.5826149425287356,0.1713362068965517,0.2808,317,2342,0.1,0.15,30
40,20,false,,0.12189140079091049,0.1529483697578823,0.055989691291852176,24,4,2.0,39.0,0.6011009174311926,0.20660550458715596,0.27,317,2342,0.1,0.15,30
50,25,false,,0.11953895491895664,0.19247811068744108,0.07704310619049853,40,43,17.0,49.0,0.6996402877697842,0.1672661870503597,0.2706,317,2342,0.1,0.15,30
60,30,false,,0.13623389247707682,0.14538331297608273,0.019122457753951994,45,2,1.0,59.0,0.5290399051758198,0.02805215329909127,0.181,317,2342,0.1,0.15,30
20,10,false,,0.09299535579717058,0.1589412151318309,0.07625880023888673,12,16,1.0,19.0,0.6681978798586572,0.0,0.2996,318,2343,0.1,0.15,30
30,15,false,,0.10857438637273394,0.2211462666376589,0.1305005161484598,22,26,1.0,29.0,0.6836843984291324,0.14601927882898966,0.295,318,2343,0.1,0.15,30
40,20,false,,0.11234196358864887,0.18047817594953675,0.08739872486123158,28,35,3.0,38.0,0.6671875,0.230078125,0.2882,318,2343,0.1,0.15,30
50,25,false,,0.3781324614444907,0.10714679210502188,-0.25928728573255644,4,1,1.0,45.0,0.20379965457685664,0.03367875647668394,0.2014,318,2343,0.1,0.15,30
60,30,true,,0.1184351636765629,0.25153978645169467,0.13780002398079183,52,55,35.0,59.0,0.761085626911315,0.01452599388379205,0.2296,318,2343,0.1,0.15,30
20,10,false,,0.11124952732663741,0.15941765056237733,0.050884314819125004,11,16,1.0,19.0,0.6331006979062812,0.0,0.3106,319,2344,0.1,0.15,30
30,15,false,,0.10905921239998329,0.14881086978488384,0.0517508217804082,20,27,1.0,29.0,0.6227703984819735,0.19772296015180266,0.2668,319,2344,0.1,0.15,30
40,20,false,,0.11292339985509241,0.1873905436333224,0.09046158032871542,27,35,2.0,39.0,0.6692160611854685,0.2355640535372849,0.2912,319,2344,0.1,0.15,30
50,25,true,,0.11631369677581799,0.1954528487926326,0.0980558641572375,38,47,5.0,49.0,0.7554009520322227,0.10984987184181619,0.263,319,2344,0.1,0.15,30
20,10,false,,0.09751987704761092,0.6061127181276887,0.5095038292313887,16,17,3.0,19.0,0.8216440422322775,0.0,0.2642,320,2345,0.1,0.15,30
30,15,false,,0.13265244313592278,0.0656684925624359,-0.06514785748687002,7,1,1.0,28.0,0.30667297681022243,0.060104117368670135,0.164,320,2345,0.1,0.15,30
40,20,true,,0.1084352990892844,0.37846001104970206,0.2605839225029605,33,36,7.0,39.0,0.8027777777777778,0.33650793650793653,0.2894,320,2345,0.1,0.15,30
20,10,false,,0.14998873112673627,0.10304487142886683,-0.06036598782450176,9,1,1.0,19.0,0.40800273597811215,0.0,0.2794,321,2346,0.1,0.15,30
30,15,false,,0.11724389721659875,0.6298685163076948,0.5135623475221042,25,26,5.0,29.0,0.858093903293623,0.32901191310441485,0.2564,321,2346,0.1,0.15,30
40,20,false,,0.15823449399196243,0.10131472022235549,-0.06536442006421161,8,4,1.0,38.0,0.340990099009901,0.06851485148514852,0.2412,321,2346,0.1,0.15,30
50,25,false,,0.12909930848100098,0.09688604679997201,-0.046645686773245626,23,28,2.0,47.0,0.3451254627725216,0.16865487453722747,0.2286,321,2346,0.1,0.15,30
60,30,false,,0.16105445299368198,0.11667729246552976,-0.051865889564007436,12,4,1.0,58.0,0.403516295025729,0.036449399656946824,0.2402,321,2346,0.1,0.15,30
20,10,false,,0.12319431470701869,0.17204079519078688,0.07412635057105199,11,16,1.0,19.0,0.6000663790242283,0.0,0.2586,322,2347,0.1,0.15,30
30,15,false,,0.11989832151619415,0.09074826775197971,-0.028847556819555142,11,3,1.0,28.0,0.39524752475247527,0.0891089108910891,0.2414,322,2347,0.1,0.15,30
40,20,true,,0.09496161167953605,0.43288945502918735,0.35002660404819796,32,36,14.700000000000003,39.0,0.7338296882270824,0.27221963704048396,0.1932,322,2347,0.1,0.15,30
20,10,false,,0.21188954189324904,0.11307799843350645,-0.1299435687079545,7,2,1.0,19.0,0.27491188721563603,0.0,0.2856,323,2348,0.1,0.15,30
30,15,false,,0.14404879082311067,0.13170348020624667,-0.014630254889037825,15,26,2.0,29.0,0.4671789945565162,0.12455971821966058,0.2796,323,2348,0.1,0.15,30
40,20,true,,0.13142716084435457,0.3072995270177835,0.17393538535608002,33,36,5.0,39.0,0.7110808973487424,0.1893269884432359,0.2576,323,2348,0.1,0.15,30
20,10,false,,0.10410673060375583,0.28891457228404527,0.19256841908368705,15,15,3.0,19.0,0.757505003335557,0.0,0.2938,324,2349,0.1,0.15,30
30,15,false,,0.1413419036689359,0.11987666616748921,-0.034194051965933475,15,1,1.0,28.0,0.44651830581478824,0.11701363962670495,0.2542,324,2349,0.1,0.15,30
40,20,false,,0.13756357117366672,0.12322525064458457,-0.008762226925474112,11,4,2.0,39.0,0.48736726473819114,0.08861222995239838,0.2626,324,2349,0.1,0.15,30
50,25,true,,0.11541669937339591,0.5293166749975233,0.4103436141895138,44,46,31.0,49.0,0.9342001576044129,0.04688731284475965,0.257,324,2349,0.1,0.15,30
20,10,false,,0.16181879471547864,0.13922298377646686,-0.0252458590341402,9,2,1.0,18.0,0.45238838588822977,0.0,0.2956,325,2350,0.1,0.15,30
30,15,false,,0.1303283298445081,0.18775663721115832,0.09632199384575445,23,27,2.0,29.0,0.6112237998647735,0.24509803921568626,0.2704,325,2350,0.1,0.15,30
40,20,false,,0.12975260628451057,0.13348365147602978,0.01141891315254645,22,35,2.0,38.0,0.5464261857047428,0.251503006012024,0.2824,325,2350,0.1,0.15,30
50,25,false,,0.13375764236395332,0.1273348238872942,-0.008600181980693955,35,37,1.0,48.0,0.4571617598412173,0.10982467747270923,0.2352,325,2350,0.1,0.15,30
60,30,false,,0.13650448713794713,0.1348033953018226,-8.782077854807557e-5,16,4,1.0,48.0,0.49418399718011985,0.06802960874162849,0.2182,325,2350,0.1,0.15,30
20,10,false,,0.1014520963232134,0.12827708423427095,0.04837066329938963,11,1,1.0,19.0,0.584855403348554,0.0,0.2694,326,2351,0.1,0.15,30
30,15,true,,0.10790185322760945,0.26522548356407477,0.16768365560021967,21,25,4.0,29.0,0.8231500339443313,0.12321792260692464,0.2944,326,2351,0.1,0.15,30
20,10,false,,0.07856691007150512,0.09260416370473959,0.012959354758996344,10,7,1.0,19.0,0.5591692789968652,0.0,0.2602,327,2352,0.1,0.15,30
30,15,false,,0.07154260161663487,0.6128336522768163,0.5497683936929778,25,26,16.0,29.0,0.9995267392333176,0.301940369143398,0.1662,327,2352,0.1,0.15,30
40,20,false,,0.09303209177293276,0.08587457562928605,-0.002031723463600782,21,3,2.0,38.0,0.4915,0.1945,0.1292,327,2352,0.1,0.15,30
50,25,false,,0.0977840841267915,0.08656919556365819,-0.01451816451020728,8,4,1.0,29.0,0.44934172867773325,0.09215798511734402,0.093,327,2352,0.1,0.15,30
60,30,true,,0.0784858683708943,0.1497642694182848,0.06184086014107042,46,46,36.0,58.0,0.8372513562386981,0.0,0.05,327,2352,0.1,0.15,30
20,10,false,,0.20361401290822653,0.10540692295782553,-0.120714068842318,6,2,1.0,19.0,0.282484076433121,0.0,0.243,328,2353,0.1,0.15,30
30,15,false,,0.2521479240206609,0.07287352973747045,-0.19632415980883985,4,1,1.0,18.0,0.08322717622080679,0.0,0.2094,328,2353,0.1,0.15,30
40,20,true,,0.11151222796590071,0.4607142986117125,0.3490838029664428,34,36,9.0,39.0,0.8413608562691132,0.23432721712538226,0.2594,328,2353,0.1,0.15,30
20,10,false,,0.5065023145506555,0.10233493927272048,-0.4156437268988189,3,1,1.0,18.0,0.13224368499257058,0.0,0.239,329,2354,0.1,0.15,30
30,15,false,,0.2520521080722019,0.10222732541102902,-0.15818607521297293,5,2,1.0,26.0,0.16042234332425068,0.020095367847411442,0.2586,329,2354,0.1,0.15,30
40,20,false,,0.132113924203507,0.10819438763192116,-0.033499540912580714,26,35,2.0,38.0,0.4063730755460079,0.20479770855710705,0.2604,329,2354,0.1,0.15,30
50,25,false,,0.17547882697490585,0.10892386082540309,-0.0854699701826276,10,2,1.0,48.0,0.3102503912363067,0.054773082942097026,0.2126,329,2354,0.1,0.15,30
60,30,false,,,,,,,,,,,0.0,329,2354,0.1,0.15,30
20,10,false,,0.1231951603589101,0.16533947890387574,0.06694815360565252,13,16,1.0,19.0,0.6119025007913896,0.0,0.3008,330,2355,0.1,0.15,30
30,15,false,,0.13414595054922113,0.14135500256029448,0.028556427801657888,20,1,1.0,29.0,0.5337286879169756,0.1753150481838399,0.247,330,2355,0.1,0.15,30
40,20,false,,0.15728810772552052,0.10873633320223841,-0.054535936067222346,10,3,1.0,37.0,0.3151779230210603,0.058460421205519246,0.2496,330,2355,0.1,0.15,30
50,25,false,,0.12716893328764586,0.11975492994119075,-0.011212093840494874,18,6,2.0,43.0,0.4639175257731959,0.1347316032705297,0.2594,330,2355,0.1,0.15,30
60,30,false,,0.1218530465524924,0.16207277799645872,0.04171622606271122,53,55,32.0,59.0,0.6292051756007394,0.033271719038817,0.2052,330,2355,0.1,0.15,30
20,10,false,,0.09735984694093824,0.5825478477768463,0.48267833810572247,16,16,8.0,19.0,0.961456102783726,0.0,0.2876,331,2356,0.1,0.15,30
30,15,false,,0.11526575882330733,0.17429940648513959,0.0773354530259191,18,27,2.0,29.0,0.6693021656926779,0.15744242007562737,0.2862,331,2356,0.1,0.15,30
40,20,false,,0.15893907587059558,0.10379682429910121,-0.0718015018545026,9,3,1.0,26.0,0.3051660516605166,0.016974169741697416,0.2734,331,2356,0.1,0.15,30
50,25,false,,0.11906379205961391,0.22205069212694015,0.1153307725368366,37,46,1.0,48.0,0.6733569460842188,0.05785123966942149,0.2512,331,2356,0.1,0.15,30
60,30,true,,0.1199424189215556,0.4159754606632416,0.287908838595147,52,57,40.0,59.0,0.9127951256664127,0.0,0.1968,331,2356,0.1,0.15,30
20,10,false,,0.14987052110113863,0.26040073364034,0.13835986014199578,14,15,1.0,19.0,0.6672950047125353,0.0,0.2954,332,2357,0.1,0.15,30
30,15,false,,0.1801831154322115,0.11194705960324686,-0.08854018325700128,7,3,1.0,27.0,0.271049983227105,0.03421670580342167,0.274,332,2357,0.1,0.15,30
40,20,true,,0.1270378655523741,0.2461622050566005,0.11996628753496791,32,34,4.0,39.0,0.7225741913971324,0.33611203734578193,0.2546,332,2357,0.1,0.15,30
20,10,false,,0.0527965181844686,0.35484029729616956,0.31715451843339904,15,16,1.0,19.0,0.8206997084548106,0.0,0.1436,333,2358,0.1,0.15,30
30,15,false,,0.05737692350190612,0.09654540575967227,0.045142719813749725,14,18,2.0,28.0,0.6927744070601214,0.08714837286265857,0.0982,333,2358,0.1,0.15,30
40,20,true,,0.04837930090814316,0.46675264632989566,0.40106844329570196,34,35,13.0,39.0,0.9761015683345781,0.1299477221807319,0.0454,333,2358,0.1,0.15,30
20,10,false,,0.12226122645221421,0.13386310312337077,0.024439454832707375,12,16,1.0,19.0,0.5641685429398521,0.0,0.3072,334,2359,0.1,0.15,30
30,15,false,,0.135524244504291,0.09934395592038356,-0.04724893770310165,11,1,1.0,28.0,0.4338266384778013,0.1014799154334038,0.2092,334,2359,0.1,0.15,30
40,20,false,,0.4837833608966283,0.08614633626381474,-0.39984645804145247,4,1,1.0,14.0,0.12457044673539519,0.0,0.2064,334,2359,0.1,0.15,30
50,25,false,,0.12240009343678822,0.2052613747307417,0.09875270890003435,35,44,12.0,49.0,0.6814814814814815,0.1949317738791423,0.2954,334,2359,0.1,0.15,30
60,30,true,,0.11522289475808546,0.23867777493571318,0.12794087524909387,52,53,15.0,59.0,0.7317666126418152,0.027147487844408427,0.2506,334,2359,0.1,0.15,30
20,10,false,,0.13629957888274546,0.1961934807571388,0.07728007131393774,13,15,2.0,19.0,0.68014484007242,0.0,0.3254,335,2360,0.1,0.15,30
30,15,false,,0.1282322475734517,0.1493106480824885,0.030350887398176013,21,27,3.0,29.0,0.5590003163555837,0.16925023726668775,0.2952,335,2360,0.1,0.15,30
40,20,false,,0.11878165729396774,0.476174923979772,0.3669859945612159,35,36,23.0,39.0,0.8165467625899281,0.30971223021582733,0.254,335,2360,0.1,0.15,30
50,25,true,,0.12309422983773662,0.23699764646386204,0.1170257430742929,42,45,18.0,49.0,0.7558264610971674,0.06310505557547508,0.2514,335,2360,0.1,0.15,30
20,10,false,,0.15417692911291048,0.13687451103158996,-0.0238513554353265,10,16,1.0,18.0,0.4465032875074716,0.0,0.3282,336,2361,0.1,0.15,30
30,15,false,,0.12923723286659777,0.13553644221359507,0.015865546965282473,13,3,1.0,28.0,0.5305851063829787,0.09341755319148937,0.2942,336,2361,0.1,0.15,30
40,20,false,,0.15249898158033207,0.10637410644110458,-0.06567001202953432,12,1,1.0,38.0,0.3116883116883117,0.1637150728059819,0.2234,336,2361,0.1,0.15,30
50,25,false,,0.1353400189132184,0.11009991286222971,-0.030966558372518188,19,10,1.0,47.0,0.36743674367436746,0.1444811147781445,0.2472,336,2361,0.1,0.15,30
60,30,false,,0.13455319644874061,0.13267465462430997,-0.0004340328641375263,39,3,1.0,59.0,0.4991235758106924,0.040315512708150744,0.1472,336,2361,0.1,0.15,30
20,10,true,,0.11160405035348601,0.3010877619567014,0.21155265512279445,14,16,1.0,19.0,0.7396075823079481,0.0,0.2942,337,2362,0.1,0.15,30
20,10,false,,0.11136554995392023,0.14151510204663745,0.04381536873953078,11,17,1.0,19.0,0.5798376184032477,0.0,0.2978,338,2363,0.1,0.15,30
30,15,false,,0.09998628390716362,0.15730913356127427,0.06422482188158517,22,26,2.0,29.0,0.6968807339449541,0.15412844036697249,0.2864,338,2363,0.1,0.15,30
40,20,true,,0.11318224149195054,0.2779638354142657,0.17300085148899585,32,36,4.0,39.0,0.7666666666666667,0.22,0.2778,338,2363,0.1,0.15,30
20,10,false,,0.13295041202422989,0.20537526203327572,0.1086272797824045,11,16,1.0,19.0,0.6513994910941476,0.0,0.3122,339,2364,0.1,0.15,30
30,15,false,,0.11813301898648923,0.3251303170836246,0.22385515766705127,25,26,2.0,29.0,0.743947175348496,0.2879677182685253,0.2578,339,2364,0.1,0.15,30
40,20,false,,0.12874359970047689,0.11228493171145915,-0.021648611191520284,19,3,2.0,38.0,0.43754619364375463,0.12379896526237989,0.251,339,2364,0.1,0.15,30
50,25,false,,0.15669938012851992,0.1131178740869077,-0.0515265662622718,9,4,1.0,46.0,0.3399164451196354,0.020508925180402583,0.243,339,2364,0.1,0.15,30
60,30,false,,0.12123772079442638,0.6049815679849921,0.48125937275183583,55,56,44.0,59.0,0.9808027923211169,0.0,0.1546,339,2364,0.1,0.15,30
20,10,true,,0.0870283492553986,0.24105542435142996,0.16696340455899408,14,16,2.0,19.0,0.8118335053319573,0.0,0.3136,340,2365,0.1,0.15,30
20,10,true,,0.08612763949098329,0.37565372461951807,0.2964384644794986,14,17,1.0,19.0,0.8003048780487805,0.0,0.2942,341,2366,0.1,0.15,30
20,10,false,,0.08818813566219967,0.11501622889051388,0.034178016073372994,10,1,1.0,19.0,0.5510204081632653,0.0,0.1824,342,2367,0.1,0.15,30
30,15,false,,0.07141527291607189,0.09398112666435084,0.017602625469135602,13,4,1.0,29.0,0.5706521739130435,0.1331521739130435,0.1218,342,2367,0.1,0.15,30
40,20,false,,0.06066639822508669,0.4843871518370767,0.397332593573328,36,38,23.0,39.0,0.9594594594594594,0.19294294294294295,0.0534,342,2367,0.1,0.15,30
50,25,false,,0.072787267021679,0.12436921195760035,0.0698485328517035,46,45,39.0,49.0,0.766531713900135,0.0,0.0394,342,2367,0.1,0.15,30
60,30,true,,0.06172924472541187,0.0668705720967166,0.006726740407518764,27,29,19.75,31.0,0.7521008403361344,0.5063025210084033,0.0076,342,2367,0.1,0.15,30
20,10,true,,0.11977834474744703,0.21511835983636063,0.11684862954963864,13,16,2.0,19.0,0.7067911168329578,0.0,0.2946,343,2368,0.1,0.15,30
20,10,false,,0.12787122998491438,0.14962161494367857,0.017166977987456478,11,17,1.0,19.0,0.534606952709051,0.0,0.304,344,2369,0.1,0.15,30
30,15,false,,0.1165107287642825,0.33906997240277276,0.22651128172976165,25,26,4.0,29.0,0.8664772727272727,0.30504261363636365,0.266,344,2369,0.1,0.15,30
40,20,true,,0.11635988642554157,0.451778800711595,0.3221335678695162,34,36,3.0,39.0,0.8080272624006059,0.2158273381294964,0.2546,344,2369,0.1,0.15,30
20,10,false,,0.09918633529674056,0.13258205160002584,0.0413254626820236,12,17,2.0,19.0,0.6070700203942896,0.0,0.2964,345,2370,0.1,0.15,30
30,15,false,,0.1056682242862671,0.11901676861592518,0.02014883065283901,16,2,1.0,29.0,0.5693181818181818,0.08787878787878788,0.287,345,2370,0.1,0.15,30
40,20,false,,0.11622718185732026,0.13008374721082058,0.03146420630584945,19,3,1.0,38.0,0.593930080676143,0.21897810218978103,0.2796,345,2370,0.1,0.15,30
50,25,false,,0.11958582791575728,0.13837295115952833,0.031120166730732257,26,1,1.0,48.0,0.5850622406639004,0.07053941908713693,0.2336,345,2370,0.1,0.15,30
60,30,false,,0.11848064742053747,0.13388228809995908,0.02314340170545004,26,13,3.0,58.0,0.6146036704412339,0.09488481062085123,0.2286,345,2370,0.1,0.15,30
20,10,true,,0.09484243244534749,0.2438729538876256,0.16581169073890686,12,14,2.0,19.0,0.7657197574210023,0.0,0.3134,346,2371,0.1,0.15,30
20,10,false,,0.07792362109674611,0.3140302103228243,0.2454109658758288,15,17,1.0,19.0,0.8091660405709993,0.0,0.2718,347,2372,0.1,0.15,30
30,15,false,,0.1723929263218285,0.12305051014652908,-0.0692373112432278,6,2,1.0,23.0,0.3708493533729465,0.008388675288360714,0.2662,347,2372,0.1,0.15,30
40,20,false,,0.12287845841898327,0.5367463714316348,0.41074447565740707,35,36,9.0,39.0,0.9064673157162726,0.15959666203059805,0.2618,347,2372,0.1,0.15,30
50,25,false,,0.13044883162422413,0.1558294075635507,0.0381113259435267,34,46,2.0,49.0,0.6325581395348837,0.12691029900332226,0.2506,347,2372,0.1,0.15,30
60,30,true,,0.13544462912014774,0.2981770963186045,0.17724516881766414,44,57,1.0,59.0,0.7998084291187739,0.019636015325670497,0.127,347,2372,0.1,0.15,30
20,10,true,,0.09855218611774295,0.1919568897342892,0.10772693982377021,13,16,2.0,19.0,0.712762412529157,0.0,0.3044,348,2373,0.1,0.15,30
20,10,false,,0.17371502347018528,0.2699887067377234,0.15826378827527388,12,1,1.0,19.0,0.5550342836521112,0.0,0.2468,349,2374,0.1,0.15,30
30,15,false,,0.1211540660181642,0.6286627781410815,0.5020424615828518,26,26,3.0,29.0,0.7893779556202255,0.36122226264096036,0.2592,349,2374,0.1,0.15,30
40,20,true,,0.11848664677594174,0.31400829237925065,0.20748833657530824,33,36,4.0,39.0,0.7093726379440665,0.18102796674225247,0.2584,349,2374,0.1,0.15,30
20,10,false,,0.13469010209638138,0.12495160480060209,-0.005863854059560178,7,4,1.0,18.0,0.4828454516839786,0.0,0.3106,350,2375,0.1,0.15,30
30,15,false,,0.11093279566900159,0.17355620367743355,0.06665838459523242,20,25,3.0,29.0,0.6596696490020647,0.13764624913971094,0.2826,350,2375,0.1,0.15,30
40,20,false,,0.12524430167151301,0.12282964599349444,0.009366717712254377,13,6,2.0,37.0,0.5218842729970327,0.125,0.2654,350,2375,0.1,0.15,30
50,25,false,,0.12572829316174897,0.6042317296304908,0.482406819629105,45,47,1.0,49.0,0.8236914600550964,0.02046438410074774,0.2156,350,2375,0.1,0.15,30
60,30,false,,0.12947572157565254,0.15376671122296823,0.03178459472067269,49,56,3.0,59.0,0.6232734806629834,0.008287292817679558,0.2026,350,2375,0.1,0.15,30
20,10,false,,0.10227775801254417,0.1537885859628374,0.05030816355622089,10,15,1.0,19.0,0.62958240357029,0.0,0.318,351,2376,0.1,0.15,30
30,15,false,,0.13541782348264467,0.1032098133714092,-0.04838697466956189,7,1,1.0,28.0,0.3750469748214957,0.05035700864336715,0.2512,351,2376,0.1,0.15,30
40,20,false,,0.12936357631817227,0.10998250865326442,-0.027103645524717536,15,2,1.0,38.0,0.4330462020360219,0.12607674236491778,0.2608,351,2376,0.1,0.15,30
50,25,false,,0.1254906010481965,0.12688994984822505,0.010125333581023105,26,2,1.0,47.0,0.5180722891566265,0.1566265060240964,0.253,351,2376,0.1,0.15,30
60,30,true,,0.1170322803758907,0.2937046979412864,0.17433376413385232,50,55,30.075000000000003,59.0,0.8524590163934426,0.05402384500745157,0.2408,351,2376,0.1,0.15,30
20,10,false,,0.0817179704809493,0.3995853938614747,0.3159728881489633,16,16,2.0,19.0,0.8400900900900901,0.0,0.2722,352,2377,0.1,0.15,30
30,15,false,,0.1096887744218768,0.11851267349423508,0.014811358635960573,16,14,1.0,28.0,0.5463235294117647,0.05625,0.2874,352,2377,0.1,0.15,30
40,20,false,,0.11637739101894022,0.11446798254400584,-0.002608314079179372,13,4,1.0,38.0,0.4941271769947347,0.10854597002835156,0.2536,352,2377,0.1,0.15,30
50,25,false,,0.11491521598410766,0.20832450677249784,0.10899706393177098,38,46,4.0,49.0,0.6703530412590387,0.132284134410889,0.238,352,2377,0.1,0.15,30
60,30,false,,0.19641177824992145,0.10602175137244044,-0.09799107905822785,7,2,1.0,30.0,0.2488141440275981,0.06770159551530833,0.2272,352,2377,0.1,0.15,30
20,10,false,,0.10291847793222486,0.14988225786084292,0.06940616338928288,11,16,1.0,19.0,0.6105223315669946,0.0,0.2756,353,2378,0.1,0.15,30
30,15,false,,0.10397191265447053,0.14065067654040112,0.06722082484497781,14,25,2.0,28.0,0.6430989093644227,0.09101165851823995,0.2822,353,2378,0.1,0.15,30
40,20,false,,0.11144190793073053,0.12359568285026593,0.022262968859518895,18,3,1.0750000000000028,38.0,0.5582450832072617,0.18305597579425115,0.2794,353,2378,0.1,0.15,30
50,25,true,,0.11973682693799177,0.1869937770469375,0.07147603663741453,37,39,9.0,49.0,0.7062588904694168,0.2208392603129445,0.2718,353,2378,0.1,0.15,30
20,10,false,,0.11555577151934285,0.11477998745972899,0.001100560920031024,8,1,1.0,18.0,0.5016501650165016,0.0,0.27,354,2379,0.1,0.15,30
30,15,false,,0.12411525267607032,0.11886398558450158,0.002077315957891915,17,28,1.0,29.0,0.5014781966001478,0.17738359201773837,0.2644,354,2379,0.1,0.15,30
40,20,false,,0.13239430851748635,0.11914064186361249,-0.005782998877299699,11,4,1.0,38.0,0.4864864864864865,0.07995495495495496,0.2682,354,2379,0.1,0.15,30
50,25,true,,0.11799120732936547,0.4803547552672215,0.35768052039455017,43,46,4.0,49.0,0.8516566265060241,0.10730421686746988,0.2608,354,2379,0.1,0.15,30
20,10,false,,0.2149643007806345,0.15246600443649533,-0.062108655454088474,5,1,1.0,18.0,0.4109500805152979,0.0,0.2954,355,2380,0.1,0.15,30
30,15,false,,0.14544964705986677,0.11386197569287977,-0.04627061444528353,15,26,1.0,29.0,0.39783180026281206,0.12582128777923784,0.2472,355,2380,0.1,0.15,30
40,20,false,,0.1271519170712268,0.173462762688214,0.061678475232588875,29,35,5.200000000000003,39.0,0.645552094150225,0.17722395292488752,0.2614,355,2380,0.1,0.15,30
50,25,false,,0.12849102719114636,0.21761690684453958,0.10400302548378348,41,45,5.0,48.0,0.6992403314917127,0.0835635359116022,0.241,355,2380,0.1,0.15,30
60,30,true,,0.13225190148588312,0.24791530349213625,0.11865684189024993,51,56,27.0,59.0,0.8330499829989799,0.10982658959537572,0.2202,355,2380,0.1,0.15,30
20,10,true,,0.08749211340729712,0.23050965464195688,0.1515019615098151,13,16,1.0,19.0,0.7311439913388669,0.0,0.2802,356,2381,0.1,0.15,30
20,10,false,,0.1003162253593192,0.11306604444996633,0.015937995596807697,10,1,1.0,19.0,0.5257494235203689,0.0,0.2476,357,2382,0.1,0.15,30
30,15,false,,0.1318262574372658,0.1079453025498786,-0.02514428652707982,7,4,1.0,26.0,0.4397748592870544,0.016885553470919325,0.2804,357,2382,0.1,0.15,30
40,20,false,,0.12207039873044448,0.2782108223038279,0.16538183509481175,30,36,1.0,39.0,0.6803883495145631,0.2629126213592233,0.2538,357,2382,0.1,0.15,30
50,25,false,,0.16845047262300708,0.11788393034276623,-0.07139115823856655,10,2,1.0,48.0,0.36649626425481713,0.05151395988989382,0.22,357,2382,0.1,0.15,30
60,30,true,,0.12474284689514409,0.5549578318957455,0.4285496804794979,54,56,38.0,59.0,0.9556962025316456,0.006701414743112435,0.1886,357,2382,0.1,0.15,30
20,10,false,,0.16568906270555342,0.15299205470896357,-0.009450066936729132,10,16,1.0,18.84999999999991,0.48547108893454655,0.0,0.3292,358,2383,0.1,0.15,30
30,15,false,,0.1337175638416318,0.1674285561082126,0.04847115595981587,22,26,2.0,29.0,0.5884488448844885,0.200990099009901,0.2596,358,2383,0.1,0.15,30
40,20,false,,0.19469942534213786,0.11167811598305424,-0.09971943532146726,8,4,1.0,38.0,0.27472527472527475,0.12809065934065933,0.252,358,2383,0.1,0.15,30
50,25,false,,0.18917686031255093,0.11543563774900478,-0.0795741885307304,7,4,1.0,20.0,0.25,0.0,0.218,358,2383,0.1,0.15,30
60,30,false,,0.44881794624539945,0.12186301662097339,-0.3280493104481087,3,1,1.0,11.0,0.05348934391976599,0.0,0.1384,358,2383,0.1,0.15,30
20,10,false,,0.09227335710293158,0.19455448503030248,0.11522388029494776,14,17,2.0,19.0,0.6913489736070382,0.0,0.2754,359,2384,0.1,0.15,30
30,15,false,,0.12420666922382212,0.21498100393924915,0.1167012123819048,23,26,1.0,29.0,0.6476223058501539,0.23640095791994525,0.269,359,2384,0.1,0.15,30
40,20,false,,0.12843130182645815,0.21873865854796856,0.1048215868950394,32,35,1.0,39.0,0.614138438880707,0.21539027982326953,0.227,359,2384,0.1,0.15,30
50,25,false,,0.13360064425899537,0.14149751408653238,0.014781116328346167,24,1,1.0,48.0,0.5533707865168539,0.0625,0.2452,359,2384,0.1,0.15,30
60,30,true,,0.1339188980390299,0.19939226092909046,0.08047958717862376,46,54,8.0,58.0,0.761,0.034666666666666665,0.1972,359,2384,0.1,0.15,30
20,10,false,,0.10982528547793095,0.10866173754224558,0.00172180599376498,11,17,1.0,19.0,0.5061898211829436,0.0,0.2936,360,2385,0.1,0.15,30
30,15,true,,0.1015071714935348,0.2134800149235723,0.11824616821772799,22,25,5.299999999999997,29.0,0.7341255105829929,0.15410323059784628,0.2914,360,2385,0.1,0.15,30
20,10,false,,0.08727773543936132,0.12690408356907526,0.04619351150633058,12,16,1.0,19.0,0.6167922497308934,0.0,0.2724,361,2386,0.1,0.15,30
30,15,true,,0.11243515780937552,0.29950098658215707,0.19972413773484543,22,27,2.0,29.0,0.701019664967225,0.1948288419519301,0.251,361,2386,0.1,0.15,30
20,10,false,,0.16445077647810702,0.10806551413387397,-0.0692142669885181,8,7,1.0,18.0,0.32756046581068976,0.0,0.3204,362,2387,0.1,0.15,30
30,15,false,,0.13874737232450546,0.11982145961355872,-0.023154328795467,14,4,1.0,29.0,0.4495569188820723,0.14553510565780503,0.2664,362,2387,0.1,0.15,30
40,20,false,,0.11348372970367834,0.6057682107663146,0.49066981671729665,35,36,21.0,39.0,0.8910852713178294,0.2453488372093023,0.2544,362,2387,0.1,0.15,30
50,25,false,,0.1478301269448028,0.10542819251778625,-0.04803055199376893,10,4,1.0,32.0,0.29027237354085605,0.05603112840466926,0.2412,362,2387,0.1,0.15,30
60,30,false,,0.13139979230943546,0.1527409089226313,0.03158919425573102,26,56,1.0,58.0,0.591458153580673,0.05737704918032787,0.1804,362,2387,0.1,0.15,30
20,10,false,,0.16257246925849386,0.1392641548576114,-0.050956531639647626,9,1,1.0,19.0,0.42833221701272606,0.0,0.2666,363,2388,0.1,0.15,30
30,15,false,,0.12541760829195686,0.14656816016659094,0.03551615001600533,20,26,2.0,29.0,0.5859452325965028,0.16331243813922797,0.282,363,2388,0.1,0.15,30
40,20,false,,0.12624171748068777,0.13876786255017673,0.02573203017779621,18,35,2.0,38.0,0.5748860049105577,0.11364433532094002,0.2612,363,2388,0.1,0.15,30
50,25,true,,0.12783600335260042,0.2650777322227275,0.1452208642115252,42,44,3.0,49.0,0.785343933632907,0.057034220532319393,0.243,363,2388,0.1,0.15,30
20,10,false,,0.11088383871538995,0.14618112183919674,0.052544809391303335,12,16,1.0,19.0,0.630514096185738,0.0,0.3094,364,2389,0.1,0.15,30
30,15,true,,0.10893459902765298,0.17197300721394618,0.07448777406944153,21,25,2.0,29.0,0.7218453188602443,0.11736770691994572,0.2914,364,2389,0.1,0.15,30
20,10,false,,0.10668926548450287,0.1628562731199422,0.07226561224143567,13,16,1.0,19.0,0.6369661266568483,0.0,0.2896,365,2390,0.1,0.15,30
30,15,false,,0.1083003245228609,0.1979983367591908,0.1088808962848042,22,26,1.0,29.0,0.6635182998819362,0.2081857536402991,0.2414,365,2390,0.1,0.15,30
40,20,true,,0.10809001732572522,0.3848401665837607,0.2865906850562606,33,36,5.0,39.0,0.8518796992481203,0.1699248120300752,0.262,365,2390,0.1,0.15,30
20,10,true,,0.10840314374320505,0.17704529765124571,0.08266115223088258,12,14,2.0,19.0,0.7191823899371069,0.0,0.325,366,2391,0.1,0.15,30
20,10,false,,0.09975061787078937,0.324493307958131,0.22999483492843742,15,16,2.0,19.0,0.7186086956521739,0.0,0.2734,367,2392,0.1,0.15,30
30,15,false,,0.11415686235418274,0.16797129595670682,0.06644917512633033,21,26,1.0,29.0,0.6254839845124956,0.16754663850756776,0.2654,367,2392,0.1,0.15,30
40,20,false,,0.120388146614936,0.1753000955379717,0.06921789369963634,27,36,2.0,39.0,0.6499458679177192,0.23240707325875135,0.2578,367,2392,0.1,0.15,30
50,25,false,,0.1222084746468482,0.20489447843499858,0.09373591635021306,39,44,3.0,49.0,0.6990496304118268,0.054910242872228086,0.257,367,2392,0.1,0.15,30
60,30,false,,0.5293078637641035,0.11591108611929314,-0.4132258137591278,3,2,1.0,16.0,0.12136325852036575,0.0,0.1332,367,2392,0.1,0.15,30
20,10,false,,0.13588975080622645,0.28533531917312066,0.1607425579790727,15,16,2.0,19.0,0.7487684729064039,0.0,0.3124,368,2393,0.1,0.15,30
30,15,false,,0.12431734168691402,0.13365603949170535,0.011413225843500942,20,26,1.0,29.0,0.5234741784037559,0.15560026827632462,0.2746,368,2393,0.1,0.15,30
40,20,false,,0.11152859498421208,0.5103308112508576,0.3905332898510815,35,36,25.0,39.0,0.7954815695600476,0.2857709076496235,0.2448,368,2393,0.1,0.15,30
50,25,true,,0.11627328153366276,0.3101942858305441,0.19236391871654873,43,46,18.0,49.0,0.8035433070866141,0.09960629921259842,0.2376,368,2393,0.1,0.15,30
20,10,false,,0.1179623571929891,0.133790307542017,0.027508923495332724,11,16,1.0,19.0,0.5430774388199799,0.0,0.2906,369,2394,0.1,0.15,30
30,15,false,,0.3690896359281609,0.0835948680351038,-0.286876577041846,3,1,1.0,24.0,0.168,0.0046315789473684215,0.2144,369,2394,0.1,0.15,30
40,20,false,,0.11304423305517157,0.1630721313407473,0.05460211503110246,30,37,5.0,39.0,0.6347349177330895,0.3407678244972578,0.2726,369,2394,0.1,0.15,30
50,25,true,,0.11979397209557843,0.277286529129274,0.16284657609614533,42,45,19.0,49.0,0.7690025954764553,0.1167964404894327,0.2566,369,2394,0.1,0.15,30
20,10,false,,0.09429011937290575,0.12484283948490932,0.044153417487161506,9,15,1.0,18.0,0.6054091539528432,0.0,0.3042,370,2395,0.1,0.15,30
30,15,false,,0.09661092661218165,0.10580351924565728,0.01650881529863818,17,28,2.0,29.0,0.5545675020210186,0.16046887631366208,0.2688,370,2395,0.1,0.15,30
40,20,false,,0.10869355101523903,0.10299561783851059,-0.0007614178305762331,12,4,1.0,37.0,0.49845882870981945,0.1576398062527521,0.202,370,2395,0.1,0.15,30
50,25,false,,0.21250836328334335,0.09774731898800586,-0.11609961122743127,7,2,1.0,23.0,0.23061307348761673,0.013804303694681283,0.2624,370,2395,0.1,0.15,30
60,30,true,,0.11774008315193851,0.4137772273775411,0.29491355188377666,50,54,36.0,59.0,0.9139311449159327,0.01120896717373899,0.2494,370,2395,0.1,0.15,30
20,10,false,,0.07491900436903146,0.6814362358079651,0.5992584157100821,16,16,3.0,19.0,0.8980738362760835,0.0,0.2612,371,2396,0.1,0.15,30
30,15,false,,0.12287382697784928,0.1514818330344906,0.04097255567778495,17,27,1.0,29.0,0.594296577946768,0.1482889733840304,0.2824,371,2396,0.1,0.15,30
40,20,false,,0.13539509592179327,0.09780346065654157,-0.044875607481349986,16,2,1.0,38.0,0.378884631758195,0.14814814814814814,0.2276,371,2396,0.1,0.15,30
50,25,true,,0.1183402759354148,0.4247684375499627,0.3029525460617797,41,45,3.0,49.0,0.7796812749003984,0.0800796812749004,0.26,371,2396,0.1,0.15,30
20,10,false,,0.09202706279969827,0.36220802097913946,0.27600577804564086,15,16,2.0,19.0,0.8050632911392405,0.0,0.2638,372,2397,0.1,0.15,30
30,15,false,,0.11321857608661455,0.1735085029141289,0.08519043154787517,17,26,1.0,29.0,0.6797178130511464,0.13192239858906527,0.2882,372,2397,0.1,0.15,30
40,20,false,,0.11721517785557527,0.17222464802445417,0.07680105477875998,29,36,2.0,39.0,0.6343523732904264,0.20394207562349156,0.2038,372,2397,0.1,0.15,30
50,25,false,,0.1181410953991973,0.21070053708231845,0.09303056972467347,42,46,3.0,49.0,0.6818002368732728,0.11527832609553888,0.263,372,2397,0.1,0.15,30
60,30,true,,0.11881657876648773,0.3599193724074273,0.2284788493687615,50,54,9.0,59.0,0.8233861144945189,0.027608607389362567,0.2424,372,2397,0.1,0.15,30
20,10,false,,0.1644854063610278,0.11092881728149476,-0.06133259487094843,8,6,1.0,18.0,0.323399232812039,0.0,0.3258,373,2398,0.1,0.15,30
30,15,false,,0.14960652947816022,0.11010767602219174,-0.06220539646965548,11,2,1.0,29.0,0.356203341628155,0.16530394596516174,0.2382,373,2398,0.1,0.15,30
40,20,false,,0.12072600948649782,0.2539193569803969,0.13825289749965708,30,37,3.0,39.0,0.6959910913140311,0.20452858203414997,0.2402,373,2398,0.1,0.15,30
50,25,true,,0.11615751141914904,0.4489213576360523,0.32280327785029383,44,45,24.0,49.0,0.8648027575641517,0.08655687476062811,0.239,373,2398,0.1,0.15,30
20,10,false,,0.07640010362222985,0.37350396981618583,0.2934157742609377,15,16,1.0,19.0,0.8590551181102363,0.0,0.2634,374,2399,0.1,0.15,30
30,15,false,,0.12756216634374246,0.11006098512259571,-0.0265810623951111,10,1,1.0,28.0,0.4615978386723273,0.06252412196063296,0.2852,374,2399,0.1,0.15,30
40,20,true,,0.11456836626151112,0.23512985329112893,0.1280153664763539,32,34,9.0,39.0,0.7592523364485981,0.2523364485981308,0.2768,374,2399,0.1,0.15,30
20,10,false,,0.12532312580697125,0.12085851202330733,-0.008492781921730232,9,1,1.0,19.0,0.4865661861074705,0.0,0.2918,375,2400,0.1,0.15,30
30,15,false,,0.11461231990349521,0.10221618549194854,-0.01719316858484478,14,11,1.0,28.0,0.4564330737856878,0.05635891731553578,0.2824,375,2400,0.1,0.15,30
40,20,false,,0.11602888709578545,0.09557425007146653,-0.031954227089897314,17,10,2.0,38.0,0.4,0.19002079002079003,0.2084,375,2400,0.1,0.15,30
50,25,true,,0.10865753727433193,0.35042467479901995,0.2410333011397108,44,47,21.0,49.0,0.8415758591785415,0.08214585079631181,0.264,375,2400,0.1,0.15,30
20,10,false,,0.061114710403954775,0.09804946036540274,0.046894250407966326,11,2,1.0,19.0,0.5953379953379954,0.0,0.148,376,2401,0.1,0.15,30
30,15,false,,0.7752023212902066,0.041663370661763253,-0.7343039697151761,1,1,1.0,6.0,0.05196850393700787,0.0,0.0406,376,2401,0.1,0.15,30
40,20,false,,0.12922063123277372,0.046480760632693435,-0.08906785961020168,3,1,1.0,12.0,0.27120315581854043,0.0,0.0264,376,2401,0.1,0.15,30
50,25,false,,0.5763874042322292,0.04005398704313527,-0.5397518027157153,2,2,1.0,4.0,0.0,0.0,0.0158,376,2401,0.1,0.15,30
60,30,false,,0.47351545833534814,0.4980188551464982,0.024503396811150074,15,15,15.0,15.0,0.5,0.0,0.0002,376,2401,0.1,0.15,30
20,10,false,,0.10884339253359715,0.3543397544330869,0.24231432821911003,14,16,1.0,19.0,0.6896914446002805,0.0,0.286,377,2402,0.1,0.15,30
30,15,false,,0.15925049583508885,0.09838319003263303,-0.06346541451503687,8,4,1.0,28.0,0.3912380952380952,0.09028571428571429,0.2698,377,2402,0.1,0.15,30
40,20,false,,0.15621522560168905,0.11625900122011112,-0.023967282782930963,8,4,1.0,39.0,0.4695973705834018,0.09819227608874281,0.25,377,2402,0.1,0.15,30
50,25,false,,0.1148579107639546,0.16157726004986572,0.057744018071683986,35,44,6.0,48.0,0.6288343558282209,0.2227760736196319,0.2698,377,2402,0.1,0.15,30
60,30,false,,0.11715508965242287,0.1506094394571103,0.04466578645184545,35,34,3.0,58.0,0.6755786113328013,0.15522745411013567,0.2388,377,2402,0.1,0.15,30
20,10,false,,0.11649019743878998,0.09070972437813866,-0.023782572907916105,8,1,1.0,19.0,0.4265313791807591,0.0,0.278,378,2403,0.1,0.15,30
30,15,false,,0.1062326107341052,0.12468589055102372,0.02964717587996689,19,26,1.0,29.0,0.5526315789473685,0.184984520123839,0.2584,378,2403,0.1,0.15,30
40,20,false,,0.2518453025526794,0.09502076621533202,-0.16316740541628555,5,1,1.0,34.0,0.24260108378491038,0.06961233847436432,0.2378,378,2403,0.1,0.15,30
50,25,true,,0.11374274375362914,0.3033132129905015,0.19931885229174384,39,46,1.0,49.0,0.7580712788259958,0.030607966457023062,0.2554,378,2403,0.1,0.15,30
20,10,false,,0.1387008709225646,0.12248935310889074,-0.027288708724954036,7,1,1.0,18.0,0.47045454545454546,0.0,0.2082,379,2404,0.1,0.15,30
30,15,false,,0.11259882456617609,0.17772256122537788,0.08778831026102843,23,27,1.0,29.0,0.66189111747851,0.20702005730659026,0.288,379,2404,0.1,0.15,30
40,20,true,,0.11133808776286973,0.5170405160963368,0.4031146736262151,32,36,2.0,39.0,0.7793130675088827,0.1326490327674694,0.251,379,2404,0.1,0.15,30
20,10,false,,0.16852650415711234,0.1431185196166317,-0.03580291452146418,9,16,1.0,19.0,0.40689451974071894,0.0,0.3204,380,2405,0.1,0.15,30
30,15,false,,0.19078550399103134,0.12497501603892192,-0.0740474445116942,5,2,1.0,26.0,0.3008312020460358,0.023657289002557546,0.2618,380,2405,0.1,0.15,30
40,20,false,,0.13941772954610981,0.45795283095674444,0.31939211205322393,35,37,3.0,39.0,0.7454923717059639,0.2368238557558946,0.2158,380,2405,0.1,0.15,30
50,25,true,,0.13883462765351515,0.2174940604630135,0.0835918319327884,43,45,19.0,49.0,0.7054114633365354,0.09830291386487353,0.2098,380,2405,0.1,0.15,30
20,10,false,,0.12729638916309738,0.16686224650170353,0.05873666527198189,13,16,2.0,19.0,0.6345305608065532,0.0,0.313,381,2406,0.1,0.15,30
30,15,false,,0.1179467482748104,0.3160989429238817,0.2059850986121847,25,27,6.0,29.0,0.739917976760082,0.31305536568694464,0.273,381,2406,0.1,0.15,30
40,20,false,,0.11713812863146056,0.16351956369563997,0.07425234730708019,31,35,2.0,39.0,0.6014410314751611,0.2445961319681456,0.2606,381,2406,0.1,0.15,30
50,25,true,,0.12077306645959945,0.24894861205309987,0.13271779711777987,43,46,30.0,49.0,0.7420441782104081,0.06252339947585174,0.2564,381,2406,0.1,0.15,30
20,10,false,,0.06486308389960278,0.11263419799594786,0.05262346621685615,12,16,1.0,19.0,0.6237182345073562,0.0,0.1954,382,2407,0.1,0.15,30
30,15,true,,0.10298333912396708,0.36424175180892066,0.2670381903095339,22,27,1.0,29.0,0.7346607070296627,0.20438845997561966,0.2834,382,2407,0.1,0.15,30
20,10,false,,0.10718502021377793,0.09585760612677272,-0.011473440677406889,7,1,1.0,19.0,0.4806017418844022,0.0,0.2536,383,2408,0.1,0.15,30
30,15,true,,0.09969675076536016,0.32771875091582836,0.23840034458158899,23,27,2.0,29.0,0.8124267291910903,0.23876514263384135,0.2914,383,2408,0.1,0.15,30
20,10,false,,0.11134231138049092,0.28738604031970244,0.1800942277192271,13,15,1.0,19.0,0.6951962110960758,0.0,0.2962,384,2409,0.1,0.15,30
30,15,false,,0.147512514096085,0.10738541334694378,-0.051725079621576325,11,2,1.0,28.0,0.38893072289156627,0.09450301204819277,0.2578,384,2409,0.1,0.15,30
40,20,false,,0.13128901369378204,0.12725938759524522,0.0006335111580911268,14,4,1.0,37.0,0.5012549300824668,0.12047328791681607,0.2854,384,2409,0.1,0.15,30
50,25,false,,0.1532056510462493,0.12736991868042366,-0.02751702455118457,11,2,1.0,48.0,0.4332455810455058,0.02933433621662279,0.1996,384,2409,0.1,0.15,30
60,30,false,,0.13095423873140352,0.1297047603287832,-0.0005101705945235874,12,3,1.0,33.0,0.49581970192657215,0.08687749909123955,0.1958,384,2409,0.1,0.15,30
20,10,false,,0.1233308853766959,0.11940766043096104,-0.009949463239733974,11,17,1.0,19.0,0.4917201757350456,0.0,0.2936,385,2410,0.1,0.15,30
30,15,false,,0.10756708190377601,0.19550151414497174,0.11342830636674416,20,25,1.0,29.0,0.6751810903545559,0.16507815478459778,0.2776,385,2410,0.1,0.15,30
40,20,false,,0.16390696265833135,0.10361354668345196,-0.07615910117360869,6,4,1.0,32.0,0.33671811535337126,0.08610885458976442,0.2272,385,2410,0.1,0.15,30
50,25,true,,0.11613193166591845,0.530333018025348,0.40559387253507106,43,45,34.0,49.0,0.9673659673659674,0.021367521367521368,0.2526,385,2410,0.1,0.15,30
20,10,false,,0.09777270020116029,0.5925864152068573,0.48234651827901975,16,16,3.0,19.0,0.8809792843691149,0.0,0.2752,386,2411,0.1,0.15,30
30,15,false,,0.13245292030549213,0.11167479726357984,-0.02369765599133595,14,27,1.0,29.0,0.45683728036669213,0.14858670741023683,0.294,386,2411,0.1,0.15,30
40,20,true,,0.10766287594790262,0.3591421000450111,0.25520498392668023,33,36,9.0,39.0,0.8079598145285936,0.30989180834621327,0.2826,386,2411,0.1,0.15,30
20,10,false,,0.08999580177257813,0.41949035709056837,0.32862943696247665,15,16,3.0,19.0,0.8623595505617978,0.0,0.2934,387,2412,0.1,0.15,30
30,15,false,,0.11416723652393626,0.09563591860530729,-0.02149373699792405,8,5,1.0,23.0,0.41962264150943396,0.0011320754716981133,0.275,387,2412,0.1,0.15,30
40,20,true,,0.11185552572988663,0.20651166222459458,0.10239542098205116,30,34,6.0,39.0,0.7527512839325018,0.32795304475421866,0.2862,387,2412,0.1,0.15,30
20,10,false,,0.11940388474203906,0.16144877721130926,0.0597339557840976,12,18,1.0,19.0,0.5820247243568326,0.0,0.276,388,2413,0.1,0.15,30
30,15,false,,0.14627790906506433,0.10746619078489263,-0.0554398533018442,6,1,1.0,28.0,0.40536277602523657,0.05914826498422713,0.2604,388,2413,0.1,0.15,30
40,20,false,,0.12418576640317393,0.12499826048951133,0.008391313391095348,20,20,1.0,38.0,0.5198056801195815,0.1756352765321375,0.2776,388,2413,0.1,0.15,30
50,25,false,,0.12033211720388824,0.12689651387138157,0.01736700079807056,25,2,1.0,48.0,0.5606000789577577,0.1267272009474931,0.2514,388,2413,0.1,0.15,30
60,30,false,,0.12216685521319565,0.16928168583739028,0.0663764549978962,48,56,3.0,59.0,0.6642494561276288,0.052574329224075414,0.2248,388,2413,0.1,0.15,30
20,10,false,,0.13314167837247254,0.12026347942130934,-0.018273936257276344,11,15,1.0,19.0,0.44806007509386736,0.0,0.311,389,2414,0.1,0.15,30
30,15,false,,0.13405811206617863,0.17530493202946903,0.08314019667738433,17,25,1.0,29.0,0.6241542625169147,0.15087956698240865,0.2682,389,2414,0.1,0.15,30
40,20,false,,0.1319013217038411,0.2133702509590689,0.09121959412859997,32,35,3.0,39.0,0.6772504091653028,0.3250409165302782,0.2588,389,2414,0.1,0.15,30
50,25,true,,0.1377373342405192,0.20075262484565895,0.07905386529396408,38,45,2.0,48.0,0.7596754057428214,0.1064294631710362,0.2364,389,2414,0.1,0.15,30
20,10,false,,0.1635212522974082,0.133345805843394,-0.04025762808899505,9,2,1.0,18.0,0.40355250856964786,0.0,0.2962,390,2415,0.1,0.15,30
30,15,false,,0.5260218158894466,0.11033391148587149,-0.422232442000309,3,1,1.0,27.0,0.14806201550387596,0.04844961240310078,0.1964,390,2415,0.1,0.15,30
40,20,false,,0.13069931395154727,0.17296275906064437,0.0753793691134635,27,36,2.0,39.0,0.6206525636428828,0.15919684474722123,0.2482,390,2415,0.1,0.15,30
50,25,false,,0.1282200989995173,0.1302236106925021,0.00193410350678197,33,44,10.0,49.0,0.5030970406056435,0.1744666207845836,0.238,390,2415,0.1,0.15,30
60,30,false,,0.13000053751243654,0.6331747226132581,0.4826346869471859,55,56,34.0,59.0,0.907582044511505,0.023764617125612977,0.179,390,2415,0.1,0.15,30
20,10,false,,0.08532872460662594,0.34614058605243025,0.2696666034962009,15,17,3.0,19.0,0.7748105377120174,0.0,0.286,391,2416,0.1,0.15,30
30,15,false,,0.09781404226050555,0.12162620814739421,0.03270328998464472,18,27,2.0,29.0,0.582864038616251,0.16331456154465004,0.2652,391,2416,0.1,0.15,30
40,20,true,,0.10447234718542948,0.4340062807794677,0.3278450751441059,32,36,6.0,39.0,0.8215750615258408,0.26579163248564397,0.2704,391,2416,0.1,0.15,30
20,10,false,,0.15716650302267604,0.12898894511040765,-0.04600468075091482,9,3,1.0,19.0,0.39126533054142987,0.0,0.3088,392,2417,0.1,0.15,30
30,15,false,,0.13671407857096995,0.1388936012284277,-0.01066896529578723,20,27,1.0,29.0,0.4766927526369513,0.19598502892140185,0.2682,392,2417,0.1,0.15,30
40,20,false,,0.13220705254856255,0.14668768837963303,0.032908377019326834,25,37,1.0,39.0,0.5383141762452107,0.13793103448275862,0.2398,392,2417,0.1,0.15,30
50,25,true,,0.11456976785831155,0.3288268635589553,0.21126381964160418,42,45,21.0,49.0,0.7954110898661568,0.10210325047801147,0.2484,392,2417,0.1,0.15,30
20,10,true,,0.13253395058760586,0.28772262160306034,0.16350697034050235,14,16,2.0,19.0,0.7485398094067015,0.0,0.3136,393,2418,0.1,0.15,30
20,10,false,,0.09024098630857907,0.4860412517358912,0.3899191982214858,15,16,2.0,19.0,0.8755744079179922,0.0,0.283,394,2419,0.1,0.15,30
30,15,false,,0.12259485402284587,0.1270768448395828,0.00706488328530025,12,1,1.0,28.0,0.5216016859852476,0.045310853530031614,0.2922,394,2419,0.1,0.15,30
40,20,true,,0.1156660925536226,0.24137709669576166,0.14000235605865174,28,35,6.0,39.0,0.7554269175108539,0.23806078147612156,0.2768,394,2419,0.1,0.15,30
20,10,false,,0.1374801929839719,0.14122690582496308,0.004900646947175652,10,13,1.0,18.0,0.5106638630219285,0.0,0.3148,395,2420,0.1,0.15,30
30,15,false,,0.11281908689642033,0.7263914311083742,0.6099103814665046,25,26,2.0,29.0,0.8722304283604135,0.3257016248153619,0.2674,395,2420,0.1,0.15,30
40,20,false,,0.12209574000782475,0.20366539525740385,0.08981476582674502,32,36,2.0,39.0,0.6728045325779037,0.3038243626062323,0.2488,395,2420,0.1,0.15,30
50,25,false,,0.13357952020917901,0.12600911253199593,-0.009870413040123163,11,6,1.0,32.0,0.4632867132867133,0.08076923076923077,0.2498,395,2420,0.1,0.15,30
60,30,false,,0.13431291956112457,0.13425330639306327,8.524398790479837e-5,32,39,1.0,52.0,0.500177619893428,0.0955595026642984,0.207,395,2420,0.1,0.15,30
20,10,false,,0.14330676081025298,0.17249455683988965,0.048574544840885636,13,16,1.0,19.0,0.5766947828803499,0.0,0.2976,396,2421,0.1,0.15,30
30,15,false,,0.13180029723289088,0.28399341024056757,0.17144983954341392,24,26,4.0,29.0,0.677536231884058,0.269433465085639,0.2736,396,2421,0.1,0.15,30
40,20,false,,0.1310004500573036,0.16947023058441268,0.055800227618458445,32,36,1.0,39.0,0.5993555316863588,0.16720372359470104,0.2378,396,2421,0.1,0.15,30
50,25,false,,0.15200098410683516,0.12962970128173587,-0.02316993508997417,10,3,1.0,47.0,0.4406009783368274,0.02061495457721873,0.2228,396,2421,0.1,0.15,30
60,30,false,,0.2574659393142723,0.118743970318901,-0.14702025843796054,7,1,1.0,23.0,0.12915129151291513,0.0,0.1118,396,2421,0.1,0.15,30
20,10,false,,0.10401937044845841,0.08938826558583446,-0.028697142395370072,8,1,1.0,19.0,0.4337213668794593,0.0,0.2694,397,2422,0.1,0.15,30
30,15,false,,0.1314591262488814,0.0778231258192454,-0.06560594983363374,7,1,1.0,29.0,0.4218678815489749,0.12027334851936218,0.1698,397,2422,0.1,0.15,30
40,20,true,,0.08123606065861945,0.29578698988267244,0.21468265925070282,34,35,22.0,39.0,0.884117951370926,0.40041386445938953,0.119,397,2422,0.1,0.15,30
20,10,false,,0.14109156749388027,0.1016513666579392,-0.04329359837224666,9,5,1.0,19.0,0.4136245110821382,0.0,0.291,398,2423,0.1,0.15,30
30,15,true,,0.12053476666636188,0.4583276425734506,0.333972932126573,24,26,3.0,29.0,0.8184300341296928,0.25836177474402733,0.2684,398,2423,0.1,0.15,30
20,10,true,,0.08720834692839564,0.18635987958076208,0.10985220826689175,13,16,2.0,19.0,0.7485955056179775,0.0,0.2986,399,2424,0.1,0.15,30
20,10,false,,0.12678150917613162,0.35451205809431036,0.25093501202755086,15,16,2.0,19.0,0.7987706243934002,0.0,0.301,400,2425,0.1,0.15,30
30,15,true,,0.12991076475830446,0.20904362479388547,0.09338061126006887,24,25,5.0,29.0,0.7137452711223203,0.24180327868852458,0.2932,400,2425,0.1,0.15,30
20,10,false,,0.1675779545875171,0.16036410443401694,0.007735198286082601,10,17,1.0,19.0,0.5070746956235603,0.0,0.278,401,2426,0.1,0.15,30
30,15,false,,0.13792652811731737,0.12437619897791646,-0.011257508530419687,17,23,2.0,29.0,0.4665615141955836,0.09968454258675079,0.2802,401,2426,0.1,0.15,30
40,20,false,,0.14119875875943472,0.12310622265774825,-0.021551811407016647,18,4,1.0,39.0,0.44598436389481166,0.11371712864250177,0.2552,401,2426,0.1,0.15,30
50,25,false,,0.14428327343191638,0.12688401095398952,-0.016995349671882265,11,1,1.0,46.0,0.4506531204644412,0.10304789550072568,0.2214,401,2426,0.1,0.15,30
60,30,false,,0.139156912578762,0.13256651981354872,-0.00940727405670641,10,4,1.0,55.0,0.4489650249821556,0.053176302640970737,0.1982,401,2426,0.1,0.15,30
20,10,false,,0.08859654022700626,0.15900106177533185,0.08830039406781282,13,15,1.0,19.0,0.6724982505248426,0.0,0.3028,402,2427,0.1,0.15,30
30,15,false,,0.09194700059498885,0.7521562250663274,0.6538355750768063,25,27,15.600000000000001,29.0,0.997867803837953,0.3565031982942431,0.2436,402,2427,0.1,0.15,30
40,20,false,,0.11087361834105657,0.16370273868836635,0.08071906301015686,26,37,1.0,39.0,0.6389344262295082,0.16434426229508198,0.2804,402,2427,0.1,0.15,30
50,25,false,,0.12231899765431398,0.13413675584987564,0.02479889043386406,29,46,2.0,48.0,0.5582375478927203,0.20038314176245212,0.277,402,2427,0.1,0.15,30
60,30,false,,0.157120635072393,0.11636769116530568,-0.047032123147610655,14,2,1.0,46.0,0.32262920220772706,0.08730556949322629,0.15,402,2427,0.1,0.15,30
20,10,false,,0.07810199009172822,0.08621797631799447,0.014573135084905278,11,14,2.0,19.0,0.547112462006079,0.0,0.2264,403,2428,0.1,0.15,30
30,15,false,,0.18842311623775138,0.09596958919276949,-0.10468089443279077,7,3,1.0,28.0,0.38495398159263705,0.0936374549819928,0.2536,403,2428,0.1,0.15,30
40,20,false,,0.11996171354015475,0.1845943072211391,0.08510819701756413,31,35,1.0,39.0,0.5813552006905481,0.21363832542080277,0.242,403,2428,0.1,0.15,30
50,25,false,,0.14711025969876426,0.09956101255023635,-0.0590580832488026,15,3,1.0,47.0,0.3383280757097792,0.11869085173501577,0.2612,403,2428,0.1,0.15,30
60,30,false,,0.12286660326826589,0.15284441302851073,0.04491618229775554,42,55,1.0,59.0,0.6065306122448979,0.062040816326530614,0.241,403,2428,0.1,0.15,30
20,10,false,,0.1553092042048173,0.18042786003439096,0.04134468607638292,13,17,1.0,19.0,0.5845134076529075,0.0,0.3156,404,2429,0.1,0.15,30
30,15,false,,0.15753445631099117,0.12821931224534858,-0.03764567520984524,16,25,1.0,28.0,0.39727300898667495,0.1007127362875736,0.2812,404,2429,0.1,0.15,30
40,20,false,,0.1294664367009814,0.223495337452926,0.11262930355130915,33,36,2.0,39.0,0.6540084388185654,0.18213783403656822,0.2498,404,2429,0.1,0.15,30
50,25,false,,0.13728916824799164,0.13265942856233517,0.0008087993437536495,24,3,1.0,49.0,0.501623962468423,0.05196679898953446,0.2276,404,2429,0.1,0.15,30
60,30,false,,0.14104611375136186,0.1320794494384612,-0.008466334754145516,38,3,1.0,57.0,0.44865054328776727,0.019978969505783387,0.2112,404,2429,0.1,0.15,30
20,10,false,,0.15015180208903928,0.17952279643063254,0.062070423540666136,11,4,1.0,19.0,0.55872,0.0,0.296,405,2430,0.1,0.15,30
30,15,false,,0.17501633615393586,0.10571461543126484,-0.11154979753414417,9,2,1.0,29.0,0.3471521268925739,0.1250901225666907,0.2372,405,2430,0.1,0.15,30
40,20,true,,0.124770964867375,0.5102124558894423,0.3868892532614875,34,36,1.0,39.0,0.7328767123287672,0.10838033843674456,0.2514,405,2430,0.1,0.15,30
20,10,false,,0.10645777244707663,0.26539563128441107,0.16936725065068994,15,16,2.0,19.0,0.7875927174645988,0.0,0.3108,406,2431,0.1,0.15,30
30,15,true,,0.09647299530167196,0.24988377365722517,0.16566254716752457,23,26,2.0,29.0,0.7003567181926278,0.19659135949266746,0.2336,406,2431,0.1,0.15,30
20,10,false,,0.14015038230127283,0.09588814158752632,-0.04648947314181448,8,2,1.0,18.0,0.35936976198457926,0.0,0.282,407,2432,0.1,0.15,30
30,15,false,,0.24928473880026408,0.08801928790121594,-0.16342546379796807,4,1,1.0,29.0,0.35399449035812675,0.12258953168044077,0.177,407,2432,0.1,0.15,30
40,20,false,,0.09452055253764302,0.1298318149672354,0.03218837539715848,31,36,8.0,38.0,0.5852272727272727,0.3767482517482518,0.1838,407,2432,0.1,0.15,30
50,25,true,,0.11336155542218201,0.4173122711101223,0.3071200766983052,43,47,30.0,49.0,0.8795791114575214,0.07716289945440374,0.2704,407,2432,0.1,0.15,30
20,10,true,,0.06607136918662757,0.26908134628104086,0.19236804915322006,14,17,2.0,19.0,0.7491482112436116,0.0,0.2448,408,2433,0.1,0.15,30
20,10,false,,0.12464798396653755,0.4117098785147491,0.28209256979459174,16,16,2.0,19.0,0.8300589390962672,0.0,0.302,409,2434,0.1,0.15,30
30,15,false,,0.1262785159120152,0.12083970711710507,-0.009149505692712286,14,4,1.0,28.0,0.4698100407055631,0.08717774762550883,0.2826,409,2434,0.1,0.15,30
40,20,false,,0.14164173590102358,0.10945699222348539,-0.055456950958170034,10,3,1.0,38.0,0.3589462129527991,0.14013904134650568,0.2408,409,2434,0.1,0.15,30
50,25,true,,0.11816711216743997,0.44023414375353265,0.320249585317971,44,45,34.0,49.0,0.9024390243902439,0.01524390243902439,0.2502,409,2434,0.1,0.15,30
20,10,false,,0.1056749005672729,0.2737979319924768,0.19613367872314494,15,18,2.0,19.0,0.7730082417582418,0.0,0.2932,410,2435,0.1,0.15,30
30,15,false,,0.12582482778724824,0.08231536452503806,-0.046238564255490125,9,8,1.0,27.0,0.3195458231954582,0.0267639902676399,0.2486,410,2435,0.1,0.15,30
40,20,false,,0.08770166835272884,0.6969535311275762,0.6064358152532665,36,36,26.0,39.0,0.9813976872800402,0.17848164906988437,0.1428,410,2435,0.1,0.15,30
50,25,true,,0.0882005247364616,0.4742489420209786,0.390014529569884,44,45,26.0,49.0,0.9654295882053889,0.07778342653787494,0.1246,410,2435,0.1,0.15,30
20,10,false,,0.12226833901301938,0.3468025527405462,0.24604326311713132,14,16,2.0,19.0,0.6624118239838764,0.0,0.287,411,2436,0.1,0.15,30
30,15,false,,0.11118285904702785,0.154668768891325,0.05874135826708161,20,26,3.0,29.0,0.6275690999291282,0.16973777462792347,0.2934,411,2436,0.1,0.15,30
40,20,false,,0.15846398781004686,0.09169371050966899,-0.0857661095831541,7,4,1.0,32.0,0.25755791126815863,0.0867687475461327,0.2568,411,2436,0.1,0.15,30
50,25,false,,0.17541959688932557,0.10082084305459624,-0.08490102849683565,8,2,1.0,47.0,0.2975308641975309,0.006584362139917695,0.2412,411,2436,0.1,0.15,30
60,30,false,,0.279878598314187,0.10097425725971312,-0.17939993435187618,5,3,1.0,24.0,0.1520717642033319,0.006407518154634771,0.1964,411,2436,0.1,0.15,30
20,10,false,,0.12267712721435876,0.14906853993697167,0.04352062747241767,13,17,1.0,19.0,0.5653748641796451,0.0,0.2692,412,2437,0.1,0.15,30
30,15,true,,0.08743593597787626,0.3818357271579852,0.30057406563188604,24,26,6.0,29.0,0.8079048023799406,0.29494262643433916,0.208,412,2437,0.1,0.15,30
20,10,false,,0.2796184098470417,0.06559614444955442,-0.21783108075390178,3,2,1.0,18.0,0.19729514717581542,0.0,0.22,413,2438,0.1,0.15,30
30,15,false,,0.1130880235823202,0.10589430114591972,-0.006793606160775886,12,3,1.0,29.0,0.486013986013986,0.15603146853146854,0.192,413,2438,0.1,0.15,30
40,20,false,,0.10999314755242082,0.23088697530675364,0.14626868833737766,30,36,1.0,39.0,0.6928,0.2408,0.283,413,2438,0.1,0.15,30
50,25,true,,0.1096029194163336,0.41492817887041944,0.30685330854884985,42,45,14.0,49.0,0.8556366585563666,0.1435523114355231,0.2584,413,2438,0.1,0.15,30
20,10,false,,0.15123231126199801,0.1880923896611329,0.06674138541940565,12,1,1.0,19.0,0.5762411347517731,0.0,0.2582,414,2439,0.1,0.15,30
30,15,false,,0.12138685320691157,0.2270104709265953,0.11483294572080913,23,25,2.0,29.0,0.684503127171647,0.21959694232105628,0.2666,414,2439,0.1,0.15,30
40,20,false,,0.2100208527391739,0.09625489048898289,-0.12699556937964754,7,1,1.0,25.0,0.1715049656226127,0.014514896867838044,0.2134,414,2439,0.1,0.15,30
50,25,true,,0.11638631777321844,0.3388578739448624,0.22641064243033682,43,46,13.0,49.0,0.8849828047382499,0.09629346580053497,0.2566,414,2439,0.1,0.15,30
20,10,false,,0.15404383426685164,0.12227029384357864,-0.04690126035495307,11,16,1.0,19.0,0.4057315233785822,0.0,0.2826,415,2440,0.1,0.15,30
30,15,false,,0.13818847753990274,0.12220158602716864,-0.01600976743351134,13,1,1.0,29.0,0.4707112970711297,0.12447698744769875,0.252,415,2440,0.1,0.15,30
40,20,false,,0.22992911903615454,0.10339131393585307,-0.13466812356303237,6,4,1.0,36.0,0.1704341585934697,0.04520990312163617,0.2522,415,2440,0.1,0.15,30
50,25,false,,0.12984710481203018,0.13778117387837335,0.02740365825374949,21,43,1.0,48.0,0.5899641577060932,0.02724014336917563,0.246,415,2440,0.1,0.15,30
60,30,true,,0.13133713273648503,0.3064746597706176,0.17413269332444486,54,56,36.0,59.0,0.8152327221438646,0.00846262341325811,0.1732,415,2440,0.1,0.15,30
20,10,false,,0.18569994919105387,0.19168643931629176,0.02815114168541183,14,1,1.0,19.0,0.5289613848202397,0.0,0.2712,416,2441,0.1,0.15,30
30,15,false,,0.16316193674494436,0.1252003235236208,-0.060061257995115594,14,26,1.0,28.0,0.3425280387996363,0.1106395877538648,0.2642,416,2441,0.1,0.15,30
40,20,false,,0.14312149682462516,0.27268802176503704,0.1507591585286195,31,36,1.0,39.0,0.5893549524145224,0.13605921748325697,0.239,416,2441,0.1,0.15,30
50,25,true,,0.131585444989529,0.28145656040349476,0.1524028134363746,44,45,15.0,49.0,0.7584557567475231,0.08233686368295183,0.2262,416,2441,0.1,0.15,30
20,10,false,,0.092645796969289,0.5377274578473972,0.44660373196592423,15,16,1.0,19.0,0.7588730332967435,0.0,0.2662,417,2442,0.1,0.15,30
30,15,false,,0.13662507800322543,0.1124500543248332,-0.019840836155898156,11,2,1.0,28.0,0.46351606805293005,0.05330812854442344,0.2862,417,2442,0.1,0.15,30
40,20,false,,0.13325905562594645,0.11728550302347673,-0.022360898987594996,11,2,1.0,38.0,0.4467102731819931,0.10042323970757984,0.2692,417,2442,0.1,0.15,30
50,25,true,,0.11823567120040664,0.620001977824575,0.4980207044911146,44,46,3.0,49.0,0.9297360248447205,0.048524844720496896,0.234,417,2442,0.1,0.15,30
20,10,false,,0.1590988240372925,0.11447643556998643,-0.043238340945666386,9,4,1.0,19.0,0.3921996879875195,0.0,0.2972,418,2443,0.1,0.15,30
30,15,false,,0.11332346336907045,0.3582305309945681,0.24899960704568824,25,26,4.0,29.0,0.7917540181691125,0.24912648497554157,0.273,418,2443,0.1,0.15,30
40,20,false,,0.13685601724364713,0.10481734618588331,-0.053454287429834824,12,4,1.0,38.0,0.3610188261351052,0.1421188630490956,0.2484,418,2443,0.1,0.15,30
50,25,false,,0.12663920571448253,0.19602351307338153,0.1014992662909221,31,46,2.0,49.0,0.6386902521640948,0.09634926608957471,0.2534,418,2443,0.1,0.15,30
60,30,false,,0.12409426060382227,0.1639402296666555,0.04010564164271253,49,54,11.0,59.0,0.6450537236013338,0.1389403482771397,0.2024,418,2443,0.1,0.15,30
20,10,false,,0.12202495950853876,0.22251157793591037,0.115068555249772,14,17,2.0,19.0,0.6714193130265717,0.0,0.3074,419,2444,0.1,0.15,30
30,15,false,,0.11964282985461418,0.1176959506232457,0.002042183897575031,17,26,1.0,29.0,0.5033964962459778,0.14694315337861996,0.2804,419,2444,0.1,0.15,30
40,20,true,,0.11619249439073373,0.2762889263284568,0.17527521368636126,30,36,2.0,39.0,0.7177512514439738,0.3030419715055834,0.2608,419,2444,0.1,0.15,30
20,10,false,,0.14215344681862332,0.1491886104795122,0.007490303287723016,10,13,2.0,19.0,0.519774011299435,0.0,0.33,420,2445,0.1,0.15,30
30,15,false,,0.1458885111774018,0.1704309865339102,0.0355800697616168,20,26,2.0,29.0,0.5930618401206637,0.14660633484162897,0.2846,420,2445,0.1,0.15,30
40,20,false,,0.1922490136273265,0.11825505311983453,-0.08869442490988778,8,2,1.0,38.0,0.22576404863621427,0.09037134406835359,0.2504,420,2445,0.1,0.15,30
50,25,false,,0.13181305353424025,0.37700106409251544,0.25132234917726215,45,46,18.0,49.0,0.7844889206576126,0.07934238741958542,0.2112,420,2445,0.1,0.15,30
60,30,false,,0.1346236582730205,0.18787560717970933,0.06114548198348957,50,55,8.0,59.0,0.6725364036572976,0.02675245513037589,0.1684,420,2445,0.1,0.15,30
20,10,false,,0.10418497042529098,0.16618806789566332,0.07193761382800914,12,15,2.0,19.0,0.6613324624428478,0.0,0.2978,421,2446,0.1,0.15,30
30,15,true,,0.11801293836292624,0.23033696929108818,0.11471849290808321,23,25,9.0,29.0,0.7712201591511937,0.19860742705570292,0.2784,421,2446,0.1,0.15,30
20,10,false,,0.13447667009619796,0.14474676721427232,0.024935950981232816,11,18,1.0,19.0,0.5331737346101231,0.0,0.2902,422,2447,0.1,0.15,30
30,15,false,,0.12492242012099641,0.0755364170128304,-0.05512709651605452,10,6,1.0,27.0,0.3121069182389937,0.03852201257861635,0.2368,422,2447,0.1,0.15,30
40,20,false,,0.09294758488720459,0.1290768637838158,0.049123145606017576,31,34,8.0,39.0,0.6192236598890942,0.2333641404805915,0.1582,422,2447,0.1,0.15,30
50,25,false,,0.1847168369569161,0.09783496247783942,-0.09492722328051453,7,4,1.0,25.0,0.24298282362798493,0.011730205278592375,0.2612,422,2447,0.1,0.15,30
60,30,true,,0.5042881323363243,0.5262732341186538,0.021985101782329486,11,11,11.0,11.0,1.0,0.0,0.0002,422,2447,0.1,0.15,30
20,10,false,,0.1288617234176421,0.1508592296529483,0.036574248617204666,12,2,1.0,19.0,0.5637470409198512,0.0,0.2906,423,2448,0.1,0.15,30
30,15,false,,0.22215620361892177,0.08283322476684543,-0.1511114467729984,4,2,1.0,22.0,0.21316225165562913,0.0012417218543046358,0.234,423,2448,0.1,0.15,30
40,20,false,,0.15214383271479764,0.07794099832820034,-0.08121475117107327,7,4,1.0,34.0,0.22056159420289856,0.051177536231884056,0.1898,423,2448,0.1,0.15,30
50,25,false,,0.10984634775103526,0.32940177923382535,0.23915802273522854,36,46,1.0,49.0,0.6266050333846944,0.0657421674370827,0.13,423,2448,0.1,0.15,30
60,30,false,,0.09149271090398105,0.8064904411966055,0.7020753581458559,56,57,49.0,59.0,0.9841549295774648,0.0,0.0928,423,2448,0.1,0.15,30
20,10,false,,0.18572739612258388,0.14305550783396573,-0.05307427954769317,6,1,1.0,18.0,0.3862417166298517,0.0,0.2946,424,2449,0.1,0.15,30
30,15,false,,0.12225371365146182,0.5905131630408373,0.46982832068421465,26,27,15.0,29.0,0.9138908575478384,0.42523033309709424,0.2544,424,2449,0.1,0.15,30
40,20,false,,0.13158207234042116,0.11726249733841954,-0.020366654041301835,22,35,2.0,38.0,0.4392556179775281,0.17731741573033707,0.2424,424,2449,0.1,0.15,30
50,25,true,,0.12215752369035324,0.3932782222856616,0.2704688065646034,44,46,18.0,49.0,0.8701061105012806,0.08525429930479327,0.24,424,2449,0.1,0.15,30
20,10,false,,0.08269199258982173,0.5617995603592213,0.47245614690804466,16,17,3.0,19.0,0.8621452266863251,0.0,0.2934,425,2450,0.1,0.15,30
30,15,false,,0.12176785036614253,0.10307467057307457,-0.03152337534927581,14,1,1.0,28.0,0.4217506631299735,0.058355437665782495,0.2724,425,2450,0.1,0.15,30
40,20,true,,0.11519303628576351,0.20511583004809306,0.1118129979258197,26,35,1.0,39.0,0.7019268580416831,0.23043649233189148,0.2776,425,2450,0.1,0.15,30
20,10,false,,0.16011979982744798,0.11853904590802518,-0.05531804949065991,7,3,1.0,18.0,0.3578354707538317,0.0,0.2914,426,2451,0.1,0.15,30
30,15,false,,0.12703259054304689,0.10016602666199513,-0.03447721215826266,13,26,1.0,29.0,0.39566299324564524,0.11589050835407039,0.2644,426,2451,0.1,0.15,30
40,20,false,,0.13513742435101456,0.09391307809732957,-0.04985510560268467,12,6,1.0,37.0,0.34468247895944915,0.11208875286916603,0.2608,426,2451,0.1,0.15,30
50,25,false,,0.14759214273227178,0.10926805158613001,-0.037155485431939,8,5,1.0,40.0,0.35846030473135526,0.06375300721732158,0.246,426,2451,0.1,0.15,30
60,30,true,,0.12065805072861568,0.2917576717951174,0.1740574177963249,52,57,39.0,59.0,0.8073878627968337,0.0015077271013946476,0.2416,426,2451,0.1,0.15,30
20,10,false,,0.0570905671881358,0.11259626600580376,0.05593826330200627,13,15,1.0,19.0,0.6686608375517717,0.0,0.1862,427,2452,0.1,0.15,30
30,15,false,,0.15526979407196553,0.09068235677259431,-0.07058947004485762,6,1,1.0,26.0,0.32144288577154306,0.024448897795591184,0.2518,427,2452,0.1,0.15,30
40,20,true,,0.10790735051803045,0.2036543271689536,0.10296543110967094,31,30,7.0,39.0,0.7144517628826036,0.3889965129794653,0.277,427,2452,0.1,0.15,30
20,10,false,,0.08909005873997579,0.16060061956214292,0.09081107120785331,10,16,1.0,18.0,0.6828571428571428,0.0,0.2992,428,2453,0.1,0.15,30
30,15,false,,0.11675159216924558,0.12183536697818315,0.019069920636564,13,1,1.0,28.0,0.5344958301743745,0.11448066717210008,0.2654,428,2453,0.1,0.15,30
40,20,false,,0.12240138059911171,0.11834694954565085,0.0022000470932884153,21,32,2.0,38.0,0.5086940436551979,0.19459859415464298,0.2948,428,2453,0.1,0.15,30
50,25,false,,0.11716029146235943,0.13652530638536975,0.029635111725111907,37,42,6.0,49.0,0.5537190082644629,0.13026367571822117,0.2566,428,2453,0.1,0.15,30
60,30,false,,0.15564270145762857,0.10797860818923956,-0.057414748792434404,12,3,1.0,47.0,0.3238095238095238,0.12337662337662338,0.1804,428,2453,0.1,0.15,30
20,10,true,,0.08434928831230815,0.15116713489299693,0.07330415545071021,13,16,1.0,19.0,0.711277658815132,0.0,0.2966,429,2454,0.1,0.15,30
20,10,false,,0.15416746148715518,0.12804787165788462,-0.03538668750036017,10,4,1.0,19.0,0.4460706331530385,0.0,0.2908,430,2455,0.1,0.15,30
30,15,false,,0.15843267451667015,0.10573235891255461,-0.07155547268099993,9,1,1.0,28.0,0.32016925246826516,0.07510578279266572,0.2322,430,2455,0.1,0.15,30
40,20,false,,0.12179755875157153,0.12838699155733882,0.011650307912655505,24,36,2.0,38.0,0.5590216235377525,0.1814959234314073,0.2706,430,2455,0.1,0.15,30
50,25,false,,0.1460266130491521,0.12167665531754697,-0.03512126765227805,9,3,1.0,48.0,0.41641452344931923,0.045007564296520426,0.2258,430,2455,0.1,0.15,30
60,30,false,,0.3521946759568856,0.11345445669035023,-0.2388139120718221,4,2,1.0,22.0,0.14508196721311475,0.0028688524590163933,0.1718,430,2455,0.1,0.15,30
20,10,false,,0.09039607614261448,0.5251987142260703,0.4283828184452961,15,16,3.0,19.0,0.850550230741924,0.0,0.2858,431,2456,0.1,0.15,30
30,15,true,,0.09329108104901548,0.2788544032740095,0.1979070888321195,22,26,1.0,29.0,0.7342908438061041,0.20646319569120286,0.2,431,2456,0.1,0.15,30
20,10,false,,0.15379721190470663,0.07697152316736508,-0.09653749553579702,8,1,1.0,19.0,0.3354385964912281,0.0,0.2322,432,2457,0.1,0.15,30
30,15,false,,0.0816929319952722,0.12679784585727177,0.0436177566139887,21,23,3.0,29.0,0.6050531914893617,0.1400709219858156,0.1796,432,2457,0.1,0.15,30
40,20,false,,0.2297861435505989,0.06518717136388524,-0.16707345140203542,4,4,1.0,12.0,0.11670616113744076,0.0,0.0938,432,2457,0.1,0.15,30
50,25,false,,0.07751425605621366,0.6318994489532737,0.5487770133597023,45,44,40.0,49.0,1.0,0.0,0.0552,432,2457,0.1,0.15,30
60,30,false,,0.06471519184515964,0.5950742863008387,0.5367584825294136,56,59,50.800000000000004,59.0,1.0,0.0,0.0194,432,2457,0.1,0.15,30
20,10,true,,0.11048422115350347,0.20837558671333126,0.10456606522989331,13,16,1.0,19.0,0.7197368421052631,0.0,0.3078,433,2458,0.1,0.15,30
20,10,false,,0.11496013812571293,0.1615137862552473,0.06235969264577268,12,16,1.0,19.0,0.6080299421571963,0.0,0.3076,434,2459,0.1,0.15,30
30,15,false,,0.10522169295533716,0.15069720625742666,0.054379875563704584,22,27,5.0,29.0,0.6673913043478261,0.2318840579710145,0.2828,434,2459,0.1,0.15,30
40,20,false,,0.12213296774124324,0.19777126776171314,0.12707598888931954,25,37,1.0,39.0,0.6366995073891626,0.11576354679802955,0.2584,434,2459,0.1,0.15,30
50,25,false,,0.12022884103419466,0.20914901507569353,0.10755075720639973,35,46,2.0,49.0,0.6631874749096748,0.08791649939783219,0.2458,434,2459,0.1,0.15,30
60,30,false,,0.1850004074408969,0.11203016716543444,-0.07328227902808834,6,2,1.0,26.0,0.31667366652666945,0.024779504409911803,0.233,434,2459,0.1,0.15,30
20,10,false,,0.24730788244163818,0.06783161922327745,-0.20167575944079463,5,3,1.0,18.0,0.1559065934065934,0.0,0.24,435,2460,0.1,0.15,30
30,15,false,,0.22076255396962496,0.06852046917006167,-0.14879858296616086,5,2,1.0,27.0,0.21622846781504987,0.027198549410698096,0.1758,435,2460,0.1,0.15,30
40,20,false,,0.3177225239255877,0.088428323201372,-0.22868632928232854,5,3,1.0,20.0,0.15680595779892428,0.0024824162184526274,0.2582,435,2460,0.1,0.15,30
50,25,false,,0.12794732852260107,0.13350507716913418,0.021179706247941715,27,46,2.0,49.0,0.5448385811080112,0.03945795137504982,0.267,435,2460,0.1,0.15,30
60,30,true,,0.11708704110269084,0.6963048005553168,0.5629441877663072,54,56,39.0,59.0,0.9816437213183146,0.00041718815185648727,0.2472,435,2460,0.1,0.15,30
20,10,false,,0.1382255487978397,0.09497419166847161,-0.04636724274047212,7,1,1.0,19.0,0.3952959028831563,0.0,0.2526,436,2461,0.1,0.15,30
30,15,false,,0.1212856190354646,0.2069091113520942,0.0965666565014953,22,27,1.0,29.0,0.6438004402054291,0.2512839325018342,0.266,436,2461,0.1,0.15,30
40,20,false,,0.13409610275207656,0.11840403083475555,-0.028774118197289852,15,3,1.0,38.0,0.4092009685230024,0.1535800760982359,0.2702,436,2461,0.1,0.15,30
50,25,false,,0.13322530473533845,0.12691687606471816,-0.006423821410748126,17,5,2.0,46.0,0.4794180269694819,0.1547196593328602,0.2526,436,2461,0.1,0.15,30
60,30,false,,0.19833823851538565,0.11620300311520042,-0.08447827340315706,6,5,1.0,51.0,0.2532027128862095,0.024868123587038434,0.1636,436,2461,0.1,0.15,30
20,10,false,,0.08555550778850204,0.11946126649070873,0.04435605290711188,9,3,1.0,18.0,0.6076642335766423,0.0,0.3008,437,2462,0.1,0.15,30
30,15,true,,0.09892641843272741,0.18774082428323688,0.12864799626808482,20,25,2.0,29.0,0.7107016856134849,0.16307330458643668,0.2844,437,2462,0.1,0.15,30
20,10,false,,0.09789477942957539,0.14737032537913997,0.06708616384123764,12,16,1.0,19.0,0.6155903706534199,0.0,0.2658,438,2463,0.1,0.15,30
30,15,false,,0.11390867703170954,0.11481052484925416,0.006814258817391866,13,3,1.0,29.0,0.511531190926276,0.08052930056710775,0.2834,438,2463,0.1,0.15,30
40,20,false,,0.11274388271595837,0.12608566844387958,0.015348922387749736,26,35,4.0,39.0,0.551605504587156,0.23394495412844038,0.2838,438,2463,0.1,0.15,30
50,25,false,,0.39213410241851154,0.0993816193165804,-0.29603856228197145,4,1,1.0,20.0,0.20095073465859983,0.0,0.2192,438,2463,0.1,0.15,30
60,30,true,,0.11755516214055757,0.3617388907993361,0.2370367371588939,54,55,39.0,59.0,0.8230584467574059,0.007205764611689352,0.2,438,2463,0.1,0.15,30
20,10,false,,0.13561265007200488,0.1556972236300529,0.024625376830234136,13,16,2.0,19.0,0.5624027388733271,0.0,0.3048,439,2464,0.1,0.15,30
30,15,false,,0.12771045517021803,0.15846177219958874,0.06312573912279248,21,25,2.0,29.0,0.591710182767624,0.14066579634464751,0.2732,439,2464,0.1,0.15,30
40,20,false,,0.11562407083197271,0.16269504379474153,0.048196127232942795,33,35,16.0,39.0,0.6402417348027017,0.32207607536437965,0.2542,439,2464,0.1,0.15,30
50,25,true,,0.12048999789503088,0.22196883528812011,0.09877561246795905,42,47,27.0,49.0,0.7123685165034458,0.09793253536452666,0.242,439,2464,0.1,0.15,30
20,10,true,,0.09588335608116946,0.2173028538817785,0.12807739246489233,13,13,1.0,19.0,0.7352941176470589,0.0,0.3052,440,2465,0.1,0.15,30
20,10,false,,0.1229526677710212,0.12711114219918518,0.007200062180816397,7,4,1.0,18.0,0.5210492227979274,0.0,0.315,441,2466,0.1,0.15,30
30,15,false,,0.10516642213604266,0.34348480648453567,0.23933484603818134,25,27,13.0,29.0,0.8123430211697166,0.3182633656261213,0.2826,441,2466,0.1,0.15,30
40,20,true,,0.11334248027645533,0.254240921987491,0.15663162432885808,32,36,3.0,39.0,0.7371035536874283,0.19831868551776843,0.2698,441,2466,0.1,0.15,30
20,10,true,,0.08228377085838903,0.4584444649475571,0.38887090855353174,14,16,1.0,19.0,0.7721036585365854,0.0,0.2764,442,2467,0.1,0.15,30
20,10,false,,0.13260825513567656,0.11993446797801635,-0.01743503096897424,9,1,1.0,19.0,0.4711934156378601,0.0,0.282,443,2468,0.1,0.15,30
30,15,false,,0.12352727044873715,0.11781615848975355,-0.0024680564335276267,16,1,1.0,28.0,0.4938759383642829,0.12524693796918215,0.2418,443,2468,0.1,0.15,30
40,20,false,,0.26113160248990464,0.08601537841123878,-0.17240554837680155,4,2,1.0,26.0,0.10722100656455143,0.019693654266958426,0.2058,443,2468,0.1,0.15,30
50,25,false,,0.1163851349919883,0.20842543051901688,0.10667473317875872,37,45,1.0,49.0,0.6727200947493092,0.11685748124753258,0.27,443,2468,0.1,0.15,30
60,30,false,,0.13156138135508688,0.1257581181248345,0.021269442375895564,9,4,1.0,58.0,0.5446355446355446,0.013513513513513514,0.2106,443,2468,0.1,0.15,30
20,10,false,,0.15606543975857298,0.12368617679025595,-0.04446071041706233,5,1,1.0,18.0,0.42671009771986973,0.0,0.2634,444,2469,0.1,0.15,30
30,15,false,,0.10143467482755089,0.43594545868420825,0.34205643224218124,25,27,2.0,29.0,0.8105134474327629,0.33251833740831294,0.2404,444,2469,0.1,0.15,30
40,20,true,,0.09407997226974776,0.5965603203500144,0.5051433783541024,34,37,3.0,39.0,0.7958429561200924,0.22863741339491916,0.1656,444,2469,0.1,0.15,30
20,10,true,,0.09395680406238294,0.18172342404871353,0.10771600644649122,14,16,2.0,19.0,0.7316473480857042,0.0,0.312,445,2470,0.1,0.15,30
20,10,false,,0.12292359057526049,0.11690757240416311,-0.009057566898901248,11,12,1.0,18.0,0.47115384615384615,0.0,0.3212,446,2471,0.1,0.15,30
30,15,false,,0.10137666799626233,0.20925354634190765,0.122855704469268,24,26,2.0,29.0,0.661741835147745,0.2857698289269051,0.2436,446,2471,0.1,0.15,30
40,20,false,,0.10440958572155871,0.0813829358629571,-0.02543091693833155,12,4,2.0,37.0,0.4090267983074753,0.1156558533145275,0.1644,446,2471,0.1,0.15,30
50,25,false,,0.10756978309691667,0.08326965749955037,-0.03891865280490583,21,4,1.0,47.0,0.3606811145510836,0.14963880288957687,0.1128,446,2471,0.1,0.15,30
60,30,false,,0.5570562560424513,0.07389935016474679,-0.4872102509846985,2,1,1.0,7.0,0.0013869625520110957,0.0,0.0432,446,2471,0.1,0.15,30
20,10,false,,0.09959185889510522,0.3224715640824976,0.2471649506122519,15,15,4.0,19.0,0.8275034293552812,0.0,0.3048,447,2472,0.1,0.15,30
30,15,false,,0.10484888178290498,0.6451171889951671,0.5443003531554339,26,27,3.0,29.0,0.883054892601432,0.3818615751789976,0.252,447,2472,0.1,0.15,30
40,20,false,,0.1135723109323835,0.12159538249526601,0.021756465252982193,25,36,2.0,39.0,0.5443548387096774,0.19959677419354838,0.2688,447,2472,0.1,0.15,30
50,25,false,,0.13838658277448823,0.10885272923828405,-0.02916264395260207,15,3,2.0,40.0,0.38449612403100775,0.13372093023255813,0.234,447,2472,0.1,0.15,30
60,30,true,,0.11844496284029711,0.38057599310431767,0.261666318646599,52,55,39.0,59.0,0.8465568862275449,0.0,0.2526,447,2472,0.1,0.15,30
20,10,false,,0.12528125030224013,0.2935622684279455,0.1844401119428749,15,16,1.0,19.0,0.718968809675366,0.0,0.3046,448,2473,0.1,0.15,30
30,15,false,,0.1328402821747756,0.12219541452369946,-0.013939576912289559,8,4,1.0,27.0,0.45432774546698595,0.026000684228532328,0.298,448,2473,0.1,0.15,30
40,20,false,,0.1258990157495622,0.11978970450307408,-0.0040259001819447915,24,36,2.0,38.0,0.4812433011789925,0.21043229724901752,0.2458,448,2473,0.1,0.15,30
50,25,true,,0.11487179682952638,0.2937938909016039,0.1763293087278625,44,46,23.0,49.0,0.7413587604290822,0.05125148986889154,0.2372,448,2473,0.1,0.15,30
20,10,false,,0.10876922645541691,0.120534393751259,0.018021114772961755,9,1,1.0,19.0,0.5585034013605442,0.0,0.284,449,2474,0.1,0.15,30
30,15,false,,0.12465732428414972,0.17595562148788316,0.07389679972264579,16,25,1.0,29.0,0.6512090096058297,0.11129513083802584,0.3044,449,2474,0.1,0.15,30
40,20,false,,0.12404209685280435,0.14932249805782694,0.04751518391681614,25,38,1.0,39.0,0.6359616801768607,0.20633750921149593,0.235,449,2474,0.1,0.15,30
50,25,false,,0.13721175515800715,0.14166657192940046,0.013479565296238394,20,2,1.0,47.0,0.5253390435403283,0.05281941470378301,0.2252,449,2474,0.1,0.15,30
60,30,false,,0.13501924331774837,0.13941573476382543,0.01276518647749078,9,4,3.0,22.0,0.5372714486638537,0.0,0.0482,449,2474,0.1,0.15,30
20,10,false,,0.11551800717245433,0.16337508913193177,0.07333582597068236,14,1,1.0,19.0,0.6072332730560579,0.0,0.2628,450,2475,0.1,0.15,30
30,15,true,,0.1074288528428458,0.5158362658912526,0.4003893908160226,24,25,1.0,29.0,0.7686649503493932,0.23390952556086797,0.2896,450,2475,0.1,0.15,30
20,10,false,,0.1346461424360521,0.13252595581028315,0.014262754946639769,12,16,1.0,19.0,0.5248158821645853,0.0,0.2902,451,2476,0.1,0.15,30
30,15,false,,0.1597785972549458,0.10352161495399417,-0.06707418929544229,9,2,1.0,28.0,0.37523809523809526,0.08533333333333333,0.2416,451,2476,0.1,0.15,30
40,20,false,,0.1229626685614704,0.11852394355699851,-0.001741164291309591,20,25,1.0,37.0,0.4936432982201235,0.19941881583726845,0.2762,451,2476,0.1,0.15,30
50,25,false,,0.20841499904834807,0.10327020618742758,-0.111644763586206,7,3,1.0,30.0,0.2057890563045202,0.03727200634417129,0.2384,451,2476,0.1,0.15,30
60,30,false,,0.19393432147591091,0.11806372828476754,-0.08082833445678925,7,2,1.0,45.0,0.27038301099734546,0.05233219567690557,0.2074,451,2476,0.1,0.15,30
20,10,false,,0.12600213676623123,0.1431849326423703,0.026935222199603058,11,16,1.0,19.0,0.5596479791395046,0.0,0.304,452,2477,0.1,0.15,30
30,15,false,,0.12259227788624237,0.12306087999476578,0.0053215245626166,17,2,1.0,29.0,0.5054054054054054,0.13783783783783785,0.2566,452,2477,0.1,0.15,30
40,20,true,,0.11834724379534117,0.23225823850424013,0.1441678497259446,32,35,3.0,39.0,0.7813411078717201,0.26676384839650147,0.2686,452,2477,0.1,0.15,30
20,10,true,,0.11418089117183025,0.24887085860018157,0.14891734479404936,13,16,1.0,19.0,0.731404958677686,0.0,0.3178,453,2478,0.1,0.15,30
20,10,false,,0.10001377956955829,0.10330576858727915,0.014817341637475528,10,1,1.0,19.0,0.5218446601941747,0.0,0.2488,454,2479,0.1,0.15,30
30,15,false,,0.14123875487588625,0.09648884425410631,-0.041584920626193,7,1,1.0,27.0,0.4018392642942823,0.04558176729308277,0.2714,454,2479,0.1,0.15,30
40,20,false,,0.11049534071246617,0.20460359921444538,0.09909609860948011,31,35,4.200000000000003,39.0,0.6930917327293318,0.31370328425821065,0.2964,454,2479,0.1,0.15,30
50,25,true,,0.12550354924457327,0.6781352016019389,0.5469768034986999,40,47,1.0,49.0,0.7036416910841357,0.04269568857262453,0.2698,454,2479,0.1,0.15,30
20,10,false,,0.11431023128041733,0.12590192037232636,0.02538292711127993,14,17,2.0,19.0,0.5573095401509952,0.0,0.2776,455,2480,0.1,0.15,30
30,15,true,,0.11891044123802869,0.3475704779218526,0.2318935194028806,23,26,3.0,29.0,0.7659944367176634,0.23678720445062587,0.2762,455,2480,0.1,0.15,30
20,10,false,,0.11100190625707501,0.15217082711251245,0.06765604712155823,11,2,1.0,19.0,0.5868495077355836,0.0,0.2784,456,2481,0.1,0.15,30
30,15,false,,0.11859517009976835,0.13013872381644806,0.021041926297601904,14,4,1.0,29.0,0.5508021390374331,0.12299465240641712,0.2852,456,2481,0.1,0.15,30
40,20,false,,0.12813733063356816,0.14561166411957954,0.026632417099584027,25,34,1.0,39.0,0.5709654178674352,0.21721902017291067,0.2558,456,2481,0.1,0.15,30
50,25,false,,0.12170596256014211,0.1744412551027399,0.06158136503770342,39,45,7.0,49.0,0.6501267656646142,0.14704817095255343,0.2552,456,2481,0.1,0.15,30
60,30,false,,0.13806390444615835,0.1259322015977484,-0.018068102803722355,27,3,1.0,58.0,0.4530138524897042,0.10932235117933359,0.2168,456,2481,0.1,0.15,30
20,10,false,,0.2667296383581141,0.07661275479931337,-0.19583608214055215,3,1,1.0,17.0,0.2690129449838188,0.0,0.2094,457,2482,0.1,0.15,30
30,15,false,,0.1070911239833072,0.4698591408230787,0.3653803624502254,25,26,13.0,29.0,0.9328545780969479,0.2610412926391382,0.287,457,2482,0.1,0.15,30
40,20,false,,0.12620697366277606,0.20108197173686146,0.08414789828322145,34,36,1.0,39.0,0.6118923262354359,0.18441141020490157,0.2334,457,2482,0.1,0.15,30
50,25,true,,0.11694280437462412,0.31874331017866087,0.19491181693167606,44,47,34.0,49.0,0.8286569397680509,0.017957351290684626,0.2578,457,2482,0.1,0.15,30
20,10,false,,0.13176925027000097,0.1708719622295356,0.054515005046751025,12,16,1.0,19.0,0.61125,0.0,0.316,458,2483,0.1,0.15,30
30,15,false,,0.23019925924005522,0.0929792133647159,-0.14448073077662518,6,3,1.0,29.0,0.34758679085520744,0.1354784081287045,0.194,458,2483,0.1,0.15,30
40,20,true,,0.1084332833642303,0.2279401365440518,0.12249168813633153,32,37,3.0,39.0,0.7224185316058107,0.23164507263447193,0.2788,458,2483,0.1,0.15,30
20,10,false,,0.1115909070162453,0.13689094335927687,0.04934385977764262,11,1,1.0,19.0,0.5874200426439232,0.0,0.2586,459,2484,0.1,0.15,30
30,15,false,,0.10867157243008618,0.14550644164962917,0.04918038233446172,20,25,2.0,29.0,0.6299559471365639,0.1644640234948605,0.2854,459,2484,0.1,0.15,30
40,20,false,,0.11503796540322177,0.12183814673982418,0.008325150476385601,16,5,1.0,36.0,0.5273348519362187,0.15755504935459377,0.2704,459,2484,0.1,0.15,30
50,25,false,,0.12230104852877172,0.15131909632158166,0.04421580115298111,34,45,2.0,48.0,0.6141283706798328,0.08279529054310672,0.256,459,2484,0.1,0.15,30
60,30,false,,0.1328580313307971,0.1247119251251007,-0.014888066978624576,16,7,2.0,58.0,0.4530447542186354,0.03154805575935436,0.226,459,2484,0.1,0.15,30
20,10,false,,0.12282612949997035,0.15047252362440788,0.04047881253004412,13,16,1.0,19.0,0.5742771684945165,0.0,0.2984,460,2485,0.1,0.15,30
30,15,false,,0.1219707775455545,0.1272775163131985,0.006075878971673984,18,26,1.0,29.0,0.5138059701492538,0.17164179104477612,0.2708,460,2485,0.1,0.15,30
40,20,false,,0.13530324608205668,0.1269945678185605,0.0010781466280554708,13,2,1.0,36.0,0.5082853025936599,0.1419308357348703,0.2748,460,2485,0.1,0.15,30
50,25,false,,0.2018914510325103,0.11316709949322817,-0.09510474959512465,5,2,1.0,20.0,0.2661290322580645,0.00282258064516129,0.2202,460,2485,0.1,0.15,30
60,30,true,,0.12514533204770154,0.2527430609992743,0.13045773958828039,49,55,7.0,59.0,0.7851361295069904,0.06328182487122884,0.19,460,2485,0.1,0.15,30
20,10,false,,0.12533515010779733,0.17462180985900957,0.07447540938935515,13,16,2.0,19.0,0.5945858846277796,0.0,0.305,461,2486,0.1,0.15,30
30,15,true,,0.11766115473898818,0.3902922764527516,0.29003312760780564,24,26,1.125,29.0,0.7140274765003616,0.24692697035430225,0.2768,461,2486,0.1,0.15,30
20,10,false,,0.08219512049414379,0.5112404818638218,0.4357191734758998,16,17,1.0,19.0,0.7597585513078471,0.0,0.245,462,2487,0.1,0.15,30
30,15,false,,0.1692612624316776,0.08840722647495206,-0.09260661666241979,6,2,1.0,28.0,0.2888100866824271,0.05397951142631994,0.2712,462,2487,0.1,0.15,30
40,20,true,,0.10701812973561192,0.5042944536974688,0.3923913135349421,34,35,23.0,39.0,0.9094023601065855,0.4103540159878188,0.295,462,2487,0.1,0.15,30
20,10,false,,0.255710551729484,0.1316703678984283,-0.14894734573438628,5,2,1.0,16.375,0.23567631423508564,0.0,0.2996,463,2488,0.1,0.15,30
30,15,false,,0.2824206176344667,0.08748480558415582,-0.20688994937906904,6,2,1.0,23.0,0.15850340136054422,0.011224489795918367,0.2398,463,2488,0.1,0.15,30
40,20,false,,0.16589630212134968,0.09957007631996052,-0.10292248106757451,9,4,1.0,39.0,0.2882242990654206,0.15813084112149534,0.2298,463,2488,0.1,0.15,30
50,25,false,,0.11737583033920762,0.17343717623130456,0.05820180646618073,42,46,18.0,49.0,0.6426426426426426,0.13363363363363365,0.236,463,2488,0.1,0.15,30
60,30,false,,0.654038641460299,0.10145575985202336,-0.5552006745760415,4,2,1.0,22.0,0.057248384118190214,0.008771929824561403,0.1342,463,2488,0.1,0.15,30
20,10,false,,0.13248525489473484,0.16965074226765103,0.06705018438463443,14,16,2.0,19.0,0.591358024691358,0.0,0.3114,464,2489,0.1,0.15,30
30,15,false,,0.12527479293378324,0.13764567174077463,0.02039359841592693,19,26,1.0,29.0,0.5655290102389079,0.12491467576791809,0.273,464,2489,0.1,0.15,30
40,20,false,,0.2563573748951868,0.11337216376606912,-0.15232233281386223,5,1,1.0,38.0,0.23588785046728972,0.08785046728971962,0.218,464,2489,0.1,0.15,30
50,25,true,,0.13052087988603978,0.23084144298246778,0.1309326633939328,42,46,6.0,49.0,0.7114026236125126,0.06357214934409687,0.2416,464,2489,0.1,0.15,30
20,10,false,,0.07699033164278249,0.15240364729128714,0.0913044885492511,14,17,2.0,19.0,0.6717767295597484,0.0,0.2438,465,2490,0.1,0.15,30
30,15,false,,0.3384607491609821,0.09815442517709444,-0.2400552808822728,3,1,1.0,25.0,0.2839707078925956,0.013425549227013833,0.2326,465,2490,0.1,0.15,30
40,20,true,,0.10518994197959325,0.6240716453216455,0.5068291777677228,34,36,2.0,39.0,0.8736591179976162,0.1613031386571315,0.2642,465,2490,0.1,0.15,30
20,10,true,,0.10795190786069103,0.3766384457112946,0.26824250308127223,14,16,1.0,19.0,0.7203791469194313,0.0,0.2608,466,2491,0.1,0.15,30
20,10,true,,0.08384808681467099,0.3391454648573921,0.25510926058084804,13,15,1.0,19.0,0.7676030645749726,0.0,0.2578,467,2492,0.1,0.15,30
20,10,false,,0.12735141390364127,0.17365860090109286,0.06543576670143532,12,16,1.0,19.0,0.6163903061224489,0.0,0.2952,468,2493,0.1,0.15,30
30,15,false,,0.11815308233008617,0.13134843802225604,0.021892425441907677,17,2,1.0,28.0,0.5360294117647059,0.1161764705882353,0.2808,468,2493,0.1,0.15,30
40,20,true,,0.11039169353295374,0.19014404421077444,0.09980209386635613,28,34,5.0,39.0,0.7030075187969925,0.2462406015037594,0.285,468,2493,0.1,0.15,30
20,10,false,,0.13792200065610122,0.1718098610890396,0.05883770513992194,14,16,1.0,19.0,0.5905158603011855,0.0,0.2962,469,2494,0.1,0.15,30
30,15,false,,0.1601150527975208,0.08775299733087785,-0.08939957535534451,10,1,1.0,28.0,0.2628925940286933,0.04420317952694843,0.2152,469,2494,0.1,0.15,30
40,20,false,,0.2492936411063735,0.10036815674794994,-0.14892449325848256,5,1,1.0,34.0,0.24346468981662114,0.10027311744049941,0.2352,469,2494,0.1,0.15,30
50,25,true,,0.11881568581279259,0.4008731116117632,0.28558268642708057,44,46,34.0,49.0,0.9023569023569024,0.024317246539468762,0.2486,469,2494,0.1,0.15,30
20,10,false,,0.1346892113191009,0.2331045272219368,0.11194834985193257,14,17,2.0,19.0,0.6083805923125394,0.0,0.2976,470,2495,0.1,0.15,30
30,15,false,,0.13145455729773667,0.12099128372975948,-0.014162609434604262,15,2,1.0,29.0,0.4665991902834008,0.11437246963562753,0.267,470,2495,0.1,0.15,30
40,20,false,,0.38399762121643793,0.10292705112033208,-0.2866276590728931,4,4,1.0,14.0,0.08098987626546682,0.0,0.2172,470,2495,0.1,0.15,30
50,25,false,,0.17496047681518187,0.13058716300905848,-0.055989349233072666,10,3,1.0,47.0,0.361656551231703,0.03213138164941092,0.2316,470,2495,0.1,0.15,30
60,30,false,,0.14172077663659555,0.13884760574491076,-0.003585372929227837,8,3,1.0,46.0,0.48519679554162315,0.04179728317659352,0.1784,470,2495,0.1,0.15,30
20,10,false,,0.09804572339098806,0.13821378580621477,0.04670937361371625,9,10,1.0,18.0,0.6431520991052994,0.0,0.3102,471,2496,0.1,0.15,30
30,15,true,,0.10527219611123571,0.21972398434960005,0.12800065328050644,21,27,2.0,29.0,0.7295936713412442,0.1751168644372528,0.2956,471,2496,0.1,0.15,30
20,10,false,,0.19971207279425154,0.09865101358182095,-0.12241647404530681,8,1,1.0,18.0,0.2903225806451613,0.0,0.2984,472,2497,0.1,0.15,30
30,15,false,,0.14348414670754134,0.11434863906928072,-0.031127575108157127,16,25,3.0,29.0,0.41442006269592474,0.10877742946708464,0.2798,472,2497,0.1,0.15,30
40,20,false,,0.12869841081334543,0.16077869062628822,0.0526463754891789,26,36,6.0,38.0,0.6085934877475663,0.17489090298757973,0.2656,472,2497,0.1,0.15,30
50,25,false,,0.13001257345023637,0.21214092572707932,0.1040062084595857,41,47,12.0,49.0,0.6678321678321678,0.12797202797202797,0.209,472,2497,0.1,0.15,30
60,30,false,,0.1399685639544674,0.12313494006936322,-0.025111405856608704,20,16,2.0,49.0,0.3787616741611899,0.09616049809754411,0.22,472,2497,0.1,0.15,30
20,10,true,,0.09533931986997835,0.2623698505635406,0.1671040378637496,14,15,1.0,19.0,0.7484816005716327,0.0,0.295,473,2498,0.1,0.15,30
20,10,false,,0.06688659698400913,0.1193948897041948,0.06402665796787044,12,16,1.0,19.0,0.6549957301451751,0.0,0.1938,474,2499,0.1,0.15,30
30,15,false,,0.31327093220938484,0.05269599181230506,-0.26548921442348966,2,1,1.0,20.0,0.15935483870967743,0.0,0.062,474,2499,0.1,0.15,30
40,20,false,,0.7709283050184289,0.05320328123981431,-0.7093926870104544,1,1,1.0,4.0,0.0,0.0,0.0274,474,2499,0.1,0.15,30
50,25,false,,0.5060229677247228,0.060775415209492506,-0.45752179749999716,2,2,1.0,6.0,0.0,0.0,0.0298,474,2499,0.1,0.15,30
60,30,true,,0.06332159148921514,0.11678713074751472,0.06201948192565877,46,44,40.0,56.0,0.8848660391020999,0.0,0.0182,474,2499,0.1,0.15,30
20,10,false,,0.09881724588806431,0.10820480641484068,0.0009085380378428751,9,1,1.0,19.0,0.5034068136272545,0.0,0.2366,475,2500,0.1,0.15,30
30,15,true,,0.09952932679427924,0.3538139926411179,0.26406521235990527,23,25,3.0,29.0,0.8208241353936718,0.22921265636497423,0.2876,475,2500,0.1,0.15,30
20,10,false,,0.11050925273418859,0.19040305064527746,0.09775074770346404,13,16,1.0,19.0,0.691914022517912,0.0,0.3032,476,2501,0.1,0.15,30
30,15,false,,0.12015426418076411,0.12120969294504785,-0.003950799810266581,18,1,1.0,29.0,0.49137931034482757,0.15948275862068967,0.2744,476,2501,0.1,0.15,30
40,20,false,,0.11744140722468327,0.2033564344815544,0.10282664206151917,29,1,1.0,39.0,0.6376643464810519,0.21500386697602475,0.2518,476,2501,0.1,0.15,30
50,25,false,,0.12058759893555612,0.14092117908805318,0.02385897983714841,34,45,7.0,48.0,0.5893304690297172,0.12352309344790548,0.2396,476,2501,0.1,0.15,30
60,30,true,,0.12401040876220586,0.40598576636766465,0.2834743620123045,53,55,40.0,59.0,0.8178720181749337,0.004543733434305188,0.1828,476,2501,0.1,0.15,30
20,10,true,,0.07325668106397559,0.2889976976383086,0.2220011134251737,14,16,2.0,19.0,0.7683933933933934,0.0,0.2558,477,2502,0.1,0.15,30
20,10,true,,0.11131390299147352,0.3208250682489938,0.22882262700338274,14,16,2.0,19.0,0.8494865211810013,0.0,0.317,478,2503,0.1,0.15,30
20,10,true,,0.06874492405474263,0.38358851796491245,0.3072474354855132,14,16,4.0,19.0,0.8896204492641363,0.0,0.2854,479,2504,0.1,0.15,30
20,10,false,,0.1497959347262013,0.0965788292839587,-0.06376792391438049,6,1,1.0,18.0,0.3695345557122708,0.0,0.27,480,2505,0.1,0.15,30
30,15,true,,0.09904076290609702,0.4424694881694405,0.352518140650075,24,26,3.0,29.0,0.7505845674201091,0.24318004676539362,0.25,480,2505,0.1,0.15,30
20,10,false,,0.11297089001124117,0.1202637202265796,0.01208493672669736,8,2,1.0,19.0,0.536096256684492,0.0,0.3106,481,2506,0.1,0.15,30
30,15,false,,0.10612476968823005,0.149008216895969,0.05279328338985012,21,26,2.0,29.0,0.6690673388548793,0.1811307166006482,0.282,481,2506,0.1,0.15,30
40,20,false,,0.1140876402137633,0.13719116116430327,0.038909762656294464,25,34,2.0,38.0,0.6172195303764443,0.2527021990309355,0.2734,481,2506,0.1,0.15,30
50,25,false,,0.15707337106739674,0.11473754316694587,-0.06159556336641271,8,2,1.0,47.0,0.36983553951062975,0.08022462896109106,0.263,481,2506,0.1,0.15,30
60,30,true,,0.12146237403518022,0.2335520206205962,0.10968993253182,50,54,32.0,58.0,0.8056957462148522,0.028118240807498196,0.2402,481,2506,0.1,0.15,30
20,10,false,,0.08174415631654852,0.272865689367122,0.2090099664651121,15,17,2.0,19.0,0.712280701754386,0.0,0.228,482,2507,0.1,0.15,30
30,15,true,,0.09129643408562373,0.6021404023691471,0.5043259703966723,24,26,9.0,29.0,0.8828417116742834,0.25716659742417947,0.2716,482,2507,0.1,0.15,30
20,10,false,,0.11937119783374889,0.0831079136837424,-0.04428430959812743,7,1,1.0,18.0,0.40419635787806807,0.0,0.2602,483,2508,0.1,0.15,30
30,15,false,,0.10237342704432915,0.1065399629109882,0.008642099601762293,11,4,1.0,28.0,0.5335984095427435,0.08071570576540756,0.2908,483,2508,0.1,0.15,30
40,20,false,,0.13279095817317096,0.09953412069569616,-0.03660238918159012,13,2,1.0,36.0,0.3701324769169008,0.1055800883179446,0.2674,483,2508,0.1,0.15,30
50,25,true,,0.11463302262863784,0.19683155702710972,0.0931695052891637,35,37,18.0,48.0,0.7100952380952381,0.2438095238095238,0.2844,483,2508,0.1,0.15,30
20,10,true,,0.09208020075208313,0.2495554654224465,0.17477757162408314,13,15,3.0,19.0,0.815861130020422,0.0,0.3088,484,2509,0.1,0.15,30
20,10,false,,0.1513502808087392,0.13019195976707792,-0.03498624415847032,8,4,1.0,18.0,0.3991841491841492,0.0,0.3358,485,2510,0.1,0.15,30
30,15,false,,0.13056804184665963,0.5243650723479817,0.3863742833392464,25,26,7.0,29.0,0.8403305785123967,0.30512396694214877,0.2708,485,2510,0.1,0.15,30
40,20,false,,0.42399270212165957,0.11913924018606635,-0.3007817807525392,3,2,1.0,15.0,0.16851441241685144,0.0,0.2084,485,2510,0.1,0.15,30
50,25,false,,0.13186883484533454,0.4870792687825018,0.35432355531155624,45,47,23.0,49.0,0.8119167264895908,0.0681981335247667,0.2124,485,2510,0.1,0.15,30
60,30,false,,0.1324363121893419,0.5337376350546112,0.3952489233457843,55,55,41.0,59.0,0.92506365951255,0.0,0.1522,485,2510,0.1,0.15,30
20,10,false,,0.1677075827985061,0.12222066745490652,-0.06397560757367658,9,2,1.0,19.0,0.3812995245641838,0.0,0.284,486,2511,0.1,0.15,30
30,15,false,,0.12514346579000857,0.26630417746478807,0.14202247226275944,23,26,2.0,29.0,0.6781343036718491,0.1948395633476679,0.2798,486,2511,0.1,0.15,30
40,20,false,,0.1655820135638316,0.10952063849827595,-0.08367620361448755,11,1,1.0,38.0,0.3193873739260366,0.10982443033246171,0.2362,486,2511,0.1,0.15,30
50,25,false,,0.1788098713120258,0.12467888970071928,-0.06799573743277829,6,2,1.0,47.0,0.36112122315253004,0.023662176920276664,0.2174,486,2511,0.1,0.15,30
60,30,false,,0.13092216630996767,0.5821953788106691,0.44076384357660986,55,57,40.0,59.0,0.8882417182380778,0.0007280669821623589,0.2092,486,2511,0.1,0.15,30
20,10,false,,0.11222464126960145,0.17136315622231824,0.0730954520918656,13,18,2.0,19.0,0.6126994680851063,0.0,0.3032,487,2512,0.1,0.15,30
30,15,false,,0.08669453358600668,0.14102335296930787,0.06977120761190123,19,25,2.0,29.0,0.6670907548770144,0.13994910941475827,0.213,487,2512,0.1,0.15,30
40,20,false,,0.1695109881158474,0.06897711551985632,-0.10945839140499809,5,3,1.0,22.0,0.17936250675310642,0.0,0.109,487,2512,0.1,0.15,30
50,25,false,,0.11903632722637915,0.1775194458595291,0.07210553390548066,36,47,12.0,49.0,0.641607000795545,0.14518695306284804,0.2902,487,2512,0.1,0.15,30
60,30,false,,0.2851368667464538,0.10515809699810023,-0.18319581315398414,6,3,1.0,24.0,0.16673444489629932,0.014640097600650671,0.225,487,2512,0.1,0.15,30
20,10,false,,0.09957772341841496,0.31065098941924585,0.2171829449232589,15,17,2.0,19.0,0.7440807799442897,0.0,0.299,488,2513,0.1,0.15,30
30,15,true,,0.09691176656175204,0.3091704141753372,0.21063149388404379,24,26,7.850000000000001,29.0,0.8067594433399602,0.26759443339960237,0.2856,488,2513,0.1,0.15,30
20,10,false,,0.161955531819338,0.16593466730810227,0.02118273512282047,10,16,1.0,19.0,0.5266814019576886,0.0,0.3082,489,2514,0.1,0.15,30
30,15,false,,0.12525039023350032,0.12041096970658823,0.004394019531917592,18,26,2.0,29.0,0.5039889004509192,0.13458203260492543,0.274,489,2514,0.1,0.15,30
40,20,false,,0.15115777929099533,0.10227388909176893,-0.06846618343158561,10,5,1.0,37.0,0.28367783321454026,0.044547398431931576,0.2466,489,2514,0.1,0.15,30
50,25,false,,0.1390521596109773,0.1253216934651053,-0.013416490318160973,8,4,1.0,44.0,0.4528231797919762,0.04606240713224369,0.2426,489,2514,0.1,0.15,30
60,30,true,,0.12825344872430203,0.31087490964989617,0.17569572238169973,54,55,36.0,59.0,0.8246753246753247,0.007936507936507936,0.1962,489,2514,0.1,0.15,30
20,10,false,,0.13516874597525413,0.15622124769136092,0.040749434532837206,8,5,1.0,19.0,0.5945083014048531,0.0,0.3152,490,2515,0.1,0.15,30
30,15,false,,0.11792285458420398,0.5583158112791738,0.4395184202430142,25,26,1.0,29.0,0.6724960254372019,0.2957074721780604,0.2358,490,2515,0.1,0.15,30
40,20,false,,0.11468591732411751,0.17661145830613617,0.06583958713661046,32,35,14.0,39.0,0.6398243045387995,0.42972181551976574,0.2652,490,2515,0.1,0.15,30
50,25,false,,0.11754352396727183,0.20045592943309892,0.08655067891775232,42,45,9.0,49.0,0.6994818652849741,0.06476683937823834,0.2516,490,2515,0.1,0.15,30
60,30,true,,0.11905785693054181,0.22942584737396926,0.10634566895259778,50,58,31.0,59.0,0.8043788672060923,0.06949071870537839,0.1548,490,2515,0.1,0.15,30
20,10,false,,0.13617370178791255,0.13182867972124285,-0.003997741109848824,9,1,1.0,19.0,0.48846761453396526,0.0,0.2938,491,2516,0.1,0.15,30
30,15,false,,0.13181503039455053,0.15319889881667753,0.037938522277918524,22,27,2.0,29.0,0.5750319284802043,0.19636015325670497,0.289,491,2516,0.1,0.15,30
40,20,false,,0.12755982042148428,0.2175346576770907,0.11025264816674202,31,35,6.0,39.0,0.6711994421199442,0.25,0.2588,491,2516,0.1,0.15,30
50,25,false,,0.13069469762517927,0.41016584633187536,0.2779750700680773,45,47,30.0,49.0,0.8575862068965517,0.040344827586206895,0.2246,491,2516,0.1,0.15,30
60,30,false,,0.13528786118445396,0.20869227486048642,0.09041372562522101,51,57,2.0,59.0,0.6719613259668509,0.028660220994475138,0.2124,491,2516,0.1,0.15,30
20,10,false,,0.11685920060507794,0.15342509714746524,0.05860808568678824,12,1,1.0,19.0,0.565025716385011,0.0,0.2732,492,2517,0.1,0.15,30
30,15,false,,0.09905962288145001,0.23255473437405114,0.13578612188710154,25,28,14.0,29.0,0.7578336557059961,0.2711798839458414,0.2564,492,2517,0.1,0.15,30
40,20,true,,0.11302095864896741,0.4766646577190905,0.3683777072128474,31,36,2.0,39.0,0.7267373380447585,0.25952100510404397,0.2728,492,2517,0.1,0.15,30
20,10,false,,0.1515170614116124,0.1694647716907863,0.03238373327381974,10,17,1.0,19.0,0.5620044402156676,0.0,0.3058,493,2518,0.1,0.15,30
30,15,false,,0.1258816866551838,0.1764197137343823,0.06586568714526628,22,27,2.0,29.0,0.594072594072594,0.21245421245421245,0.273,493,2518,0.1,0.15,30
40,20,false,,0.1607772733560838,0.11622951422759434,-0.053412478611506956,10,2,1.0,36.0,0.31592039800995025,0.06680881307746979,0.2288,493,2518,0.1,0.15,30
50,25,false,,0.29716724247786114,0.11205907787733277,-0.18845419823892395,4,2,1.0,21.0,0.16215199398043642,0.010158013544018058,0.1968,493,2518,0.1,0.15,30
60,30,false,,0.14861551123152544,0.12622028913014893,-0.027815690523148397,14,4,1.0,41.0,0.37049626104690686,0.09891230455472468,0.2004,493,2518,0.1,0.15,30
20,10,false,,0.13879405622542182,0.13189085608654869,-0.004860139650116377,9,16,1.0,19.0,0.48749177090190915,0.0,0.2954,494,2519,0.1,0.15,30
30,15,false,,0.18440598206654765,0.08079114525288945,-0.11371104767587259,6,4,1.0,26.0,0.2216278181123424,0.01757737867787543,0.2182,494,2519,0.1,0.15,30
40,20,false,,0.11282203923912101,0.24795203010525177,0.14466077389600712,28,36,2.0,39.0,0.6714900273758311,0.2240907313257724,0.2756,494,2519,0.1,0.15,30
50,25,true,,0.11239720683237632,0.2775186233848395,0.17684081392234424,42,46,20.0,49.0,0.7862918752406624,0.13284559106661534,0.2696,494,2519,0.1,0.15,30
20,10,false,,0.12229629309995556,0.23506719451194508,0.14439517921148384,13,1,1.0,19.0,0.65569176882662,0.0,0.2648,495,2520,0.1,0.15,30
30,15,false,,0.12153344404541673,0.1624462560874182,0.0781318007214483,13,25,1.0,29.0,0.662671836446951,0.13641170250264364,0.2824,495,2520,0.1,0.15,30
40,20,false,,0.14177547079575703,0.10862882283905345,-0.055046578387834263,22,2,1.0,37.0,0.31133074479350514,0.25450052947405577,0.2444,495,2520,0.1,0.15,30
50,25,false,,0.20631634009356317,0.12014972929357379,-0.0960126833935897,4,2,1.0,17.0,0.23856332703213612,0.0,0.1868,495,2520,0.1,0.15,30
60,30,false,,0.16554352781547116,0.13289392878151463,-0.03875705343057631,8,4,1.0,26.0,0.40035087719298246,0.017894736842105262,0.208,495,2520,0.1,0.15,30
20,10,false,,0.09526973702575518,0.1783151127431057,0.0917080745036488,14,16,1.0,19.0,0.6640569395017794,0.0,0.2856,496,2521,0.1,0.15,30
30,15,false,,0.1293329222600949,0.10732318225254416,-0.03205291671112033,13,2,1.0,28.0,0.4101247248716067,0.0847395451210565,0.2486,496,2521,0.1,0.15,30
40,20,false,,0.5226687839881428,0.11001947064015304,-0.4067505005462464,3,2,1.0,17.0,0.14353687549563837,0.0,0.1972,496,2521,0.1,0.15,30
50,25,true,,0.13065368811132969,0.2477871376286597,0.12281549904956934,43,45,26.0,49.0,0.7509344206591912,0.12606184165817194,0.2242,496,2521,0.1,0.15,30
20,10,false,,0.13930517168142723,0.11587493238650691,-0.022931458012504388,8,1,1.0,19.0,0.4428427757291317,0.0,0.2512,497,2522,0.1,0.15,30
30,15,false,,0.1831750410816819,0.08966921938477705,-0.10329589680057524,6,2,1.0,27.0,0.254510556621881,0.03608445297504798,0.263,497,2522,0.1,0.15,30
40,20,false,,0.1134350178050918,0.15167650627938528,0.05564525059575015,22,36,2.0,39.0,0.6326451110245422,0.18036618620958317,0.2576,497,2522,0.1,0.15,30
50,25,false,,0.12958165913324585,0.11951740108853942,-0.018739681971435038,24,3,1.0,47.0,0.4372931224714969,0.14306730415593968,0.2628,497,2522,0.1,0.15,30
60,30,false,,0.12715736151675414,0.13722488636928368,0.01940233565890917,25,54,3.0,58.0,0.5742681604625949,0.10408384531984098,0.2152,497,2522,0.1,0.15,30
20,10,false,,0.2163575549428227,0.14066050168625077,-0.09974079022011578,4,1,1.0,18.0,0.3884455793169486,0.0,0.2938,498,2523,0.1,0.15,30
30,15,false,,0.12580405189100066,0.1643473701003177,0.06332639509390596,20,26,2.0,29.0,0.6233321929524461,0.17105713308244955,0.278,498,2523,0.1,0.15,30
40,20,false,,0.16283562584604658,0.11544415236642443,-0.06377209467048563,12,1,1.0,37.0,0.2936717205009888,0.12689518787079762,0.2672,498,2523,0.1,0.15,30
50,25,false,,0.1932467672033461,0.13459449918667038,-0.06614146645665353,6,4,1.0,47.0,0.332992152848857,0.03821221426134425,0.206,498,2523,0.1,0.15,30
60,30,false,,0.1407817908943616,0.1502688813205398,0.01257100895725044,35,1,1.0,57.0,0.5428870292887029,0.06380753138075314,0.1726,498,2523,0.1,0.15,30
20,10,true,,0.05614770031023352,0.2522311926303396,0.20950582443537627,14,17,2.0,19.0,0.7417818008575512,0.0,0.1592,499,2524,0.1,0.15,30
20,10,false,,0.10454951567854227,0.4348009302846519,0.32854763475797233,15,16,2.0,19.0,0.8176943699731903,0.0,0.3022,500,2525,0.1,0.15,30
30,15,true,,0.10602844698006546,0.32961664292924486,0.23204521641553522,23,28,2.0,29.0,0.7581213307240704,0.25753424657534246,0.2572,500,2525,0.1,0.15,30
20,10,false,,0.16771199310822596,0.11784167157734315,-0.056352815542678514,6,2,1.0,18.0,0.3334365325077399,0.0,0.3118,501,2526,0.1,0.15,30
30,15,false,,0.13866829869899958,0.1092633643351869,-0.04185408560743008,11,4,1.0,28.0,0.35669421487603303,0.0628099173553719,0.2946,501,2526,0.1,0.15,30
40,20,false,,0.15425074880502918,0.13444498816258985,-0.020704738136438167,14,1,1.0,38.0,0.45633500357909806,0.12634216177523264,0.2306,501,2526,0.1,0.15,30
50,25,false,,0.17874629764187921,0.1349354529037101,-0.05224820940085752,7,2,1.0,29.0,0.3075383589059373,0.027018012008005337,0.2134,501,2526,0.1,0.15,30
60,30,false,,0.13815907492298427,0.15855054794325374,0.02837369401498155,19,15,3.0,52.0,0.6730769230769231,0.12531017369727046,0.2526,501,2526,0.1,0.15,30
20,10,false,,0.1781390246472839,0.10013499583858783,-0.08855673906264051,7,1,1.0,19.0,0.3570924488355681,0.0,0.2428,502,2527,0.1,0.15,30
30,15,false,,0.1600611481680046,0.08040754546401564,-0.10428144171429463,9,1,1.0,27.0,0.28547297297297297,0.05363175675675676,0.1904,502,2527,0.1,0.15,30
40,20,false,,0.12726775827273973,0.10514515330478934,-0.02251977693411121,20,36,1.0,38.0,0.44372128637059727,0.1883614088820827,0.2766,502,2527,0.1,0.15,30
50,25,false,,0.1444900909542613,0.1155406495182009,-0.031078502325043736,11,4,1.0,48.0,0.45038494439692045,0.0474764756201882,0.2408,502,2527,0.1,0.15,30
60,30,false,,0.14255972872496073,0.1119620567490775,-0.027555460598126053,9,5,1.0,31.0,0.39867109634551495,0.09235880398671097,0.1242,502,2527,0.1,0.15,30
20,10,false,,0.11540816325189805,0.12526262599651813,0.027949618140889657,9,8,1.0,19.0,0.5767145135566188,0.0,0.3086,503,2528,0.1,0.15,30
30,15,false,,0.11371533658886351,0.11676167007269025,0.02111132200669695,15,25,1.0,29.0,0.5471135940409684,0.13258845437616387,0.2944,503,2528,0.1,0.15,30
40,20,false,,0.11294824091358346,0.16795762215055174,0.07502224084197322,21,18,3.0,38.0,0.6936708860759494,0.19746835443037974,0.2868,503,2528,0.1,0.15,30
50,25,false,,0.1224524605935207,0.663855290386336,0.5379912502537558,45,46,29.0,49.0,0.9712973593570609,0.05281285878300804,0.2342,503,2528,0.1,0.15,30
60,30,false,,0.12678942766937146,0.6837949327532864,0.5510059297660833,55,55,44.0,59.0,0.9418070444104135,0.0,0.2016,503,2528,0.1,0.15,30
20,10,false,,0.09374220566402648,0.15797446079971972,0.0657345387909598,13,16,1.0,19.0,0.6235701906412479,0.0,0.2932,504,2529,0.1,0.15,30
30,15,false,,0.11063952556320954,0.14840418756852547,0.04999086936212202,21,24,1.0,29.0,0.6127847171197649,0.16495224099926525,0.2748,504,2529,0.1,0.15,30
40,20,false,,0.11285210559542232,0.14870979424545328,0.04247102274720038,28,36,5.599999999999994,39.0,0.6445714285714286,0.19047619047619047,0.292,504,2529,0.1,0.15,30
50,25,true,,0.11782619357944492,0.5304679083203804,0.40549297805730317,44,44,26.0,49.0,0.8813889972688256,0.06632852126414358,0.2492,504,2529,0.1,0.15,30
20,10,false,,0.09137619345907955,0.2648983916614237,0.1883190221323657,14,1,1.0,19.0,0.6877380045696877,0.0,0.263,505,2530,0.1,0.15,30
30,15,false,,0.09909729613670773,0.15152186998481945,0.06405855454452922,16,24,1.0,28.0,0.6474960876369327,0.09663536776212832,0.2918,505,2530,0.1,0.15,30
40,20,true,,0.10831509323369637,0.17430908308395898,0.07086334206509518,31,37,8.0,39.0,0.7063930544593529,0.3026835043409629,0.2872,505,2530,0.1,0.15,30
20,10,false,,0.13182613231124085,0.20521906007673302,0.07961458707821135,13,16,1.0,19.0,0.6017954472587368,0.0,0.2812,506,2531,0.1,0.15,30
30,15,false,,0.12454531891963024,0.1290235692519169,0.009922807131667294,19,27,1.0,29.0,0.5198159943382873,0.17197452229299362,0.2604,506,2531,0.1,0.15,30
40,20,false,,0.129744422296519,0.13608482557849993,0.018211178199498856,18,36,1.0,39.0,0.5342867620095343,0.13164649798313163,0.2514,506,2531,0.1,0.15,30
50,25,true,,0.12333411142179346,0.39796945879705714,0.28138359236854976,44,47,25.0,49.0,0.8497854077253219,0.05114449213161659,0.2506,506,2531,0.1,0.15,30
20,10,true,,0.14740949312072377,0.231077607253982,0.1008049807119159,11,11,2.0,19.0,0.7103587962962963,0.0,0.3018,507,2532,0.1,0.15,30
20,10,false,,0.0715402384537266,0.4482638039430625,0.3764057858470999,16,16,6.0,19.0,0.8552845528455284,0.0,0.2448,508,2533,0.1,0.15,30
30,15,false,,0.06323001388695047,0.39833692627701517,0.3234213502518361,26,25,15.0,29.0,0.9222520107238605,0.37211796246648793,0.1198,508,2533,0.1,0.15,30
40,20,false,,0.19752414887791633,0.05720374906801527,-0.13981891012394793,3,1,1.0,8.0,0.10076923076923076,0.0,0.0426,508,2533,0.1,0.15,30
50,25,false,,0.0864295631498698,0.07494750815000444,-0.014917608572142381,8,3,1.0,28.0,0.3684879288437103,0.031130876747141042,0.0492,508,2533,0.1,0.15,30
60,30,true,,0.0759126831799832,0.2067858806072573,0.1328673210805793,42,42,29.0,57.0,0.8407494145199064,0.10070257611241218,0.0168,508,2533,0.1,0.15,30
20,10,false,,0.11585783280720448,0.18171434290501967,0.07885321987133233,13,16,1.0,19.0,0.6299559471365639,0.0,0.284,509,2534,0.1,0.15,30
30,15,false,,0.11534456438000176,0.14128987372735363,0.045211579534464634,21,28,2.0,29.0,0.5979916897506925,0.19598337950138503,0.278,509,2534,0.1,0.15,30
40,20,true,,0.1138806164042273,0.2501529822877924,0.1472588137352562,32,35,3.0,39.0,0.7476099426386233,0.292925430210325,0.2782,509,2534,0.1,0.15,30
20,10,false,,0.11462420650678642,0.4191790263997048,0.30752295604467794,15,16,2.0,19.0,0.8190693133745526,0.0,0.3134,510,2535,0.1,0.15,30
30,15,false,,0.12134898311896608,0.10773478911702118,-0.014079056692358635,15,26,1.0,29.0,0.44374303750464167,0.12365391756405496,0.2656,510,2535,0.1,0.15,30
40,20,false,,0.13986297914541979,0.10552410988493593,-0.04159383108330823,14,4,1.0,39.0,0.37253414264036416,0.13619119878603944,0.2558,510,2535,0.1,0.15,30
50,25,false,,0.1342602905218932,0.1284899828601423,0.0006290852533326896,17,46,1.0,49.0,0.5022304832713754,0.048698884758364314,0.2246,510,2535,0.1,0.15,30
60,30,false,,0.13902931254905057,0.13841960044024504,0.0018891479694888302,44,1,1.0,58.0,0.5007733952049497,0.026295436968290797,0.1846,510,2535,0.1,0.15,30
20,10,true,,0.09590325298875858,0.27195747685500327,0.18087752064387877,14,17,2.0,19.0,0.8215488215488216,0.0,0.308,511,2536,0.1,0.15,30
20,10,true,,0.10104870734655762,0.24667488661340045,0.16790764849469506,14,16,1.0,19.0,0.719805081796032,0.0,0.2886,512,2537,0.1,0.15,30
20,10,false,,0.13037045557816287,0.7324301913992632,0.6039174534311238,16,17,6.0,19.0,0.9976359338061466,0.0,0.2822,513,2538,0.1,0.15,30
30,15,false,,0.1251255012026919,0.3477886726836833,0.2186956282853456,25,26,5.0,29.0,0.7846987136086662,0.2995937711577522,0.2658,513,2538,0.1,0.15,30
40,20,true,,0.13070152218264172,0.2549100438794857,0.13624057497889697,32,35,11.0,39.0,0.7616279069767442,0.3472222222222222,0.2528,513,2538,0.1,0.15,30
20,10,false,,0.12137039172161346,0.24945570524213218,0.14509495325388316,14,17,1.0,19.0,0.6473058082575227,0.0,0.274,514,2539,0.1,0.15,30
30,15,false,,0.11986503763678295,0.17512067724680982,0.0656191895855733,22,28,1.0,29.0,0.5959241040056219,0.23014757554462403,0.2732,514,2539,0.1,0.15,30
40,20,true,,0.11910482369059226,0.21779036459776324,0.12227028945201561,29,36,4.0,39.0,0.7371225577264654,0.22984014209591475,0.2692,514,2539,0.1,0.15,30
20,10,true,,0.10149660567108651,0.29399003611047175,0.19976762449663876,14,16,2.0,19.0,0.8192382182052937,0.0,0.321,515,2540,0.1,0.15,30
20,10,false,,0.25541832057731056,0.07807227450299421,-0.1768793198546773,4,1,1.0,19.0,0.2709118311981914,0.0,0.2314,516,2541,0.1,0.15,30
30,15,false,,0.23610960284954693,0.09345703319589553,-0.15757354359303857,4,1,1.0,28.0,0.302918207973695,0.07357172215371968,0.2398,516,2541,0.1,0.15,30
40,20,true,,0.10933827172697379,0.3067808435773429,0.19874050324804776,33,36,9.0,39.0,0.7433044911413268,0.32550473836011534,0.2556,516,2541,0.1,0.15,30
20,10,false,,0.3918258885527235,0.08912245800126624,-0.3026020528982238,3,1,1.0,18.0,0.19554165037152912,0.0,0.1848,517,2542,0.1,0.15,30
30,15,true,,0.1134322047020291,0.22496904701863232,0.12228417108232206,24,27,4.0,29.0,0.7153024911032029,0.2846975088967972,0.2736,517,2542,0.1,0.15,30
20,10,false,,0.16879662528102932,0.15292623808557898,0.017989270561973206,8,2,1.0,19.0,0.5105208692652639,0.0,0.2764,518,2543,0.1,0.15,30
30,15,true,,0.12540860332795303,0.35826440714189933,0.24352363767297686,23,29,2.0,29.0,0.7771757534710464,0.2719268540467321,0.2752,518,2543,0.1,0.15,30
20,10,true,,0.09312971574670835,0.2738669847020053,0.18324088678173361,14,17,1.0,19.0,0.7753366406803686,0.0,0.2936,519,2544,0.1,0.15,30
20,10,false,,0.1417627685957068,0.13164242193845727,-0.013138656962558976,10,9,1.0,19.0,0.4608540925266904,0.0,0.3402,520,2545,0.1,0.15,30
30,15,false,,0.20296015311625024,0.10540071847541743,-0.12412270339469839,8,1,1.0,28.0,0.2223719676549865,0.07580862533692723,0.2484,520,2545,0.1,0.15,30
40,20,false,,0.13876227046011638,0.10601995291592614,-0.05005087284135591,18,22,1.0,35.0,0.33646812957157785,0.17067223963775688,0.2566,520,2545,0.1,0.15,30
50,25,false,,0.14567709172191956,0.12338584237876318,-0.02160791438612461,13,2,1.0,48.0,0.42917547568710357,0.0708245243128964,0.243,520,2545,0.1,0.15,30
60,30,true,,0.12644318585072445,0.5681734309759986,0.4363906453762991,54,56,27.0,59.0,0.9539047619047619,0.04,0.1744,520,2545,0.1,0.15,30
20,10,false,,0.11619860116401678,0.1269554710967963,0.012459451299635119,10,3,1.0,19.0,0.5289976533690915,0.0,0.3028,521,2546,0.1,0.15,30
30,15,false,,0.12202523161962658,0.1265128457839577,0.008853829881680583,18,21,1.0,28.0,0.5355842436279378,0.09566368752068852,0.2972,521,2546,0.1,0.15,30
40,20,false,,0.12139141377040998,0.14280627302270105,0.030207867277864953,29,36,3.0,39.0,0.59353507565337,0.2610041265474553,0.2902,521,2546,0.1,0.15,30
50,25,false,,0.12648409851172104,0.13413772710645577,0.013371156341249843,24,3,2.0,48.0,0.5437722419928825,0.08362989323843416,0.249,521,2546,0.1,0.15,30
60,30,false,,0.700601862731797,0.11172191215206226,-0.5834416381070879,2,1,1.0,5.574999999999932,0.0,0.0,0.0278,521,2546,0.1,0.15,30
20,10,false,,0.08654392278053821,0.10756278701072951,0.025996904852235263,12,17,1.0,19.0,0.5645621181262729,0.0,0.237,522,2547,0.1,0.15,30
30,15,false,,0.10931985621015537,0.13548557366402214,0.03990759893925521,17,25,1.0,29.0,0.5883010432190761,0.12220566318926974,0.2872,522,2547,0.1,0.15,30
40,20,false,,0.13593473231786998,0.133033548794502,0.01077359949799038,10,2,1.0,39.0,0.5160523186682521,0.12366230677764566,0.2544,522,2547,0.1,0.15,30
50,25,false,,0.1221470409753456,0.12687219562660612,0.009190222428534886,15,9,2.0,47.0,0.5251959686450168,0.09779768570362075,0.256,522,2547,0.1,0.15,30
60,30,false,,0.12939173214151778,0.1470479970533515,0.03045388968045097,43,1,1.0,59.0,0.5927756653992395,0.06920152091254753,0.2026,522,2547,0.1,0.15,30
20,10,false,,0.16403864085459816,0.13577229150427195,-0.03937591972364879,9,1,1.0,18.0,0.4161053276178812,0.0,0.3048,523,2548,0.1,0.15,30
30,15,false,,0.11598110770805414,0.5671957407336192,0.4535239474770824,26,26,11.0,29.0,0.8703770197486534,0.37666068222621185,0.2542,523,2548,0.1,0.15,30
40,20,false,,0.1335889253049425,0.08987211044216044,-0.052755037688988315,17,2,1.0,38.02500000000009,0.34458333333333335,0.14,0.2094,523,2548,0.1,0.15,30
50,25,false,,0.13535255316881975,0.11340112813635862,-0.04793981336641341,35,3,1.0,49.0,0.43256379100850545,0.0425273390036452,0.2554,523,2548,0.1,0.15,30
60,30,true,,0.11823159029164476,0.32360773478438987,0.20015379885019718,53,55,29.0,59.0,0.7223751474636256,0.05859221392056626,0.2382,523,2548,0.1,0.15,30
20,10,false,,0.09493530647291597,0.46646487516514284,0.3807272940073761,16,17,2.0,19.0,0.7845303867403315,0.0,0.28,524,2549,0.1,0.15,30
30,15,false,,0.09928123322595754,0.6128391706038568,0.5156053983207288,25,26,13.0,29.0,0.9073783359497645,0.29356357927786497,0.2654,524,2549,0.1,0.15,30
40,20,false,,0.12585428900625975,0.12811823370577907,0.009718398733232408,24,2,1.0,38.0,0.5093954248366013,0.2136437908496732,0.2646,524,2549,0.1,0.15,30
50,25,false,,0.12257391366868989,0.12453498666624152,0.015335224601620068,15,11,1.0,45.0,0.5448085274378207,0.052901697591788394,0.2708,524,2549,0.1,0.15,30
60,30,false,,0.11899306758174054,0.14197992326015083,0.029613818167386487,29,24,6.0,58.0,0.5996896819239721,0.1183087664856478,0.25,524,2549,0.1,0.15,30
20,10,false,,0.10956771173372173,0.10266931843613131,-0.013965259634503638,9,1,1.0,19.0,0.4748987854251012,0.0,0.227,525,2550,0.1,0.15,30
30,15,false,,0.10675272626586661,0.13641235508303456,0.04940802196603797,16,24,1.0,29.0,0.6225621414913958,0.10133843212237094,0.2622,525,2550,0.1,0.15,30
40,20,true,,0.110966736461066,0.3551528282839014,0.2394642454521151,33,36,11.0,39.0,0.7911464245175936,0.270525917517972,0.2794,525,2550,0.1,0.15,30
20,10,true,,0.09816452307176961,0.23866057218170125,0.1458428741884507,13,14,2.0,19.0,0.707661953304834,0.0,0.2978,526,2551,0.1,0.15,30
20,10,false,,0.08926383531896771,0.43825176979934843,0.33804076422528667,15,16,4.0,19.0,0.9262608695652174,0.0,0.296,527,2552,0.1,0.15,30
30,15,false,,0.15029331810607632,0.09852308335083582,-0.08455743895817544,6,1,1.0,28.0,0.32833525567089583,0.06228373702422145,0.2532,527,2552,0.1,0.15,30
40,20,false,,0.12027112963505378,0.1345078394145482,0.021485103722273774,16,7,3.0,38.0,0.5682669390534559,0.1348314606741573,0.2838,527,2552,0.1,0.15,30
50,25,false,,0.1606541415957463,0.12148557521301186,-0.04642964220438359,7,1,1.0,20.0,0.33925925925925926,0.0014814814814814814,0.2376,527,2552,0.1,0.15,30
60,30,false,,0.1274032591233287,0.15128910626593606,0.03627784099539255,27,13,3.0,58.0,0.6542662116040956,0.08430034129692833,0.2278,527,2552,0.1,0.15,30
20,10,false,,0.09046814354290618,0.12614497639159344,0.042179795745834706,11,16,1.0,19.0,0.6121212121212121,0.0,0.2574,528,2553,0.1,0.15,30
30,15,false,,0.10911234862976786,0.16585303016447125,0.08176390194097649,16,2,1.0,28.0,0.5939637826961771,0.11307847082494969,0.26,528,2553,0.1,0.15,30
40,20,false,,0.11178070384746917,0.13182430089001113,0.03163108590964554,22,29,2.0,37.0,0.592374213836478,0.23624213836477986,0.2928,528,2553,0.1,0.15,30
50,25,true,,0.11408686784063699,0.18997633902690061,0.0930848931811973,33,46,5.0,49.0,0.7450381679389313,0.08778625954198473,0.2578,528,2553,0.1,0.15,30
20,10,false,,0.1418018887075046,0.21719921822633412,0.09616841513886373,14,16,1.0,19.0,0.6827126854374811,0.0,0.3134,529,2554,0.1,0.15,30
30,15,false,,0.12621678784330656,0.13404837320466673,0.002359306758017571,17,26,1.0,28.0,0.5120617561917015,0.08909617240270183,0.29,529,2554,0.1,0.15,30
40,20,false,,0.12213397574788702,0.12414341464794611,0.02381133012672569,21,3,1.0,38.0,0.532556270096463,0.13987138263665594,0.2256,529,2554,0.1,0.15,30
50,25,false,,0.11358863749027201,0.1918382740770576,0.09511380268863318,39,46,2.0,49.0,0.640533778148457,0.045454545454545456,0.1884,529,2554,0.1,0.15,30
60,30,true,,0.10353186732843983,0.4792120809774216,0.3797302634368282,54,56,39.0,59.0,0.7885561019222173,0.004470272686633884,0.1532,529,2554,0.1,0.15,30
20,10,false,,0.1369510558134405,0.2749112863391272,0.16311874023176898,14,16,2.0,19.0,0.6299263056712592,0.0,0.3076,530,2555,0.1,0.15,30
30,15,false,,0.1322339314023067,0.10058782537127033,-0.05041481777377006,17,1,1.0,29.0,0.375235227700414,0.10387655250282274,0.25,530,2555,0.1,0.15,30
40,20,true,,0.11079812023688528,0.3036632673662212,0.18710455710448964,33,35,4.0,39.0,0.7761922643634999,0.31843785204656405,0.2374,530,2555,0.1,0.15,30
20,10,true,,0.08597798336758686,0.2289649807096621,0.1495515989153245,13,16,1.0,19.0,0.7575534266764923,0.0,0.3002,531,2556,0.1,0.15,30
20,10,false,,0.1707550389121038,0.13416158739859252,-0.046230969610543876,10,18,1.0,19.0,0.4518467380048326,0.0,0.2588,532,2557,0.1,0.15,30
30,15,false,,0.11315634263102607,0.15579116755252875,0.06743279334373653,19,25,1.0,29.0,0.6064593301435407,0.16427432216905902,0.2324,532,2557,0.1,0.15,30
40,20,false,,0.11759516901759706,0.15270204939259152,0.048274718741220565,26,35,2.0,39.0,0.5610612563402263,0.19157237612173234,0.2744,532,2557,0.1,0.15,30
50,25,false,,0.12446050242174314,0.1279038625335039,0.013730217232931052,27,25,3.0,47.0,0.5350978135788262,0.17874952052167242,0.2862,532,2557,0.1,0.15,30
60,30,true,,0.1167726709566917,0.4850546781928117,0.3616371230774432,53,56,34.0,59.0,0.899491591709034,0.016425498631208447,0.2576,532,2557,0.1,0.15,30
20,10,false,,0.1287690312783869,0.12291046301041371,0.0030078826221478644,8,1,1.0,19.0,0.5027359781121751,0.0,0.2954,533,2558,0.1,0.15,30
30,15,false,,0.12349994545573906,0.10119583209472785,-0.025068396136266824,10,1,1.0,26.0,0.4095376774663269,0.023298143429195485,0.2774,533,2558,0.1,0.15,30
40,20,false,,0.10943537733414783,0.46612674931808246,0.36401231493490577,35,35,22.0,39.0,0.9052631578947369,0.2890688259109312,0.2608,533,2558,0.1,0.15,30
50,25,false,,0.1096101773930227,0.6540423477426642,0.5419422690771692,45,46,36.0,49.0,0.9315068493150684,0.00684931506849315,0.2388,533,2558,0.1,0.15,30
60,30,true,,0.11878926155419539,0.4126314848883188,0.3019041322394881,49,56,28.0,59.0,0.7893903404592241,0.12668250197941408,0.2408,533,2558,0.1,0.15,30
20,10,false,,0.11768816399703756,0.16831342608645705,0.07160513179859501,13,16,1.0,19.0,0.6250871080139373,0.0,0.25,534,2559,0.1,0.15,30
30,15,false,,0.13133683989740055,0.13504111206719185,0.017134091304863583,19,2,1.0,29.0,0.54433062522077,0.15506888025432708,0.2378,534,2559,0.1,0.15,30
40,20,false,,0.11764419453881741,0.1581315910478651,0.05062040976862999,28,36,3.0,39.0,0.6063829787234043,0.26265590608950845,0.275,534,2559,0.1,0.15,30
50,25,false,,0.13986615561196178,0.11541641463623022,-0.03286152072327578,13,3,1.0,43.0,0.4005196733481811,0.09279881217520415,0.228,534,2559,0.1,0.15,30
60,30,false,,0.12775099546446836,0.1274886378983512,0.006079923256818956,26,6,2.0,57.0,0.5241702741702742,0.10822510822510822,0.2042,534,2559,0.1,0.15,30
20,10,false,,0.12893789011654122,0.12922979327008588,0.00872133887362378,10,15,1.0,19.0,0.5146513977770293,0.0,0.2924,535,2560,0.1,0.15,30
30,15,false,,0.10832015946131568,0.11156511603479861,0.014989296764932408,18,26,2.0,29.0,0.5299647473560517,0.13435174304739522,0.264,535,2560,0.1,0.15,30
40,20,false,,0.11517673946854391,0.1262909934374957,0.025219098549454044,24,35,2.0,39.0,0.5643793369313801,0.18696993060909792,0.273,535,2560,0.1,0.15,30
50,25,false,,0.14531015275441858,0.10018613767512786,-0.045920484072690726,10,2,1.0,41.0,0.338168255283879,0.07542478242851222,0.2704,535,2560,0.1,0.15,30
60,30,false,,0.11382594171354017,0.5841620364053891,0.46991855470769744,55,57,6.0,59.0,0.8931604827894501,0.02548055431381314,0.1892,535,2560,0.1,0.15,30
20,10,false,,0.09472730027344724,0.15703128438999212,0.07199253598213161,12,16,1.0,19.0,0.6533864541832669,0.0,0.2906,536,2561,0.1,0.15,30
30,15,true,,0.10565578221305441,0.3116843974904801,0.23564962270554027,22,26,1.0,29.0,0.7412228796844181,0.22485207100591717,0.2802,536,2561,0.1,0.15,30
20,10,false,,0.12149230792258567,0.09120678225520533,-0.03208581859134149,9,6,1.0,19.0,0.40973832394832727,0.0,0.2922,537,2562,0.1,0.15,30
30,15,false,,0.6554433488040718,0.06386004001524583,-0.5961576031781343,2,1,1.0,28.0,0.08562367864693446,0.045454545454545456,0.1274,537,2562,0.1,0.15,30
40,20,false,,0.12838323897541032,0.16414694445550415,0.07308986919305478,25,33,1.0,38.0,0.573512022073315,0.23295230587307844,0.2748,537,2562,0.1,0.15,30
50,25,false,,0.16107953174664555,0.11057430994435555,-0.055795093789394706,8,3,1.0,41.0,0.34659769200159174,0.04178272980501393,0.2466,537,2562,0.1,0.15,30
60,30,true,,0.11934671324716134,0.21520513780126668,0.11263974397225297,41,56,15.0,59.0,0.738944918541505,0.12723041117145073,0.2448,537,2562,0.1,0.15,30
20,10,false,,0.1256817809417123,0.28048481502339917,0.16696409222277092,14,17,1.0,19.0,0.6089461199593358,0.0,0.2774,538,2563,0.1,0.15,30
30,15,false,,0.11981625790681005,0.09559498457418034,-0.034578535193590804,17,22,1.0,28.0,0.37627595916930656,0.07884547694473777,0.277,538,2563,0.1,0.15,30
40,20,false,,0.1064849288028775,0.14205953977435526,0.0714385748701504,28,36,1.0,39.0,0.6016877637130802,0.20970464135021097,0.2174,538,2563,0.1,0.15,30
50,25,false,,0.7075266681247477,0.094455379003757,-0.6052287658054939,3,2,1.0,11.0,0.04178403755868545,0.0,0.1984,538,2563,0.1,0.15,30
60,30,true,,0.11857237851032655,0.3465948677121339,0.2269122145994678,52,57,6.0,59.0,0.7370170336518488,0.0656418778562526,0.2368,538,2563,0.1,0.15,30
20,10,false,,0.09136572464776724,0.14861954751763884,0.08712699209690733,13,17,1.0,19.0,0.6768720029509406,0.0,0.296,539,2564,0.1,0.15,30
30,15,false,,0.09577688455990241,0.09352125597824942,0.001004494074076212,14,2,1.0,28.0,0.5035971223021583,0.07194244604316546,0.2136,539,2564,0.1,0.15,30
40,20,false,,0.4584044836103481,0.06806628094509828,-0.39863890827228876,3,1,1.0,9.0,0.12114152591729761,0.0,0.0902,539,2564,0.1,0.15,30
50,25,false,,0.13780266125754634,0.081107661687579,-0.06918751353548247,5,2,1.0,45.0,0.2692523889825745,0.06913996627318718,0.0946,539,2564,0.1,0.15,30
60,30,false,,0.08554916255979102,0.09290108639973114,-0.0037278855308415654,38,58,16.0,59.0,0.4861612515042118,0.18110709987966306,0.0842,539,2564,0.1,0.15,30
20,10,false,,0.10423317242127425,0.41224903184519607,0.32377364006304504,15,18,3.0,19.0,0.7614902506963789,0.0,0.3054,540,2565,0.1,0.15,30
30,15,false,,0.11807159302867272,0.16421730470316676,0.06748931233695607,19,26,1.0,29.0,0.6267682263329706,0.20239390642002175,0.2806,540,2565,0.1,0.15,30
40,20,false,,0.12762977942607537,0.11976218338428499,-0.004304522657728238,24,35,1.0,38.0,0.4879658385093168,0.20768633540372672,0.2572,540,2565,0.1,0.15,30
50,25,false,,0.12360165157187904,0.1450279968265651,0.025732464928070867,38,47,1.0,49.0,0.5542359461599367,0.07205067300079177,0.2432,540,2565,0.1,0.15,30
60,30,false,,0.3315533437728638,0.11260761253464081,-0.2178276110529865,4,2,1.0,33.0,0.18070766638584668,0.02190395956192081,0.1754,540,2565,0.1,0.15,30
20,10,false,,0.06526868376225184,0.10998735422963704,0.04443525073441046,12,15,1.0,19.0,0.6230434782608696,0.0,0.19,541,2566,0.1,0.15,30
30,15,false,,0.11871172879834001,0.09002718569650696,-0.028051215449743296,8,3,1.0,26.0,0.4222873900293255,0.022203602848764138,0.2608,541,2566,0.1,0.15,30
40,20,false,,0.10479664980663939,0.12197355547571624,0.026008009363939835,24,32,1.0,38.0,0.5783549783549784,0.2619047619047619,0.1962,541,2566,0.1,0.15,30
50,25,false,,0.09365980353912365,0.3006783420625201,0.2027378336186936,45,48,35.0,49.0,0.845771144278607,0.017412935323383085,0.147,541,2566,0.1,0.15,30
60,30,false,,0.09999408035511494,0.14027098367116947,0.04245513202251204,50,48,22.0,59.0,0.6190248565965584,0.05449330783938815,0.1298,541,2566,0.1,0.15,30
20,10,false,,0.11979345397023686,0.14439261047759186,0.054535443528649835,12,17,1.0,19.0,0.6214405360134003,0.0,0.3064,542,2567,0.1,0.15,30
30,15,false,,0.1713345507314204,0.10958778992415329,-0.07065470388204764,6,1,1.0,29.0,0.40178918708673667,0.09801633605600933,0.2348,542,2567,0.1,0.15,30
40,20,false,,0.1527488771277806,0.09844264670744075,-0.06259632283022395,11,1,1.0,33.0,0.358695652173913,0.10403726708074534,0.2666,542,2567,0.1,0.15,30
50,25,false,,0.11848068349098201,0.14463851419864993,0.046632715166795596,30,4,1.0,48.0,0.6301751592356688,0.14570063694267515,0.2586,542,2567,0.1,0.15,30
60,30,false,,0.12305122425983714,0.14681999583870578,0.0368073625246744,36,53,3.0,58.0,0.6416697451052826,0.08718138160325083,0.2354,542,2567,0.1,0.15,30
20,10,false,,0.0909641456589973,0.12265112833432844,0.04752699140987743,11,17,1.0,19.0,0.5972850678733032,0.0,0.255,543,2568,0.1,0.15,30
30,15,false,,0.1177759228999347,0.17687933672417247,0.09323439368481297,17,25,1.0,29.0,0.6596202078108205,0.1175206019347904,0.282,543,2568,0.1,0.15,30
40,20,false,,0.12791915147322333,0.13485914296343227,0.015739954932177724,14,4,2.0,37.0,0.5498077595246418,0.14994757077944776,0.2878,543,2568,0.1,0.15,30
50,25,false,,0.12743713065861142,0.141386772285781,0.013140154061816733,36,43,2.0,48.0,0.5472095472095472,0.14426114426114425,0.2468,543,2568,0.1,0.15,30
60,30,true,,0.13193552240521408,0.3317120342756344,0.19207092342061086,52,54,8.0,59.0,0.8026539639333107,0.03028240898264716,0.2114,543,2568,0.1,0.15,30
20,10,false,,0.11833605077375384,0.4850270927587231,0.3689434739278516,15,16,4.0,19.0,0.8679714196955576,0.0,0.3108,544,2569,0.1,0.15,30
30,15,false,,0.11951209567213984,0.40871236610733547,0.2807167081713685,25,26,8.0,29.0,0.8435022406066873,0.27197518097207857,0.265,544,2569,0.1,0.15,30
40,20,false,,0.12174767169627664,0.258813411692368,0.1352355348724244,35,35,25.0,39.0,0.68499095840868,0.32151898734177214,0.2548,544,2569,0.1,0.15,30
50,25,false,,0.12213234942800562,0.6998865329593805,0.5813625234525277,45,46,33.0,49.0,0.9407763105242097,0.028011204481792718,0.2258,544,2569,0.1,0.15,30
60,30,false,,0.1907320633055322,0.11273703035031908,-0.07945785478794748,7,5,1.0,26.0,0.22873345935727787,0.02003780718336484,0.2068,544,2569,0.1,0.15,30
20,10,false,,0.1119545567442981,0.08195935888036648,-0.02573500816419541,8,3,1.0,19.0,0.4361250482439213,0.0,0.2654,545,2570,0.1,0.15,30
30,15,false,,0.10503135615917585,0.10029784416732086,0.008341293588049394,16,2,1.0,28.0,0.5290465631929047,0.09844789356984479,0.2172,545,2570,0.1,0.15,30
40,20,true,,0.10821239328177643,0.3326428139315357,0.23427840657965437,30,36,2.0,39.0,0.7305487305487306,0.23464373464373464,0.2784,545,2570,0.1,0.15,30
20,10,false,,0.15844458971384487,0.1504219569577947,-0.014762750950663595,10,1,1.0,19.0,0.4827365728900256,0.0,0.2776,546,2571,0.1,0.15,30
30,15,false,,0.13636058154223946,0.14490241160042128,0.018812065863231503,20,26,2.0,29.0,0.5354632587859425,0.16549520766773163,0.281,546,2571,0.1,0.15,30
40,20,false,,0.1535033579688215,0.13082257790397753,-0.03714504312753099,16,1,1.0,39.0,0.42421015264465745,0.13773517926872558,0.2396,546,2571,0.1,0.15,30
50,25,false,,0.18611335898576925,0.11870171641482113,-0.0752450593846205,8,4,1.0,45.0,0.27012278308321963,0.017394270122783082,0.2294,546,2571,0.1,0.15,30
60,30,true,,0.12892109805174418,0.22725103479035416,0.09421681109359445,54,56,32.0,59.0,0.719656283566058,0.042606516290726815,0.1952,546,2571,0.1,0.15,30
20,10,false,,0.13953236323949866,0.1646250400148322,0.03737047155414035,11,16,1.0,19.0,0.5328538738149722,0.0,0.2822,547,2572,0.1,0.15,30
30,15,false,,0.12836329140848585,0.1551336694063341,0.04417014868623236,18,26,2.0,29.0,0.6049185563717662,0.11529862663685723,0.282,547,2572,0.1,0.15,30
40,20,false,,0.13164380304864598,0.1843720345162956,0.07467463265271734,33,35,1.0,39.0,0.6576856649395509,0.22659758203799654,0.2566,547,2572,0.1,0.15,30
50,25,true,,0.13473555433114737,0.43293535193438765,0.3029316351288103,43,45,2.0,49.0,0.7893479003072721,0.02731307613519973,0.213,547,2572,0.1,0.15,30
20,10,false,,0.10195850550677736,0.316703368565522,0.21791675681224792,15,17,4.0,19.0,0.8202592087312415,0.0,0.3006,548,2573,0.1,0.15,30
30,15,true,,0.10559059893949962,0.17243928367099978,0.08049907060152772,20,25,2.0,29.0,0.7253086419753086,0.15363511659807957,0.3,548,2573,0.1,0.15,30
20,10,false,,0.11508894902459149,0.12730630021826048,0.026089286789811456,10,4,1.0,19.0,0.5308908045977011,0.0,0.2866,549,2574,0.1,0.15,30
30,15,false,,0.09534782803337875,0.09260557475466773,0.00725528706068039,12,7,2.0,28.0,0.5248713550600344,0.09005145797598628,0.1986,549,2574,0.1,0.15,30
40,20,false,,0.08084102681558963,0.5154821347527042,0.4263250735097712,35,35,25.0,39.0,0.9679037111334002,0.3259779338014042,0.1418,549,2574,0.1,0.15,30
50,25,false,,0.13778218624766303,0.09808597369423987,-0.05173477072052664,13,6,1.0,36.0,0.3002903359601825,0.11240149315636665,0.2346,549,2574,0.1,0.15,30
60,30,false,,0.222237325297566,0.09315835915661252,-0.13190205492418663,7,3,1.0,18.0,0.1581967213114754,0.0,0.0808,549,2574,0.1,0.15,30
20,10,false,,0.07193521692359539,0.0694024179464915,-0.001461914439200629,9,6,1.0,19.0,0.49279538904899134,0.0,0.2112,550,2575,0.1,0.15,30
30,15,false,,0.08623988465560652,0.06745181939426032,-0.03036119105887801,15,2,1.0,27.125,0.4160839160839161,0.05652680652680653,0.0758,550,2575,0.1,0.15,30
40,20,false,,0.06688473215016366,0.12763185833186308,0.07197506834538864,28,1,1.0,38.0,0.6141078838174274,0.33402489626556015,0.0474,550,2575,0.1,0.15,30
50,25,false,,0.7690441200473054,0.0540387297550602,-0.7177114450347295,1,1,1.0,3.0,0.0,0.0,0.0198,550,2575,0.1,0.15,30
60,30,true,,0.06659320751694803,0.21001216621131566,0.1443351263645002,52,47,42.0,58.0,0.8773281952472703,0.0,0.0258,550,2575,0.1,0.15,30
20,10,false,,0.10433419817358207,0.15592186864820684,0.06774318742434823,12,16,2.0,19.0,0.6635038969840732,0.0,0.2966,551,2576,0.1,0.15,30
30,15,false,,0.11489671166089861,0.1686895621505135,0.06691740448469487,22,24,2.0,29.0,0.6374309392265194,0.1736878453038674,0.2792,551,2576,0.1,0.15,30
40,20,false,,0.1406479609975532,0.11864734076737452,-0.02259293445931547,12,2,1.0,38.0,0.43671607753705816,0.14405169137210186,0.2464,551,2576,0.1,0.15,30
50,25,false,,0.15030623426268677,0.12226993447151688,-0.034214065820203074,10,3,1.0,44.0,0.390850144092219,0.06592219020172911,0.24,551,2576,0.1,0.15,30
60,30,false,,0.13910162364798223,0.13325172462285859,-0.00760088092530764,8,5,1.0,53.0,0.4768305624336753,0.024761230986911922,0.2298,551,2576,0.1,0.15,30
20,10,false,,0.10012984491605915,0.13280018250197811,0.04530087032469016,10,16,1.0,19.0,0.6054301833568406,0.0,0.291,552,2577,0.1,0.15,30
30,15,false,,0.10565131586131854,0.15062940902362054,0.050003019280662774,20,26,2.0,29.0,0.6514694800301432,0.146948003014318,0.283,552,2577,0.1,0.15,30
40,20,true,,0.10837765909454605,0.47185718911604313,0.36296022361850855,33,34,6.625,39.0,0.8360402165506574,0.3217324052590874,0.2776,552,2577,0.1,0.15,30
20,10,false,,0.11082691021138555,0.1595572705472173,0.06405792787671358,11,16,1.0,19.0,0.6097902097902098,0.0,0.28,553,2578,0.1,0.15,30
30,15,false,,0.09989942326537207,0.21946585006867125,0.12634241463931717,21,26,3.0,29.0,0.6947717231222386,0.13107511045655376,0.2984,553,2578,0.1,0.15,30
40,20,false,,0.24272484044448758,0.08947323010585687,-0.1651267262141256,5,2,1.0,37.0,0.240473061760841,0.15637319316688567,0.2328,553,2578,0.1,0.15,30
50,25,false,,0.11479422829303781,0.16133547342760338,0.056494584787950504,36,45,3.0,49.0,0.647244094488189,0.08937007874015748,0.2848,553,2578,0.1,0.15,30
60,30,true,,0.11602432954523566,0.2156347419146642,0.10283916970791615,45,54,24.0,58.0,0.7840772014475271,0.1887816646562123,0.1326,553,2578,0.1,0.15,30
20,10,true,,0.07898707578767264,0.23993575662071562,0.169311180919315,13,15,2.0,19.0,0.7904104613149292,0.0,0.2896,554,2579,0.1,0.15,30
20,10,false,,0.14331513958954004,0.16500790249938654,0.055830229907526396,13,17,2.0,19.0,0.5883088465145357,0.0,0.2866,555,2580,0.1,0.15,30
30,15,false,,0.1499177183948794,0.08957606395474296,-0.06953594940269951,11,5,2.0,28.0,0.3000346860908776,0.08844953173777315,0.2678,555,2580,0.1,0.15,30
40,20,false,,0.30670891179954973,0.1011040274954104,-0.21981482781974143,4,2,1.0,33.875,0.22954014029618083,0.04598597038191738,0.2406,555,2580,0.1,0.15,30
50,25,false,,0.1782184504369348,0.12164050605186467,-0.0577032947968425,8,1,1.0,47.0,0.36562021439509956,0.07848392036753446,0.2146,555,2580,0.1,0.15,30
60,30,false,,0.13908218178653034,0.13254674361825988,-0.010026525389391722,15,4,1.0,58.0,0.4714127628181483,0.0815197344153449,0.203,555,2580,0.1,0.15,30
20,10,false,,0.12257492361707806,0.16753647641699998,0.061494045978751015,9,2,1.0,19.0,0.6157556270096463,0.0,0.3038,556,2581,0.1,0.15,30
30,15,false,,0.1266374937651914,0.11257706408800165,-0.01428329652621052,13,1,1.0,28.0,0.4530672579453067,0.05617147080561715,0.2496,556,2581,0.1,0.15,30
40,20,true,,0.11652035659769946,0.18166688857183838,0.07763555583703126,27,36,2.0,39.0,0.7061965811965812,0.2646011396011396,0.2588,556,2581,0.1,0.15,30
20,10,false,,0.10782574621361457,0.13472559282479557,0.03324617168286463,10,16,2.0,19.0,0.5937707090788602,0.0,0.3012,557,2582,0.1,0.15,30
30,15,true,,0.11055624923441071,0.4586392264067435,0.35654784462104183,23,26,2.0,29.0,0.9063464837049743,0.22538593481989708,0.2826,557,2582,0.1,0.15,30
20,10,false,,0.6576923656140742,0.09222035344135454,-0.5628881035375776,2,1,1.0,18.0,0.35261113508847647,0.0,0.202,558,2583,0.1,0.15,30
30,15,false,,0.11563786929075591,0.145836093703943,0.036481451482262575,18,23,1.0,28.0,0.604069379586391,0.08438959306204136,0.2954,558,2583,0.1,0.15,30
40,20,false,,0.35293390972410943,0.10567841639275491,-0.24608295854297457,3,2,1.0,15.0,0.17526188557614827,0.0,0.2182,558,2583,0.1,0.15,30
50,25,false,,0.12687726474475522,0.13180284594606723,0.0018540189710457289,36,47,1.0,49.0,0.5063097514340344,0.13957934990439771,0.239,558,2583,0.1,0.15,30
60,30,false,,0.6098209703889786,0.10848658048642924,-0.5073549307778464,3,1,1.0,21.0,0.09098939929328621,0.013250883392226149,0.1674,558,2583,0.1,0.15,30
20,10,false,,0.11890460457962691,0.16133287980481908,0.05556625648075961,14,16,1.0,19.0,0.6179454660748256,0.0,0.295,559,2584,0.1,0.15,30
30,15,false,,0.12189534933242323,0.15088130059241556,0.031838254329024415,21,26,1.0,29.0,0.5671010919337796,0.1852765058119056,0.2562,559,2584,0.1,0.15,30
40,20,true,,0.11166637081776888,0.34973750801107406,0.23980382141352147,34,36,3.0,39.0,0.8415064731267163,0.2867791290702236,0.2722,559,2584,0.1,0.15,30
20,10,false,,0.10226668745438829,0.6055358386170381,0.5015222979604018,15,16,3.0,19.0,0.8228591160220995,0.0,0.278,560,2585,0.1,0.15,30
30,15,true,,0.11599314170846459,0.48046020940057343,0.37767488062678267,24,26,1.0,29.0,0.7570474777448071,0.2770771513353116,0.2738,560,2585,0.1,0.15,30
20,10,false,,0.09118282600054056,0.4432639512201628,0.3532051766842714,15,16,2.0,19.0,0.834375,0.0,0.2898,561,2586,0.1,0.15,30
30,15,true,,0.1093707570288913,0.7139155486699311,0.6012513591810708,24,26,2.0,29.0,0.8341949778434269,0.25997045790251105,0.2798,561,2586,0.1,0.15,30
20,10,false,,0.10501277313395363,0.1409388445440066,0.05657099631750645,10,17,1.0,19.0,0.6234735413839891,0.0,0.309,562,2587,0.1,0.15,30
30,15,true,,0.10159092295448398,0.41314166776623473,0.3086659974133868,23,25,2.0,29.0,0.7914317925591883,0.18789928598271327,0.285,562,2587,0.1,0.15,30
20,10,false,,0.10840573943001279,0.5485086917173098,0.4565604150994139,15,17,3.0,19.0,0.8660351826792964,0.0,0.2998,563,2588,0.1,0.15,30
30,15,false,,0.12608994810469215,0.2209374456826484,0.11745900507671035,22,26,1.0,29.0,0.6310104529616725,0.20418118466898955,0.2714,563,2588,0.1,0.15,30
40,20,false,,0.2573130016480331,0.11002977512111785,-0.15515311129198286,5,2,1.0,30.0,0.2809917355371901,0.05076741440377804,0.2064,563,2588,0.1,0.15,30
50,25,false,,0.12416749755677635,0.15631721988157346,0.03808490564446186,40,40,28.0,49.0,0.6181427034779491,0.1595553961993546,0.242,563,2588,0.1,0.15,30
60,30,false,,0.13077706408837592,0.1485118071929511,0.022239836689097098,39,43,2.0,57.0,0.5897703549060542,0.055671537926235214,0.1912,563,2588,0.1,0.15,30
20,10,false,,0.11251159187401744,0.1775579397387781,0.09485870683629388,12,16,1.0,19.0,0.6382464618570935,0.0,0.29,564,2589,0.1,0.15,30
30,15,false,,0.10016124344611532,0.16556072838213154,0.07543614073697966,21,25,2.0,29.0,0.6739547372458765,0.1653241273494438,0.259,564,2589,0.1,0.15,30
40,20,false,,0.10567142988862632,0.10320315019861766,0.022843466073814794,15,4,1.0,38.0,0.5480859010270775,0.10177404295051354,0.185,564,2589,0.1,0.15,30
50,25,true,,0.11394882752409925,0.4446931421931114,0.3357286509806642,43,45,17.300000000000004,49.0,0.8136975132490828,0.07501019160211986,0.2664,564,2589,0.1,0.15,30
20,10,false,,0.16598352251481835,0.12477322741371893,-0.048686533535691745,7,2,1.0,19.0,0.432380340507549,0.0,0.2938,565,2590,0.1,0.15,30
30,15,false,,0.12779532362870016,0.1618603512369664,0.045607286239833345,19,27,2.0,29.0,0.6029744584545749,0.1684448755253799,0.2828,565,2590,0.1,0.15,30
40,20,false,,0.12655875280631218,0.17915717638993633,0.07130806366357392,28,35,3.0,38.19999999999982,0.6623804813715793,0.2433234421364985,0.2736,565,2590,0.1,0.15,30
50,25,true,,0.1299215392658151,0.502186384877598,0.37179873166007893,44,45,4.0,49.0,0.8054679284963197,0.035401331931300385,0.2304,565,2590,0.1,0.15,30
20,10,true,,0.11201533237564756,0.21056640698412862,0.13078995285796416,13,15,1.3499999999999943,19.0,0.7098546042003231,0.0,0.3134,566,2591,0.1,0.15,30
20,10,false,,0.1379472482660263,0.19727872638340138,0.08933727166835463,13,16,1.0,19.0,0.6393705844572897,0.0,0.3004,567,2592,0.1,0.15,30
30,15,false,,0.12827275300091964,0.13792355188752714,0.022868270532975382,19,26,2.0,29.0,0.523895077254761,0.15199425080848006,0.2624,567,2592,0.1,0.15,30
40,20,false,,0.1648464398650078,0.09840996321176562,-0.07825000270765049,8,3,1.0,22.0,0.2585330428467683,0.0,0.2648,567,2592,0.1,0.15,30
50,25,true,,0.11900176333731548,0.25238669184458645,0.14221573391827247,41,46,2.674999999999997,49.0,0.7538051750380518,0.1004566210045662,0.252,567,2592,0.1,0.15,30
20,10,false,,0.119354274787456,0.2756316148248899,0.16993528809107497,15,17,2.0,19.0,0.7578174856413529,0.0,0.3122,568,2593,0.1,0.15,30
30,15,false,,0.1570569264588431,0.10135586815663433,-0.06991438578748643,5,4,1.0,25.0,0.2947870778267254,0.013582966226138032,0.2612,568,2593,0.1,0.15,30
40,20,false,,0.13793284206305292,0.11285115148513652,-0.032034650498430864,12,2,1.0,32.0,0.3770550393137956,0.07433881343817011,0.2612,568,2593,0.1,0.15,30
50,25,true,,0.12546777084778454,0.22133172190488307,0.10545478248784912,40,46,2.0,49.0,0.734352773826458,0.14580369843527738,0.2236,568,2593,0.1,0.15,30
20,10,true,,0.11429929016490564,0.2543749378548251,0.13420069147511302,14,16,1.0,19.0,0.7800896286811779,0.0,0.312,569,2594,0.1,0.15,30
20,10,false,,0.11143998013696595,0.40222712301249436,0.3004817842403656,15,16,2.0,19.0,0.7710184552289815,0.0,0.2968,570,2595,0.1,0.15,30
30,15,false,,0.11137798962670135,0.15809661944381714,0.060389807660842815,20,25,2.0,29.0,0.6338912133891214,0.148884239888424,0.2872,570,2595,0.1,0.15,30
40,20,false,,0.11610187355720161,0.1459007680460855,0.04147881053062255,31,34,8.0,39.0,0.6138079827400216,0.259618842143114,0.2672,570,2595,0.1,0.15,30
50,25,false,,0.16043966707621954,0.11610051539398546,-0.05999668724779755,10,2,1.0,34.0,0.3281365998515219,0.10616184112843356,0.2212,570,2595,0.1,0.15,30
60,30,true,,0.13298397576937548,0.18476973364730764,0.06461208370273336,47,54,1.0,59.0,0.7003932785126922,0.025741866285305684,0.2066,570,2595,0.1,0.15,30
20,10,true,,0.08094679165360058,0.14448894484009941,0.06832527049905182,12,16,2.0,19.0,0.7026062120671189,0.0,0.2908,571,2596,0.1,0.15,30
20,10,false,,0.08613846862695658,0.39203219210799445,0.3164517229748003,15,17,1.0,19.0,0.8651482284887925,0.0,0.2798,572,2597,0.1,0.15,30
30,15,true,,0.11336790243967039,0.2533259671961928,0.15206801302158807,22,25,3.0,29.0,0.7528619528619529,0.16161616161616163,0.303,572,2597,0.1,0.15,30
20,10,false,,0.2598909621090525,0.083432737380826,-0.18378289705057238,3,1,1.0,19.0,0.26014319809069214,0.0,0.192,573,2598,0.1,0.15,30
30,15,false,,0.0917561416231405,0.4493445154926466,0.35294242318481817,25,27,5.600000000000001,29.0,0.9144016227180527,0.3667342799188641,0.2558,573,2598,0.1,0.15,30
40,20,true,,0.10567126132632647,0.40526097206374506,0.2904744376866751,32,34,6.0,39.0,0.8359219434488252,0.3094384707287933,0.2804,573,2598,0.1,0.15,30
20,10,false,,0.10847694881735272,0.3222552281028286,0.21904990055889123,16,17,6.0,19.0,0.8074534161490683,0.0,0.2948,574,2599,0.1,0.15,30
30,15,false,,0.39148548707918823,0.09250642800125879,-0.3007142009213988,3,2,1.0,27.0,0.17376160990712075,0.02863777089783282,0.2318,574,2599,0.1,0.15,30
40,20,true,,0.11722970360393777,0.2905437956963748,0.18082412847837562,31,37,2.0,39.0,0.7704137678506042,0.24459904796777737,0.269,574,2599,0.1,0.15,30
20,10,false,,0.1303313590355421,0.13061557633202808,0.003653879706740887,11,1,1.0,19.0,0.5087833441769681,0.0,0.3034,575,2600,0.1,0.15,30
30,15,false,,0.2430459295814152,0.10292273600525012,-0.16372574478884702,4,1,1.0,26.0,0.2606774668630339,0.015463917525773196,0.2528,575,2600,0.1,0.15,30
40,20,false,,0.1211721949584889,0.14094038203668502,0.03779241647552525,23,37,2.0,39.0,0.6154411764705883,0.1411764705882353,0.255,575,2600,0.1,0.15,30
50,25,false,,0.11723993687649394,0.15393533066032414,0.04036664980335897,40,45,17.0,48.0,0.6397538015930485,0.11911658218682114,0.2442,575,2600,0.1,0.15,30
60,30,false,,0.14083326919715308,0.11907265392704779,-0.02641932186987611,14,27,2.0,33.0,0.3780975219824141,0.18625099920063948,0.0838,575,2600,0.1,0.15,30
20,10,false,,0.14282571848146725,0.1069454178498204,-0.04913556551984154,10,1,1.0,19.0,0.40073162620552044,0.0,0.256,576,2601,0.1,0.15,30
30,15,false,,0.12466754404240589,0.1277856929091802,0.005646210120388833,9,4,1.0,28.0,0.5100138121546961,0.04730662983425414,0.299,576,2601,0.1,0.15,30
40,20,false,,0.12967492358725785,0.11579914870494495,-0.023783701707202634,17,3,1.0,39.0,0.4216078574026919,0.14077846489632595,0.2556,576,2601,0.1,0.15,30
50,25,true,,0.12747553993349958,0.17478128582624813,0.07117637398432852,35,46,4.0,49.0,0.7420156139105749,0.0667139815471966,0.2372,576,2601,0.1,0.15,30
20,10,false,,0.12745692804787173,0.17986118508688517,0.07675781366489476,11,15,2.0,19.0,0.652637999390058,0.0,0.318,577,2602,0.1,0.15,30
30,15,false,,0.13421063351674975,0.11375371429451694,-0.018581129467794152,11,3,1.0,28.0,0.4402907580477674,0.05226722049151956,0.2718,577,2602,0.1,0.15,30
40,20,false,,0.20654631656395714,0.10335486428237843,-0.102925317271368,5,4,1.0,21.0,0.25655864197530864,0.0,0.2336,577,2602,0.1,0.15,30
50,25,false,,0.16413330050747868,0.13498269519083622,-0.06143104665463426,22,1,1.0,48.0,0.45579793340987373,0.050899349406812094,0.2104,577,2602,0.1,0.15,30
60,30,true,,0.12794761454743472,0.20461638533755838,0.0817638234910889,51,55,32.0,59.0,0.7845557122708039,0.038787023977433006,0.1952,577,2602,0.1,0.15,30
20,10,false,,0.08808220201629731,0.17133947903116772,0.09596775080654564,11,16,1.0,19.0,0.6685606060606061,0.0,0.291,578,2603,0.1,0.15,30
30,15,false,,0.10428551015137712,0.1751646310924896,0.08631056057181075,20,27,1.0,29.0,0.6688938381588716,0.1633259094283593,0.281,578,2603,0.1,0.15,30
40,20,false,,0.1271433886240095,0.14678045167033602,0.053797186910669675,27,3,1.0,39.0,0.5776372975108652,0.2599762939549585,0.2466,578,2603,0.1,0.15,30
50,25,false,,0.12686692616128908,0.12992804063097987,0.018003920514100102,28,47,1.0,48.0,0.5615841584158416,0.060198019801980196,0.238,578,2603,0.1,0.15,30
60,30,false,,0.12166714645123512,0.1861583297943558,0.07148162926800125,50,53,2.0,59.0,0.6480972930561004,0.06433895645351118,0.2262,578,2603,0.1,0.15,30
20,10,false,,0.09493896993124469,0.07206244217514615,-0.01699255220260211,8,2,1.0,19.0,0.4623200677392041,0.0,0.2112,579,2604,0.1,0.15,30
30,15,true,,0.10070952042214225,0.21320484607202583,0.12051097397804827,21,27,2.0,29.0,0.7431561996779388,0.18317230273752014,0.28,579,2604,0.1,0.15,30
20,10,false,,0.11204406291638919,0.30407166595423507,0.22164308108860326,15,16,1.0,19.0,0.7439972945552925,0.0,0.2892,580,2605,0.1,0.15,30
30,15,true,,0.11560981957926546,0.31537100674150054,0.20943875456557928,24,25,7.0,29.0,0.8457123565158676,0.24105334233625927,0.2608,580,2605,0.1,0.15,30
20,10,false,,0.15455889531724842,0.13098974424778498,-0.031010058052077377,8,4,1.0,19.0,0.4659949622166247,0.0,0.291,581,2606,0.1,0.15,30
30,15,false,,0.11194849811302018,0.09481796261621935,-0.01916539696592426,17,2,1.0,29.0,0.45529411764705885,0.1192156862745098,0.2182,581,2606,0.1,0.15,30
40,20,false,,0.1033533445221311,0.08217274212944342,-0.02747853249100142,29,33,1.0,38.0,0.40111940298507465,0.34095149253731344,0.143,581,2606,0.1,0.15,30
50,25,true,,0.11489890806902694,0.3792719652775535,0.25578426692945144,42,44,14.0,49.0,0.7850393700787401,0.11141732283464567,0.2822,581,2606,0.1,0.15,30
20,10,false,,0.10674650293496511,0.10244119347456081,-0.005564750122718398,9,1,1.0,19.0,0.48835433371515846,0.0,0.2518,582,2607,0.1,0.15,30
30,15,false,,0.11938745488048469,0.15308091316904437,0.06651035122932938,11,4,1.0,29.0,0.625544267053701,0.10703918722786647,0.2884,582,2607,0.1,0.15,30
40,20,false,,0.12343360656625649,0.6740010008013539,0.550239666185274,35,36,10.0,39.0,0.9567393636038612,0.23453700393278512,0.2494,582,2607,0.1,0.15,30
50,25,false,,0.14024554759296373,0.1455020041817957,0.005924065338142784,10,5,1.0,32.0,0.5238408418283459,0.09240381453469254,0.2344,582,2607,0.1,0.15,30
60,30,true,,0.138793916773643,0.22131045800424864,0.08466006426069808,48,54,23.0,59.0,0.7702702702702703,0.05719673161533627,0.2044,582,2607,0.1,0.15,30
20,10,false,,0.1458367643488463,0.14576227873568873,0.006980217663718355,14,16,1.0,19.0,0.519950890116636,0.0,0.3094,583,2608,0.1,0.15,30
30,15,false,,0.13374506472647466,0.11479525366632645,-0.02429619202434783,14,14,2.0,28.0,0.4152542372881356,0.07920469361147327,0.2704,583,2608,0.1,0.15,30
40,20,false,,0.15081646536961676,0.10440492092737545,-0.059820135866713295,10,3,1.0,37.0,0.36034281262173745,0.05999220880405142,0.2614,583,2608,0.1,0.15,30
50,25,false,,0.1226404004258509,0.17528963236890344,0.07021006128307708,38,42,2.0,49.0,0.6746002231312755,0.0476013387876534,0.2682,583,2608,0.1,0.15,30
60,30,true,,0.12922633713128706,0.3585777837060648,0.22622201281675772,53,56,1.0,59.0,0.7501904036557502,0.003808073115003808,0.1922,583,2608,0.1,0.15,30
20,10,false,,0.09148700539255657,0.12846068001686656,0.049473472711324934,10,1,1.0,19.0,0.550658978583196,0.0,0.2152,584,2609,0.1,0.15,30
30,15,false,,0.1052841192442055,0.11625173132005329,0.01536005646771793,20,26,1.0,29.0,0.5327494287890328,0.13556740289413557,0.2876,584,2609,0.1,0.15,30
40,20,false,,0.11829047409175666,0.1625921958164103,0.055583021365517585,25,36,1.0,38.0,0.6218809980806143,0.19040307101727447,0.2766,584,2609,0.1,0.15,30
50,25,true,,0.11403494694817749,0.2469569143187395,0.12992631869862203,43,47,4.0,49.0,0.7585803432137286,0.0218408736349454,0.2624,584,2609,0.1,0.15,30
20,10,false,,0.09820594362474237,0.11164945625843675,0.0099132328208155,12,17,1.0,19.0,0.5283873214907697,0.0,0.2912,585,2610,0.1,0.15,30
30,15,false,,0.10448970501900423,0.1406953444760576,0.05037901539696487,18,21,2.0,28.0,0.6353328456474031,0.09765910753474762,0.2936,585,2610,0.1,0.15,30
40,20,false,,0.16278983806071132,0.10721779562717748,-0.07044622208964489,7,1,1.0,37.0,0.37141670128791027,0.07436643124221022,0.2542,585,2610,0.1,0.15,30
50,25,false,,0.1150734015505967,0.17835774925263942,0.06646407393149928,38,44,14.0,48.0,0.6884587289992695,0.13075237399561723,0.2728,585,2610,0.1,0.15,30
60,30,true,,0.11990106782922606,0.19692314476759748,0.09316822707975782,47,58,3.0,59.0,0.74873786407767,0.10446601941747573,0.2226,585,2610,0.1,0.15,30
20,10,false,,0.11925957087815636,0.35382833265308133,0.2374344923398089,15,16,2.0,19.0,0.7320730117340287,0.0,0.3008,586,2611,0.1,0.15,30
30,15,false,,0.13617101538062976,0.13553125316929715,0.004131814958674512,15,1,1.0,29.0,0.5081967213114754,0.1721311475409836,0.2592,586,2611,0.1,0.15,30
40,20,false,,0.12043245795950124,0.133335674499648,0.01872148475431311,24,33,3.0,39.0,0.5576313006697216,0.25026436376454003,0.2848,586,2611,0.1,0.15,30
50,25,false,,0.12305437182679486,0.5173558114434343,0.39114628135761154,45,46,34.0,49.0,0.8729678638941399,0.020793950850661626,0.2204,586,2611,0.1,0.15,30
60,30,false,,,,,,,,,,,0.0002,586,2611,0.1,0.15,30
20,10,false,,0.11922792293046335,0.16745234486429122,0.05973670770601058,13,15,1.0,19.0,0.611371237458194,0.0,0.2996,587,2612,0.1,0.15,30
30,15,false,,0.1131250646508285,0.11372624908597828,0.0165812221704415,12,5,1.0,29.0,0.5402973395931142,0.11502347417840375,0.2664,587,2612,0.1,0.15,30
40,20,false,,0.1062385237414956,0.1875742974044044,0.08524327882827024,33,35,7.0,39.0,0.6897394136807817,0.2703583061889251,0.2552,587,2612,0.1,0.15,30
50,25,false,,0.5992832617718357,0.08646083472222524,-0.5177774786415628,3,1,1.0,23.049999999999955,0.08254127063531766,0.007503751875937969,0.1598,587,2612,0.1,0.15,30
60,30,true,,0.11579545281385874,0.23373205812042028,0.11096097535693922,49,53,22.0,59.0,0.7556795536070148,0.05300916699880431,0.251,587,2612,0.1,0.15,30
20,10,false,,0.10854831221227809,0.15858752193451708,0.0717823469337677,12,15,1.0,19.0,0.6053653370984822,0.0,0.3028,588,2613,0.1,0.15,30
30,15,true,,0.10294540502330672,0.27243990964014403,0.18662336414476982,22,25,5.0,29.0,0.8382200758882373,0.15557088651259054,0.2922,588,2613,0.1,0.15,30
20,10,false,,0.1358822817373571,0.11468508975836136,-0.030527404436208008,8,1,1.0,19.0,0.4632258064516129,0.0,0.2152,589,2614,0.1,0.15,30
30,15,true,,0.11297748067353566,0.2126009888982391,0.11111772591300123,22,26,2.0,29.0,0.7124742974640165,0.1658670322138451,0.2966,589,2614,0.1,0.15,30
20,10,true,,0.1049074004469877,0.30008935118477653,0.21280881776349536,14,16,1.0,19.0,0.7007616974972797,0.0,0.278,590,2615,0.1,0.15,30
20,10,false,,0.11079311139524096,0.3814399871770787,0.290672913342123,15,16,1.0,19.0,0.6808510638297872,0.0,0.2792,591,2616,0.1,0.15,30
30,15,false,,0.13618992658996812,0.11905918801049602,-0.014614942389472085,9,2,1.0,28.0,0.48179791976225855,0.07317979197622586,0.2696,591,2616,0.1,0.15,30
40,20,false,,0.11342961535887261,0.10969371536236512,0.011208227740645282,19,1,1.0,38.0,0.5326906957250629,0.18273260687342832,0.2428,591,2616,0.1,0.15,30
50,25,true,,0.11572800838490206,0.22120953153970468,0.11745989043678359,40,45,3.0,49.0,0.724896265560166,0.08921161825726141,0.2458,591,2616,0.1,0.15,30
20,10,false,,0.11068847118377466,0.15922761216767548,0.05342211501924119,14,16,2.0,19.0,0.6209286209286209,0.0,0.2832,592,2617,0.1,0.15,30
30,15,false,,0.11027860649890373,0.14559474789642443,0.04657099111911939,17,26,2.0,29.0,0.6124954857349224,0.12134344528710726,0.2962,592,2617,0.1,0.15,30
40,20,false,,0.11434686976507022,0.1322301808961766,0.02657662809854379,14,4,1.0,38.0,0.6072507552870091,0.13935045317220543,0.279,592,2617,0.1,0.15,30
50,25,false,,0.12278701732027986,0.14152404741728572,0.02398575385129669,35,38,1.0,49.0,0.565050038491147,0.10585065434949961,0.2526,592,2617,0.1,0.15,30
60,30,true,,0.12141304616992032,0.3603180677458575,0.2425438856615757,52,56,4.0,59.0,0.8028798411122146,0.014895729890764648,0.1524,592,2617,0.1,0.15,30
20,10,false,,0.10938368023433638,0.11142210693568196,0.01166233514943768,13,16,1.0,19.0,0.5296005706134094,0.0,0.2728,593,2618,0.1,0.15,30
30,15,false,,0.10038666504213747,0.09617065938465683,0.006937034312919491,13,1,1.0,29.0,0.5137111517367459,0.13208409506398539,0.1902,593,2618,0.1,0.15,30
40,20,false,,0.10430227230237706,0.08729432261526233,-0.03008181126650153,20,1,1.0,39.0,0.4419689119170985,0.0766839378238342,0.118,593,2618,0.1,0.15,30
50,25,false,,0.12778819947500694,0.10840050497640936,-0.02368282546875533,11,3,2.0,31.0,0.416910841356216,0.0740895772289661,0.2606,593,2618,0.1,0.15,30
60,30,false,,0.4876316174059287,0.0991352171676149,-0.3965440316371335,4,3,1.0,55.0,0.17909090909090908,0.031363636363636364,0.1916,593,2618,0.1,0.15,30
20,10,false,,0.13081098953763576,0.14782896365478596,0.025326481248562474,12,16,2.0,19.0,0.5689503087327257,0.0,0.3386,594,2619,0.1,0.15,30
30,15,true,,0.10691138277656329,0.2692758896974235,0.15440818083991792,23,26,2.0,29.0,0.7010388611004232,0.21969988457098885,0.2524,594,2619,0.1,0.15,30
20,10,false,,0.11551981343298741,0.11948092724463208,0.01605533130546362,10,3,1.0,19.0,0.5356290487555404,0.0,0.29,595,2620,0.1,0.15,30
30,15,true,,0.10727742615567323,0.1994737044633019,0.09899579935669044,23,27,4.0,29.0,0.7386039886039886,0.25,0.2954,595,2620,0.1,0.15,30
20,10,false,,0.11350724912269607,0.18019913600272608,0.09687505000177746,11,1,1.0,19.0,0.6468916518650089,0.0,0.272,596,2621,0.1,0.15,30
30,15,false,,0.11594316481456891,0.09952777979087925,-0.018579715751449427,14,4,1.0,28.0,0.4457741211667913,0.0800299177262528,0.277,596,2621,0.1,0.15,30
40,20,true,,0.11292852976153683,0.7305159000668601,0.6124535629499909,34,36,2.0,39.0,0.8656237464901725,0.2719614921780987,0.2732,596,2621,0.1,0.15,30
20,10,false,,0.18191377527826783,0.12806053010950474,-0.07610840285265469,7,2,1.0,19.0,0.38005301524188206,0.0,0.2774,597,2622,0.1,0.15,30
30,15,false,,0.16423870841600524,0.11095903899229352,-0.07712449302384466,8,2,1.0,28.0,0.29856361149110805,0.07831737346101231,0.259,597,2622,0.1,0.15,30
40,20,false,,0.1496893151946738,0.12488200668079882,-0.03783693071713641,12,3,1.0,35.0,0.3810925744193654,0.12201504743212299,0.2718,597,2622,0.1,0.15,30
50,25,false,,0.15554929738204895,0.13060090477508002,-0.03706877953020493,9,2,1.0,46.0,0.3543656207366985,0.08287858117326058,0.21,597,2622,0.1,0.15,30
60,30,true,,0.1358180123920007,0.47728166702154495,0.33923812067598336,54,55,4.0,59.0,0.9101200686106347,0.0030874785591766723,0.1962,597,2622,0.1,0.15,30
20,10,false,,0.10974094719234623,0.7219858061660168,0.602886939892203,16,16,4.0,19.0,0.932807679122386,0.0,0.2724,598,2623,0.1,0.15,30
30,15,false,,0.12158978351445879,0.1538804315124024,0.04033478289476562,20,24,2.0,29.0,0.5998000666444518,0.14961679440186604,0.2774,598,2623,0.1,0.15,30
40,20,false,,0.12118400046363359,0.09473938372368283,-0.034918846110477075,24,27,3.0,38.0,0.36104951958610493,0.22283813747228381,0.2428,598,2623,0.1,0.15,30
50,25,false,,0.19874271370823288,0.10358673660528048,-0.1060206006190792,7,3,1.0,46.0,0.2965627498001599,0.0683453237410072,0.244,598,2623,0.1,0.15,30
60,30,false,,0.4784963158397314,0.10309226363745877,-0.3752939239921353,4,2,1.0,20.0,0.13005272407732865,0.014938488576449912,0.2202,598,2623,0.1,0.15,30
20,10,false,,0.11204308589854509,0.11895120092525356,0.010669900339697155,9,7,1.0,18.0,0.5295605437875435,0.0,0.3062,599,2624,0.1,0.15,30
30,15,true,,0.1081833892674196,0.38435985801288153,0.2869982348734974,23,25,2.0,29.0,0.7629168193477465,0.1905459875412239,0.2762,599,2624,0.1,0.15,30
20,10,false,,0.08326425962777413,0.5387781053003692,0.4496580174181927,15,17,2.0,19.0,0.8914845516201959,0.0,0.2866,600,2625,0.1,0.15,30
30,15,false,,0.11290731911439583,0.10726216448517234,-0.002879394283620454,11,1,1.0,28.0,0.49698275862068964,0.08405172413793104,0.2286,600,2625,0.1,0.15,30
40,20,false,,0.10883901022772591,0.14955180723792105,0.05208048616289118,25,33,3.0,39.0,0.6403162055335968,0.21185770750988142,0.265,600,2625,0.1,0.15,30
50,25,false,,0.1491591017186939,0.0953246315658095,-0.058882869936061594,7,6,1.0,23.574999999999818,0.32822362488728585,0.012173128944995492,0.2108,600,2625,0.1,0.15,30
60,30,true,,0.11584119501475836,0.4572175798106222,0.34162367462217585,53,55,35.0,59.0,0.8974148543290932,0.02051702913418137,0.2262,600,2625,0.1,0.15,30
20,10,false,,0.07292280628325971,0.11191935664370715,0.044545208855690674,11,15,1.0,19.0,0.6113207547169811,0.0,0.25,601,2626,0.1,0.15,30
30,15,true,,0.10271344839393493,0.2450314082521902,0.15635314771630493,22,25,2.0,29.0,0.7541044776119403,0.1746268656716418,0.289,601,2626,0.1,0.15,30
20,10,false,,0.16129367944879303,0.3809983470279535,0.23522017690748326,15,16,3.0,19.0,0.7177019539224264,0.0,0.3216,602,2627,0.1,0.15,30
30,15,false,,0.28305067727142375,0.10011492749899578,-0.1801058743092801,5,4,1.0,25.0,0.16031350195938723,0.016031350195938723,0.2512,602,2627,0.1,0.15,30
40,20,true,,0.1162851547516219,0.44207854795464274,0.3159491142274217,34,36,18.0,39.0,0.8268010451661068,0.2803284807764091,0.2432,602,2627,0.1,0.15,30
20,10,true,,0.08210438212292895,0.21356269144905815,0.13025360802508296,12,15,1.0,19.0,0.7086730911786508,0.0,0.2854,603,2628,0.1,0.15,30
20,10,false,,0.12655969621096858,0.1442373047450897,0.029047921214828146,14,17,2.0,19.0,0.567047308319739,0.0,0.2898,604,2629,0.1,0.15,30
30,15,false,,0.10965068495837346,0.5109997812296572,0.40778157367885065,25,26,7.0,29.0,0.8861560084328882,0.2579058327477161,0.2906,604,2629,0.1,0.15,30
40,20,false,,0.1386181037804775,0.12389429894437637,-0.018389145106317506,14,4,2.0,38.0,0.44504310344827586,0.14188218390804597,0.2472,604,2629,0.1,0.15,30
50,25,false,,0.1287874327943743,0.14716225777145583,0.028003634946830558,31,46,1.0,49.0,0.600352733686067,0.14673721340388007,0.2388,604,2629,0.1,0.15,30
60,30,true,,0.1297082882840512,0.35462858145548265,0.21966101593624066,53,56,36.0,59.0,0.8164807484706729,0.015473191795609931,0.192,604,2629,0.1,0.15,30
20,10,false,,0.11706979975173133,0.16994484674598337,0.06507958359945845,13,16,1.0,19.0,0.6304273504273504,0.0,0.282,605,2630,0.1,0.15,30
30,15,false,,0.11584768270326777,0.13908315998325455,0.040815588496013286,15,7,2.0,28.0,0.6100671140939598,0.0936241610738255,0.3134,605,2630,0.1,0.15,30
40,20,false,,0.13792145462510827,0.11481480850249505,-0.041445300736241614,24,1,1.0,39.0,0.39968713335940553,0.22369964802502934,0.222,605,2630,0.1,0.15,30
50,25,false,,0.12132663971889059,0.6850688883103806,0.5652640768750599,45,47,36.0,49.0,0.9564032697547684,0.0007785130400934215,0.2234,605,2630,0.1,0.15,30
60,30,false,,0.13053422451085092,0.14659968846077634,0.02323350579500677,44,48,1.0,58.0,0.593235039028621,0.013009540329575022,0.1472,605,2630,0.1,0.15,30
20,10,true,,0.1149747762355691,0.23664325697689148,0.13747474793582773,12,14,2.0,19.0,0.7292168674698796,0.0,0.3406,606,2631,0.1,0.15,30
20,10,true,,0.1276290246966441,0.2406500511613675,0.1436850298577116,13,16,1.0,19.0,0.7307455329636475,0.0,0.298,607,2632,0.1,0.15,30
20,10,true,,0.08423981714867543,0.20273049695609685,0.12814389684012883,14,17,1.0,19.0,0.7409174311926605,0.0,0.2866,608,2633,0.1,0.15,30
20,10,false,,0.09489354089643058,0.3616998426990415,0.2721262775641537,15,17,2.0,19.0,0.8334548104956269,0.0,0.2774,609,2634,0.1,0.15,30
30,15,true,,0.10386575485399406,0.48496129606266497,0.3812484275618571,24,26,2.0,29.0,0.8303400840657241,0.2426442491402369,0.28,609,2634,0.1,0.15,30
20,10,false,,0.1834208054413673,0.11476575943565638,-0.08046747331471683,6,1,1.0,18.0,0.438489646772229,0.0,0.2268,610,2635,0.1,0.15,30
30,15,false,,0.10404294526223197,0.1739833861647591,0.09398644621047453,18,27,1.0,29.0,0.6992156862745098,0.14941176470588236,0.2842,610,2635,0.1,0.15,30
40,20,false,,0.10628524810917207,0.1581139395409796,0.06401198395218949,22,33,3.0,39.0,0.6995597945707998,0.20139398385913426,0.2916,610,2635,0.1,0.15,30
50,25,false,,0.13055392589384754,0.12491637748789855,0.005091622347017863,22,4,1.0,48.0,0.5081269349845201,0.04218266253869969,0.253,610,2635,0.1,0.15,30
60,30,true,,0.11824500601054683,0.6305513724047666,0.5084930348164166,54,55,22.424999999999997,59.0,0.8673390224980605,0.07486423584173778,0.2052,610,2635,0.1,0.15,30
20,10,false,,0.11703863955359194,0.29963185688366734,0.20152196309898918,15,16,2.0,19.0,0.7590556274256145,0.0,0.3012,611,2636,0.1,0.15,30
30,15,false,,0.12357556252473811,0.15134519151653492,0.05511476271306834,15,1,1.0,29.0,0.5964979063570612,0.1674914350970689,0.2274,611,2636,0.1,0.15,30
40,20,false,,0.1170593839300594,0.16984877917811306,0.0647914312207218,29,36,4.0,39.0,0.6902623068630974,0.23212360761767875,0.2612,611,2636,0.1,0.15,30
50,25,false,,0.2093919055390311,0.11493663310217711,-0.10559763589852164,6,1,1.0,27.0,0.258984375,0.02421875,0.2066,611,2636,0.1,0.15,30
60,30,true,,0.12659285843784954,0.5550255841354361,0.4297349225926934,54,57,44.0,59.0,0.9296965040338071,0.0,0.1796,611,2636,0.1,0.15,30
20,10,true,,0.07848445873617071,0.20480932038407065,0.1402781396562714,14,16,1.2999999999999972,19.0,0.721725612125923,0.0,0.2736,612,2637,0.1,0.15,30
20,10,false,,0.16975829280525387,0.09620626994098949,-0.08952184781175576,6,2,1.0,19.0,0.3216162943495401,0.0,0.2904,613,2638,0.1,0.15,30
30,15,false,,0.12077535749967695,0.14444925531675218,0.04286155513222195,17,26,2.0,29.0,0.5780869565217391,0.1443478260869565,0.281,613,2638,0.1,0.15,30
40,20,false,,0.15032115403957236,0.10691455599398304,-0.055937877256457685,12,3,1.0,38.0,0.39498178874949413,0.141643059490085,0.2178,613,2638,0.1,0.15,30
50,25,false,,0.11539571614486226,0.11533560514667471,-0.006936574712843632,40,46,6.0,49.0,0.4720948012232416,0.10168195718654434,0.2242,613,2638,0.1,0.15,30
60,30,true,,0.11910716729441713,0.40624112846948973,0.2875667673838724,53,55,28.0,59.0,0.7931174089068825,0.09109311740890688,0.215,613,2638,0.1,0.15,30
20,10,true,,0.09569338823599516,0.2341229936190404,0.1427401836420269,14,16,2.0,19.0,0.7337883959044369,0.0,0.2938,614,2639,0.1,0.15,30
20,10,false,,0.1018677939037038,0.18643943857891374,0.09689960993464049,14,16,2.0,19.0,0.5910543130990416,0.0,0.2706,615,2640,0.1,0.15,30
30,15,false,,0.09062291311976434,0.17373928092932628,0.10402373260161815,19,24,1.0,29.0,0.623249299719888,0.13352007469654528,0.1716,615,2640,0.1,0.15,30
40,20,false,,0.09884296639128712,0.07715019962761002,-0.023608233922558692,13,30,1.0,33.0,0.3746113989637306,0.19119170984455958,0.1136,615,2640,0.1,0.15,30
50,25,true,,0.07005576057305697,0.4683861652539462,0.3993382267246213,44,45,35.0,49.0,0.9157534246575343,0.0,0.0532,615,2640,0.1,0.15,30
20,10,false,,0.12452311226837794,0.18472629194281298,0.0633357856035413,12,16,2.0,19.0,0.6404358353510896,0.0,0.3202,616,2641,0.1,0.15,30
30,15,false,,0.12873009206245098,0.2220695454860251,0.12594390716689247,22,26,2.0,29.0,0.6944262295081968,0.2337704918032787,0.282,616,2641,0.1,0.15,30
40,20,false,,0.12616041458407265,0.17679900552480377,0.050353955858660426,29,36,5.0,39.0,0.6318758815232722,0.27080394922425954,0.2632,616,2641,0.1,0.15,30
50,25,true,,0.13112725891572485,0.5221256825078232,0.39031625606876164,44,46,30.0,49.0,0.8956336528221512,0.06389776357827476,0.2232,616,2641,0.1,0.15,30
20,10,false,,0.10599503816865821,0.15804609298808098,0.06484183262162466,11,16,1.0,19.0,0.6717433570965652,0.0,0.3062,617,2642,0.1,0.15,30
30,15,false,,0.11082441974872724,0.11835002893501965,0.01406179504158725,21,25,1.0,29.0,0.5390362345909601,0.13970862906238327,0.2906,617,2642,0.1,0.15,30
40,20,false,,0.11910394094304766,0.12130360626824789,0.007878343231208784,22,36,2.0,39.0,0.5158636897767332,0.17469643556600079,0.2826,617,2642,0.1,0.15,30
50,25,false,,0.3518527174700834,0.09972968730247041,-0.2617565876476531,5,2,1.0,39.0,0.24934952298352125,0.13616652211621855,0.235,617,2642,0.1,0.15,30
60,30,true,,0.11739998368875137,0.23758525590746082,0.11603231199933649,51,54,30.0,59.0,0.7727815360127338,0.06128133704735376,0.219,617,2642,0.1,0.15,30
20,10,false,,0.10254322973690842,0.6209434734493051,0.5181233789809814,16,16,2.0,19.0,0.7655586987270155,0.0,0.271,618,2643,0.1,0.15,30
30,15,false,,0.12982457534575126,0.1402822556910986,0.031376896666703236,16,1,1.0,29.0,0.5431472081218274,0.13783678250683326,0.2794,618,2643,0.1,0.15,30
40,20,false,,0.10414607665607162,0.11279064604787979,0.007557028128744966,27,35,4.0,38.0,0.5301158301158301,0.27915057915057917,0.2634,618,2643,0.1,0.15,30
50,25,false,,0.116266846351752,0.22007639547210006,0.12000210673974801,39,43,2.0,48.0,0.6974398758727696,0.03413498836307215,0.2684,618,2643,0.1,0.15,30
60,30,false,,0.13613404030651732,0.13636352276771335,0.021159218591667445,21,4,1.0,57.450000000000045,0.5372650680492547,0.07712248865845756,0.1166,618,2643,0.1,0.15,30
20,10,true,,0.12447038226586475,0.19698256158745595,0.09765007529938341,10,10,1.0,19.0,0.7004152028106037,0.0,0.306,619,2644,0.1,0.15,30
20,10,false,,0.1556109718417742,0.11170186889779254,-0.0611572450518393,7,1,1.0,19.0,0.4255846917080085,0.0,0.2186,620,2645,0.1,0.15,30
30,15,false,,0.11675595237213765,0.5162569155076806,0.39586183242589124,25,26,2.0,29.0,0.8426470588235294,0.2948529411764706,0.2654,620,2645,0.1,0.15,30
40,20,false,,0.11500450440964577,0.6420360466112953,0.5279279305459188,35,37,25.0,39.0,0.933969769291965,0.23667462211614956,0.2494,620,2645,0.1,0.15,30
50,25,true,,0.11938622171468463,0.2582125811961653,0.14399588169650923,44,47,5.0,49.0,0.7272030651340996,0.027969348659003832,0.2244,620,2645,0.1,0.15,30
20,10,false,,0.1451619212047953,0.1111489969366958,-0.04489412126428503,9,3,1.0,19.0,0.38550452983442673,0.0,0.3194,621,2646,0.1,0.15,30
30,15,false,,0.11531176873409876,0.4173198730688863,0.30721318938324665,25,26,7.0,29.0,0.8281136198106337,0.31646030589949015,0.2824,621,2646,0.1,0.15,30
40,20,false,,0.11917465132735713,0.2345798158943802,0.11734180887738166,33,36,15.0,39.0,0.6929763560500696,0.32962447844228093,0.2734,621,2646,0.1,0.15,30
50,25,false,,0.12414602468064909,0.6264721378579223,0.5027816006831143,45,46,31.0,49.0,0.9288922155688623,0.03967065868263473,0.2266,621,2646,0.1,0.15,30
60,30,true,,0.12724685546116576,0.3601859509313593,0.23285407216710538,54,56,37.0,59.0,0.8448214916931778,0.006362672322375398,0.2114,621,2646,0.1,0.15,30
20,10,false,,0.0866618158732875,0.4679478624063779,0.3852958491118188,16,17,5.0,19.0,0.9174511223750905,0.0,0.2974,622,2647,0.1,0.15,30
30,15,true,,0.09973866984711363,0.48435573857390835,0.4033385405211105,23,26,4.0,29.0,0.8006993006993007,0.23543123543123542,0.2796,622,2647,0.1,0.15,30
20,10,false,,0.1390768919198098,0.1989150536400415,0.08012036670044276,13,17,1.0,19.0,0.6251915415262029,0.0,0.3088,623,2648,0.1,0.15,30
30,15,false,,0.1160378099596087,0.12202205595313231,0.0065476330247658115,19,25,3.0,29.0,0.5191771269177127,0.13284518828451883,0.2718,623,2648,0.1,0.15,30
40,20,false,,0.15681806019419575,0.10599400558339923,-0.05749380280907307,10,2,1.0,38.0,0.3588014981273408,0.05355805243445693,0.2636,623,2648,0.1,0.15,30
50,25,false,,0.13752646500598245,0.120579364039986,-0.016197663671400034,12,4,1.0,48.0,0.452930056710775,0.034782608695652174,0.2432,623,2648,0.1,0.15,30
60,30,false,,0.12013473568549658,0.1684698678948093,0.0559435990808293,48,56,18.0,59.0,0.6624815361890695,0.03840472673559823,0.2436,623,2648,0.1,0.15,30
20,10,false,,0.12829902011250757,0.18012667891578737,0.06686821150402404,13,18,2.0,19.0,0.6445437141033823,0.0,0.3006,624,2649,0.1,0.15,30
30,15,false,,0.13431468501992794,0.09640626135254174,-0.04806181950924493,8,6,1.0,27.0,0.34882083773319256,0.04012671594508976,0.2806,624,2649,0.1,0.15,30
40,20,false,,0.1526121226069455,0.08783456270823364,-0.0727560362858747,11,8,1.0,36.0,0.2574921135646688,0.06624605678233439,0.2312,624,2649,0.1,0.15,30
50,25,false,,0.13181893780956797,0.11614540272284249,-0.016566739684553487,18,4,2.0,47.0,0.4587396849212303,0.1005251312828207,0.2726,624,2649,0.1,0.15,30
60,30,false,,0.11947578746658179,0.1569462582208537,0.0460347848753888,44,55,8.0,58.0,0.6262513904338154,0.12495365220615498,0.2404,624,2649,0.1,0.15,30
20,10,false,,0.1569275355403879,0.12257437279883168,-0.04207988153763163,8,1,1.0,18.0,0.40553435114503816,0.0,0.296,625,2650,0.1,0.15,30
30,15,true,,0.12340389604719053,0.24139571013702743,0.13219436878184765,22,28,2.0,29.0,0.7118758434547908,0.23616734143049933,0.2678,625,2650,0.1,0.15,30
20,10,false,,0.10515213076094075,0.13036889993890438,0.026052317647464365,13,17,1.0,19.0,0.5473960284750843,0.0,0.268,626,2651,0.1,0.15,30
30,15,true,,0.09620035548320485,0.5071837540916251,0.39988550153526936,23,25,1.0,29.0,0.8054226475279107,0.2065390749601276,0.2868,626,2651,0.1,0.15,30
20,10,true,,0.1121928433946241,0.30030933025866025,0.18930337371977107,14,15,2.0,19.0,0.7938511326860841,0.0,0.2944,627,2652,0.1,0.15,30
20,10,false,,0.12556028556261836,0.2502096483389361,0.14451513652763953,14,16,1.0,19.0,0.6496815286624203,0.0,0.3006,628,2653,0.1,0.15,30
30,15,false,,0.16866015959644523,0.07935390232977925,-0.10279087072855932,8,2,1.0,27.0,0.20363917924893535,0.027874564459930314,0.2284,628,2653,0.1,0.15,30
40,20,false,,0.12059013850030374,0.12181204818055753,-0.0017170683926391872,15,2,1.0,38.0,0.49669389342668224,0.14196810579541036,0.2848,628,2653,0.1,0.15,30
50,25,false,,0.4192554350456675,0.09715751868965548,-0.3217087359326532,4,2,1.0,47.0,0.1783761043331931,0.04333193100546908,0.2468,628,2653,0.1,0.15,30
60,30,false,,0.11742688668772397,0.1484789817123961,0.031563392117251454,50,56,6.0,59.0,0.5724,0.0292,0.2096,628,2653,0.1,0.15,30
20,10,false,,0.1338243774443323,0.15566233713028754,0.024852057285040613,12,16,1.0,19.0,0.5294306851077517,0.0,0.2898,629,2654,0.1,0.15,30
30,15,false,,0.10791370865543523,0.21863546084722194,0.11667757315625576,22,26,4.0,29.0,0.6445326596896427,0.18729700469144714,0.2652,629,2654,0.1,0.15,30
40,20,false,,0.32669255756452037,0.09362426426663623,-0.2389625994570566,5,2,1.0,24.47499999999991,0.21180842279108175,0.01486374896779521,0.2424,629,2654,0.1,0.15,30
50,25,false,,0.12432661155822422,0.13057642950018644,0.01323727403052577,26,31,2.0,47.0,0.5447598253275109,0.2321688500727802,0.281,629,2654,0.1,0.15,30
60,30,true,,0.1219161667856164,0.6130990055061011,0.4882187948282044,54,56,15.0,59.0,0.8953714507973551,0.009334889148191364,0.216,629,2654,0.1,0.15,30
20,10,false,,0.08743162969150503,0.28017557504146745,0.18687502229212763,15,17,2.0,19.0,0.7695139911634757,0.0,0.2574,630,2655,0.1,0.15,30
30,15,true,,0.10032110899912348,0.23806821966969674,0.15835323349083563,18,26,1.3499999999999943,29.0,0.7203155818540434,0.16489151873767258,0.2844,630,2655,0.1,0.15,30
20,10,false,,0.19805443614157575,0.16202809853679842,-0.054317802240757745,9,4,1.0,18.0,0.38631903560414915,0.0,0.3224,631,2656,0.1,0.15,30
30,15,false,,0.20078406633144397,0.1205574222285782,-0.10431320996671017,12,5,2.0,27.0,0.2521985815602837,0.030638297872340424,0.2992,631,2656,0.1,0.15,30
40,20,false,,0.20876721146774532,0.11635652939827065,-0.11850621656447843,11,3,2.0,38.0,0.29968253968253966,0.09174603174603174,0.2376,631,2656,0.1,0.15,30
50,25,false,,0.1441822049508755,0.17395261377002413,0.03736087734733834,39,47,3.0,49.0,0.5899073778345576,0.0891089108910891,0.2348,631,2656,0.1,0.15,30
60,30,false,,0.14085437363917339,0.7400400341283012,0.591611049324702,55,56,13.0,59.0,0.7943722943722944,0.045815295815295816,0.1732,631,2656,0.1,0.15,30
20,10,false,,0.14732996250815242,0.1896401208542009,0.05945836645551804,10,17,1.0,19.0,0.5925925925925926,0.0,0.2958,632,2657,0.1,0.15,30
30,15,false,,0.14725548967782712,0.10832068004115117,-0.06204285925718463,13,3,1.0,28.0,0.36470588235294116,0.08719723183391004,0.2638,632,2657,0.1,0.15,30
40,20,false,,0.12896510158675162,0.12024955706553454,0.001222995928887062,23,35,1.0,38.0,0.5030792917628946,0.18206312548113934,0.2648,632,2657,0.1,0.15,30
50,25,false,,0.17105762037635097,0.09992895205360476,-0.08594413426923364,10,2,1.0,45.875,0.23119556611243072,0.04631828978622328,0.2336,632,2657,0.1,0.15,30
60,30,true,,0.11739897137734877,0.5499882646898263,0.42826444634167904,54,56,45.0,59.0,0.9009376273950265,0.0,0.2286,632,2657,0.1,0.15,30
20,10,true,,0.10272697727994375,0.20246194493546663,0.1087460330504987,14,16,1.0,19.0,0.7076356329537843,0.0,0.2982,633,2658,0.1,0.15,30
20,10,false,,0.1263715201754384,0.34708124724466805,0.2289309659881621,15,16,2.0,19.0,0.7723880597014925,0.0,0.2976,634,2659,0.1,0.15,30
30,15,false,,0.11859676477607983,0.09660155050527264,-0.01955308877216859,14,11,2.0,28.0,0.4147665580890337,0.09591024249004705,0.2594,634,2659,0.1,0.15,30
40,20,false,,0.11639720722172797,0.10937932224686367,0.00416410100485444,18,5,2.0,38.0,0.5226032735775527,0.17186282151208107,0.2558,634,2659,0.1,0.15,30
50,25,false,,0.13089765950727666,0.11744847460553279,-0.016527728929399646,28,1,1.0,48.0,0.4764072847682119,0.13286423841059603,0.28,634,2659,0.1,0.15,30
60,30,false,,0.16040862572845654,0.10105509575616463,-0.06533400811852683,8,4,1.0,29.0,0.3083645443196005,0.03058676654182272,0.1248,634,2659,0.1,0.15,30
20,10,true,,0.08502598749409537,0.2074886950318742,0.1227361101042421,14,15,2.0,19.0,0.7157584683357879,0.0,0.283,635,2660,0.1,0.15,30
20,10,false,,0.1081000258598458,0.25477441605416556,0.15181490161661557,14,16,1.0,19.0,0.6862385321100918,0.0,0.2762,636,2661,0.1,0.15,30
30,15,true,,0.08882302832585397,0.24988007199015216,0.1674497134521667,23,25,2.0,29.0,0.7272727272727273,0.22077922077922077,0.2042,636,2661,0.1,0.15,30
20,10,false,,0.17848503725331388,0.15828225557761716,-0.033955429184323975,7,1,1.0,19.0,0.44396835860250494,0.0,0.2738,637,2662,0.1,0.15,30
30,15,false,,0.1401496721104796,0.10112954815186762,-0.052983219843691684,16,4,1.0,28.0,0.35501173315454243,0.10224606101240362,0.2738,637,2662,0.1,0.15,30
40,20,false,,0.1212298003116375,0.27316274375683364,0.16464164915516832,32,35,3.0,39.0,0.6841121495327103,0.2523364485981308,0.261,637,2662,0.1,0.15,30
50,25,false,,0.12329120484986582,0.1639044627179965,0.08490005238462425,29,46,1.0,49.0,0.648778682457439,0.07179866765358993,0.2394,637,2662,0.1,0.15,30
60,30,false,,0.1296346726356106,0.13268043852354244,0.005877642552228626,23,4,2.0,54.0,0.5156363636363637,0.17527272727272727,0.1828,637,2662,0.1,0.15,30
20,10,false,,0.08128195314475208,0.40913905992372,0.3404934265984939,16,16,2.0,19.0,0.8273524720893142,0.0,0.2428,638,2663,0.1,0.15,30
30,15,false,,0.7956851655638013,0.053962795510788183,-0.7483277114484428,1,1,1.0,4.0,0.0,0.0,0.0606,638,2663,0.1,0.15,30
40,20,true,,0.07015034063347089,0.21678740323267712,0.14235455443669925,34,37,22.0,39.0,0.8319088319088319,0.36125356125356123,0.0756,638,2663,0.1,0.15,30
20,10,false,,0.15733463887549695,0.1001843168083392,-0.0727842748027559,8,7,1.0,19.0,0.34978408389882787,0.0,0.3,639,2664,0.1,0.15,30
30,15,false,,0.10092589439974689,0.3364189962336653,0.2508592729775108,25,27,3.0,29.0,0.7023661270236613,0.3125778331257783,0.2166,639,2664,0.1,0.15,30
40,20,false,,0.1330984057794989,0.07402416749318774,-0.06621689285881738,9,5,1.0,37.0,0.27988614800759015,0.10721062618595825,0.1336,639,2664,0.1,0.15,30
50,25,true,,0.08634603553019286,0.4046653765189836,0.33598771905075797,41,48,16.0,49.0,0.7884057971014493,0.08753623188405797,0.0982,639,2664,0.1,0.15,30
20,10,false,,0.12977936144954283,0.15371670130849,0.041749627529408084,10,15,1.0,19.0,0.5840762373193975,0.0,0.301,640,2665,0.1,0.15,30
30,15,true,,0.1150916191759907,0.26620082500922154,0.1550492775380875,23,26,3.0,29.0,0.756951596292482,0.21970477171301064,0.2826,640,2665,0.1,0.15,30
20,10,true,,0.04354141750766365,0.15685481841332582,0.12093355168618956,14,16,1.0,19.0,0.7256763170384433,0.0,0.1354,641,2666,0.1,0.15,30
20,10,false,,0.14087419107318552,0.141685752411327,0.0018101103316305323,9,1,1.0,19.0,0.5011494252873563,0.0,0.2864,642,2667,0.1,0.15,30
30,15,false,,0.11012448056855455,0.29632564413540974,0.19287632723307127,21,26,2.0,29.0,0.6976165065812878,0.14834578441835647,0.2872,642,2667,0.1,0.15,30
40,20,true,,0.11697326224093405,0.4290879864429142,0.30768587506669676,34,36,17.0,39.0,0.868421052631579,0.27180966113914923,0.2698,642,2667,0.1,0.15,30
20,10,false,,0.08530570037944848,0.3795590067366802,0.30004625185589007,15,16,2.0,19.0,0.7684674751929438,0.0,0.2676,643,2668,0.1,0.15,30
30,15,false,,0.11742243760628283,0.1553983981787235,0.07735478009051139,12,26,1.0,29.0,0.6076274294096077,0.1408140814081408,0.2788,643,2668,0.1,0.15,30
40,20,false,,0.11399560998103057,0.13563719109560668,0.0383331449892861,28,29,3.0,38.0,0.6081648225867989,0.29111026325829836,0.261,643,2668,0.1,0.15,30
50,25,false,,0.13495099317842846,0.1197881322481662,-0.021228615464277026,20,2,1.0,47.0,0.4339398734177215,0.12776898734177214,0.2418,643,2668,0.1,0.15,30
60,30,false,,0.2469759862884641,0.11442150805441273,-0.13901293897454997,4,2,1.0,28.0,0.2349137931034483,0.027155172413793102,0.1456,643,2668,0.1,0.15,30
20,10,false,,0.10683103741665194,0.3637988786864771,0.27047515366025415,15,16,2.0,19.0,0.7383937648254829,0.0,0.2916,644,2669,0.1,0.15,30
30,15,true,,0.08986391401240748,0.2617174741790642,0.16889081303061332,24,26,1.0,29.0,0.7430644472897994,0.24413145539906103,0.2148,644,2669,0.1,0.15,30
20,10,false,,0.09909307116020628,0.1717893804688131,0.081258271943954,12,17,1.3250000000000028,19.0,0.6778749159381304,0.0,0.3108,645,2670,0.1,0.15,30
30,15,true,,0.09982046474877293,0.21793286487547062,0.14664218655973116,21,25,3.0,29.0,0.7676917376806225,0.19340496480177843,0.2842,645,2670,0.1,0.15,30
20,10,false,,0.11417447792545309,0.2278798973544396,0.12738978415011337,13,16,2.0,19.0,0.6958714150646076,0.0,0.3234,646,2671,0.1,0.15,30
30,15,false,,0.10442826088840217,0.17813721638378363,0.09289939085046228,19,27,4.0,29.0,0.6781100036913991,0.16906607604282023,0.2966,646,2671,0.1,0.15,30
40,20,false,,0.14088640315955397,0.1173603169094071,-0.03319516387777198,25,1,1.0,38.0,0.433832456495346,0.2630513961958721,0.2386,646,2671,0.1,0.15,30
50,25,false,,0.12213312848330189,0.1408525075266816,0.040223415885806316,17,4,1.0,48.0,0.6413533834586466,0.06428571428571428,0.2482,646,2671,0.1,0.15,30
60,30,false,,0.5428308710098558,0.5036488301439784,-0.0391820408658774,21,21,21.0,21.0,0.0,0.0,0.0002,646,2671,0.1,0.15,30
20,10,false,,0.10926636380216842,0.20045966044377425,0.11361014677629624,14,16,1.0,19.0,0.6844444444444444,0.0,0.2962,647,2672,0.1,0.15,30
30,15,true,,0.1039309272591041,0.31176655207678894,0.2129146841952314,21,25,3.0,29.0,0.7341445427728613,0.14712389380530974,0.293,647,2672,0.1,0.15,30
20,10,false,,0.11272130928521326,0.17909311866260746,0.09126812424153732,12,17,1.0,19.0,0.6563693162096494,0.0,0.295,648,2673,0.1,0.15,30
30,15,false,,0.11466605702152534,0.09907905487491182,-0.019392539898911917,12,4,1.0,28.0,0.43169196593854126,0.07589781562384303,0.2834,648,2673,0.1,0.15,30
40,20,false,,0.14101577126406017,0.08143628654635086,-0.07634220200695561,12,3,1.0,37.0,0.26396588486140726,0.06609808102345416,0.1906,648,2673,0.1,0.15,30
50,25,false,,0.10464311744909173,0.3200044740655432,0.22930565352196047,39,47,2.0,49.0,0.6447236180904523,0.04773869346733668,0.1578,648,2673,0.1,0.15,30
60,30,false,,0.16309839447767047,0.08379163249812492,-0.09810471275166138,7,2,1.0,44.0,0.23471074380165288,0.031955922865013774,0.1104,648,2673,0.1,0.15,30
20,10,false,,0.08701324758576146,0.13516147039559498,0.06098764725046087,11,17,1.0,19.0,0.6427007299270073,0.0,0.2608,649,2674,0.1,0.15,30
30,15,true,,0.081468801042561,0.3026758489969073,0.21379643397994158,23,26,2.0,29.0,0.7175090252707581,0.21886281588447654,0.1646,649,2674,0.1,0.15,30
20,10,false,,0.20272551763470859,0.09906689375234269,-0.11928599059362685,8,2,1.0,19.0,0.3602150537634409,0.0,0.2688,650,2675,0.1,0.15,30
30,15,false,,0.131677943019964,0.12055155996073186,-0.011269655312758309,19,26,1.0,29.0,0.4782608695652174,0.12387853692201518,0.2768,650,2675,0.1,0.15,30
40,20,false,,0.15899179833119673,0.09241263726686717,-0.07981164810621008,7,3,1.0,36.0,0.2525130679533575,0.03739445114595899,0.2032,650,2675,0.1,0.15,30
50,25,true,,0.11274194027617486,0.3455926251518185,0.23165193602244263,44,44,5.0,49.0,0.7808163265306123,0.045306122448979594,0.252,650,2675,0.1,0.15,30
20,10,false,,0.16616494597530473,0.18372841186423078,0.03152969103346279,11,18,1.0,19.0,0.5496049165935031,0.0,0.3202,651,2676,0.1,0.15,30
30,15,false,,0.16960094995598463,0.1336123960481031,-0.042548517730619656,11,4,1.0,28.0,0.4143132220795892,0.10012836970474968,0.2564,651,2676,0.1,0.15,30
40,20,false,,0.13521900220898986,0.6959813363381627,0.5603905770601579,36,38,29.0,39.0,0.9734513274336283,0.13864306784660768,0.2172,651,2676,0.1,0.15,30
50,25,true,,0.13948561311794502,0.2839488848496515,0.1548482504615954,43,46,3.0,49.0,0.7994774657086872,0.1038536903984324,0.2192,651,2676,0.1,0.15,30
20,10,false,,0.08219174162417332,0.07684588111646609,-0.015536449655326332,7,1,1.0,18.0,0.4528061224489796,0.0,0.2082,652,2677,0.1,0.15,30
30,15,false,,0.10216125468612149,0.1634316456190174,0.07537219796818162,21,25,1.0,29.0,0.6473013493253373,0.13680659670164919,0.277,652,2677,0.1,0.15,30
40,20,false,,0.12451796720938127,0.12023221975960409,0.016273126394749482,11,6,1.0,38.0,0.5264612954186414,0.12796208530805686,0.2728,652,2677,0.1,0.15,30
50,25,false,,0.13543036945418857,0.11899017371905783,-0.02073940995019509,12,6,1.0,46.0,0.43813801551653736,0.07758268681094324,0.26,652,2677,0.1,0.15,30
60,30,false,,0.11964447057137462,0.17272508391045138,0.05004347798703987,49,53,31.0,59.0,0.6447160883280757,0.05402208201892744,0.2586,652,2677,0.1,0.15,30
20,10,false,,0.1443164522597438,0.22511147173361495,0.09721329064258877,13,17,1.0,19.0,0.6343101343101343,0.0,0.3054,653,2678,0.1,0.15,30
30,15,false,,0.18434857382686048,0.11582568466968313,-0.09403754653345262,6,1,1.0,28.0,0.3062902072909221,0.06897784131522516,0.2418,653,2678,0.1,0.15,30
40,20,false,,0.14130953806889385,0.11563730867327068,-0.04322614015725211,15,5,1.0,39.0,0.34886908841672376,0.1706648389307745,0.2568,653,2678,0.1,0.15,30
50,25,false,,0.15231623897548105,0.12985550052016223,-0.023985140548003325,10,7,1.0,47.0,0.4034552845528455,0.05928184281842819,0.2386,653,2678,0.1,0.15,30
60,30,true,,0.13256252988717057,0.23398977716211514,0.10148708799881473,53,55,36.77499999999999,59.0,0.7540560471976401,0.0055309734513274336,0.157,653,2678,0.1,0.15,30
20,10,false,,0.14882630172029487,0.1756535146267955,0.03811899974424483,12,17,1.0,19.0,0.5615006150061501,0.0,0.297,654,2679,0.1,0.15,30
30,15,false,,0.13774695621146305,0.08286644964834451,-0.07633361987966,12,4,1.0,28.0,0.2694463910301331,0.04414856341976174,0.2616,654,2679,0.1,0.15,30
40,20,false,,0.24124375921769736,0.09910802894088927,-0.15580449935301716,5,1,1.0,37.0,0.23799668874172186,0.029801324503311258,0.2418,654,2679,0.1,0.15,30
50,25,false,,0.14978544091018742,0.1147438044918219,-0.04309893148052175,16,1,1.0,47.0,0.3992974238875878,0.09523809523809523,0.2344,654,2679,0.1,0.15,30
60,30,true,,0.12252593966728528,0.30753311731693644,0.1863371696613534,51,53,39.0,59.0,0.8550829127613554,0.0,0.2196,654,2679,0.1,0.15,30
20,10,true,,0.09745336933541661,0.210199637663649,0.11740104956095235,13,15,2.0,19.0,0.7809930943768497,0.0,0.3146,655,2680,0.1,0.15,30
20,10,true,,0.08746794496438763,0.27180885551575296,0.1876530968692129,14,16,2.0,19.0,0.7881631180079394,0.0,0.3002,656,2681,0.1,0.15,30
20,10,false,,0.12074938721590327,0.3105691296611225,0.21071554930270428,15,17,2.0,19.0,0.7371815543373106,0.0,0.2768,657,2682,0.1,0.15,30
30,15,false,,0.12296907119688277,0.11987902221157481,-0.004190883306818403,19,26,2.0,29.0,0.4866418667568482,0.13696313831586068,0.284,657,2682,0.1,0.15,30
40,20,false,,0.15132394239381572,0.11859799999595043,-0.03313146586497667,7,4,1.0,37.0,0.45287958115183247,0.09760658189977561,0.2368,657,2682,0.1,0.15,30
50,25,true,,0.12117999632911107,0.47536101520193585,0.34597637054694735,44,45,31.0,49.0,0.9557142857142857,0.03428571428571429,0.2386,657,2682,0.1,0.15,30
20,10,false,,0.15112073954151028,0.12824190781028305,-0.03327259180608903,6,2,1.0,18.0,0.44216787838731,0.0,0.2928,658,2683,0.1,0.15,30
30,15,false,,0.11516648579162693,0.2642472244084008,0.14528133230500456,22,27,2.0,29.0,0.6794824399260628,0.23844731977818853,0.2686,658,2683,0.1,0.15,30
40,20,true,,0.11551994270001882,0.19417544988446733,0.09190767790101088,32,33,10.0,39.0,0.7168998923573735,0.30929314675278075,0.2686,658,2683,0.1,0.15,30
20,10,false,,0.13529798613051947,0.11132018371766587,-0.028117763244778493,9,1,1.0,19.0,0.46356203341628155,0.0,0.255,659,2684,0.1,0.15,30
30,15,false,,0.10649127766054672,0.15784134246638926,0.0723945347017117,20,27,1.0,29.0,0.6143304620203602,0.2192638997650744,0.2636,659,2684,0.1,0.15,30
40,20,false,,0.20705723264841502,0.09060730559216953,-0.11669240104788567,6,3,1.0,28.0,0.21526337619245126,0.0439651596847781,0.2184,659,2684,0.1,0.15,30
50,25,false,,0.12859160246960352,0.10659968122365232,-0.023036397248834453,17,4,2.0,46.0,0.39708201892744477,0.14865930599369084,0.2772,659,2684,0.1,0.15,30
60,30,false,,0.129659804127378,0.10457494503917575,-0.030176990212611214,23,21,3.0,57.0,0.37261410788381744,0.09004149377593361,0.225,659,2684,0.1,0.15,30
20,10,false,,0.11141052893729307,0.1494281022433615,0.04326269939229714,12,1,1.0,19.0,0.568810770381451,0.0,0.239,660,2685,0.1,0.15,30
30,15,false,,0.1478425200700674,0.10069379601528941,-0.05531161372192435,7,1,1.0,25.0,0.35685109543260307,0.01188265874489417,0.2692,660,2685,0.1,0.15,30
40,20,true,,0.10648172338126449,0.3024482290707329,0.21046096496934671,34,35,10.0,39.0,0.7739587545491307,0.2887181560857258,0.2526,660,2685,0.1,0.15,30
20,10,true,,0.08257907641688624,0.36083113351163254,0.2785556647161925,14,16,1.0,19.0,0.7853589196872779,0.0,0.2658,661,2686,0.1,0.15,30
20,10,false,,0.16938759489894983,0.13026296219620295,-0.08353072305635792,8,1,1.0,19.0,0.43379160636758324,0.0,0.234,662,2687,0.1,0.15,30
30,15,false,,0.1292994144356806,0.21402179017962708,0.12940398307528944,18,26,1.0,29.0,0.64349376114082,0.19144385026737967,0.255,662,2687,0.1,0.15,30
40,20,false,,0.17788990466891513,0.10506030288495238,-0.08554692158479515,7,2,1.0,25.0,0.2711741185023628,0.010541621228644129,0.2542,662,2687,0.1,0.15,30
50,25,true,,0.11880674417145694,0.1934818631970101,0.0786904545264605,40,47,23.0,48.0,0.7041225829989055,0.1678219627873039,0.2466,662,2687,0.1,0.15,30
20,10,false,,0.1280184072788494,0.07823507134383544,-0.05800482339286503,7,3,1.0,18.300000000000182,0.3637686431429611,0.0,0.2596,663,2688,0.1,0.15,30
30,15,false,,0.12972179754855606,0.11766976329529813,0.009905265901628685,14,2,1.0,28.0,0.5151026983487716,0.10632299637535239,0.2582,663,2688,0.1,0.15,30
40,20,true,,0.11685718208517241,0.28381289046776115,0.17295142489271262,29,35,2.0,39.0,0.7901234567901234,0.2962962962962963,0.28,663,2688,0.1,0.15,30
20,10,true,,0.10812199034826889,0.18958177552905708,0.09741070336615829,13,15,3.0,19.0,0.7385723231058234,0.0,0.325,664,2689,0.1,0.15,30
20,10,false,,0.13612396892732653,0.18507830678394624,0.0724422576356464,10,9,1.0,19.0,0.6190623072177668,0.0,0.3076,665,2690,0.1,0.15,30
30,15,false,,0.1359780627279422,0.1504178074497912,0.030020660016002135,19,1,1.0,29.0,0.5323551542513167,0.23551542513167795,0.2236,665,2690,0.1,0.15,30
40,20,false,,0.40342303689407755,0.10243830004244271,-0.29519806663571746,3,2,1.0,27.0,0.21659574468085108,0.004680851063829788,0.2016,665,2690,0.1,0.15,30
50,25,false,,0.11949609138460578,0.21741091602423374,0.1002524637467836,43,44,31.0,49.0,0.6773127753303965,0.06864904552129222,0.2462,665,2690,0.1,0.15,30
60,30,false,,0.13447515282525838,0.11811007540702344,-0.02418458932673287,19,9,2.0,55.0,0.38930348258706465,0.055970149253731345,0.1766,665,2690,0.1,0.15,30
20,10,false,,0.10203355119276852,0.09974499317199755,0.0012086983079800245,7,1,1.0,19.0,0.5023419203747073,0.0,0.249,666,2691,0.1,0.15,30
30,15,false,,0.07893706413721069,0.10368276215569525,0.025484153937648038,18,25,2.0,28.0,0.5617977528089888,0.09784644194756555,0.1732,666,2691,0.1,0.15,30
40,20,false,,0.5638154678171757,0.06374948670032278,-0.4922028441771551,2,1,1.0,13.0,0.06675843083275981,0.0,0.0602,666,2691,0.1,0.15,30
50,25,false,,0.14527006615452,0.06672755355693485,-0.0676773416121728,5,5,1.0,16.0,0.24981245311327832,0.0,0.0432,666,2691,0.1,0.15,30
60,30,false,,0.08511637326522334,0.08002065340209231,-0.003999591563377529,17,17,3.0,27.0,0.41935483870967744,0.04714640198511166,0.026,666,2691,0.1,0.15,30
20,10,false,,0.11838089399713057,0.20608089942983765,0.10505930804803185,13,16,1.0,19.0,0.6945593382118994,0.0,0.3074,667,2692,0.1,0.15,30
30,15,false,,0.13165174910941382,0.14912570160001645,0.017346976036159617,16,1,1.0,28.0,0.5321229050279329,0.09951117318435754,0.2708,667,2692,0.1,0.15,30
40,20,false,,0.16768206123534982,0.11937488486743182,-0.054020400277048713,7,3,1.0,38.0,0.39964028776978416,0.07913669064748201,0.2306,667,2692,0.1,0.15,30
50,25,false,,0.13175654351441707,0.19590284104349576,0.07031613540860615,37,45,1.0,49.0,0.6370794559770938,0.08267716535433071,0.2404,667,2692,0.1,0.15,30
60,30,false,,0.13804841635206333,0.1411470194313441,0.007526262091554714,21,21,2.0,52.0,0.5351089588377724,0.1162227602905569,0.0976,667,2692,0.1,0.15,30
20,10,true,,0.10060815370386712,0.25615514237341847,0.1685285635524807,14,16,1.0,19.0,0.763724808895066,0.0,0.2952,668,2693,0.1,0.15,30
20,10,false,,0.14472419242534076,0.23391666995930238,0.124313449509242,13,16,1.0,19.0,0.6399739583333334,0.0,0.277,669,2694,0.1,0.15,30
30,15,false,,0.16515886424883197,0.10713213630491791,-0.07168233154405404,10,3,1.0,23.0,0.26728257406817457,0.0012742911755336094,0.2704,669,2694,0.1,0.15,30
40,20,false,,0.1281701236228837,0.17742191974648383,0.06127557237160239,31,36,2.0,39.0,0.6223628691983122,0.23452883263009847,0.2516,669,2694,0.1,0.15,30
50,25,false,,0.13255984066724144,0.13021724726854605,-0.0039606690060459485,19,7,3.0,47.0,0.48677248677248675,0.09027777777777778,0.2436,669,2694,0.1,0.15,30
60,30,false,,0.21368769873525953,0.13513849932362984,-0.07771623670648456,6,3,1.0,25.0,0.33881064162754304,0.01643192488262911,0.0716,669,2694,0.1,0.15,30
20,10,false,,0.1376655899778006,0.3571953619119535,0.24075489461943503,15,16,2.0,19.0,0.7319619281547436,0.0,0.3146,670,2695,0.1,0.15,30
30,15,false,,0.1127916537037101,0.22024527403724575,0.1140603747545744,24,27,3.0,29.0,0.693069306930693,0.2747524752475248,0.2576,670,2695,0.1,0.15,30
40,20,false,,0.3731390279416995,0.08824679904355368,-0.28389810751269373,4,3,1.0,17.0,0.09949195596951736,0.0,0.2422,670,2695,0.1,0.15,30
50,25,false,,0.14135494903930948,0.10869468825359936,-0.039267362949963455,12,5,1.0,47.0,0.38315874294923447,0.06003223207091055,0.2616,670,2695,0.1,0.15,30
60,30,false,,0.1388111162279174,0.11935328701288246,-0.027258215555668153,20,2,1.0,57.0,0.41468101460415063,0.07263643351268255,0.2144,670,2695,0.1,0.15,30
20,10,false,,0.13095197186726726,0.14351524831408582,0.02069216162750165,8,3,1.0,19.0,0.5534388117533097,0.0,0.3016,671,2696,0.1,0.15,30
30,15,true,,0.11354731711062686,0.26848532109559897,0.15830148463400823,24,25,4.099999999999994,29.0,0.7716239316239316,0.23623931623931624,0.2764,671,2696,0.1,0.15,30
20,10,false,,0.1160335998656378,0.3804346663105642,0.26478265183502847,15,16,1.0,19.0,0.7559445178335535,0.0,0.309,672,2697,0.1,0.15,30
30,15,false,,0.1423808970069638,0.12274630314440053,-0.024443902971875583,16,1,1.0,29.0,0.4653123802223074,0.18282866998850134,0.2316,672,2697,0.1,0.15,30
40,20,true,,0.12608579133894257,0.18508052220746898,0.09643376340314891,23,35,3.0,39.0,0.7319552694002033,0.09827177228058286,0.2782,672,2697,0.1,0.15,30
20,10,false,,0.15685679065973895,0.10213092551105485,-0.07806393760734931,7,1,1.0,19.0,0.3675876010781671,0.0,0.2694,673,2698,0.1,0.15,30
30,15,false,,0.1343696173506012,0.09224394480463446,-0.05777919711383103,11,5,1.0,29.0,0.3180993833877403,0.05767138193688792,0.2708,673,2698,0.1,0.15,30
40,20,false,,0.14910391709475143,0.1093581190402547,-0.04807045378209221,13,5,1.0,38.0,0.4041353383458647,0.14661654135338345,0.2726,673,2698,0.1,0.15,30
50,25,true,,0.11569044106550727,0.25398451091273055,0.14007340790149453,43,45,24.0,49.0,0.7799547852298417,0.050489826676714394,0.2562,673,2698,0.1,0.15,30
20,10,true,,0.08361587555042047,0.28040869579469957,0.20021308432529922,14,17,2.0,19.0,0.789736279401283,0.0,0.3002,674,2699,0.1,0.15,30
20,10,false,,0.16414811333997664,0.1349002330270241,-0.04999506792142233,11,1,1.0,19.0,0.4265892223297838,0.0,0.2856,675,2700,0.1,0.15,30
30,15,false,,0.6787700576497069,0.07890814885145622,-0.5988899387929346,2,1,1.0,20.0,0.06327490380504489,0.008550662676357419,0.1798,675,2700,0.1,0.15,30
40,20,false,,0.13336878751640943,0.10870652906241178,-0.02536896744564622,13,3,1.0,38.0,0.4340329835082459,0.12743628185907047,0.269,675,2700,0.1,0.15,30
50,25,false,,0.12332728300282703,0.18161946650113314,0.06908371397143262,37,43,5.0,49.0,0.663820704375667,0.11170401992173604,0.2634,675,2700,0.1,0.15,30
60,30,false,,0.12980031667739264,0.16033399977528995,0.0689373544745399,30,2,1.0,59.0,0.6449247394828251,0.042454650714010035,0.2028,675,2700,0.1,0.15,30
20,10,false,,0.1757694795451563,0.10924250720750454,-0.0970181317173799,6,1,1.0,18.0,0.3336673346693387,0.0,0.2524,676,2701,0.1,0.15,30
30,15,false,,0.12946802387045583,0.13059162922580822,0.01220470194312949,12,3,1.0,28.0,0.5176470588235295,0.0930795847750865,0.2598,676,2701,0.1,0.15,30
40,20,false,,0.12174462923664106,0.4738910487459701,0.3474403529919744,35,37,19.0,39.0,0.8233839632638643,0.22288943836100317,0.2494,676,2701,0.1,0.15,30
50,25,false,,0.13757598608854626,0.13620110405142571,-0.005044666201077991,21,2,1.0,48.0,0.4852575488454707,0.07708703374777975,0.2074,676,2701,0.1,0.15,30
60,30,false,,0.7589370319545513,0.12365233594055372,-0.6366158434991152,2,1,1.0,46.0,0.14266365688487584,0.03927765237020316,0.1132,676,2701,0.1,0.15,30
20,10,false,,0.15032982146857318,0.16837921020160315,0.02228876826908338,10,15,1.0,19.0,0.5432632880098888,0.0,0.303,677,2702,0.1,0.15,30
30,15,false,,0.12472846527424285,0.45030272123808707,0.3225999033518908,26,27,3.0,29.0,0.8201566951566952,0.38924501424501423,0.254,677,2702,0.1,0.15,30
40,20,false,,0.13818620981047597,0.12428153910806515,-0.027704580736822942,29,36,1.0,39.0,0.46382818387339864,0.1303692539562924,0.227,677,2702,0.1,0.15,30
50,25,true,,0.12014779126398908,0.25698336496681917,0.13261612626405325,43,45,4.0,49.0,0.7452033768227168,0.059094397544128936,0.241,677,2702,0.1,0.15,30
20,10,false,,0.11770397082149163,0.1812762143487577,0.08393056596424867,12,16,2.0,19.0,0.6501628664495114,0.0,0.312,678,2703,0.1,0.15,30
30,15,false,,0.12097174350899059,0.12635405861547885,0.021698963942956978,18,21,1.0,29.0,0.5452177149237067,0.11425381466319315,0.2802,678,2703,0.1,0.15,30
40,20,false,,0.15143707949283758,0.1007814316793629,-0.0563990717857773,8,1,1.0,36.0,0.3227124183006536,0.07883986928104575,0.2406,678,2703,0.1,0.15,30
50,25,true,,0.11465990135727466,0.2901493317225949,0.17143597246976072,42,46,8.0,48.0,0.8217895919131412,0.13590415574691128,0.2678,678,2703,0.1,0.15,30
20,10,false,,0.11541509473335539,0.11574604939248848,-0.002454834598169822,9,1,1.0,19.0,0.4962880475129918,0.0,0.274,679,2704,0.1,0.15,30
30,15,false,,0.13683831564324217,0.10503118074610143,-0.053141034830487766,10,1,1.0,28.0,0.425019425019425,0.06099456099456099,0.2514,679,2704,0.1,0.15,30
40,20,false,,0.10628976759116175,0.1396906559270087,0.04330554496023628,29,31,4.0,39.0,0.6553976181329235,0.27890895121014214,0.2738,679,2704,0.1,0.15,30
50,25,false,,0.1314156714999273,0.11531789895034461,-0.01817426799466515,10,2,1.0,34.0,0.41811978771796815,0.07429871114480667,0.2672,679,2704,0.1,0.15,30
60,30,false,,0.1744651363757489,0.11966291740712201,-0.05669207294187552,6,3,1.0,37.0,0.3388263665594855,0.03617363344051447,0.215,679,2704,0.1,0.15,30
20,10,false,,0.14416222430948522,0.11989798786258862,-0.020961935861032465,8,1,1.0,19.0,0.4703296703296703,0.0,0.2628,680,2705,0.1,0.15,30
30,15,false,,0.17199497417876786,0.07194534236949372,-0.10164681522243857,6,5,1.0,19.0,0.1788549937317175,0.0,0.2038,680,2705,0.1,0.15,30
40,20,false,,0.10786450297472878,0.1748057426109587,0.08460218306513863,29,34,2.0,39.0,0.6803708182184603,0.3301088270858525,0.2664,680,2705,0.1,0.15,30
50,25,false,,0.21153455015759373,0.11080964373184787,-0.11000574204966396,5,2,1.0,47.0,0.31981605351170567,0.05936454849498328,0.2328,680,2705,0.1,0.15,30
60,30,true,,0.12100429031846269,0.5049327161052474,0.3837202361645081,53,55,30.0,59.0,0.918111398008115,0.018074511250461084,0.2216,680,2705,0.1,0.15,30
20,10,false,,0.15839578873710936,0.09258923563745265,-0.070266309738344,7,2,1.0,18.0,0.3442126514131898,0.0,0.2866,681,2706,0.1,0.15,30
30,15,false,,0.10895957787094622,0.0878080301196168,-0.03370744958636439,8,5,1.0,28.0,0.4090128755364807,0.09570815450643777,0.2048,681,2706,0.1,0.15,30
40,20,false,,0.34142530746887884,0.06563198352574884,-0.29021562127531275,3,1,1.0,32.0,0.13905522288755823,0.04125083166999335,0.096,681,2706,0.1,0.15,30
50,25,false,,0.8488593150456011,0.06134050265086124,-0.7822321244817179,1,1,1.0,6.0,0.0014847809948032665,0.0,0.0384,681,2706,0.1,0.15,30
60,30,false,,0.26773559890539367,0.07561128068921295,-0.1769650117269245,3,2,1.0,30.0,0.14721723518850988,0.04398563734290844,0.0274,681,2706,0.1,0.15,30
20,10,false,,0.14808988184428795,0.12651597638690526,-0.01594252327069673,7,3,1.0,18.97499999999991,0.4547158026233604,0.0,0.313,682,2707,0.1,0.15,30
30,15,false,,0.12227165938617068,0.13746216101738987,0.02410607676322689,22,26,2.0,29.0,0.551076187222412,0.19986334130509054,0.2388,682,2707,0.1,0.15,30
40,20,false,,0.12402377655630367,0.14226841852359684,0.04498294805056452,27,36,1.0,39.0,0.5891249549873965,0.21570039611091105,0.2582,682,2707,0.1,0.15,30
50,25,true,,0.12996564701052774,0.23377280396278674,0.11289360927028635,41,46,23.0,49.0,0.7632021527077026,0.13891691893710056,0.2532,682,2707,0.1,0.15,30
20,10,false,,0.15918724792164904,0.1267450550726913,-0.04704699641075452,8,4,1.0,18.0,0.39855508729680916,0.0,0.3322,683,2708,0.1,0.15,30
30,15,false,,0.12625011105207776,0.1441702378323706,0.036551018870022656,19,25,2.0,29.0,0.5864539238033214,0.1566265060240964,0.2904,683,2708,0.1,0.15,30
40,20,false,,0.16477070982672049,0.1201674978699803,-0.04978018747328318,11,4,1.0,38.0,0.39493399928647877,0.11095255083838744,0.2402,683,2708,0.1,0.15,30
50,25,true,,0.1272194212719028,0.2053346985257132,0.09495147532716275,32,45,4.0,49.0,0.7117585848074922,0.1588622962192161,0.2424,683,2708,0.1,0.15,30
20,10,true,,0.14240798807937405,0.3941299717336328,0.2626199068914854,14,14,3.0,19.0,0.7640547625983105,0.0,0.3296,684,2709,0.1,0.15,30
20,10,true,,0.10681051955909081,0.23205602709494244,0.14084869285844143,14,15,2.0,19.0,0.7784995128288406,0.0,0.3066,685,2710,0.1,0.15,30
20,10,false,,0.08769608870363957,0.6912709441873678,0.6008534594614635,16,17,2.0,19.0,0.8994994224104736,0.0,0.265,686,2711,0.1,0.15,30
30,15,false,,0.09567039777680843,0.6452190714852027,0.5473875216266764,25,27,13.0,29.0,0.9431021044427124,0.28565861262665626,0.2852,686,2711,0.1,0.15,30
40,20,false,,0.14903769280022858,0.09576912914495972,-0.0666100840941517,9,2,1.0,37.0,0.3513859275053305,0.08059701492537313,0.2072,686,2711,0.1,0.15,30
50,25,false,,0.11480523305034449,0.15844082400823573,0.05020037316231751,36,40,19.0,48.0,0.6443338437978561,0.24846860643185298,0.2758,686,2711,0.1,0.15,30
60,30,false,,0.11693582309590221,0.16862110102619418,0.05768940982833842,48,49,27.39999999999999,59.0,0.695834925487199,0.07680550248376003,0.2634,686,2711,0.1,0.15,30
20,10,false,,0.08255680496565218,0.8379685872976969,0.7435316776725961,16,16,11.0,19.0,1.0,0.0,0.2684,687,2712,0.1,0.15,30
30,15,false,,0.5107699747346802,0.07416223326152206,-0.44252016703698827,3,1,1.0,27.0,0.17166589755422243,0.0267651130595293,0.2142,687,2712,0.1,0.15,30
40,20,false,,0.14786522156402956,0.10717866493755729,-0.045612102467623046,8,5,1.0,36.0,0.4094944037051332,0.10189116171362408,0.2704,687,2712,0.1,0.15,30
50,25,true,,0.11465888180762329,0.21583294351040228,0.1033246087635333,40,46,17.0,49.0,0.7314636957356896,0.1448328851325394,0.254,687,2712,0.1,0.15,30
20,10,false,,0.12900768408279445,0.1792855073129542,0.07400348796061121,13,16,1.0,19.0,0.6298780487804878,0.0,0.3198,688,2713,0.1,0.15,30
30,15,false,,0.1578085050209265,0.11136445465472929,-0.07272174929518194,11,1,1.0,29.0,0.35036496350364965,0.1226972540841154,0.227,688,2713,0.1,0.15,30
40,20,false,,0.12815798605342144,0.1495142076335914,0.03707569742964267,22,3,1.0,38.0,0.593815149409312,0.20083391243919388,0.2502,688,2713,0.1,0.15,30
50,25,false,,0.1362033403321415,0.158328403751282,0.07595031582408143,19,2,1.0,49.0,0.6104810324599139,0.06961282753226437,0.218,688,2713,0.1,0.15,30
60,30,false,,0.1316626696628371,0.21248516347515561,0.07879780418734672,54,55,34.0,59.0,0.6731461483081354,0.020518358531317494,0.1804,688,2713,0.1,0.15,30
20,10,false,,0.14647637648119086,0.13033567049416428,-0.012821185419539985,11,3,1.0,19.0,0.47113594040968343,0.0,0.3004,689,2714,0.1,0.15,30
30,15,false,,0.2538649496826445,0.10226561018070078,-0.16619337273359014,7,2,1.0,27.0,0.2558139534883721,0.03180574555403557,0.2592,689,2714,0.1,0.15,30
40,20,false,,0.12594492051814915,0.12240408013831476,-0.005746241490525966,21,36,1.0,39.0,0.4872291021671827,0.13041795665634676,0.2332,689,2714,0.1,0.15,30
50,25,false,,0.11780745424605708,0.6939544546183218,0.5665208508176202,45,45,11.0,49.0,0.8627935723114957,0.027606098063452822,0.232,689,2714,0.1,0.15,30
60,30,false,,0.14960834644375395,0.11917305590386539,-0.0397994029856559,14,1,1.0,57.0,0.3819607843137255,0.047058823529411764,0.205,689,2714,0.1,0.15,30
20,10,false,,0.14891485827398993,0.30887525274188454,0.18862102383046958,15,17,3.0,19.0,0.7210327455919395,0.0,0.2974,690,2715,0.1,0.15,30
30,15,false,,0.14173513490793688,0.36877246491797155,0.23201940389873804,25,27,2.0,29.0,0.6939820742637645,0.2797695262483995,0.2476,690,2715,0.1,0.15,30
40,20,false,,0.13448433441299412,0.14297764189794104,0.010568478826294553,33,38,4.0,39.0,0.5442955214122263,0.3092513893429225,0.2456,690,2715,0.1,0.15,30
50,25,false,,0.1255563858251725,0.7474130095913759,0.6240075193442454,46,47,41.0,49.0,0.9907481898632341,0.0,0.1964,690,2715,0.1,0.15,30
60,30,false,,0.23256900501346595,0.12249641883817886,-0.11513067408387231,5,4,1.0,15.0,0.2218100890207715,0.000741839762611276,0.0722,690,2715,0.1,0.15,30
20,10,false,,0.1444274783851732,0.17323719153676706,0.04593002817184791,13,1,1.0,19.0,0.5654587006203069,0.0,0.2886,691,2716,0.1,0.15,30
30,15,false,,0.13341147066781703,0.15590722456954148,0.0377597582883456,19,27,1.0,29.0,0.5694444444444444,0.2027116402116402,0.2784,691,2716,0.1,0.15,30
40,20,false,,0.13280477958397308,0.11028897024857476,-0.03098316403101857,18,9,2.0,38.0,0.4231337767923134,0.15077605321507762,0.2546,691,2716,0.1,0.15,30
50,25,false,,0.1570874932419617,0.11830307288782876,-0.04694322816157763,8,4,1.0,46.0,0.3317448680351906,0.03848973607038123,0.2398,691,2716,0.1,0.15,30
60,30,true,,0.1262508031190293,0.1876889954941585,0.06321030679396522,49,52,22.0,58.0,0.7030704815073273,0.07571528262386601,0.2172,691,2716,0.1,0.15,30
20,10,false,,0.12367059856888002,0.6832565268232752,0.5557150108750091,16,17,5.0,19.0,0.882312925170068,0.0,0.2832,692,2717,0.1,0.15,30
30,15,true,,0.12207421583699055,0.2621323134292993,0.15291993039501248,24,26,4.0,29.0,0.7165408373369938,0.2601235415236788,0.2642,692,2717,0.1,0.15,30
20,10,false,,0.15410323467897008,0.10738810229700196,-0.05524768088515086,5,1,1.0,18.0,0.38259325044404974,0.0,0.2712,693,2718,0.1,0.15,30
30,15,false,,0.30988798895634284,0.08020586675043172,-0.22250718022831661,4,2,1.0,23.0,0.17479847263470513,0.0,0.1958,693,2718,0.1,0.15,30
40,20,false,,0.1988017463661899,0.10582818336309455,-0.09481477977363434,6,3,1.0,35.0,0.2805810397553517,0.034021406727828746,0.2488,693,2718,0.1,0.15,30
50,25,false,,0.14833132850389366,0.10651934124309742,-0.05682908125039619,12,1,1.0,48.0,0.30757097791798105,0.1029179810725552,0.2436,693,2718,0.1,0.15,30
60,30,false,,,,,,,,,,,0.0,693,2718,0.1,0.15,30
20,10,false,,0.11751742780408117,0.11102385514952369,-0.006176882411945306,10,15,1.0,19.0,0.4769475357710652,0.0,0.3094,694,2719,0.1,0.15,30
30,15,false,,0.16220620612248332,0.058358661086428856,-0.11174932395901811,7,1,1.0,26.0,0.18693206404154045,0.023366508005192556,0.1538,694,2719,0.1,0.15,30
40,20,false,,0.08825573265385983,0.11555189878948462,0.03330010306557418,27,30,1.0,38.0,0.5779448621553884,0.2711779448621554,0.1154,694,2719,0.1,0.15,30
50,25,false,,0.08504009802466969,0.12971400845983136,0.045796746250483814,41,47,27.0,49.0,0.6636720943290286,0.21953958450308816,0.0856,694,2719,0.1,0.15,30
60,30,false,,0.7072903549538507,0.07060858218440738,-0.6350094283850793,2,1,1.0,4.0,0.0,0.0,0.0302,694,2719,0.1,0.15,30
20,10,true,,0.14039839777242713,0.27647248992996853,0.15345004666729245,13,16,2.0,19.0,0.7691131498470948,0.0,0.3276,695,2720,0.1,0.15,30
20,10,false,,0.08281098174564941,0.42669004860089965,0.34774849093435556,15,17,2.0,19.0,0.725624496373892,0.0,0.2224,696,2721,0.1,0.15,30
30,15,true,,0.09465308876237487,0.4845117155959219,0.3798080370435862,23,25,4.0,29.0,0.8378921962992759,0.21480289621882542,0.2874,696,2721,0.1,0.15,30
20,10,false,,0.12281769801443607,0.08793960569572995,-0.044600962325735904,6,1,1.0,19.0,0.3990015360983103,0.0,0.2676,697,2722,0.1,0.15,30
30,15,true,,0.0865624280014221,0.20958436276989778,0.11899022180485751,23,25,1.0,29.0,0.7015317286652079,0.20656455142231947,0.2046,697,2722,0.1,0.15,30
20,10,false,,0.1090633925253035,0.1501466248620035,0.05322350059160147,10,15,1.0,19.0,0.6269498838367076,0.0,0.306,698,2723,0.1,0.15,30
30,15,false,,0.12087698944508168,0.13842678706902345,0.02677352710651827,16,17,1.0,29.0,0.5874531196726901,0.12205932492328674,0.2872,698,2723,0.1,0.15,30
40,20,false,,0.11807122955676226,0.21112843263317999,0.11199454219102085,28,35,2.0,39.0,0.6714555765595464,0.19432892249527411,0.2606,698,2723,0.1,0.15,30
50,25,false,,0.1203080218718649,0.1484450055850295,0.035905685335800894,34,42,3.0,48.0,0.6165030897855326,0.21046892039258452,0.253,698,2723,0.1,0.15,30
60,30,false,,0.18445750089766524,0.11207564810488885,-0.08083448577095025,7,3,1.0,44.0,0.26537854889589907,0.03746056782334385,0.2044,698,2723,0.1,0.15,30
20,10,false,,0.09267004477923303,0.6567856223955271,0.5790375360466855,16,17,9.0,19.0,0.9532497149372862,0.0,0.261,699,2724,0.1,0.15,30
30,15,true,,0.10969385590635192,0.5072585678438017,0.41252693093994913,23,26,1.0,29.0,0.7661042944785276,0.2473159509202454,0.2726,699,2724,0.1,0.15,30
20,10,false,,0.12466143066813974,0.1620090314167395,0.05547847025396899,13,16,1.0,19.0,0.6029850746268657,0.0,0.2928,700,2725,0.1,0.15,30
30,15,false,,0.1272805229924896,0.11461530607472137,-0.010348394209263798,18,1,1.0,29.0,0.4623248769405528,0.17114729269216206,0.2536,700,2725,0.1,0.15,30
40,20,false,,0.1208586368474307,0.15075834005832517,0.055327053179019245,19,35,1.0,38.0,0.6411111111111111,0.13925925925925925,0.2624,700,2725,0.1,0.15,30
50,25,false,,0.1584366480286734,0.12224865809965904,-0.05182617528044003,14,1,1.0,40.0,0.359457422758101,0.11680482290881689,0.1958,700,2725,0.1,0.15,30
60,30,true,,0.13273054434676695,0.40805644420995035,0.28325929563909846,54,55,45.0,59.0,0.8615768819122369,0.0,0.21,700,2725,0.1,0.15,30
20,10,false,,0.15528311366311826,0.1589643261111436,0.012203990868432303,11,2,1.0,19.0,0.5092948717948718,0.0,0.2916,701,2726,0.1,0.15,30
30,15,false,,0.1386760174877478,0.1176892271168187,-0.03088651394881864,12,4,1.0,27.0,0.40288,0.02976,0.2916,701,2726,0.1,0.15,30
40,20,false,,0.12446589340506038,0.2830577262157866,0.16125526909936116,35,37,1.0,39.0,0.6826554105909439,0.12970069071373752,0.234,701,2726,0.1,0.15,30
50,25,false,,0.13719490344666857,0.10381798449466981,-0.04817820613740022,15,11,2.0,48.0,0.2954287873063846,0.056667925953910084,0.2124,701,2726,0.1,0.15,30
60,30,false,,0.1242949325722204,0.12047930408155401,-0.01586342858124644,45,57,2.0,58.0,0.4466793168880455,0.030360531309297913,0.2364,701,2726,0.1,0.15,30
20,10,false,,0.2305111167211257,0.07759671700995548,-0.1608344657962716,3,1,1.0,17.0,0.2527060782681099,0.0,0.2188,702,2727,0.1,0.15,30
30,15,false,,0.14464325487390806,0.09899971869339595,-0.04991384256580102,7,2,1.0,26.0,0.3531390134529148,0.022795216741405083,0.2652,702,2727,0.1,0.15,30
40,20,false,,0.19208318496086527,0.10461577058208651,-0.1039901444747337,6,1,1.0,37.0,0.3073209975864843,0.06516492357200322,0.2276,702,2727,0.1,0.15,30
50,25,false,,0.3104472066120634,0.1047398388852143,-0.20631818764218535,4,1,1.0,32.0,0.19953703703703704,0.04583333333333333,0.1924,702,2727,0.1,0.15,30
60,30,false,,0.24292873095753675,0.11415083835222603,-0.15461012222714496,5,1,1.0,56.0,0.31612627986348124,0.06612627986348123,0.1974,702,2727,0.1,0.15,30
20,10,false,,0.15151688033579094,0.40975962398003374,0.2752745060239696,15,16,3.0,19.0,0.7351500306184936,0.0,0.297,703,2728,0.1,0.15,30
30,15,false,,0.14059969697928426,0.11333143180841039,-0.030738226871782653,12,3,1.0,29.0,0.4480762683009874,0.10827374872318693,0.2732,703,2728,0.1,0.15,30
40,20,false,,0.332458560927838,0.09271921670220196,-0.25968835053848505,4,2,1.0,34.0,0.11621174524400331,0.03225806451612903,0.206,703,2728,0.1,0.15,30
50,25,true,,0.12307908634998896,0.3389265940220024,0.219084792807735,44,44,21.0,49.0,0.8157417482771128,0.055495103373231776,0.2428,703,2728,0.1,0.15,30
20,10,false,,0.07668058384160295,0.098822105765362,0.024458772704850164,13,15,1.0,19.0,0.5457999155761925,0.0,0.1964,704,2729,0.1,0.15,30
30,15,false,,0.0916807438240147,0.07828722652249896,-0.016865233767786092,12,1,1.0,27.0,0.47962867457452296,0.038164002062919034,0.107,704,2729,0.1,0.15,30
40,20,true,,0.06326315071993054,0.24950306571660585,0.1854995228549313,32,34,20.0,38.0,0.9249408983451537,0.4107565011820331,0.0618,704,2729,0.1,0.15,30
20,10,false,,0.1360234822455916,0.05427513151171862,-0.07798027234724295,5,3,1.0,19.0,0.28278513455788123,0.0,0.201,705,2730,0.1,0.15,30
30,15,false,,0.6899535891474092,0.04936888583683915,-0.6547188975659222,2,1,1.0,24.0,0.17263843648208468,0.008469055374592834,0.0574,705,2730,0.1,0.15,30
40,20,false,,0.07789391905392408,0.08029164755364461,0.009706169319087823,10,11,1.0,24.0,0.5703225806451613,0.0006451612903225806,0.069,705,2730,0.1,0.15,30
50,25,true,,0.06727491981670734,0.09639693192290723,0.03630946941484185,30,36,10.0,40.0,0.7008166295471417,0.3838158871566444,0.04,705,2730,0.1,0.15,30
20,10,false,,0.08571958884973219,0.10896769342692572,0.026254156271394914,11,17,1.0,19.0,0.5885416666666666,0.0,0.2952,706,2731,0.1,0.15,30
30,15,false,,0.1029485524208708,0.10459751422139044,0.016582656445067956,11,2,1.0,29.0,0.5477574750830565,0.06893687707641195,0.2334,706,2731,0.1,0.15,30
40,20,false,,0.12285582113502912,0.1053151291313161,-0.026639916218886922,19,3,1.0,38.0,0.4153069153069153,0.22066822066822067,0.2832,706,2731,0.1,0.15,30
50,25,false,,0.1277885784376743,0.12790222672017684,0.004360929222595414,31,1,1.0,48.0,0.5094412331406551,0.17379576107899808,0.2672,706,2731,0.1,0.15,30
60,30,true,,0.1172556637384718,0.24894576957425002,0.13417936316268447,52,57,16.0,59.0,0.7514600908500974,0.012978585334198572,0.1242,706,2731,0.1,0.15,30
20,10,false,,0.09993075456555547,0.1433645898673908,0.05799433009626305,12,15,1.0,19.0,0.6283154121863799,0.0,0.2956,707,2732,0.1,0.15,30
30,15,false,,0.10675449165744345,0.18372771708626887,0.09914908453130115,22,27,1.0,29.0,0.657518361035949,0.19868573637417858,0.2892,707,2732,0.1,0.15,30
40,20,true,,0.11107362831395891,0.4341152126071021,0.33150849819073325,33,36,2.0,39.0,0.7961086339683826,0.263477908390758,0.2724,707,2732,0.1,0.15,30
20,10,true,,0.0858117141081205,0.33090960547304155,0.24998709509233785,14,16,1.0,19.0,0.760158216468896,0.0,0.2878,708,2733,0.1,0.15,30
20,10,false,,0.13389632919335398,0.2338285037973988,0.13691702964996935,15,18,1.0,19.0,0.6469063816002592,0.0,0.2764,709,2734,0.1,0.15,30
30,15,false,,0.1305135986333173,0.13737588985262414,0.014329746520902645,14,2,1.0,28.0,0.542225201072386,0.11595174262734584,0.2804,709,2734,0.1,0.15,30
40,20,true,,0.124811632499433,0.383160661647556,0.26138038743420744,34,37,4.0249999999999915,39.0,0.8218682114409848,0.16871832005792903,0.26,709,2734,0.1,0.15,30
20,10,false,,0.14953285511241154,0.21542862567270246,0.09742165363859165,13,16,1.0,19.0,0.6276391554702495,0.0,0.294,710,2735,0.1,0.15,30
30,15,false,,0.12491361373019984,0.16798778120500604,0.061519272593667865,22,25,2.0,29.0,0.6211512717536813,0.21184738955823293,0.25,710,2735,0.1,0.15,30
40,20,true,,0.12099157034332965,0.2618911236799037,0.1505217168063517,33,36,2.0,39.0,0.7251936554776836,0.25267428992991514,0.2424,710,2735,0.1,0.15,30
20,10,false,,0.12220654227267645,0.18944578905168555,0.09177792841260046,13,17,2.0,19.0,0.6118157543391188,0.0,0.2948,711,2736,0.1,0.15,30
30,15,false,,0.14894764890554354,0.10731540900923663,-0.04653925421200423,8,4,1.0,28.0,0.392339159538862,0.07288955001859428,0.2344,711,2736,0.1,0.15,30
40,20,false,,0.12195481049284317,0.2154552340746384,0.1162926685889075,28,34,1.0,39.0,0.662156938538848,0.2558948589099343,0.258,711,2736,0.1,0.15,30
50,25,false,,0.12956550515786416,0.13119651078229347,0.00038297654600891184,19,2,1.0,47.0,0.5016169601149838,0.09701760689902983,0.2572,711,2736,0.1,0.15,30
60,30,false,,0.12787030418766845,0.1652325294249427,0.04693049803948124,41,51,6.0,58.0,0.6779317336938154,0.12740790807705304,0.2024,711,2736,0.1,0.15,30
20,10,false,,0.14050974915194328,0.22036638331256184,0.10982316787485763,12,17,1.0,19.0,0.677253478523896,0.0,0.3164,712,2737,0.1,0.15,30
30,15,false,,0.15121519861094757,0.14106861980222052,-0.003626509891160812,14,27,2.0,28.0,0.4899205864386072,0.1078191814294441,0.2748,712,2737,0.1,0.15,30
40,20,false,,0.1360857762883497,0.11459665597980834,-0.03344462264992264,24,38,3.0,38.0,0.3761674718196457,0.24057971014492754,0.2556,712,2737,0.1,0.15,30
50,25,false,,0.1332442779834711,0.15912924055270225,0.04237411207529135,38,46,4.0,49.0,0.5981404958677686,0.07954545454545454,0.2354,712,2737,0.1,0.15,30
60,30,false,,0.14554622018533844,0.1357037304422548,-0.009662209899719831,12,2,1.0,57.0,0.4445578231292517,0.05102040816326531,0.1898,712,2737,0.1,0.15,30
20,10,true,,0.08410891746171248,0.19791343664452352,0.11633214128955742,13,15,1.0,19.0,0.7410812798823097,0.0,0.2992,713,2738,0.1,0.15,30
20,10,false,,0.058705204706613376,0.5123060881009873,0.42702581436318504,15,16,1.0,19.0,0.7857142857142857,0.0,0.1628,714,2739,0.1,0.15,30
30,15,true,,0.06792791519636991,0.17031196422587885,0.10838210204175136,23,25,8.0,29.0,0.7435897435897436,0.19692307692307692,0.1048,714,2739,0.1,0.15,30
20,10,true,,0.1248258965584502,0.307203437564379,0.195100801645584,14,16,2.0,19.0,0.7070512820512821,0.0,0.3168,715,2740,0.1,0.15,30
20,10,false,,0.10226633871611943,0.11295706172450064,0.007448329869017251,12,1,1.0,19.0,0.5148401826484018,0.0,0.257,716,2741,0.1,0.15,30
30,15,false,,0.1201124765572518,0.11918406546493186,0.002828658731878028,10,8,1.0,28.0,0.5070370370370371,0.05814814814814815,0.3,716,2741,0.1,0.15,30
40,20,true,,0.10842245561666364,0.6096720476940962,0.4923365238393064,34,35,13.0,39.0,0.9176923076923077,0.2623076923076923,0.2778,716,2741,0.1,0.15,30
20,10,true,,0.11713001535234306,0.28260743351799583,0.17731482256397646,14,15,1.0,19.0,0.7499198461045207,0.0,0.3146,717,2742,0.1,0.15,30
20,10,true,,0.0743560072984112,0.19548261789795993,0.1257241715568072,14,16,4.0,19.0,0.7690623859905145,0.0,0.2978,718,2743,0.1,0.15,30
20,10,false,,0.07986815735534782,0.134655869857508,0.05682396232639702,13,16,1.0,19.0,0.6707410236822001,0.0,0.2624,719,2744,0.1,0.15,30
30,15,false,,0.09822755586943975,0.13551762766148973,0.04817834969150058,17,23,1.0,28.0,0.66220998820291,0.11482500983090838,0.2728,719,2744,0.1,0.15,30
40,20,false,,0.10781876490967451,0.1938747234961547,0.10091437018692397,32,36,2.0,39.0,0.6344216041918581,0.237807335751713,0.259,719,2744,0.1,0.15,30
50,25,true,,0.11514840194515283,0.36686961866351986,0.24741139654558364,42,45,16.0,49.0,0.8758700696055685,0.11214230471771075,0.2798,719,2744,0.1,0.15,30
20,10,false,,0.07100399400673774,0.09870732118625311,0.033456838711121366,11,16,1.0,19.0,0.6013787510137875,0.0,0.2592,720,2745,0.1,0.15,30
30,15,false,,0.09264771420931485,0.07556042323001992,-0.024944411552436208,12,1,1.0,26.0,0.3909217230199166,0.015748031496062992,0.176,720,2745,0.1,0.15,30
40,20,false,,0.1573136184397033,0.06939098226675625,-0.09232606369902588,5,1,1.0,23.0,0.24058823529411766,0.007647058823529412,0.0974,720,2745,0.1,0.15,30
50,25,true,,0.07961909588835228,0.19244949445689452,0.116718593288041,40,42,24.0,48.0,0.8048780487804879,0.23089430894308943,0.0952,720,2745,0.1,0.15,30
20,10,false,,0.1045567167234144,0.34169833582067966,0.24225616520692175,15,16,2.0,19.0,0.7926544240400668,0.0,0.3008,721,2746,0.1,0.15,30
30,15,false,,0.10796772082630939,0.12079395123142672,0.024510619988580923,14,25,1.0,29.0,0.566147859922179,0.12607003891050583,0.2518,721,2746,0.1,0.15,30
40,20,false,,0.12239070610789886,0.14693642844943672,0.03870658206919941,21,26,2.0,39.0,0.5906542056074766,0.18616822429906543,0.2824,721,2746,0.1,0.15,30
50,25,false,,0.15469124495641579,0.12629402118673527,-0.022727729578400413,16,2,1.0,49.0,0.4745425616547335,0.0513126491646778,0.2454,721,2746,0.1,0.15,30
60,30,true,,0.1169608840546822,0.5909316568529207,0.4668576702170649,54,54,41.0,59.0,0.9451243584682195,0.0,0.1932,721,2746,0.1,0.15,30
20,10,true,,0.0983956550330078,0.3081786212000941,0.22729833234613167,13,15,1.0,19.0,0.7610853739245532,0.0,0.3092,722,2747,0.1,0.15,30
20,10,true,,0.05054528763940934,0.19284304398159635,0.14568752548691197,14,16,1.0,19.0,0.731638418079096,0.0,0.1606,723,2748,0.1,0.15,30
20,10,false,,0.13174634275250002,0.12519928360020605,-0.00018687625462919522,9,2,1.0,19.0,0.49967553536664505,0.0,0.3066,724,2749,0.1,0.15,30
30,15,false,,0.3126626102967093,0.09976912179804079,-0.2231916325892188,4,1,1.0,28.0,0.3045977011494253,0.07101806239737274,0.215,724,2749,0.1,0.15,30
40,20,false,,0.12058011121739468,0.13312709086203528,0.02242505954570015,26,1,1.0,39.0,0.5605001838911364,0.23758734828981243,0.2676,724,2749,0.1,0.15,30
50,25,false,,0.12076804034794958,0.1741863402828027,0.07301109104152133,36,44,2.0,48.0,0.6441491325212255,0.13104466592838687,0.2448,724,2749,0.1,0.15,30
60,30,true,,0.12431220984628638,0.5422855138286518,0.4210148580017213,54,54,23.0,59.0,0.9431514689049981,0.00534147272033575,0.178,724,2749,0.1,0.15,30
20,10,false,,0.12513412437980392,0.2229818690725361,0.12088997786684169,13,16,1.0,19.0,0.6436903499469777,0.0,0.2702,725,2750,0.1,0.15,30
30,15,false,,0.11828525306184398,0.1615892717441651,0.06109682057974486,24,26,1.0,29.0,0.6125258086717137,0.23193392980041294,0.2648,725,2750,0.1,0.15,30
40,20,false,,0.14958185347044872,0.10165171788923888,-0.055868069241823706,12,2,1.0,36.0,0.26088574618533683,0.02530703386676591,0.261,725,2750,0.1,0.15,30
50,25,false,,0.12754263805149718,0.1232602350897839,0.006742821489986811,18,45,2.0,48.02500000000009,0.5220149253731343,0.025,0.223,725,2750,0.1,0.15,30
60,30,false,,0.12112439205612775,0.7623758115637104,0.6389881199661415,55,56,36.0,59.0,0.9634295002031694,0.01828524989841528,0.1926,725,2750,0.1,0.15,30
20,10,false,,0.08553970134667899,0.39640631873363347,0.30215419928227916,16,16,3.0,19.0,0.7851937092443422,0.0,0.274,726,2751,0.1,0.15,30
30,15,false,,0.12149408534187355,0.10578946105125445,-0.00921823050293226,9,4,1.0,28.0,0.48290766208251473,0.07229862475442043,0.2898,726,2751,0.1,0.15,30
40,20,false,,0.11659435113848104,0.2184200306305567,0.12943720045228088,28,34,1.0,38.0,0.6955088586732592,0.21714050267820353,0.2734,726,2751,0.1,0.15,30
50,25,true,,0.11444979246316887,0.5513311571000302,0.43053072006945114,42,45,9.0,49.0,0.8671933784800602,0.0673438675696012,0.2662,726,2751,0.1,0.15,30
20,10,false,,0.04316696098103269,0.36576514012187367,0.34159710920482794,16,17,2.0,19.0,0.8575788402848423,0.0,0.1402,727,2752,0.1,0.15,30
30,15,false,,0.060588697598423974,0.6789171594011378,0.6263163853131116,25,26,2.0,29.0,0.8888245512449334,0.2617255356108859,0.084,727,2752,0.1,0.15,30
40,20,false,,0.6334868903409141,0.051927689591286096,-0.5886623647162892,1,1,1.0,4.0,0.0,0.0,0.0356,727,2752,0.1,0.15,30
50,25,false,,0.06265001937007288,0.7773151164385598,0.7005226340597879,45,48,38.0,49.0,1.0,0.0,0.0246,727,2752,0.1,0.15,30
60,30,true,,0.19508655295793043,0.2494297939520353,0.06300534936122217,27,27,19.15,32.849999999999994,0.8181818181818182,0.5681818181818182,0.0042,727,2752,0.1,0.15,30
20,10,true,,0.11499032069534446,0.23188740454420398,0.1293926495775253,14,16,2.0,19.0,0.7369250157529931,0.0,0.3232,728,2753,0.1,0.15,30
20,10,false,,0.11694198680918633,0.15181386920621112,0.04288455202737041,12,16,1.0,19.0,0.5617529880478087,0.0,0.2946,729,2754,0.1,0.15,30
30,15,false,,0.12719946651461633,0.074106281322,-0.06384804028854901,8,2,1.0,27.0,0.35998193315266486,0.03929539295392954,0.1482,729,2754,0.1,0.15,30
40,20,false,,0.2949958059906668,0.061271681594500776,-0.2156566797726,3,1,1.0,16.0,0.1500306184935701,0.0,0.0734,729,2754,0.1,0.15,30
50,25,false,,0.08287830282179127,0.33745821554408467,0.2626974379169068,45,46,30.0,49.0,0.9134670487106017,0.098567335243553,0.081,729,2754,0.1,0.15,30
60,30,true,,0.0785028808304517,0.3942837491560809,0.3128245246133329,54,56,45.0,59.0,0.9738872403560831,0.0,0.0602,729,2754,0.1,0.15,30
20,10,false,,0.10091518907278785,0.22269977409085523,0.12942884919064618,14,15,1.0,19.0,0.6950306330837305,0.0,0.3078,730,2755,0.1,0.15,30
30,15,true,,0.12289439364129821,0.19264332959896813,0.11474516497566375,20,26,2.0,29.0,0.7200399467376831,0.15912117177097204,0.297,730,2755,0.1,0.15,30
20,10,true,,0.13038571517839345,0.23847439339624954,0.1445532819781653,14,16,2.0,19.0,0.7110909640374735,0.0,0.3162,731,2756,0.1,0.15,30
20,10,true,,0.10839225901777033,0.21053599219539845,0.12164617073290761,11,16,1.0,19.0,0.7531260019236935,0.0,0.322,732,2757,0.1,0.15,30
20,10,false,,0.08771879103341795,0.42829627921380486,0.3327652414500955,16,17,3.0,19.0,0.8668596237337193,0.0,0.2744,733,2758,0.1,0.15,30
30,15,false,,0.1394167348862878,0.09485383442228953,-0.061441231850231225,6,1,1.0,29.0,0.4175824175824176,0.1401098901098901,0.1634,733,2758,0.1,0.15,30
40,20,false,,0.11773593799843173,0.3364687457124384,0.23134787569101525,31,35,1.0,39.0,0.6806324110671936,0.2225296442687747,0.2848,733,2758,0.1,0.15,30
50,25,false,,0.11670576591475064,0.1342401094492498,0.02516111329291658,30,38,3.0,48.0,0.5797831138652207,0.16769945778466305,0.2662,733,2758,0.1,0.15,30
60,30,false,,0.15056022183166687,0.11449484345298416,-0.031024791562420474,7,5,2.0,21.0,0.35427807486631013,0.0066844919786096255,0.057,733,2758,0.1,0.15,30
20,10,false,,0.16075064294038235,0.08367010405214895,-0.08321518647146628,5,2,1.0,19.0,0.4137658227848101,0.0,0.2202,734,2759,0.1,0.15,30
30,15,false,,0.08025981716169811,0.13194466609014338,0.06428336930083416,21,25,2.0,29.0,0.6274509803921569,0.13502673796791445,0.17,734,2759,0.1,0.15,30
40,20,false,,0.12463920495604976,0.11341782677061898,-0.002586081283709324,12,4,1.0,38.0,0.4937603993344426,0.15931780366056572,0.2738,734,2759,0.1,0.15,30
50,25,false,,0.2622499334340993,0.09810300891225275,-0.17518970201967915,5,3,1.0,24.824999999999818,0.17482817869415807,0.009450171821305841,0.2388,734,2759,0.1,0.15,30
60,30,false,,0.1172280606665836,0.13801309901859066,0.03406519050785661,41,46,3.0,57.0,0.6,0.10286885245901639,0.2132,734,2759,0.1,0.15,30
20,10,false,,0.07713193462664045,0.4021991548008443,0.3140702224322148,15,15,1.0,19.0,0.8042013476020611,0.0,0.2692,735,2760,0.1,0.15,30
30,15,false,,0.10401164067135454,0.12435983123188551,0.041297044518199544,12,2,1.0,27.0,0.5977138643067846,0.045722713864306784,0.2874,735,2760,0.1,0.15,30
40,20,true,,0.10651119499814453,0.48950699599058356,0.37875666833327004,34,36,14.0,39.0,0.8873517786561265,0.3011857707509881,0.2842,735,2760,0.1,0.15,30
20,10,true,,0.04083181918012925,0.14689923942689556,0.0983121176851842,13,15,3.0,19.0,0.7850646242221159,0.0,0.1452,736,2761,0.1,0.15,30
20,10,true,,0.13560756063845572,0.33019960390023384,0.20280155339005632,14,16,3.0,19.0,0.8151130380922886,0.0,0.319,737,2762,0.1,0.15,30
20,10,false,,0.12447646826280392,0.35328178038693747,0.23734815147188945,13,16,1.0,19.0,0.6313032089063523,0.0,0.2846,738,2763,0.1,0.15,30
30,15,false,,0.24355436938537967,0.10729457885653286,-0.1485828223764359,4,1,1.0,27.0,0.2831513260530421,0.038611544461778474,0.247,738,2763,0.1,0.15,30
40,20,false,,0.30055246933681684,0.11184140693012935,-0.1828456143379874,4,2,1.0,37.0,0.3046608563849943,0.09397499052671467,0.227,738,2763,0.1,0.15,30
50,25,false,,0.1253441206690047,0.145846945756132,0.022508287537407523,33,31,13.0,48.0,0.5947891669523483,0.2752828248200206,0.2524,738,2763,0.1,0.15,30
60,30,true,,0.1286183353899571,0.33444502801679865,0.19632242284788304,53,56,12.0,59.0,0.7271006813020439,0.036336109008327025,0.1562,738,2763,0.1,0.15,30
20,10,true,,0.08032813676427833,0.3138300082995948,0.23832579724722647,14,15,2.0,19.0,0.7631096442977631,0.0,0.2938,739,2764,0.1,0.15,30
20,10,false,,0.07141530358127349,0.3876839718866619,0.3116460716006497,15,16,4.0,19.0,0.8398058252427184,0.0,0.2926,740,2765,0.1,0.15,30
30,15,false,,0.10249532384307938,0.12204867931408057,0.02993846616897801,14,2,1.0,28.0,0.5761923226056611,0.0957735556417216,0.2946,740,2765,0.1,0.15,30
40,20,false,,0.11445651101287091,0.17614379622424753,0.08239208560991729,28,35,2.0,39.0,0.6598393574297189,0.19558232931726907,0.2736,740,2765,0.1,0.15,30
50,25,true,,0.1119296007807718,0.5154880168248673,0.39944189448809875,43,42,31.0,49.0,0.9043336058871627,0.050695012264922325,0.271,740,2765,0.1,0.15,30
20,10,false,,0.09035049644829093,0.10835757813639812,0.02421474946850613,10,15,1.0,19.0,0.5659635323560959,0.0,0.3006,741,2766,0.1,0.15,30
30,15,false,,0.10252094486524295,0.0933948994113115,-0.00990176752033109,12,1,1.0,29.0,0.47713342762847716,0.1305987741631306,0.1832,741,2766,0.1,0.15,30
40,20,true,,0.10453057597885082,0.5741449585145352,0.4848391053708337,34,35,14.950000000000003,39.0,0.9003751563151313,0.29970821175489787,0.2694,741,2766,0.1,0.15,30
20,10,false,,0.0826740385787556,0.161147251160637,0.07326189094688346,14,17,2.0,19.0,0.6611356932153393,0.0,0.2788,742,2767,0.1,0.15,30
30,15,true,,0.08387614563367939,0.18896414428545527,0.11175849352129928,20,25,4.0,29.0,0.7030527289546716,0.1683626271970398,0.1986,742,2767,0.1,0.15,30
20,10,false,,0.07472166504043286,0.08026008629353606,0.005624611811026595,11,17,1.0,19.0,0.515139116202946,0.0,0.227,743,2768,0.1,0.15,30
30,15,false,,0.16407436546611054,0.0917562008376708,-0.08503115228265823,6,2,1.0,28.0,0.33514644351464434,0.06527196652719665,0.24,743,2768,0.1,0.15,30
40,20,false,,0.24262720630342197,0.09323749641108789,-0.1575827667769955,6,3,1.0,37.0,0.2599231754161332,0.058898847631242,0.2446,743,2768,0.1,0.15,30
50,25,false,,0.12054421989483809,0.15908261823690498,0.060403520249949494,34,45,2.0,48.0,0.6359411309062742,0.08133230054221534,0.2854,743,2768,0.1,0.15,30
60,30,false,,0.30512073707942017,0.10545807045634195,-0.20840685182085877,5,2,1.0,22.0,0.1962864721485411,0.014146772767462422,0.2072,743,2768,0.1,0.15,30
20,10,true,,0.115751967834428,0.2449881815661948,0.1346822454258268,14,16,2.0,19.0,0.7330006238303182,0.0,0.3104,744,2769,0.1,0.15,30
20,10,false,,0.15262415801783938,0.12571205300564522,-0.031123318915200898,9,2,1.0,19.0,0.44255713403335395,0.0,0.296,745,2770,0.1,0.15,30
30,15,false,,0.1567972981719105,0.08893472788949064,-0.08381704127880507,8,5,1.0,27.0,0.26599443671766343,0.03546592489568846,0.262,745,2770,0.1,0.15,30
40,20,false,,0.14488118641609896,0.0833327692600548,-0.0685301794481874,14,3,1.0,38.0,0.29806070826306913,0.0581787521079258,0.205,745,2770,0.1,0.15,30
50,25,false,,0.1308320542183719,0.14419757954413945,0.03582270739340654,34,44,2.0,49.0,0.5412311265969802,0.06504065040650407,0.2576,745,2770,0.1,0.15,30
60,30,false,,0.13838466812811565,0.11142340995348872,-0.03350191151558983,23,3,1.500000000000007,58.0,0.39943112555871596,0.11783827712312069,0.2492,745,2770,0.1,0.15,30
20,10,true,,0.12575233454928006,0.3086792296045236,0.20969562901214794,14,18,1.0,19.0,0.7173038229376257,0.0,0.3004,746,2771,0.1,0.15,30
20,10,false,,0.1302278349828725,0.11766768874469902,-0.011468046662615264,11,1,1.0,19.0,0.47470039946737685,0.0,0.2844,747,2772,0.1,0.15,30
30,15,false,,0.17118776746111772,0.07896210616602725,-0.10125642750673403,6,1,1.0,26.0,0.21153065367438084,0.022736500203004467,0.2282,747,2772,0.1,0.15,30
40,20,false,,0.11618515568063774,0.12253479180661213,0.015708095663037783,24,35,2.0,38.0,0.5605536332179931,0.2041522491349481,0.26,747,2772,0.1,0.15,30
50,25,false,,0.25557654863299245,0.0994822131648362,-0.16439648188492195,6,1,1.0,42.0,0.17946577629382304,0.020868113522537562,0.2424,747,2772,0.1,0.15,30
60,30,false,,0.18214169236765207,0.10718753052394087,-0.0798928473392588,9,5,1.0,53.0,0.27887197851387646,0.06893464637421665,0.1908,747,2772,0.1,0.15,30
20,10,false,,0.1436501848095459,0.05541472614950407,-0.09961895740918969,4,1,1.0,18.0,0.26025032369443246,0.0,0.1748,748,2773,0.1,0.15,30
30,15,false,,0.06463616318236289,0.11648027414104849,0.06011243563755813,13,28,1.0,29.0,0.6177351707609346,0.16177351707609347,0.1032,748,2773,0.1,0.15,30
40,20,true,,0.07116995605048296,0.16196896213006118,0.09571772892565636,27,6,3.0,38.575000000000045,0.7057613168724279,0.25308641975308643,0.049,748,2773,0.1,0.15,30
20,10,false,,0.5981103446096842,0.06804741181067786,-0.5275406659932509,2,1,1.0,16.0,0.08643006263048017,0.0,0.2022,749,2774,0.1,0.15,30
30,15,false,,0.26006166318723606,0.08189524604039211,-0.19765922124819707,6,1,1.0,29.0,0.30474989491382937,0.11979823455233292,0.2164,749,2774,0.1,0.15,30
40,20,false,,0.1212471359271693,0.106524197260969,-0.01071303648736801,15,5,2.0,38.0,0.4631317315658658,0.14664457332228667,0.255,749,2774,0.1,0.15,30
50,25,true,,0.11473915408471753,0.20846044334862873,0.09562817244604453,41,47,16.0,49.0,0.725141471301536,0.09498787388843978,0.2808,749,2774,0.1,0.15,30
20,10,false,,0.13536082599534205,0.14844355281612104,0.018622546717463634,7,1,1.0,19.0,0.5376083188908145,0.0,0.2946,750,2775,0.1,0.15,30
30,15,true,,0.11733281812607464,0.2249958584615999,0.1356272231327308,24,26,3.0,29.0,0.7203302373581011,0.25971792225662194,0.271,750,2775,0.1,0.15,30
20,10,false,,0.0976230945188632,0.4190082099682062,0.3232953765271908,15,16,4.0,19.0,0.8538691464629691,0.0,0.2978,751,2776,0.1,0.15,30
30,15,true,,0.09638264605085349,0.35456413853686164,0.2660832482903921,23,26,2.0,29.0,0.729064039408867,0.23399014778325122,0.242,751,2776,0.1,0.15,30
20,10,false,,0.13715021816178768,0.1426064542899253,0.010509120820637596,11,17,1.0,19.0,0.5186152841280209,0.0,0.317,752,2777,0.1,0.15,30
30,15,false,,0.12071086476336133,0.16639425467113736,0.05133657537096595,23,26,1.0,29.0,0.5761266747868453,0.20665854648802273,0.2188,752,2777,0.1,0.15,30
40,20,false,,0.11894242076420326,0.17080332349155078,0.06217728132486833,27,38,4.0,39.0,0.648109243697479,0.19817927170868346,0.2888,752,2777,0.1,0.15,30
50,25,false,,0.17382028500553834,0.12385391628861754,-0.06633922195203751,7,1,1.0,46.0,0.34421820975797157,0.07837111025739531,0.1974,752,2777,0.1,0.15,30
60,30,false,,0.1405041695331887,0.1393164280061431,0.00024019348676257435,16,2,2.0,56.0,0.502870651806822,0.10739614994934144,0.2098,752,2777,0.1,0.15,30
20,10,false,,0.10680899359965976,0.13489733930366463,0.041222516759376215,8,4,1.0,19.0,0.6104575163398693,0.0,0.3192,753,2778,0.1,0.15,30
30,15,false,,0.14126527763330626,0.11553792356075045,-0.03984494648326764,7,1,1.0,28.0,0.436557557925708,0.10481794777491725,0.2556,753,2778,0.1,0.15,30
40,20,true,,0.11492356926201713,0.3494396537743092,0.24167047908893743,31,35,2.0,39.0,0.7860882572924458,0.3298429319371728,0.2724,753,2778,0.1,0.15,30
20,10,true,,0.1111090060286422,0.27191795395721385,0.17920319939264776,13,15,1.0,19.0,0.7046703296703297,0.0,0.2756,754,2779,0.1,0.15,30
20,10,false,,0.1594813122884054,0.10621977460175885,-0.07123296296005512,6,1,1.0,19.0,0.3593969144460028,0.0,0.2684,755,2780,0.1,0.15,30
30,15,false,,0.11359980166821744,0.19165129841747208,0.09109517279598947,22,25,1.0,29.0,0.6313528990694345,0.19434502505368648,0.268,755,2780,0.1,0.15,30
40,20,false,,0.14401200288524818,0.08342512335652684,-0.07390672522231875,14,4,1.0,38.0,0.31223449447748514,0.1508071367884452,0.2134,755,2780,0.1,0.15,30
50,25,false,,0.11263631691472302,0.08609838232281489,-0.025178151329228488,21,15,2.0,45.0,0.36537564162389174,0.1301913205786281,0.1752,755,2780,0.1,0.15,30
60,30,true,,0.10279902875718741,0.5819133193949593,0.4813393514064117,54,55,27.0,59.0,0.8413547237076648,0.0344622697563874,0.0938,755,2780,0.1,0.15,30
20,10,false,,0.16493109034634457,0.16621648380697446,-0.01439273505839029,10,2,1.0,19.0,0.4763189448441247,0.0,0.3104,756,2781,0.1,0.15,30
30,15,false,,0.18687662470630959,0.11732166076530566,-0.10361274916527369,7,1,1.0,28.0,0.2542144302090357,0.05933917734322319,0.2474,756,2781,0.1,0.15,30
40,20,false,,0.1536944095905886,0.14454819308615693,-0.035203682425784616,27,1,1.0,39.0,0.4721820809248555,0.13764450867052022,0.1894,756,2781,0.1,0.15,30
50,25,false,,0.13947916142861408,0.15048687276917158,0.014160221125233907,35,46,3.0,49.0,0.5370607028753993,0.09456869009584665,0.2288,756,2781,0.1,0.15,30
60,30,false,,0.1442093819006795,0.1673279873238018,0.05144654339378449,34,4,1.0,59.0,0.6646005509641874,0.046831955922865015,0.1852,756,2781,0.1,0.15,30
20,10,false,,0.13777878850067302,0.13628407705354098,-0.005459613248391143,10,3,1.0,19.0,0.49177274138466315,0.0,0.3138,757,2782,0.1,0.15,30
30,15,false,,0.11240555810974316,0.3106326718513998,0.18996134278123583,25,26,2.0,29.0,0.7187271397220191,0.27359180687637163,0.2582,757,2782,0.1,0.15,30
40,20,false,,0.11712838600839132,0.103588124270276,-0.011291181107332432,22,36,2.0,39.0,0.4652806652806653,0.11975051975051976,0.1958,757,2782,0.1,0.15,30
50,25,true,,0.11366760970374008,0.25422610281497626,0.1496480928457667,42,45,24.0,49.0,0.7619969040247678,0.09597523219814241,0.2584,757,2782,0.1,0.15,30
20,10,false,,0.1564804264416064,0.18984203015671655,0.04254632480074243,11,17,1.0,19.0,0.5592105263157895,0.0,0.2926,758,2783,0.1,0.15,30
30,15,false,,0.12424986717025781,0.3727836434827501,0.25922862864016044,24,26,4.0,29.0,0.7,0.26484641638225254,0.2686,758,2783,0.1,0.15,30
40,20,true,,0.12465924560965688,0.28258783363805273,0.16376980581377254,32,34,6.0,39.0,0.7423291492329149,0.2716178521617852,0.2658,758,2783,0.1,0.15,30
20,10,false,,0.08200532917931817,0.4232294471515525,0.34737428459527153,15,17,3.0,19.0,0.8904899135446686,0.0,0.306,759,2784,0.1,0.15,30
30,15,false,,0.10702727127006138,0.1479101335666479,0.05437314868393635,18,26,3.0,29.0,0.6521116678596993,0.14996420901932714,0.2862,759,2784,0.1,0.15,30
40,20,false,,0.11864981932797314,0.132864022645762,0.028482951136233052,19,35,1.0,38.0,0.5845337376800607,0.15883244882486733,0.277,759,2784,0.1,0.15,30
50,25,false,,0.12352439202867514,0.2725858000024762,0.16159830307548703,33,45,1.0,49.0,0.6469843947701391,0.06874736398144243,0.2386,759,2784,0.1,0.15,30
60,30,false,,0.19184575492110745,0.0901181661966331,-0.10476457944276779,8,3,1.0,28.0,0.17689822294022617,0.04281098546042003,0.081,759,2784,0.1,0.15,30
20,10,false,,0.055012416914115445,0.10790880502010468,0.045472933834725164,10,13,1.0,18.0,0.6307550644567219,0.0,0.16,760,2785,0.1,0.15,30
30,15,false,,0.10806193727746985,0.0635608107298413,-0.041678430324297716,5,1,1.0,23.0,0.3589905362776025,0.0012618296529968455,0.078,760,2785,0.1,0.15,30
40,20,false,,0.1625323873962271,0.05949800701894226,-0.113306732417331,3,2,1.0,8.0,0.21168501270110077,0.0,0.0396,760,2785,0.1,0.15,30
50,25,true,,0.0642313787408752,0.4446233092693369,0.3865375428003802,44,44,43.0,49.0,1.0,0.0,0.0212,760,2785,0.1,0.15,30
20,10,false,,0.0374510369345255,0.5910800880428977,0.5402934150948275,16,16,4.0,19.0,0.9156812339331619,0.0,0.1274,761,2786,0.1,0.15,30
30,15,false,,0.05205407339290077,0.08781280454555272,0.03364023158603674,23,26,6.0,29.0,0.6603098927294399,0.14839094159713945,0.0702,761,2786,0.1,0.15,30
40,20,true,,0.032196919462770854,0.11850885691984935,0.08088477306528963,25,19,7.0,30.0,0.9213085764809903,0.3050397877984085,0.0382,761,2786,0.1,0.15,30
20,10,true,,0.09826079601091456,0.21726606698236153,0.12939701075582077,14,16,2.0,19.0,0.7473045822102425,0.0,0.2942,762,2787,0.1,0.15,30
20,10,false,,0.1115559410217818,0.6960076200989198,0.576507903154442,16,18,3.0,19.0,0.9425166491412548,0.0,0.2954,763,2788,0.1,0.15,30
30,15,false,,0.1202934429824819,0.1552322656357,0.04149022318469063,22,24,2.0,29.0,0.5911695315133131,0.16211661611054937,0.2802,763,2788,0.1,0.15,30
40,20,false,,0.12746784161312638,0.11170187490209665,-0.013204794310512413,15,4,2.0,37.0,0.45218978102189783,0.11094890510948906,0.2836,763,2788,0.1,0.15,30
50,25,false,,0.11732737340111929,0.6371111266374432,0.5213877610252446,45,46,26.0,49.0,0.9484126984126984,0.03214285714285714,0.2258,763,2788,0.1,0.15,30
60,30,false,,0.13516498646531278,0.13456609922118687,0.005668937183627459,20,1,1.0,58.0,0.5297470609191307,0.055931599572497326,0.206,763,2788,0.1,0.15,30
20,10,false,,0.11276003911641548,0.5304856205646881,0.4256519592332466,16,17,1.0,19.0,0.7967395074575095,0.0,0.279,764,2789,0.1,0.15,30
30,15,false,,0.12434327413836797,0.11207752990220546,-0.0150646954993965,15,2,1.0,28.0,0.46878344630752766,0.08383874420264002,0.2894,764,2789,0.1,0.15,30
40,20,true,,0.10886027471090369,0.41892899567235725,0.3109949016418966,34,35,12.0,39.0,0.9006875477463713,0.30863254392666156,0.275,764,2789,0.1,0.15,30
20,10,false,,0.13152853391756014,0.09815497403231485,-0.045451015521719915,9,1,1.0,19.0,0.40811287477954145,0.0,0.2736,765,2790,0.1,0.15,30
30,15,true,,0.11132333551144166,0.3994555396607148,0.28916039460371973,24,26,3.0,29.0,0.8624914908100749,0.2079646017699115,0.2808,765,2790,0.1,0.15,30
20,10,true,,0.10435863318784928,0.33822745437452795,0.24376745556283852,14,16,1.0,19.0,0.7863621095062143,0.0,0.2966,766,2791,0.1,0.15,30
20,10,false,,0.11556795472642037,0.21394942162790873,0.11347535850646506,13,15,2.0,19.0,0.6829727187206021,0.0,0.3084,767,2792,0.1,0.15,30
30,15,true,,0.10943136182186822,0.38018268056356536,0.2796364756622698,22,26,1.0,29.0,0.8031971580817051,0.20106571936056838,0.2838,767,2792,0.1,0.15,30
20,10,false,,0.06706061222492289,0.23989580747363332,0.17482270796881105,15,17,1.0,19.0,0.8047001620745543,0.0,0.2538,768,2793,0.1,0.15,30
30,15,true,,0.0919375230538494,0.151451559901521,0.06977029406299456,20,26,3.0,29.0,0.7134052388289677,0.1140215716486903,0.2796,768,2793,0.1,0.15,30
20,10,false,,0.0635595216689966,0.5801297864729767,0.5138617067685569,16,16,3.0,19.0,0.8941029900332226,0.0,0.2302,769,2794,0.1,0.15,30
30,15,false,,0.06433774810125438,0.07889969028425067,0.002075187512650234,18,25,1.0,28.0,0.5087336244541485,0.08187772925764192,0.0924,769,2794,0.1,0.15,30
40,20,true,,0.06134774707830194,0.35170685865897805,0.3055600735364719,33,33,27.0,39.0,0.9623621025308241,0.5561323815704088,0.053,769,2794,0.1,0.15,30
20,10,false,,0.06797104378351512,0.3463182291750524,0.27499025817330114,15,16,5.0,19.0,0.9048169556840077,0.0,0.2542,770,2795,0.1,0.15,30
30,15,true,,0.08944945390810859,0.22053385984724497,0.12316462431966764,21,25,2.0,29.0,0.7344632768361582,0.16747376916868442,0.264,770,2795,0.1,0.15,30
20,10,false,,0.12547382002656887,0.13087213185514143,0.01392983390306278,9,1,1.0,19.0,0.5237410071942447,0.0,0.2524,771,2796,0.1,0.15,30
30,15,false,,0.09665699370432448,0.18509661385061016,0.11396675408044725,22,26,2.0,29.0,0.6919967663702506,0.23201293451899757,0.2538,771,2796,0.1,0.15,30
40,20,true,,0.1101482633147452,0.4969010476039779,0.3670605427849345,34,36,12.0,39.0,0.8462132921174652,0.2534775888717156,0.2818,771,2796,0.1,0.15,30
20,10,false,,0.1300741345869516,0.10745364663167764,-0.023559070540796326,8,2,1.0,19.0,0.44613821138211385,0.0,0.2952,772,2797,0.1,0.15,30
30,15,false,,0.10631812389037448,0.1984095677938832,0.10709188188974383,22,26,2.0,29.0,0.673992673992674,0.1879120879120879,0.2794,772,2797,0.1,0.15,30
40,20,false,,0.12028588007200604,0.09595957229314275,-0.03255311864356736,16,7,1.0,37.0,0.4077709611451943,0.1083844580777096,0.2134,772,2797,0.1,0.15,30
50,25,false,,0.13390907500481156,0.11182616788389765,-0.02585251922267298,25,4,1.0,49.0,0.4402107823267126,0.04458856911228212,0.2428,772,2797,0.1,0.15,30
60,30,false,,0.12228826570863116,0.1738553343731863,0.05764544878721054,44,56,5.0,59.0,0.6546849757673667,0.11187399030694668,0.2166,772,2797,0.1,0.15,30
20,10,true,,0.08252393450704675,0.2744225167530595,0.19293998426840403,14,15,4.0,19.0,0.8112491373360938,0.0,0.2958,773,2798,0.1,0.15,30
20,10,false,,0.11187234490905981,0.16520794050002716,0.06727003490487657,11,14,2.0,18.0,0.6715506715506715,0.0,0.3294,774,2799,0.1,0.15,30
30,15,false,,0.1121729070178764,0.21080960869334392,0.11484176575179594,24,27,5.0,29.0,0.6847622613253463,0.2789217521527518,0.2598,774,2799,0.1,0.15,30
40,20,false,,0.11035145976893378,0.4284538261792226,0.3066521788254969,35,36,13.0,39.0,0.7653517690117934,0.23098820658804392,0.2614,774,2799,0.1,0.15,30
50,25,false,,0.11993147866064953,0.20110275205750724,0.08849701591531055,39,47,2.0,48.0,0.685614849187935,0.018561484918793503,0.267,774,2799,0.1,0.15,30
60,30,false,,0.12815025911722522,0.1267115378635797,0.004824118523354633,23,1,1.0,58.0,0.5130718954248366,0.04656862745098039,0.2124,774,2799,0.1,0.15,30
20,10,false,,0.1303459998865474,0.15486817127602198,0.029997083719831966,11,16,1.0,19.0,0.5698517817723115,0.0,0.307,775,2800,0.1,0.15,30
30,15,false,,0.12790362272493674,0.15797322356519308,0.037668561850482646,23,26,3.0,29.0,0.5920155793573515,0.21973385264524506,0.2916,775,2800,0.1,0.15,30
40,20,false,,0.12461244441678526,0.13246146890158966,0.0201657094365017,26,35,2.0,39.0,0.5485141424991049,0.24633011099176513,0.262,775,2800,0.1,0.15,30
50,25,false,,0.12140241506936605,0.613136796479367,0.49119186699727657,45,45,12.0,49.0,0.9263899765074393,0.050509005481597494,0.2348,775,2800,0.1,0.15,30
60,30,false,,0.14068840551675194,0.14606143535574284,0.006052727874993544,26,2,1.0,56.0,0.5318118948824343,0.07261410788381743,0.2272,775,2800,0.1,0.15,30
20,10,false,,0.11241249846594813,0.14969067328344293,0.05262878613999597,11,17,1.0,19.0,0.5951544943820225,0.0,0.296,776,2801,0.1,0.15,30
30,15,true,,0.09960981498457926,0.3443561731103287,0.24251251352075456,23,26,1.0,29.0,0.7686832740213523,0.22182680901542112,0.2674,776,2801,0.1,0.15,30
20,10,false,,0.13128145721462461,0.28006848665573825,0.15187194099186113,13,15,1.0,19.0,0.6764608781776164,0.0,0.2788,777,2802,0.1,0.15,30
30,15,false,,0.12399722080342603,0.1525498456240324,0.04350278077900277,19,25,1.0,29.0,0.6235880398671096,0.14817275747508304,0.3026,777,2802,0.1,0.15,30
40,20,false,,0.16694127023037023,0.10693892254386268,-0.07413704947286925,10,2,1.0,38.0,0.30439560439560437,0.10805860805860806,0.2468,777,2802,0.1,0.15,30
50,25,false,,0.12683456249571748,0.1516582673110557,0.03567823874091022,29,46,7.0,49.0,0.6408624955814776,0.1265464828561329,0.2474,777,2802,0.1,0.15,30
60,30,true,,0.12227730835492594,0.28517241469670734,0.1589226987926188,53,57,30.0,59.0,0.8235959291368262,0.058424425179042595,0.211,777,2802,0.1,0.15,30
20,10,false,,0.10730821668212247,0.13818117582340544,0.0316461586926288,12,17,1.0,19.0,0.5812112869924294,0.0,0.2536,778,2803,0.1,0.15,30
30,15,true,,0.10032788332920985,0.2747504319458046,0.18351610282979716,23,26,3.5249999999999915,29.0,0.7925247902364607,0.22654462242562928,0.278,778,2803,0.1,0.15,30
20,10,true,,0.11212322292170532,0.20109397929761988,0.10774996840059069,11,11,2.0,19.0,0.7264122137404581,0.0,0.335,779,2804,0.1,0.15,30
20,10,false,,0.14186007101443698,0.15063590937700794,0.026564807900987086,12,17,1.0,19.0,0.5421534575307863,0.0,0.311,780,2805,0.1,0.15,30
30,15,false,,0.11292962200241326,0.14956831955980915,0.05140500145947102,22,23,6.0,29.0,0.6002710027100271,0.12127371273712736,0.2944,780,2805,0.1,0.15,30
40,20,false,,0.11721059288065196,0.6627773328228722,0.5450349259473737,36,36,28.0,39.0,0.9802238805970149,0.2455223880597015,0.2502,780,2805,0.1,0.15,30
50,25,false,,0.790092859622785,0.10968651192094583,-0.67871160223668,2,1,1.0,13.0,0.02666666666666667,0.0,0.14,780,2805,0.1,0.15,30
60,30,false,,0.1606712247061639,0.13167061831589594,-0.05437716582724865,25,2,1.0,57.0,0.3918867202449292,0.009950248756218905,0.1538,780,2805,0.1,0.15,30
20,10,false,,0.13201825933879263,0.1844312030016536,0.06919620357112378,13,15,1.0,19.0,0.6514697060587883,0.0,0.3234,781,2806,0.1,0.15,30
30,15,false,,0.13517129995260635,0.12872458677555615,-0.005127315302796476,16,24,1.0,28.0,0.48957988752894477,0.10353953026794575,0.2906,781,2806,0.1,0.15,30
40,20,false,,0.1387001259908798,0.11975665048731907,-0.02209280797786306,11,3,1.0,38.0,0.4507398051245038,0.08191988451822446,0.2428,781,2806,0.1,0.15,30
50,25,true,,0.12302040104192664,0.3577778107281595,0.2336524721027238,44,46,28.0,49.0,0.8189496878442893,0.07455012853470437,0.2348,781,2806,0.1,0.15,30
20,10,true,,0.10935167932832889,0.24129953545080893,0.14658917202876048,14,16,2.0,19.0,0.7417564479268691,0.0,0.3118,782,2807,0.1,0.15,30
20,10,false,,0.10916180336288618,0.47372498380076095,0.366870112978416,16,17,4.0,19.0,0.8721166892808684,0.0,0.2996,783,2808,0.1,0.15,30
30,15,false,,0.6696370584961168,0.061895364814783325,-0.6053154632798108,2,2,1.0,10.0,0.05167322834645669,0.0,0.1456,783,2808,0.1,0.15,30
40,20,false,,0.3671730802237172,0.09597892974333054,-0.2831156132067436,4,2,1.0,36.0,0.25756910925844667,0.060114085125054846,0.2382,783,2808,0.1,0.15,30
50,25,false,,0.15235173457751552,0.10759912923184597,-0.05585985314143828,11,4,1.0,46.125,0.3524279210925645,0.12025796661608498,0.2546,783,2808,0.1,0.15,30
60,30,false,,0.17720973662658393,0.10991687935218486,-0.06675651020976181,8,8,1.0,36.0,0.30657557643040134,0.02134927412467976,0.0984,783,2808,0.1,0.15,30
20,10,true,,0.11409001310989783,0.25377825775021284,0.16550770761632178,12,16,1.0,19.0,0.7187910643889619,0.0,0.3086,784,2809,0.1,0.15,30
20,10,false,,0.0853755012333956,0.5471456189753444,0.4438094350026803,15,15,4.0,19.0,0.8635875402792696,0.0,0.2934,785,2810,0.1,0.15,30
30,15,true,,0.10666129025792309,0.3141044465948937,0.21068855503503325,21,25,1.0,29.0,0.7168377042949449,0.16723679209426073,0.2826,785,2810,0.1,0.15,30
20,10,false,,0.1613091087850009,0.1532297422218323,-0.004213679749904303,9,1,1.0,19.0,0.4916998671978752,0.0,0.2888,786,2811,0.1,0.15,30
30,15,false,,0.13580863798771894,0.2462773742724487,0.13205474466314462,22,24,1.0,29.0,0.6744033998038574,0.18143184047074207,0.2658,786,2811,0.1,0.15,30
40,20,false,,0.13008354687015639,0.2178172200066276,0.08832818093577274,31,36,7.0,39.0,0.6842783505154639,0.2822164948453608,0.2636,786,2811,0.1,0.15,30
50,25,true,,0.13025310607409465,0.2429029617632647,0.12053094740533617,42,46,19.0,49.0,0.7677902621722846,0.10657133129043242,0.2352,786,2811,0.1,0.15,30
20,10,false,,0.0845170426979902,0.4474145814849585,0.3720466181671167,16,16,2.0,19.0,0.862555720653789,0.0,0.2726,787,2812,0.1,0.15,30
30,15,false,,0.09352925367245875,0.14955125338554004,0.08144409745334906,21,26,2.0,29.0,0.6399006622516556,0.18170529801324503,0.246,787,2812,0.1,0.15,30
40,20,false,,0.14991038365425116,0.09827279327274259,-0.05649807823931803,7,4,1.0,35.0,0.33182936833470056,0.05742411812961444,0.2556,787,2812,0.1,0.15,30
50,25,true,,0.10592518198937119,0.2657189668062296,0.15843635155290117,43,47,31.0,49.0,0.7819706498951782,0.05744234800838575,0.2214,787,2812,0.1,0.15,30
20,10,false,,0.17172553814622016,0.11239850991082642,-0.07158280519819558,7,1,1.0,19.0,0.3157725666559589,0.0,0.2824,788,2813,0.1,0.15,30
30,15,false,,0.30555391548070787,0.09752630550524004,-0.21953368865778178,4,1,1.0,17.0,0.18683001531393567,0.0,0.2348,788,2813,0.1,0.15,30
40,20,false,,0.13466781503247852,0.3523521110289193,0.24366672467623876,31,36,1.0,39.0,0.6409774436090225,0.1582706766917293,0.2552,788,2813,0.1,0.15,30
50,25,false,,0.2428779655552605,0.11612826742424304,-0.13951496367133653,5,2,1.0,48.0,0.27845608507286335,0.07562032296179598,0.199,788,2813,0.1,0.15,30
60,30,false,,0.14493357463052925,0.13796403701959017,0.006037398152262813,11,2,1.0,58.0,0.5078841217455079,0.03116978364503117,0.1806,788,2813,0.1,0.15,30
20,10,false,,0.17312046704522768,0.11328295947913877,-0.08070209279217422,8,4,1.0,19.0,0.25468277945619333,0.0,0.2976,789,2814,0.1,0.15,30
30,15,false,,0.13330209549558342,0.13019949535941217,-0.008992700458376093,16,26,1.0,29.0,0.49028006589785833,0.08632619439868204,0.2882,789,2814,0.1,0.15,30
40,20,false,,0.15843385957919995,0.10248056882694366,-0.07644396405241732,11,1,1.0,36.0,0.2816546762589928,0.07266187050359713,0.25,789,2814,0.1,0.15,30
50,25,true,,0.125231606779385,0.5628729725439726,0.4394094932054037,43,46,14.0,49.0,0.8460164344408717,0.0918185066095034,0.2378,789,2814,0.1,0.15,30
20,10,false,,0.13702382349469266,0.11541839826772868,-0.024666102259935763,12,15,2.0,19.0,0.4329896907216495,0.0,0.3098,790,2815,0.1,0.15,30
30,15,false,,0.12174388850645967,0.10249777640411734,-0.022558235124707178,20,26,2.0,29.0,0.45268735806207416,0.15367146101438303,0.2446,790,2815,0.1,0.15,30
40,20,true,,0.11645410502918505,0.5047225292632341,0.3935626107476117,31,34,2.0,39.0,0.7839158211198798,0.3183013904547163,0.244,790,2815,0.1,0.15,30
20,10,true,,0.09125000311624398,0.23728803754482047,0.1494714873819552,13,16,1.0,19.0,0.7046460176991151,0.0,0.2596,791,2816,0.1,0.15,30
20,10,true,,0.04469612352779356,0.18036070092912496,0.13569193608348545,14,16,1.0,19.0,0.7942408376963351,0.0,0.1292,792,2817,0.1,0.15,30
20,10,false,,0.11703349950271981,0.15701835654996069,0.06095467476977377,12,16,1.0,19.0,0.6080944350758853,0.0,0.2902,793,2818,0.1,0.15,30
30,15,true,,0.11548456755006156,0.3590864512108637,0.25027874518854676,23,27,2.0,29.0,0.7550663871418588,0.22396925227113906,0.2766,793,2818,0.1,0.15,30
20,10,false,,0.11908344392460878,0.16192144700034863,0.06188290935198684,13,16,1.0,19.0,0.6285061969993477,0.0,0.3118,794,2819,0.1,0.15,30
30,15,false,,0.11051508369965073,0.19410019811548562,0.10571540235407827,21,25,1.0,29.0,0.6369701726844584,0.1534536891679749,0.2596,794,2819,0.1,0.15,30
40,20,false,,0.10742341126681534,0.5257942255184037,0.4190188574076176,35,35,26.0,39.0,0.9001130795326046,0.29589144364869957,0.2738,794,2819,0.1,0.15,30
50,25,false,,0.11542933561506194,0.6063511375968397,0.48218644811358097,45,45,23.0,49.0,0.8903278025091056,0.04330230675839741,0.266,794,2819,0.1,0.15,30
60,30,false,,0.18913245158020342,0.11079386679046267,-0.08383388025741292,7,4,1.0,26.0,0.2545601945683016,0.022699635184434536,0.1888,794,2819,0.1,0.15,30
20,10,false,,0.08514870432699827,0.11075470130516668,0.03874292937842106,11,16,1.0,18.0,0.6116185604676653,0.0,0.2816,795,2820,0.1,0.15,30
30,15,true,,0.08346919976279432,0.38723401242434363,0.29297885772030763,23,26,1.0,29.0,0.8309370352007932,0.21021318790282598,0.1838,795,2820,0.1,0.15,30
20,10,false,,0.13611512863020037,0.10237428657877791,-0.048298045551421726,8,2,1.0,18.0,0.38543689320388347,0.0,0.2896,796,2821,0.1,0.15,30
30,15,true,,0.1268531396972024,0.2811437524741714,0.17340484814899204,23,26,1.0,29.0,0.7285083248386001,0.17804960924226979,0.2654,796,2821,0.1,0.15,30
20,10,true,,0.05604894631907915,0.23055120819211486,0.1863985759852128,14,16,1.0,19.0,0.7080858839652809,0.0,0.1798,797,2822,0.1,0.15,30
20,10,true,,0.08612865929425165,0.22331971907943887,0.14377947980428102,13,16,1.0,19.0,0.7823204419889502,0.0,0.294,798,2823,0.1,0.15,30
20,10,true,,0.09454492689122183,0.37154386586088484,0.27134478536864837,14,16,2.0,19.0,0.7890382626680456,0.0,0.2946,799,2824,0.1,0.15,30
20,10,true,,0.10188724127174809,0.22492047881719998,0.14633520622300977,13,15,3.0,19.0,0.7525320729237002,0.0,0.3036,800,2825,0.1,0.15,30
20,10,false,,0.12277915969195576,0.09321856487347813,-0.044856211020864,8,1,1.0,19.0,0.42709132770529545,0.0,0.2412,801,2826,0.1,0.15,30
30,15,false,,0.07586804622635675,0.705012734632211,0.6226072524973514,26,26,20.0,29.0,1.0,0.36874702239161505,0.1616,801,2826,0.1,0.15,30
40,20,true,,0.07556647197682678,0.15735218839253873,0.08045932808954015,32,29,17.0,39.0,0.8041025641025641,0.4676923076923077,0.1088,801,2826,0.1,0.15,30
20,10,false,,0.14662960876603187,0.15835308009063034,0.01956733499169333,12,17,1.0,19.0,0.5435992578849722,0.0,0.3054,802,2827,0.1,0.15,30
30,15,false,,0.12964171327753649,0.18376599250491427,0.08651374571360816,22,26,1.0,29.0,0.6033003300330033,0.16435643564356436,0.2736,802,2827,0.1,0.15,30
40,20,false,,0.13608426420643766,0.12688906500210645,-0.009645731171463834,22,2,1.0,39.0,0.4630202958376333,0.2002063983488132,0.2472,802,2827,0.1,0.15,30
50,25,false,,0.1776804039288285,0.11909205572259657,-0.08622245645073622,6,1,1.0,47.0,0.28385899814471244,0.0901669758812616,0.2088,802,2827,0.1,0.15,30
60,30,true,,0.13260860231875068,0.3464850447202077,0.20723566779245675,54,56,12.0,59.0,0.7703416696019725,0.0683339203945051,0.171,802,2827,0.1,0.15,30
20,10,false,,0.053378795859368076,0.704788549533828,0.6355095456629696,17,17,7.225000000000001,19.0,0.988780487804878,0.0,0.1752,803,2828,0.1,0.15,30
30,15,false,,0.05261991958477556,0.10243486172264227,0.04152085193729067,20,18,8.0,29.0,0.6612802983219391,0.20571783716594158,0.0764,803,2828,0.1,0.15,30
40,20,false,,0.20458992552149097,0.05275797232295965,-0.14144480220830136,2,1,1.0,19.0,0.15751575157515751,0.0,0.0278,803,2828,0.1,0.15,30
50,25,false,,0.07212517337089981,0.06479835801542079,0.0024707843258681694,8,9,2.0,14.0,0.5441176470588235,0.0,0.0252,803,2828,0.1,0.15,30
60,30,true,,0.05033998944708766,0.18746425277776052,0.14195986577096803,45,47,32.0,50.0,0.9678899082568807,0.14495412844036698,0.017,803,2828,0.1,0.15,30
20,10,false,,0.09381525841886544,0.13863730771607052,0.06413431137404016,12,17,1.0,19.0,0.6152197213290461,0.0,0.294,804,2829,0.1,0.15,30
30,15,false,,0.11508638765993306,0.13823265659142647,0.039075111077203156,14,1,1.0,29.0,0.5992523364485981,0.1319626168224299,0.2632,804,2829,0.1,0.15,30
40,20,false,,0.11025137914565654,0.13265856017955166,0.027264372937325143,27,37,4.0,38.0,0.5865858279651384,0.22129594543387646,0.2756,804,2829,0.1,0.15,30
50,25,false,,0.11958221911496297,0.1750963821354352,0.06205978224277875,34,46,2.0,49.0,0.6838858905165767,0.1264456437933693,0.2518,804,2829,0.1,0.15,30
60,30,false,,0.13128821953599126,0.13912664004620726,0.03123775952579888,17,2,1.0,59.0,0.5595284872298625,0.02200392927308448,0.2196,804,2829,0.1,0.15,30
20,10,false,,0.16214223115407286,0.11200552763894317,-0.06321870008462735,9,8,1.0,19.0,0.3998158944461491,0.0,0.2922,805,2830,0.1,0.15,30
30,15,false,,0.10370868748910536,0.08900400229780148,-0.021372865935014237,19,22,3.0,29.0,0.45063879210220675,0.13395276809910955,0.223,805,2830,0.1,0.15,30
40,20,false,,0.18766369074358671,0.06261790026960729,-0.1291270423118752,7,8,1.0,16.0,0.11761684643040575,0.0,0.1254,805,2830,0.1,0.15,30
50,25,false,,0.11994659828497509,0.07482763440496851,-0.054015125178441384,10,9,1.0,47.0,0.28656361474435194,0.045778834720570746,0.0868,805,2830,0.1,0.15,30
60,30,true,,0.08193688436099617,0.16760008895263637,0.08883006837214996,48,53,31.0,59.0,0.788750817527796,0.07390451275343361,0.0472,805,2830,0.1,0.15,30
20,10,false,,0.1262928010640677,0.4966110644493647,0.3587611245897773,15,17,2.0,19.0,0.6959790781301078,0.0,0.2854,806,2831,0.1,0.15,30
30,15,false,,0.10933956320132975,0.46582444497517744,0.35593608540686644,25,27,5.0,29.0,0.8577664605311022,0.2888323026555111,0.2698,806,2831,0.1,0.15,30
40,20,false,,0.12182252814845615,0.19959827496925875,0.09715253648383476,31,36,2.0,39.0,0.6751890529348218,0.28555995678790064,0.2574,806,2831,0.1,0.15,30
50,25,true,,0.12735661446435956,0.3965307763358089,0.2705958787325379,44,45,4.0,49.0,0.8126780626780626,0.04095441595441596,0.229,806,2831,0.1,0.15,30
20,10,true,,0.09940573754463107,0.2566684239723796,0.16533922865749298,14,16,1.0,19.0,0.7288373726729891,0.0,0.2818,807,2832,0.1,0.15,30
20,10,false,,0.08960939708757887,0.11760314347269846,0.03593004356949791,12,16,1.0,19.0,0.589086859688196,0.0,0.2866,808,2833,0.1,0.15,30
30,15,false,,0.07819201927112766,0.21248531817456268,0.14001088558244626,20,26,2.0,29.0,0.6966779008184882,0.1998074145402022,0.1814,808,2833,0.1,0.15,30
40,20,true,,0.08285107529696889,0.1770602425844586,0.10403852551286051,32,37,2.0,39.0,0.7548005908419497,0.39241752831117677,0.1114,808,2833,0.1,0.15,30
20,10,false,,0.12608174570132744,0.22547367986313327,0.10928780557800177,10,16,1.0,19.0,0.6743018512707876,0.0,0.314,809,2834,0.1,0.15,30
30,15,false,,0.1205720120839677,0.1349403837293449,0.015820920818140724,20,26,2.0,29.0,0.5367422959701998,0.13206908228919742,0.2912,809,2834,0.1,0.15,30
40,20,false,,0.1713203721323795,0.1059325866887686,-0.07684250500466207,7,3,1.0,28.0,0.308618742943169,0.03387278885961611,0.2506,809,2834,0.1,0.15,30
50,25,false,,0.1393929529082827,0.13317486296599967,0.00795906094025306,16,1,1.0,48.0,0.511552492906364,0.055127685447912446,0.2154,809,2834,0.1,0.15,30
60,30,true,,0.12328908372792227,0.3171873404628979,0.19307495163947483,53,55,37.0,59.0,0.8705373241976199,0.002163721601153985,0.2214,809,2834,0.1,0.15,30
20,10,false,,0.16223176312762114,0.14402975471999913,-0.012328619854706013,9,16,1.0,19.0,0.4766355140186916,0.0,0.2962,810,2835,0.1,0.15,30
30,15,true,,0.1292596926720098,0.31432645892789357,0.1770778218626818,24,27,7.0,29.0,0.7098243331164606,0.24625894599869877,0.2792,810,2835,0.1,0.15,30
20,10,true,,0.12077119939434189,0.257947147140883,0.16418444843471391,14,16,2.0,19.0,0.7430754536771729,0.0,0.2926,811,2836,0.1,0.15,30
20,10,false,,0.11516029222110516,0.6485799014882305,0.541128033529657,16,16,8.0,19.0,0.9301482701812192,0.0,0.3074,812,2837,0.1,0.15,30
30,15,false,,0.10777382147168524,0.4270276320640562,0.31832299788186247,26,28,11.0,29.0,0.872356495468278,0.4176737160120846,0.254,812,2837,0.1,0.15,30
40,20,false,,0.18000553921649573,0.09950691103114069,-0.09566150879451216,6,3,1.0,38.0,0.3143208863356586,0.03693065244152647,0.2452,812,2837,0.1,0.15,30
50,25,true,,0.11717040240210266,0.24981127395224428,0.13606779416214607,40,42,2.0,49.0,0.7337962962962963,0.06944444444444445,0.255,812,2837,0.1,0.15,30
20,10,false,,0.12456099104643173,0.13056679533473023,0.0074134001665872445,12,17,1.0,19.0,0.5126823081800888,0.0,0.304,813,2838,0.1,0.15,30
30,15,false,,0.14734987758448642,0.08146138221032656,-0.0875091520056697,8,3,1.0,28.0,0.29896907216494845,0.07463917525773196,0.2164,813,2838,0.1,0.15,30
40,20,false,,0.09305641139216034,0.11621226286989826,0.029114600710040975,33,34,15.100000000000001,39.0,0.5750577367205543,0.3468822170900693,0.1642,813,2838,0.1,0.15,30
50,25,false,,0.1505514440497742,0.07813764296742919,-0.08068433014790237,9,4,1.0,29.0,0.1893491124260355,0.0457235072619688,0.0932,813,2838,0.1,0.15,30
60,30,false,,0.13060133869988041,0.10070798449718239,-0.03792828505423991,23,20,3.0,58.0,0.3373134328358209,0.10874200426439233,0.2376,813,2838,0.1,0.15,30
20,10,true,,0.07810803534766493,0.1526261107500869,0.09244299319042967,12,17,1.0,19.0,0.700260319821495,0.0,0.2882,814,2839,0.1,0.15,30
20,10,true,,0.09757287014946371,0.35390607876495145,0.26357249167217967,14,16,1.0,19.0,0.7860068259385665,0.0,0.294,815,2840,0.1,0.15,30
20,10,false,,0.11534076360762519,0.097786855144159,-0.015269030999508187,8,1,1.0,19.0,0.44787354158825743,0.0,0.2566,816,2841,0.1,0.15,30
30,15,false,,0.09953339964187312,0.5154598288708842,0.41007134937548373,25,26,3.0,29.0,0.8372283722837228,0.3091430914309143,0.2654,816,2841,0.1,0.15,30
40,20,false,,0.10829819665882634,0.779338902005623,0.6599504222042136,35,36,25.0,39.0,0.9739561802397685,0.29185613890037204,0.258,816,2841,0.1,0.15,30
50,25,false,,0.18041918621486797,0.11533675870686154,-0.07866563941092994,6,4,1.0,48.0,0.3814935064935065,0.01948051948051948,0.2422,816,2841,0.1,0.15,30
60,30,true,,0.11676276204867062,0.19127557294212594,0.0869637021057577,33,55,3.0,57.0,0.7559790732436472,0.1920777279521674,0.2696,816,2841,0.1,0.15,30
20,10,false,,0.14379953795333777,0.31820517433602913,0.17847941835531683,14,17,1.0,19.0,0.6697191697191697,0.0,0.305,817,2842,0.1,0.15,30
30,15,false,,0.12601575078686894,0.202626032706821,0.0902909190015593,22,25,1.0,29.0,0.6104030313468826,0.1922149500516707,0.2708,817,2842,0.1,0.15,30
40,20,false,,0.15499721793078303,0.11776804453573621,-0.04778132789944634,7,2,1.0,35.47499999999991,0.3580015026296018,0.0781367392937641,0.2368,817,2842,0.1,0.15,30
50,25,true,,0.12968908858567865,0.3010935656861063,0.17929197854686768,42,44,15.0,49.0,0.8266529633436108,0.08598835217540253,0.2276,817,2842,0.1,0.15,30
20,10,false,,0.10349707409922584,0.11243801095659028,0.007463340352840776,11,16,1.0,19.0,0.5215924426450742,0.0,0.3022,818,2843,0.1,0.15,30
30,15,true,,0.10216231340740127,0.34807509567145906,0.25702986501952607,22,25,2.0,29.0,0.7824143070044709,0.18368107302533532,0.2942,818,2843,0.1,0.15,30
20,10,false,,0.10030779241720367,0.15527192015180383,0.06513259570969814,10,2,1.0,18.0,0.6491963661774982,0.0,0.277,819,2844,0.1,0.15,30
30,15,false,,0.10761066552695377,0.13485944108312548,0.04511430390367248,21,26,1.0,29.0,0.5899224806201551,0.16395348837209303,0.2704,819,2844,0.1,0.15,30
40,20,true,,0.09590079921151946,0.37770328789860697,0.2653687248471734,34,36,24.0,39.0,0.9036973344797936,0.33963886500429924,0.2182,819,2844,0.1,0.15,30
20,10,false,,0.1157079369262673,0.3188350228762917,0.22940322937842442,15,16,2.0,19.0,0.7906752411575563,0.0,0.3054,820,2845,0.1,0.15,30
30,15,false,,0.10675350727692487,0.4247153904740666,0.3116862586330634,25,26,15.0,29.0,0.8898776418242491,0.30589543937708563,0.2854,820,2845,0.1,0.15,30
40,20,false,,0.5639267705194657,0.09949984345452854,-0.46635564173080346,3,1,1.0,29.0,0.11072961373390558,0.02145922746781116,0.1846,820,2845,0.1,0.15,30
50,25,false,,0.13096762118592056,0.14863974967671142,0.046244132523869816,21,2,1.0,49.0,0.6161013790532985,0.0827431979127842,0.2368,820,2845,0.1,0.15,30
60,30,false,,0.1261008707759518,0.539817923608689,0.4165718943564982,55,55,42.0,59.0,0.8777737359039651,0.0,0.1884,820,2845,0.1,0.15,30
20,10,false,,0.07133598173180891,0.08218784759522389,0.008486608675269826,12,1,1.0,19.0,0.5366084081247048,0.0,0.1618,821,2846,0.1,0.15,30
30,15,false,,0.05412924379610249,0.8522399050014774,0.7836043128161427,27,28,22.0,29.0,1.0,0.5161516853932584,0.0668,821,2846,0.1,0.15,30
40,20,false,,0.06830835349952975,0.07846033133818918,0.02748696617524881,11,6,1.0,26.0,0.6157082748948106,0.016129032258064516,0.055,821,2846,0.1,0.15,30
50,25,false,,0.05952678196690762,0.08909361078363094,0.032197844536971595,18,18,8.0,25.0,0.665296052631579,0.0,0.0414,821,2846,0.1,0.15,30
60,30,false,,0.7695210062285293,0.05847795162738219,-0.7101786566703391,1,1,1.0,5.0,0.0,0.0,0.0128,821,2846,0.1,0.15,30
20,10,false,,0.07379288240969331,0.3629367953865851,0.28839114578274716,15,16,5.0,19.0,0.8730454206999255,0.0,0.295,822,2847,0.1,0.15,30
30,15,true,,0.09921401541234108,0.24474681761703043,0.1655233626721192,21,26,1.0,29.0,0.7806983130639467,0.19340918007061592,0.2748,822,2847,0.1,0.15,30
20,10,false,,0.0970596261289245,0.7507486151506764,0.6406412371484966,16,18,4.0,19.0,0.9283559577677225,0.0,0.267,823,2848,0.1,0.15,30
30,15,false,,0.08386810533892439,0.48376016930031757,0.40661921913521504,26,27,3.0,29.0,0.864816472694718,0.3728737690241719,0.191,823,2848,0.1,0.15,30
40,20,false,,0.09490109006441251,0.10592497926126909,0.025718656802019194,19,36,2.0,38.0,0.571566265060241,0.12867469879518073,0.14,823,2848,0.1,0.15,30
50,25,false,,0.08836015213610787,0.1037612071575321,0.012203478514615923,34,36,1.0,47.0,0.5556756756756757,0.1837837837837838,0.09,823,2848,0.1,0.15,30
60,30,false,,0.09456153468225188,0.09641769815143379,0.009188548877302652,35,14,9.0,55.0,0.5326721120186698,0.08984830805134189,0.072,823,2848,0.1,0.15,30
20,10,false,,0.10889194216706913,0.1588977977387439,0.06878933130826298,11,10,1.0,19.0,0.6612347226574742,0.0,0.3114,824,2849,0.1,0.15,30
30,15,true,,0.11816889977098996,0.2577756778070538,0.1504420115794228,23,26,4.0,29.0,0.7943864229765013,0.1693864229765013,0.2984,824,2849,0.1,0.15,30
20,10,true,,0.07570781673265664,0.25462866577443083,0.18165560579213813,13,14,2.0,19.0,0.8540250447227191,0.0,0.3036,825,2850,0.1,0.15,30
20,10,false,,0.14622354364463636,0.17126792156554363,0.03660679017009365,12,15,1.0,19.0,0.5787022663769016,0.0,0.3238,826,2851,0.1,0.15,30
30,15,false,,0.14739887914680957,0.12032338225799347,-0.038865566284909,12,26,1.0,29.0,0.39080845353908084,0.12881583361288157,0.2706,826,2851,0.1,0.15,30
40,20,false,,0.11915412599711658,0.17696349120144098,0.061303861964442326,32,35,7.0,39.0,0.6224944320712695,0.236822568671121,0.2626,826,2851,0.1,0.15,30
50,25,true,,0.11490873515549531,0.20931197757848563,0.0969665750670544,38,45,9.0,48.0,0.7283046503112413,0.19260344196265106,0.2564,826,2851,0.1,0.15,30
20,10,false,,0.13232152324216168,0.08110943941307623,-0.05863050468207359,6,1,1.0,18.0,0.3369447453954496,0.0,0.2604,827,2852,0.1,0.15,30
30,15,true,,0.08355037924282675,0.1821791673084241,0.11524154621894935,21,26,2.0,29.0,0.7451820128479657,0.1747323340471092,0.2068,827,2852,0.1,0.15,30
20,10,true,,0.09297905803663505,0.46776508789973104,0.3709183103453948,14,15,2.0,19.0,0.8491985606804057,0.0,0.3004,828,2853,0.1,0.15,30
20,10,false,,0.10076155569698206,0.2062182834054316,0.11519411987704078,13,16,1.0,19.0,0.6780704755388299,0.0,0.292,829,2854,0.1,0.15,30
30,15,false,,0.12917012397685498,0.12669177474295906,0.0018698156212704903,10,1,1.0,28.0,0.5125987213238059,0.07295975930801053,0.2306,829,2854,0.1,0.15,30
40,20,true,,0.11788664898801784,0.4052124706278006,0.2952669230709663,32,36,2.0,39.0,0.7326578332034295,0.16406858924395948,0.2678,829,2854,0.1,0.15,30
20,10,false,,0.08602868977961826,0.11822955419036679,0.03889975657584205,10,16,1.0,19.0,0.626178390137781,0.0,0.2708,830,2855,0.1,0.15,30
30,15,false,,0.11523325267269531,0.17521757467503912,0.08885335289101037,21,26,1.0,29.0,0.6612167300380228,0.21787072243346006,0.2604,830,2855,0.1,0.15,30
40,20,false,,0.11705116202696218,0.15948246190867488,0.06249436516444002,28,37,1.0,39.0,0.6555472263868066,0.24250374812593703,0.272,830,2855,0.1,0.15,30
50,25,false,,0.17317623089136838,0.10976153141388915,-0.06880033623209011,7,3,1.0,23.0,0.2919765166340509,0.009001956947162427,0.2456,830,2855,0.1,0.15,30
60,30,false,,0.21866259482851857,0.11559794936937381,-0.1081063149873162,4,1,1.0,22.0,0.2585139318885449,0.010319917440660475,0.1204,830,2855,0.1,0.15,30
20,10,true,,0.08039374364311595,0.21359437663043182,0.1315532915414735,13,16,2.0,19.0,0.7486611924312745,0.0,0.291,831,2856,0.1,0.15,30
20,10,false,,0.09215613667964075,0.10186939029005415,0.01237780342133657,9,1,1.0,19.0,0.5294334069168506,0.0,0.2816,832,2857,0.1,0.15,30
30,15,false,,0.09294445569824202,0.19798121230152893,0.1244840189914646,23,25,4.0,29.0,0.683069224353628,0.2176814011676397,0.26,832,2857,0.1,0.15,30
40,20,true,,0.10904219193689532,0.23117333463101775,0.14131479613788528,31,35,3.0,39.0,0.735765838011227,0.24659182036888533,0.308,832,2857,0.1,0.15,30
20,10,false,,0.131181708438602,0.199211890102721,0.08808437874915488,14,17,2.0,19.0,0.6613251155624037,0.0,0.3256,833,2858,0.1,0.15,30
30,15,false,,0.1172178474489799,0.5343060017487192,0.4177708671142838,25,28,3.0,29.0,0.8483309143686503,0.3468795355587808,0.2578,833,2858,0.1,0.15,30
40,20,false,,0.14182691511322532,0.12193172272697848,-0.015737352458637208,10,5,1.0,37.0,0.4350864288341302,0.06509746230231703,0.2488,833,2858,0.1,0.15,30
50,25,false,,0.1553676052792249,0.12373826313433033,-0.04169517658693092,7,4,1.0,42.05000000000018,0.3603381472349419,0.040507220852412824,0.2226,833,2858,0.1,0.15,30
60,30,true,,0.1320166679963143,0.3083987664412977,0.17696778822809886,53,54,27.0,59.0,0.799861735222952,0.04666436225371587,0.2136,833,2858,0.1,0.15,30
20,10,false,,0.14330290809293827,0.20484823960663218,0.07951503504916281,13,1,1.0,19.0,0.5506879073135409,0.0,0.2328,834,2859,0.1,0.15,30
30,15,false,,0.19860411054111837,0.09179072687975136,-0.12331520135313062,7,2,1.0,28.0,0.27491538172245206,0.0808574652124859,0.228,834,2859,0.1,0.15,30
40,20,false,,0.15317539776391595,0.08540668719055555,-0.08754444483638651,8,1,1.0,33.0,0.19833679833679835,0.11476091476091477,0.2232,834,2859,0.1,0.15,30
50,25,false,,0.24991612947249559,0.08852044791107429,-0.16966073154580563,6,2,1.0,19.0,0.1328492097394276,0.0008543357539513029,0.2184,834,2859,0.1,0.15,30
60,30,false,,0.13474114537997364,0.14067736027404223,0.0124092641252362,39,55,2.0,59.0,0.5211437776882804,0.04389850986709625,0.2128,834,2859,0.1,0.15,30
20,10,true,,0.0969987055493432,0.22370185984897023,0.15308962609479515,13,16,2.0,19.0,0.7820985584981562,0.0,0.2996,835,2860,0.1,0.15,30
20,10,false,,0.06714211524875922,0.40282594748634176,0.3333956920630901,15,16,5.0,19.0,0.8831013916500994,0.0,0.2572,836,2861,0.1,0.15,30
30,15,true,,0.07161627148521217,0.26838919320822524,0.2026873886953216,22,18,5.625000000000007,29.0,0.8371454711802379,0.17703568161024702,0.182,836,2861,0.1,0.15,30
20,10,false,,0.07497872791005908,0.08211031699040133,0.013496406281033144,10,1,1.0,19.0,0.5469314079422383,0.0,0.1776,837,2862,0.1,0.15,30
30,15,true,,0.10019103407942842,0.1748777412157002,0.1011826138015027,19,27,2.0,29.0,0.729957805907173,0.14998082086689682,0.2972,837,2862,0.1,0.15,30
20,10,false,,0.18437580747335144,0.14760207813777637,-0.030976426485874203,6,2,1.0,19.0,0.46504660452729696,0.0,0.2688,838,2863,0.1,0.15,30
30,15,false,,0.1281035609204455,0.7906486501640296,0.6611841527743862,26,27,18.0,29.0,0.9418127564341664,0.4584110406564715,0.244,838,2863,0.1,0.15,30
40,20,false,,0.26873992284184506,0.10390121749348583,-0.17410258185481375,6,2,1.0,36.0,0.13373113373113374,0.028431028431028432,0.216,838,2863,0.1,0.15,30
50,25,true,,0.13115928679159017,0.3959669753889427,0.26603649770316706,44,46,26.0,49.0,0.8417653390742734,0.039468963042698244,0.2186,838,2863,0.1,0.15,30
20,10,false,,0.12284362975270122,0.15963119878327006,0.047630819557322554,10,14,1.0,19.0,0.5914322250639387,0.0,0.2968,839,2864,0.1,0.15,30
30,15,false,,0.11720047941126317,0.1256145970671188,0.018893334068826817,23,26,2.0,29.0,0.5337465564738292,0.20144628099173553,0.2688,839,2864,0.1,0.15,30
40,20,false,,0.11282711695563448,0.19883982428478753,0.08639692223419851,32,36,8.424999999999997,39.0,0.6877282688093499,0.352081811541271,0.27,839,2864,0.1,0.15,30
50,25,false,,0.12845728412023633,0.14864851412950672,0.04827866849494601,30,4,1.0,49.0,0.6012922843025466,0.09768148992778411,0.2498,839,2864,0.1,0.15,30
60,30,false,,0.12122450079671082,0.16492314846402661,0.04491994931859253,43,39,20.0,57.0,0.6551851851851852,0.06777777777777778,0.2082,839,2864,0.1,0.15,30
20,10,false,,0.10600745930989254,0.46742735558555737,0.36072279418971365,15,15,4.0,19.0,0.9035867061533399,0.0,0.306,840,2865,0.1,0.15,30
30,15,true,,0.11266535844227804,0.4599301337788255,0.3476968937943585,24,25,4.0,29.0,0.8473684210526315,0.2635087719298246,0.2722,840,2865,0.1,0.15,30
20,10,false,,0.09064937490516835,0.12059375381935264,0.03793980996516802,11,1,1.0,19.0,0.5464362850971922,0.0,0.2212,841,2866,0.1,0.15,30
30,15,false,,0.12555073894342367,0.06543817739544144,-0.059201018179092645,9,1,1.0,28.0,0.2931910569105691,0.039634146341463415,0.14,841,2866,0.1,0.15,30
40,20,true,,0.08232493224739965,0.1868070946702804,0.1143324482683693,33,35,3.0,39.0,0.7691521961184883,0.31869254341164455,0.1154,841,2866,0.1,0.15,30
20,10,false,,0.09706800534371006,0.171752955809905,0.08184993922821326,11,17,1.0,19.0,0.67493615468807,0.0,0.2484,842,2867,0.1,0.15,30
30,15,false,,0.08158226332491736,0.5630736926468395,0.4785282945075085,26,26,16.0,29.0,0.9661921708185054,0.35320284697508897,0.1998,842,2867,0.1,0.15,30
40,20,false,,0.6905481909855757,0.06823227255629358,-0.6306950516127465,2,1,1.0,12.0,0.07180385288966724,0.0,0.09,842,2867,0.1,0.15,30
50,25,false,,0.10009155349570649,0.08279876122395372,-0.01631731637344644,10,5,1.0,22.0,0.4160714285714286,0.0005952380952380953,0.0884,842,2867,0.1,0.15,30
60,30,false,,0.08717381687039565,0.10511228454767503,0.011227451428622234,37,55,23.0,58.0,0.59,0.22705882352941176,0.061,842,2867,0.1,0.15,30
20,10,false,,0.08572636542064715,0.1066859743405039,0.0330615312824943,10,3,1.0,19.0,0.5842990654205608,0.0,0.2932,843,2868,0.1,0.15,30
30,15,true,,0.09712375782311895,0.3069204647042038,0.2186579177897141,22,26,7.0,29.0,0.8690695108495771,0.17285766826038984,0.3078,843,2868,0.1,0.15,30
20,10,false,,0.10092359840867088,0.22778980503218602,0.13237698264264952,15,16,1.0,19.0,0.7202401978099612,0.0,0.2798,844,2869,0.1,0.15,30
30,15,false,,0.12048041050656162,0.12239447817184226,-0.00022201665578712448,11,8,1.0,28.0,0.49843260188087773,0.06722396377568791,0.275,844,2869,0.1,0.15,30
40,20,false,,0.12463757225834832,0.13339781712736537,0.020145033196917017,28,37,1.0,39.0,0.5432003099573809,0.18713676869430454,0.2426,844,2869,0.1,0.15,30
50,25,false,,0.1197986201323145,0.21931404865911383,0.11241534953852604,40,48,3.0,49.0,0.6964490263459335,0.07407407407407407,0.2434,844,2869,0.1,0.15,30
60,30,false,,0.12696415704856934,0.17685575301979603,0.06438417280279266,38,54,2.0,59.0,0.6043110084680523,0.06581986143187067,0.2282,844,2869,0.1,0.15,30
20,10,false,,0.1266396463202027,0.11631266655003618,-0.018947689954528196,9,17,1.0,19.0,0.4810418727332674,0.0,0.283,845,2870,0.1,0.15,30
30,15,true,,0.09934769048737079,0.18874290190801346,0.09328494670708225,23,26,5.0,29.0,0.7365428354814253,0.21834723275208492,0.2698,845,2870,0.1,0.15,30
20,10,false,,0.11185490794237415,0.07634983039953362,-0.03709251692107832,8,1,1.0,18.0,0.37344398340248963,0.0,0.2692,846,2871,0.1,0.15,30
30,15,false,,0.11270052836001626,0.1351206064834258,0.03670115920974826,18,28,1.0,29.0,0.5840210052513128,0.15303825956489123,0.2754,846,2871,0.1,0.15,30
40,20,false,,0.11469977723160003,0.2461031980732026,0.13591285233596753,32,33,2.0,39.0,0.6868997310795236,0.26892047637341526,0.2646,846,2871,0.1,0.15,30
50,25,true,,0.12177437391468225,0.3868678692988594,0.24691564133436372,41,44,4.0,49.0,0.745393004889056,0.10191801429108688,0.2476,846,2871,0.1,0.15,30
20,10,true,,0.08951030257831663,0.22915487046150207,0.14344551869809213,12,16,2.0,19.0,0.8032447359337246,0.0,0.3,847,2872,0.1,0.15,30
20,10,false,,0.08732236092269192,0.16525258574937418,0.10272171101131691,12,16,1.0,19.0,0.691817215727949,0.0,0.301,848,2873,0.1,0.15,30
30,15,true,,0.09683680958173668,0.35129934606282304,0.265760354082864,22,27,2.0,29.0,0.771551724137931,0.21238244514106583,0.3008,848,2873,0.1,0.15,30
20,10,false,,0.06218297620715668,0.36105964073348235,0.29295168564143104,15,17,2.0,19.0,0.8244435111297774,0.0,0.204,849,2874,0.1,0.15,30
30,15,true,,0.0973677756933937,0.17712617595825972,0.0971503453608249,18,25,1.0,28.0,0.7181335356600911,0.11039453717754173,0.2844,849,2874,0.1,0.15,30
20,10,false,,0.15422663643652296,0.11128991298054824,-0.05413605785247412,7,2,1.0,18.0,0.4034749034749035,0.0,0.3058,850,2875,0.1,0.15,30
30,15,false,,0.12007192773074556,0.24351277822282902,0.13485030572273807,22,26,1.0,29.0,0.6453447050461976,0.2263681592039801,0.2706,850,2875,0.1,0.15,30
40,20,false,,0.14989130020577113,0.11849362090970976,-0.03196949685227034,10,3,1.0,38.0,0.44652701212789414,0.08085262771040058,0.249,850,2875,0.1,0.15,30
50,25,false,,0.1279135474845636,0.16392248095894504,0.056582554120232054,30,44,2.0,48.0,0.6512443042411497,0.13704872064493515,0.2328,850,2875,0.1,0.15,30
60,30,false,,0.12720334541947104,0.16621296730695564,0.04757053333342927,39,56,18.0,58.0,0.6790294627383016,0.21386481802426344,0.2294,850,2875,0.1,0.15,30
20,10,false,,0.48060159554718024,0.05923696615792907,-0.42844375406831453,3,2,1.0,17.0,0.10570662581386442,0.0,0.2112,851,2876,0.1,0.15,30
30,15,true,,0.10572586027906322,0.3572906165076208,0.23585843825025227,24,27,5.0,29.0,0.7724137931034483,0.28888888888888886,0.2798,851,2876,0.1,0.15,30
20,10,true,,0.1085930713402341,0.29447876221961755,0.20689298841136888,14,15,1.0,19.0,0.7583762886597938,0.0,0.305,852,2877,0.1,0.15,30
20,10,false,,0.14068522723666269,0.3603856573573117,0.22983705045060768,15,18,2.0,19.0,0.6986701265001621,0.0,0.2834,853,2878,0.1,0.15,30
30,15,false,,0.14281044778664398,0.1043784444919439,-0.06797163583384383,15,4,1.0,29.0,0.36262626262626263,0.12727272727272726,0.2582,853,2878,0.1,0.15,30
40,20,false,,0.17011849464841974,0.10269402454147106,-0.08058354136947991,7,3,1.0,27.0,0.2515630746598014,0.0316292754689224,0.2464,853,2878,0.1,0.15,30
50,25,true,,0.12397261640132766,0.35731954928980036,0.2332500009864784,43,46,21.0,49.0,0.9272662128269438,0.11035471157291293,0.2256,853,2878,0.1,0.15,30
20,10,false,,0.11444381773895071,0.1308570788588755,0.02556617244679675,11,16,1.0,19.0,0.5558852621167161,0.0,0.287,854,2879,0.1,0.15,30
30,15,false,,0.12936911821629332,0.12360558101871623,0.003780884010655877,14,1,1.0,29.0,0.5075677578317493,0.12706793382611756,0.2752,854,2879,0.1,0.15,30
40,20,false,,0.2010936576154623,0.10289000538860103,-0.09685680727763228,5,2,1.0,17.0,0.21959858323494688,0.0,0.2384,854,2879,0.1,0.15,30
50,25,false,,0.12233701273023864,0.18824639467849233,0.09744332958340263,37,45,3.0,49.0,0.698459280997799,0.02971386647101981,0.2574,854,2879,0.1,0.15,30
60,30,true,,0.12292727576001747,0.4868952215311836,0.3601059553360884,51,55,2.0,59.0,0.8535598705501618,0.042071197411003236,0.1626,854,2879,0.1,0.15,30
20,10,false,,0.08123418586289102,0.1457750705871113,0.07016063607348502,10,15,1.0,19.0,0.6972140762463344,0.0,0.3098,855,2880,0.1,0.15,30
30,15,false,,0.10825436440085139,0.14666251761829108,0.06604411273581835,13,4,1.0,29.0,0.6495946941783346,0.09764185703758291,0.2882,855,2880,0.1,0.15,30
40,20,false,,0.12763135858839936,0.12422629902427755,0.001658255487958095,13,1,1.0,38.0,0.5035862589656475,0.1430728576821442,0.2456,855,2880,0.1,0.15,30
50,25,false,,0.13479768543416165,0.13232000921383805,-0.0009315607063661857,19,5,1.0,48.0,0.4937744574884383,0.08004268943436499,0.2424,855,2880,0.1,0.15,30
60,30,false,,0.13061153774636922,0.13536923858328845,0.007875714781163251,10,3,1.0,31.0,0.5322697606961566,0.09390862944162437,0.2152,855,2880,0.1,0.15,30
20,10,true,,0.09744378104931804,0.2249504384016625,0.12782865230013957,13,15,1.0,19.0,0.7411603158256094,0.0,0.2828,856,2881,0.1,0.15,30
20,10,false,,0.10290989982607932,0.2019269037298884,0.12948518887170019,14,16,1.0,19.0,0.6957698815566836,0.0,0.3012,857,2882,0.1,0.15,30
30,15,false,,0.1065842227872044,0.12698120020100373,0.031906770630057535,18,25,3.0,29.0,0.5941155618574974,0.15774548032612548,0.277,857,2882,0.1,0.15,30
40,20,false,,0.13246140621415706,0.12653353220840838,-0.000175179064868497,11,3,1.0,38.0,0.4990647212869435,0.1331836887392443,0.2602,857,2882,0.1,0.15,30
50,25,false,,0.13490966864046425,0.14303522834711838,0.03854183602427766,12,1,1.0,48.0,0.5660377358490566,0.007075471698113208,0.2166,857,2882,0.1,0.15,30
60,30,false,,0.1786519122841932,0.11898838530284193,-0.06620276069080464,7,2,1.0,20.47499999999991,0.30867544539116964,0.006971340046475601,0.2136,857,2882,0.1,0.15,30
20,10,false,,0.09321160530458687,0.36686606700519625,0.27664840971167937,15,16,2.0,19.0,0.8022743947175348,0.0,0.2954,858,2883,0.1,0.15,30
30,15,true,,0.11023360915276922,0.20083455616502371,0.10405628828998273,21,27,1.0,29.0,0.7030257751214045,0.19051176690324992,0.2932,858,2883,0.1,0.15,30
20,10,true,,0.08976661456485416,0.23359048892241982,0.1511560823879308,14,17,1.0,19.0,0.7202226345083488,0.0,0.2872,859,2884,0.1,0.15,30
20,10,false,,0.14106426104464118,0.1292459263815003,-0.006373714301617706,8,1,1.0,19.0,0.4851799576570219,0.0,0.2702,860,2885,0.1,0.15,30
30,15,false,,0.09828210725733241,0.5859770888351015,0.4990551401285981,25,27,13.0,29.0,0.9568345323741008,0.3213429256594724,0.2762,860,2885,0.1,0.15,30
40,20,false,,0.13974537520376812,0.0820324978988023,-0.07283901569735668,8,3,1.0,29.0,0.24090121317157712,0.04679376083188908,0.2118,860,2885,0.1,0.15,30
50,25,false,,0.12751546040670747,0.5667095365031047,0.45449082658579276,41,46,1.0,49.0,0.696,0.010947368421052631,0.2292,860,2885,0.1,0.15,30
60,30,false,,0.18770826992493753,0.10029340681090214,-0.09002584272827326,7,4,1.0,29.0,0.2214828897338403,0.040399239543726234,0.186,860,2885,0.1,0.15,30
20,10,false,,0.1042462754298718,0.40018831915719144,0.29763670458753805,15,16,3.0,19.0,0.8437197287697772,0.0,0.3086,861,2886,0.1,0.15,30
30,15,true,,0.1117819552117356,0.2564225575384071,0.15436409206159526,23,26,4.0,29.0,0.7718360071301248,0.19215686274509805,0.2968,861,2886,0.1,0.15,30
20,10,false,,0.12169824742004251,0.4374281311290523,0.3156369635994419,16,16,3.0,19.0,0.7680781758957654,0.0,0.3068,862,2887,0.1,0.15,30
30,15,false,,0.1129237288777039,0.09578122547111288,-0.0173382547265529,23,25,1.0,29.0,0.47170573969280516,0.17380759902991108,0.225,862,2887,0.1,0.15,30
40,20,true,,0.09481258621232308,0.21533767877326138,0.12435722375458738,34,36,3.0,39.0,0.7148703956343793,0.24829467939972716,0.1746,862,2887,0.1,0.15,30
20,10,false,,0.08636502896950597,0.5260779667180937,0.43316194230706045,15,16,2.0,19.0,0.8918345705196182,0.0,0.303,863,2888,0.1,0.15,30
30,15,true,,0.09681504213170132,0.23311008907613576,0.13732446310824534,23,25,3.0,29.0,0.8094517958412099,0.2064272211720227,0.2766,863,2888,0.1,0.15,30
20,10,false,,0.11822287906363801,0.5554485066207959,0.4462893696399932,16,17,2.0,19.0,0.8392549154880994,0.0,0.293,864,2889,0.1,0.15,30
30,15,false,,0.11370538381548922,0.15710409136550102,0.06301205113445854,18,26,3.0,29.0,0.6670071501532175,0.12461695607763024,0.2896,864,2889,0.1,0.15,30
40,20,false,,0.12273106672406563,0.1470018055011178,0.03833090969972044,26,37,2.0,39.0,0.5717009916094584,0.18230358504958047,0.2606,864,2889,0.1,0.15,30
50,25,false,,0.13472867990627285,0.13208225526278355,0.014734387221250991,11,4,1.0,48.0,0.5485651214128036,0.06696100073583518,0.2462,864,2889,0.1,0.15,30
60,30,true,,0.13007827059414095,0.21933008428266307,0.09195449525990661,54,56,3.0,59.0,0.7070800555298473,0.005552984729291994,0.1398,864,2889,0.1,0.15,30
20,10,false,,0.08260178704106588,0.14676972450286352,0.06711780513120909,11,16,1.0,19.0,0.6591158202411399,0.0,0.3016,865,2890,0.1,0.15,30
30,15,false,,0.12065688564921016,0.1664852529552086,0.06658565331560293,18,1,1.0,29.0,0.6395644283121598,0.10635208711433757,0.2712,865,2890,0.1,0.15,30
40,20,false,,0.14660900397526172,0.12463142116831914,-0.03090772929152384,14,1,1.0,37.0,0.4513340849304773,0.14393085306275835,0.2484,865,2890,0.1,0.15,30
50,25,false,,0.14423036952455723,0.12578691818427634,-0.02417353376643766,10,1,1.0,47.0,0.4301929625425653,0.08059023836549375,0.2196,865,2890,0.1,0.15,30
60,30,false,,0.1510533030117839,0.13411117108566514,-0.010861293507013398,10,1,1.0,54.0,0.4561891515994437,0.04450625869262865,0.194,865,2890,0.1,0.15,30
20,10,false,,0.16342719360467892,0.08489773804646385,-0.09525399503630219,5,1,1.0,18.0,0.3076923076923077,0.0,0.265,866,2891,0.1,0.15,30
30,15,false,,0.1138225434895585,0.15074098144742484,0.05382091084608978,17,27,1.0,29.0,0.620919881305638,0.146513353115727,0.2862,866,2891,0.1,0.15,30
40,20,false,,0.13778396032668896,0.12014864290541097,-0.009385192438417983,12,2,1.0,39.0,0.47858255451713394,0.10319314641744548,0.2632,866,2891,0.1,0.15,30
50,25,false,,0.11252999765166186,0.1289927231831668,0.028668611492239218,31,47,2.0,48.0,0.608,0.0808421052631579,0.225,866,2891,0.1,0.15,30
60,30,true,,0.11555133478193094,0.29864324004994713,0.18372889605256165,52,54,38.0,59.0,0.8303220738413197,0.00432050274941084,0.2662,866,2891,0.1,0.15,30
20,10,false,,0.2925807912199595,0.12177189508221092,-0.1736213466023911,4,1,1.0,19.0,0.28689407540394973,0.0,0.2412,867,2892,0.1,0.15,30
30,15,false,,0.1484990866337724,0.1161457248632598,-0.04999330535297675,12,3,1.0,28.0,0.3711272247857614,0.07613711272247857,0.2852,867,2892,0.1,0.15,30
40,20,false,,0.18916684159660777,0.10350110563092589,-0.09715460836029807,9,1,1.0,30.0,0.22591943957968477,0.03852889667250438,0.2378,867,2892,0.1,0.15,30
50,25,false,,0.1264633682269533,0.12764400954925348,0.002468962621996529,32,46,2.0,49.0,0.51183970856102,0.14280510018214937,0.232,867,2892,0.1,0.15,30
60,30,false,,0.23904258648207355,0.12407247880410542,-0.11377123270427172,5,4,1.0,21.0,0.26572403705509506,0.0,0.1224,867,2892,0.1,0.15,30
20,10,false,,0.10051736319926777,0.5808835013042203,0.4828967544828954,16,16,5.0,19.0,0.8829749735636235,0.0,0.293,868,2893,0.1,0.15,30
30,15,false,,0.2110558049675357,0.09552562546404231,-0.12231847899677717,5,1,1.0,25.0,0.2512943050577459,0.0067702110712863405,0.2348,868,2893,0.1,0.15,30
40,20,false,,0.12277453719770497,0.12261862358417129,0.009133572926544153,12,9,1.0,37.0,0.5174111853675695,0.08301090397467464,0.2762,868,2893,0.1,0.15,30
50,25,false,,0.11804682559235095,0.7786613151204469,0.6637801941634688,45,46,24.0,49.0,0.9462321792260693,0.027291242362525458,0.2258,868,2893,0.1,0.15,30
60,30,false,,0.1316825469185568,0.13546273446550086,0.014314633765379225,6,6,1.0,56.0,0.5630038184132372,0.01230377598642342,0.1522,868,2893,0.1,0.15,30
20,10,true,,0.11373779205503409,0.3306383085564287,0.23108447773694596,13,16,1.0,19.0,0.7701381867205932,0.0,0.3016,869,2894,0.1,0.15,30
20,10,false,,0.11511235214270117,0.1640739573373875,0.05674188897423356,12,16,1.0,19.0,0.6196949602122016,0.0,0.2706,870,2895,0.1,0.15,30
30,15,false,,0.1168341549414359,0.4549757756919458,0.33782457595475235,25,27,1.0,29.0,0.7699881843245372,0.3316266246553761,0.2446,870,2895,0.1,0.15,30
40,20,false,,0.18333038475102229,0.11106603517025682,-0.0758333074104283,6,2,1.0,15.0,0.292358803986711,0.0011074197120708748,0.2492,870,2895,0.1,0.15,30
50,25,false,,0.6327726615638637,0.11527440655366057,-0.5225328980654078,3,1,1.0,21.0,0.1816318163181632,0.0,0.1624,870,2895,0.1,0.15,30
60,30,false,,0.16289796242046453,0.12913295650630338,-0.04420382800361303,7,5,1.0,37.0,0.3469460227272727,0.01775568181818182,0.2022,870,2895,0.1,0.15,30
20,10,false,,0.2877052680289653,0.08116816348784632,-0.21432714461845143,3,1,1.0,19.0,0.2919204222492895,0.0,0.2136,871,2896,0.1,0.15,30
30,15,false,,0.09255003295006703,0.1441714283888428,0.061667272889530333,20,26,3.0,29.0,0.6559865092748736,0.17495784148397978,0.2394,871,2896,0.1,0.15,30
40,20,false,,0.08774943503478005,0.6599767035969413,0.5592732362112119,36,37,23.0,39.0,0.954864593781344,0.2246740220661986,0.1646,871,2896,0.1,0.15,30
50,25,false,,0.09117033208603896,0.8078160034611812,0.722228310873134,45,47,39.0,49.0,1.0,0.0,0.1184,871,2896,0.1,0.15,30
60,30,false,,0.09700686305204602,0.08571686905616414,-0.0183708533613339,39,39,24.0,54.0,0.4212812160694897,0.15309446254071662,0.0442,871,2896,0.1,0.15,30
20,10,true,,0.03962930813455149,0.16184961017746152,0.12155963363395854,13,18,2.0,19.0,0.7836144578313253,0.0,0.1396,872,2897,0.1,0.15,30
20,10,false,,0.20219050480587633,0.08746367769749189,-0.13054847711907583,6,2,1.0,18.0,0.22051617118588696,0.0,0.2936,873,2898,0.1,0.15,30
30,15,false,,0.13577694879000374,0.10158931658537844,-0.03671165141784073,13,7,1.0,29.0,0.42873092668403423,0.13546706363974692,0.2654,873,2898,0.1,0.15,30
40,20,false,,0.11617376981086587,0.12623203555303567,0.027503207985285466,25,35,2.0,39.0,0.568154879494271,0.20861319636507308,0.2604,873,2898,0.1,0.15,30
50,25,false,,0.12743642459946342,0.1948243100943099,0.07995178442937988,38,45,1.0,49.0,0.6293494704992436,0.05711043872919819,0.2426,873,2898,0.1,0.15,30
60,30,true,,0.12521838853127898,0.3182875823927697,0.19266203189608502,50,53,22.0,59.0,0.890915468256752,0.05226236408277797,0.2156,873,2898,0.1,0.15,30
20,10,false,,0.1311208947022935,0.3238253620946365,0.21165858276528438,15,16,3.0,19.0,0.74079754601227,0.0,0.3106,874,2899,0.1,0.15,30
30,15,false,,0.12523772930690255,0.15630285802912353,0.05003140391613542,22,26,2.0,29.0,0.6168350168350168,0.2239057239057239,0.2632,874,2899,0.1,0.15,30
40,20,false,,0.17176048068670935,0.11703322648226379,-0.06836938250569205,9,7,1.0,38.0,0.31857523302263646,0.08155792276964048,0.2736,874,2899,0.1,0.15,30
50,25,false,,0.13131637814676325,0.5439366499631507,0.4154783105315132,45,46,35.0,49.0,0.8463696948439144,0.011574886004910558,0.2166,874,2899,0.1,0.15,30
60,30,false,,0.14227878726783466,0.15355964291458862,0.025323442642707167,25,56,1.0,58.0,0.6035762483130904,0.11673414304993253,0.1834,874,2899,0.1,0.15,30
20,10,false,,0.1042935370117145,0.10393811665350039,-0.005689365809348881,11,1,1.0,19.0,0.4776938915579959,0.0,0.2942,875,2900,0.1,0.15,30
30,15,false,,0.1478012016420555,0.10237920483302827,-0.06483627147490006,7,2,1.0,27.0,0.3738067964872089,0.03665521191294387,0.258,875,2900,0.1,0.15,30
40,20,false,,0.11985061984466334,0.19189558556341965,0.10679967328527085,27,33,1.0,39.0,0.6402178140801245,0.2427071178529755,0.2798,875,2900,0.1,0.15,30
50,25,false,,0.11713432785752331,0.12274200101717217,0.010843774344489264,29,28,2.0,48.0,0.5305798252581414,0.16957903097696583,0.2498,875,2900,0.1,0.15,30
60,30,false,,0.12346706815381289,0.29036071896914667,0.16130033331207227,51,56,3.0,59.0,0.670555108608206,0.019710378117457763,0.2458,875,2900,0.1,0.15,30
20,10,false,,0.11133995101879987,0.21497811281609114,0.12505429327103193,14,16,1.0,19.0,0.6882685277500831,0.0,0.2974,876,2901,0.1,0.15,30
30,15,false,,0.11696332769548877,0.28138146572969164,0.17393083795637898,24,26,2.0,29.0,0.6899824253075572,0.27311072056239016,0.2656,876,2901,0.1,0.15,30
40,20,true,,0.11587709640027499,0.4623833978480596,0.34792339139796113,34,37,7.0,39.0,0.8416666666666667,0.26920289855072466,0.2598,876,2901,0.1,0.15,30
20,10,false,,0.11780276536040016,0.15744619650331954,0.051003766396038125,13,16,1.0,19.0,0.6306017925736236,0.0,0.3274,877,2902,0.1,0.15,30
30,15,false,,0.11553284411799324,0.15749753881323136,0.06247430971039298,22,25,3.0,29.0,0.669185282522996,0.16064388961892248,0.2964,877,2902,0.1,0.15,30
40,20,true,,0.11823332309586,0.3198927328126292,0.21459326711027774,32,35,5.0,39.0,0.7887073863636364,0.2961647727272727,0.266,877,2902,0.1,0.15,30
20,10,true,,0.04416680187286983,0.17304506200822029,0.1322110015229183,14,16,2.0,19.0,0.7673883003224321,0.0,0.143,878,2903,0.1,0.15,30
20,10,false,,0.06379987337071706,0.3878364781138771,0.3304930224634842,16,18,4.0,19.0,0.8682585426101276,0.0,0.2232,879,2904,0.1,0.15,30
30,15,false,,0.12021903964461092,0.10447574606654034,-0.027726423872799923,13,2,1.0,28.0,0.4423374613003096,0.07778637770897832,0.2868,879,2904,0.1,0.15,30
40,20,true,,0.11171643582427913,0.35976055349009395,0.2517117311612912,33,35,1.0,39.0,0.7301136363636364,0.288961038961039,0.2506,879,2904,0.1,0.15,30
20,10,false,,0.15130428138264596,0.070772248624046,-0.09478348221418052,5,2,1.0,18.0,0.3100303951367781,0.0,0.2458,880,2905,0.1,0.15,30
30,15,true,,0.10576060300738108,0.23629103003017235,0.14280745705074896,22,24,2.0,29.0,0.7478321193201526,0.14117238987166147,0.2742,880,2905,0.1,0.15,30
20,10,false,,0.11436923715858957,0.4283050916344971,0.3223177449597834,15,16,3.0,19.0,0.7347924042484711,0.0,0.3042,881,2906,0.1,0.15,30
30,15,false,,0.12763012099204632,0.0953477574959677,-0.04052620962299859,17,1,1.0,29.0,0.42627229230100044,0.1143975641583297,0.2042,881,2906,0.1,0.15,30
40,20,false,,0.41309099357841456,0.09151129590586142,-0.32171627335359965,4,2,1.0,33.0,0.17826265953067105,0.08110333470564018,0.2388,881,2906,0.1,0.15,30
50,25,false,,0.13951539498690357,0.12069732698049682,-0.015735333081645736,15,3,1.0,48.0,0.4606874753062031,0.07427894112998815,0.264,881,2906,0.1,0.15,30
60,30,true,,0.11517076050914317,0.2575659694708732,0.13105189232898456,52,55,27.0,59.0,0.8031173092698933,0.11320754716981132,0.0958,881,2906,0.1,0.15,30
20,10,false,,0.1144511541347849,0.14549189435154183,0.060816329452446416,11,1,1.0,19.0,0.5645283018867925,0.0,0.2546,882,2907,0.1,0.15,30
30,15,false,,0.08725135411127592,0.3130614668272262,0.2184925115206063,25,28,2.0,29.0,0.789659743703049,0.3093239063190455,0.195,882,2907,0.1,0.15,30
40,20,false,,0.11203198410471825,0.17562196810576627,0.0743299360400022,25,34,2.0,39.0,0.616107931316435,0.2559280457890433,0.2722,882,2907,0.1,0.15,30
50,25,true,,0.11268954578553071,0.27815610219323283,0.17040748430325742,40,46,2.0,49.0,0.7546391752577319,0.06969072164948453,0.2526,882,2907,0.1,0.15,30
20,10,true,,0.11915762314672132,0.32075803862002356,0.20072663833469567,14,17,1.0,19.0,0.7251883393383557,0.0,0.2824,883,2908,0.1,0.15,30
20,10,true,,0.11849484838592869,0.2708294834506584,0.1521046026946458,14,16,1.0,19.0,0.7638270820089001,0.0,0.2924,884,2909,0.1,0.15,30
20,10,false,,0.07105036825700065,0.22366498114960393,0.17442332810584557,13,16,1.0,19.0,0.6261140819964349,0.0,0.1816,885,2910,0.1,0.15,30
30,15,false,,0.09639515528552296,0.18816427498682173,0.10121072228439953,20,26,2.0,29.0,0.6934444865479348,0.12656309208033345,0.302,885,2910,0.1,0.15,30
40,20,true,,0.10859668409230344,0.1701715254896783,0.08153625544808332,27,36,2.0,39.0,0.7004662004662005,0.25990675990675993,0.2796,885,2910,0.1,0.15,30
20,10,false,,0.07859726315140676,0.49977087789563507,0.42072390297886814,16,16,3.0,19.0,0.873075478783327,0.0,0.277,886,2911,0.1,0.15,30
30,15,false,,0.1409849058782569,0.10511438217740113,-0.04162503337370284,9,1,1.0,29.0,0.41967353951890035,0.09621993127147767,0.2452,886,2911,0.1,0.15,30
40,20,false,,0.10697644966944575,0.17061696570808316,0.07250720628723545,30,36,4.0,39.0,0.6844426623897354,0.2594226142742582,0.2758,886,2911,0.1,0.15,30
50,25,false,,0.7297532471214304,0.0818725777695874,-0.6436012970527932,2,2,1.0,6.0,0.0,0.0,0.117,886,2911,0.1,0.15,30
60,30,false,,0.14834646743191918,0.10615630804297194,-0.04737719671281505,15,4,1.0,51.0,0.30020491803278687,0.07684426229508197,0.158,886,2911,0.1,0.15,30
20,10,false,,0.15052346825474147,0.10582250055752107,-0.07158839813014867,5,1,1.0,19.0,0.4072936660268714,0.0,0.239,887,2912,0.1,0.15,30
30,15,false,,0.10022939213643203,0.6108006331915742,0.5096711470948555,25,27,2.0,29.0,0.8369343660823482,0.31308601712189155,0.2512,887,2912,0.1,0.15,30
40,20,false,,0.5216212406813391,0.09220422972355007,-0.42799676848607743,3,1,1.0,18.824999999999818,0.11627906976744186,0.0008305647840531562,0.2336,887,2912,0.1,0.15,30
50,25,false,,0.11682645903193019,0.1270404711789333,0.011226213988543156,29,43,2.0,48.0,0.5444531864673485,0.11487018095987411,0.2748,887,2912,0.1,0.15,30
60,30,false,,0.11838449710504619,0.16218948401486402,0.05798797858713954,39,55,2.0,58.0,0.6637487126673532,0.13542739443872295,0.155,887,2912,0.1,0.15,30
20,10,false,,0.19408438439537398,0.12762558937996077,-0.0796376828349113,7,1,1.0,19.0,0.44312267657992566,0.0,0.2326,888,2913,0.1,0.15,30
30,15,false,,0.13296627280251574,0.1269434292555947,0.0015604068026071338,17,1,1.0,29.0,0.5043412608531521,0.18988297470743676,0.2418,888,2913,0.1,0.15,30
40,20,false,,0.12956557265352053,0.11682792264610722,-0.018415013195995533,16,3,1.0,38.0,0.4375871687587169,0.12447698744769875,0.2804,888,2913,0.1,0.15,30
50,25,true,,0.12225659876696293,0.5260066639683462,0.40735605502046784,44,47,2.0,49.0,0.8297546012269938,0.02147239263803681,0.2308,888,2913,0.1,0.15,30
20,10,false,,0.2013339614227096,0.11381296869616214,-0.11012057654569762,7,2,1.0,18.0,0.23728297289064879,0.0,0.277,889,2914,0.1,0.15,30
30,15,false,,0.14236303057746016,0.10299271149627712,-0.06032310602242598,13,4,1.0,29.0,0.3397331597787179,0.10445818418483567,0.2868,889,2914,0.1,0.15,30
40,20,false,,0.13185506465672725,0.10978849359162726,-0.03381201427981731,24,32,1.0,38.0,0.4215473608098337,0.27331887201735355,0.2546,889,2914,0.1,0.15,30
50,25,false,,0.13094963938093862,0.14346411820836394,0.01874480256438392,30,46,2.0,48.0,0.5754132231404959,0.0912534435261708,0.2406,889,2914,0.1,0.15,30
60,30,true,,0.13066298881786315,0.25985270451836984,0.13293778523287236,53,54,37.0,59.0,0.8397565922920892,0.0,0.201,889,2914,0.1,0.15,30
20,10,false,,0.1511170745608884,0.0887811740773557,-0.08900525154908659,6,1,1.0,19.0,0.3767313019390582,0.0,0.2224,890,2915,0.1,0.15,30
30,15,false,,0.1427498138485596,0.10727904700434424,-0.04112035860705485,8,3,1.0,28.0,0.41729174891433085,0.06277141729174891,0.2824,890,2915,0.1,0.15,30
40,20,false,,0.10980491166745569,0.13946109127795991,0.042538967196062,24,36,2.0,39.0,0.615866388308977,0.21461377870563675,0.2364,890,2915,0.1,0.15,30
50,25,false,,0.12685056964452188,0.11703603551564495,0.003349964754428933,16,4,1.0,48.0,0.5037006578947368,0.06990131578947369,0.2624,890,2915,0.1,0.15,30
60,30,false,,0.12126656109765192,0.13203979415648934,0.022604881079295633,33,5,1.0,58.0,0.5703580349708576,0.028309741881765195,0.2674,890,2915,0.1,0.15,30
20,10,true,,0.07727065749996566,0.19494485348764248,0.12112361972132184,13,14,1.0,19.0,0.7117804041174228,0.0,0.2814,891,2916,0.1,0.15,30
20,10,false,,0.14418262514672361,0.11807135082281944,-0.037858449368169164,10,2,1.0,19.0,0.4020421186981493,0.0,0.298,892,2917,0.1,0.15,30
30,15,false,,0.14815653327123499,0.11573853006133508,-0.030583810600796832,7,2,1.0,27.0,0.42185185185185187,0.035555555555555556,0.249,892,2917,0.1,0.15,30
40,20,false,,0.12302402480965065,0.20544570654335612,0.09418768628809326,30,39,3.0,39.0,0.6647209047792776,0.22546515870120393,0.2564,892,2917,0.1,0.15,30
50,25,false,,0.1753972445506781,0.113442484258819,-0.06698380155153635,8,1,1.0,35.0,0.2922201138519924,0.047058823529411764,0.2238,892,2917,0.1,0.15,30
60,30,false,,0.13291848377076465,0.14697780122201262,0.023152159909069853,41,55,1.0,59.0,0.5694126620900076,0.04652936689549962,0.1734,892,2917,0.1,0.15,30
20,10,false,,0.1110672722856871,0.11484155549343494,0.016502341974792376,7,4,1.0,18.0,0.54,0.0,0.2966,893,2918,0.1,0.15,30
30,15,false,,0.10142287924762011,0.10372013350229822,0.002354955484128868,13,3,1.0,28.0,0.5079735511474135,0.049397121742512644,0.2484,893,2918,0.1,0.15,30
40,20,true,,0.11201510118588373,0.18457581170398168,0.07988268619776588,28,33,2.0,38.52500000000009,0.7075187969924812,0.26127819548872183,0.2858,893,2918,0.1,0.15,30
20,10,false,,0.11210197811572067,0.6018017519232794,0.4763879355287555,15,17,2.0,19.0,0.8474982864976011,0.0,0.2998,894,2919,0.1,0.15,30
30,15,false,,0.14103506431592575,0.10209866152042682,-0.05132020196403024,8,1,1.0,28.0,0.3742469879518072,0.0625,0.2588,894,2919,0.1,0.15,30
40,20,false,,0.1182960279917771,0.2259648534387665,0.11574909790517607,30,36,1.0,39.0,0.6815600151457781,0.25785687239681937,0.2626,894,2919,0.1,0.15,30
50,25,false,,0.119525084740153,0.16973256329898864,0.04791575925050502,38,42,19.0,48.0,0.694089180781196,0.17490494296577946,0.2656,894,2919,0.1,0.15,30
60,30,false,,0.21699229307074344,0.12183576080258259,-0.09545918224879242,5,2,1.0,24.0,0.2476007677543186,0.019961612284069098,0.1918,894,2919,0.1,0.15,30
20,10,false,,0.09451865394636916,0.13686429448396462,0.05460826224907077,11,15,2.0,19.0,0.6255908170155301,0.0,0.304,895,2920,0.1,0.15,30
30,15,true,,0.09337824939098902,0.29669635331793826,0.21057240913505068,23,26,8.0,29.0,0.8289670658682635,0.1845059880239521,0.2974,895,2920,0.1,0.15,30
20,10,true,,0.0937297546790758,0.27989955958624746,0.20292940292854225,14,15,2.0,19.0,0.7953177257525084,0.0,0.3024,896,2921,0.1,0.15,30
20,10,false,,0.1296191159830195,0.08319433548684294,-0.06426509970868712,8,1,1.0,19.0,0.43162020905923343,0.0,0.1966,897,2922,0.1,0.15,30
30,15,false,,0.09092843805766575,0.08576926014390499,-0.003047412356896033,11,8,2.0,29.0,0.47847847847847846,0.12612612612612611,0.1444,897,2922,0.1,0.15,30
40,20,false,,0.12221850264475552,0.11159721405591942,-0.00859644680527566,12,11,1.0,37.0,0.4517389605314576,0.13599062133645956,0.289,897,2922,0.1,0.15,30
50,25,false,,0.1750586606263409,0.1048049975933235,-0.07276426570699843,6,4,1.0,39.0,0.3240246406570842,0.03285420944558522,0.2572,897,2922,0.1,0.15,30
60,30,false,,0.11501237544094277,0.5924232515999603,0.473432668740826,55,57,37.0,59.0,0.9070409572020248,0.007363092498849517,0.1862,897,2922,0.1,0.15,30
20,10,false,,0.14706772087656128,0.3489117456661713,0.22015223086040375,14,16,1.0,19.0,0.6844416562107905,0.0,0.2914,898,2923,0.1,0.15,30
30,15,false,,0.15979631134824143,0.12320592729770646,-0.057970575081928946,17,1,1.0,29.0,0.3726000650829808,0.10608525870484868,0.2748,898,2923,0.1,0.15,30
40,20,true,,0.13243593823166716,0.2860552866726361,0.15679564098886875,32,35,4.0,39.0,0.7941943900848011,0.2667971298108284,0.2596,898,2923,0.1,0.15,30
20,10,false,,0.10982251127058684,0.2913810987523214,0.19844675751269614,13,17,1.0,19.0,0.692144373673036,0.0,0.279,899,2924,0.1,0.15,30
30,15,true,,0.10088171797224013,0.37449066857642876,0.2719511569483706,24,25,5.0,29.0,0.8896978522024026,0.25263924281033856,0.2886,899,2924,0.1,0.15,30
20,10,false,,0.13069631807222287,0.18506696338065895,0.0783591844160829,10,3,1.0,19.0,0.6799746514575412,0.0,0.3212,900,2925,0.1,0.15,30
30,15,false,,0.13200414970740476,0.10287206933011016,-0.035746426480314494,19,18,5.0,29.0,0.3771626297577855,0.09751494180559925,0.2742,900,2925,0.1,0.15,30
40,20,false,,0.15927131705281536,0.0868522053225796,-0.08922607427451915,14,14,1.0,37.0,0.20784164446136277,0.05100875523410735,0.2326,900,2925,0.1,0.15,30
50,25,false,,0.1233147650594468,0.16153597437056208,0.051245979454430296,36,44,2.0,48.0,0.6149068322981367,0.1329923273657289,0.2494,900,2925,0.1,0.15,30
60,30,false,,0.12120162458366868,0.15985937004322867,0.04799921710081552,33,28,17.0,58.0,0.6754085898897757,0.2991258076776891,0.2362,900,2925,0.1,0.15,30
20,10,false,,0.1786693367013924,0.12971911817881207,-0.05841084714497283,8,1,1.0,19.0,0.39203625768857236,0.0,0.2776,901,2926,0.1,0.15,30
30,15,true,,0.13511719552085447,0.32667171612670415,0.19517730460573066,24,28,1.0,29.0,0.7075824549472969,0.27065623937436245,0.2648,901,2926,0.1,0.15,30
20,10,false,,0.15062791416732382,0.13032065639808182,-0.03413273125321538,10,17,1.0,19.0,0.43079860006363346,0.0,0.2754,902,2927,0.1,0.15,30
30,15,false,,0.12430076309959126,0.13691417997857847,0.02735761527853897,17,28,1.0,29.0,0.5547156227501799,0.18178545716342692,0.2674,902,2927,0.1,0.15,30
40,20,false,,0.3224403884646507,0.09979669449839368,-0.2271649545389724,6,2,1.0,37.30000000000018,0.24058323207776428,0.11462130417172944,0.215,902,2927,0.1,0.15,30
50,25,true,,0.12106977436129773,0.24267739471900562,0.1315754315424947,42,46,3.0,49.0,0.7574750830564784,0.11332595053525286,0.2522,902,2927,0.1,0.15,30
20,10,false,,0.12540532996549575,0.08805374772787582,-0.04698510266563807,9,8,1.0,19.0,0.3853211009174312,0.0,0.291,903,2928,0.1,0.15,30
30,15,false,,0.10671326595129776,0.2015701767783699,0.10036461541858763,21,28,2.0,29.0,0.6443357169740309,0.19570944674444862,0.2896,903,2928,0.1,0.15,30
40,20,false,,0.11830712446417523,0.3572744756882437,0.25834900323218135,28,36,1.0,39.0,0.6565857540787903,0.17668125746120175,0.2758,903,2928,0.1,0.15,30
50,25,false,,0.13872275450947463,0.1276714941924875,-0.007317580832506415,26,2,1.0,47.0,0.48742138364779874,0.16627358490566038,0.258,903,2928,0.1,0.15,30
60,30,false,,0.17611245008598844,0.12369818319374941,-0.0657812828591313,8,2,1.0,58.0,0.4050324675324675,0.023133116883116884,0.1908,903,2928,0.1,0.15,30
20,10,false,,0.14917822017189497,0.168208874407189,0.028688186917993616,10,4,1.0,19.0,0.5694610778443113,0.0,0.3204,904,2929,0.1,0.15,30
30,15,false,,0.13105841737875917,0.12574196471016413,0.004380862151816933,13,26,1.0,29.0,0.5174991505266735,0.1199456337071016,0.2788,904,2929,0.1,0.15,30
40,20,false,,0.14690907559438102,0.11008041284106052,-0.04246849805009184,13,3,1.0,38.0,0.39762611275964393,0.06528189910979229,0.2476,904,2929,0.1,0.15,30
50,25,false,,0.16356668309572564,0.11181606902170199,-0.06394049902500937,6,2,1.0,47.0,0.2997658079625293,0.05503512880562061,0.1892,904,2929,0.1,0.15,30
60,30,true,,0.12597343418360896,0.2806815499904379,0.15396677956869018,53,54,30.0,59.0,0.7959401709401709,0.0405982905982906,0.2104,904,2929,0.1,0.15,30
20,10,false,,0.10221691127495085,0.14440567863545714,0.0639764404656266,13,16,1.0,19.0,0.6461589624210177,0.0,0.3174,905,2930,0.1,0.15,30
30,15,false,,0.1157157916139022,0.18154585549506286,0.11113985044256912,17,26,1.0,29.0,0.6789417232749374,0.1801930639971398,0.268,905,2930,0.1,0.15,30
40,20,false,,0.12610600408013567,0.1646016055435291,0.06034166320152973,22,36,2.0,39.0,0.6530748663101604,0.17647058823529413,0.2672,905,2930,0.1,0.15,30
50,25,false,,0.15954763362860322,0.139284384836331,-0.05320618707335166,9,1,1.0,49.0,0.3767097966728281,0.05027726432532347,0.1726,905,2930,0.1,0.15,30
60,30,true,,0.13860393467498225,0.2235829019888679,0.10314579725240927,42,56,7.0,59.0,0.8647077817242492,0.06328705198579271,0.2084,905,2930,0.1,0.15,30
20,10,false,,0.12055545371249901,0.28585316154253954,0.184726000709276,14,17,1.0,19.0,0.6623728813559322,0.0,0.2774,906,2931,0.1,0.15,30
30,15,false,,0.1685895289548015,0.10007995421391451,-0.0802533663081226,6,2,1.0,27.0,0.2889550018594273,0.046113796950539236,0.249,906,2931,0.1,0.15,30
40,20,false,,0.2992277980867541,0.09627159121342305,-0.19690721648639709,5,2,1.0,38.0,0.2081967213114754,0.09467213114754099,0.228,906,2931,0.1,0.15,30
50,25,false,,0.16204706285292952,0.10466766771211049,-0.06775047198091161,10,2,1.0,27.0,0.3072025467568643,0.0238758456028651,0.2644,906,2931,0.1,0.15,30
60,30,false,,0.15813051190877203,0.11618602005950791,-0.04848594373294289,9,4,1.0,34.0,0.32123552123552124,0.09768339768339768,0.198,906,2931,0.1,0.15,30
20,10,false,,0.11414877937604777,0.1437315729039012,0.03894950775378813,13,17,1.0,19.0,0.5575068870523416,0.0,0.2684,907,2932,0.1,0.15,30
30,15,false,,0.10875793489243327,0.12186200742103014,0.014497762289179567,17,25,1.0,28.0,0.5529622980251346,0.08186714542190306,0.2838,907,2932,0.1,0.15,30
40,20,false,,0.14702348135623516,0.10403357111516251,-0.05426553024636051,10,1,1.0,38.0,0.40282392026578073,0.12624584717607973,0.232,907,2932,0.1,0.15,30
50,25,true,,0.11135774426725914,0.43977949138801914,0.31441943937534284,43,47,19.0,49.0,0.8503904644471846,0.059186189889025895,0.252,907,2932,0.1,0.15,30
20,10,false,,0.18028703446560215,0.1262360087564446,-0.06273530408900334,7,2,1.0,18.0,0.35239567233384855,0.0,0.3108,908,2933,0.1,0.15,30
30,15,false,,0.10814051366739905,0.2542330945888798,0.14572893741897075,25,26,7.0,29.0,0.6994219653179191,0.3279383429672447,0.2466,908,2933,0.1,0.15,30
40,20,true,,0.10896055279767258,0.28384599703184776,0.18999339140948945,32,36,3.200000000000003,39.0,0.7504942665085014,0.2665085013839462,0.2534,908,2933,0.1,0.15,30
20,10,false,,0.09195955535407827,0.1536400046900864,0.06917188641057874,11,16,1.0,19.0,0.662594322673374,0.0,0.2928,909,2934,0.1,0.15,30
30,15,false,,0.1035985259791876,0.07110788093258466,-0.0369533651216368,6,2,1.0,23.0,0.3545994065281899,0.006429277942631058,0.1578,909,2934,0.1,0.15,30
40,20,false,,0.11562455674778387,0.27296709098907973,0.16947382732362865,31,36,3.0,39.0,0.6740914419695193,0.20281359906213364,0.2844,909,2934,0.1,0.15,30
50,25,true,,0.11441860317779473,0.5129825428874807,0.39643922635516426,44,45,23.0,49.0,0.9000812347684809,0.06336311941510966,0.2762,909,2934,0.1,0.15,30
20,10,false,,0.12822502450890855,0.16031421251053066,0.05863484975392995,14,16,1.0,19.0,0.5858987090367428,0.0,0.2912,910,2935,0.1,0.15,30
30,15,false,,0.12020857864310608,0.13016026040163706,0.02252866022861416,18,26,2.0,29.0,0.5468069666182874,0.18105950653120464,0.2802,910,2935,0.1,0.15,30
40,20,false,,0.13123546202701164,0.08778969218227024,-0.055638357426343904,15,5,2.0,37.0,0.3202832153269471,0.12119950020824656,0.1998,910,2935,0.1,0.15,30
50,25,false,,0.09967664481911093,0.6726340761922642,0.564532864479985,45,46,27.0,49.0,0.9507246376811594,0.12318840579710146,0.164,910,2935,0.1,0.15,30
60,30,false,,0.5369051510504673,0.4823727833877213,-0.054532367662745995,22,22,22.0,22.0,0.0,0.0,0.0002,910,2935,0.1,0.15,30
20,10,false,,0.3510584154099802,0.11984622416861532,-0.23605159557837746,3,1,1.0,17.875,0.24806746310611386,0.0,0.2076,911,2936,0.1,0.15,30
30,15,false,,0.14109558336919387,0.13741212785496715,-0.0032308532275512752,20,25,2.0,29.0,0.4916923076923077,0.13692307692307693,0.2914,911,2936,0.1,0.15,30
40,20,false,,0.15571880287857873,0.11268518948278762,-0.0585188953934483,9,3,1.0,38.0,0.3271257905832748,0.08186929023190442,0.249,911,2936,0.1,0.15,30
50,25,false,,0.13162201561229375,0.13327636597042591,0.0125071515709404,23,3,2.0,48.0,0.5354794046382831,0.07095880927656628,0.2484,911,2936,0.1,0.15,30
60,30,false,,0.1580622485678928,0.13128284296650664,-0.03124798821386296,8,1,1.0,36.0,0.34373499759961595,0.06769083053288526,0.1196,911,2936,0.1,0.15,30
20,10,false,,0.11767909042998097,0.615347654564843,0.4881987297226728,16,16,1.0,19.0,0.7466712188460225,0.0,0.2744,912,2937,0.1,0.15,30
30,15,false,,0.1049708232705396,0.1658013328066454,0.07765316841183001,19,28,1.0,29.0,0.6261518209741115,0.25274243089074155,0.2104,912,2937,0.1,0.15,30
40,20,false,,0.2889785955567664,0.08716087865843727,-0.20294806960365253,5,3,1.0,19.0,0.11548013245033113,0.0,0.2542,912,2937,0.1,0.15,30
50,25,false,,0.11661721088044465,0.17361828714725502,0.06413821923180736,33,41,5.0,49.0,0.6363256784968685,0.18997912317327767,0.2514,912,2937,0.1,0.15,30
60,30,false,,0.1196866353883357,0.15018777588361248,0.0383157983560114,43,53,5.0,58.0,0.6150679291889667,0.09468917249897077,0.2194,912,2937,0.1,0.15,30
20,10,false,,0.1329905844493926,0.12764231705038462,-0.004144986117516347,8,4,1.0,19.0,0.49524122087298983,0.0,0.316,913,2938,0.1,0.15,30
30,15,false,,0.12197113386478853,0.13923668557676291,0.032751229145283084,16,25,1.0,29.0,0.5688581314878892,0.09965397923875433,0.2918,913,2938,0.1,0.15,30
40,20,true,,0.11987627437061465,0.3523257466030576,0.2395685230856039,33,35,2.0,39.0,0.7791728212703102,0.1931314623338257,0.2698,913,2938,0.1,0.15,30
20,10,false,,0.14333322975819893,0.1919604130112828,0.05991526533301521,11,16,1.0,19.0,0.6503347534996957,0.0,0.32,914,2939,0.1,0.15,30
30,15,false,,0.1379169608657387,0.15162392419374676,0.02642728943782549,20,28,1.0,29.0,0.5425355842436279,0.2062231049321417,0.2568,914,2939,0.1,0.15,30
40,20,false,,0.16840463530295974,0.10938298887020867,-0.0688368050562664,8,7,1.0,31.0,0.2897845726198749,0.04204308547602502,0.2648,914,2939,0.1,0.15,30
50,25,false,,0.12668255685094987,0.21984142553452976,0.10255228294857999,41,46,2.0,49.0,0.6784671532846716,0.14489051094890512,0.2244,914,2939,0.1,0.15,30
60,30,false,,0.14886746077074994,0.12460799454001827,-0.03582155828801223,27,1,1.0,58.0,0.398096062310688,0.07485936823885764,0.147,914,2939,0.1,0.15,30
20,10,false,,0.0984786091104476,0.14568192559385545,0.04927191410099928,13,16,1.0,19.0,0.6134328358208955,0.0,0.2798,915,2940,0.1,0.15,30
30,15,false,,0.0942319349906701,0.09592306170927499,0.00781869696791597,14,11,1.0,27.0,0.5343576611182245,0.04438753734528383,0.1988,915,2940,0.1,0.15,30
40,20,false,,0.12529979088111173,0.11957118386234344,0.0018592112935129634,28,34,1.0,39.0,0.5040160642570282,0.25662650602409637,0.2638,915,2940,0.1,0.15,30
50,25,false,,0.19102117912508168,0.110811004874602,-0.08231403754921801,5,1,1.0,47.0,0.3330547430004179,0.022983702465524447,0.2386,915,2940,0.1,0.15,30
60,30,true,,0.11610774530734277,0.21882941156725097,0.11262274335622292,46,47,26.0,58.0,0.7806004618937644,0.0869899923017706,0.2466,915,2940,0.1,0.15,30
20,10,false,,0.11673884306514921,0.24633794287410074,0.15074361778768097,14,16,1.0,19.0,0.6655003498950315,0.0,0.2796,916,2941,0.1,0.15,30
30,15,false,,0.10125308755119326,0.09443923769524548,-0.008399074013050803,13,1,1.0,28.0,0.4681291390728477,0.08857615894039735,0.2196,916,2941,0.1,0.15,30
40,20,false,,0.11178521115228036,0.13495819803869574,0.03372456078817972,19,8,2.0,37.0,0.5870384325546345,0.15712132629992465,0.2858,916,2941,0.1,0.15,30
50,25,true,,0.11402269368782396,0.4320966046969392,0.32368396773495434,43,44,12.049999999999997,49.0,0.866692278140607,0.06991932385708798,0.2466,916,2941,0.1,0.15,30
20,10,true,,0.10381171522397797,0.3265226448289852,0.23605723760107575,14,16,3.0,19.0,0.8148496240601504,0.0,0.308,917,2942,0.1,0.15,30
20,10,false,,0.16979650563707455,0.15975182371212623,-0.01549158698197338,8,1,1.0,18.0,0.4602358633202298,0.0,0.3156,918,2943,0.1,0.15,30
30,15,false,,0.12580521561900926,0.24016705863249108,0.12360368394263371,24,26,4.0,29.0,0.6994144437215355,0.23031880286271958,0.2822,918,2943,0.1,0.15,30
40,20,false,,0.13827969932534662,0.13707151977173193,0.0011821593672013686,19,7,2.0,38.0,0.5035128805620609,0.16393442622950818,0.254,918,2943,0.1,0.15,30
50,25,false,,0.1310819767170763,0.13212817747273906,-0.0005586336819449755,24,6,1.0,47.0,0.4977023683280311,0.14669494521032167,0.2164,918,2943,0.1,0.15,30
60,30,false,,0.1353278651184946,0.14925566952497255,0.02118149275766973,32,57,2.0,58.0,0.5970772442588727,0.18684759916492694,0.217,918,2943,0.1,0.15,30
20,10,false,,0.07795604606846676,0.2176860624990904,0.15009965861185726,14,16,1.0,19.0,0.6538931920097839,0.0,0.2194,919,2944,0.1,0.15,30
30,15,false,,0.08174734184473322,0.08433475078177485,0.002316154205803927,15,2,1.0,28.0,0.5066666666666667,0.0758974358974359,0.1174,919,2944,0.1,0.15,30
40,20,false,,0.05880407352290639,0.12588228052890127,0.061654560905759936,28,30,10.0,37.0,0.6597593582887701,0.5487967914438503,0.0618,919,2944,0.1,0.15,30
50,25,true,,0.05376551932974579,0.07975865222492111,0.038010622459720325,31,34,25.0,35.0,0.7980561555075594,0.42764578833693306,0.026,919,2944,0.1,0.15,30
20,10,false,,0.11358769588500026,0.7022090000532599,0.5840108160317143,16,16,3.0,19.0,0.8867109634551495,0.0,0.29,920,2945,0.1,0.15,30
30,15,false,,0.1140112630157202,0.19125219102725707,0.09026993193683854,22,26,1.0,29.0,0.6927606511950122,0.15552476619328023,0.2758,920,2945,0.1,0.15,30
40,20,false,,0.1169841889290001,0.17168118086495418,0.06345597306553957,25,33,9.0,38.0,0.6744659206510681,0.28721600542556797,0.3024,920,2945,0.1,0.15,30
50,25,false,,0.13383838270922915,0.12474003620209746,-0.0021265536369693694,10,2,1.0,48.0,0.49122807017543857,0.04996186117467582,0.2342,920,2945,0.1,0.15,30
60,30,true,,0.11990939834105858,0.3362603848661345,0.2210287030330075,53,56,38.625,59.0,0.8526682134570766,0.01740139211136891,0.2202,920,2945,0.1,0.15,30
20,10,false,,0.11614933805222129,0.0848376199818636,-0.026623670917629683,7,1,1.0,19.0,0.43262987012987014,0.0,0.2398,921,2946,0.1,0.15,30
30,15,false,,0.2838133398313003,0.07287301004666473,-0.21582362837041097,3,1,1.0,28.0,0.25539387857501256,0.039136979427997994,0.1296,921,2946,0.1,0.15,30
40,20,true,,0.08259872249645678,0.28029771963674766,0.19025663278644728,32,34,2.0,39.0,0.8225726959093149,0.42582552981764416,0.1342,921,2946,0.1,0.15,30
20,10,false,,0.1526895494369385,0.10436671846546322,-0.059474574800076875,5,2,1.0,18.0,0.428927680798005,0.0,0.2686,922,2947,0.1,0.15,30
30,15,false,,0.09811195870196028,0.08672368358464488,-0.010833977173361181,14,4,1.0,29.0,0.4473127380448582,0.09733389758781211,0.2214,922,2947,0.1,0.15,30
40,20,true,,0.10441833273194867,0.34159255431193863,0.2332953366504771,31,36,7.0,39.0,0.7815057283142389,0.23567921440261866,0.2644,922,2947,0.1,0.15,30
20,10,false,,0.13967570907913532,0.21320654833079766,0.09728154475287681,14,17,1.0,19.0,0.6443594646271511,0.0,0.2866,923,2948,0.1,0.15,30
30,15,false,,0.14276275791972837,0.10354802299821467,-0.050588528519922,10,2,1.0,28.0,0.3922942206654991,0.06690017513134851,0.261,923,2948,0.1,0.15,30
40,20,false,,0.1616459292211501,0.120833004922411,-0.04999140089704317,13,1,1.0,38.0,0.42983870967741933,0.14838709677419354,0.2186,923,2948,0.1,0.15,30
50,25,false,,0.12355747878346458,0.27836780447259124,0.16251255865825623,39,45,4.0,49.0,0.6519955240581873,0.06564714658709436,0.2588,923,2948,0.1,0.15,30
60,30,false,,0.19190365045910782,0.10808579732588341,-0.0904048576520927,7,4,1.0,55.0,0.2294493216280926,0.03272146847565842,0.2186,923,2948,0.1,0.15,30
20,10,false,,0.12297045222145615,0.14433242666027946,0.02337527285818658,12,16,1.0,19.0,0.568949488689185,0.0,0.3182,924,2949,0.1,0.15,30
30,15,false,,0.145732996316895,0.10305114637552909,-0.048627603355996446,8,4,1.0,28.0,0.3521224773834377,0.060542797494780795,0.2758,924,2949,0.1,0.15,30
40,20,false,,0.11921007101707526,0.13583388548480166,0.03565320026201278,27,35,2.0,39.0,0.5670411985018726,0.22209737827715356,0.2672,924,2949,0.1,0.15,30
50,25,false,,0.12403238307457111,0.1262629775981913,0.003104700600350549,29,45,4.0,48.0,0.5044531528322052,0.19736373352333453,0.2458,924,2949,0.1,0.15,30
60,30,false,,0.14389528887841255,0.12477697680176186,-0.017817345236244647,13,5,1.0,50.0,0.4309270795163063,0.07401978746793697,0.2304,924,2949,0.1,0.15,30
20,10,true,,0.12104197069886133,0.25427685100749087,0.1333361641376365,14,17,1.0,19.0,0.7492692432607989,0.0,0.2946,925,2950,0.1,0.15,30
20,10,false,,0.09288795246671896,0.7075861501045135,0.616093464845257,16,16,3.0,19.0,0.9202127659574468,0.0,0.2696,926,2951,0.1,0.15,30
30,15,false,,0.116448760523181,0.17312502884676917,0.07803523778368679,20,1,1.0,29.0,0.634184068058778,0.17478731631863884,0.2778,926,2951,0.1,0.15,30
40,20,false,,0.17647918507632815,0.10594754368373976,-0.07828046896798094,6,2,1.0,38.0,0.37459150326797386,0.10580065359477124,0.2266,926,2951,0.1,0.15,30
50,25,false,,0.11478826333619298,0.5560968552594168,0.43985631721577517,45,46,33.0,49.0,0.9295171339563862,0.02570093457943925,0.2454,926,2951,0.1,0.15,30
60,30,false,,0.137396649093751,0.11512850034385372,-0.026045990448616843,12,6,1.0,55.80000000000018,0.4025306445235271,0.03598260181890075,0.2326,926,2951,0.1,0.15,30
20,10,true,,0.10334342718759765,0.17112906830669805,0.07856977962341638,10,17,1.0,19.0,0.7111470113085622,0.0,0.3112,927,2952,0.1,0.15,30
20,10,true,,0.13362415940792471,0.28763332360051264,0.19276654353512346,14,18,2.0,19.0,0.7501579279848389,0.0,0.3098,928,2953,0.1,0.15,30
20,10,false,,0.15702834934938945,0.135706600475143,-0.030628772458584003,6,3,1.0,19.0,0.45598194130925507,0.0,0.2936,929,2954,0.1,0.15,30
30,15,false,,0.13412352361897395,0.10904219269167774,-0.03181250162262758,12,4,1.0,26.0,0.36922082120918204,0.02263174911089557,0.298,929,2954,0.1,0.15,30
40,20,false,,0.12881579282020256,0.10382263441052224,-0.03557715075226446,23,34,1.0,38.0,0.3944253531882398,0.16991218022145857,0.2376,929,2954,0.1,0.15,30
50,25,false,,0.12105643624364314,0.33347264088988443,0.21206523770380964,39,46,1.0,49.0,0.6760112134561473,0.10212254705646776,0.228,929,2954,0.1,0.15,30
60,30,true,,0.11828808723178566,0.2707597066263485,0.15805586892351992,51,55,37.0,59.0,0.8043315907393578,0.010082150858849889,0.217,929,2954,0.1,0.15,30
20,10,false,,0.12731316738545745,0.22424290075923775,0.13682969998134667,11,17,1.0,19.0,0.6736180072823569,0.0,0.2984,930,2955,0.1,0.15,30
30,15,true,,0.11390915829096224,0.23918343733317965,0.14541967098169334,21,24,3.0,29.0,0.7601351351351351,0.16114864864864864,0.3024,930,2955,0.1,0.15,30
20,10,false,,0.1502744926620759,0.368755522310674,0.2476081299500996,15,16,2.0,19.0,0.7285361334156887,0.0,0.3136,931,2956,0.1,0.15,30
30,15,false,,0.12788623858121287,0.2588679393935294,0.14360564627488928,24,26,2.0,29.0,0.6571333555038245,0.25906218822746924,0.2706,931,2956,0.1,0.15,30
40,20,false,,0.3118631421371994,0.10201921478917977,-0.22149048762566506,5,2,1.0,37.0,0.25504107542942495,0.07505601194921584,0.2172,931,2956,0.1,0.15,30
50,25,false,,0.13036147215579308,0.22256545052233653,0.10042788686666065,42,46,7.0,49.0,0.6657029273581496,0.03975424647632815,0.2472,931,2956,0.1,0.15,30
60,30,true,,0.12729245153881935,0.21004120071258903,0.08828193340805002,50,55,25.0,59.0,0.7150405072208524,0.073617470940472,0.1846,931,2956,0.1,0.15,30
20,10,true,,0.08314827105883962,0.18195259890959747,0.11510932426090782,14,16,2.0,19.0,0.7166123778501629,0.0,0.2632,932,2957,0.1,0.15,30
20,10,false,,0.1664859875565784,0.11980515677460919,-0.06266192823759031,7,1,1.0,19.0,0.36695764629809247,0.0,0.293,933,2958,0.1,0.15,30
30,15,false,,0.11870779998213582,0.5105882429725199,0.3930073036813845,25,26,4.0,29.0,0.8460736622654621,0.31897150799166085,0.2612,933,2958,0.1,0.15,30
40,20,false,,0.1324711155569026,0.1854209531361751,0.08330753737950011,32,36,2.0,39.0,0.6733123469744666,0.19167541098286114,0.2386,933,2958,0.1,0.15,30
50,25,false,,0.13739726776192554,0.4001351508258424,0.26084766852540975,45,47,24.0,49.0,0.867065470255899,0.049518112329677635,0.2126,933,2958,0.1,0.15,30
60,30,false,,0.5064984056426692,0.13969826359468734,-0.3504675989871571,4,1,1.0,57.0,0.2955097087378641,0.006674757281553398,0.077,933,2958,0.1,0.15,30
20,10,false,,0.09758436396461684,0.27967785446879195,0.19236468447167432,15,16,2.0,19.0,0.7893419170243204,0.0,0.294,934,2959,0.1,0.15,30
30,15,false,,0.11445619542668298,0.14204494286537217,0.039836866253850856,17,26,3.0,28.0,0.6050870147255689,0.09605087014725569,0.3078,934,2959,0.1,0.15,30
40,20,false,,0.12380143794570447,0.1246603929057458,0.007422556194635679,26,36,1.5,39.0,0.5123998473864937,0.1877146127432278,0.2558,934,2959,0.1,0.15,30
50,25,true,,0.11818100008887582,0.37475409747437766,0.24886453578621415,43,46,26.0,49.0,0.8842224744608399,0.11691259931895573,0.2444,934,2959,0.1,0.15,30
20,10,false,,0.13149295029225672,0.134931523234486,0.013791133266931085,12,17,2.0,19.0,0.529375,0.0,0.2996,935,2960,0.1,0.15,30
30,15,false,,0.13270721985431552,0.10868239133973522,-0.022414703561863425,13,28,1.0,29.0,0.43049981758482303,0.16745713243341845,0.2652,935,2960,0.1,0.15,30
40,20,true,,0.1090089765198048,0.4632467260794392,0.3595965138854298,34,36,4.0,39.0,0.8775038520801233,0.261171032357473,0.2718,935,2960,0.1,0.15,30
20,10,false,,0.09802975456468692,0.1688630377610884,0.07594295267995625,12,1,1.0,19.0,0.6315995307000392,0.0,0.2608,936,2961,0.1,0.15,30
30,15,false,,0.10151496876987923,0.1640635818822877,0.08159390698718688,20,24,2.0,29.0,0.6718386346004654,0.13964313421256788,0.2884,936,2961,0.1,0.15,30
40,20,false,,0.09835303922587733,0.1302479050868549,0.04439496578574429,15,6,2.0,38.0,0.6723210591642532,0.12867190732312783,0.2588,936,2961,0.1,0.15,30
50,25,false,,0.1441876028033983,0.10693125987017277,-0.04053922439095503,14,4,1.0,44.0,0.3530097087378641,0.09631067961165049,0.282,936,2961,0.1,0.15,30
60,30,false,,0.23567484257151639,0.10363203602095766,-0.12368809217386513,7,3,1.0,48.0,0.2583616093068347,0.14299563742123123,0.1656,936,2961,0.1,0.15,30
20,10,false,,0.07857412475475307,0.15423850496799266,0.08577249737958403,13,15,1.0,19.0,0.6566008517228029,0.0,0.2356,937,2962,0.1,0.15,30
30,15,false,,0.0716931233213586,0.16955973379688427,0.11361690680407269,24,26,1.0,29.0,0.6775039328788673,0.23335081279496592,0.1062,937,2962,0.1,0.15,30
40,20,false,,0.06598478887609767,0.5111191486101231,0.44321325700919506,35,37,30.0,39.0,1.0,0.2283758556316117,0.0646,937,2962,0.1,0.15,30
50,25,true,,0.06887867654957347,0.13182953791026403,0.05809847681217178,41,41,27.0,49.0,0.7642330877427997,0.0884125920964501,0.0334,937,2962,0.1,0.15,30
20,10,false,,0.1583538040169664,0.18951243788249358,0.06028205638948292,13,16,1.0,19.0,0.5872534142640364,0.0,0.3094,938,2963,0.1,0.15,30
30,15,false,,0.1503384185855098,0.12725429136827515,-0.027473532009906126,16,26,1.0,29.0,0.4747068676716918,0.1695142378559464,0.2576,938,2963,0.1,0.15,30
40,20,false,,0.129216147603963,0.5000715786547719,0.37291968040108614,35,37,4.0,39.0,0.8542568542568543,0.23088023088023088,0.2384,938,2963,0.1,0.15,30
50,25,false,,0.13957889014138586,0.13217485621002784,-0.009654816017919995,25,13,3.0,48.0,0.4491114701130856,0.172859450726979,0.2256,938,2963,0.1,0.15,30
60,30,true,,0.13497532635443388,0.19135086693817918,0.0757101570992333,49,58,15.350000000000001,59.0,0.7044854881266491,0.14722955145118732,0.1122,938,2963,0.1,0.15,30
20,10,true,,0.08088787367241121,0.21778435085203765,0.1393748420637585,14,16,1.0,19.0,0.7136850152905199,0.0,0.2858,939,2964,0.1,0.15,30
20,10,true,,0.08381756532892992,0.17482274354602312,0.09933468872073978,14,17,1.0,19.0,0.7207174231332357,0.0,0.2916,940,2965,0.1,0.15,30
20,10,false,,0.08343167246841489,0.15797882946961375,0.09127949143265487,11,15,1.0,19.0,0.6553630667158128,0.0,0.2804,941,2966,0.1,0.15,30
30,15,true,,0.07999681366022199,0.28166907758580706,0.20625544472338733,22,26,3.0,29.0,0.8221626452189454,0.17873100983020554,0.2128,941,2966,0.1,0.15,30
20,10,true,,0.09725344250454701,0.403159372506588,0.2967297874571332,14,16,2.0,19.0,0.8969942586963864,0.0,0.314,942,2967,0.1,0.15,30
20,10,false,,0.12767009564692827,0.1332881622917133,0.008823212094280802,12,16,1.0,19.0,0.5249414127887513,0.0,0.2972,943,2968,0.1,0.15,30
30,15,false,,0.12343248136685699,0.11663661366902704,-0.005959773421328578,9,4,1.0,28.0,0.48251501236312255,0.045566937477922995,0.2856,943,2968,0.1,0.15,30
40,20,false,,0.12069525121354449,0.13374094805622172,0.02250555824745136,23,31,2.0,39.0,0.559622641509434,0.23471698113207548,0.2746,943,2968,0.1,0.15,30
50,25,false,,0.11985415892159747,0.13199879948083165,0.0226545764170136,27,16,5.0,49.0,0.5667055620381175,0.08012446518864255,0.284,943,2968,0.1,0.15,30
60,30,true,,0.11428139079092998,0.3430790139914875,0.2193407832093533,52,53,39.0,59.0,0.8909878000787091,0.004722550177095631,0.244,943,2968,0.1,0.15,30
20,10,false,,0.11452792460361409,0.12565165940626555,0.04719625492377154,9,1,1.0,19.0,0.5417468257021931,0.0,0.2412,944,2969,0.1,0.15,30
30,15,false,,0.1272072026483684,0.12559309543047362,0.030231382642699534,9,5,1.0,28.0,0.5401151631477927,0.06679462571976967,0.281,944,2969,0.1,0.15,30
40,20,true,,0.11270271084092101,0.397841979607603,0.30262154846548334,30,36,1.0,39.0,0.7087175188600168,0.21374685666387258,0.2436,944,2969,0.1,0.15,30
20,10,false,,0.11941336576148362,0.12272137906604855,0.0033524203722142265,10,17,1.0,19.0,0.5091923834537098,0.0,0.2878,945,2970,0.1,0.15,30
30,15,false,,0.140640279741208,0.13039169141109822,-0.017740445582190983,14,1,1.0,29.0,0.47764960346070656,0.12869502523431867,0.2466,945,2970,0.1,0.15,30
40,20,false,,0.1264825895398079,0.1302260690399254,0.01202205587985472,13,5,1.0,37.0,0.5534082923401265,0.13703443429374562,0.2656,945,2970,0.1,0.15,30
50,25,true,,0.12555948232599348,0.17790632295433623,0.06729626185971262,34,46,4.0,49.0,0.7049235993208829,0.13514431239388794,0.2288,945,2970,0.1,0.15,30
20,10,false,,0.09379266560792104,0.17338305203411167,0.09268888526907743,13,16,1.0,19.0,0.6570804514015289,0.0,0.268,946,2971,0.1,0.15,30
30,15,false,,0.1015412984975449,0.16286301001682313,0.07694550378675777,21,28,4.0,29.0,0.6958997722095672,0.19665907365223995,0.2658,946,2971,0.1,0.15,30
40,20,true,,0.11374383088931384,0.18988220738938782,0.10272937679046605,24,35,1.0,38.0,0.7222428518380988,0.20497586334942444,0.2704,946,2971,0.1,0.15,30
20,10,false,,0.08966126530137926,0.06623902976319282,-0.03537386420678626,7,1,1.0,18.0,0.3885377159713443,0.0,0.2218,947,2972,0.1,0.15,30
30,15,true,,0.0978058578738757,0.34827220329926756,0.25750104676161967,22,24,4.0,29.0,0.8246828143021915,0.15455594002306805,0.284,947,2972,0.1,0.15,30
20,10,false,,0.12339457889612397,0.17200580034710827,0.061873108052389846,12,15,2.0,19.0,0.6600609756097561,0.0,0.3156,948,2973,0.1,0.15,30
30,15,false,,0.12043515952293361,0.1750186774745868,0.08089019350825008,20,27,1.0,29.0,0.6423746889441877,0.18378954852470672,0.2718,948,2973,0.1,0.15,30
40,20,false,,0.13876084480134332,0.11587123389943324,-0.02672518220676555,15,5,1.0,38.0,0.4143526866209881,0.12549585286693113,0.2344,948,2973,0.1,0.15,30
50,25,false,,0.12261512809787105,0.18136156933682537,0.060619735525428986,40,45,10.0,49.0,0.6741854636591479,0.13784461152882205,0.2512,948,2973,0.1,0.15,30
60,30,false,,0.13106329319732524,0.15105557071304282,0.05139214535539115,28,56,1.0,58.0,0.5802715654952076,0.025958466453674122,0.1714,948,2973,0.1,0.15,30
20,10,false,,0.28794766392686943,0.07823842015636132,-0.22631702625121675,4,1,1.0,18.0,0.21626831148804934,0.0,0.23,949,2974,0.1,0.15,30
30,15,true,,0.09928407968613584,0.31573342185524733,0.21825494461529288,24,27,1.0,29.0,0.723630417007359,0.26533115290269826,0.2306,949,2974,0.1,0.15,30
20,10,false,,0.11626030856289145,0.15242665482184825,0.05449092033163084,9,1,1.0,19.0,0.6345646437994723,0.0,0.2968,950,2975,0.1,0.15,30
30,15,false,,0.11792706608264976,0.4942177201418967,0.3783251058577296,26,26,16.0,29.0,0.7879646017699115,0.3511504424778761,0.2548,950,2975,0.1,0.15,30
40,20,false,,0.13590119685406413,0.13714469415960434,0.015972564072322087,22,4,1.0,38.0,0.5373689550219818,0.15657761244504564,0.2676,950,2975,0.1,0.15,30
50,25,false,,0.13869136869632886,0.1323051185145012,-0.0012573305953030856,15,3,1.0,47.0,0.4946086956521739,0.08556521739130435,0.2394,950,2975,0.1,0.15,30
60,30,false,,0.14401479077061344,0.1289535147969797,-0.016197751500547905,12,8,2.0,25.0,0.42362982929020665,0.008984725965858042,0.1428,950,2975,0.1,0.15,30
20,10,false,,0.15357501343405802,0.15387540281476209,0.0003616162340018478,10,1,1.0,19.0,0.5,0.0,0.2562,951,2976,0.1,0.15,30
30,15,true,,0.11661359193122736,0.3312507439954939,0.2171507966353973,24,26,2.0,29.0,0.7843069478050466,0.22606291047355687,0.2714,951,2976,0.1,0.15,30
20,10,false,,0.1313526617853099,0.14684328733269464,0.02835022251526209,11,15,1.0,19.0,0.5839030453697949,0.0,0.316,952,2977,0.1,0.15,30
30,15,false,,0.12718248013929115,0.10384075731266089,-0.03390115196216002,14,1,1.0,28.0,0.40842556229917887,0.07104605498036416,0.2444,952,2977,0.1,0.15,30
40,20,true,,0.11656189866965384,0.28103798483179215,0.18036092469437798,30,35,2.0,39.0,0.7680897250361794,0.2626628075253256,0.2686,952,2977,0.1,0.15,30
20,10,false,,0.1133100387772194,0.1062149235581997,0.0009313867337293266,9,17,1.0,19.0,0.5019496632399858,0.0,0.2736,953,2978,0.1,0.15,30
30,15,true,,0.10371587703497961,0.2065184385087125,0.10337682415143053,23,26,3.0,29.0,0.732620320855615,0.2215431627196333,0.27,953,2978,0.1,0.15,30
20,10,false,,0.08779685468342166,0.36698996168042125,0.278155359175289,15,16,2.0,19.0,0.8008948545861297,0.0,0.272,954,2979,0.1,0.15,30
30,15,false,,0.10002665662382669,0.16188755091636342,0.06961257288851538,21,26,3.0,29.0,0.6630222569308863,0.19328387348691917,0.2684,954,2979,0.1,0.15,30
40,20,false,,0.17445338309428224,0.08492590865678591,-0.095867257552014,6,1,1.0,37.0,0.2475022706630336,0.049954586739327886,0.2004,954,2979,0.1,0.15,30
50,25,false,,0.09673713873775111,0.22772239214815068,0.12013735199377296,46,46,35.0,49.0,0.7072477498815727,0.016106110847939364,0.1508,954,2979,0.1,0.15,30
60,30,false,,0.12540103990919133,0.09964949057251887,-0.020553065546124613,10,2,1.0,58.0,0.45384218669417226,0.02888086642599278,0.1122,954,2979,0.1,0.15,30
20,10,false,,0.14296583026973012,0.14939876472532707,0.0063256259745242405,10,2,1.0,19.0,0.51119039896205,0.0,0.2888,955,2980,0.1,0.15,30
30,15,false,,0.14169480836968312,0.08710360481105899,-0.0730401662087573,12,3,1.0,26.0,0.22955867259664728,0.023605884365378037,0.2718,955,2980,0.1,0.15,30
40,20,true,,0.10918300165701841,0.32123101125027054,0.20963977405421957,34,36,13.0,39.0,0.8178309532998842,0.29834040910845233,0.2722,955,2980,0.1,0.15,30
20,10,false,,0.09045095731648456,0.1350833160382707,0.05112438041303226,13,15,1.0,19.0,0.6479889996562392,0.0,0.297,956,2981,0.1,0.15,30
30,15,false,,0.11932705179383385,0.09528990773461529,-0.037335283742985795,11,2,1.0,27.0,0.4140900195694716,0.026223091976516635,0.2774,956,2981,0.1,0.15,30
40,20,false,,0.1382762649034385,0.1579936238713823,0.05309739715556634,19,2,1.0,38.0,0.5360323886639676,0.20121457489878541,0.2676,956,2981,0.1,0.15,30
50,25,false,,0.1173798402950875,0.12434620665686726,0.01506916698508573,20,25,3.0,47.0,0.552366175329713,0.14119472459270752,0.2772,956,2981,0.1,0.15,30
60,30,false,,0.12720932970155618,0.13310713724941517,0.012446529380850321,39,55,1.0,58.0,0.539334637964775,0.12563600782778864,0.2334,956,2981,0.1,0.15,30
20,10,false,,0.09949995531465762,0.1474356780476835,0.057917968917192794,14,16,2.0,19.0,0.6529571719918423,0.0,0.3052,957,2982,0.1,0.15,30
30,15,true,,0.1093326406891138,0.4011867204621758,0.29423937606704564,23,25,2.0,29.0,0.8246268656716418,0.22313432835820896,0.288,957,2982,0.1,0.15,30
20,10,false,,0.10496867747207968,0.17655754310820346,0.08727548650285735,12,16,1.0,19.0,0.6685599732709656,0.0,0.3122,958,2983,0.1,0.15,30
30,15,false,,0.10273400769779509,0.10564395788092505,0.0019133042894246832,14,25,1.0,29.0,0.5035545023696683,0.12164296998420221,0.2556,958,2983,0.1,0.15,30
40,20,true,,0.11067624283859195,0.43333380544904776,0.3215373012628609,34,35,3.0,39.0,0.8174539631705364,0.22377902321857485,0.275,958,2983,0.1,0.15,30
20,10,true,,0.09884436647692836,0.25922531748873867,0.1714273161511455,14,16,3.0,19.0,0.8150307742144477,0.0,0.3124,959,2984,0.1,0.15,30
20,10,true,,0.07241955843471243,0.3306383506639204,0.25039276113201137,14,16,2.0,19.0,0.8048117966627862,0.0,0.276,960,2985,0.1,0.15,30
20,10,true,,0.11141038481597292,0.26876942031191875,0.166930600113715,14,15,2.0,19.0,0.7529683377308707,0.0,0.306,961,2986,0.1,0.15,30
20,10,true,,0.079764033362669,0.17162345756104766,0.11031082913730937,13,16,2.0,19.0,0.7387862796833773,0.0,0.2788,962,2987,0.1,0.15,30
20,10,false,,0.12180355438629145,0.17996773953890946,0.07693447176760856,13,16,2.0,19.0,0.6858461538461539,0.0,0.3038,963,2988,0.1,0.15,30
30,15,false,,0.12074825348323316,0.15319392017917546,0.04728302395479639,23,26,2.0,29.0,0.6024866785079929,0.2561278863232682,0.2546,963,2988,0.1,0.15,30
40,20,false,,0.15547793912019023,0.09786043327355032,-0.07195837430264293,12,4,1.0,37.0,0.31669865642994244,0.09980806142034548,0.265,963,2988,0.1,0.15,30
50,25,false,,0.11340344868758125,0.15037092488660428,0.0611621640957653,30,46,2.0,48.0,0.6614770459081837,0.10219560878243512,0.252,963,2988,0.1,0.15,30
60,30,false,,0.1275459367994657,0.13500433782346366,0.017928776051840886,48,55,2.0,59.0,0.5369747899159664,0.046218487394957986,0.1628,963,2988,0.1,0.15,30
20,10,false,,0.10843344036215473,0.1467433131600669,0.046662357018197834,11,14,1.0,19.0,0.6405648267008985,0.0,0.3178,964,2989,0.1,0.15,30
30,15,false,,0.11795873668518049,0.11612343047981367,0.0011773963854999348,16,1,1.0,29.0,0.5060468631897204,0.13340891912320485,0.2602,964,2989,0.1,0.15,30
40,20,false,,0.122939097044026,0.08835789992251925,-0.046538467634089004,12,3,1.0,31.0,0.3327862125564218,0.054985638079606075,0.2366,964,2989,0.1,0.15,30
50,25,false,,0.12396637026269003,0.10793554221477242,-0.011276236549956145,13,6,2.0,34.0,0.4469490866692577,0.10104935872522347,0.2742,964,2989,0.1,0.15,30
60,30,false,,0.11499408344378088,0.46574100029673615,0.3311468653048341,55,55,36.0,59.0,0.9172025723472669,0.01567524115755627,0.2178,964,2989,0.1,0.15,30
20,10,false,,0.15533760983167397,0.0809306568992529,-0.08853476650037496,8,8,1.0,19.0,0.2811832875876792,0.0,0.3106,965,2990,0.1,0.15,30
30,15,false,,0.11142403711698194,0.12932752926723212,0.03419238279007725,19,26,2.0,29.0,0.559008509064003,0.15057343692193859,0.2842,965,2990,0.1,0.15,30
40,20,false,,0.2009475740581281,0.08535686855351299,-0.12238539911496875,8,3,1.0,36.0,0.23410404624277456,0.07184145334434351,0.2192,965,2990,0.1,0.15,30
50,25,false,,0.1127023961414351,0.1921481256524581,0.09213202316482158,38,46,6.0,49.0,0.6794712928541925,0.137546468401487,0.2642,965,2990,0.1,0.15,30
60,30,false,,0.12535085517419275,0.12574854658979273,0.0002843884928468432,34,53,2.0,58.0,0.5024096385542168,0.07349397590361446,0.2626,965,2990,0.1,0.15,30
20,10,false,,0.1174959308108166,0.1183774310184654,0.008602789554048043,12,16,1.0,19.0,0.5076441973592772,0.0,0.2644,966,2991,0.1,0.15,30
30,15,true,,0.10159719436744573,0.24388344431820932,0.14886221401294208,24,26,7.0,29.0,0.7495284798189362,0.2591474915126367,0.2818,966,2991,0.1,0.15,30
20,10,false,,0.07821214759706074,0.1881096739412201,0.1115418740111348,15,16,2.0,19.0,0.7426112981668537,0.0,0.2734,967,2992,0.1,0.15,30
30,15,false,,0.094574694582162,0.1501706815198964,0.07055060781108398,15,6,2.0,29.0,0.6862215360864531,0.10343496719413355,0.3038,967,2992,0.1,0.15,30
40,20,true,,0.10588601363082527,0.2293314895293888,0.1291833361726061,33,36,2.0,39.0,0.7313242784380306,0.25254668930390495,0.2554,967,2992,0.1,0.15,30
20,10,false,,0.1541662234315516,0.12057436165217042,-0.044532540892385813,6,2,1.0,19.0,0.42032492222606294,0.0,0.2748,968,2993,0.1,0.15,30
30,15,false,,0.10387656332745163,0.22982400186512572,0.12588929766549833,25,27,8.0,29.0,0.6574694521087899,0.29404808829325974,0.2424,968,2993,0.1,0.15,30
40,20,false,,0.10062531859702764,0.19473253478848146,0.11649064204868295,32,36,2.0,39.0,0.6026827012025902,0.13829787234042554,0.1796,968,2993,0.1,0.15,30
50,25,false,,0.09611654595897046,0.10950559323743032,0.007635911452318178,40,44,14.0,49.0,0.5365251727541954,0.04244817374136229,0.145,968,2993,0.1,0.15,30
60,30,false,,0.28031157784794536,0.0987019244189741,-0.18133476966205392,7,4,1.0,31.125,0.15884861407249468,0.051705756929637525,0.1604,968,2993,0.1,0.15,30
20,10,false,,0.10356171791916936,0.7085539067667521,0.5913000056064952,17,18,3.674999999999997,19.0,0.9062038404726735,0.0,0.2532,969,2994,0.1,0.15,30
30,15,false,,0.1253197405527905,0.09383790776293718,-0.03275930429939498,12,5,1.4249999999999972,27.0,0.37842846553002224,0.04707190511489993,0.2892,969,2994,0.1,0.15,30
40,20,false,,0.12042766873493703,0.1392629411218274,0.05094692825052176,21,3,1.0,39.0,0.6217242688947968,0.16293201671097607,0.2726,969,2994,0.1,0.15,30
50,25,false,,0.21990357273803482,0.12462123041108585,-0.09250425588147779,6,2,1.0,48.0,0.3947069943289225,0.0446124763705104,0.2298,969,2994,0.1,0.15,30
60,30,true,,0.1336666748950692,0.259124135219048,0.1448640528216872,48,55,1.0,58.0,0.7423487544483985,0.03523131672597865,0.2202,969,2994,0.1,0.15,30
20,10,false,,0.10566309030468178,0.11320646209663782,0.013359838999560655,10,5,1.0,19.0,0.5340537000654879,0.0,0.3084,970,2995,0.1,0.15,30
30,15,false,,0.10710704866278974,0.10818032849808679,0.009059340403336162,15,2,1.0,29.0,0.5216637781629117,0.12261698440207973,0.2134,970,2995,0.1,0.15,30
40,20,false,,0.23513427110960977,0.10556533739573523,-0.14244883133533343,5,1,1.0,38.0,0.35335379219640506,0.060938185006576065,0.2136,970,2995,0.1,0.15,30
50,25,true,,0.11469202592639235,0.23049315498139458,0.11178965478854141,42,44,24.0,49.0,0.7685505574778931,0.1453287197231834,0.264,970,2995,0.1,0.15,30
20,10,false,,0.15282851882328133,0.3032294517975093,0.14872053137643093,14,16,2.0,19.0,0.6907715582450832,0.0,0.3252,971,2996,0.1,0.15,30
30,15,false,,0.18949695351842402,0.0980578701101741,-0.1153100406863895,7,3,1.0,26.0,0.19156587119973847,0.01928734880679961,0.2722,971,2996,0.1,0.15,30
40,20,false,,0.1402512580687632,0.10081432459647899,-0.04146772569975636,17,38,2.0,39.0,0.4197150558336542,0.08201771274547555,0.2246,971,2996,0.1,0.15,30
50,25,false,,0.13751727625926605,0.08714385494792715,-0.06266881457904483,20,21,2.0,46.0,0.2874630645842127,0.1490080202617138,0.1968,971,2996,0.1,0.15,30
60,30,false,,0.19822949047679012,0.07921220439357382,-0.14018323907968427,9,3,1.0,34.0,0.08472400513478819,0.13093709884467267,0.0702,971,2996,0.1,0.15,30
20,10,false,,0.14492793256639835,0.13382447355517163,-0.013250975195529147,13,15,1.0,19.0,0.4696268886833179,0.0,0.3062,972,2997,0.1,0.15,30
30,15,true,,0.12515404744283484,0.42905889174648854,0.31105808313884126,24,26,2.0,29.0,0.71922024623803,0.2807797537619699,0.2684,972,2997,0.1,0.15,30
20,10,false,,0.12070502223772274,0.11032549961221223,-0.010671673560031167,9,4,1.0,19.0,0.4685466377440347,0.0,0.313,973,2998,0.1,0.15,30
30,15,true,,0.10668563024274573,0.22922257036047552,0.1411165060902069,22,26,1.0,29.0,0.7181715149225538,0.1881375141669815,0.2738,973,2998,0.1,0.15,30
20,10,false,,0.12641932252023208,0.39746017582653,0.2861345314491567,15,17,1.0,19.0,0.7260593927260593,0.0,0.289,974,2999,0.1,0.15,30
30,15,false,,0.13973817367661046,0.11939613472611905,-0.01955767977789781,13,1,1.0,28.15000000000009,0.4462081128747795,0.1019400352733686,0.264,974,2999,0.1,0.15,30
40,20,false,,0.12832375060737516,0.12658567407221588,-0.0042739764240873335,22,37,2.0,39.0,0.49232379623168177,0.16957431960921143,0.2508,974,2999,0.1,0.15,30
50,25,false,,0.12571371476082197,0.13628909435614445,0.019276339622744276,18,9,2.0,47.0,0.5800488315312173,0.09801185908615277,0.2728,974,2999,0.1,0.15,30
60,30,false,,0.1322575421391209,0.14143121095797304,0.009587885960453929,37,44,2.0,57.0,0.5446579036063364,0.10650488709133805,0.2152,974,2999,0.1,0.15,30
20,10,false,,0.1125152562281661,0.4626376947338057,0.3559148301529656,15,16,1.0,19.0,0.6746499631540163,0.0,0.2804,975,3000,0.1,0.15,30
30,15,false,,0.13531604647359807,0.09835746381241868,-0.048443626787458005,11,2,1.0,29.0,0.4314056563951034,0.1118615449556775,0.213,975,3000,0.1,0.15,30
40,20,false,,0.09643566101476436,0.11384649065140659,0.0302077803804459,27,28,2.0,39.0,0.5890221402214022,0.246309963099631,0.182,975,3000,0.1,0.15,30
50,25,true,,0.08720354232886683,0.41444764814953394,0.33369274562613943,44,46,29.0,49.0,0.9333333333333333,0.042708333333333334,0.118,975,3000,0.1,0.15,30
20,10,false,,0.12042377002275749,0.2230527017669049,0.11916553439447282,14,16,2.0,19.0,0.6501925545571245,0.0,0.2964,976,3001,0.1,0.15,30
30,15,false,,0.1271353148763912,0.11000835919266479,-0.02639307379761889,12,6,1.0,28.0,0.4161927065908331,0.046169287387085985,0.3044,976,3001,0.1,0.15,30
40,20,false,,0.12995983752669737,0.09092142573463773,-0.05170328381710401,12,3,1.0,36.0,0.2971825549980702,0.15901196449247396,0.2566,976,3001,0.1,0.15,30
50,25,false,,0.12518176725877794,0.11091855990502353,-0.016874835485766543,28,46,2.0,48.0,0.4517012123582323,0.15643332029722332,0.2728,976,3001,0.1,0.15,30
60,30,false,,0.20275790278850372,0.10831967738013952,-0.0959273601824153,6,4,1.0,22.0,0.2331820057779612,0.004127115146512587,0.1816,976,3001,0.1,0.15,30
20,10,false,,0.14874228651986926,0.14256289489716942,-0.010133135846201097,12,16,1.0,19.0,0.48772712782913613,0.0,0.2822,977,3002,0.1,0.15,30
30,15,false,,0.13662387706367432,0.11213197082295587,-0.02715540964663144,15,2,1.0,29.0,0.42108820547482256,0.13112538019601216,0.2774,977,3002,0.1,0.15,30
40,20,true,,0.11566687092856054,0.44336319757960013,0.3335571188353172,34,36,24.0,39.0,0.8579881656804734,0.33949704142011833,0.2508,977,3002,0.1,0.15,30
20,10,false,,0.10159212644515718,0.2767761259084807,0.197316433025712,14,16,1.0,19.0,0.6902115453567587,0.0,0.293,978,3003,0.1,0.15,30
30,15,false,,0.10842341027382457,0.15980996361652922,0.06076721332995161,21,26,1.0,29.0,0.6207642393655372,0.14852198990627252,0.2768,978,3003,0.1,0.15,30
40,20,true,,0.10893960892598997,0.21420827336642356,0.12549270036237528,25,37,4.0,39.0,0.758854559155991,0.1944235116804823,0.2922,978,3003,0.1,0.15,30
20,10,false,,0.09647472647858421,0.14527903477550608,0.06755251393846176,13,17,1.0,19.0,0.6486988847583643,0.0,0.2832,979,3004,0.1,0.15,30
30,15,false,,0.08705103059125015,0.11229902437181653,0.03114410125918192,19,23,2.0,29.0,0.5721304153640018,0.12952210808396605,0.1794,979,3004,0.1,0.15,30
40,20,true,,0.0816367388671005,0.25725772275735875,0.18577680181207382,34,34,24.0,39.0,0.868771583621115,0.38529847064627526,0.1156,979,3004,0.1,0.15,30
20,10,false,,0.14691235076952547,0.1562513005098499,0.014915342477078375,9,1,1.0,19.0,0.5414944356120827,0.0,0.31,980,3005,0.1,0.15,30
30,15,false,,0.12933035658062686,0.14746414596005172,0.03471532146555791,20,27,3.0,29.0,0.5886637112096264,0.19886003799873336,0.2834,980,3005,0.1,0.15,30
40,20,false,,0.12007011502192601,0.18598582591011995,0.08443182837911109,33,35,4.0,39.0,0.6598198198198199,0.2972972972972973,0.2502,980,3005,0.1,0.15,30
50,25,false,,0.13131799302525327,0.16317703032813644,0.03820730209402669,39,45,2.0,49.0,0.597629009762901,0.10460251046025104,0.232,980,3005,0.1,0.15,30
60,30,false,,0.14999697874149306,0.12947409066982812,-0.023204984880849655,14,1,1.0,37.0,0.3817184643510055,0.056672760511883,0.177,980,3005,0.1,0.15,30
20,10,false,,0.1490753255659733,0.11077048090344072,-0.05521277313319094,11,17,1.0,19.0,0.3319736429243803,0.0,0.3036,981,3006,0.1,0.15,30
30,15,false,,0.1579018559373046,0.12202628028702837,-0.042294925371323955,8,3,1.0,28.0,0.3994509265614276,0.04735758407687028,0.241,981,3006,0.1,0.15,30
40,20,false,,0.1365810286133313,0.12107613920482439,-0.014536458273227748,15,36,1.0,38.0,0.4521926671459382,0.12940330697340044,0.2548,981,3006,0.1,0.15,30
50,25,false,,0.13132286301215024,0.139678045425859,0.024989882139488814,14,5,1.0,47.0,0.5651705565529623,0.11526032315978456,0.2186,981,3006,0.1,0.15,30
60,30,true,,0.13403584483260034,0.20585799618269676,0.07985960919216409,49,56,31.0,59.0,0.7441860465116279,0.0549376474553421,0.2068,981,3006,0.1,0.15,30
20,10,false,,0.11087284191334024,0.4767063903415186,0.35984635781245394,15,17,3.0,19.0,0.8684477510990869,0.0,0.295,982,3007,0.1,0.15,30
30,15,false,,0.11876142028556337,0.11479590852813766,-0.004762454047435374,15,26,2.0,29.0,0.48196496049467535,0.1370663002404672,0.2828,982,3007,0.1,0.15,30
40,20,false,,0.2353763596757741,0.10404386083831473,-0.1477433242045396,5,3,1.0,20.0,0.21693121693121692,0.0007558578987150416,0.2376,982,3007,0.1,0.15,30
50,25,true,,0.12307390218996943,0.34330030981173054,0.2279515920424502,42,46,15.0,49.0,0.745799853907962,0.091672753834916,0.248,982,3007,0.1,0.15,30
20,10,true,,0.09805752001903088,0.17726181499717103,0.09680379805162377,13,16,2.0,19.0,0.7083333333333334,0.0,0.2994,983,3008,0.1,0.15,30
20,10,false,,0.09208841991481509,0.6372099686223291,0.5498181283124234,16,17,6.0,19.0,0.9244022503516175,0.0,0.2814,984,3009,0.1,0.15,30
30,15,false,,0.1215863350161997,0.2023292174938814,0.10491841333919515,19,27,2.0,29.0,0.6742915670877433,0.18572891771935815,0.2986,984,3009,0.1,0.15,30
40,20,true,,0.1232971435137157,0.23184089858968424,0.11131675700511255,34,36,4.0,39.0,0.763303386316517,0.27850725639253626,0.2732,984,3009,0.1,0.15,30
20,10,false,,0.14659328864312074,0.1413855232714227,0.0020693063037023895,9,1,1.0,19.0,0.5061687229076359,0.0,0.287,985,3010,0.1,0.15,30
30,15,false,,0.13579727885352033,0.10546677959389868,-0.0403924516465019,14,24,1.0,29.0,0.38285914998243764,0.11204776958201616,0.273,985,3010,0.1,0.15,30
40,20,false,,0.1517733911948817,0.10969812504637974,-0.056270380802990225,10,4,1.0,35.0,0.31527093596059114,0.07987332864180155,0.2616,985,3010,0.1,0.15,30
50,25,true,,0.12110365802988998,0.3568298706229186,0.23482788485932876,41,46,2.0,49.0,0.7390631049167634,0.055361982191250485,0.2422,985,3010,0.1,0.15,30
20,10,true,,0.10628629803686131,0.2890137311525087,0.19887113023410058,14,17,1.0,19.0,0.7342778161713891,0.0,0.3032,986,3011,0.1,0.15,30
20,10,false,,0.15179961897038813,0.456878098622848,0.3240078683209059,15,16,2.0,19.0,0.7713583282114321,0.0,0.311,987,3012,0.1,0.15,30
30,15,false,,0.17353846832956168,0.1097396028854044,-0.08089470365060765,7,3,1.0,27.0,0.2662760416666667,0.026041666666666668,0.2778,987,3012,0.1,0.15,30
40,20,false,,0.15148640767195357,0.11282017587374801,-0.04803420132796646,16,5,1.0,39.0,0.37381537381537383,0.14075114075114076,0.2446,987,3012,0.1,0.15,30
50,25,false,,0.12567236906040005,0.1418844655560387,0.018728434673269956,40,45,4.0,49.0,0.5509632224168126,0.0819614711033275,0.2336,987,3012,0.1,0.15,30
60,30,false,,0.1558426141230828,0.12443864862184656,-0.025665622286310696,13,2,1.0,59.0,0.42900763358778626,0.014122137404580152,0.192,987,3012,0.1,0.15,30
20,10,false,,0.1322747358715256,0.16613289579720103,0.03969251022637414,12,15,2.0,19.0,0.6128734216199568,0.0,0.3164,988,3013,0.1,0.15,30
30,15,false,,0.2558775831243098,0.09957476972031502,-0.16225603521965776,5,1,1.0,27.0,0.23174481168332053,0.03689469638739431,0.2376,988,3013,0.1,0.15,30
40,20,true,,0.1037594190216656,0.3428076714046095,0.26381242105119596,34,37,8.0,39.0,0.8073921971252567,0.2406570841889117,0.23,988,3013,0.1,0.15,30
20,10,false,,0.04278509102634283,0.6116801469743325,0.5557488981363082,16,17,5.0,19.0,0.9320083682008368,0.0,0.1326,989,3014,0.1,0.15,30
30,15,false,,0.07639970006478265,0.06507245688419952,-0.015132552876898322,12,3,1.0,29.0,0.4205158968206359,0.14817036592681462,0.0726,989,3014,0.1,0.15,30
40,20,false,,0.04950615073295543,0.5515567244998361,0.5283422717856064,36,36,32.0,39.0,1.0,0.1568144499178982,0.0412,989,3014,0.1,0.15,30
50,25,true,,0.012034821758228733,0.06039256778138519,0.048357746023156456,16,16,16.0,16.0,1.0,0.0,0.0042,989,3014,0.1,0.15,30
20,10,true,,0.11127187659963807,0.20489753279966866,0.108945809859696,13,16,2.0,19.0,0.7139710509754562,0.0,0.326,990,3015,0.1,0.15,30
20,10,false,,0.08933844685971898,0.22665958394414373,0.13824586617097295,13,16,2.0,19.0,0.6884135472370766,0.0,0.283,991,3016,0.1,0.15,30
30,15,true,,0.07381955492714556,0.27507913321836974,0.21404748038573318,24,26,5.0,29.0,0.8114602587800369,0.20609981515711645,0.172,991,3016,0.1,0.15,30
20,10,false,,0.04617986572347421,0.5894981661890082,0.5589955792043312,16,17,5.0,19.0,0.9415520628683693,0.0,0.1532,992,3017,0.1,0.15,30
30,15,false,,0.1033298881791499,0.2154263833739754,0.1255566237986574,20,23,1.0,29.0,0.6811539902585237,0.13713001124016486,0.3068,992,3017,0.1,0.15,30
40,20,true,,0.1070120134613059,0.4632679168192157,0.34680924157591553,34,37,16.0,39.0,0.8944863149543831,0.39032130107100355,0.3102,992,3017,0.1,0.15,30
20,10,false,,0.13208893219790663,0.44856876343921553,0.32451927393398555,15,16,3.0,19.0,0.8009049773755657,0.0,0.3,993,3018,0.1,0.15,30
30,15,false,,0.13153407982086404,0.1396996049542549,0.01186195076886186,16,26,1.0,29.0,0.5262652146060218,0.13709160794362588,0.2912,993,3018,0.1,0.15,30
40,20,false,,0.13073674563812654,0.1342145215405998,0.008698546187256823,18,5,2.0,38.0,0.5243942914039164,0.13906405575838035,0.2496,993,3018,0.1,0.15,30
50,25,false,,0.13381096380333934,0.13715148151421191,0.004087730085513386,31,44,2.0,48.0,0.5133653187114462,0.08498971898560657,0.246,993,3018,0.1,0.15,30
60,30,false,,0.1338743434270911,0.16934215734985802,0.0495632308858286,43,57,1.0,59.0,0.6535739561217269,0.03786270346779901,0.1872,993,3018,0.1,0.15,30
20,10,false,,0.08155056067301629,0.42264271986474716,0.3429264466270919,16,16,5.0,19.0,0.9343601026769344,0.0,0.2902,994,3019,0.1,0.15,30
30,15,false,,0.6432854201585885,0.10496039646972331,-0.5531629299472516,3,1,1.0,28.0,0.2392886014551334,0.04890864995957963,0.2046,994,3019,0.1,0.15,30
40,20,false,,0.2080675463715282,0.11703772359093832,-0.10651946988576715,6,3,1.0,38.0,0.2986086336068498,0.13342846949696754,0.2196,994,3019,0.1,0.15,30
50,25,true,,0.1252893099639676,0.22390867879380294,0.1153848867717236,38,45,5.0,49.0,0.7687545520757465,0.10706482155863073,0.2562,994,3019,0.1,0.15,30
20,10,false,,0.15566943655904908,0.09136184199873955,-0.07389481996018699,8,2,1.0,19.0,0.29645027182603134,0.0,0.2924,995,3020,0.1,0.15,30
30,15,false,,0.11122029066355825,0.09592506098779134,-0.0126648087417491,19,26,3.0,29.0,0.45871559633027525,0.17737003058103976,0.23,995,3020,0.1,0.15,30
40,20,false,,0.09199874691965937,0.09903694025092383,0.01429523426750448,30,36,4.0,39.0,0.5551041137633317,0.22651091924834943,0.1248,995,3020,0.1,0.15,30
50,25,false,,0.24633186467761503,0.06491772699506464,-0.16506092294658667,5,4,1.0,21.0,0.08614668218859138,0.0,0.066,995,3020,0.1,0.15,30
60,30,false,,0.08602318759713465,0.6247574889045079,0.5309716367667454,56,56,50.0,59.0,0.928529238038984,0.0,0.0536,995,3020,0.1,0.15,30
20,10,false,,0.12349912389624684,0.1268644556827919,0.018313617013024516,9,16,1.0,19.0,0.5315221177290143,0.0,0.2838,996,3021,0.1,0.15,30
30,15,true,,0.1036723949343774,0.5768522925481926,0.46293373275497324,24,27,7.0,29.0,0.7783902976846747,0.28702682837192206,0.2766,996,3021,0.1,0.15,30
20,10,false,,0.18436867388455735,0.11288903024867324,-0.09790114154055463,7,1,1.0,18.0,0.31480241125251174,0.0,0.2658,997,3022,0.1,0.15,30
30,15,true,,0.1346454738411893,0.27247912125104096,0.1412319189428516,24,27,4.0,29.0,0.7420461634435433,0.24734872114784778,0.2882,997,3022,0.1,0.15,30
20,10,false,,0.06553134751049333,0.5170747519709328,0.45111152575750485,16,16,2.0,19.0,0.9048800661703887,0.0,0.2344,998,3023,0.1,0.15,30
30,15,false,,0.11964730267865571,0.13871049188337525,0.02705895365688446,15,1,1.0,28.0,0.5338613861386139,0.11287128712871287,0.2704,998,3023,0.1,0.15,30
40,20,false,,0.13021941748162105,0.12173336809832465,-0.004219730516564976,13,4,1.0,38.0,0.4944337811900192,0.1343570057581574,0.2686,998,3023,0.1,0.15,30
50,25,false,,0.12302847522200695,0.29461315415692924,0.185849997405326,42,45,2.0,49.0,0.6867517956903432,0.05426975259377494,0.2476,998,3023,0.1,0.15,30
60,30,true,,0.1186676164562228,0.1719577569472175,0.05534354860592518,44,52,14.0,58.0,0.758542996620353,0.10552009012392038,0.2296,998,3023,0.1,0.15,30
20,10,false,,0.17134942199521006,0.14890714969564706,-0.029246588554175168,10,4,1.0,19.0,0.44852498494882603,0.0,0.302,999,3024,0.1,0.15,30
30,15,false,,0.12031345016520255,0.13126304075520104,0.018568740428498556,21,25,2.0,29.0,0.5213458755426917,0.17293777134587554,0.252,999,3024,0.1,0.15,30
40,20,true,,0.1039748457541956,0.2917279566753866,0.1921326445313777,34,36,3.0,39.0,0.7009387572641931,0.17478766204738488,0.1886,999,3024,0.1,0.15,30
20,10,false,,0.12276319375968274,0.18721759757638234,0.089292043248753,11,18,2.0,19.0,0.6951026856240127,0.0,0.3154,1000,3025,0.1,0.15,30
30,15,true,,0.12035050335963125,0.48306129644637663,0.3703142064644317,24,26,4.0,29.0,0.8298599248377178,0.23402801503245643,0.2742,1000,3025,0.1,0.15,30
