analysis_day,n_observations,detected,elapsed_seconds,theta1_median,theta2_median,theta_diff_median,tau_median,tau_map,tau_q025,tau_q975,p_positive_effect,p_tau_near_truth,accepted_rate,rep,seed,true_theta1,true_theta2,true_t_star
20,10,false,,0.12158844582034846,0.13170234920624505,0.012524463930163404,11,1,1.0,19.0,0.5283592167454423,0.41255908170155303,0.2794,1,2026,0.1,0.2,15
30,15,false,,0.13796810240353113,0.14602634940781872,0.013348673997684996,14,2,1.0,28.0,0.534477279949158,0.19796631712742294,0.2966,1,2026,0.1,0.2,15
40,20,false,,0.14714237136693276,0.1746145645772326,0.043444576933165086,30,34,2.0,39.0,0.6324734446130501,0.1298937784522003,0.262,1,2026,0.1,0.2,15
50,25,true,,0.16466287895069665,0.22696369209897535,0.08287791642582845,38,47,1.0,48.0,0.7437367944461213,0.03259885300332025,0.2284,1,2026,0.1,0.2,15
20,10,false,,0.12125513665712326,0.16868693210638808,0.066337500035915,13,17,1.0,19.0,0.6318537859007833,0.49510443864229764,0.3004,2,2027,0.1,0.2,15
30,15,false,,0.12457386752073313,0.49178629127641527,0.3762388613841685,25,26,3.0,29.0,0.8434237995824635,0.1186499652052888,0.2818,2,2027,0.1,0.2,15
40,20,true,,0.1487361226551903,0.22755197183121673,0.08402268667246097,27,33,7.0,39.0,0.7612342720191732,0.13211503894547633,0.2684,2,2027,0.1,0.2,15
20,10,false,,0.10962496919321942,0.41156155734602284,0.30208625124219546,15,17,1.0,19.0,0.7673860911270983,0.5378554299417608,0.2862,3,2028,0.1,0.2,15
30,15,false,,0.11442526138707221,0.4255102473882736,0.31404991958769113,25,26,6.0,29.0,0.8046820405310972,0.1310272536687631,0.293,3,2028,0.1,0.2,15
40,20,false,,0.13222535655551998,0.16517057105556415,0.055552730544688574,25,2,1.0,39.0,0.6083892617449664,0.049664429530201344,0.2694,3,2028,0.1,0.2,15
50,25,false,,0.13964251357359372,0.44122408611368097,0.3064061260181413,45,46,31.0,49.0,0.9053872053872054,0.0,0.229,3,2028,0.1,0.2,15
60,30,true,,0.14588267915561806,0.3442935765375736,0.19951093383344312,48,49,33.224999999999994,56.0,0.9616393442622951,0.0,0.1652,3,2028,0.1,0.2,15
20,10,false,,0.12856818559325806,0.1608859060931385,0.03602486039223596,12,15,1.0,19.0,0.566174159069475,0.4690348946872053,0.3106,4,2029,0.1,0.2,15
30,15,false,,0.1426220417709443,0.20690472035690238,0.09035669393532378,24,26,2.0,29.0,0.6802656546489564,0.10879190385831752,0.2804,4,2029,0.1,0.2,15
40,20,false,,0.1641273824518424,0.1717134745867962,0.006705940961399343,11,4,1.0,33.0,0.5236437481868291,0.21496953872932986,0.2656,4,2029,0.1,0.2,15
50,25,true,,0.1635977236410781,0.24399845657957583,0.09630621762330649,33,44,10.0,49.0,0.7879640044994376,0.1372328458942632,0.2532,4,2029,0.1,0.2,15
20,10,false,,0.089437647462028,0.6474639335288171,0.5511204434813332,15,15,4.0,19.0,0.8804347826086957,0.7673233695652174,0.2996,5,2030,0.1,0.2,15
30,15,false,,0.11766972903931401,0.16117567340646372,0.06115452877173401,16,22,1.0,29.0,0.6273271276595744,0.19448138297872342,0.2958,5,2030,0.1,0.2,15
40,20,true,,0.13194143614425363,0.19501771889914263,0.08826802443933832,25,31,3.0,38.0,0.7261046693826386,0.0996552804763397,0.2752,5,2030,0.1,0.2,15
20,10,false,,0.12488057891864163,0.3262141354037825,0.20181308569856027,15,16,3.0,19.0,0.8008104738154613,0.6842269326683291,0.3094,6,2031,0.1,0.2,15
30,15,false,,0.13501204105969936,0.16823426323454319,0.049497057444750636,17,24,1.0,29.0,0.6146057072721693,0.20834611844123965,0.3064,6,2031,0.1,0.2,15
40,20,true,,0.1542891101864756,0.1960599986570624,0.07485828132381037,17,35,3.0,38.0,0.7152858809801633,0.2012835472578763,0.2724,6,2031,0.1,0.2,15
20,10,false,,0.12539632728637984,0.13664832396158103,0.017182585417430896,12,16,1.0,19.0,0.5332464146023468,0.4817470664928292,0.2846,7,2032,0.1,0.2,15
30,15,false,,0.13213459788807452,0.20167952210226858,0.08784139635245578,21,25,1.0,29.0,0.6842270304170587,0.16807776732518032,0.2726,7,2032,0.1,0.2,15
40,20,true,,0.14679324374656544,0.3853908058442854,0.24952617463790977,32,34,3.0,39.0,0.8591461514490496,0.07416640698036772,0.262,7,2032,0.1,0.2,15
20,10,false,,0.12260890111587029,0.13516381192914328,0.018540564861177875,12,18,2.0,19.0,0.5318943298969072,0.46198453608247425,0.3104,8,2033,0.1,0.2,15
30,15,false,,0.611742632232736,0.10520763318938156,-0.5169404200476314,2,1,1.0,28.0,0.15810276679841898,0.02806324110671937,0.1962,8,2033,0.1,0.2,15
40,20,false,,0.15142253959137936,0.14800079296935303,0.003919849547039056,12,3,1.0,38.0,0.5062417871222076,0.1478318002628121,0.2536,8,2033,0.1,0.2,15
50,25,true,,0.13827178627501271,0.20164822779314326,0.09677298789883759,22,18,3.0,48.0,0.8115006150061501,0.1875768757687577,0.2266,8,2033,0.1,0.2,15
20,10,false,,0.11808732151558127,0.2267432333927856,0.12836566316699916,15,17,1.0,19.0,0.7127486142810564,0.6237365503749592,0.2882,9,2034,0.1,0.2,15
30,15,false,,0.13789940107621382,0.19211714634711502,0.08697274771968588,17,24,1.6749999999999972,29.0,0.6771463119709794,0.14993954050785974,0.3002,9,2034,0.1,0.2,15
40,20,true,,0.1580445844283375,0.3475920898140681,0.20049649025077995,33,35,9.0,39.0,0.8203057398327084,0.057975194692818,0.2528,9,2034,0.1,0.2,15
20,10,false,,0.13063677549385846,0.11340166754482436,-0.021503033672685037,9,7,1.0,18.0,0.45542635658914726,0.3168604651162791,0.2978,10,2035,0.1,0.2,15
30,15,false,,0.11994213032724278,0.16449613686863956,0.07453920965987047,22,26,2.0,29.0,0.6628339533310788,0.10990869124112276,0.2822,10,2035,0.1,0.2,15
40,20,false,,0.14349293993051918,0.20343575106961623,0.07964781305856888,29,34,2.0,39.0,0.6689720213769255,0.05187048098082364,0.2624,10,2035,0.1,0.2,15
50,25,true,,0.15857649973482404,0.24057321746644686,0.1315032483134666,36,3,1.0,49.0,0.7263124199743918,0.03617157490396927,0.231,10,2035,0.1,0.2,15
20,10,true,,0.1322612932036711,0.31778344691531474,0.20155081707743447,14,16,1.0,19.0,0.7258899676375404,0.5601941747572815,0.2912,11,2036,0.1,0.2,15
20,10,false,,0.1091143593608466,0.19593508549744418,0.10939482345738603,13,15,2.0,19.0,0.697841726618705,0.5098103335513408,0.316,12,2037,0.1,0.2,15
30,15,false,,0.33508018696403175,0.14347441120632765,-0.229789202302003,5,1,1.0,29.0,0.4590347923681257,0.02319491208380097,0.2122,12,2037,0.1,0.2,15
40,20,true,,0.14412896363309574,0.3703047212190115,0.23146569530485223,34,35,21.0,39.0,0.8535980148883374,0.004962779156327543,0.2524,12,2037,0.1,0.2,15
20,10,true,,0.057253165963788266,0.21946269754156592,0.17632975957376223,14,16,1.0,19.0,0.733909702209414,0.5288184438040345,0.165,13,2038,0.1,0.2,15
20,10,true,,0.11469464115374899,0.27286726039427994,0.17010786906041853,14,16,2.0,19.0,0.7787356321839081,0.5795019157088123,0.32,14,2039,0.1,0.2,15
20,10,false,,0.1306361525424911,0.1942433313803328,0.08121708074783951,13,17,1.0,19.0,0.6521468574984443,0.5357809583074051,0.3252,15,2040,0.1,0.2,15
30,15,false,,0.15743997014585648,0.2252828482630968,0.10001188919326592,22,26,2.0,29.0,0.6903493191237419,0.14890467732386028,0.287,15,2040,0.1,0.2,15
40,20,true,,0.1656044341998737,0.21875643307603018,0.084171152763905,21,38,2.0,38.0,0.7423188405797101,0.11565217391304349,0.2582,15,2040,0.1,0.2,15
20,10,true,,0.1158718843447311,0.2842054373273519,0.18789263316377625,14,17,1.0,19.0,0.7194630872483222,0.5466442953020134,0.2946,16,2041,0.1,0.2,15
20,10,false,,0.1584914020876531,0.17374783482015704,0.026279173856707,11,16,1.0,19.0,0.5400717703349283,0.4123803827751196,0.3202,17,2042,0.1,0.2,15
30,15,false,,0.15074273758334578,0.5463608116356673,0.4083969278050299,25,27,12.0,29.0,0.9305983960518198,0.08235657001850709,0.2724,17,2042,0.1,0.2,15
40,20,false,,0.17587839099036084,0.16162198430898742,-0.03004922286298098,15,3,1.0,38.0,0.4148842660416056,0.17814239671842955,0.2464,17,2042,0.1,0.2,15
50,25,true,,0.1721518369920814,0.2908999958521164,0.12398662412866515,44,45,5.0,49.0,0.7849740932642487,0.005469199769717904,0.2162,17,2042,0.1,0.2,15
20,10,false,,0.22446899204452522,0.11443417462363904,-0.12322948372477623,6,3,1.0,18.0,0.281638846737481,0.24218512898330805,0.2948,18,2043,0.1,0.2,15
30,15,true,,0.1593598432359038,0.38735613186879175,0.2788316893507746,24,26,2.0,29.0,0.7952731737262124,0.11755678330263966,0.268,18,2043,0.1,0.2,15
20,10,false,,0.13048338130345766,0.2038446439784955,0.09565393586237847,13,17,2.0,19.0,0.6347361809045227,0.5172738693467337,0.304,19,2044,0.1,0.2,15
30,15,false,,0.12916114903806447,0.1408677874808026,0.019895009103812283,13,5,1.0,28.0,0.5560233160621761,0.17292746113989638,0.2716,19,2044,0.1,0.2,15
40,20,false,,0.14225299439525407,0.45565764756370714,0.3205808068447523,35,36,18.0,39.0,0.9273707580082461,0.03869330796067238,0.253,19,2044,0.1,0.2,15
50,25,false,,0.18427179358787693,0.1670318038003775,-0.009491842175558263,7,1,1.0,47.0,0.48814025438294945,0.07631488484015125,0.1994,19,2044,0.1,0.2,15
60,30,true,,0.15146307080096694,0.2006855231059108,0.08311420680260354,24,40,3.0,57.0,0.8129770992366412,0.17498532002348796,0.23,19,2044,0.1,0.2,15
20,10,false,,0.0782843193441536,0.6960639372190909,0.6032198095188046,16,16,9.0,19.0,0.944674444862627,0.828377869777945,0.273,20,2045,0.1,0.2,15
30,15,false,,0.11730795054453953,0.11412350583592196,-0.0024565638103582477,16,6,2.0,29.0,0.49406688241639696,0.1805106076950737,0.3064,20,2045,0.1,0.2,15
40,20,false,,0.11505131618057939,0.1579482369102998,0.05507599824316792,19,14,2.200000000000003,38.0,0.6814612495732332,0.22430863776032775,0.2886,20,2045,0.1,0.2,15
50,25,true,,0.13200231287564104,0.20103377602761996,0.09676844677875807,24,44,2.0,48.0,0.774657086871326,0.16917047681254083,0.2484,20,2045,0.1,0.2,15
20,10,false,,0.10104684208577663,0.21627952705624995,0.1375631130488098,12,15,1.0,19.0,0.6866952789699571,0.4859689666556619,0.3126,21,2046,0.1,0.2,15
30,15,false,,0.11521707133814264,0.13985790023256797,0.04553407942186963,17,26,2.0,29.0,0.6178343949044586,0.20311394196744514,0.2918,21,2046,0.1,0.2,15
40,20,false,,0.12124656547146126,0.15171903845377993,0.0429203778394711,23,33,2.0,38.0,0.6313348790990394,0.16528651871480624,0.2752,21,2046,0.1,0.2,15
50,25,true,,0.13422133837054864,0.22379744981565117,0.09505590485083512,36,40,9.0,48.0,0.7512468827930174,0.047069825436408974,0.239,21,2046,0.1,0.2,15
20,10,false,,0.09173400403926378,0.5222676596770206,0.4347880221345495,15,17,1.0,19.0,0.8146088246199481,0.5943641082684464,0.2708,22,2047,0.1,0.2,15
30,15,false,,0.11752375848716948,0.16457186174171,0.06787954244615857,16,25,2.0,29.0,0.6949327817993796,0.18717683557394002,0.2926,22,2047,0.1,0.2,15
40,20,true,,0.12740395683824954,0.17540082599913612,0.06948272719203855,18,36,2.0,37.0,0.7246143958868895,0.23875321336760927,0.2692,22,2047,0.1,0.2,15
20,10,false,,0.09346590988148826,0.669427492382645,0.5718885660383992,16,17,2.0,19.0,0.7828571428571428,0.6499047619047619,0.2464,23,2048,0.1,0.2,15
30,15,false,,0.12990970639850344,0.36053548143548825,0.2829413963711432,17,1,1.0,29.0,0.6149691358024691,0.10725308641975309,0.2178,23,2048,0.1,0.2,15
40,20,false,,0.13833211359486158,0.16225700240505483,0.036064094616544556,13,6,1.0,36.0,0.6003799873337555,0.14249525015832806,0.2804,23,2048,0.1,0.2,15
50,25,true,,0.14771400422761746,0.2067169694863606,0.08993035475733796,29,1,1.0,48.0,0.711327267022278,0.09695638531534358,0.2288,23,2048,0.1,0.2,15
20,10,false,,0.08590942282197085,0.20197535275580863,0.12284829843595188,15,17,2.0,19.0,0.7085571070533476,0.6670247046186896,0.2984,24,2049,0.1,0.2,15
30,15,false,,0.11532722805113987,0.16628009280052244,0.0758504633025672,11,3,1.0,28.0,0.6930184804928131,0.20499657768651608,0.2882,24,2049,0.1,0.2,15
40,20,false,,0.13141676280960413,0.16876118408269766,0.059136565855658726,17,7,2.0,36.0,0.6734565966781573,0.17173299905985584,0.282,24,2049,0.1,0.2,15
50,25,true,,0.15615639475367915,0.44552378511950763,0.2856771123424645,43,45,19.0,49.0,0.9510574018126888,0.022960725075528703,0.2282,24,2049,0.1,0.2,15
20,10,true,,0.1112810528002579,0.2163029680900634,0.11550854900473113,12,15,1.0,19.0,0.7652733118971061,0.4665594855305466,0.3038,25,2050,0.1,0.2,15
20,10,false,,0.18965450581090224,0.07834442328175978,-0.11418454291907634,6,1,1.0,19.0,0.34250398724082937,0.2715311004784689,0.2176,26,2051,0.1,0.2,15
30,15,false,,0.10313432517050553,0.15212551258221305,0.061051260659631006,21,26,2.0,29.0,0.6421514818880352,0.20014635931211122,0.3052,26,2051,0.1,0.2,15
40,20,false,,0.13545888041336587,0.12746388590617286,0.002754796161039852,12,5,1.0,38.0,0.5108370702541106,0.09753363228699552,0.2634,26,2051,0.1,0.2,15
50,25,true,,0.12098290454211125,0.3925104632988053,0.273272479464116,41,46,7.0,49.0,0.8577220788794693,0.030224843346848506,0.249,26,2051,0.1,0.2,15
20,10,false,,0.15877713263142063,0.19135387558096434,0.05231070228291047,12,17,1.0,19.0,0.5911552346570397,0.4645006016847172,0.3112,27,2052,0.1,0.2,15
30,15,false,,0.17048754504227298,0.1624645906868605,0.010540127902022162,11,1,1.0,29.0,0.5175297523319395,0.09327758121582502,0.258,27,2052,0.1,0.2,15
40,20,true,,0.15964694807774865,0.32795435540874457,0.19245575938150938,29,34,2.0,38.0,0.893998208420424,0.106001791579576,0.2428,27,2052,0.1,0.2,15
20,10,true,,0.09146145241406411,0.20163316620850502,0.11937922810161564,13,16,2.0,19.0,0.7055977885279889,0.5117484450587422,0.3138,28,2053,0.1,0.2,15
20,10,false,,0.12752250878049132,0.44023689702295826,0.3061582107820651,15,16,1.0,19.0,0.7538564721663313,0.5291750503018109,0.2998,29,2054,0.1,0.2,15
30,15,true,,0.14060900846456859,0.22301268964154963,0.09595047305072066,23,26,3.0,29.0,0.7149984409105082,0.1761771125662613,0.2798,29,2054,0.1,0.2,15
20,10,false,,0.17201686559514792,0.0803568797111141,-0.11050066709039086,5,1,1.0,16.0,0.2650253439536568,0.17342505430847213,0.2574,30,2055,0.1,0.2,15
30,15,true,,0.10922735344042223,0.3504854497548434,0.2529590758100988,23,27,5.0,29.0,0.833907649896623,0.1574776016540317,0.3,30,2055,0.1,0.2,15
20,10,false,,0.16858856678244266,0.19795604799243438,0.04613385732480804,12,17,1.0,19.0,0.5743727598566308,0.46206690561529273,0.3186,31,2056,0.1,0.2,15
30,15,true,,0.1648296946687971,0.2517798416413315,0.11885719490512825,21,25,2.0,29.0,0.7406674208144797,0.18665158371040724,0.2996,31,2056,0.1,0.2,15
20,10,true,,0.10292896980306866,0.23709452414217658,0.15317252997979564,13,16,2.0,19.0,0.7257161672703326,0.5788607178136319,0.3104,32,2057,0.1,0.2,15
20,10,false,,0.06798000177076001,0.239608496784143,0.17965422118874338,14,16,1.0,19.0,0.6977532852903773,0.5417549809241204,0.2096,33,2058,0.1,0.2,15
30,15,true,,0.09410697541340096,0.2565015579575486,0.17122326698941764,20,26,3.0,29.0,0.8661331393233903,0.22189887231720626,0.303,33,2058,0.1,0.2,15
20,10,true,,0.1052953317945371,0.18641891959375592,0.09304945782488178,13,15,2.0,19.0,0.7279507133592736,0.541828793774319,0.3254,34,2059,0.1,0.2,15
20,10,false,,0.13234574116318412,0.1256870897168689,-0.017574827924693004,12,14,1.0,19.0,0.4574171570145556,0.46763703933106227,0.3284,35,2060,0.1,0.2,15
30,15,false,,0.12758711547327214,0.17524648975533996,0.06081627670565756,19,23,3.0,28.0,0.6725341426403642,0.2534142640364188,0.302,35,2060,0.1,0.2,15
40,20,false,,0.14789463296178879,0.18995507669135192,0.07303145326965965,22,36,1.0,39.0,0.6884627475636592,0.12323168814838101,0.2638,35,2060,0.1,0.2,15
50,25,true,,0.14561063993856344,0.18730061077529556,0.05988535198474379,13,1,1.0,46.0,0.71024512884978,0.20741671904462602,0.2088,35,2060,0.1,0.2,15
20,10,true,,0.09679423610755572,0.22874274589919447,0.14368513772180264,12,15,1.0,19.0,0.7050017012589316,0.5069751616195985,0.2694,36,2061,0.1,0.2,15
20,10,false,,0.13510726882904017,0.3186738367735047,0.20681619988495692,15,16,2.0,19.0,0.7225047679593134,0.538779402415766,0.289,37,2062,0.1,0.2,15
30,15,false,,0.13587661853127145,0.6056065861422668,0.4691417018554625,25,26,10.0,29.0,0.8999681427206117,0.14686205798024848,0.2734,37,2062,0.1,0.2,15
40,20,true,,0.15702508387079744,0.2480729870774339,0.10862091545911498,31,34,2.0,39.0,0.745872641509434,0.07900943396226415,0.257,37,2062,0.1,0.2,15
20,10,false,,0.09656088670043045,0.08159368479597627,-0.01835894899662154,10,16,1.0,19.0,0.45285714285714285,0.40964285714285714,0.2576,38,2063,0.1,0.2,15
30,15,true,,0.10221283086286179,0.2774570818617842,0.18079252282372546,23,26,2.0,29.0,0.8075221238938053,0.18842182890855458,0.3008,38,2063,0.1,0.2,15
20,10,false,,0.10625525132872236,0.255429800336456,0.16435262871945566,14,16,1.0,19.0,0.6854009595613434,0.6055517477724469,0.2908,39,2064,0.1,0.2,15
30,15,true,,0.11973285976619392,0.29570847103759507,0.18920457320873885,21,25,2.0,29.0,0.7779947916666666,0.1220703125,0.2938,39,2064,0.1,0.2,15
20,10,false,,0.13527986353583954,0.15511112887054337,0.027558187423345204,11,16,1.0,19.0,0.5426962777604004,0.4422896465436347,0.332,40,2065,0.1,0.2,15
30,15,false,,0.15767429024302154,0.16680762175415859,0.007011432816282082,20,25,1.0,29.0,0.5361037430002947,0.15414087827880932,0.2882,40,2065,0.1,0.2,15
40,20,true,,0.16633336041766753,0.29422020441976793,0.1449381023096333,34,35,17.0,39.0,0.8039446570503386,0.028554607006181926,0.2474,40,2065,0.1,0.2,15
20,10,false,,0.12189991735670139,0.11276940157867234,-0.01791694363514794,9,6,1.0,19.0,0.4630041282946967,0.34995236583042233,0.307,41,2066,0.1,0.2,15
30,15,false,,0.8515066499819184,0.10631524419282361,-0.7489397488093417,1,1,1.0,12.0,0.052387575336114975,0.0296708391284191,0.1206,41,2066,0.1,0.2,15
40,20,true,,0.13688472872515708,0.20011903570240247,0.09747045458268724,32,35,2.0,39.0,0.7129010695187166,0.08723262032085562,0.2508,41,2066,0.1,0.2,15
20,10,false,,0.08559737163645552,0.21338548595554396,0.14615572115937558,13,16,1.0,19.0,0.6956856702619415,0.535824345146379,0.2664,42,2067,0.1,0.2,15
30,15,false,,0.17754796098061898,0.12172232144678488,-0.06524142825638132,7,1,1.0,29.0,0.43406148867313915,0.08535598705501618,0.2356,42,2067,0.1,0.2,15
40,20,false,,0.15021977825422303,0.15662967900128535,0.017322368815350153,24,1,1.0,38.0,0.5272532953330958,0.026362664766654793,0.2494,42,2067,0.1,0.2,15
50,25,true,,0.145745733639482,0.36235461246861944,0.22704372419662916,43,43,23.0,49.0,0.8925418569254185,0.013394216133942162,0.2466,42,2067,0.1,0.2,15
20,10,false,,0.10931701674434285,0.5157559662171329,0.40003579971346315,15,17,2.0,19.0,0.8150732728541521,0.6891137473831124,0.2868,43,2068,0.1,0.2,15
30,15,true,,0.13548916399445715,0.39820554343207093,0.2803608674926092,23,27,9.0,29.0,0.9058564231738035,0.1980478589420655,0.2864,43,2068,0.1,0.2,15
20,10,true,,0.10672004641355239,0.4446157010234673,0.3565508304163691,14,15,1.0,19.0,0.8460253841015364,0.6780227120908484,0.2988,44,2069,0.1,0.2,15
20,10,false,,0.06697697041629627,0.6313603914985155,0.5606443587278789,16,17,2.0,19.0,0.8751540041067761,0.7568788501026694,0.2232,45,2070,0.1,0.2,15
30,15,true,,0.1152506492186153,0.20969833884449487,0.10820710737276051,22,26,2.0,29.0,0.7222222222222222,0.16598079561042525,0.2912,45,2070,0.1,0.2,15
20,10,false,,0.1519970066862578,0.12063666281778017,-0.040357357475645506,8,4,1.0,19.0,0.41547732318426894,0.3171582619727244,0.2994,46,2071,0.1,0.2,15
30,15,false,,0.1337626811368753,0.20293995730187622,0.08168377492541043,21,25,3.0,29.0,0.6782742681047765,0.18089368258859784,0.2948,46,2071,0.1,0.2,15
40,20,false,,0.15527452496490637,0.17027168518771263,0.012905706868234529,20,18,1.0,38.0,0.5441888619854721,0.20641646489104115,0.2724,46,2071,0.1,0.2,15
50,25,true,,0.15556842957057104,0.2663241822791031,0.13641047992807384,35,45,3.0,48.0,0.9103787221740387,0.07776814108123735,0.245,46,2071,0.1,0.2,15
20,10,true,,0.12016010646405877,0.3331422576277744,0.23379818636083177,14,16,2.0,19.0,0.8189326556543838,0.5829097839898348,0.2984,47,2072,0.1,0.2,15
20,10,false,,0.14625893587571265,0.16988497249709336,0.03459602431046793,11,17,1.0,19.0,0.5501460564751705,0.439143135345667,0.2864,48,2073,0.1,0.2,15
30,15,true,,0.1577799248209646,0.2216595146073207,0.07212870552321762,23,26,3.0,29.0,0.7063655030800822,0.12907010853622763,0.2996,48,2073,0.1,0.2,15
20,10,true,,0.12701277134771255,0.21691781734697896,0.11955398146633991,13,17,1.9500000000000028,19.0,0.7014878125989237,0.5356125356125356,0.3018,49,2074,0.1,0.2,15
20,10,false,,0.1304613630165047,0.21287136971386558,0.11311275208033428,12,16,1.0,19.0,0.6424635332252836,0.4505672609400324,0.3168,50,2075,0.1,0.2,15
30,15,false,,0.15619411505822037,0.2021714873012154,0.07633210039638183,19,26,1.0,29.0,0.6500147797812592,0.1714454626071534,0.296,50,2075,0.1,0.2,15
40,20,false,,0.17592237411552664,0.17291456584500356,-0.0072466217142506395,30,36,1.0,39.0,0.48926905132192844,0.023017107309486782,0.2274,50,2075,0.1,0.2,15
50,25,true,,0.16382651500541096,0.2729976018877327,0.13222447113853733,35,44,4.0,48.0,0.8546936481169196,0.09443507588532883,0.2504,50,2075,0.1,0.2,15
20,10,true,,0.10954347941037333,0.5143580326629955,0.413058660918431,14,15,1.0,19.0,0.767816091954023,0.6042692939244664,0.2954,51,2076,0.1,0.2,15
20,10,false,,0.10217879936008194,0.3998181252659893,0.317450434415124,15,16,1.0,19.0,0.7427149964463398,0.6041222459132907,0.2888,52,2077,0.1,0.2,15
30,15,true,,0.11617329724166929,0.18721705161137456,0.08045936462128109,20,24,2.0,29.0,0.7499169711059449,0.167718365991365,0.2686,52,2077,0.1,0.2,15
20,10,false,,0.08642427987913504,0.0702670124572213,0.0006161662176258353,9,1,1.0,19.0,0.5053554040895814,0.36952288218111,0.1554,53,2078,0.1,0.2,15
30,15,false,,0.07845071714395824,0.0736502320942869,-0.00012181310639728521,7,2,1.0,28.225000000000136,0.4925799086757991,0.1404109589041096,0.1094,53,2078,0.1,0.2,15
40,20,false,,0.2760716629624684,0.06667543713230804,-0.21615103361252078,3,1,1.0,35.0,0.3927536231884058,0.07681159420289856,0.0408,53,2078,0.1,0.2,15
50,25,false,,0.0814266897453624,0.07958686683572264,-0.007131688584164242,8,4,1.0,18.0,0.48538409245411285,0.23793337865397687,0.053,53,2078,0.1,0.2,15
60,30,false,,0.07903877694150897,0.08996730725600013,0.010043239889229692,24,23,14.0,43.0,0.6138448707256047,0.18265221017514596,0.0346,53,2078,0.1,0.2,15
20,10,false,,0.10773360963543176,0.11418602962137356,0.016388385641170664,10,2,1.0,19.0,0.5496005326231691,0.37616511318242346,0.3026,54,2079,0.1,0.2,15
30,15,false,,0.14705392875464204,0.18917209561533183,0.08781072597008242,15,1,1.0,29.0,0.6149949341438703,0.1475852752448497,0.2712,54,2079,0.1,0.2,15
40,20,false,,0.16641890379093024,0.15479507070549403,-0.021180592956905164,10,1,1.0,37.0,0.45408486383787205,0.07441418619379354,0.245,54,2079,0.1,0.2,15
50,25,true,,0.1625382243579347,0.24782015402652552,0.09394397641127872,35,45,7.0,48.0,0.869784374124895,0.08401008120974517,0.2548,54,2079,0.1,0.2,15
20,10,false,,0.12183337999486246,0.15487149375105413,0.05453802287117285,12,15,2.0,19.0,0.6000615763546798,0.48060344827586204,0.3046,55,2080,0.1,0.2,15
30,15,true,,0.12475518229355403,0.21638903878970542,0.11846693458715243,20,26,2.0,29.0,0.7766709511568124,0.1243573264781491,0.2948,55,2080,0.1,0.2,15
20,10,false,,0.11757460169465844,0.12185123115800962,0.005984476775151598,9,4,1.0,19.0,0.522248243559719,0.33522917363666777,0.3098,56,2081,0.1,0.2,15
30,15,false,,0.1324940276879601,0.1669729976848723,0.06591617069998656,14,2,1.0,29.0,0.6316133246244284,0.18647942521227956,0.3002,56,2081,0.1,0.2,15
40,20,false,,0.14758198832359082,0.18241666038849882,0.05373459356515459,18,35,1.0,38.0,0.6390258939580764,0.14919852034525277,0.2632,56,2081,0.1,0.2,15
50,25,true,,0.14308051692498383,0.23031209759523769,0.10505689693861137,28,35,4.0,47.0,0.8675516224188791,0.09793510324483776,0.25,56,2081,0.1,0.2,15
20,10,true,,0.08455726682714654,0.19989754805877064,0.1337222319728193,12,16,1.0,19.0,0.7313540912382331,0.4844315713251267,0.3062,57,2082,0.1,0.2,15
20,10,false,,0.11616718664714709,0.0613345269959525,-0.0715382025139926,7,1,1.0,18.0,0.31232659532302814,0.27705112960760997,0.1966,58,2083,0.1,0.2,15
30,15,false,,0.09823005045526224,0.24550348401936473,0.15104861483442258,23,25,2.0,29.0,0.6805792163543442,0.1303236797274276,0.248,58,2083,0.1,0.2,15
40,20,true,,0.10582413321170739,0.21179177145025316,0.1041774476665571,31,35,13.0,39.0,0.7543859649122807,0.062166285278413426,0.2758,58,2083,0.1,0.2,15
20,10,true,,0.10183229030328576,0.26273704476115606,0.17430215867779153,14,16,2.0,19.0,0.7991467016737774,0.603216278306531,0.3032,59,2084,0.1,0.2,15
20,10,false,,0.10977638139305082,0.1216019943284166,0.032268504144423095,9,2,1.0,19.0,0.5639810426540285,0.34961720743711266,0.2818,60,2085,0.1,0.2,15
30,15,false,,0.11238117880623538,0.12051077450087014,0.015125733533796246,15,2,1.0,28.0,0.5469301340860974,0.17819336626676077,0.288,60,2085,0.1,0.2,15
40,20,false,,0.1294534410683459,0.7121734213467668,0.58198079309712,35,36,1.0,39.0,0.8053564692568842,0.05695963787250094,0.2058,60,2085,0.1,0.2,15
50,25,true,,0.14209825164540935,0.33750094612451176,0.20258272418780546,41,43,20.0,49.0,0.906152889993785,0.014605344934742076,0.2384,60,2085,0.1,0.2,15
20,10,false,,0.12481363315809699,0.10461918041921059,-0.01748726529485517,8,1,1.0,18.0,0.4594594594594595,0.2980085348506401,0.2516,61,2086,0.1,0.2,15
30,15,true,,0.11237185106346917,0.38574315883643234,0.2823057912539345,24,26,2.0,29.0,0.8411617067049122,0.11939763356041593,0.2924,61,2086,0.1,0.2,15
20,10,false,,0.14743939036230103,0.07184337891379948,-0.08836511102567261,5,1,1.0,18.0,0.344921875,0.217578125,0.2408,62,2087,0.1,0.2,15
30,15,false,,0.11397285619533326,0.1424895611726271,0.03966543458049052,13,3,1.0,28.0,0.588535962029938,0.27053669222343923,0.2988,62,2087,0.1,0.2,15
40,20,false,,0.16200353827568115,0.1047018700391612,-0.060693552024182126,5,2,1.0,24.0,0.33481781376518216,0.10161943319838057,0.2292,62,2087,0.1,0.2,15
50,25,false,,0.13857118969990892,0.13305304982144364,-0.00635604982205977,27,2,1.0,47.0,0.4887619047619048,0.050666666666666665,0.2198,62,2087,0.1,0.2,15
60,30,false,,0.12681243592725983,0.14867665170762284,0.029115352316130994,10,6,1.0,35.0,0.6276326874473462,0.15796124684077506,0.1638,62,2087,0.1,0.2,15
20,10,false,,0.10890610631268101,0.14410159353893479,0.051517554277136224,12,16,1.0,19.0,0.6017789941840574,0.5011973999315772,0.3028,63,2088,0.1,0.2,15
30,15,false,,0.17436165208359863,0.14257311486405283,-0.034027416598366,8,1,1.0,29.0,0.4513435003631082,0.08061002178649238,0.2082,63,2088,0.1,0.2,15
40,20,true,,0.1430177220488544,0.2520848397338288,0.12765838233473256,30,35,2.0,39.0,0.7749296655204752,0.09409190371991247,0.2692,63,2088,0.1,0.2,15
20,10,false,,0.12448242337023362,0.1868819305942585,0.08012860982144385,14,16,1.0,19.0,0.6238444373605355,0.5460631176283073,0.306,64,2089,0.1,0.2,15
30,15,true,,0.13159032775856422,0.29438450236835756,0.18589659299214373,22,26,3.0,29.0,0.8027638190954773,0.1670854271356784,0.2972,64,2089,0.1,0.2,15
20,10,false,,0.1726433553793971,0.1078431536470719,-0.08282845105419785,7,1,1.0,19.0,0.3404539385847797,0.25433911882510013,0.272,65,2090,0.1,0.2,15
30,15,true,,0.13598880907369712,0.2656461656063815,0.1317709748552993,24,24,11.0,29.0,0.8,0.17464788732394365,0.2732,65,2090,0.1,0.2,15
20,10,true,,0.08404098913912841,0.15943730191191183,0.08833564705131913,13,16,2.0,19.0,0.7160407160407161,0.5668655668655669,0.3018,66,2091,0.1,0.2,15
20,10,false,,0.10093117648987993,0.1781615256945101,0.09694552913593936,13,3,1.0,19.0,0.6188773686092242,0.4969610296746514,0.2616,67,2092,0.1,0.2,15
30,15,true,,0.0942998779323674,0.23619778063084604,0.15473316027245232,22,27,3.0,29.0,0.7944990176817289,0.19214145383104125,0.2994,67,2092,0.1,0.2,15
20,10,true,,0.10554975692298454,0.2529850740400148,0.1442455741791004,14,16,2.0,19.0,0.7960505017805115,0.617028164454516,0.3246,68,2093,0.1,0.2,15
20,10,true,,0.07914689771158741,0.23818910810646512,0.16546739434713525,14,15,4.0,19.0,0.8251404494382022,0.6330758426966292,0.3036,69,2094,0.1,0.2,15
20,10,false,,0.1918752018568965,0.15915207644272775,-0.06347315813225526,6,1,1.0,18.0,0.4064516129032258,0.2990322580645161,0.2596,70,2095,0.1,0.2,15
30,15,true,,0.1631912426260163,0.32504878085317124,0.17086182349543866,24,26,7.0,29.0,0.8277990008815751,0.15985894798707023,0.28,70,2095,0.1,0.2,15
20,10,true,,0.11383888078546424,0.320737576063914,0.2306591253431543,14,15,1.0,19.0,0.7009467841984982,0.5719882468168462,0.2952,71,2096,0.1,0.2,15
20,10,false,,0.09368762089229347,0.4994977050906264,0.40379634670825637,15,16,1.0,19.0,0.7476208602969167,0.6650171298058623,0.2486,72,2097,0.1,0.2,15
30,15,false,,0.1132524623475126,0.13827393462941007,0.03951201250300389,17,26,1.0,29.0,0.6110535405872194,0.23661485319516407,0.3014,72,2097,0.1,0.2,15
40,20,true,,0.1299719845819511,0.2542347672489151,0.1400405805264796,32,36,15.0,39.0,0.7657628226069911,0.05292388108461287,0.2656,72,2097,0.1,0.2,15
20,10,false,,0.05761577550108294,0.4467682090007176,0.39344760810694945,16,16,2.0,19.0,0.8300448430493274,0.7286995515695067,0.1858,73,2098,0.1,0.2,15
30,15,true,,0.09965008857914619,0.5306065239785153,0.43659598410460093,24,25,13.0,29.0,0.9408390103979921,0.12405880243814987,0.3048,73,2098,0.1,0.2,15
20,10,true,,0.08416942834831544,0.3270750343322457,0.26542857129522257,14,17,2.0,19.0,0.7702290076335878,0.5690839694656489,0.2854,74,2099,0.1,0.2,15
20,10,false,,0.24570831710239038,0.0878728604747622,-0.17378892337455526,5,4,1.0,17.0,0.18353174603174602,0.18287037037037038,0.2668,75,2100,0.1,0.2,15
30,15,false,,0.15421874744935313,0.23359271020867328,0.11217311680418143,20,27,1.0,29.0,0.6787048567870486,0.13542963885429637,0.2716,75,2100,0.1,0.2,15
40,20,false,,0.15512058274840124,0.3792908577121595,0.23058148454318017,35,36,10.0,39.0,0.8033088235294118,0.04013480392156863,0.2378,75,2100,0.1,0.2,15
50,25,true,,0.16587378630440724,0.31759051392293514,0.15140153420726968,43,45,32.0,49.0,0.8455357142857143,0.0,0.2208,75,2100,0.1,0.2,15
20,10,false,,0.14910065269137154,0.1949338546285259,0.06295817966404967,12,16,1.0,19.0,0.59339651482727,0.484867013145827,0.306,76,2101,0.1,0.2,15
30,15,false,,0.14740558344702115,0.18094667253530317,0.062298479528659065,9,2,1.0,29.0,0.6481597005614473,0.13880224578914535,0.2844,76,2101,0.1,0.2,15
40,20,true,,0.16970595836022173,0.2584095037873523,0.09721488229794423,31,34,6.0,38.47499999999991,0.7691882937603534,0.041965764770844835,0.2648,76,2101,0.1,0.2,15
20,10,true,,0.07709513333437666,0.3598415848478502,0.27099020819366954,13,15,2.0,19.0,0.8289427467509659,0.5767474534597822,0.3052,77,2102,0.1,0.2,15
20,10,false,,0.0885944321811208,0.5542122018578942,0.4478838646952905,16,16,3.0,19.0,0.8953029759770527,0.7239153818572965,0.2842,78,2103,0.1,0.2,15
30,15,true,,0.10070203014406029,0.26691532791049366,0.16648967614427507,21,26,3.0,29.0,0.8091521816246896,0.2202908832919475,0.2946,78,2103,0.1,0.2,15
20,10,false,,0.08189220790902726,0.10466100785854272,0.0314887847771181,10,16,1.0,19.0,0.6121024049650892,0.41039565554693563,0.2742,79,2104,0.1,0.2,15
30,15,false,,0.117129379772922,0.1570298402026984,0.05655758453914016,18,1,1.0,29.0,0.577887537993921,0.13601823708206687,0.2706,79,2104,0.1,0.2,15
40,20,true,,0.11871312592940085,0.22292247452280298,0.12949593947757337,26,34,2.0,38.0,0.7102980007544323,0.11052433044134288,0.2718,79,2104,0.1,0.2,15
20,10,false,,0.12916909390274575,0.11237618581853952,-0.026300620902192283,8,1,1.0,19.0,0.4177510844177511,0.311644978311645,0.3004,80,2105,0.1,0.2,15
30,15,true,,0.1231559653592141,0.23482613822785786,0.12487690356392042,24,26,9.0,29.0,0.7778131973222825,0.13962384443736053,0.299,80,2105,0.1,0.2,15
20,10,false,,0.1136606247670179,0.3440191558013057,0.23096189885250828,14,17,1.0,19.0,0.6742993848257006,0.5697197539302803,0.2868,81,2106,0.1,0.2,15
30,15,false,,0.14884351715371075,0.16711982555849644,0.028969575924627455,12,4,1.0,28.0,0.5658914728682171,0.16496124031007753,0.2866,81,2106,0.1,0.2,15
40,20,true,,0.16237131218545586,0.4564560816477401,0.2972753359539,33,34,20.0,39.0,0.8612150878203283,0.007774258566081198,0.2598,81,2106,0.1,0.2,15
20,10,false,,0.11020478684940871,0.21597919736380572,0.1121077285112409,14,16,2.0,19.0,0.6922310756972112,0.5853253652058433,0.2944,82,2107,0.1,0.2,15
30,15,false,,0.13019705526299985,0.14950015173109305,0.029014037481083457,11,11,1.0,26.0,0.5721875,0.2734375,0.3002,82,2107,0.1,0.2,15
40,20,true,,0.14572518396334824,0.23508785601227164,0.09652437988109422,28,34,8.0,38.0,0.7921660333235896,0.10494007600116925,0.2758,82,2107,0.1,0.2,15
20,10,false,,0.1621350967598002,0.19037830654273202,0.06288621719459628,12,2,1.0,19.0,0.5725313605660984,0.48054036667738825,0.291,83,2108,0.1,0.2,15
30,15,true,,0.16028564005568405,0.32313850695890944,0.20960765710997115,21,26,2.0,29.0,0.8322748267898383,0.21795612009237875,0.2968,83,2108,0.1,0.2,15
20,10,false,,0.1478947314850747,0.10666567995375269,-0.05087422219976841,7,1,1.0,19.0,0.45311887014515495,0.36759513534719496,0.2622,84,2109,0.1,0.2,15
30,15,false,,0.10034169118118805,0.12697558811366796,0.035504840178588806,16,26,2.0,29.0,0.5891829689298044,0.24971231300345226,0.256,84,2109,0.1,0.2,15
40,20,true,,0.10171873937765112,0.38921561523776577,0.2887116800393791,34,36,12.0,39.0,0.8008528784648188,0.06140724946695096,0.2352,84,2109,0.1,0.2,15
20,10,false,,0.07713688980428587,0.11541320162009903,0.04128660024831535,13,16,1.0,19.0,0.6136900078678206,0.4838709677419355,0.2392,85,2110,0.1,0.2,15
30,15,true,,0.1152600687166146,0.29288574380925764,0.204278713390035,20,26,2.0,29.0,0.8251584918251585,0.17851184517851185,0.2846,85,2110,0.1,0.2,15
20,10,false,,0.07951287790491152,0.1496661869857443,0.09022529367148449,11,17,1.0,19.0,0.6911652703731912,0.4405940594059406,0.2778,86,2111,0.1,0.2,15
30,15,true,,0.10720274696567916,0.2842803479741475,0.18761718261517604,23,23,5.0,29.0,0.8221384509938314,0.1415352981494174,0.2944,86,2111,0.1,0.2,15
20,10,false,,0.1474549748568164,0.14276456426570472,-0.01985632934401303,10,2,1.0,18.0,0.4527027027027027,0.3835995085995086,0.3212,87,2112,0.1,0.2,15
30,15,false,,0.14237981226514126,0.20836497332241485,0.087347313721725,18,26,2.0,29.0,0.670196200560573,0.1884148240423544,0.2854,87,2112,0.1,0.2,15
40,20,false,,0.1768405837858214,0.15504994047490575,-0.06202811337188546,19,1,1.0,37.5,0.3678539359473212,0.05208021550434002,0.2348,87,2112,0.1,0.2,15
50,25,false,,0.2027647161920048,0.1733073381615492,-0.06238156037738826,7,1,1.0,47.0,0.3880402989925252,0.09002274943126422,0.196,87,2112,0.1,0.2,15
60,30,true,,0.1594410039024958,0.19981699534248337,0.06591325109894278,17,2,2.0,46.0,0.7754345967512112,0.19008264462809918,0.2398,87,2112,0.1,0.2,15
20,10,false,,0.15225168202348882,0.1979142443309359,0.05625880119852471,12,16,2.0,19.0,0.6332629037126472,0.4660428614548747,0.3202,88,2113,0.1,0.2,15
30,15,true,,0.16820330528804192,0.305932171010474,0.15749133092714088,22,26,5.0,29.0,0.8493688639551192,0.22692847124824683,0.2964,88,2113,0.1,0.2,15
20,10,false,,0.12961974993276126,0.4726751933180842,0.3437417684398719,15,16,2.0,19.0,0.8629242819843342,0.633485639686684,0.3046,89,2114,0.1,0.2,15
30,15,false,,0.13340062034462963,0.5371473120366038,0.4020937932971041,26,26,13.0,29.0,0.8872081552121013,0.076290693850707,0.2632,89,2114,0.1,0.2,15
40,20,true,,0.14363852324304166,0.4352883558946581,0.2887919864285946,32,35,7.0,39.0,0.8764182766022692,0.11591536338546458,0.2588,89,2114,0.1,0.2,15
20,10,false,,0.12173045315020557,0.13462003059675842,0.02696908393053621,12,16,1.0,19.0,0.551487414187643,0.4782608695652174,0.2966,90,2115,0.1,0.2,15
30,15,false,,0.1376118211512548,0.15654494022567828,0.03929027438390559,12,2,1.0,28.0,0.5603271983640081,0.13496932515337423,0.2676,90,2115,0.1,0.2,15
40,20,false,,0.14516744008399882,0.175705304396469,0.05751869694123752,16,8,1.0,38.0,0.6746081504702194,0.13887147335423197,0.2624,90,2115,0.1,0.2,15
50,25,true,,0.1544496435023449,0.2352836071502119,0.1057841989025387,39,45,3.0,49.0,0.7801094890510949,0.06782238442822384,0.23,90,2115,0.1,0.2,15
20,10,false,,0.1096563794987461,0.13948267103928064,0.04151444948705501,10,1,1.0,19.0,0.6140167364016736,0.3713389121338912,0.288,91,2116,0.1,0.2,15
30,15,false,,0.13533973987898895,0.194361037618643,0.08788798219847478,15,26,1.0,29.0,0.698005698005698,0.1874010762899652,0.3074,91,2116,0.1,0.2,15
40,20,false,,0.16691254869897076,0.16335129136793167,-0.02044723429078596,19,1,1.0,38.0,0.4709283649212978,0.061034371988435594,0.2352,91,2116,0.1,0.2,15
50,25,true,,0.16483068914300855,0.28682063575667216,0.1265054424423619,42,42,9.0,49.0,0.8104154476301931,0.007899356348741955,0.2404,91,2116,0.1,0.2,15
20,10,false,,0.12193748748805015,0.2368423904388347,0.14150722200265328,12,16,1.0,19.0,0.6570862239841427,0.48100429468120254,0.2784,92,2117,0.1,0.2,15
30,15,true,,0.14178290746715802,0.4550258325880988,0.3169330357473264,23,26,4.0,29.0,0.9002447980416156,0.18849449204406366,0.2926,92,2117,0.1,0.2,15
20,10,true,,0.12820072790285575,0.24120345490679357,0.12121841049508639,14,16,2.0,19.0,0.7025316455696202,0.5901145268233876,0.3296,93,2118,0.1,0.2,15
20,10,false,,0.09660223602903961,0.5706428039296669,0.47212130809028513,15,15,3.0,19.0,0.8692699490662139,0.7412563667232598,0.3078,94,2119,0.1,0.2,15
30,15,true,,0.14663814973402398,0.46553328349633716,0.3281052291326623,24,27,3.0,29.0,0.8948524795982423,0.07752667922159448,0.2772,94,2119,0.1,0.2,15
20,10,false,,0.11534923760645834,0.07293017085661302,-0.05567002474843573,6,1,1.0,18.0,0.36009732360097324,0.28061638280616386,0.2202,95,2120,0.1,0.2,15
30,15,false,,0.10987313605986793,0.10905760824228108,0.0015450468495699851,20,26,1.0,29.0,0.5038639876352395,0.13408037094281297,0.271,95,2120,0.1,0.2,15
40,20,true,,0.10618475158329158,0.21313145490109942,0.11500210006430689,29,36,2.0,39.0,0.7506014434643143,0.12469927826784283,0.2918,95,2120,0.1,0.2,15
20,10,false,,0.09590365631819027,0.5585142503296407,0.4712105809368666,15,16,9.0,19.0,0.9651758279276204,0.7746671218846023,0.3082,96,2121,0.1,0.2,15
30,15,true,,0.13696775566242492,0.42946390280059366,0.3117301542153371,23,26,3.0,29.0,0.8900923861102262,0.16948072634597006,0.2784,96,2121,0.1,0.2,15
20,10,false,,0.10800630369660107,0.10577861835573708,0.004293540113167682,9,4,1.0,19.0,0.5075966850828729,0.37672651933701656,0.302,97,2122,0.1,0.2,15
30,15,true,,0.11492174405513156,0.2582032454133425,0.16092200070937823,21,25,2.0,29.0,0.7819654808030997,0.16308559351884466,0.2566,97,2122,0.1,0.2,15
20,10,false,,0.15640695398783616,0.13308083396502382,-0.03536818977703185,8,2,1.0,19.0,0.4284825870646766,0.31747512437810943,0.2888,98,2123,0.1,0.2,15
30,15,true,,0.15495587164028918,0.26004951537157733,0.12932929761495246,23,25,2.0,29.0,0.7309334960341671,0.1296522269676632,0.263,98,2123,0.1,0.2,15
20,10,false,,0.1478288612967838,0.1430204138173459,-0.00354520503876099,11,1,1.0,19.0,0.49636650868878357,0.42906793048973146,0.311,99,2124,0.1,0.2,15
30,15,true,,0.13170204006311484,0.3465515047528501,0.22014597214394752,24,26,4.0,29.0,0.7757817697937458,0.08183632734530938,0.272,99,2124,0.1,0.2,15
20,10,false,,0.12302513392677307,0.19140764363918686,0.08528549690013146,13,15,1.0,19.0,0.6693088142041852,0.5228281547241598,0.313,100,2125,0.1,0.2,15
30,15,false,,0.1319288135199836,0.20292737937603642,0.08248074039116979,21,26,2.0,29.0,0.6586750788643533,0.20094637223974762,0.2838,100,2125,0.1,0.2,15
40,20,true,,0.15368972725508598,0.5387958988026301,0.38818006288585805,34,35,18.0,39.0,0.9002753135515448,0.026613643315998775,0.2448,100,2125,0.1,0.2,15
20,10,true,,0.08815002598943388,0.4583687295440606,0.3716633868727122,14,15,1.0,19.0,0.8220064724919094,0.623876303487954,0.2844,101,2126,0.1,0.2,15
20,10,true,,0.1057757262794503,0.23779676562175234,0.1376301397708986,13,15,3.0,19.0,0.8117498420720152,0.5429564118761845,0.3294,102,2127,0.1,0.2,15
20,10,false,,0.1485077887725447,0.13902251880868594,0.012276741754581169,8,2,1.0,19.0,0.5228712174524982,0.3332160450387051,0.2628,103,2128,0.1,0.2,15
30,15,false,,0.14347901182167555,0.18709951717235399,0.07712186423975138,18,4,1.0,29.0,0.657243816254417,0.11114680372630903,0.2894,103,2128,0.1,0.2,15
40,20,true,,0.1533163524763159,0.4933084492324417,0.34625827433963063,32,35,2.0,39.0,0.7850142269996838,0.06734113183686374,0.2374,103,2128,0.1,0.2,15
20,10,true,,0.09227705391494476,0.2944576083290993,0.2029656237052434,14,16,2.0,19.0,0.8371161548731643,0.6325100133511349,0.319,104,2129,0.1,0.2,15
20,10,false,,0.12455050006950964,0.16209741995689403,0.05523197481739418,11,15,1.0,19.0,0.6119353775140125,0.4530168150346192,0.2952,105,2130,0.1,0.2,15
30,15,false,,0.14063979350473788,0.46039340353517705,0.3310676345670429,25,27,1.0,29.0,0.8085458761179198,0.07684663795958926,0.2672,105,2130,0.1,0.2,15
40,20,true,,0.1559160342818874,0.3762444833732949,0.2528227260570453,32,36,4.0,39.0,0.8777676675765848,0.09038519866545344,0.255,105,2130,0.1,0.2,15
20,10,false,,0.11002223437180587,0.14374925897872243,0.03649660167867659,10,2,1.0,18.0,0.6194225721784777,0.3835301837270341,0.2728,106,2131,0.1,0.2,15
30,15,false,,0.1332871954747813,0.17196055212511796,0.05267759015692397,18,25,3.0,28.0,0.6619886533293521,0.2675425500149298,0.3092,106,2131,0.1,0.2,15
40,20,false,,0.13741245741403632,0.17893336453102793,0.04910013800371674,23,32,2.0,38.0,0.6626206037970744,0.17958294428882665,0.2656,106,2131,0.1,0.2,15
50,25,true,,0.15859420593232676,0.4910196023539039,0.336622343316448,43,44,32.0,49.0,0.9155435759209344,0.0,0.2312,106,2131,0.1,0.2,15
20,10,false,,0.13718117514577252,0.15031454017212154,0.014652678325546481,10,1,1.0,19.0,0.5416666666666666,0.3881578947368421,0.3174,107,2132,0.1,0.2,15
30,15,false,,0.14792750339236652,0.16686753653100173,0.019553853722426323,10,4,1.0,28.0,0.5544464609800362,0.20659407138535996,0.3014,107,2132,0.1,0.2,15
40,20,false,,0.15827769173058764,0.18659912066231332,0.05111854324152047,20,36,2.0,38.0,0.6577571179546775,0.18361417780360256,0.2586,107,2132,0.1,0.2,15
50,25,true,,0.1640601661235712,0.22738994458437561,0.10800270106812712,29,43,3.0,48.0,0.7970210280373832,0.16296728971962618,0.2352,107,2132,0.1,0.2,15
20,10,true,,0.0777713567262324,0.2626744294911827,0.1849346633223746,14,16,2.0,19.0,0.7097514340344169,0.5606118546845125,0.2422,108,2133,0.1,0.2,15
20,10,false,,0.1770443453919338,0.125462760645469,-0.05536267251220109,6,2,1.0,19.0,0.41616364855801474,0.31052984574111336,0.2802,109,2134,0.1,0.2,15
30,15,false,,0.15171123165545858,0.1401320406749659,-0.01573894849385707,19,25,1.0,29.0,0.45873862566677126,0.16630059617194853,0.2738,109,2134,0.1,0.2,15
40,20,false,,0.14850001972165264,0.18438600564685745,0.04687906626915292,28,35,4.0,39.0,0.6578556578556578,0.15028215028215028,0.2592,109,2134,0.1,0.2,15
50,25,true,,0.16853480312384847,0.3044824085148386,0.16076354396748932,39,1,1.0,49.0,0.7289308176100628,0.04685534591194968,0.2068,109,2134,0.1,0.2,15
20,10,false,,0.10248585128133578,0.47334825601186975,0.38083086928845716,16,16,3.0,19.0,0.8266384778012685,0.6990838618745595,0.2868,110,2135,0.1,0.2,15
30,15,false,,0.19670715635013247,0.16173206878760749,-0.022779356244487306,6,1,1.0,29.0,0.485339772335288,0.053811659192825115,0.244,110,2135,0.1,0.2,15
40,20,false,,0.1570245653421671,0.20423779204207126,0.06265997828631892,20,3,2.0,37.0,0.6850416307780649,0.16853287395923056,0.26,110,2135,0.1,0.2,15
50,25,true,,0.17780855332438528,0.6174336034559899,0.4383213560155989,43,45,21.549999999999997,49.0,0.9416690730580421,0.01155067860236789,0.2466,110,2135,0.1,0.2,15
20,10,false,,0.09080886992378207,0.20964381024187997,0.13185359752618864,13,16,2.0,19.0,0.6957883745214062,0.5165332405151409,0.29,111,2136,0.1,0.2,15
30,15,true,,0.12078296652063122,0.20684260374728766,0.11890139991556228,16,26,2.0,28.0,0.7679791734461439,0.22681418808981452,0.2944,111,2136,0.1,0.2,15
20,10,false,,0.1364119963819656,0.13396001304550176,0.0038193107327054443,9,1,1.0,19.0,0.5115810674723061,0.35078885532057735,0.2704,112,2137,0.1,0.2,15
30,15,false,,0.1407169003421223,0.17022106418728813,0.05157152465016274,13,3,1.375,28.0,0.5970873786407767,0.18234223300970873,0.3032,112,2137,0.1,0.2,15
40,20,true,,0.1547090118535383,0.28021971466575313,0.13830273787424008,33,36,2.0,39.0,0.7269736842105263,0.042464114832535885,0.237,112,2137,0.1,0.2,15
20,10,true,,0.07828480570815552,0.2758364177560213,0.2072617542679365,14,16,2.0,19.0,0.8281136198106337,0.6172614712308813,0.283,113,2138,0.1,0.2,15
20,10,false,,0.13880867242373035,0.2273708565144188,0.10902313810936726,13,15,1.0,19.0,0.6875,0.5612623762376238,0.3134,114,2139,0.1,0.2,15
30,15,false,,0.16349659442617992,0.21603176373590413,0.09694789021734153,14,8,1.0,29.0,0.6970509383378016,0.1680071492403932,0.2886,114,2139,0.1,0.2,15
40,20,true,,0.18028667895626302,0.5155634213622607,0.329645663380923,34,36,3.0,39.0,0.8582535885167464,0.03648325358851675,0.2448,114,2139,0.1,0.2,15
20,10,false,,0.10741321746891745,0.1045905687914844,-0.0013219224391444323,9,1,1.0,19.0,0.49869936826458566,0.33296172426607207,0.284,115,2140,0.1,0.2,15
30,15,true,,0.11818899412000981,0.1989811421385144,0.10444994333484661,16,5,2.0,29.0,0.7388327355722204,0.2461688946853603,0.3014,115,2140,0.1,0.2,15
20,10,false,,0.10978781124114041,0.11798812048203423,0.01229241831800261,12,17,2.0,19.0,0.5309937684486717,0.49491636602164646,0.2966,116,2141,0.1,0.2,15
30,15,true,,0.12991465715794276,0.33882427420384936,0.2262432640261476,23,26,5.0,29.0,0.8466179739599873,0.17751667195935217,0.2926,116,2141,0.1,0.2,15
20,10,false,,0.12861165850886883,0.1762018523078819,0.05677220986994566,11,16,1.0,19.0,0.6064341551413109,0.4239326518340349,0.3268,117,2142,0.1,0.2,15
30,15,false,,0.15087761706173017,0.147192051894441,-0.012520694112404557,17,27,1.0,29.0,0.44659300184162065,0.19091467157765502,0.283,117,2142,0.1,0.2,15
40,20,true,,0.15806800298098747,0.22572805474616456,0.09724966793397856,31,35,2.0,39.0,0.7465956187092955,0.08200118413262285,0.2468,117,2142,0.1,0.2,15
20,10,true,,0.11224377899433353,0.18706763096015838,0.10157350123706374,11,14,2.0,19.0,0.7184684684684685,0.44594594594594594,0.3154,118,2143,0.1,0.2,15
20,10,false,,0.5749948378109384,0.08352128856188705,-0.5014294844758329,2,1,1.0,16.0,0.24806201550387597,0.09603789836347976,0.2042,119,2144,0.1,0.2,15
30,15,true,,0.11819104051222085,0.4067711462827973,0.294780376003024,23,25,2.0,29.0,0.8264490339773485,0.11792138574283811,0.287,119,2144,0.1,0.2,15
20,10,true,,0.08176835596469217,0.17560808242687845,0.10014880109786715,14,14,2.0,19.0,0.714600146735143,0.5763022743947175,0.285,120,2145,0.1,0.2,15
20,10,false,,0.09430293363661009,0.14647048420232295,0.07087059715848112,10,15,1.0,19.0,0.6438206343419614,0.4108640174990886,0.274,121,2146,0.1,0.2,15
30,15,false,,0.136910309068017,0.10485002334020553,-0.043016595049400586,7,2,1.0,28.0,0.4170180145649674,0.20697585281717132,0.253,121,2146,0.1,0.2,15
40,20,true,,0.11993004859555335,0.23862171772330756,0.13894951376994097,25,36,7.0,39.0,0.8419117647058824,0.14171122994652408,0.3028,121,2146,0.1,0.2,15
20,10,false,,0.11038016351072183,0.16029860437490467,0.06450788283002036,12,16,1.0,19.0,0.621297836938436,0.47587354409317806,0.3014,122,2147,0.1,0.2,15
30,15,false,,0.141220319302925,0.2450104796306609,0.12050159732068415,24,26,7.0,29.0,0.6981659931613304,0.16847995026422133,0.2932,122,2147,0.1,0.2,15
40,20,false,,0.15531968217828312,0.1799990626321156,0.04816313442487738,10,2,1.0,38.0,0.6230031948881789,0.11054313099041534,0.2546,122,2147,0.1,0.2,15
50,25,true,,0.1715852058987527,0.2565368698057663,0.11202427887383293,41,44,1.0,49.0,0.7014388489208633,0.044064748201438846,0.218,122,2147,0.1,0.2,15
20,10,false,,0.15240325043284098,0.1520767853680022,0.004216963704602755,9,1,1.0,19.0,0.5037180730682186,0.40575493048819916,0.2838,123,2148,0.1,0.2,15
30,15,false,,0.1584677483801629,0.1937997181655013,0.05638514213208075,16,25,1.0,28.0,0.6474566304028228,0.1917083210820347,0.2958,123,2148,0.1,0.2,15
40,20,true,,0.16241601203564957,0.2155903774584907,0.11111762577427817,16,4,2.0,39.0,0.8258661887694145,0.12007168458781362,0.2554,123,2148,0.1,0.2,15
20,10,false,,0.19212372075866563,0.16993415215121893,-0.025157472319028873,6,1,1.0,17.09999999999991,0.43617358251504595,0.2017738359201774,0.2822,124,2149,0.1,0.2,15
30,15,false,,0.16759212874814935,0.188017035518096,0.02690041093175531,19,27,1.0,29.0,0.5637645616186389,0.15695892090741875,0.2626,124,2149,0.1,0.2,15
40,20,false,,0.17148357024129657,0.2003357429507248,0.04323626664814839,19,31,1.0,38.0,0.6651847735482078,0.1719922200611281,0.2692,124,2149,0.1,0.2,15
50,25,true,,0.17776811772061538,0.22754089223247723,0.10074382317346076,40,44,3.0,48.0,0.7159346846846847,0.032939189189189186,0.2434,124,2149,0.1,0.2,15
20,10,false,,0.10399920986430938,0.4570267296111203,0.3630586485655499,15,15,4.0,19.0,0.8415874057067891,0.7497540177107248,0.3104,125,2150,0.1,0.2,15
30,15,true,,0.15080981767907317,0.4243599938855716,0.28962525489481694,22,24,5.0,29.0,0.8911825420230021,0.18342671778236508,0.3056,125,2150,0.1,0.2,15
20,10,false,,0.12720081021637025,0.4349406851870646,0.3167011497710801,15,15,3.0,19.0,0.8051671732522796,0.7051671732522796,0.3198,126,2151,0.1,0.2,15
30,15,false,,0.16419047508931128,0.11650764117172085,-0.05618827984905672,6,4,1.0,25.0,0.32338141563233813,0.13149949681314996,0.272,126,2151,0.1,0.2,15
40,20,false,,0.14541646504795072,0.16151671039065707,0.03413484253531483,12,3,1.0,38.0,0.5882352941176471,0.1238908971409793,0.259,126,2151,0.1,0.2,15
50,25,false,,0.15417410918094465,0.1880890902672171,0.048037908885825126,25,2,1.0,48.0,0.6440833844267321,0.07725321888412018,0.2392,126,2151,0.1,0.2,15
60,30,true,,0.15196952311749476,0.22519602216060364,0.11615323519163398,29,3,1.0,58.0,0.8409937888198757,0.06273291925465839,0.2318,126,2151,0.1,0.2,15
20,10,true,,0.08026108196705216,0.24634097115949852,0.16801741825475375,14,16,2.0,19.0,0.7837351565311264,0.5559553796329615,0.3126,127,2152,0.1,0.2,15
20,10,true,,0.10052775877287894,0.32390965698785773,0.23159510206413095,14,16,2.0,19.0,0.8344348975545274,0.5958360872438864,0.3094,128,2153,0.1,0.2,15
20,10,false,,0.08048884533713409,0.09467242842870505,0.017508241949360688,12,12,2.0,19.0,0.5484363081617086,0.4839816933638444,0.2438,129,2154,0.1,0.2,15
30,15,true,,0.10770798093212418,0.39570759219979834,0.2824799677664092,23,25,2.0,29.0,0.771665410700829,0.11039939713639789,0.2856,129,2154,0.1,0.2,15
20,10,false,,0.07571468700029943,0.4328773043646808,0.37438868099143097,15,16,2.0,19.0,0.8142857142857143,0.6346938775510204,0.2446,130,2155,0.1,0.2,15
30,15,false,,0.10879789010273994,0.14340859244673285,0.05332905128658645,18,25,2.0,29.0,0.616988416988417,0.1749034749034749,0.2858,130,2155,0.1,0.2,15
40,20,true,,0.11708041630792242,0.2613444577364641,0.15491684906844225,28,33,1.0,38.0,0.7185873605947956,0.0862453531598513,0.2656,130,2155,0.1,0.2,15
20,10,false,,0.12226721940687012,0.11251628572636789,-0.01418279453034188,11,1,1.0,19.0,0.4674955595026643,0.42202486678507994,0.2782,131,2156,0.1,0.2,15
30,15,false,,0.12773206963093725,0.15599945892834227,0.05413265565452205,16,1,1.0,28.0,0.599855019934759,0.2029720913374411,0.2354,131,2156,0.1,0.2,15
40,20,false,,0.13712223214970812,0.14786335649518198,0.027279418635666824,10,3,1.0,37.0,0.5706684403059528,0.10774858663119388,0.2462,131,2156,0.1,0.2,15
50,25,true,,0.1490407517535095,0.22983579805136992,0.08517724788627964,40,42,6.0,49.0,0.7554648790440105,0.025065578548528127,0.226,131,2156,0.1,0.2,15
20,10,false,,0.0972944820664814,0.08154602060293095,-0.019791436819808154,9,6,1.0,19.0,0.4362440628425283,0.3390573620752649,0.2798,132,2157,0.1,0.2,15
30,15,true,,0.10028524685840864,0.276838848316414,0.17640645209466327,23,26,2.0,29.0,0.7952218430034129,0.13386423966628744,0.2872,132,2157,0.1,0.2,15
20,10,false,,0.14225597278125238,0.09075301882407646,-0.05082790846910473,7,1,1.0,19.0,0.37315634218289084,0.30678466076696165,0.2738,133,2158,0.1,0.2,15
30,15,true,,0.09723174502466447,0.25378457899683327,0.16614255082571996,24,25,2.0,29.0,0.7260992335619201,0.10649455425574829,0.2572,133,2158,0.1,0.2,15
20,10,false,,0.15040388438318553,0.4077284439432376,0.2758606605263546,15,16,3.0,19.0,0.7481371087928465,0.6807749627421759,0.3106,134,2159,0.1,0.2,15
30,15,true,,0.15595669803450157,0.4013924037586101,0.2660039463173096,24,27,2.0,29.0,0.7873122893043212,0.08673000306466441,0.282,134,2159,0.1,0.2,15
20,10,false,,0.22110063675677738,0.13245525500280345,-0.10421533705257705,5,3,1.0,17.0,0.3161875945537065,0.17579425113464447,0.3154,135,2160,0.1,0.2,15
30,15,false,,0.17073093545600843,0.15644176497358928,-0.018788381958723427,9,3,1.0,27.0,0.4561817645323104,0.1947477131897315,0.279,135,2160,0.1,0.2,15
40,20,true,,0.16748583898840272,0.3868637119303782,0.23295800927489785,34,37,9.0,39.0,0.8079027355623101,0.11246200607902736,0.2558,135,2160,0.1,0.2,15
20,10,false,,0.07474845242879867,0.5965877685810395,0.5205092888694726,15,16,6.0,19.0,0.9441154700222057,0.7616580310880829,0.307,136,2161,0.1,0.2,15
30,15,false,,0.10573379649080178,0.2094898807307784,0.10965503515509967,22,25,1.0,29.0,0.6964679911699779,0.11957321559970567,0.284,136,2161,0.1,0.2,15
40,20,true,,0.11950257168721255,0.2226650240763398,0.13121143622998552,27,35,2.0,39.0,0.7525447525447525,0.11021411021411022,0.2678,136,2161,0.1,0.2,15
20,10,true,,0.08609937379965057,0.28499539809053626,0.20149991418289862,13,15,2.0,19.0,0.7966621253405994,0.5745912806539509,0.2854,137,2162,0.1,0.2,15
20,10,true,,0.08485652597413593,0.3108944197647676,0.24850365000491165,14,16,1.0,19.0,0.763292061179898,0.5637290604515659,0.2892,138,2163,0.1,0.2,15
20,10,false,,0.09012586873127663,0.13468696156341667,0.06042829887555758,12,16,1.0,19.0,0.6192116341370073,0.4756984309223115,0.2756,139,2164,0.1,0.2,15
30,15,false,,0.11474764395674822,0.17206937585533047,0.09861470880291318,16,1,1.0,29.0,0.668770887486075,0.11028592647604901,0.2808,139,2164,0.1,0.2,15
40,20,true,,0.12950672117407444,0.2667417863153413,0.14434624862986822,31,37,2.0,39.0,0.8203709729905629,0.013016596160104133,0.2604,139,2164,0.1,0.2,15
20,10,false,,0.10790086106897105,0.10376967903618087,-0.00809746747407307,8,1,1.0,19.0,0.4747656813266042,0.2898341744772891,0.2888,140,2165,0.1,0.2,15
30,15,false,,0.11121086019488528,0.1359419497652026,0.030190607118929513,15,22,2.0,28.0,0.5989761092150171,0.2931740614334471,0.3124,140,2165,0.1,0.2,15
40,20,true,,0.12532949713566643,0.45180484410433314,0.3229974892686047,33,36,16.0,39.0,0.9044459190444591,0.036828135368281355,0.2684,140,2165,0.1,0.2,15
20,10,false,,0.09563656745967264,0.1243802559306957,0.040712143557759095,12,16,1.0,19.0,0.5614665708123652,0.4852624011502516,0.2582,141,2166,0.1,0.2,15
30,15,true,,0.10513699526970754,0.20340371357980797,0.09656329073669866,22,25,2.0,29.0,0.7331679659815733,0.16973777462792347,0.2966,141,2166,0.1,0.2,15
20,10,false,,0.14950566182711017,0.14744774435610672,-0.017591548589740325,10,2,1.0,18.0,0.45842349304482227,0.4080370942812983,0.3162,142,2167,0.1,0.2,15
30,15,false,,0.1495169451252707,0.20803828863926746,0.08084096837867563,17,27,2.0,29.0,0.6758846268212905,0.28456735057983945,0.2856,142,2167,0.1,0.2,15
40,20,false,,0.16468794070927412,0.18582055601743439,0.0529729409773029,12,2,1.0,38.0,0.624739815640797,0.15789473684210525,0.2332,142,2167,0.1,0.2,15
50,25,true,,0.17501375127375593,0.41608569574423515,0.2399803293147208,43,46,27.0,49.0,0.8146853146853147,0.0,0.2254,142,2167,0.1,0.2,15
20,10,false,,0.10231612157361424,0.20880185095015827,0.12185105940267457,12,17,1.0,19.0,0.6461864406779662,0.4876412429378531,0.2968,143,2168,0.1,0.2,15
30,15,false,,0.12273563328981688,0.2554468831314223,0.1542926457710001,24,26,1.0,29.0,0.6682361463237957,0.07497283592901123,0.2704,143,2168,0.1,0.2,15
40,20,true,,0.1223538811122392,0.18914586322656327,0.09426655163551383,21,36,4.0,38.0,0.7371015445284259,0.2303647716069668,0.2872,143,2168,0.1,0.2,15
20,10,false,,0.12954106074051777,0.2474096759457797,0.15112631417573336,13,17,1.0,19.0,0.6802345636426353,0.5043118316660917,0.2824,144,2169,0.1,0.2,15
30,15,true,,0.13158945621235527,0.215718015788844,0.09533310442034823,23,25,6.0,29.0,0.7141963727329581,0.14602876797998748,0.2964,144,2169,0.1,0.2,15
20,10,false,,0.4171320520286089,0.0788106937128146,-0.35193574928250365,3,1,1.0,17.0,0.08582375478927202,0.09693486590038314,0.2304,145,2170,0.1,0.2,15
30,15,false,,0.1345148114344386,0.15300537955336224,0.024260924745509976,15,14,2.0,28.0,0.5943082046624281,0.2812594610959734,0.3084,145,2170,0.1,0.2,15
40,20,true,,0.13892818590401906,0.321904640344512,0.19702599403905235,28,33,8.0,39.0,0.9130695443645084,0.14628297362110312,0.2826,145,2170,0.1,0.2,15
20,10,false,,0.095263202700097,0.31017041711388704,0.21860799548973722,15,16,2.0,19.0,0.793690180786955,0.6295639844026941,0.2928,146,2171,0.1,0.2,15
30,15,false,,0.12616801854548637,0.09898203789554845,-0.0363440926063799,9,3,1.0,27.0,0.3944506936632921,0.20359955005624297,0.2754,146,2171,0.1,0.2,15
40,20,false,,0.126683275096291,0.14700485925248086,0.03656249802399286,25,36,1.0,38.0,0.5895870736086176,0.09228007181328546,0.2854,146,2171,0.1,0.2,15
50,25,false,,0.155047458570448,0.14410103450289588,-0.012110931915179854,9,1,1.0,43.17500000000018,0.4693806541405706,0.1534446764091858,0.2398,146,2171,0.1,0.2,15
60,30,true,,0.14082731179831007,0.24148111004310263,0.11604029004842084,39,40,1.0,56.0,0.7641693811074919,0.06319218241042346,0.2356,146,2171,0.1,0.2,15
20,10,false,,0.08915894747232382,0.31762302752873617,0.2494704628895362,15,16,2.0,19.0,0.7697057755176171,0.5888122048674174,0.2844,147,2172,0.1,0.2,15
30,15,true,,0.10873142066239923,0.30290339986928816,0.19669492764467525,22,26,3.0,29.0,0.823966065747614,0.17179215270413573,0.2938,147,2172,0.1,0.2,15
20,10,false,,0.13995548399815638,0.564390011571577,0.42513701158953604,16,17,3.0,19.0,0.8548945546112685,0.7374881964117092,0.2938,148,2173,0.1,0.2,15
30,15,true,,0.15327149262129297,0.31722643453005,0.1886149627011524,23,26,2.0,29.0,0.7434445768772348,0.08522050059594756,0.2778,148,2173,0.1,0.2,15
20,10,false,,0.1077422739718791,0.0968396364049719,-0.004215352138535813,8,1,1.0,19.0,0.4887278582930757,0.3027375201288245,0.251,149,2174,0.1,0.2,15
30,15,true,,0.09992400512953019,0.2346949336548261,0.15501067541787247,21,25,2.0,29.0,0.784814956123617,0.17474246470812668,0.2954,149,2174,0.1,0.2,15
20,10,true,,0.08125727717164431,0.42699393484151754,0.33860182588315474,14,15,3.0,19.0,0.8642984014209592,0.6433392539964476,0.2988,150,2175,0.1,0.2,15
20,10,false,,0.2047825932614363,0.12105249068892027,-0.1014141558673603,6,1,1.0,19.0,0.36858108108108106,0.23716216216216215,0.2634,151,2176,0.1,0.2,15
30,15,false,,0.14831558875690617,0.1575720786789377,0.031004383370257432,16,1,1.0,29.0,0.5654467523903726,0.1272667326079789,0.2776,151,2176,0.1,0.2,15
40,20,true,,0.14909579676945803,0.249372273733872,0.11579995265808694,32,36,2.0,38.0,0.7601421379923009,0.028131477642878294,0.2586,151,2176,0.1,0.2,15
20,10,true,,0.09673248724518627,0.2050037397846948,0.1292163352810463,13,16,1.0,19.0,0.7080874696286011,0.49566122874002083,0.2952,152,2177,0.1,0.2,15
20,10,false,,0.17546806523198,0.10651942755520198,-0.07858074165093851,4,1,1.0,18.0,0.37545520757465406,0.17880553532410778,0.27,153,2178,0.1,0.2,15
30,15,false,,0.12892265960814472,0.1313364097495777,0.01422451041607252,12,3,1.0,29.0,0.5389655172413793,0.1279310344827586,0.2824,153,2178,0.1,0.2,15
40,20,true,,0.12494245514459305,0.22845569886113595,0.11466000791602922,32,35,8.0,39.0,0.7379661016949153,0.0759322033898305,0.2576,153,2178,0.1,0.2,15
20,10,false,,0.09217973604668982,0.14874344988434646,0.06907572009124668,12,16,1.0750000000000028,19.0,0.6885964912280702,0.5010121457489879,0.3128,154,2179,0.1,0.2,15
30,15,true,,0.14162010198664643,0.4533741812359933,0.3199603435541459,24,26,1.0,29.0,0.7365208545269583,0.08850457782299084,0.2582,154,2179,0.1,0.2,15
20,10,false,,0.15180779385489515,0.1159647395457583,-0.04454948071469794,7,2,1.0,18.0,0.381650207072316,0.35489009238611025,0.2798,155,2180,0.1,0.2,15
30,15,false,,0.14698615006789653,0.26579990506983664,0.16021094649364526,23,26,1.0,29.0,0.6046895640686922,0.06968295904887714,0.2544,155,2180,0.1,0.2,15
40,20,false,,0.1628926443967344,0.14941937393131066,-0.02661744726223872,10,2,1.0,39.0,0.4311663479923518,0.12619502868068833,0.229,155,2180,0.1,0.2,15
50,25,true,,0.15798475662757633,0.21574302535709028,0.07982775800707671,30,43,1.0,48.57499999999982,0.7319587628865979,0.10066707095209218,0.2374,155,2180,0.1,0.2,15
20,10,false,,0.12163220628037327,0.1748115162800831,0.07423255264484833,15,16,2.0,19.0,0.6437233693870862,0.6263520157325467,0.2922,156,2181,0.1,0.2,15
30,15,false,,0.13191598651158684,0.19091842349400512,0.07520577181030194,22,26,1.0,29.0,0.6308474576271187,0.17016949152542374,0.2738,156,2181,0.1,0.2,15
40,20,true,,0.13805641783716915,0.20869473457656132,0.09381337292956143,31,36,2.0,39.0,0.7025876187356699,0.11529642974123813,0.2644,156,2181,0.1,0.2,15
20,10,true,,0.1501285991294618,0.25508459460440625,0.12653195002489095,14,16,1.0,19.0,0.7102290076335878,0.5514503816793893,0.3156,157,2182,0.1,0.2,15
20,10,false,,0.09525258016464772,0.34949028441790914,0.260536382770083,15,16,2.0,19.0,0.8136237897648686,0.6466113416320886,0.3038,158,2183,0.1,0.2,15
30,15,true,,0.12558864840185524,0.22023538857957353,0.12027693682731183,18,26,1.0,29.0,0.7319286871961103,0.13095623987034036,0.2894,158,2183,0.1,0.2,15
20,10,true,,0.10858116618509568,0.2272423690813299,0.13296804278120133,12,14,2.0,19.0,0.7544642857142857,0.5143494897959183,0.314,159,2184,0.1,0.2,15
20,10,false,,0.7205601082231451,0.08505749510044533,-0.6517618742760696,2,1,1.0,19.0,0.342774843975036,0.26356216994719156,0.139,160,2185,0.1,0.2,15
30,15,false,,0.11403153678577696,0.17446191952850051,0.06878865252260663,23,28,3.0,29.0,0.6784722222222223,0.11770833333333333,0.2712,160,2185,0.1,0.2,15
40,20,false,,0.13103207307281006,0.1509814852700719,0.03115348866278797,17,10,1.0,37.0,0.6138516824567135,0.19438092126755963,0.299,160,2185,0.1,0.2,15
50,25,true,,0.141257853372752,0.19478753784880137,0.06516261029682843,29,39,2.0,48.0,0.7078443483631871,0.11426806670784435,0.2506,160,2185,0.1,0.2,15
20,10,false,,0.11452181238568213,0.15351696853300248,0.037225716046608855,13,16,1.0,19.0,0.5791201575837164,0.5032829940906106,0.2902,161,2186,0.1,0.2,15
30,15,false,,0.12387366614067578,0.18275825464195197,0.08458321427744485,19,26,1.0,29.0,0.6732136810023704,0.14188960379275314,0.288,161,2186,0.1,0.2,15
40,20,true,,0.13871698777452912,0.25789552424419265,0.13016458557058658,32,34,16.0,39.0,0.7387272145826671,0.02910137511992325,0.2646,161,2186,0.1,0.2,15
20,10,false,,0.14226927140844697,0.17118266094092885,0.03825633526621731,10,5,1.0,19.0,0.5952525867315885,0.36792452830188677,0.333,162,2187,0.1,0.2,15
30,15,false,,0.17841977460426317,0.139862876312934,-0.04823878142388127,10,1,1.0,28.0,0.34767025089605735,0.21893667861409796,0.2894,162,2187,0.1,0.2,15
40,20,false,,0.1747656280616292,0.16832295854776488,-0.009344110786897536,10,1,1.0,25.0,0.47871082199881726,0.2879952690715553,0.2624,162,2187,0.1,0.2,15
50,25,false,,0.16505419721848788,0.18325831452623986,0.020583038812107574,10,4,1.0,46.0,0.5669763260413545,0.19059035061432425,0.2468,162,2187,0.1,0.2,15
60,30,true,,0.167418416247323,0.28934274764324497,0.15136673581654914,38,53,8.0,58.0,0.9198763002530222,0.10542592071970762,0.212,162,2187,0.1,0.2,15
20,10,true,,0.09219828068395067,0.3081350560260526,0.22589842286484313,13,15,3.0,19.0,0.8771116263663464,0.5789996687644916,0.3084,163,2188,0.1,0.2,15
20,10,false,,0.13969125131875418,0.14682624511982584,0.010734142237191907,12,15,1.0,19.0,0.5300947143293614,0.5001527650473572,0.3106,164,2189,0.1,0.2,15
30,15,true,,0.15695972085821883,0.26406048815986255,0.12663587248177605,22,24,1.0,29.0,0.7596783799880882,0.15723645026801666,0.2818,164,2189,0.1,0.2,15
20,10,false,,0.2196044188850791,0.07605503330496904,-0.15865744633573092,4,1,1.0,18.0,0.27638391079251295,0.27638391079251295,0.2208,165,2190,0.1,0.2,15
30,15,true,,0.11449344483039706,0.23362542482964532,0.1493401262531298,19,25,2.0,29.0,0.80512,0.23008,0.3012,165,2190,0.1,0.2,15
20,10,false,,0.11527569506313821,0.17499334166343314,0.08828208159906675,12,14,1.0,19.0,0.6679624230644639,0.4590217039196631,0.313,166,2191,0.1,0.2,15
30,15,false,,0.14691669567481574,0.29807492814041947,0.17047222795177372,23,26,1.0,29.0,0.6690117252931324,0.0864321608040201,0.2576,166,2191,0.1,0.2,15
40,20,true,,0.1624767401321529,0.4311464293132934,0.272436893547544,33,36,10.0,39.0,0.8421358096343586,0.024376088218224026,0.252,166,2191,0.1,0.2,15
20,10,false,,0.10698449288453786,0.1260133781809203,0.022359170251244356,10,1,1.0,19.0,0.55621925509487,0.4089950808151792,0.2994,167,2192,0.1,0.2,15
30,15,false,,0.16668046424525684,0.10497389527775698,-0.06317240633926696,5,1,1.0,28.0,0.38488783943329397,0.09917355371900827,0.237,167,2192,0.1,0.2,15
40,20,true,,0.12294783756387233,0.22530998754082335,0.11567251899508785,29,30,10.0,38.0,0.8439458924447377,0.16496205872649292,0.281,167,2192,0.1,0.2,15
20,10,false,,0.07512880725168654,0.4903520529487335,0.40064661966360826,15,16,5.0,19.0,0.9110858872493379,0.7552024214907302,0.297,168,2193,0.1,0.2,15
30,15,false,,0.10969009124772816,0.13269108804007962,0.038931765270039664,11,2,1.0,29.0,0.5855287569573284,0.17068645640074212,0.2896,168,2193,0.1,0.2,15
40,20,true,,0.1120129159276985,0.2024708984708113,0.11634986148774062,25,35,3.0,39.0,0.774481772694782,0.12544674767691208,0.2732,168,2193,0.1,0.2,15
20,10,false,,0.15187556651443995,0.07346041853159653,-0.09289680536320093,8,1,1.0,18.0,0.29853791227473647,0.3213192791567494,0.2594,169,2194,0.1,0.2,15
30,15,false,,0.14060817929294656,0.13877128968942065,-0.005777240466085701,12,3,1.0,28.0,0.484375,0.1982421875,0.279,169,2194,0.1,0.2,15
40,20,true,,0.1412583054974035,0.20602417734431297,0.08614972711001398,25,29,4.0,37.0,0.786410635155096,0.15568685376661742,0.286,169,2194,0.1,0.2,15
20,10,false,,0.1458176872823086,0.10785561827003841,-0.03922982396514292,9,5,1.0,19.0,0.39669421487603307,0.34894398530762166,0.3054,170,2195,0.1,0.2,15
30,15,false,,0.13539910537850033,0.17568122428888577,0.06967312159846434,18,27,2.0,29.0,0.6325,0.16,0.3096,170,2195,0.1,0.2,15
40,20,true,,0.15123769939611303,0.38463395216878216,0.2526059287939372,33,35,3.0,39.0,0.7873967574181707,0.05842765371673295,0.2296,170,2195,0.1,0.2,15
20,10,false,,0.15838648990980994,0.1019368277269418,-0.06651622986768155,7,5,1.0,18.0,0.31879510511452774,0.2820834640727957,0.3088,171,2196,0.1,0.2,15
30,15,false,,0.12793216568048688,0.1920476532683448,0.08031255907903204,21,27,2.0,29.0,0.6759960487323016,0.12808692788936452,0.2822,171,2196,0.1,0.2,15
40,20,true,,0.14277280591782052,0.23092241648204298,0.09722961799601446,33,34,20.0,39.0,0.7264389626818469,0.011068943706514863,0.2504,171,2196,0.1,0.2,15
20,10,false,,0.15907153905937726,0.1677954271689337,0.015905864715663548,12,17,1.0,19.0,0.5219711236660389,0.46735718769617074,0.2974,172,2197,0.1,0.2,15
30,15,false,,0.1403640774898058,0.7195458994147993,0.576462329336799,25,26,5.0,29.0,0.8947185545517721,0.14211257817929118,0.2526,172,2197,0.1,0.2,15
40,20,false,,0.1591249262993556,0.16667670147808544,0.009876835524235905,18,3,1.0,38.0,0.5227136879856545,0.14255827854154213,0.254,172,2197,0.1,0.2,15
50,25,true,,0.16483654216855737,0.2100799847975972,0.07648376095934603,29,39,1.0,47.0,0.7104952830188679,0.07399764150943396,0.2306,172,2197,0.1,0.2,15
20,10,false,,0.08845752813379269,0.3186348364694591,0.23947658525220322,15,17,1.0,19.0,0.7156710628394104,0.5950349107835532,0.2604,173,2198,0.1,0.2,15
30,15,false,,0.12778648833621167,0.27495906015400484,0.16644383167627183,19,25,1.0,29.0,0.6973415132924335,0.18779822767552828,0.2854,173,2198,0.1,0.2,15
40,20,true,,0.14516186839358008,0.3512000386026684,0.21277786443293925,34,34,22.0,39.0,0.848890240194588,0.0030404378230465185,0.2662,173,2198,0.1,0.2,15
20,10,false,,0.10293803376030765,0.16326721867611282,0.07263416946364745,13,1,1.0,19.0,0.6117329216518719,0.5059822462369742,0.2594,174,2199,0.1,0.2,15
30,15,false,,0.15286704790330716,0.1277368067562125,-0.03039162184487698,10,1,1.0,29.0,0.4762084592145015,0.07477341389728097,0.248,174,2199,0.1,0.2,15
40,20,true,,0.128351824049621,0.22173786265011572,0.10739589753635195,30,35,3.0,39.0,0.7846153846153846,0.06644844517184943,0.2622,174,2199,0.1,0.2,15
20,10,false,,0.07696263011341513,0.14171016298148262,0.06847227368905992,11,16,1.0,19.0,0.6691533010070869,0.42409548675867215,0.2754,175,2200,0.1,0.2,15
30,15,true,,0.09651863669548649,0.18159597338732314,0.11181909708662946,15,26,2.0,28.0,0.7292143401983219,0.2200610221205187,0.2992,175,2200,0.1,0.2,15
20,10,false,,0.16903812858342468,0.17673825935924029,0.01677034417334522,9,1,1.0,19.0,0.5265845599279063,0.3676779813757885,0.292,176,2201,0.1,0.2,15
30,15,false,,0.17990517941411494,0.1907160228408633,0.027212301055871746,9,1,1.0,28.0,0.5497076023391813,0.13727300707910126,0.256,176,2201,0.1,0.2,15
40,20,true,,0.17167878923760355,0.21847518157322257,0.06452152826379687,20,19,2.0,36.0,0.7455604883462819,0.17175360710321866,0.273,176,2201,0.1,0.2,15
20,10,false,,0.08715872956460771,0.12862695628253734,0.05307167722755958,12,16,1.0,19.0,0.6212814645308925,0.4462242562929062,0.2824,177,2202,0.1,0.2,15
30,15,false,,0.09865011561719213,0.12292964965974379,0.03028320175640975,18,23,2.799999999999997,29.0,0.6020053991515619,0.21827998457385267,0.3104,177,2202,0.1,0.2,15
40,20,false,,0.4007958318383895,0.09240695160885627,-0.315469546966362,4,2,1.0,37.0,0.2118570183086312,0.036181342632955533,0.2262,177,2202,0.1,0.2,15
50,25,false,,0.12041160825272751,0.13191808910598796,0.019839660034011712,28,43,2.0,48.0,0.5393442622950819,0.1139344262295082,0.269,177,2202,0.1,0.2,15
60,30,false,,0.12010318685905737,0.1860060916116971,0.07578148311238538,47,56,4.0,59.0,0.6678899082568808,0.045871559633027525,0.1448,177,2202,0.1,0.2,15
20,10,true,,0.08883531677014751,0.2959448130463668,0.208030568929362,14,16,2.0,19.0,0.75,0.651106500691563,0.312,178,2203,0.1,0.2,15
20,10,false,,0.1561802815882344,0.20128444613909446,0.06081985349479926,10,2,1.0,19.0,0.619430693069307,0.37995049504950495,0.307,179,2204,0.1,0.2,15
30,15,false,,0.17412712139660227,0.13812942578508333,-0.04132491784549905,7,2,1.0,28.0,0.41209476309226933,0.05798004987531172,0.2716,179,2204,0.1,0.2,15
40,20,true,,0.1533297561266071,0.25064762702756677,0.12442831601187886,29,36,3.0,39.0,0.7870343209152244,0.11792314461718979,0.2576,179,2204,0.1,0.2,15
20,10,false,,0.16484465930289627,0.19018992583744027,0.02260131067795372,10,1,1.0,19.0,0.5136725510557286,0.4119072343371409,0.251,180,2205,0.1,0.2,15
30,15,false,,0.15505818881729755,0.17336658565181773,0.028876719495126685,19,26,1.0,29.0,0.5577724836212031,0.15574746873138773,0.274,180,2205,0.1,0.2,15
40,20,true,,0.16046746347035593,0.24201084051285615,0.10375710488913716,29,35,4.0,39.0,0.778604118993135,0.10783752860411899,0.2698,180,2205,0.1,0.2,15
20,10,false,,0.12522514825140868,0.2450610575468135,0.12119514239722601,13,16,1.0,19.0,0.5898463593854375,0.5,0.2646,181,2206,0.1,0.2,15
30,15,true,,0.1399447042381666,0.5386759484193404,0.4069160709537648,24,25,6.0,29.0,0.9432713520327766,0.142767097384179,0.2938,181,2206,0.1,0.2,15
20,10,true,,0.11939054929451719,0.25135392870326767,0.14480699773354555,13,16,1.0,19.0,0.7792778649921507,0.5196232339089482,0.323,182,2207,0.1,0.2,15
20,10,true,,0.10601526158517104,0.2331510852239181,0.1354040331119507,14,16,2.0,19.0,0.7349636483807006,0.5796430931923331,0.3058,183,2208,0.1,0.2,15
20,10,false,,0.09647505081749554,0.14096558593319877,0.054590046805926454,14,16,1.0,19.0,0.6290491118077325,0.5471960989202369,0.291,184,2209,0.1,0.2,15
30,15,false,,0.10994105827846368,0.26487035572908446,0.18565304482635317,21,27,1.0,29.0,0.6990144048521607,0.11258529188779379,0.279,184,2209,0.1,0.2,15
40,20,true,,0.11470447687036454,0.27292517757313545,0.16576862876756787,29,33,3.0,38.0,0.8555093555093555,0.08281358281358281,0.2794,184,2209,0.1,0.2,15
20,10,false,,0.1304150148782957,0.41521898970854254,0.3014737059913811,15,17,4.0,19.0,0.8359721342621913,0.6839772007599747,0.3002,185,2210,0.1,0.2,15
30,15,false,,0.18047215151779095,0.15806152819107377,-0.035626866565624554,13,2,1.0,28.0,0.4400616332819723,0.1716486902927581,0.258,185,2210,0.1,0.2,15
40,20,false,,0.19351334143894966,0.19614190838668658,0.019898867319131847,9,1,1.0,38.0,0.5416666666666666,0.12347931873479319,0.2318,185,2210,0.1,0.2,15
50,25,true,,0.18376739012946403,0.2717066741545281,0.11153063181726053,33,37,2.0,47.0,0.8691085375706975,0.057366011311607866,0.2544,185,2210,0.1,0.2,15
20,10,false,,0.1274835927804132,0.307730170787129,0.22054305705617233,13,16,1.0,19.0,0.6816246315099902,0.5211267605633803,0.2902,186,2211,0.1,0.2,15
30,15,true,,0.12431514789083742,0.1832342186513309,0.07441072891135184,21,26,3.0,29.0,0.7182303106369626,0.17006589268904926,0.2938,186,2211,0.1,0.2,15
20,10,false,,0.0984282324405251,0.12193268939071783,0.02513254955989687,12,16,1.0,19.0,0.5483991064780342,0.47468354430379744,0.274,187,2212,0.1,0.2,15
30,15,true,,0.10421166183802535,0.4240024165723516,0.32739516977875455,22,26,2.0,29.0,0.8399232245681382,0.1543186180422265,0.285,187,2212,0.1,0.2,15
20,10,false,,0.1601663103515589,0.13627041908446172,-0.0361623249730636,9,1,1.0,19.0,0.4143646408839779,0.3324666883327917,0.277,188,2213,0.1,0.2,15
30,15,false,,0.15345723695440772,0.14222724630247222,-0.0208661983458501,10,4,1.0,28.0,0.45257284562926225,0.15561066336019838,0.2744,188,2213,0.1,0.2,15
40,20,false,,0.16349447381959994,0.17204133484189982,0.024910843011621442,23,32,1.0,38.0,0.5625,0.06575829383886256,0.2564,188,2213,0.1,0.2,15
50,25,true,,0.16543521710169842,0.28981193148317347,0.13513173789992722,41,44,17.799999999999997,49.0,0.8687731283803017,0.0327355536578423,0.2456,188,2213,0.1,0.2,15
20,10,true,,0.15474578356696153,0.36981402700638866,0.23197547881380107,14,16,1.0,19.0,0.7179568527918782,0.5586928934010152,0.288,189,2214,0.1,0.2,15
20,10,false,,0.09222388079008798,0.11331367423755989,0.030654386638547165,9,14,1.0,19.0,0.5803255484784147,0.3605803255484784,0.2958,190,2215,0.1,0.2,15
30,15,true,,0.11149870868263304,0.3410469009857713,0.24243234793742602,21,24,2.0,29.0,0.7914345403899722,0.17931754874651812,0.3004,190,2215,0.1,0.2,15
20,10,false,,0.09603216708765117,0.1159686678973809,0.01991322349563572,10,12,1.0,19.0,0.5521968365553602,0.37926186291739894,0.3002,191,2216,0.1,0.2,15
30,15,false,,0.11865028783529394,0.17375176486012808,0.07185283266870238,19,24,3.0,29.0,0.6820380522412125,0.21767171880038697,0.2952,191,2216,0.1,0.2,15
40,20,false,,0.8307779393348167,0.12344045468731303,-0.7019863353497815,2,1,1.0,26.0,0.170076726342711,0.05711849957374254,0.174,191,2216,0.1,0.2,15
50,25,true,,0.14824280684207464,0.2586569122482537,0.12932229478688345,39,44,5.0,48.97499999999991,0.8531005418422637,0.057796508127633955,0.2274,191,2216,0.1,0.2,15
20,10,false,,0.14189272598212216,0.2351553989804066,0.14398992878835465,11,1,1.0,19.0,0.6872659176029963,0.43164794007490637,0.3012,192,2217,0.1,0.2,15
30,15,false,,0.16324386960281811,0.18303039720494713,0.0478727642752305,13,25,1.0,28.0,0.5989127151917849,0.15252189670794322,0.271,192,2217,0.1,0.2,15
40,20,true,,0.1778257364751635,0.41013555958821485,0.24489491549027947,33,36,5.0,39.0,0.861493411420205,0.09428989751098096,0.2458,192,2217,0.1,0.2,15
20,10,false,,0.08343204665236326,0.24607542230026536,0.17242496643644792,15,16,2.0,19.0,0.7366874770473743,0.6404700697759824,0.274,193,2218,0.1,0.2,15
30,15,true,,0.10216355452222053,0.23303653342162722,0.13664266722110258,22,26,2.0,29.0,0.7433628318584071,0.16198537899191998,0.2888,193,2218,0.1,0.2,15
20,10,true,,0.1404937949464622,0.2902783688228169,0.17543391625051025,14,15,1.0,19.0,0.7101721439749609,0.5674491392801252,0.3078,194,2219,0.1,0.2,15
20,10,false,,0.10735187693399571,0.17233128351084057,0.0825059064149784,12,16,1.0,19.0,0.6674200839522119,0.4497901194704553,0.304,195,2220,0.1,0.2,15
30,15,true,,0.14111036093848853,0.3366157356042206,0.2045592229947205,24,26,2.0,29.0,0.7769900096680632,0.10505961972284886,0.2624,195,2220,0.1,0.2,15
20,10,false,,0.1312186049593376,0.12632389501293653,0.008409760900860194,11,1,1.0,19.0,0.5160510873317224,0.42975491888160167,0.2606,196,2221,0.1,0.2,15
30,15,false,,0.15546593307704065,0.1471437462646386,-0.02026681593667609,14,2,1.0,29.0,0.46166134185303515,0.16166134185303516,0.2674,196,2221,0.1,0.2,15
40,20,false,,0.15959297053472593,0.18205168920021286,0.043754587671026135,25,2,1.0,39.0,0.5682102628285357,0.09355444305381727,0.2306,196,2221,0.1,0.2,15
50,25,true,,0.16019636647137517,0.2792437402287083,0.14248525212952312,37,43,5.0,48.0,0.9059263521288837,0.06271576524741082,0.2532,196,2221,0.1,0.2,15
20,10,true,,0.09747674206490847,0.3832887647992953,0.30409868845585275,14,16,1.0,19.0,0.7534545454545455,0.6472727272727272,0.2792,197,2222,0.1,0.2,15
20,10,true,,0.07953184538039723,0.2974698639349736,0.22293230807215556,14,17,3.0,19.0,0.8423220973782771,0.6232209737827715,0.2902,198,2223,0.1,0.2,15
20,10,false,,0.13630872022469384,0.23223312407747987,0.12364097834101805,12,16,1.0,19.0,0.6843418590143481,0.4737991266375546,0.2982,199,2224,0.1,0.2,15
30,15,false,,0.17004584623189675,0.19200956425268842,0.03930044338202965,15,1,1.0,29.0,0.5565891472868217,0.0951937984496124,0.2568,199,2224,0.1,0.2,15
40,20,true,,0.1613457129583122,0.22296051819406276,0.09728826054254762,27,35,2.0,39.0,0.7234169653524493,0.1003584229390681,0.257,199,2224,0.1,0.2,15
20,10,false,,0.07711639342655603,0.28301547675088556,0.2009862786022353,15,16,2.0,19.0,0.7663335895465027,0.6418139892390469,0.267,200,2225,0.1,0.2,15
30,15,false,,0.11208588665904277,0.1446927628506217,0.04312240153086919,17,26,1.0,28.0,0.5809748427672956,0.14268867924528303,0.2802,200,2225,0.1,0.2,15
40,20,true,,0.11097857215535664,0.3908184658427154,0.2782433107343802,33,34,20.0,39.0,0.8798145506419401,0.017118402282453638,0.2984,200,2225,0.1,0.2,15
20,10,false,,0.22447969121317304,0.09105697752945519,-0.14729354203380057,4,2,1.0,18.0,0.28056256761630005,0.24125495852866932,0.2462,201,2226,0.1,0.2,15
30,15,true,,0.14240082547632016,0.20253179841140193,0.0901353970778461,18,24,3.0,29.0,0.7031528851873885,0.20880428316478286,0.2964,201,2226,0.1,0.2,15
20,10,false,,0.10208648829150033,0.17879405282119804,0.09812026880304514,13,17,1.0,19.0,0.5947940947940948,0.49222999222999225,0.2452,202,2227,0.1,0.2,15
30,15,true,,0.10724960884705866,0.21702565330118334,0.12343343584103234,20,26,2.0,29.0,0.7590361445783133,0.19489723600283487,0.2906,202,2227,0.1,0.2,15
20,10,false,,0.12492868071344664,0.22434289649687458,0.11959972683148135,13,16,1.0,19.0,0.6146454605699139,0.5069582504970179,0.2824,203,2228,0.1,0.2,15
30,15,false,,0.1327197708802333,0.17179071100151252,0.05270286130424867,18,26,1.0,29.0,0.6207344816379591,0.21124471888202795,0.272,203,2228,0.1,0.2,15
40,20,false,,0.13974195182102492,0.7285413869967025,0.5925842387762369,36,36,31.0,39.0,0.9294489294489294,0.0,0.2162,203,2228,0.1,0.2,15
50,25,false,,0.142941396740217,0.16573279590698461,0.03718589260923602,12,1,1.0,46.0,0.6256786969019482,0.21015649952091983,0.251,203,2228,0.1,0.2,15
60,30,true,,0.1560294876396646,0.3524176096604523,0.2038380717148917,47,50,32.0,59.0,0.8472706155632985,0.0,0.2228,203,2228,0.1,0.2,15
20,10,false,,0.16494579236086376,0.12056447195540289,-0.0603610858250114,9,3,1.0,19.0,0.35857950974230046,0.3500942803268385,0.287,204,2229,0.1,0.2,15
30,15,false,,0.15692074336618536,0.1726871438150734,0.03242277705332247,8,3,1.0,28.0,0.5734045897516504,0.13800691606413076,0.278,204,2229,0.1,0.2,15
40,20,false,,0.1796308846613954,0.2540269539723121,0.12862638978138263,32,36,1.0,39.0,0.6656308266003729,0.023927905531385955,0.2306,204,2229,0.1,0.2,15
50,25,false,,0.17891319182859436,0.20902624364623296,0.07763374736562124,12,1,1.0,47.0,0.6590563165905632,0.16407914764079148,0.2272,204,2229,0.1,0.2,15
60,30,true,,0.15058717191873314,0.1983718343426321,0.061175178382103984,12,5,2.0,32.0,0.7260007773027595,0.24174115818111155,0.1768,204,2229,0.1,0.2,15
20,10,false,,0.1321296202620138,0.20872210721037038,0.10316675472746603,14,16,2.0,19.0,0.6793988728866625,0.5428929242329368,0.3046,205,2230,0.1,0.2,15
30,15,true,,0.15875213286846168,0.3225137478199932,0.18566063671956012,21,27,3.0,29.0,0.7894736842105263,0.18305378831694621,0.2844,205,2230,0.1,0.2,15
20,10,false,,0.1621228031023934,0.13484758385824236,-0.0273066670980638,7,1,1.0,19.0,0.42387218045112784,0.27380952380952384,0.2958,206,2231,0.1,0.2,15
30,15,false,,0.16807846563551526,0.2363773827568813,0.10697039684779727,17,26,1.0,29.0,0.6181480334468876,0.16971198513471664,0.2732,206,2231,0.1,0.2,15
40,20,false,,0.172594302594428,0.21497994530308523,0.05652025115854248,33,34,7.0,39.0,0.6617562102830734,0.030618139803581745,0.255,206,2231,0.1,0.2,15
50,25,true,,0.17836041941362923,0.483947976233028,0.2943671281980127,42,46,8.0,49.0,0.8883693746347165,0.015488018702513151,0.2262,206,2231,0.1,0.2,15
20,10,false,,0.09677128531161278,0.15308390445511524,0.06630775385821182,13,16,1.0,19.0,0.6648482782134334,0.5219911353562905,0.3146,207,2232,0.1,0.2,15
30,15,true,,0.1311981863846678,0.2507803579592958,0.15389759844708753,19,26,2.0,28.0,0.7981880662293034,0.267416432364886,0.2966,207,2232,0.1,0.2,15
20,10,false,,0.12420940209675305,0.18705100690811494,0.09309205479354331,12,17,1.0,19.0,0.6174089068825911,0.46120107962213225,0.2622,208,2233,0.1,0.2,15
30,15,false,,0.15076822859466366,0.17138366066179353,0.03537467584933601,11,8,1.0,28.0,0.5982753493904253,0.2096342551293488,0.2976,208,2233,0.1,0.2,15
40,20,false,,0.6678332898944791,0.15694685988590937,-0.5306185097572652,2,1,1.0,13.0,0.11476028690071725,0.04265760664401661,0.1532,208,2233,0.1,0.2,15
50,25,true,,0.16979986493226892,0.2562552681071594,0.11572310961705978,34,45,3.0,48.0,0.8540555711479091,0.07886612405276452,0.2456,208,2233,0.1,0.2,15
20,10,false,,0.1194430297115365,0.17020811890976553,0.0528327011640463,12,15,1.0,19.0,0.631578947368421,0.480617711944532,0.3112,209,2234,0.1,0.2,15
30,15,true,,0.12426367849720714,0.2798292368793886,0.15993390398713717,20,26,1.0,29.0,0.7557202707057686,0.15501127940702547,0.2726,209,2234,0.1,0.2,15
20,10,false,,0.08540663168810438,0.1728158825575141,0.09965755633926798,14,16,1.0,19.0,0.6783015473191796,0.5656711047139259,0.3002,210,2235,0.1,0.2,15
30,15,false,,0.11336549901311041,0.1635315859177744,0.07310889787550932,18,21,1.0,28.0,0.6785837057408044,0.17497421794431076,0.2946,210,2235,0.1,0.2,15
40,20,false,,0.11810685741995379,0.744252925925407,0.6229776821595515,35,36,27.0,39.0,0.9896313364055299,0.0007680491551459293,0.2464,210,2235,0.1,0.2,15
50,25,false,,0.13979040096314557,0.1816446234554571,0.06000178950988591,38,45,4.0,48.0,0.680089485458613,0.10067114093959731,0.2448,210,2235,0.1,0.2,15
60,30,true,,0.14429180829519228,0.24800972637839958,0.10940139816492095,48,56,32.0,59.0,0.8267667292057536,0.0,0.2138,210,2235,0.1,0.2,15
20,10,true,,0.08515071870025963,0.21547500886863677,0.1489236883338123,14,18,2.0,19.0,0.7404351087771943,0.5480120030007501,0.294,211,2236,0.1,0.2,15
20,10,true,,0.09908549928718145,0.3460261639967885,0.25110062069357947,14,15,3.0,19.0,0.8844270323212536,0.6565458700620307,0.3128,212,2237,0.1,0.2,15
20,10,false,,0.106453874055079,0.09830726120910606,-0.014637478140840224,8,1,1.0,18.0,0.44698462751281043,0.33543555380370516,0.2454,213,2238,0.1,0.2,15
30,15,true,,0.10203145123295682,0.5361533747342896,0.4466022809925555,24,26,8.0,29.0,0.8761552680221811,0.12717190388170055,0.2916,213,2238,0.1,0.2,15
20,10,true,,0.10377511467428259,0.26414439001677037,0.16325622660143144,14,16,3.0,19.0,0.7749832327297116,0.6187122736418511,0.3086,214,2239,0.1,0.2,15
20,10,true,,0.0681830584479935,0.2991795756484278,0.22948189724654117,14,18,1.0,19.0,0.7180896027049873,0.5321217244294167,0.2144,215,2240,0.1,0.2,15
20,10,false,,0.08324688648097438,0.11918694344449698,0.04299410362801047,13,17,1.0,19.0,0.5862489829129374,0.4926769731489015,0.2378,216,2241,0.1,0.2,15
30,15,false,,0.13299707343992248,0.12711608758016218,-0.005147250380786839,14,1,1.0,28.0,0.49166087560806115,0.1959694232105629,0.278,216,2241,0.1,0.2,15
40,20,true,,0.1348342515293916,0.30998701568581677,0.1927780844509076,31,36,3.0,39.0,0.8092105263157895,0.03618421052631579,0.2738,216,2241,0.1,0.2,15
20,10,true,,0.05576283633372752,0.2642418139380759,0.1989669075719009,14,16,3.0,19.0,0.7976804123711341,0.6039518900343642,0.1974,217,2242,0.1,0.2,15
20,10,true,,0.11369697450489315,0.2311297650600819,0.13283276560267793,14,16,1.0,19.0,0.7219217308304168,0.5762010817690105,0.3104,218,2243,0.1,0.2,15
20,10,false,,0.09871564218849987,0.11557201725070136,0.011988104615459884,10,1,1.0,19.0,0.5218813905930471,0.4110429447852761,0.216,219,2244,0.1,0.2,15
30,15,false,,0.06821730977626729,0.5194337778493424,0.43759114162623314,25,26,2.0,29.0,0.8615548455804047,0.11075612353567625,0.1278,219,2244,0.1,0.2,15
40,20,false,,0.13703376060964495,0.1219658408683055,-0.004295176104756743,18,1,1.0,38.0,0.49267100977198697,0.048859934853420196,0.2758,219,2244,0.1,0.2,15
50,25,true,,0.11201663666331804,0.45587721027469047,0.35030010584518034,44,46,20.0,49.0,0.8548856548856549,0.01288981288981289,0.2684,219,2244,0.1,0.2,15
20,10,true,,0.11593108575687784,0.3800819506205241,0.2839424390121301,14,16,1.0,19.0,0.8149736147757256,0.6177440633245382,0.3016,220,2245,0.1,0.2,15
20,10,false,,0.10554642146256905,0.15125337728695634,0.051342109906623704,13,16,1.0,19.0,0.6060402684563758,0.5174496644295302,0.2962,221,2246,0.1,0.2,15
30,15,true,,0.11908200465790995,0.2639265091368763,0.16576323110114197,22,26,2.0,29.0,0.7241011035955857,0.1772872908508366,0.292,221,2246,0.1,0.2,15
20,10,false,,0.06985290660643548,0.3962134670667327,0.31983743730876624,15,16,2.0,19.0,0.8079769736842105,0.6089638157894737,0.2284,222,2247,0.1,0.2,15
30,15,false,,0.09989525373469611,0.1179672303964507,0.014077411527504774,13,12,1.0,27.0,0.5416506717850288,0.30211132437619964,0.2876,222,2247,0.1,0.2,15
40,20,true,,0.10877861342771165,0.3093244936423513,0.21107240926857018,31,36,4.0,39.0,0.7698695136417556,0.06919731119019375,0.264,222,2247,0.1,0.2,15
20,10,false,,0.08955774581518611,0.1763678670812104,0.1128143618391626,12,16,1.0,19.0,0.6723450525552737,0.47335991301196084,0.2906,223,2248,0.1,0.2,15
30,15,true,,0.11301601421485408,0.2610178779953584,0.17161382531790692,22,26,2.0,29.0,0.7970817780794028,0.14353579911774686,0.3034,223,2248,0.1,0.2,15
20,10,false,,0.1232032418607788,0.1654313758623701,0.053990827963926624,12,1,1.0,19.0,0.5688073394495413,0.45981651376146787,0.2454,224,2249,0.1,0.2,15
30,15,true,,0.12160681858084652,0.2013747626904579,0.0966926561553732,21,25,3.0,29.0,0.7605725439167209,0.20689655172413793,0.3058,224,2249,0.1,0.2,15
20,10,true,,0.08795151892024994,0.4165863320752794,0.32788336181008604,14,16,3.0,19.0,0.8689584751531654,0.639210347174949,0.2964,225,2250,0.1,0.2,15
20,10,false,,0.165181878920515,0.2015596980254571,0.06701250880074983,10,2,1.0,19.0,0.5791025221094006,0.39633147723550605,0.2878,226,2251,0.1,0.2,15
30,15,true,,0.17141542858683328,0.27303513453504796,0.1340727297583676,23,25,3.0,29.0,0.7180081065431384,0.16705269253039953,0.287,226,2251,0.1,0.2,15
20,10,false,,0.17983700737649025,0.08281503251168826,-0.11169416967852494,6,2,1.0,19.0,0.27799093128705965,0.2738053714684339,0.2502,227,2252,0.1,0.2,15
30,15,false,,0.14506116111826658,0.1328260294631537,-0.010092840932677122,11,3,1.0,29.0,0.47982945227943585,0.14824532633650378,0.2796,227,2252,0.1,0.2,15
40,20,false,,0.1436454763485624,0.14787425273988605,0.00046030962473374293,17,2,1.0,38.0,0.5030384875084403,0.15428764348413235,0.2398,227,2252,0.1,0.2,15
50,25,true,,0.14883586752688885,0.3585268302490641,0.210473132119569,41,44,1.0,49.0,0.8497223129696178,0.014374387455080039,0.1852,227,2252,0.1,0.2,15
20,10,true,,0.0998359652912352,0.31745096656914384,0.2149904433306177,13,16,2.0,19.0,0.8554333764553687,0.536222509702458,0.3126,228,2253,0.1,0.2,15
20,10,false,,0.11298503244092861,0.45600664618038217,0.36115219600888543,15,17,1.0,19.0,0.7646630236794171,0.590528233151184,0.267,229,2254,0.1,0.2,15
30,15,true,,0.12008049988503369,0.20695075612443325,0.11470065419410902,18,26,2.0,28.0,0.7228295819935692,0.25112540192926047,0.2998,229,2254,0.1,0.2,15
20,10,false,,0.14996533200517215,0.14507151387626807,-0.003223469683990912,11,15,1.0,19.0,0.49305769824128354,0.4227090404196236,0.2884,230,2255,0.1,0.2,15
30,15,true,,0.1335655917934935,0.2841838854108626,0.15863586989664125,23,25,2.0,29.0,0.7691567810195575,0.1292080795126643,0.288,230,2255,0.1,0.2,15
20,10,true,,0.13891833165385797,0.2795408462330988,0.1544926823522489,14,15,1.0,19.0,0.7535870243293824,0.5923268870867124,0.3004,231,2256,0.1,0.2,15
20,10,false,,0.12194944096177834,0.1290296469869998,0.010193679005708056,9,2,1.0,19.0,0.510548523206751,0.396240889911776,0.2566,232,2257,0.1,0.2,15
30,15,false,,0.10071765508256378,0.12087247492046475,0.02971396377021697,12,6,2.0,28.0,0.5924416450537237,0.21267135976287513,0.3044,232,2257,0.1,0.2,15
40,20,false,,0.13798509793836317,0.12689605396650397,-0.005557225444877634,9,3,1.0,37.0,0.48707681106661815,0.10411357844921733,0.2708,232,2257,0.1,0.2,15
50,25,true,,0.12731253330054773,0.24047367637832723,0.1269545543339099,36,44,17.0,49.0,0.8321560713084426,0.03161789438277834,0.252,232,2257,0.1,0.2,15
20,10,false,,0.09622225514044686,0.10223985355893467,0.01017801942847274,11,1,1.0,19.0,0.5300230946882217,0.4341801385681293,0.2466,233,2258,0.1,0.2,15
30,15,false,,0.09672483089160211,0.15300377310397592,0.06359481035963989,19,24,1.0,29.0,0.6252025931928687,0.15721231766612642,0.2386,233,2258,0.1,0.2,15
40,20,false,,0.12588153624817516,0.13178549820427105,0.023975274132996077,19,4,1.0,38.0,0.5482253086419753,0.12885802469135801,0.2832,233,2258,0.1,0.2,15
50,25,false,,0.12883492209954642,0.1404532783832447,0.027319886613673433,14,2,1.0,47.0,0.5579399141630901,0.2453505007153076,0.2488,233,2258,0.1,0.2,15
60,30,false,,0.12645701181417465,0.154638355085722,0.04404846128132511,13,1,1.0,54.0,0.6540130151843818,0.16738973246565436,0.1888,233,2258,0.1,0.2,15
20,10,false,,0.17035282814701208,0.07430575130142848,-0.11801451143682846,4,1,1.0,18.0,0.2926070038910506,0.20544747081712061,0.208,234,2259,0.1,0.2,15
30,15,false,,0.11081563649541717,0.1355527946351678,0.03511035146384883,13,4,1.0,28.0,0.5896442409299049,0.1972525537160972,0.2906,234,2259,0.1,0.2,15
40,20,true,,0.12722447100940792,0.23189466828010888,0.11741396230041451,30,35,4.0,38.0,0.7616429495472187,0.13065976714100905,0.2844,234,2259,0.1,0.2,15
20,10,false,,0.08073302155523468,0.1566382005041456,0.08362238658120422,14,16,2.0,19.0,0.6814456035767511,0.5890461997019374,0.2886,235,2260,0.1,0.2,15
30,15,false,,0.08841743774154803,0.19296753724364926,0.10867086854977095,19,24,1.0,29.0,0.6792770071458596,0.13324926439680537,0.2258,235,2260,0.1,0.2,15
40,20,false,,0.09672164771143418,0.1309675148200546,0.039434982886310865,28,35,2.0,38.0,0.6059618071727992,0.07312529110386586,0.1656,235,2260,0.1,0.2,15
50,25,true,,0.09518624163932266,0.22459541796438712,0.13054291623458866,40,45,21.0,49.0,0.7364117364117364,0.006253006253006253,0.1394,235,2260,0.1,0.2,15
20,10,false,,0.09972180372753041,0.14110617709324708,0.06560094584177434,13,17,1.0,19.0,0.5811823480432973,0.5,0.2268,236,2261,0.1,0.2,15
30,15,true,,0.07744204137340004,0.26698725027018616,0.22019140624614697,22,26,3.0,29.0,0.7104283054003724,0.1857541899441341,0.1738,236,2261,0.1,0.2,15
20,10,true,,0.09678256469823555,0.20925438866212656,0.1383599141997313,14,16,2.0,19.0,0.7176882661996498,0.5478108581436077,0.2958,237,2262,0.1,0.2,15
20,10,false,,0.0767725571869758,0.2211011343104835,0.14619176206169593,15,16,2.0,19.0,0.761055369751022,0.6651802303976218,0.3038,238,2263,0.1,0.2,15
30,15,true,,0.10062750180370097,0.3172886787712888,0.2236069469378923,20,24,2.0,29.0,0.7903340440653873,0.2267235252309879,0.3074,238,2263,0.1,0.2,15
20,10,true,,0.08933256603500297,0.22963863653329486,0.15239057624682611,12,16,2.0,19.0,0.797442799461642,0.5198519515477793,0.3082,239,2264,0.1,0.2,15
20,10,false,,0.13967706719650633,0.17068058037884287,0.060145321737737505,12,16,1.0,19.0,0.5669642857142857,0.4563137755102041,0.2884,240,2265,0.1,0.2,15
30,15,false,,0.15591094313798154,0.16156846711682618,-0.010158117321308835,15,2,1.0,29.0,0.4850467289719626,0.1470404984423676,0.2398,240,2265,0.1,0.2,15
40,20,true,,0.14437486474316583,0.1990053035703453,0.07771034276143063,23,25,3.0,38.0,0.728011611030479,0.1764876632801161,0.2816,240,2265,0.1,0.2,15
20,10,false,,0.12120389697554457,0.18265600450549724,0.08224783032989574,9,5,1.0,19.0,0.6872862915760025,0.3484612993472179,0.3212,241,2266,0.1,0.2,15
30,15,false,,0.136837917758531,0.16798474669258312,0.04704459477463019,22,27,3.0,29.0,0.6019478479421929,0.1746779767514923,0.278,241,2266,0.1,0.2,15
40,20,false,,0.1573523333859935,0.16828375865152842,0.02865472473944998,25,2,1.0,38.875,0.5701200252684776,0.0786481364497789,0.2512,241,2266,0.1,0.2,15
50,25,true,,0.16021246099676467,0.2797342284534968,0.1402677560377517,43,46,5.0,49.0,0.8467501490757304,0.03190220632081097,0.2256,241,2266,0.1,0.2,15
20,10,true,,0.09689108032353932,0.2640913437549476,0.169902484771748,14,16,3.0,19.0,0.7617801047120419,0.643651832460733,0.303,242,2267,0.1,0.2,15
20,10,false,,0.12793839997588272,0.1584393548056084,0.04525107711424606,11,2,1.0,19.0,0.5894632206759444,0.42213386348575216,0.2978,243,2268,0.1,0.2,15
30,15,true,,0.11924426254792546,0.5697549836371193,0.44274795888179463,23,24,4.0,29.0,0.9391447368421053,0.15098684210526317,0.291,243,2268,0.1,0.2,15
20,10,false,,0.13778905157029922,0.12356718944279063,-0.01230601875707478,12,1,1.0,19.0,0.4814027630180659,0.46156571023733617,0.2476,244,2269,0.1,0.2,15
30,15,false,,0.12067999263356698,0.20537410574540005,0.10178357931135787,23,26,2.0,29.0,0.6748985115020297,0.13159675236806495,0.2864,244,2269,0.1,0.2,15
40,20,true,,0.13124355542090724,0.2605318327645782,0.14932129933935334,31,34,1.0,39.0,0.779783393501805,0.06366918280275681,0.273,244,2269,0.1,0.2,15
20,10,true,,0.103416328968023,0.23166080821004412,0.1324831958755705,14,16,3.0,19.0,0.7188118811881188,0.6006600660066007,0.2954,245,2270,0.1,0.2,15
20,10,false,,0.12053440346227093,0.1548916505911349,0.06135647213449236,11,17,1.0,19.0,0.5813492063492064,0.4246031746031746,0.3074,246,2271,0.1,0.2,15
30,15,false,,0.13668266631996084,0.1913015502858188,0.08131794433572521,18,27,1.0,29.0,0.6322480620155039,0.1634108527131783,0.2838,246,2271,0.1,0.2,15
40,20,true,,0.15504980737044446,0.30601645182976905,0.15999292987411834,33,36,2.0,39.0,0.7332494495124253,0.08744888329663417,0.213,246,2271,0.1,0.2,15
20,10,false,,0.11582109907479447,0.09542211873801058,-0.027113512030368225,10,1,1.0,19.0,0.4434250764525994,0.4105504587155963,0.26,247,2272,0.1,0.2,15
30,15,true,,0.10524249435845531,0.29356378600223737,0.19904616749751078,20,23,1.0,28.0,0.848713550600343,0.18147512864493998,0.291,247,2272,0.1,0.2,15
20,10,false,,0.6139295489750701,0.05669947334960996,-0.548454230442817,2,1,1.0,18.0,0.1492399815753109,0.10686319668355597,0.1506,248,2273,0.1,0.2,15
30,15,false,,0.2106001519914545,0.09408908650953289,-0.116224000419336,4,3,1.0,27.0,0.31144978507229387,0.09222352481438062,0.2594,248,2273,0.1,0.2,15
40,20,true,,0.11181383338813447,0.3675425114657667,0.24975184299943454,30,35,3.0,39.0,0.8063806380638063,0.13164649798313163,0.2758,248,2273,0.1,0.2,15
20,10,false,,0.11024925065048663,0.13220963152027196,0.026573617381488446,13,16,1.0,19.0,0.5839784584315045,0.4883877482329182,0.3112,249,2274,0.1,0.2,15
30,15,false,,0.12247321394570378,0.12637452678747704,0.007979813437675981,13,3,1.0,28.0,0.5276537272414977,0.2590175197526623,0.2898,249,2274,0.1,0.2,15
40,20,false,,0.1332326599735497,0.1697306955948796,0.056715927919937195,25,34,2.0,38.0,0.6303208906352324,0.08284217419777341,0.273,249,2274,0.1,0.2,15
50,25,true,,0.1416090799004341,0.2098726436858949,0.10039710736406884,30,44,3.0,48.0,0.7662132236633976,0.11894969946219551,0.2498,249,2274,0.1,0.2,15
20,10,false,,0.10576053003905121,0.6157141434781744,0.5147917453131483,16,16,5.0,19.0,0.931487397941072,0.7937522186723465,0.2704,250,2275,0.1,0.2,15
30,15,true,,0.12276398454825849,0.2896406121710271,0.16874688913892968,24,25,4.0,29.0,0.7861799217731421,0.11440677966101695,0.279,250,2275,0.1,0.2,15
20,10,false,,0.14358964956410405,0.1519352880014565,0.012463325952966092,10,6,1.0,19.0,0.536976536976537,0.3985743985743986,0.3262,251,2276,0.1,0.2,15
30,15,true,,0.14346339690674137,0.25468838688496576,0.12877215119229146,20,24,3.0,29.0,0.8208955223880597,0.21343283582089553,0.296,251,2276,0.1,0.2,15
20,10,false,,0.10362990681245154,0.2765109964346195,0.18048863550397037,15,16,2.0,19.0,0.7680272108843538,0.6051020408163266,0.3028,252,2277,0.1,0.2,15
30,15,true,,0.10937299813125326,0.23011596306677498,0.13908513487705812,22,24,4.0,29.0,0.7799865229110512,0.20586253369272237,0.2878,252,2277,0.1,0.2,15
20,10,false,,0.15883529688025894,0.22480976742714998,0.07934652094998895,13,15,1.0,19.0,0.5830681094844048,0.5133672819859961,0.2888,253,2278,0.1,0.2,15
30,15,true,,0.17704365959046306,0.2785971782005942,0.13159062692195325,22,25,2.0,29.0,0.7008670520231214,0.12861271676300579,0.2876,253,2278,0.1,0.2,15
20,10,true,,0.08771512133379632,0.15917196091334682,0.0828456813996951,14,17,2.0,19.0,0.7135605511240029,0.5964467005076142,0.2938,254,2279,0.1,0.2,15
20,10,false,,0.05294973422595551,0.15943341660119717,0.10327706177673086,12,11,2.0,19.0,0.6970397779833487,0.5272895467160037,0.1528,255,2280,0.1,0.2,15
30,15,false,,0.05153285106302217,0.5052257339795876,0.46011092473671356,26,26,12.0,29.0,0.8743424897720631,0.061367621274108705,0.068,255,2280,0.1,0.2,15
40,20,false,,0.3500339004159384,0.05850678050096484,-0.28242710581810626,2,1,1.0,15.0,0.14556962025316456,0.06724683544303797,0.04,255,2280,0.1,0.2,15
50,25,false,,0.7744694683531743,0.04526444226964228,-0.7345508861413867,1,1,1.0,3.0,0.0,0.0,0.014,255,2280,0.1,0.2,15
60,30,false,,0.05443692540280142,0.6811407272088266,0.6267038018060251,56,58,48.0,59.0,1.0,0.0,0.012,255,2280,0.1,0.2,15
20,10,false,,0.09630858768651344,0.40185692190838707,0.3178945102046672,15,16,1.0,19.0,0.7974549310710498,0.6238953693884765,0.2896,256,2281,0.1,0.2,15
30,15,false,,0.12381310213759268,0.20938934536575232,0.11433093511234951,22,25,1.0,29.0,0.6543635736460849,0.13694377371507416,0.2816,256,2281,0.1,0.2,15
40,20,true,,0.14005313543642772,0.5149776016259168,0.362762592687633,33,36,8.0,39.0,0.838254593175853,0.037729658792650916,0.2642,256,2281,0.1,0.2,15
20,10,true,,0.10404015031184555,0.18629131173244218,0.11843214215463187,11,16,1.0,19.0,0.726630800268998,0.44586415601882984,0.2968,257,2282,0.1,0.2,15
20,10,false,,0.09822349646612097,0.26399325625701076,0.1743609364444222,15,16,2.0,19.0,0.7760683760683761,0.6136752136752137,0.2958,258,2283,0.1,0.2,15
30,15,false,,0.167216574541743,0.1713521174247445,0.04435818975739883,12,1,1.0,29.0,0.5424657534246575,0.10308219178082192,0.2524,258,2283,0.1,0.2,15
40,20,true,,0.16353129255643906,0.2771023970101289,0.13934003638790896,33,35,3.0,39.0,0.7957272461223295,0.10857477319285923,0.2678,258,2283,0.1,0.2,15
20,10,false,,0.1104425780054838,0.2889969760291464,0.1841166984932042,15,16,2.0,19.0,0.8109271523178808,0.6211920529801325,0.293,259,2284,0.1,0.2,15
30,15,false,,0.15025320503923215,0.1683533763270076,0.03853419196184016,11,1,1.0,28.0,0.5736312146003776,0.17684078036500944,0.2748,259,2284,0.1,0.2,15
40,20,false,,0.18124861728927955,0.19320700572689647,0.05449493224670089,9,1,1.0,38.0,0.559710873664362,0.06411062225015714,0.2286,259,2284,0.1,0.2,15
50,25,true,,0.17297905019575968,0.44634362921576487,0.27618218538370165,39,44,6.0,49.0,0.939200444197668,0.03886729594669628,0.2474,259,2284,0.1,0.2,15
20,10,false,,0.1033901494847909,0.16269930421590448,0.07296931498088317,13,17,2.0,19.0,0.6725260416666666,0.5354817708333334,0.3288,260,2285,0.1,0.2,15
30,15,true,,0.13092347311350955,0.18679302503078926,0.05754767982567871,16,15,2.0,29.0,0.7048484848484848,0.3321212121212121,0.2968,260,2285,0.1,0.2,15
20,10,false,,0.11470718237257141,0.21762597021282468,0.12232317859318456,15,16,2.0,19.0,0.7285390346614836,0.6316812439261419,0.3092,261,2286,0.1,0.2,15
30,15,true,,0.11718930629315999,0.3673661697726553,0.27038851892134674,23,26,4.0,29.0,0.8146358301691405,0.17949603037625128,0.2838,261,2286,0.1,0.2,15
20,10,false,,0.09141280701628844,0.13442990395967425,0.05174597003420776,12,16,2.0,19.0,0.6248251748251749,0.48426573426573427,0.2984,262,2287,0.1,0.2,15
30,15,true,,0.10324944666554368,0.2589814210090329,0.16023799869589261,22,25,2.0,29.0,0.7633705271258177,0.17853020392458638,0.281,262,2287,0.1,0.2,15
20,10,false,,0.8332679420976797,0.04359061336865214,-0.7902537499016474,1,1,1.0,3.0,0.0,0.0,0.0852,263,2288,0.1,0.2,15
30,15,true,,0.10898699780938655,0.2813418308446519,0.18409041830262307,22,24,4.0,29.0,0.7988348183687457,0.17751884852638794,0.3014,263,2288,0.1,0.2,15
20,10,true,,0.11402335716705173,0.2881647980842581,0.1919381592745404,14,16,2.0,19.0,0.7438156557099288,0.5567604201965436,0.3094,264,2289,0.1,0.2,15
20,10,false,,0.1258490160720064,0.09148664013532522,-0.03209809699052394,9,7,1.0,18.0,0.3678014635698377,0.3092586700604518,0.3146,265,2290,0.1,0.2,15
30,15,true,,0.14393371756788148,0.2296953228780617,0.10570199947680171,22,26,2.0,29.0,0.7299473521213998,0.19820377825952307,0.2832,265,2290,0.1,0.2,15
20,10,false,,0.1550792339935436,0.35746665071871664,0.21096421217202044,15,17,2.0,19.0,0.7965152457996266,0.6502800248911015,0.3134,266,2291,0.1,0.2,15
30,15,false,,0.17399771850991308,0.14048413542604057,-0.054161172553873455,7,2,1.0,29.0,0.4095299420476497,0.14005151320025758,0.2466,266,2291,0.1,0.2,15
40,20,true,,0.14924130904696714,0.19069123088970505,0.08829588901860819,25,36,2.0,39.0,0.7248677248677249,0.10582010582010581,0.242,266,2291,0.1,0.2,15
20,10,false,,0.07786166696120363,0.1749176122186184,0.11168540124517942,14,16,1.0,19.0,0.6893203883495146,0.5165857605177994,0.2392,267,2292,0.1,0.2,15
30,15,false,,0.11008853304412843,0.12426823854084376,0.013332307628913631,14,3,1.0,29.0,0.5590390879478827,0.10097719869706841,0.2834,267,2292,0.1,0.2,15
40,20,false,,0.25076032414041743,0.11949788147843608,-0.141411571697963,7,2,1.0,37.0,0.393168880455408,0.05844402277039848,0.2424,267,2292,0.1,0.2,15
50,25,true,,0.12744279272368347,0.41361806555300856,0.2845600152331882,42,44,16.0,48.0,0.8470311975847031,0.056692385105669235,0.2654,267,2292,0.1,0.2,15
20,10,false,,0.0934703898559916,0.11401776936574716,0.02273026848337105,9,4,1.0,19.0,0.5634005763688761,0.31556195965417866,0.284,268,2293,0.1,0.2,15
30,15,true,,0.11966612892867333,0.1945897752130901,0.08478042536630379,19,21,3.0,28.0,0.7323455233291298,0.22793190416141235,0.3166,268,2293,0.1,0.2,15
20,10,true,,0.09165234377217747,0.18972438445228593,0.1101747855287846,14,17,2.0,19.0,0.7268707482993197,0.6095238095238096,0.3084,269,2294,0.1,0.2,15
20,10,false,,0.12655371543832977,0.16403872649032192,0.055465959911908946,12,16,1.0,19.0,0.6146993318485523,0.43748011454024816,0.3156,270,2295,0.1,0.2,15
30,15,false,,0.1429469406147908,0.1912662523276459,0.06546941234567319,18,26,2.0,29.0,0.6730590782554903,0.27095576863594184,0.2754,270,2295,0.1,0.2,15
40,20,false,,0.7898866456495969,0.1565488626871993,-0.6476664957130442,2,1,1.0,19.0,0.17996219281663517,0.09149338374291115,0.1682,270,2295,0.1,0.2,15
50,25,true,,0.15174348142640778,0.20040326891756413,0.06993366099352767,15,9,2.0,46.0,0.798954096455549,0.1926205694363742,0.2688,270,2295,0.1,0.2,15
20,10,true,,0.11196727537612719,0.4277439819060536,0.3015351870692047,14,16,1.0,19.0,0.7217714672075727,0.5764029749830967,0.2932,271,2296,0.1,0.2,15
20,10,true,,0.05880914896831868,0.2283634752813173,0.16893401656961513,14,17,2.0,19.0,0.7866497676383608,0.65694972539079,0.2128,272,2297,0.1,0.2,15
20,10,false,,0.10624893184811825,0.12835685501799923,0.021663726280092874,11,13,1.0,19.0,0.5626054674316571,0.404319946000675,0.2814,273,2298,0.1,0.2,15
30,15,false,,0.12608396616995604,0.1641509578951998,0.049524670277263205,13,12,1.0,28.0,0.6274760383386582,0.29041533546325876,0.2946,273,2298,0.1,0.2,15
40,20,false,,0.14897433095423476,0.19026787286093375,0.06565041455502935,19,1,1.0,38.0,0.6310424202564946,0.13186451825057546,0.2202,273,2298,0.1,0.2,15
50,25,true,,0.15394726784951837,0.2111028139196598,0.07112894454317999,27,26,2.0,49.0,0.7285368802902056,0.13422007255139057,0.2446,273,2298,0.1,0.2,15
20,10,false,,0.19311654954413604,0.20225537814919858,0.014994616601498034,9,4,1.0,18.949999999999818,0.5202411714039621,0.37525122021246055,0.3388,274,2299,0.1,0.2,15
30,15,false,,0.18265675747129637,0.1755220712890416,-0.013563078817137142,20,25,4.0,29.0,0.45686990727732507,0.22393930879460522,0.2852,274,2299,0.1,0.2,15
40,20,false,,0.19142017697532399,0.2293718516657457,0.0769924160878992,27,1,1.0,39.0,0.6309196455850902,0.05957836846929423,0.2184,274,2299,0.1,0.2,15
50,25,true,,0.19271148662503018,0.5251082231506731,0.33332648745907956,44,46,31.0,49.0,0.8142140961368328,0.0,0.2248,274,2299,0.1,0.2,15
20,10,false,,0.1172654311578158,0.46195100204593664,0.3429194944740719,15,16,3.0,19.0,0.880037488284911,0.669165885660731,0.3086,275,2300,0.1,0.2,15
30,15,false,,0.17718124383896416,0.18496460018107536,-0.0013334421644344285,13,1,1.0,28.0,0.49803089972735537,0.24053317176613148,0.2692,275,2300,0.1,0.2,15
40,20,false,,0.18420599896759005,0.23721026620124283,0.09233835585986827,30,36,1.0,39.0,0.696291936433196,0.0709240729841083,0.2558,275,2300,0.1,0.2,15
50,25,true,,0.1872452608322638,0.5040287213695599,0.3196748388225643,41,47,26.0,49.0,0.9104095563139932,0.009954493742889647,0.2318,275,2300,0.1,0.2,15
20,10,true,,0.09996716398787421,0.38154368075003253,0.29271532471945827,14,15,2.0,19.0,0.8626220362622036,0.6373779637377964,0.2916,276,2301,0.1,0.2,15
20,10,false,,0.11259972241474592,0.18371546155413826,0.08174164434636016,14,15,2.0,19.0,0.6932436759526097,0.5398655139289145,0.3224,277,2302,0.1,0.2,15
30,15,false,,0.12666244193773812,0.16763085577243558,0.06424583437306072,14,5,2.0,28.0,0.6613636363636364,0.16363636363636364,0.2878,277,2302,0.1,0.2,15
40,20,true,,0.13577083799202327,0.35221673600049697,0.2143467480552772,32,34,3.0,39.0,0.8891769280622165,0.060272197018794556,0.2682,277,2302,0.1,0.2,15
20,10,false,,0.13470048045796368,0.17670962810474597,0.0759490892665972,10,1,1.0,19.0,0.5972271596160682,0.38713117667970137,0.273,278,2303,0.1,0.2,15
30,15,false,,0.23078746552400603,0.1447534345258851,-0.10450522622028346,4,1,1.0,28.0,0.3546491531282406,0.09851365364673349,0.2238,278,2303,0.1,0.2,15
40,20,true,,0.1588536767652243,0.22698049307065,0.09610753335388594,32,35,5.0,39.0,0.762405137186223,0.06830122591943957,0.2574,278,2303,0.1,0.2,15
20,10,false,,0.10129838385126738,0.6258781965975377,0.5327318752850333,15,15,2.0,19.0,0.900137741046832,0.7493112947658402,0.2998,279,2304,0.1,0.2,15
30,15,true,,0.1418561476988782,0.24477223774864312,0.13483203936456442,22,27,3.0,29.0,0.7477848101265823,0.15474683544303797,0.296,279,2304,0.1,0.2,15
20,10,false,,0.0847757267348648,0.5624451237532941,0.4768702009526038,15,17,2.0,19.0,0.8477443609022557,0.6601503759398496,0.2854,280,2305,0.1,0.2,15
30,15,true,,0.11928049783633815,0.4745158253557561,0.36799628201777845,24,25,2.0,29.0,0.8119986048133938,0.07220090687129403,0.303,280,2305,0.1,0.2,15
20,10,false,,0.12808250041667918,0.2250365098314145,0.11807576722612675,14,16,1.0,19.0,0.6914100486223663,0.5711507293354944,0.3104,281,2306,0.1,0.2,15
30,15,false,,0.14294182024842308,0.5529012682862738,0.4315535175872266,23,26,1.0,29.0,0.6623738252697529,0.06160807518273582,0.2386,281,2306,0.1,0.2,15
40,20,true,,0.14986250098012735,0.2778054292936687,0.14759981766465566,31,36,3.0,39.0,0.8288770053475936,0.051990493166963754,0.2298,281,2306,0.1,0.2,15
20,10,true,,0.10403397671843363,0.29260741837576343,0.21180765618689154,13,15,2.0,19.0,0.7858077174623938,0.540222367560497,0.3026,282,2307,0.1,0.2,15
20,10,false,,0.10326093841412404,0.5282556050234442,0.4288729394341832,15,17,3.0,19.0,0.8485047650345054,0.704896483733158,0.3064,283,2308,0.1,0.2,15
30,15,false,,0.14000887376743204,0.1875856786026187,0.07957822249318927,20,26,1.0,29.0,0.6181455633100698,0.13193752077102028,0.2422,283,2308,0.1,0.2,15
40,20,false,,0.1504088900472922,0.19574171602442184,0.06376829481745247,28,35,3.0,39.0,0.6754672204093741,0.17175912192227827,0.2672,283,2308,0.1,0.2,15
50,25,true,,0.1645842628175719,0.6692422351390227,0.5037250156243283,44,43,35.0,49.0,0.9703264094955489,0.0,0.225,283,2308,0.1,0.2,15
20,10,false,,0.08124876949709832,0.4530852422445102,0.37237558664055054,15,16,3.0,19.0,0.8254665203073546,0.6783754116355654,0.2866,284,2309,0.1,0.2,15
30,15,true,,0.1101831218191035,0.2950356371436646,0.2035136272746257,21,26,2.0,29.0,0.8324306025727827,0.21293161814488828,0.3204,284,2309,0.1,0.2,15
20,10,false,,0.1037614745537899,0.180532558138647,0.09148068748329134,12,16,1.0,19.0,0.6575024842663133,0.48857237495859557,0.3118,285,2310,0.1,0.2,15
30,15,true,,0.1198475947826198,0.41114300994945246,0.2943903645225905,24,25,6.0,29.0,0.8606040491204779,0.13010288748755394,0.3098,285,2310,0.1,0.2,15
20,10,false,,0.08374550484806469,0.0936178672349589,0.018730978124490122,11,17,1.0,19.0,0.5402567094515752,0.40373395565927656,0.2494,286,2311,0.1,0.2,15
30,15,false,,0.2512447985086247,0.09809936080289756,-0.1669834344668347,5,2,1.0,21.0,0.28199320498301245,0.1551528878822197,0.2392,286,2311,0.1,0.2,15
40,20,true,,0.1336777692371464,0.29422531152215703,0.17431835043831778,30,36,1.0,39.0,0.7176008568368439,0.0849696536951089,0.2696,286,2311,0.1,0.2,15
20,10,false,,0.09239979862142626,0.13981862771547,0.069074810882835,11,17,1.0,19.0,0.6345029239766082,0.4470029239766082,0.3024,287,2312,0.1,0.2,15
30,15,false,,0.11286768618431572,0.14380935539403478,0.054160619558218034,18,26,2.0,29.0,0.6297078493488208,0.1950017599436818,0.3026,287,2312,0.1,0.2,15
40,20,false,,0.12123546200137367,0.1577430762723037,0.05525800459366327,21,36,3.0,38.0,0.6237964236588721,0.23074277854195324,0.2856,287,2312,0.1,0.2,15
50,25,true,,0.13028777511548859,0.2952509422462778,0.1673924805056926,42,44,23.0,48.0,0.85822120118149,0.004922874958976042,0.2518,287,2312,0.1,0.2,15
20,10,true,,0.11384952429287687,0.1879444339893347,0.09004934555480193,12,16,1.0,19.0,0.702023498694517,0.4758485639686684,0.2876,288,2313,0.1,0.2,15
20,10,false,,0.09159794159364237,0.43245775436107875,0.3354867262390944,15,16,4.0,19.0,0.8177716070808747,0.7077403679278028,0.2942,289,2314,0.1,0.2,15
30,15,true,,0.1075027856798766,0.20752702349174537,0.12090946591573633,19,23,2.0,29.0,0.7361256544502618,0.218848167539267,0.2906,289,2314,0.1,0.2,15
20,10,false,,0.13658513190500998,0.1970767216914542,0.0859328748735967,12,16,1.0,19.0,0.5852384062704115,0.45689092096668843,0.2906,290,2315,0.1,0.2,15
30,15,false,,0.1435661292172941,0.13469055313348963,-0.016105866140167707,12,1,1.0,29.0,0.4486716956379141,0.1630042636930141,0.2834,290,2315,0.1,0.2,15
40,20,false,,0.1548227799558122,0.1804659325665369,0.05380860589332333,21,1,1.0,38.82499999999982,0.616688829787234,0.07712765957446809,0.2326,290,2315,0.1,0.2,15
50,25,true,,0.15877963496884073,0.26691235712992506,0.14130338777382156,29,45,2.0,48.0,0.858233049603757,0.08570589961843264,0.249,290,2315,0.1,0.2,15
20,10,false,,0.12141800292079827,0.10311851329064083,-0.028191019447332592,9,1,1.0,19.0,0.44549763033175355,0.33831571272329564,0.2696,291,2316,0.1,0.2,15
30,15,false,,0.22266299313488874,0.07746288689585827,-0.14069500350294833,4,2,1.0,18.0,0.226985559566787,0.15839350180505415,0.1624,291,2316,0.1,0.2,15
40,20,false,,0.10785557860707716,0.16385958344722845,0.07040431962889185,24,36,2.0,38.0,0.69812734082397,0.16179775280898875,0.2876,291,2316,0.1,0.2,15
50,25,false,,0.11724698968659389,0.1444386574334837,0.03872177789868904,22,22,3.0,46.0,0.6656760772659732,0.1686478454680535,0.265,291,2316,0.1,0.2,15
60,30,true,,0.12453153164515939,0.2984956315134457,0.17813995076865585,46,52,6.0,57.0,0.8786625301620131,0.04136504653567735,0.2052,291,2316,0.1,0.2,15
20,10,false,,0.18829535177398293,0.1307580862631412,-0.06970066927343574,6,1,1.0,19.0,0.3689856957087126,0.29291287386215864,0.282,292,2317,0.1,0.2,15
30,15,false,,0.16343598818414,0.15472770633221763,0.0037833411544483664,9,1,1.0,28.0,0.5074429374793252,0.16705259675818723,0.252,292,2317,0.1,0.2,15
40,20,true,,0.159070834759936,0.21652978065491207,0.09177115798276403,27,35,2.0,39.0,0.7485397196261683,0.0995911214953271,0.2526,292,2317,0.1,0.2,15
20,10,true,,0.07656928572578714,0.3283168580442902,0.256877713888501,14,16,3.0,19.0,0.8128698224852071,0.6105769230769231,0.3018,293,2318,0.1,0.2,15
20,10,true,,0.12070548028621046,0.22644251347065156,0.11579254629982044,14,16,2.0,19.0,0.7279062401013621,0.5473550839404498,0.3356,294,2319,0.1,0.2,15
20,10,false,,0.14524574220109912,0.1661958907946695,0.03250408353055853,13,17,1.0,19.0,0.5568322981366459,0.5090062111801242,0.3112,295,2320,0.1,0.2,15
30,15,false,,0.14200786011528307,0.13939771082593858,-0.00172546578748764,15,27,2.0,28.0,0.49522636279642746,0.2288266091777025,0.2826,295,2320,0.1,0.2,15
40,20,true,,0.1399235715999837,0.1864810420937888,0.06838247262762351,25,36,3.0,39.0,0.7067484662576687,0.16625766871165645,0.2682,295,2320,0.1,0.2,15
20,10,false,,0.10725375510321006,0.43376711144754393,0.3183746289144259,15,16,2.0,19.0,0.7869133264816718,0.658102089756766,0.2902,296,2321,0.1,0.2,15
30,15,false,,0.1469676582827172,0.14495856633412646,-0.005444227366564969,9,1,1.0,27.0,0.4883720930232558,0.2180232558139535,0.2752,296,2321,0.1,0.2,15
40,20,true,,0.15138490160419288,0.31830040293695216,0.1862874405798748,28,34,2.0,39.0,0.7946428571428571,0.10803571428571429,0.2668,296,2321,0.1,0.2,15
20,10,false,,0.17013729486335064,0.19717089549409791,0.04959659796429217,12,2,1.0,19.0,0.5535491905354919,0.4392901618929016,0.2982,297,2322,0.1,0.2,15
30,15,false,,0.16065354255423064,0.16388664686723928,0.006596823382162581,14,3,1.0,29.0,0.5270394133822182,0.16315307057745188,0.2604,297,2322,0.1,0.2,15
40,20,false,,0.17629687435193508,0.19730165724857437,0.05169712153701633,17,3,1.0,38.0,0.609662122110255,0.08713692946058091,0.247,297,2322,0.1,0.2,15
50,25,true,,0.1760689042319416,0.22977238802362462,0.07957379864104924,33,43,2.0,48.0,0.7879464285714286,0.046875,0.2518,297,2322,0.1,0.2,15
20,10,true,,0.10401005845745609,0.25784781878581164,0.1620227281721437,13,15,2.0,19.0,0.7450980392156863,0.5545751633986928,0.3202,298,2323,0.1,0.2,15
20,10,false,,0.1075014008004027,0.12397789055515614,0.025100467653660655,11,16,1.0,19.0,0.5432774546698598,0.42080054738282585,0.295,299,2324,0.1,0.2,15
30,15,false,,0.1283393899145564,0.15035452136813088,0.03023213952501249,13,5,1.0,28.0,0.569774919614148,0.19967845659163988,0.3044,299,2324,0.1,0.2,15
40,20,true,,0.14631233800499446,0.18884057696769138,0.06592852691866408,24,34,3.0,39.0,0.7189483227561196,0.19734058627984286,0.2726,299,2324,0.1,0.2,15
20,10,false,,0.08724824756979088,0.11241721226071624,0.03419764461639922,11,16,2.0,19.0,0.5943124550035997,0.4582433405327574,0.2336,300,2325,0.1,0.2,15
30,15,false,,0.10656108079320283,0.2108619759220999,0.1237732008075675,19,25,2.0,29.0,0.6661637118068653,0.13013956997359488,0.289,300,2325,0.1,0.2,15
40,20,false,,0.1504904447747037,0.11716068571419752,-0.02918553099801599,8,3,1.0,27.0,0.367791077257889,0.21545157780195864,0.257,300,2325,0.1,0.2,15
50,25,false,,0.15616292219700584,0.13403135048933898,-0.02512162137910079,8,3,1.0,29.0,0.41407645587709896,0.20042872454448016,0.2426,300,2325,0.1,0.2,15
60,30,true,,0.14200834086235772,0.44657022580259187,0.30930885627023313,51,53,29.0,59.0,0.9095477386934674,0.0,0.2202,300,2325,0.1,0.2,15
20,10,false,,0.13285522431538807,0.11236263520689475,-0.023115340027330906,8,3,1.0,19.0,0.4364338590280013,0.32925651754103635,0.2912,301,2326,0.1,0.2,15
30,15,true,,0.1293026366790766,0.3468747513294345,0.22085071516066293,22,26,5.0,29.0,0.8678106132824913,0.22370511598347634,0.3006,301,2326,0.1,0.2,15
20,10,false,,0.13488637522965924,0.7364623053857815,0.6045202618756333,16,16,3.0,19.0,0.9121411276374957,0.7516430300933933,0.2758,302,2327,0.1,0.2,15
30,15,false,,0.17552355863758518,0.14919547741434755,-0.044532460669208546,17,1,1.0,29.0,0.4351017684351018,0.0970970970970971,0.2276,302,2327,0.1,0.2,15
40,20,false,,0.16599125894261874,0.20315521248180032,0.07163650207306557,29,37,2.0,39.0,0.6922852983988356,0.07481804949053858,0.2464,302,2327,0.1,0.2,15
50,25,true,,0.17292006884508354,0.29450208799871846,0.14327344509055717,36,43,2.0,49.0,0.873371104815864,0.06572237960339944,0.245,302,2327,0.1,0.2,15
20,10,false,,0.14666991367055254,0.1281954005312892,-0.010714672463963987,11,18,1.0,19.0,0.4882799603829647,0.4245625619016177,0.2854,303,2328,0.1,0.2,15
30,15,false,,0.1334956086271426,0.543546567217824,0.41642829955149685,25,26,8.0,29.0,0.8141506358004564,0.12455167916530811,0.2646,303,2328,0.1,0.2,15
40,20,true,,0.15222232520544376,0.36948920284509484,0.2247906345703615,32,36,11.0,39.0,0.8956675508399646,0.04862953138815208,0.2686,303,2328,0.1,0.2,15
20,10,false,,0.07902080618610083,0.633583517210978,0.5552835111791754,15,16,2.0,19.0,0.8792834890965732,0.7044392523364486,0.2586,304,2329,0.1,0.2,15
30,15,true,,0.10994676035619572,0.18685183058160795,0.1161963908678482,18,26,2.0,29.0,0.7081863091037403,0.13443895553987298,0.2924,304,2329,0.1,0.2,15
20,10,false,,0.15293230828922463,0.12086815715449581,-0.047681659800598915,7,2,1.0,18.0,0.370138017565872,0.256900878293601,0.2998,305,2330,0.1,0.2,15
30,15,false,,0.13548498467806674,0.13847422093680112,0.006041785668366648,19,26,1.0,29.0,0.5155654383735705,0.198856416772554,0.2766,305,2330,0.1,0.2,15
40,20,false,,0.1546069121864561,0.1682845584686807,0.03021003181757409,18,2,1.0,39.0,0.5788161993769471,0.13551401869158877,0.2468,305,2330,0.1,0.2,15
50,25,true,,0.15561434216703923,0.32961038853109353,0.18059378468005766,43,48,18.0,49.0,0.8544108574953733,0.03639728562615669,0.2206,305,2330,0.1,0.2,15
20,10,false,,0.14237841902211734,0.15914585848005283,0.042492528545974725,12,2,1.0,19.0,0.5611625678696902,0.442031299904184,0.2908,306,2331,0.1,0.2,15
30,15,true,,0.15518700707934802,0.2614404171431962,0.1332164610309734,17,25,4.0,28.0,0.7973161867486721,0.26502655856863294,0.2868,306,2331,0.1,0.2,15
20,10,false,,0.08952623825532637,0.09977187703234884,0.005870387536872662,10,16,1.0,19.0,0.5236004390779363,0.4244420051225759,0.283,307,2332,0.1,0.2,15
30,15,true,,0.09923243829269594,0.20374884601863102,0.1053341107507513,20,23,3.0,28.0,0.7934626436781609,0.2708333333333333,0.302,307,2332,0.1,0.2,15
20,10,false,,0.05081801216686365,0.389742974791696,0.3440292277987621,15,15,1.0,19.0,0.7897940074906367,0.6502808988764045,0.1426,308,2333,0.1,0.2,15
30,15,true,,0.04284183497535499,0.18668215497481658,0.1406239330953352,19,17,10.0,29.0,0.879375,0.38875,0.0692,308,2333,0.1,0.2,15
20,10,false,,0.07035331375500978,0.06128470057189779,-0.004759853310340852,10,15,1.0,19.0,0.46543372963452223,0.3839718185821224,0.1886,309,2334,0.1,0.2,15
30,15,false,,0.09726410476639721,0.1098971945889849,0.026622543253913986,14,8,1.0,28.0,0.586220629231382,0.27001194743130225,0.2684,309,2334,0.1,0.2,15
40,20,false,,0.11404444841180598,0.14889564501889518,0.04127587638437756,27,32,1.0,38.0,0.6033962264150944,0.14830188679245282,0.2868,309,2334,0.1,0.2,15
50,25,true,,0.1183677224024474,0.3881151115472662,0.2746262659468658,42,45,6.0,49.0,0.8790731354091238,0.035119478638667635,0.2728,309,2334,0.1,0.2,15
20,10,false,,0.16474858863022526,0.13924559809621662,-0.019517780481105,9,16,1.0,19.0,0.47620472912301703,0.37922777611493563,0.314,310,2335,0.1,0.2,15
30,15,false,,0.1544970976164279,0.7492631793338316,0.5824471897039125,26,26,11.0,29.0,0.9582935370900987,0.10219675262655205,0.2546,310,2335,0.1,0.2,15
40,20,false,,0.1738263231787976,0.21078103368041393,0.05250478236607306,29,34,2.0,39.0,0.6519786696603985,0.11282626999719338,0.2564,310,2335,0.1,0.2,15
50,25,false,,0.17199522469435174,0.18394409195633618,0.01643036376550419,6,2,1.0,24.0,0.5559534467323187,0.19785138764547897,0.254,310,2335,0.1,0.2,15
60,30,false,,0.18088443318613207,0.20438660811799153,0.02202345971194783,48,56,24.0,59.0,0.5686971987550022,0.0013339261894175188,0.1206,310,2335,0.1,0.2,15
20,10,false,,0.18220039377571848,0.20850047685097778,0.0375989034017198,13,17,1.0,19.0,0.5369047619047619,0.49166666666666664,0.2968,311,2336,0.1,0.2,15
30,15,false,,0.15284296980999196,0.17027021139103077,0.027352541105478204,20,25,4.0,29.0,0.5856814261069581,0.2257044278320874,0.2822,311,2336,0.1,0.2,15
40,20,false,,0.15948654694093037,0.4603253580304528,0.2952876653800998,35,36,10.0,39.0,0.837403400309119,0.04976816074188563,0.2336,311,2336,0.1,0.2,15
50,25,true,,0.15998490672357213,0.20836094139443143,0.06556564744282893,24,28,3.0,45.0,0.7754524886877828,0.13829185520361992,0.2464,311,2336,0.1,0.2,15
20,10,false,,0.10785409131501057,0.29109948466369423,0.20355174604406157,15,17,1.0,19.0,0.7760683760683761,0.5494017094017094,0.297,312,2337,0.1,0.2,15
30,15,false,,0.11662686329898414,0.1459579819084517,0.05410258915309615,18,28,1.0,29.0,0.6110260336906586,0.11791730474732007,0.2598,312,2337,0.1,0.2,15
40,20,true,,0.11277552733588021,0.5326149985989355,0.4091048546496264,34,35,13.0,39.0,0.9253620497586335,0.010768659487560341,0.279,312,2337,0.1,0.2,15
20,10,false,,0.1227327331622624,0.0968631088984871,-0.02934948444740995,8,4,1.0,19.0,0.4097657538766084,0.29858132629495215,0.2964,313,2338,0.1,0.2,15
30,15,true,,0.09513287535174189,0.30185097446918013,0.2101467428457826,21,26,3.0,29.0,0.749513807856865,0.22170361726954493,0.2882,313,2338,0.1,0.2,15
20,10,true,,0.10003549248542898,0.25520613946892323,0.16301165604298407,14,15,2.0,19.0,0.7776328659928269,0.6230844473426801,0.2996,314,2339,0.1,0.2,15
20,10,false,,0.1530370958369213,0.1885280222447035,0.05868146312088096,11,16,1.0,19.0,0.5808346213292117,0.44605873261205564,0.3054,315,2340,0.1,0.2,15
30,15,false,,0.16950659437572105,0.16717644303871745,-0.006244538096199015,19,24,1.0,29.0,0.4856381403612674,0.14095350903168494,0.2798,315,2340,0.1,0.2,15
40,20,true,,0.1638427525712482,0.2713100985227321,0.12487512647195505,31,36,2.0,39.0,0.8279136690647482,0.10705035971223022,0.2414,315,2340,0.1,0.2,15
20,10,false,,0.0767523304324849,0.4650812866403315,0.3828502747825446,15,16,3.0,19.0,0.8985736925515055,0.6422345483359746,0.2822,316,2341,0.1,0.2,15
30,15,true,,0.09960284310740826,0.41593540055678185,0.3080954065811635,23,24,3.0,29.0,0.8685360524399126,0.11179898033503277,0.308,316,2341,0.1,0.2,15
20,10,false,,0.1352532720178637,0.13582596696616012,0.014704128355820564,10,2,1.0,19.0,0.5328210054434839,0.38360550752481587,0.3094,317,2342,0.1,0.2,15
30,15,false,,0.13943834219518114,0.499141378719265,0.35728675871714244,25,26,12.0,29.0,0.888192922016912,0.1099279674287504,0.2896,317,2342,0.1,0.2,15
40,20,true,,0.16357769853964624,0.5987978011917007,0.4348116404327721,34,35,4.924999999999997,39.0,0.9270644966847499,0.02230259192284509,0.2462,317,2342,0.1,0.2,15
20,10,true,,0.09700430961351961,0.19824204889527047,0.10682625743534206,14,17,2.0,19.0,0.7626432906271072,0.6631827376938638,0.2998,318,2343,0.1,0.2,15
20,10,true,,0.09737145290775966,0.244773374805231,0.15155736407644074,13,15,1.0,19.0,0.7850993377483444,0.5175496688741722,0.3118,319,2344,0.1,0.2,15
20,10,false,,0.10950509254911688,0.3315409071581199,0.2185666194833744,15,16,3.0,19.0,0.7435562805872757,0.6766721044045677,0.2972,320,2345,0.1,0.2,15
30,15,true,,0.1307667804932652,0.3563551900121768,0.2306657193408196,22,23,4.0,29.0,0.8749610227627066,0.1378235110695354,0.2958,320,2345,0.1,0.2,15
20,10,false,,0.09926473502281044,0.1596406818130749,0.06707748634285465,12,15,2.0,19.0,0.6792514773473408,0.47898883782009194,0.332,321,2346,0.1,0.2,15
30,15,true,,0.11751245551247749,0.585491876343141,0.4588677150011111,24,26,10.0,29.0,0.927037163314013,0.1431980906921241,0.283,321,2346,0.1,0.2,15
20,10,false,,0.12194493716998656,0.20020288359891794,0.10562776628106263,12,15,2.0,19.0,0.6614100185528757,0.5058750773036488,0.3256,322,2347,0.1,0.2,15
30,15,false,,0.11951873230936264,0.16467259222440478,0.05142669222880977,23,25,4.0,29.0,0.6327223353699932,0.16632722335369993,0.2782,322,2347,0.1,0.2,15
40,20,true,,0.12772052099034917,0.3016794199803175,0.2032095837804951,29,36,4.0,39.0,0.8205813564984965,0.10858670230537922,0.2826,322,2347,0.1,0.2,15
20,10,false,,0.15575533457138885,0.37860258171252786,0.23019819511427625,15,16,1.0,19.0,0.6502749919120026,0.5865415723066969,0.2934,323,2348,0.1,0.2,15
30,15,false,,0.16362453956271558,0.16491335883436106,0.010744613733656053,12,4,1.0,29.0,0.5186104218362283,0.11538461538461539,0.254,323,2348,0.1,0.2,15
40,20,false,,0.165239863680151,0.38949227759037475,0.2285751352313929,35,36,25.0,39.0,0.9032544378698225,0.0,0.2386,323,2348,0.1,0.2,15
50,25,true,,0.17400979907572775,0.43584801495933057,0.26199622796059496,41,48,25.0,49.0,0.9167399589563178,0.0005863383172090296,0.2192,323,2348,0.1,0.2,15
20,10,false,,0.11107705251255644,0.18632217783374994,0.09174939710053777,14,16,2.0,19.0,0.6509031198686371,0.5566502463054187,0.2982,324,2349,0.1,0.2,15
30,15,false,,0.1371063727306532,0.1874251662909528,0.0783075392231248,16,27,1.0,29.0,0.6783570300157978,0.16018957345971563,0.283,324,2349,0.1,0.2,15
40,20,false,,0.15164873661837183,0.1838537371842443,0.04416095367842526,30,35,4.0,39.0,0.6317954745812518,0.13488098736409052,0.26,324,2349,0.1,0.2,15
50,25,true,,0.15520752281377823,0.24220698157045717,0.1006254398291611,33,33,7.0,49.0,0.8802325581395349,0.10755813953488372,0.2388,324,2349,0.1,0.2,15
20,10,false,,0.14689117324549927,0.1683769812384119,0.036524143920266317,12,16,1.0,19.0,0.6051051051051051,0.46066066066066064,0.3136,325,2350,0.1,0.2,15
30,15,true,,0.1451250484292846,0.2713758793382294,0.14659578194388007,22,26,2.0,29.0,0.7657213316892725,0.1461159062885327,0.2724,325,2350,0.1,0.2,15
20,10,false,,0.09748919552553577,0.11493156129169989,0.013444095039564466,12,16,1.0,19.0,0.5385151620773789,0.4517253398396654,0.2942,326,2351,0.1,0.2,15
30,15,false,,0.12817217476994408,0.1849767119256803,0.09003647842474746,12,2,1.0,29.0,0.681773073106186,0.15216672179953689,0.2906,326,2351,0.1,0.2,15
40,20,false,,0.14626020611648752,0.17546264994213168,0.047487994996346095,16,5,1.0,38.0,0.6723181257706535,0.0998766954377312,0.2554,326,2351,0.1,0.2,15
50,25,true,,0.16457678417117283,0.3568690378455775,0.19766771212362355,40,38,27.0,48.0,0.9176470588235294,0.0005602240896358543,0.2428,326,2351,0.1,0.2,15
20,10,false,,0.07387751619286301,0.547801137510071,0.4812403156829657,16,17,4.0,19.0,0.9164629176854115,0.7534637326813366,0.2476,327,2352,0.1,0.2,15
30,15,false,,0.10100614673864197,0.17935290039169882,0.09001922612799913,19,27,1.0,29.0,0.6903453689167975,0.20722135007849293,0.294,327,2352,0.1,0.2,15
40,20,true,,0.11562142602343903,0.4784254194956781,0.35616072995421905,34,35,22.0,39.0,0.9315828402366864,0.004807692307692308,0.2784,327,2352,0.1,0.2,15
20,10,false,,0.14688116198553453,0.14583199654063522,0.009895389540618027,12,16,1.0,19.0,0.5224067690379192,0.4641178314008148,0.2966,328,2353,0.1,0.2,15
30,15,false,,0.1383002417973593,0.14965866829032115,0.016422641503029578,17,25,2.0,28.0,0.5348180677540778,0.21831869510664995,0.2826,328,2353,0.1,0.2,15
40,20,false,,0.1489773680977863,0.18373464367172948,0.05437826458773781,24,36,1.0,38.0,0.6205470737913485,0.1405852417302799,0.2458,328,2353,0.1,0.2,15
50,25,true,,0.1472641253129965,0.2099174898419315,0.08687416082260174,28,45,3.0,49.0,0.8173758865248227,0.12293144208037825,0.2412,328,2353,0.1,0.2,15
20,10,false,,0.12501141291701046,0.7202170581027396,0.5943336896371603,16,16,2.0,19.0,0.8650927487352446,0.6954468802698145,0.2722,329,2354,0.1,0.2,15
30,15,false,,0.14625387273945992,0.5646743816502435,0.42270351801163547,25,26,5.0,29.0,0.8836915297092288,0.0922882427307206,0.267,329,2354,0.1,0.2,15
40,20,true,,0.1532345191978415,0.41850593608213826,0.2750423619346736,34,36,6.0,39.0,0.8599003735990037,0.11394769613947696,0.2494,329,2354,0.1,0.2,15
20,10,false,,0.1353322120798064,0.1258077150038107,-0.006735772156800615,11,16,1.0,19.0,0.4826325411334552,0.45612431444241314,0.3192,330,2355,0.1,0.2,15
30,15,true,,0.15781571741381056,0.4518309577623629,0.3100197575909974,23,25,1.0,29.0,0.7039867109634551,0.08704318936877077,0.2292,330,2355,0.1,0.2,15
20,10,false,,0.12477845475554,0.10162752440140659,-0.029758465456192713,9,17,1.0,19.0,0.42570281124497994,0.37617135207496655,0.2764,331,2356,0.1,0.2,15
30,15,true,,0.1252006225494061,0.24187364635226782,0.13169307908130815,23,27,3.0,29.0,0.7266775777414075,0.181342062193126,0.2926,331,2356,0.1,0.2,15
20,10,false,,0.1686425421127682,0.2953148699198859,0.1385312605190182,12,1,1.0,19.0,0.591688654353562,0.46965699208443273,0.283,332,2357,0.1,0.2,15
30,15,false,,0.15318423516780466,0.2336086326996535,0.0937730842603156,23,26,1.0,29.0,0.6712412320829522,0.13571210734980177,0.2572,332,2357,0.1,0.2,15
40,20,false,,0.5894348041536601,0.14574174398011533,-0.44847118131365915,3,1,1.0,17.0,0.16374269005847952,0.07858187134502924,0.177,332,2357,0.1,0.2,15
50,25,true,,0.16609135867058822,0.24095783588552244,0.09458882001383331,39,46,1.0,49.0,0.744593804792519,0.07685563997662186,0.2082,332,2357,0.1,0.2,15
20,10,false,,0.0527965181844686,0.35484029729616956,0.31715451843339904,15,16,1.0,19.0,0.8206997084548106,0.6457725947521866,0.1436,333,2358,0.1,0.2,15
30,15,false,,0.05737692350190612,0.09654540575967227,0.045142719813749725,14,18,2.0,28.0,0.6927744070601214,0.2272476558190844,0.0982,333,2358,0.1,0.2,15
40,20,true,,0.04837930090814316,0.46675264632989566,0.40106844329570196,34,35,13.0,39.0,0.9761015683345781,0.14339058999253174,0.0454,333,2358,0.1,0.2,15
20,10,false,,0.11109457679868921,0.2733239434721863,0.17080224002213865,15,16,2.0,19.0,0.7395069953364424,0.6419053964023984,0.3,334,2359,0.1,0.2,15
30,15,true,,0.11032461059270496,0.28540868083660664,0.1725386748802764,23,24,13.0,29.0,0.7854223433242506,0.13147138964577657,0.2808,334,2359,0.1,0.2,15
20,10,false,,0.13843870438943207,0.16942872296005773,0.03854246198349866,10,17,1.0,19.0,0.5904384896467723,0.408952496954933,0.305,335,2360,0.1,0.2,15
30,15,true,,0.15202130770305847,0.24653476324325468,0.1199435727257443,19,26,3.0,29.0,0.7721078573499565,0.19657871846912148,0.3006,335,2360,0.1,0.2,15
20,10,false,,0.13833417827154423,0.21674162889871595,0.10013552534527599,13,16,1.0,19.0,0.6454404945904173,0.5128284389489953,0.3142,336,2361,0.1,0.2,15
30,15,false,,0.15052307285106695,0.2680375746852536,0.14595660093105106,20,1,1.0,29.0,0.6262487082328626,0.10506372717878057,0.2486,336,2361,0.1,0.2,15
40,20,false,,0.1547007252116443,0.19351789495730437,0.054377174947959156,27,36,4.0,39.0,0.6367323290845887,0.13151796060254925,0.2698,336,2361,0.1,0.2,15
50,25,true,,0.16624569112075244,0.6113013231151087,0.4373311278070798,44,47,31.0,49.0,0.9612426945555214,0.0,0.2096,336,2361,0.1,0.2,15
20,10,true,,0.1051343798803469,0.2534429192707963,0.1630819567608332,13,15,2.0,19.0,0.7498318762609281,0.5464021519838601,0.2944,337,2362,0.1,0.2,15
20,10,true,,0.10813465634847935,0.20814884350820834,0.11934443541032749,14,16,2.0,19.0,0.7036029911624745,0.5537049626104691,0.3058,338,2363,0.1,0.2,15
20,10,false,,0.13936440652273632,0.26121624991964315,0.15092181179758163,11,17,1.0,19.0,0.6970466814861861,0.42076849793585264,0.3066,339,2364,0.1,0.2,15
30,15,false,,0.1445521783746567,0.1897564225223062,0.07974777213861263,16,26,2.0,29.0,0.6622900763358779,0.1716030534351145,0.285,339,2364,0.1,0.2,15
40,20,false,,0.15480359810861297,0.18333881444333908,0.03884208097914624,15,1,1.0,35.0,0.6331585081585082,0.20046620046620048,0.2758,339,2364,0.1,0.2,15
50,25,true,,0.16692308483936982,0.22990650046738825,0.07738298589065562,39,45,13.0,49.0,0.7330316742081447,0.08116515837104073,0.2362,339,2364,0.1,0.2,15
20,10,true,,0.08652968321257187,0.2504949465410629,0.1654645017547822,12,16,2.0,19.0,0.8067649028801072,0.5264567983924984,0.324,340,2365,0.1,0.2,15
20,10,true,,0.08643489964725141,0.255841748236581,0.17352653269185628,13,15,2.0,19.0,0.7955764075067024,0.5304959785522788,0.3174,341,2366,0.1,0.2,15
20,10,false,,0.07961327890972791,0.5388613392095404,0.46446124670537914,15,16,2.0,19.0,0.8759894459102903,0.6690539012438749,0.2858,342,2367,0.1,0.2,15
30,15,false,,0.12457394294806476,0.1766443370150195,0.07631486799901044,14,3,1.0,28.0,0.6651757188498403,0.21725239616613418,0.3192,342,2367,0.1,0.2,15
40,20,false,,0.14497910059023872,0.1640536618612944,0.05159930384761598,13,6,1.0,39.0,0.5994541112248379,0.0822244967587854,0.2272,342,2367,0.1,0.2,15
50,25,true,,0.1462005965670006,0.21915288332357324,0.09521256805435699,27,5,2.0,45.0,0.8197501487209994,0.08536585365853659,0.2578,342,2367,0.1,0.2,15
20,10,false,,0.12674175243838154,0.14252658743549804,0.016064635474970945,11,17,1.0,19.0,0.5298360655737705,0.41081967213114756,0.2954,343,2368,0.1,0.2,15
30,15,false,,0.1468369867940204,0.16317470311113527,0.0345804255525593,10,3,1.0,28.0,0.5786963434022258,0.1996820349761526,0.2944,343,2368,0.1,0.2,15
40,20,true,,0.15157373484183975,0.2302804897354293,0.11729789201985086,24,36,4.0,38.0,0.7717136150234741,0.13996478873239437,0.2766,343,2368,0.1,0.2,15
20,10,true,,0.10650610684455347,0.47680722444586715,0.37009806822414903,14,16,2.0,19.0,0.8030006523157208,0.6307893020221788,0.2862,344,2369,0.1,0.2,15
20,10,false,,0.10240441778538611,0.17949357036463592,0.09148883838272798,13,14,2.0,19.0,0.6624373956594324,0.5318864774624374,0.3102,345,2370,0.1,0.2,15
30,15,true,,0.1214150707421226,0.22175125358318823,0.1283369600051414,20,25,2.0,29.0,0.7745349583066068,0.2065426555484285,0.3086,345,2370,0.1,0.2,15
20,10,true,,0.09841651405550325,0.24390052164703677,0.1553826869150826,13,14,1.0,19.0,0.7962604771115409,0.5606060606060606,0.3284,346,2371,0.1,0.2,15
20,10,false,,0.09955072928699427,0.29319481426832134,0.2123028360912421,14,16,1.0,19.0,0.6509157509157509,0.5501831501831502,0.28,347,2372,0.1,0.2,15
30,15,true,,0.143702697052887,0.20458555464184433,0.09031118659336562,18,26,1.0,29.0,0.7002495321272614,0.2043044291952589,0.2906,347,2372,0.1,0.2,15
20,10,false,,0.11011412198565293,0.23086823465050296,0.1470534965777907,13,1,1.0,19.0,0.6395307500888731,0.5019552079630288,0.2712,348,2373,0.1,0.2,15
30,15,false,,0.12004436625559817,0.13767342836654656,0.036927473690599746,10,4,1.0,28.0,0.5843793584379359,0.15550906555090654,0.2808,348,2373,0.1,0.2,15
40,20,false,,0.12594812262734958,0.13884532871741942,0.021336206859107393,27,30,2.0,39.0,0.564093608103388,0.09256025148445686,0.2546,348,2373,0.1,0.2,15
50,25,true,,0.1286738920001455,0.18476944704793843,0.09205672790878976,29,44,2.0,49.0,0.7377279102384292,0.07468443197755961,0.252,348,2373,0.1,0.2,15
20,10,false,,0.15856366635013003,0.15318320652746323,-0.011464730830482134,10,3,1.0,18.0,0.4723529411764706,0.3770588235294118,0.3252,349,2374,0.1,0.2,15
30,15,false,,0.18409725554517192,0.17013033779805953,-0.0023022507782115564,7,1,1.0,28.0,0.4958374958374958,0.06660006660006661,0.2448,349,2374,0.1,0.2,15
40,20,false,,0.17570795390858165,0.20444059277673604,0.04109102345119864,27,35,1.0,38.0,0.6120411160058737,0.08693098384728341,0.2568,349,2374,0.1,0.2,15
50,25,false,,0.17686109841990613,0.2004584497412101,0.036327698968237704,24,43,2.0,48.0,0.6615342315094859,0.1743194940885345,0.2578,349,2374,0.1,0.2,15
60,30,false,,0.3193577336088526,0.1790695750004155,-0.1511859053606848,4,1,1.0,23.0,0.3475058587211249,0.08871777703381319,0.199,349,2374,0.1,0.2,15
20,10,false,,0.12122626928787801,0.357697442108215,0.23624539667201674,15,16,2.0,19.0,0.8443943298969072,0.6391752577319587,0.2708,350,2375,0.1,0.2,15
30,15,false,,0.1558935225437992,0.1446089002819937,-0.010214812360962305,8,4,1.0,28.0,0.48198757763975153,0.1577639751552795,0.2522,350,2375,0.1,0.2,15
40,20,false,,0.15924115888469803,0.3208215240837577,0.1685637467897422,35,36,14.0,39.0,0.780631827576026,0.0448774726896959,0.2354,350,2375,0.1,0.2,15
50,25,true,,0.16242481750307158,0.25381061489683693,0.12943960882102923,28,28,7.0,48.0,0.9121387283236995,0.15202312138728324,0.2566,350,2375,0.1,0.2,15
20,10,true,,0.10522995596042606,0.20591821280682115,0.10921625404401504,12,16,1.0,19.0,0.7058449809402796,0.5244599745870394,0.3106,351,2376,0.1,0.2,15
20,10,false,,0.10673406310397035,0.11873463677997054,0.00012215545792870763,9,1,1.0,19.0,0.5008862105636299,0.38957816377171217,0.2872,352,2377,0.1,0.2,15
30,15,false,,0.12403262619782675,0.4782241022988365,0.3558031395095519,25,26,3.0,29.0,0.8048452220726783,0.063257065948856,0.2818,352,2377,0.1,0.2,15
40,20,true,,0.1353298352003117,0.2388828050473929,0.13147184451620814,24,34,4.0,39.0,0.8298535369273917,0.18603926456840136,0.2686,352,2377,0.1,0.2,15
20,10,false,,0.13544678873164742,0.08741136625171644,-0.05656581785965554,7,2,1.0,19.0,0.3671683584179209,0.255862793139657,0.2806,353,2378,0.1,0.2,15
30,15,false,,0.13097448175436696,0.6312778989623606,0.48855558076906797,25,26,10.0,29.0,0.9346076458752515,0.14252179745137492,0.2688,353,2378,0.1,0.2,15
40,20,true,,0.15630534584250844,0.32934209238227224,0.20557082692881612,31,34,2.0,39.0,0.8616600790513834,0.15627850410459107,0.2432,353,2378,0.1,0.2,15
20,10,false,,0.1121658432107501,0.250029705803524,0.1549569065096249,14,16,1.0,19.0,0.6766467065868264,0.5526593871081367,0.276,354,2379,0.1,0.2,15
30,15,true,,0.13975276295631311,0.3630921284005318,0.2370103132485518,23,26,2.0,29.0,0.7808,0.13696,0.2676,354,2379,0.1,0.2,15
20,10,true,,0.14195021780073622,0.23426836904478882,0.12182163087381673,13,16,2.0,19.0,0.7347852028639618,0.5104415274463007,0.3124,355,2380,0.1,0.2,15
20,10,false,,0.08284080172699945,0.16196533820735193,0.09161488038717272,15,16,2.0,19.0,0.693058568329718,0.6417208966015907,0.2722,356,2381,0.1,0.2,15
30,15,false,,0.10654067416692962,0.15376112496899844,0.055375067268242435,20,25,2.0,29.0,0.649245878639074,0.18835496317081726,0.2972,356,2381,0.1,0.2,15
40,20,true,,0.12196041579187013,0.1794251037216029,0.08264145326854119,19,36,2.0,38.0,0.7642357642357642,0.1848151848151848,0.2814,356,2381,0.1,0.2,15
20,10,true,,0.08365583243319281,0.2642647443258086,0.18758025632076575,14,16,1.0,19.0,0.8048515568428675,0.6433743664011585,0.289,357,2382,0.1,0.2,15
20,10,false,,0.19783567908762162,0.1414454198909856,-0.09187989991813045,8,2,1.0,19.0,0.42366159947124915,0.364177131526768,0.2292,358,2383,0.1,0.2,15
30,15,false,,0.18391742342883957,0.1640372808399241,-0.03421982389904159,7,3,1.0,26.0,0.4219994102034798,0.205544087289885,0.278,358,2383,0.1,0.2,15
40,20,false,,0.3117560480518485,0.1565878685584411,-0.15560453700455273,4,1,1.0,32.0,0.1846932321315623,0.08349146110056926,0.211,358,2383,0.1,0.2,15
50,25,false,,0.2049523007209647,0.17422479932166524,-0.029305618091431063,5,2,1.0,39.0,0.4039440203562341,0.07251908396946564,0.1998,358,2383,0.1,0.2,15
60,30,true,,0.1753457894026697,0.38464218749010104,0.20667912959888884,51,52,30.0,58.0,0.8990748528174937,0.0,0.2258,358,2383,0.1,0.2,15
20,10,false,,0.10336369370578562,0.15529837773394795,0.05443668231206751,13,16,2.0,19.0,0.6072013093289689,0.5243862520458266,0.3032,359,2384,0.1,0.2,15
30,15,false,,0.13829643068440187,0.18805543853701803,0.07553475596783646,18,25,1.0,29.0,0.6665589660743134,0.23392568659127624,0.2872,359,2384,0.1,0.2,15
40,20,true,,0.15105111662580661,0.2311128636460578,0.10023310242115263,32,36,4.0,39.0,0.7125419591089411,0.08391821788220934,0.2392,359,2384,0.1,0.2,15
20,10,false,,0.10505358058753558,0.179984808051733,0.09423606384391964,13,17,2.0,19.0,0.6748206131767776,0.5600130463144162,0.3014,360,2385,0.1,0.2,15
30,15,true,,0.1174660742834773,0.2810049724248502,0.1883403770524344,23,25,3.0,29.0,0.7756539235412475,0.15627095908786048,0.2848,360,2385,0.1,0.2,15
20,10,false,,0.09970159942481639,0.1481401031086391,0.055869877010604,13,15,1.0,19.0,0.6200629150646627,0.5291855994407549,0.2924,361,2386,0.1,0.2,15
30,15,false,,0.1423100323310354,0.15885531349685694,0.029329885182260318,18,26,1.0,29.0,0.5620104438642297,0.16677545691906004,0.2732,361,2386,0.1,0.2,15
40,20,true,,0.16092628434909065,0.2824437492289769,0.15707614678339138,33,36,7.0,39.0,0.784895680282104,0.09785483397002645,0.2452,361,2386,0.1,0.2,15
20,10,false,,0.17146519128655163,0.11423740068913617,-0.06552909098096651,7,5,1.0,18.0,0.36177884615384615,0.20042067307692307,0.3136,362,2387,0.1,0.2,15
30,15,false,,0.13530316640364531,0.191050550666162,0.07477986228369765,16,19,3.0,27.0,0.6901325478645066,0.2571428571428571,0.3114,362,2387,0.1,0.2,15
40,20,false,,0.16720938130957663,0.15960609834533332,-0.023043794591289427,16,1,1.0,39.0,0.4401149792398595,0.08080485467901628,0.228,362,2387,0.1,0.2,15
50,25,true,,0.159623700525749,0.23897788444588142,0.10424786727449001,34,38,3.0,48.0,0.890867317633544,0.08472142446869615,0.25,362,2387,0.1,0.2,15
20,10,false,,0.1456260071286272,0.14234128803638058,-0.0005094778834195957,11,15,1.0,19.0,0.4992627543497493,0.43202595104688885,0.318,363,2388,0.1,0.2,15
30,15,false,,0.43374920773517023,0.15248927381848038,-0.30189269926464896,3,1,1.0,28.0,0.30493741307371347,0.08310152990264257,0.193,363,2388,0.1,0.2,15
40,20,true,,0.16698546745666334,0.29529557493608777,0.13658096412826193,34,36,16.0,39.0,0.7637217493395949,0.05136483710008805,0.2294,363,2388,0.1,0.2,15
20,10,false,,0.1188970319397405,0.15192390264470923,0.05034820935903488,13,16,1.0,19.0,0.5777193558987841,0.5057509037134407,0.307,364,2389,0.1,0.2,15
30,15,false,,0.13504488852081192,0.19301271971796466,0.09783066341689169,21,27,2.0,29.0,0.6798584298584298,0.11293436293436293,0.303,364,2389,0.1,0.2,15
40,20,true,,0.15477934011367878,0.22247679771473708,0.09984401046162295,22,34,1.0,39.0,0.7400060114217012,0.14547640516982266,0.2684,364,2389,0.1,0.2,15
20,10,false,,0.09765949491879201,0.19313468839120942,0.10142821671260638,15,17,1.0,19.0,0.6866593965830607,0.5605234460196292,0.2818,365,2390,0.1,0.2,15
30,15,true,,0.11448480862052594,0.30451959507087345,0.2008165498652412,20,26,2.0,29.0,0.7678251522751702,0.20243640272303834,0.2988,365,2390,0.1,0.2,15
20,10,true,,0.10300666451562368,0.4114921232547802,0.32213950862304375,14,16,2.0,19.0,0.8576523994811932,0.6264591439688716,0.3214,366,2391,0.1,0.2,15
20,10,false,,0.10365945873824649,0.15544497629244058,0.06360490143729144,13,15,1.0,19.0,0.62858129099068,0.5453917846047636,0.2984,367,2392,0.1,0.2,15
30,15,true,,0.1171017717944446,0.17246471197974703,0.07146877428943632,17,24,3.0,28.0,0.7324435970765809,0.2678741658722593,0.3074,367,2392,0.1,0.2,15
20,10,false,,0.1619376350651064,0.14293618747317036,-0.023300309074375844,7,3,1.0,18.0,0.4491392801251956,0.29327073552425664,0.2946,368,2393,0.1,0.2,15
30,15,true,,0.1433785581674158,0.28950700969975907,0.1578275134004025,24,28,4.0,29.0,0.7198636504493338,0.1372792066935234,0.2834,368,2393,0.1,0.2,15
20,10,false,,0.12597097938625082,0.18027160731036557,0.06556866574654815,14,17,1.0,19.0,0.5897767712714332,0.5050145583953413,0.2736,369,2394,0.1,0.2,15
30,15,true,,0.1190626340827109,0.2915250551490787,0.18877678493743272,23,26,2.0,29.0,0.7474097892104323,0.1336191496963201,0.2802,369,2394,0.1,0.2,15
20,10,true,,0.09460268316141182,0.23462447205674675,0.14824709612433218,13,16,1.0,19.0,0.7584249733948208,0.5349414686058886,0.3072,370,2395,0.1,0.2,15
20,10,false,,0.0974679594264716,0.11920026418496302,0.03941041265339211,10,1,1.0,19.0,0.5774809160305343,0.4213740458015267,0.2734,371,2396,0.1,0.2,15
30,15,true,,0.11158158525592145,0.3165588657494871,0.21485361828834423,21,26,2.0,29.0,0.7497341368309111,0.1857497341368309,0.3032,371,2396,0.1,0.2,15
20,10,false,,0.09641595062815024,0.28689631753070055,0.21378647940886214,14,16,1.0,19.0,0.6971086036671368,0.560296191819464,0.2718,372,2397,0.1,0.2,15
30,15,true,,0.11666693650574443,0.38049853827600155,0.2725511333443862,23,25,6.0,29.0,0.8680097255991663,0.19346995484543245,0.2872,372,2397,0.1,0.2,15
20,10,false,,0.1715963696377389,0.1270901547585683,-0.05105727072651656,9,16,1.0,19.0,0.4113173106175844,0.36872528141162153,0.2962,373,2398,0.1,0.2,15
30,15,false,,0.15095985625695535,0.6791808345258344,0.5210975183603339,25,26,9.0,29.0,0.9144186046511628,0.08403100775193799,0.256,373,2398,0.1,0.2,15
40,20,true,,0.1675744141184273,0.47946868480586263,0.31015225835892224,34,34,6.0,39.0,0.8465390279823269,0.041237113402061855,0.2342,373,2398,0.1,0.2,15
20,10,false,,0.08027946704618866,0.15432662319192414,0.08770697300029671,12,16,1.0,19.0,0.6705069124423964,0.47619047619047616,0.2834,374,2399,0.1,0.2,15
30,15,true,,0.10544507532351444,0.3383646620746005,0.24617999250150616,22,26,6.0,29.0,0.8310580204778157,0.20375426621160408,0.2936,374,2399,0.1,0.2,15
20,10,false,,0.12955487900600793,0.1265488202975598,-0.0011484142431636146,10,2,1.0,19.0,0.49559255631733595,0.3809990205680705,0.2822,375,2400,0.1,0.2,15
30,15,false,,0.12720430466195373,0.23309034116044675,0.12145772341666937,20,25,1.0,29.0,0.6712598425196851,0.13484251968503938,0.2876,375,2400,0.1,0.2,15
40,20,false,,0.1390077284221122,0.16598015113528175,0.04271991318739235,24,34,1.0,39.0,0.5994263862332696,0.13416188655194392,0.2658,375,2400,0.1,0.2,15
50,25,true,,0.14289664004054148,0.2312871874908465,0.09759771578501122,40,42,3.0,49.0,0.7666769136181986,0.03811865969873963,0.2344,375,2400,0.1,0.2,15
20,10,false,,0.061114710403954775,0.09804946036540274,0.046894250407966326,11,2,1.0,19.0,0.5953379953379954,0.45594405594405596,0.148,376,2401,0.1,0.2,15
30,15,false,,0.7752023212902066,0.041663370661763253,-0.7343039697151761,1,1,1.0,6.0,0.05196850393700787,0.0,0.0406,376,2401,0.1,0.2,15
40,20,false,,0.12922063123277372,0.046480760632693435,-0.08906785961020168,3,1,1.0,12.0,0.27120315581854043,0.045364891518737675,0.0264,376,2401,0.1,0.2,15
50,25,false,,0.5763874042322292,0.04005398704313527,-0.5397518027157153,2,2,1.0,4.0,0.0,0.0,0.0158,376,2401,0.1,0.2,15
60,30,false,,0.47351545833534814,0.4980188551464982,0.024503396811150074,15,15,15.0,15.0,0.5,1.0,0.0002,376,2401,0.1,0.2,15
20,10,false,,0.10771592780296232,0.19022190319248639,0.09381474191323222,12,16,1.1499999999999915,19.0,0.5995785036880927,0.49385317878468565,0.2612,377,2402,0.1,0.2,15
30,15,false,,0.10817345669772911,0.15006320930726985,0.059715815616444484,19,26,2.0,29.0,0.6624649859943977,0.19642857142857142,0.281,377,2402,0.1,0.2,15
40,20,true,,0.11791362228793326,0.2190497515691245,0.10661591242642057,29,35,15.0,38.0,0.797558494404883,0.08579179382841641,0.2898,377,2402,0.1,0.2,15
20,10,false,,0.08373721598598924,0.34639024892002235,0.26320802228169937,15,16,2.0,19.0,0.8517026730135482,0.640790919077261,0.2964,378,2403,0.1,0.2,15
30,15,false,,0.1401006831126153,0.1306824946484088,-0.004835043654215804,8,2,1.0,27.0,0.48954116059379216,0.17341430499325236,0.2574,378,2403,0.1,0.2,15
40,20,true,,0.1392394585392392,0.27087975389568236,0.14936990062705735,33,35,3.0,39.0,0.7981113643764246,0.10647997394985347,0.26,378,2403,0.1,0.2,15
20,10,false,,0.11516229111791396,0.1346184477231792,0.028029873384053675,9,3,1.0,19.0,0.5636363636363636,0.3488215488215488,0.2874,379,2404,0.1,0.2,15
30,15,false,,0.13630928454227872,0.17342189668446464,0.0661927117439646,17,27,1.0,28.0,0.6501557632398753,0.16697819314641746,0.2964,379,2404,0.1,0.2,15
40,20,true,,0.1426914936033249,0.1873041696515089,0.06477573703842526,26,34,2.0,39.0,0.7209022556390977,0.1269172932330827,0.263,379,2404,0.1,0.2,15
20,10,false,,0.14049555344415876,0.5351544323157236,0.4124555672106427,15,16,3.0,19.0,0.8683241252302025,0.692756292203806,0.2958,380,2405,0.1,0.2,15
30,15,true,,0.17670479042410905,0.24364123485552747,0.09266640922313546,22,24,3.0,29.0,0.7390202702702703,0.16469594594594594,0.3054,380,2405,0.1,0.2,15
20,10,false,,0.11423573387530643,0.18609962718718365,0.09787972483620647,14,15,2.0,19.0,0.6985769728331177,0.5666235446313066,0.3042,381,2406,0.1,0.2,15
30,15,false,,0.13719704438264188,0.240585413382846,0.10919244119991625,24,25,1.0,29.0,0.6824302134646962,0.129064039408867,0.2674,381,2406,0.1,0.2,15
40,20,false,,0.1556058407609494,0.5745786044657764,0.4272636505523649,35,36,24.0,39.0,0.9318905155951623,0.003182686187141948,0.2406,381,2406,0.1,0.2,15
50,25,true,,0.16167747702009633,0.26041352996594935,0.1430158740650165,35,45,6.0,48.0,0.8934520390580126,0.1530729465824239,0.2492,381,2406,0.1,0.2,15
20,10,false,,0.06648373094297023,0.41786093423994597,0.33467568785708246,15,17,1.0,19.0,0.768380790480238,0.6897577560560986,0.1998,382,2407,0.1,0.2,15
30,15,false,,0.11680886464549904,0.1282719252295672,0.020448943489071544,18,25,1.0,29.0,0.535364936042137,0.1294206170052671,0.2888,382,2407,0.1,0.2,15
40,20,false,,0.11862597205795267,0.17365008396698722,0.09882590162842454,19,4,1.0,38.0,0.6932515337423313,0.10285095633345363,0.2678,382,2407,0.1,0.2,15
50,25,false,,0.12933427504056721,0.1585027662416188,0.0426985730350668,16,1,1.0,43.0,0.6058062259531305,0.16509268975166141,0.2422,382,2407,0.1,0.2,15
60,30,false,,,,,,,,,,,0.0002,382,2407,0.1,0.2,15
20,10,true,,0.0815123563668178,0.40353320564867373,0.30367340614403276,14,16,1.0,19.0,0.7574387947269303,0.5984934086629002,0.2618,383,2408,0.1,0.2,15
20,10,false,,0.11800731316820852,0.1273282234356233,0.014482388347109076,10,16,1.0,19.0,0.5363845900559763,0.3964438590714521,0.309,384,2409,0.1,0.2,15
30,15,false,,0.13149672231336026,0.4575958681632214,0.33096883805101507,24,26,1.0,29.0,0.6677524429967426,0.035830618892508145,0.2582,384,2409,0.1,0.2,15
40,20,true,,0.13300152490791461,0.44219114248226793,0.2977914985306632,32,36,3.0,39.0,0.8656765676567657,0.06534653465346535,0.2542,384,2409,0.1,0.2,15
20,10,true,,0.11233184843392506,0.29147811770773874,0.19682381340770516,14,17,1.0,19.0,0.7054840893703453,0.5937711577522004,0.289,385,2410,0.1,0.2,15
20,10,false,,0.11484549079890752,0.16804496061382382,0.07016690577658093,12,17,2.0,19.0,0.5911396685830234,0.45620561379776803,0.2906,386,2411,0.1,0.2,15
30,15,false,,0.15813908897011042,0.10867833297263278,-0.05904068981976984,5,2,1.0,28.0,0.38528631020098597,0.09783845278725825,0.2538,386,2411,0.1,0.2,15
40,20,true,,0.1394758710533871,0.26947435896157185,0.15451972431421437,25,2,1.0,38.0,0.7034416211000322,0.0369893856545513,0.262,386,2411,0.1,0.2,15
20,10,false,,0.09863415402375586,0.25573612066448664,0.16141170087388557,15,16,3.0,19.0,0.7717130106419499,0.6309646412633024,0.3006,387,2412,0.1,0.2,15
30,15,true,,0.11340724598221888,0.263412368995295,0.15708961650403072,22,26,2.0,29.0,0.7030920590302179,0.1978215038650738,0.282,387,2412,0.1,0.2,15
20,10,false,,0.10968675167755693,0.1487571693269867,0.050919603496888385,10,16,1.0,19.0,0.6137908708319845,0.37584978957591453,0.3292,388,2413,0.1,0.2,15
30,15,true,,0.11931044133569021,0.47816256478606234,0.35651619937082835,24,26,4.0,29.0,0.8430252100840336,0.17243697478991596,0.2668,388,2413,0.1,0.2,15
20,10,false,,0.14992545473448918,0.1191062294899811,-0.034207151836678606,10,3,1.0,19.0,0.4428437206388976,0.36611337300344504,0.2904,389,2414,0.1,0.2,15
30,15,false,,0.1388451955863339,0.19043740643151472,0.07112418072597315,22,25,2.0,28.0,0.6584569732937685,0.20741839762611275,0.2856,389,2414,0.1,0.2,15
40,20,false,,0.1564576394953532,0.19653229368996983,0.05597650532117396,18,2,1.0,37.0,0.6084934903905765,0.08214507129572225,0.2494,389,2414,0.1,0.2,15
50,25,true,,0.14575039140144325,0.20682921839453666,0.08933264730335053,19,20,2.0,48.0,0.7974910394265233,0.17264038231780168,0.258,389,2414,0.1,0.2,15
20,10,false,,0.13808109880303304,0.20415363338410303,0.08197381408031261,12,17,1.0,19.0,0.667513496348047,0.4601460781200381,0.3102,390,2415,0.1,0.2,15
30,15,false,,0.15106916974223955,0.1827166974827132,0.053477541723944644,22,26,2.0,29.0,0.6104582843713279,0.17655699177438308,0.2778,390,2415,0.1,0.2,15
40,20,true,,0.1608750091813318,0.3393675814696024,0.2052360719475228,34,36,1.0,39.0,0.7945560596241089,0.017498379779650033,0.2276,390,2415,0.1,0.2,15
20,10,false,,0.0950320184116088,0.10972005653841994,0.022233008383242353,11,14,1.0,19.0,0.5568965517241379,0.4396551724137931,0.292,391,2416,0.1,0.2,15
30,15,true,,0.12681373471092042,0.2151720295349898,0.12253584507092458,19,25,2.0,29.0,0.7632010495244342,0.1774352246638242,0.302,391,2416,0.1,0.2,15
20,10,false,,0.17236764573995644,0.14531959188594082,-0.044573818776147495,9,1,1.0,18.0,0.4333032219211081,0.37338151159289373,0.309,392,2417,0.1,0.2,15
30,15,true,,0.1675568251209026,0.48684995632234485,0.32874567490409357,24,24,6.0,29.0,0.8384440658716639,0.15474162407722886,0.2904,392,2417,0.1,0.2,15
20,10,false,,0.14610514795213467,0.24492653211764565,0.11545454550482949,13,17,1.0,19.0,0.6854889589905363,0.5362776025236593,0.3066,393,2418,0.1,0.2,15
30,15,false,,0.32752198268734206,0.13089350594873655,-0.20410516902614428,4,1,1.0,28.0,0.2963093145869947,0.0773286467486819,0.2192,393,2418,0.1,0.2,15
40,20,true,,0.16026621060842347,0.23898976406701677,0.13236767622202622,20,36,1.0,39.0,0.712464137711189,0.12782913611730953,0.2304,393,2418,0.1,0.2,15
20,10,false,,0.14907618062310105,0.10354671742156477,-0.059277928630879564,5,1,1.0,18.0,0.38974926253687314,0.2193952802359882,0.2722,394,2419,0.1,0.2,15
30,15,true,,0.13414979538710192,0.3918649172238239,0.27005075298869924,24,25,4.0,29.0,0.7975039001560063,0.1029641185647426,0.2832,394,2419,0.1,0.2,15
20,10,false,,0.12782836643934106,0.1543486007537915,0.04414599978439067,10,17,1.0,19.0,0.5908221797323135,0.417144678138942,0.2894,395,2420,0.1,0.2,15
30,15,true,,0.12375627041609599,0.46549215984900927,0.3583311138448435,23,26,2.0,29.0,0.8268027658873889,0.08396443859071452,0.2822,395,2420,0.1,0.2,15
20,10,false,,0.1958430947052561,0.1545158109725997,-0.06008338191617982,7,3,1.0,18.0,0.3996305418719212,0.3112684729064039,0.2912,396,2421,0.1,0.2,15
30,15,false,,0.17182878480768107,0.21356437437632136,0.08170744249074577,15,25,1.0,28.0,0.6447480785653288,0.17677198975234842,0.2668,396,2421,0.1,0.2,15
40,20,false,,0.18330634783036223,0.2307619134539682,0.07662311466863683,30,36,3.0,39.0,0.6519748139668002,0.10074413279908415,0.2452,396,2421,0.1,0.2,15
50,25,false,,0.1820903267355134,0.18915255793093189,0.013911032783913813,9,6,1.0,46.0,0.5492154065620543,0.15092724679029956,0.247,396,2421,0.1,0.2,15
60,30,false,,0.1916668042749518,0.18680780201704514,0.010085192073722493,12,1,1.0,52.0,0.54257041113629,0.17157656199417287,0.1646,396,2421,0.1,0.2,15
20,10,false,,0.09975226018471359,0.1273930985007457,0.0377491994046759,14,17,1.0,19.0,0.5910740203193033,0.5079825834542816,0.2688,397,2422,0.1,0.2,15
30,15,false,,0.27450193767410963,0.09392078968201227,-0.18405715691645752,4,1,1.0,28.0,0.32492883285888574,0.101667344448963,0.2232,397,2422,0.1,0.2,15
40,20,false,,0.13037422012755864,0.13035038788958497,0.010446857160867962,17,2,1.0,38.0,0.5291297935103245,0.125,0.2664,397,2422,0.1,0.2,15
50,25,true,,0.12115823664959957,0.2657489425131865,0.14702308970672762,42,47,20.0,49.0,0.8668091168091168,0.012108262108262107,0.2622,397,2422,0.1,0.2,15
20,10,false,,0.11266904225062517,0.6568368978976823,0.5554992018322169,16,16,2.0,19.0,0.8547993019197208,0.7099476439790576,0.2804,398,2423,0.1,0.2,15
30,15,false,,0.14309999511910879,0.21678211962770536,0.10886420884842143,19,26,1.0,29.0,0.696793893129771,0.17557251908396945,0.291,398,2423,0.1,0.2,15
40,20,false,,0.18949157196290975,0.16197925055533507,-0.06623947698176247,9,3,1.0,38.0,0.38600723763570566,0.06996381182147166,0.2406,398,2423,0.1,0.2,15
50,25,true,,0.16541105266040337,0.23914240704048978,0.1076022749511723,33,39,2.0,48.0,0.7882252072020577,0.07945127179194056,0.2494,398,2423,0.1,0.2,15
20,10,false,,0.08716879710581794,0.5507431381809796,0.44248929978189894,15,16,3.0,19.0,0.8760563380281691,0.722887323943662,0.2876,399,2424,0.1,0.2,15
30,15,false,,0.3551555129158968,0.0897424473233172,-0.24518989896389173,3,1,1.0,28.0,0.2773691042838598,0.05884898312418866,0.2268,399,2424,0.1,0.2,15
40,20,false,,0.13408329641571623,0.09212451782309597,-0.04553128032163928,8,4,1.0,36.0,0.3459715639810427,0.2024989228780698,0.2126,399,2424,0.1,0.2,15
50,25,false,,0.13889221211333352,0.11353723719797254,-0.018477892909925575,11,3,1.0,46.0,0.45264452644526443,0.18696186961869618,0.261,399,2424,0.1,0.2,15
60,30,true,,0.11934422533002763,0.2944360225088324,0.17477482425954077,51,55,28.0,59.0,0.8344907407407407,0.0,0.1972,399,2424,0.1,0.2,15
20,10,true,,0.11849689898126907,0.36489710445227347,0.2500762213133414,14,16,2.0,19.0,0.888045540796964,0.616382036685642,0.3098,400,2425,0.1,0.2,15
20,10,false,,0.1532252876666323,0.15820003145917577,0.012939759707001751,12,16,1.0,19.0,0.5293761356753482,0.46214415505754086,0.2922,401,2426,0.1,0.2,15
30,15,false,,0.1494379459018852,0.15202412031615212,0.0051747798575032325,12,1,1.0,29.0,0.5128762022959975,0.19671113869066087,0.273,401,2426,0.1,0.2,15
40,20,false,,0.1700649134034772,0.16539316362709952,-0.002315209113331329,10,2,1.0,36.0,0.49217809867629364,0.16606498194945848,0.2646,401,2426,0.1,0.2,15
50,25,true,,0.16262351343250883,0.2404894160827283,0.1160288900246682,34,38,2.0,48.0,0.8510204081632653,0.13848396501457727,0.2432,401,2426,0.1,0.2,15
20,10,false,,0.12420373159371167,0.11827734412647117,0.00527167259490513,10,1,1.0,19.0,0.5055376920328689,0.41264737406216506,0.2688,402,2427,0.1,0.2,15
30,15,true,,0.11670073565369059,0.28631006668038783,0.17541002080546697,24,25,5.0,29.0,0.8157715839564922,0.16315431679129844,0.2984,402,2427,0.1,0.2,15
20,10,false,,0.12263772468566644,0.06446590237911821,-0.06623820892580189,7,1,1.0,19.0,0.335016835016835,0.2718855218855219,0.191,403,2428,0.1,0.2,15
30,15,false,,0.17735147253986702,0.08883482027058229,-0.09534860260552447,6,1,1.0,28.0,0.32487520798668884,0.08610648918469219,0.227,403,2428,0.1,0.2,15
40,20,true,,0.10866398388502505,0.5387379127144076,0.4301618380308333,33,36,12.0,39.0,0.8169464428457234,0.06674660271782575,0.2812,403,2428,0.1,0.2,15
20,10,false,,0.15179213648466922,0.4320184906815965,0.2903185787109476,15,17,2.0,19.0,0.6982543640897756,0.5657730673316709,0.3072,404,2429,0.1,0.2,15
30,15,false,,0.1648458267221436,0.1838013450289027,0.02231847768879011,20,25,2.0,29.0,0.5484057971014493,0.1927536231884058,0.281,404,2429,0.1,0.2,15
40,20,false,,0.17547768906556752,0.19439937109747985,0.02937605896836143,15,1,1.0,38.0,0.5794827085149665,0.15373437954083116,0.2644,404,2429,0.1,0.2,15
50,25,true,,0.183129903575629,0.3791627936281745,0.19406897446383226,42,45,26.0,49.0,0.8560648406931246,0.0,0.2298,404,2429,0.1,0.2,15
20,10,false,,0.14935145169544156,0.16833511418820715,0.0350417703595675,13,16,1.0,19.0,0.5573197840584313,0.48142267386471893,0.2738,405,2430,0.1,0.2,15
30,15,false,,0.1336952141926913,0.21824587242182072,0.12072730700379838,21,27,3.0,29.0,0.6885676741130092,0.19842312746386334,0.2756,405,2430,0.1,0.2,15
40,20,false,,0.1489837303035667,0.18379416171558557,0.05379665589109314,19,4,2.0,38.0,0.6538108356290174,0.16069788797061524,0.2548,405,2430,0.1,0.2,15
50,25,true,,0.16551566890016517,0.32127109973011064,0.1687270612833088,42,43,3.0,49.0,0.8664076509264794,0.0328750747160789,0.2328,405,2430,0.1,0.2,15
20,10,false,,0.14218158142123602,0.10402673785596787,-0.047529814390293926,7,2,1.0,18.0,0.3946577629382304,0.2654424040066778,0.3088,406,2431,0.1,0.2,15
30,15,false,,0.12133596723583673,0.15507861552108398,0.05003594975228012,16,14,1.0,29.0,0.6182833217027216,0.2711095603628751,0.2892,406,2431,0.1,0.2,15
40,20,false,,0.14015940522439072,0.16452949755126833,0.04205024511130245,19,2,1.0,38.0,0.5855327468230694,0.15900944933202998,0.2598,406,2431,0.1,0.2,15
50,25,true,,0.15488519834717668,0.6213767914637913,0.4586926611205036,43,43,23.0,49.0,0.9739534883720931,0.004031007751937985,0.223,406,2431,0.1,0.2,15
20,10,false,,0.11798075351500563,0.17199445386557802,0.056825382514451184,11,16,1.0,19.0,0.6054582210242587,0.44002695417789756,0.2716,407,2432,0.1,0.2,15
30,15,false,,0.14119696038802015,0.17510349572666634,0.04806508023462343,22,26,2.0,29.0,0.607780612244898,0.0899234693877551,0.2864,407,2432,0.1,0.2,15
40,20,true,,0.14252776641109693,0.33448683784639055,0.2133468309825568,29,36,2.0,39.0,0.7654639175257731,0.1092139175257732,0.247,407,2432,0.1,0.2,15
20,10,false,,0.08087999611299615,0.13524727835879144,0.06521622847118147,13,17,1.0,19.0,0.6516504854368932,0.5005825242718447,0.2598,408,2433,0.1,0.2,15
30,15,true,,0.09177446987862227,0.2507870780116143,0.16964806556700202,23,27,6.0,29.0,0.7364620938628159,0.2133975130365022,0.2814,408,2433,0.1,0.2,15
20,10,false,,0.12102360696303162,0.14927623350397434,0.04794318068109387,12,16,2.0,19.0,0.6079103083151666,0.48396138274680783,0.2874,409,2434,0.1,0.2,15
30,15,false,,0.1347938843046033,0.18915164540168108,0.08088665687139454,18,26,1.0,29.0,0.6532074242917616,0.22370563334418755,0.272,409,2434,0.1,0.2,15
40,20,false,,0.14242961296426937,0.3685039838303954,0.23426903877705368,35,36,19.0,39.0,0.8865020840012825,0.022763706316126963,0.2358,409,2434,0.1,0.2,15
50,25,false,,0.24526291378423248,0.15874804783795649,-0.08996880862197773,4,1,1.0,23.0,0.3541738234283751,0.13397457918241154,0.198,409,2434,0.1,0.2,15
60,30,true,,0.1581136490456379,0.2267526579963373,0.09851028966844297,27,44,1.0,50.0,0.7495892211633257,0.08478475188958265,0.172,409,2434,0.1,0.2,15
20,10,false,,0.10741273634766173,0.25098176759191587,0.15262340988763123,15,15,3.0,19.0,0.7616447157083199,0.6774815290716351,0.3014,410,2435,0.1,0.2,15
30,15,true,,0.1092853683474006,0.3182890060267336,0.21304091624877783,23,26,3.0,29.0,0.7310771470160117,0.10807860262008734,0.284,410,2435,0.1,0.2,15
20,10,false,,0.1374858523158865,0.14329202360093413,0.009655414692988841,11,5,1.0,19.0,0.5105296745373324,0.41863433312061266,0.3058,411,2436,0.1,0.2,15
30,15,false,,0.17110723320195192,0.12559101671747802,-0.0660312588384806,8,1,1.0,29.0,0.4107929515418502,0.04368575624082232,0.2424,411,2436,0.1,0.2,15
40,20,true,,0.1352512450545601,0.6016259668988789,0.46568729222175637,33,36,12.0,39.0,0.8938842975206611,0.08198347107438017,0.2514,411,2436,0.1,0.2,15
20,10,false,,0.11506041191644725,0.14410643899352196,0.03892385461763369,12,16,1.0,19.0,0.6005247622171204,0.4722859954083306,0.3116,412,2437,0.1,0.2,15
30,15,false,,0.1336420788896498,0.16515817083371556,0.0546409449264532,15,26,1.0,29.0,0.6108437600256656,0.24574911774141803,0.295,412,2437,0.1,0.2,15
40,20,false,,0.1419917223196658,0.1918497980217748,0.06571906682497042,28,34,4.0,38.0,0.6871055004508566,0.0931770363691013,0.2478,412,2437,0.1,0.2,15
50,25,false,,0.1587729009434011,0.18858649856563933,0.04029008401213724,26,3,1.0,48.0,0.6442222875624817,0.07674213466627462,0.246,412,2437,0.1,0.2,15
60,30,true,,0.1639168671440588,0.5550710659756144,0.3809972492179197,53,55,41.0,59.0,0.9308462238398544,0.0,0.2124,412,2437,0.1,0.2,15
20,10,false,,0.10501244200746292,0.18128011776360928,0.09465908759753301,14,17,1.0,19.0,0.6147631289019464,0.5042232831435917,0.2588,413,2438,0.1,0.2,15
30,15,false,,0.12053238294199908,0.11857218199068513,-0.004285403750399,14,2,1.0,29.0,0.4865649963689179,0.10530137981118373,0.2848,413,2438,0.1,0.2,15
40,20,true,,0.11952220670361825,0.23319372311829517,0.12202555683699119,28,34,13.0,38.0,0.7890365448504983,0.08770764119601329,0.2888,413,2438,0.1,0.2,15
20,10,false,,0.13399691617871917,0.313821302129782,0.17881772500368343,15,15,3.0,19.0,0.7968187274909964,0.6779711884753902,0.3194,414,2439,0.1,0.2,15
30,15,false,,0.16567314256208748,0.185681020160752,0.039337427401903186,13,2,1.0,29.0,0.591003872505213,0.15996425379803395,0.2894,414,2439,0.1,0.2,15
40,20,true,,0.1724073834712554,0.23218602337133104,0.09593268999736063,27,36,4.0,39.0,0.7497116493656286,0.1447520184544406,0.2586,414,2439,0.1,0.2,15
20,10,false,,0.1429954797188009,0.19848379498992594,0.08059139781054224,12,17,1.0,19.0,0.6077996195307546,0.46924540266328474,0.2934,415,2440,0.1,0.2,15
30,15,true,,0.1437569247835324,0.3516184844773621,0.2297218916135767,21,25,2.0,29.0,0.8078313253012048,0.12319277108433735,0.2822,415,2440,0.1,0.2,15
20,10,false,,0.1760148230066871,0.19752845377797634,0.05320348250399562,12,16,1.0,19.0,0.5631514408338443,0.4727161250766401,0.3014,416,2441,0.1,0.2,15
30,15,false,,0.16983468933157678,0.17698613712511319,0.012984029825791443,15,27,1.0,29.0,0.5274592637296318,0.15902232951116477,0.2802,416,2441,0.1,0.2,15
40,20,false,,0.18508358784776338,0.18665672035113423,0.009114421174753806,13,1,1.0,39.0,0.5151141270820481,0.08204811844540408,0.2086,416,2441,0.1,0.2,15
50,25,true,,0.1762164864162461,0.22918592167756396,0.07303912453269776,40,46,3.0,49.0,0.7579635949943118,0.11006825938566553,0.2314,416,2441,0.1,0.2,15
20,10,false,,0.09101641030136035,0.5691027945341729,0.4849476057955603,15,17,2.0,19.0,0.8494661921708185,0.6733096085409253,0.2932,417,2442,0.1,0.2,15
30,15,false,,0.13557461852420033,0.16014032029741251,0.03358522209406857,10,7,1.0,28.0,0.6014449127031909,0.16104756170981335,0.3098,417,2442,0.1,0.2,15
40,20,true,,0.1559453120183746,0.3108461145807988,0.17892690649688164,30,35,7.0,39.0,0.8724267903740215,0.15308785155117424,0.2528,417,2442,0.1,0.2,15
20,10,false,,0.16113510475867182,0.13157365227897766,-0.041006686615613935,8,4,1.0,19.0,0.42376543209876544,0.35216049382716047,0.3182,418,2443,0.1,0.2,15
30,15,false,,0.16372699858196607,0.18696409037868586,0.050357630311932605,16,1,1.0,28.0,0.5658644711842938,0.14186193793540217,0.2622,418,2443,0.1,0.2,15
40,20,false,,0.15798294345245897,0.2033223204846065,0.0695227993800169,30,36,6.0,39.0,0.6991125107357572,0.1282565130260521,0.245,418,2443,0.1,0.2,15
50,25,false,,0.16796855806693828,0.19311738664484374,0.040716704744300586,33,44,2.0,48.0,0.6500999714367324,0.0934018851756641,0.2288,418,2443,0.1,0.2,15
60,30,true,,0.1715440348487818,0.21381662415640182,0.07457940787272524,34,38,1.0,58.0,0.7286299765807962,0.05122950819672131,0.2298,418,2443,0.1,0.2,15
20,10,false,,0.12348015349840168,0.19237840786178823,0.08488053938885433,15,19,2.0,19.0,0.6600265604249668,0.5673970783532537,0.2968,419,2444,0.1,0.2,15
30,15,true,,0.13426461446111654,0.21418461042169465,0.09590921204366612,21,27,2.0,29.0,0.7130407718643013,0.2060379707438531,0.2842,419,2444,0.1,0.2,15
20,10,false,,0.16044761193293414,0.1579814258427708,0.007081062469211918,9,5,1.0,19.0,0.5101311084624554,0.35458879618593564,0.326,420,2445,0.1,0.2,15
30,15,true,,0.17382854722562296,0.3145169100103042,0.20192897597489773,22,25,1.0,29.0,0.7169018312818973,0.11798258781146803,0.2698,420,2445,0.1,0.2,15
20,10,false,,0.10535910779994931,0.1727491274581467,0.08775796357171373,12,15,2.0,19.0,0.6820643517043644,0.46702771583306785,0.3304,421,2446,0.1,0.2,15
30,15,true,,0.13514085764454145,0.471017949770011,0.3444728994265345,24,26,12.0,29.0,0.86084142394822,0.13365695792880258,0.2706,421,2446,0.1,0.2,15
20,10,false,,0.13409961102581655,0.11599249695822447,-0.01756359487702379,10,14,1.0,19.0,0.4461012736874806,0.371233302267785,0.303,422,2447,0.1,0.2,15
30,15,false,,0.21885427623025777,0.07774184046689989,-0.1547131027721519,5,3,1.0,28.0,0.20775510204081632,0.08408163265306122,0.2264,422,2447,0.1,0.2,15
40,20,false,,0.11637230317355088,0.2026463666794937,0.09749706212948508,30,35,6.0,39.0,0.6982667138309162,0.06579412805093739,0.2746,422,2447,0.1,0.2,15
50,25,true,,0.12490281442733489,0.38396120641086834,0.2705251400481795,41,43,24.0,49.0,0.9148275862068965,0.004482758620689655,0.2586,422,2447,0.1,0.2,15
20,10,false,,0.12382554181745695,0.3634374899732277,0.2613564906826052,13,16,1.0,19.0,0.6293423271500843,0.49949409780775716,0.2728,423,2448,0.1,0.2,15
30,15,false,,0.14191526394572637,0.10606269434717289,-0.05317166885704033,8,2,1.0,27.0,0.3721764073144496,0.17533166009322337,0.2472,423,2448,0.1,0.2,15
40,20,false,,0.18752743700929198,0.1063566100773833,-0.09536072413671723,6,2,1.0,38.0,0.3589018974566007,0.06499798142914816,0.2236,423,2448,0.1,0.2,15
50,25,true,,0.12810222980567323,0.21396705249614412,0.09594573027145996,43,45,5.0,49.0,0.7107809260539046,0.04803040774015204,0.229,423,2448,0.1,0.2,15
20,10,false,,0.1592794198393226,0.16216173013335922,0.00990892497958222,10,3,1.0,19.0,0.5137698898408812,0.3956548347613219,0.308,424,2449,0.1,0.2,15
30,15,false,,0.1468851525525879,0.48752846123798554,0.3431504016376179,25,26,2.0,29.0,0.8066750629722922,0.057304785894206546,0.2528,424,2449,0.1,0.2,15
40,20,false,,0.14938772996127372,0.18098715104130347,0.04563803991929674,14,10,2.0,34.0,0.6774379688401616,0.17916907097518753,0.2576,424,2449,0.1,0.2,15
50,25,true,,0.1696321994913975,0.4700991087935533,0.30554275420519517,44,44,37.0,49.0,0.9516371282667467,0.0,0.2202,424,2449,0.1,0.2,15
20,10,false,,0.09980484320889553,0.1463879399486565,0.0524166474605526,14,16,3.0,19.0,0.6501789781972014,0.5779368695086234,0.312,425,2450,0.1,0.2,15
30,15,false,,0.14499231525817172,0.1927340872639368,0.059604562782387044,22,26,1.0,29.0,0.6173602080624188,0.15182054616384916,0.27,425,2450,0.1,0.2,15
40,20,true,,0.1531401126545787,0.37493554632981024,0.22716120888579625,34,35,19.0,39.0,0.8612219834203254,0.023641387780165796,0.2496,425,2450,0.1,0.2,15
20,10,false,,0.14353215445660372,0.18707812718723457,0.03967975844489249,12,17,1.0,19.0,0.5422917331631024,0.45579316948611553,0.3104,426,2451,0.1,0.2,15
30,15,false,,0.14108563195102897,0.17718650840631478,0.05302326075093704,15,26,2.0,28.0,0.6349062310949788,0.24077434966727163,0.3102,426,2451,0.1,0.2,15
40,20,true,,0.14894668333430044,0.45414256603596953,0.3055347277515264,34,36,16.0,39.0,0.8949111713339356,0.03553146642577537,0.2342,426,2451,0.1,0.2,15
20,10,false,,0.09591710700107793,0.07047127348172437,-0.015327729962889163,9,1,1.0,19.0,0.45639403524627203,0.3380027112516945,0.1714,427,2452,0.1,0.2,15
30,15,true,,0.1034261709703155,0.16504353256025422,0.08556104778711768,16,27,3.0,29.0,0.7465083798882681,0.28212290502793297,0.2968,427,2452,0.1,0.2,15
20,10,false,,0.08339325429509353,0.723522974304113,0.6402710177289782,16,16,8.0,19.0,0.963882618510158,0.7957110609480813,0.2872,428,2453,0.1,0.2,15
30,15,false,,0.12849127514000963,0.12838506642296438,0.0054171762690941455,13,1,1.0,27.0,0.5139510850843955,0.27385463313813296,0.2768,428,2453,0.1,0.2,15
40,20,false,,0.13791305050740962,0.13791553278795038,0.0058192959469594435,12,5,1.0,38.0,0.5323468685478321,0.2050929112181693,0.2646,428,2453,0.1,0.2,15
50,25,false,,0.13705916792937284,0.15581362208430613,0.0208616180341456,28,45,1.0,48.0,0.5719508142239946,0.09471585244267199,0.231,428,2453,0.1,0.2,15
60,30,false,,0.13873985261141994,0.17031516091699872,0.056333553948766574,17,3,1.0,57.0,0.6838665290677675,0.14275885792913656,0.1692,428,2453,0.1,0.2,15
20,10,false,,0.09220503647482475,0.16420815784599319,0.09237671252948568,12,16,1.0,19.0,0.6976994967649173,0.4496764917325665,0.293,429,2454,0.1,0.2,15
30,15,false,,0.12718283645338718,0.45035084410490345,0.320415495085417,25,26,9.0,29.0,0.864297253634895,0.11663974151857835,0.2942,429,2454,0.1,0.2,15
40,20,true,,0.14736984556373448,0.27798997873905934,0.15664007111970346,30,35,8.0,38.0,0.8252341920374707,0.10333723653395785,0.2774,429,2454,0.1,0.2,15
20,10,false,,0.11839929886258499,0.5580967128293408,0.4604634634976157,16,16,2.0,19.0,0.8058510638297872,0.6469414893617021,0.2994,430,2455,0.1,0.2,15
30,15,false,,0.15466765256586162,0.15350149199647914,0.001973368052961867,13,3,1.0,29.0,0.5073529411764706,0.14185049019607843,0.281,430,2455,0.1,0.2,15
40,20,false,,0.150970686648005,0.17329816919135516,0.04400178881596106,8,2,1.0,38.0,0.6463795255930087,0.0883270911360799,0.251,430,2455,0.1,0.2,15
50,25,true,,0.16717322180518496,0.284093481147938,0.1302384022514586,42,45,2.0,49.0,0.7474747474747475,0.0354978354978355,0.235,430,2455,0.1,0.2,15
20,10,false,,0.10113302787558714,0.11751288468298277,0.021703585922820873,11,16,1.0,19.0,0.5495367070563079,0.41411261582323594,0.2858,431,2456,0.1,0.2,15
30,15,false,,0.11851803545774497,0.1437389675562634,0.0345224952264421,10,7,1.0,28.0,0.6228899392302498,0.18467251856853478,0.2944,431,2456,0.1,0.2,15
40,20,true,,0.13361602371800937,0.20508832181939687,0.10076482687173323,23,31,2.0,38.0,0.74317275237803,0.14176127646517336,0.277,431,2456,0.1,0.2,15
20,10,false,,0.14640224373032187,0.0716559376610638,-0.08550660118326942,7,1,1.0,19.0,0.2736680720582599,0.28823303947872747,0.2474,432,2457,0.1,0.2,15
30,15,true,,0.11974980076385826,0.305726995816696,0.20704839154543603,22,27,1.0,29.0,0.7044711014176663,0.12359142130134497,0.2756,432,2457,0.1,0.2,15
20,10,false,,0.12138524925288605,0.4397644542962564,0.33151761919146694,15,15,3.0,19.0,0.8388581952117864,0.7059545733578882,0.3038,433,2458,0.1,0.2,15
30,15,true,,0.14610182687416307,0.28387563078846056,0.15283638114770087,22,28,2.0,29.0,0.7838917921918229,0.21764525053796496,0.2952,433,2458,0.1,0.2,15
20,10,true,,0.10598438707314223,0.22448318125165653,0.13318824352144926,14,16,2.0,19.0,0.7229797140006651,0.546059195211174,0.3056,434,2459,0.1,0.2,15
20,10,false,,0.27074300369552207,0.06768032155480846,-0.21248468035653567,4,2,1.0,18.0,0.20210068815646504,0.17747193045997828,0.2348,435,2460,0.1,0.2,15
30,15,false,,0.12763980281465975,0.12816893160263204,0.013935551921123751,18,2,1.0,29.0,0.5180096546602302,0.1065725956182696,0.2642,435,2460,0.1,0.2,15
40,20,true,,0.12850251750279426,0.2419750700885375,0.13339708704010983,28,35,1.0,39.0,0.7675585284280937,0.09063545150501673,0.2688,435,2460,0.1,0.2,15
20,10,false,,0.10885196925159402,0.1308017732980505,0.03622063588868139,11,16,1.0,19.0,0.5713813615333774,0.43192333113020487,0.2938,436,2461,0.1,0.2,15
30,15,true,,0.1400829482314562,0.5990271050512286,0.4624899585981871,24,26,3.0,29.0,0.8628010139416984,0.10297845373891001,0.297,436,2461,0.1,0.2,15
20,10,false,,0.07516987673479,0.5511163939105133,0.47847330632293117,15,16,2.0,19.0,0.850609756097561,0.6875,0.2896,437,2462,0.1,0.2,15
30,15,true,,0.09805586367764418,0.4529223804458213,0.3663796270526936,22,25,2.0,29.0,0.8744832769635476,0.1871476888387824,0.2908,437,2462,0.1,0.2,15
20,10,false,,0.0992304699027788,0.13621844783919498,0.04224751159039022,9,16,1.0,19.0,0.610632183908046,0.3692528735632184,0.2908,438,2463,0.1,0.2,15
30,15,false,,0.13510259886559411,0.20168140773159804,0.08495277511034963,18,20,1.0,27.0,0.6764705882352942,0.23862947240751972,0.3122,438,2463,0.1,0.2,15
40,20,false,,0.1483001053913,0.17544028054700717,0.05199692390714333,15,4,1.0,39.0,0.6394663357120695,0.17095873409866583,0.2522,438,2463,0.1,0.2,15
50,25,false,,0.16176846505387413,0.21552310911991257,0.05574165272583814,43,46,30.0,49.0,0.6678321678321678,0.0,0.224,438,2463,0.1,0.2,15
60,30,true,,0.15489133614649658,0.1944212695263882,0.0692297003181008,27,3,1.0,58.0,0.7731284733573063,0.06701536449820203,0.161,438,2463,0.1,0.2,15
20,10,false,,0.138749971507743,0.16212044775779147,0.02956493669369127,9,5,1.0,19.0,0.5855801272341714,0.3389881853983641,0.3114,439,2464,0.1,0.2,15
30,15,false,,0.14658620526669033,0.17333593608201553,0.04620465175102733,16,20,1.0,28.0,0.6638285378743394,0.2756899588960658,0.2862,439,2464,0.1,0.2,15
40,20,false,,0.16413030413283503,0.2223124140694214,0.09176511192718448,33,35,2.0,39.0,0.6608275445484748,0.04500151011778919,0.2298,439,2464,0.1,0.2,15
50,25,true,,0.17590403387479733,0.4202479476235438,0.2497769580346884,44,47,33.0,49.0,0.8357390300230947,0.0,0.2186,439,2464,0.1,0.2,15
20,10,true,,0.08715436688005257,0.5247920967696311,0.4371252732089302,14,14,3.0,19.0,0.9050455501051157,0.6436580238262088,0.2912,440,2465,0.1,0.2,15
20,10,false,,0.12619723910047326,0.17231671838989057,0.06824773382054636,9,3,1.0,19.0,0.629111038749593,0.3425594268967763,0.316,441,2466,0.1,0.2,15
30,15,false,,0.1434733688215693,0.16662822286453993,0.029372424142070336,19,25,2.0,29.0,0.5854383358098069,0.19316493313521546,0.2802,441,2466,0.1,0.2,15
40,20,true,,0.15087168563879313,0.40987850049049573,0.26165061308609894,32,36,4.0,39.0,0.8902365069739235,0.0897513644633111,0.2576,441,2466,0.1,0.2,15
20,10,true,,0.07450365158686513,0.3357178437009859,0.2563571318833786,14,16,2.0,19.0,0.8023343373493976,0.5881024096385542,0.2944,442,2467,0.1,0.2,15
20,10,false,,0.1257229350632155,0.1885707049218686,0.09169584050069102,12,17,1.0,19.0,0.5920831935592084,0.45186179134518617,0.297,443,2468,0.1,0.2,15
30,15,true,,0.11653659244610752,0.21836763038696588,0.12021972570883407,22,26,2.0,29.0,0.7138503217067389,0.15238740264138165,0.3034,443,2468,0.1,0.2,15
20,10,false,,0.10997245548169714,0.20160807832711283,0.11625927350882725,14,16,1.0,19.0,0.6799587487108972,0.5269852182880715,0.2994,444,2469,0.1,0.2,15
30,15,false,,0.11060214872605606,0.14219098498709518,0.05009131849499007,17,23,1.0,29.0,0.6122448979591837,0.1385606874328679,0.2982,444,2469,0.1,0.2,15
40,20,true,,0.11768998788887655,0.35367865803728815,0.23711903748404753,33,37,5.0,39.0,0.8716830243547801,0.04143947655398037,0.2748,444,2469,0.1,0.2,15
20,10,false,,0.21466031754262718,0.07864561762451164,-0.14452316507262894,4,1,1.0,18.0,0.2975750102753802,0.23386765310316482,0.2234,445,2470,0.1,0.2,15
30,15,true,,0.10836524542027506,0.29368803791134873,0.19813524670902583,23,23,2.0,29.0,0.8093371347113328,0.15146115466856735,0.289,445,2470,0.1,0.2,15
20,10,false,,0.11165013937972916,0.2250640834019024,0.13494456992604031,15,17,4.0,19.0,0.7079113924050633,0.6487341772151899,0.3028,446,2471,0.1,0.2,15
30,15,false,,0.10697392172134816,0.6555138933461132,0.5541027715341161,26,25,3.0,29.0,0.9569134351743047,0.028985507246376812,0.2684,446,2471,0.1,0.2,15
40,20,false,,0.11919896496679722,0.17380504228317784,0.07873580509377696,32,37,2.0,39.0,0.6708542713567839,0.06209619526202441,0.2704,446,2471,0.1,0.2,15
50,25,false,,0.12891181667825588,0.16798689182294704,0.05289181222259959,34,46,9.0,49.0,0.662211827597728,0.1393250918810558,0.256,446,2471,0.1,0.2,15
60,30,true,,0.13980067963458404,0.3421147327721609,0.20182231505253737,51,51,36.0,59.0,0.9155438711797568,0.0,0.2064,446,2471,0.1,0.2,15
20,10,false,,0.13387584239380826,0.214537615408949,0.12803700459454315,10,1,1.0,19.0,0.5744916820702403,0.40628465804066544,0.2676,447,2472,0.1,0.2,15
30,15,false,,0.12578094047199004,0.17905430280391393,0.062241502238756866,20,24,3.0,29.0,0.6754785779398359,0.27043451838347005,0.3046,447,2472,0.1,0.2,15
40,20,false,,0.1400354928654594,0.16999218491866985,0.05039190827585536,20,5,1.0,38.0,0.6580128205128205,0.11217948717948718,0.2698,447,2472,0.1,0.2,15
50,25,true,,0.14573987975898978,0.30980125200858394,0.17346629612356496,42,44,20.0,48.0,0.8369268144549044,0.016702095353780748,0.2314,447,2472,0.1,0.2,15
20,10,false,,0.11842337676703776,0.17629889686217315,0.07062608743821971,12,18,1.0,19.0,0.6384514435695539,0.4573490813648294,0.2972,448,2473,0.1,0.2,15
30,15,true,,0.1359325488709668,0.21683603197195783,0.10467779487655965,21,25,4.0,29.0,0.762747450509898,0.1916616676664667,0.3018,448,2473,0.1,0.2,15
20,10,false,,0.11250523761076929,0.13657007830317097,0.03409496844040871,12,16,1.0,19.0,0.5776946616797007,0.4546072764365862,0.3084,449,2474,0.1,0.2,15
30,15,true,,0.13311452934351725,0.2897013797387074,0.1808536284492864,20,26,2.0,29.0,0.8235294117647058,0.1942766295707472,0.2834,449,2474,0.1,0.2,15
20,10,false,,0.09364564352646557,0.6708552473566272,0.580934090479061,16,16,10.0,19.0,0.9746079163554892,0.7942494398805079,0.2652,450,2475,0.1,0.2,15
30,15,true,,0.12851972443497867,0.26528575334927335,0.15544068809846542,21,25,2.0,29.0,0.7699501246882793,0.17269326683291772,0.3064,450,2475,0.1,0.2,15
20,10,false,,0.1389545481509313,0.11978666383974251,-0.024776047393965023,10,14,1.0,19.0,0.4355694227769111,0.387207488299532,0.3164,451,2476,0.1,0.2,15
30,15,false,,0.14698624113808562,0.20764343803373886,0.06530343513912862,23,26,5.0,29.0,0.6606294536817102,0.19507125890736343,0.2828,451,2476,0.1,0.2,15
40,20,false,,0.16176509889065205,0.23315200478973758,0.08031813703649066,34,37,8.0,39.0,0.6561728395061729,0.06327160493827161,0.2288,451,2476,0.1,0.2,15
50,25,true,,0.16769152862057407,0.25711482883620296,0.10540305401630062,35,39,2.0,49.0,0.8018197327267558,0.05885698038100654,0.2378,451,2476,0.1,0.2,15
20,10,false,,0.13957759321780464,0.18084843616116894,0.06067491844220203,11,15,1.0,19.0,0.5856496444731739,0.4544279250161603,0.302,452,2477,0.1,0.2,15
30,15,true,,0.1362953728246149,0.24859585665093856,0.13716808015789533,22,26,2.0,29.0,0.7426608369768894,0.16677076826983137,0.295,452,2477,0.1,0.2,15
20,10,true,,0.10777394263215133,0.3020915648132978,0.20980636915950054,13,16,2.0,19.0,0.8278166772756206,0.5140038192234245,0.3082,453,2478,0.1,0.2,15
20,10,false,,0.07719970035635276,0.3230228889556922,0.25717889235430913,15,16,2.0,19.0,0.8186567164179105,0.6455223880597015,0.3054,454,2479,0.1,0.2,15
30,15,true,,0.11037037103501056,0.21108946177743032,0.12219067593651393,16,26,2.0,29.0,0.7953274103323462,0.23790720631786771,0.301,454,2479,0.1,0.2,15
20,10,false,,0.1032897755518261,0.3631217803247142,0.26432322149149573,15,16,2.0,19.0,0.7648059904697073,0.6262763784887678,0.2682,455,2480,0.1,0.2,15
30,15,false,,0.12744557804827872,0.20244535009871797,0.10108359947385939,19,27,1.0,29.0,0.6803385416666666,0.1953125,0.2822,455,2480,0.1,0.2,15
40,20,true,,0.1466500548204275,0.25428337937268214,0.13533292712580303,26,36,4.0,39.0,0.8084592145015106,0.13806646525679758,0.277,455,2480,0.1,0.2,15
20,10,true,,0.10602699250270692,0.32289165371010253,0.21789642908697826,14,15,1.0,19.0,0.7525150905432596,0.6052984574111334,0.2866,456,2481,0.1,0.2,15
20,10,true,,0.08112757515566997,0.2245603722920537,0.15790257319421608,12,15,2.0,19.0,0.7401690554943036,0.5093715545755237,0.2948,457,2482,0.1,0.2,15
20,10,false,,0.13050995943409477,0.15179125438080848,0.03648657058046467,10,16,1.0,19.0,0.5810177958164221,0.3933812051201998,0.3128,458,2483,0.1,0.2,15
30,15,true,,0.11911655912564026,0.29815904670444265,0.19005998792919815,23,26,2.0,29.0,0.8060668029993183,0.15064758009543286,0.282,458,2483,0.1,0.2,15
20,10,false,,0.10061604070956875,0.3667931383270526,0.27598683222663467,15,16,2.0,19.0,0.7937372362151123,0.6997957794417972,0.2986,459,2484,0.1,0.2,15
30,15,false,,0.13505741288394052,0.14990417809704656,0.020204671985934314,14,27,2.0,29.0,0.562095531587057,0.18305084745762712,0.2898,459,2484,0.1,0.2,15
40,20,false,,0.14721322604347198,0.2192353509353211,0.11402886855380254,24,34,1.0,38.0,0.6611389236545682,0.11107634543178974,0.2608,459,2484,0.1,0.2,15
50,25,true,,0.15075518393782722,0.1887169811831844,0.0632797023105882,17,6,1.0,48.0,0.7268380155409444,0.1730424387328153,0.2658,459,2484,0.1,0.2,15
20,10,false,,0.11164072789827159,0.15080297922152824,0.0510236365549869,12,16,1.0,19.0,0.6155297076391072,0.4800377239861679,0.3074,460,2485,0.1,0.2,15
30,15,false,,0.11344480681608644,0.4096569196504568,0.2932792393468009,25,26,8.0,29.0,0.8479372655983635,0.07534947153085578,0.273,460,2485,0.1,0.2,15
40,20,false,,0.13658944296262823,0.15001666896195842,0.014513185238700599,13,3,1.0,37.0,0.5537137392413134,0.1644883646796302,0.2784,460,2485,0.1,0.2,15
50,25,true,,0.14497164505557616,0.2846474590251964,0.15398342309808255,40,45,3.0,49.0,0.8382899628252788,0.046468401486988845,0.2136,460,2485,0.1,0.2,15
20,10,false,,0.11874018349727698,0.7485251312609279,0.6216367606686038,16,16,5.0,19.0,0.9327586206896552,0.7841379310344827,0.3072,461,2486,0.1,0.2,15
30,15,false,,0.1456695206487135,0.16170982709598328,0.022197179247230303,18,25,2.0,29.0,0.556861499364676,0.24396442185514614,0.284,461,2486,0.1,0.2,15
40,20,true,,0.15200860562176544,0.2126515632909722,0.09221249113758583,19,35,2.0,38.0,0.7595676307332749,0.19661115980134386,0.2688,461,2486,0.1,0.2,15
20,10,false,,0.07715863038348211,0.22293420696263652,0.14248068889701096,15,16,3.0,19.0,0.7764485981308411,0.674018691588785,0.281,462,2487,0.1,0.2,15
30,15,true,,0.11458353571437067,0.4044026740338544,0.28841516610506646,24,27,3.0,29.0,0.8208051300320627,0.1414321339508372,0.281,462,2487,0.1,0.2,15
20,10,false,,0.23702641683239614,0.14504211684244062,-0.10431780191541819,6,5,1.0,19.0,0.35345364032358434,0.2840696950840075,0.295,463,2488,0.1,0.2,15
30,15,false,,0.19198358681660452,0.13416623463364089,-0.08404224422703549,10,3,1.0,29.0,0.31283172026225414,0.14798626287855135,0.2594,463,2488,0.1,0.2,15
40,20,true,,0.1634361607262195,0.20860622288593395,0.07371202272306088,25,35,1.9500000000000028,39.0,0.7402832178366978,0.15456462789996986,0.2404,463,2488,0.1,0.2,15
20,10,false,,0.1467387149990087,0.17402837565151333,0.038755530524127765,11,17,1.0,19.0,0.5536848792884371,0.4307496823379924,0.2958,464,2489,0.1,0.2,15
30,15,true,,0.131668849445329,0.2866847081151548,0.1849973338619305,22,25,3.0,29.0,0.7522820270695625,0.17217500786905887,0.2782,464,2489,0.1,0.2,15
20,10,false,,0.11498891850403183,0.07493505072654212,-0.039619821975497994,7,1,1.0,19.0,0.39010543390105434,0.2875101378751014,0.236,465,2490,0.1,0.2,15
30,15,false,,0.11123707639088326,0.213250901565227,0.13012821222236828,20,1,1.0,29.0,0.6866223207686623,0.11862527716186252,0.278,465,2490,0.1,0.2,15
40,20,false,,0.12274129224517481,0.1552395387733464,0.04325142085469963,22,34,3.0,38.0,0.6613062028224483,0.19921234000656382,0.295,465,2490,0.1,0.2,15
50,25,true,,0.1322414945749153,0.2110191000887113,0.09937440641950113,36,43,7.0,49.0,0.7889546351084813,0.09598948060486522,0.2462,465,2490,0.1,0.2,15
20,10,true,,0.11215971950150988,0.3161197770800963,0.21534916051115416,14,16,1.0,19.0,0.7301798800799467,0.6319120586275816,0.3034,466,2491,0.1,0.2,15
20,10,false,,0.0886903314061464,0.2370255368811164,0.15142331205689125,13,14,1.0,19.0,0.6935371785962474,0.6049339819318972,0.2886,467,2492,0.1,0.2,15
30,15,false,,0.10498002575137522,0.1389800241447317,0.04438602623129237,17,25,2.0,28.0,0.6272040302267002,0.25980568549838073,0.297,467,2492,0.1,0.2,15
40,20,true,,0.11991675698734552,0.331864738774474,0.2206758527430809,32,34,3.0,39.0,0.79491643454039,0.07764623955431754,0.2656,467,2492,0.1,0.2,15
20,10,false,,0.13394729117391013,0.1392912424975036,0.01759091547191853,10,4,1.0,19.0,0.5383623468729851,0.3852353320438427,0.307,468,2493,0.1,0.2,15
30,15,true,,0.11939135715385357,0.5066076154559312,0.386008363600182,24,25,8.0,29.0,0.9047157622739018,0.11627906976744186,0.2832,468,2493,0.1,0.2,15
20,10,false,,0.12904499316388818,0.17791009157552648,0.06654159418192526,14,16,1.0,19.0,0.6265921093507301,0.5672569120844982,0.308,469,2494,0.1,0.2,15
30,15,false,,0.14340842106814566,0.2354633258963367,0.11575854568063346,18,1,1.0,29.0,0.6079971438771867,0.11460192788289897,0.2458,469,2494,0.1,0.2,15
40,20,true,,0.14368399310905763,0.32314039725006566,0.18609678071636315,33,36,9.0,39.0,0.849232621125489,0.0514595245260307,0.268,469,2494,0.1,0.2,15
20,10,false,,0.13424668892328667,0.14980572994179947,0.024581796401220768,11,15,1.0,19.0,0.5402368660795627,0.44215001518372304,0.3182,470,2495,0.1,0.2,15
30,15,true,,0.15389976286614074,0.28042111245903867,0.14996093837021,20,26,1.0,29.0,0.7004419191919192,0.1360479797979798,0.2768,470,2495,0.1,0.2,15
20,10,false,,0.45081015003031594,0.07729423398203221,-0.36131890512439047,2,1,1.0,18.0,0.2274923144488362,0.14404918752744839,0.2014,471,2496,0.1,0.2,15
30,15,true,,0.11443253373979112,0.18351494306548646,0.09307566815012834,17,25,2.0,29.0,0.7051109616677875,0.22326832548755884,0.2958,471,2496,0.1,0.2,15
20,10,false,,0.20969370010617971,0.12461248010196807,-0.0986858042378794,8,4,1.0,19.0,0.3393124065769806,0.2831091180866966,0.304,472,2497,0.1,0.2,15
30,15,false,,0.17110392068365662,0.15392363969573322,-0.02148393152052802,7,5,1.0,27.0,0.4369047619047619,0.19464285714285715,0.2866,472,2497,0.1,0.2,15
40,20,true,,0.1641210094611705,0.22871486998766993,0.0821974587534454,22,31,2.0,37.0,0.751535455053043,0.19932998324958123,0.2662,472,2497,0.1,0.2,15
20,10,false,,0.093890738330543,0.11263720069862453,0.02622309047103452,10,16,1.0,19.0,0.5714791224345365,0.40658174097664546,0.2852,473,2498,0.1,0.2,15
30,15,false,,0.11849125426151268,0.13830055693454527,0.03951774971726914,15,3,1.0,29.0,0.5641701166729394,0.11178020323673316,0.2802,473,2498,0.1,0.2,15
40,20,false,,0.12376230468311879,0.15527226791485982,0.05466778310425652,16,1,1.0,39.0,0.6258401792382375,0.13368185212845407,0.2714,473,2498,0.1,0.2,15
50,25,false,,0.14242082175398554,0.14604154623325383,0.007094400634478318,19,2,1.0,45.0,0.5150989239847276,0.07046164526206178,0.2336,473,2498,0.1,0.2,15
60,30,true,,0.14018437674831266,0.20700960657225376,0.08168740237603576,43,43,7.0,59.0,0.7478753541076487,0.06326723323890462,0.1348,473,2498,0.1,0.2,15
20,10,true,,0.06360059233078998,0.21765216087170822,0.1596805760311933,14,17,1.0,19.0,0.7064459930313589,0.5958188153310104,0.2004,474,2499,0.1,0.2,15
20,10,false,,0.0839299591129472,0.6191427075197576,0.5156088204149951,16,16,3.0,19.0,0.902868068833652,0.6990439770554493,0.2686,475,2500,0.1,0.2,15
30,15,true,,0.11274394684175432,0.21001669505925316,0.10991700389546948,23,26,4.0,29.0,0.7908810421666095,0.15461090161124444,0.2832,475,2500,0.1,0.2,15
20,10,true,,0.11535245097217331,0.20456304235566658,0.12036448671597512,12,16,1.0,19.0,0.7339774557165861,0.4718196457326892,0.293,476,2501,0.1,0.2,15
20,10,false,,0.2251600798645812,0.06356914831483758,-0.1549875636489151,3,1,1.0,19.0,0.3379402585822559,0.25947391885867144,0.16,477,2502,0.1,0.2,15
30,15,false,,0.1063331212433386,0.14284607014415057,0.057251011376266196,12,6,1.0,28.0,0.6281352235550709,0.18865866957470012,0.2922,477,2502,0.1,0.2,15
40,20,true,,0.11368441459724611,0.15858352315302876,0.06170650944858194,17,13,3.0,36.0,0.7195496417604913,0.2378027976799727,0.2872,477,2502,0.1,0.2,15
20,10,false,,0.17519273402325447,0.11921831936823732,-0.07657466109912969,6,2,1.0,18.0,0.3465346534653465,0.25071862024912167,0.2948,478,2503,0.1,0.2,15
30,15,true,,0.13663997539174688,0.24051282150152536,0.11463856137682937,24,26,4.0,29.0,0.7798879202988792,0.1864881693648817,0.2892,478,2503,0.1,0.2,15
20,10,true,,0.07645300093314021,0.18460091307646273,0.10989491184301296,13,16,2.0,19.0,0.7580347247875877,0.546361285555966,0.2958,479,2504,0.1,0.2,15
20,10,false,,0.10901699350354221,0.22098350621949844,0.1386123949244673,14,16,1.0,19.0,0.6917241379310345,0.5237931034482759,0.2902,480,2505,0.1,0.2,15
30,15,false,,0.11773367479167912,0.16079763911935424,0.06066619412929526,21,25,3.0,29.0,0.6730515191545574,0.2070673712021136,0.2704,480,2505,0.1,0.2,15
40,20,false,,0.1576644132363496,0.1503400529488613,-0.014667801603207659,8,4,1.0,35.0,0.4722662440570523,0.12963549920760697,0.2444,480,2505,0.1,0.2,15
50,25,true,,0.15050932282852156,0.1996663981221928,0.09454688615598769,13,4,1.0,48.0,0.7254361799816346,0.09029690847872666,0.2388,480,2505,0.1,0.2,15
20,10,true,,0.09873611550772102,0.42447521634609364,0.3245819944143191,14,16,2.0,19.0,0.8373413493653975,0.6396125584502338,0.309,481,2506,0.1,0.2,15
20,10,false,,0.0800346363959917,0.19225868796897003,0.13175376336968975,14,16,1.0,19.0,0.6716126513080828,0.5607184693479109,0.2348,482,2507,0.1,0.2,15
30,15,true,,0.10436459539726235,0.3161559469157538,0.2215981029755612,23,27,8.0,29.0,0.851944345344274,0.2194077773813771,0.293,482,2507,0.1,0.2,15
20,10,false,,0.07865538051495066,0.48474600384879135,0.3996014814344838,15,16,2.0,19.0,0.8710656048540008,0.7038301099734546,0.2882,483,2508,0.1,0.2,15
30,15,false,,0.13081980384981182,0.11438569704108253,-0.027162826053491892,10,1,1.0,28.0,0.44804716285924834,0.1617538688282977,0.2832,483,2508,0.1,0.2,15
40,20,false,,0.12645814603877223,0.17250449509181046,0.0704401959728922,25,1,1.0,38.0,0.6188421431139878,0.11650485436893204,0.2684,483,2508,0.1,0.2,15
50,25,true,,0.12876830430141667,0.19215302480889856,0.08498893836623472,26,36,4.599999999999994,47.0,0.7914149443561208,0.14340222575516692,0.278,483,2508,0.1,0.2,15
20,10,false,,0.08920045031484056,0.5576770523203588,0.4651231111467704,15,16,5.0,19.0,0.8935495241452238,0.7215368346845259,0.304,484,2509,0.1,0.2,15
30,15,false,,0.1253962006734439,0.165868306576124,0.055684738325629514,17,24,1.0,29.0,0.6288659793814433,0.20038659793814434,0.274,484,2509,0.1,0.2,15
40,20,true,,0.13812341941222975,0.2133163164353862,0.10656194915881641,21,34,2.0,38.0,0.7636201250372134,0.19767788032152425,0.2764,484,2509,0.1,0.2,15
20,10,false,,0.2130624124744147,0.12463762537350798,-0.12403660215500825,6,1,1.0,19.0,0.32239512855209745,0.22293640054127198,0.2718,485,2510,0.1,0.2,15
30,15,true,,0.15652428915534056,0.24041082704823324,0.11096073529913117,22,26,2.0,29.0,0.7231174919425725,0.14854966305303252,0.2758,485,2510,0.1,0.2,15
20,10,false,,0.15837162226427082,0.1991743874436306,0.06830251909889078,13,17,1.0,19.0,0.5689270932823941,0.5294492199936326,0.2758,486,2511,0.1,0.2,15
30,15,false,,0.148837477714856,0.7162822337938255,0.5646476053349937,25,27,3.0,29.0,0.8746402302526383,0.11032938919091781,0.273,486,2511,0.1,0.2,15
40,20,true,,0.16381496656446803,0.34284696332784725,0.1807355737031371,33,34,11.0,39.0,0.8933180384284485,0.08632061944364783,0.2494,486,2511,0.1,0.2,15
20,10,false,,0.10435620011010999,0.510678227723699,0.3999338982643334,15,17,3.0,19.0,0.8350202429149798,0.6831983805668016,0.2968,487,2512,0.1,0.2,15
30,15,false,,0.12453865462751836,0.16162030730327534,0.06262796106545451,17,19,1.0,29.0,0.6417335473515249,0.25585874799357944,0.3012,487,2512,0.1,0.2,15
40,20,true,,0.14870477270251117,0.22882710959894464,0.10308191317313395,23,2,1.0,38.0,0.738615664845173,0.17486338797814208,0.259,487,2512,0.1,0.2,15
20,10,false,,0.09476071949617777,0.3069288725672761,0.22641886387921795,15,16,3.0,19.0,0.7876639489542715,0.6579227224388515,0.2626,488,2513,0.1,0.2,15
30,15,true,,0.1071037412561381,0.27887457014856776,0.18213825734248526,24,25,3.0,29.0,0.7683068578070515,0.07826423866718327,0.2664,488,2513,0.1,0.2,15
20,10,false,,0.17279731439480975,0.15053779411210244,-0.011775454419482703,11,17,1.0,19.0,0.4892405063291139,0.4088607594936709,0.2924,489,2514,0.1,0.2,15
30,15,false,,0.15702476976719437,0.17902910847341372,0.04047992965688718,22,26,1.0,29.0,0.567649741562785,0.14442079659470963,0.2654,489,2514,0.1,0.2,15
40,20,false,,0.1588329896256539,0.3988747444884074,0.24333599787205404,35,37,8.0,39.0,0.7645420792079208,0.0297029702970297,0.2426,489,2514,0.1,0.2,15
50,25,false,,0.17764412463136306,0.17537031932425068,-0.006812956955643934,13,1,1.0,40.0,0.48077505298213746,0.18952467453829852,0.22,489,2514,0.1,0.2,15
60,30,true,,0.17019310150325387,0.5839589665925932,0.41406333978556864,46,58,24.0,58.0,0.9233511586452763,0.0017825311942959,0.1224,489,2514,0.1,0.2,15
20,10,true,,0.12581461552124015,0.24616772795762792,0.12788184103327271,14,16,2.0,19.0,0.7702275600505689,0.5442477876106194,0.3126,490,2515,0.1,0.2,15
20,10,true,,0.12564753353668764,0.20542183560396063,0.09402819866190579,14,16,2.0,19.0,0.7079505859993664,0.5977193538169148,0.3206,491,2516,0.1,0.2,15
20,10,false,,0.10925921480793152,0.14166086076078804,0.050648533661643486,12,16,1.0,19.0,0.5585068198133525,0.46410624551328067,0.2554,492,2517,0.1,0.2,15
30,15,false,,0.12057581150675103,0.12367409015352414,0.014092407432241522,15,2,1.0,29.0,0.5304855786783498,0.2062796641109894,0.2764,492,2517,0.1,0.2,15
40,20,false,,0.11902791343018528,0.7110037953020178,0.592818421956065,35,35,24.0,39.0,0.9075056861258529,0.0003790750568612585,0.2466,492,2517,0.1,0.2,15
50,25,true,,0.12784511995924863,0.28017493936155147,0.16105857545342306,37,47,5.0,49.0,0.8567144285238254,0.03598800399866711,0.2508,492,2517,0.1,0.2,15
20,10,false,,0.13927250619558512,0.4194871109705564,0.28501515540351213,16,16,3.0,19.0,0.8208255159474672,0.716072545340838,0.2958,493,2518,0.1,0.2,15
30,15,true,,0.161460778769988,0.4625751908399034,0.31517700451367664,24,26,6.0,29.0,0.8395500296033156,0.1409117821195974,0.2782,493,2518,0.1,0.2,15
20,10,false,,0.13956457778190043,0.1201211646848321,-0.021021357985124986,6,2,1.0,19.0,0.41966101694915253,0.29898305084745763,0.2774,494,2519,0.1,0.2,15
30,15,false,,0.1762431011486793,0.12207130008318998,-0.08769781221621514,7,4,1.0,28.0,0.33664955070603336,0.19383825417201542,0.2684,494,2519,0.1,0.2,15
40,20,true,,0.1405158423670714,0.22792303712167605,0.10437198799905108,31,36,9.0,39.0,0.7331288343558282,0.11779141104294479,0.2614,494,2519,0.1,0.2,15
20,10,false,,0.14158137444289984,0.1383769089692349,0.01066186863989041,8,1,1.0,19.0,0.5090027700831025,0.35006925207756234,0.276,495,2520,0.1,0.2,15
30,15,false,,0.15851624335020834,0.1470327080721486,-0.015525269922187404,12,1,1.0,28.0,0.47498309668695066,0.13015551048005408,0.256,495,2520,0.1,0.2,15
40,20,false,,0.336571776676982,0.1372910761920999,-0.20203434421603156,4,2,1.0,21.0,0.27069735486087254,0.11679835108210238,0.2196,495,2520,0.1,0.2,15
50,25,true,,0.15164693377664018,0.22008506940489628,0.07837905310216112,35,43,5.0,48.0,0.8160418482999128,0.062191223481546064,0.243,495,2520,0.1,0.2,15
20,10,false,,0.10328891926519101,0.36032972792218143,0.25368133823555516,15,16,2.0,19.0,0.8511263467189031,0.6950701926216128,0.3204,496,2521,0.1,0.2,15
30,15,true,,0.12512346150400266,0.48726713212472744,0.3737784872956608,24,26,2.0,29.0,0.7948544346648612,0.11543669600541638,0.284,496,2521,0.1,0.2,15
20,10,false,,0.11840206373438912,0.13588876549162848,0.025595382499996266,12,18,1.0,19.0,0.5658536585365853,0.4634146341463415,0.3088,497,2522,0.1,0.2,15
30,15,false,,0.11521153236781286,0.4986050487573097,0.3861307426563789,25,26,12.0,29.0,0.8869535519125683,0.13353825136612021,0.2692,497,2522,0.1,0.2,15
40,20,true,,0.1401106505463968,0.2614924296008716,0.13644168717472485,28,33,2.0,38.0,0.8298717165546732,0.09682345754428834,0.2642,497,2522,0.1,0.2,15
20,10,false,,0.13791474115144398,0.6185242503257697,0.4811189454383214,16,16,4.0,19.0,0.8823340814363578,0.7431869188842578,0.2854,498,2523,0.1,0.2,15
30,15,false,,0.16003227911101833,0.1781405432311806,0.03116659595951307,16,4,2.0,28.0,0.5726058539357772,0.1679454390451833,0.3014,498,2523,0.1,0.2,15
40,20,false,,0.16758936373651867,0.20808530893161603,0.05519431865005062,23,33,2.0,38.0,0.6992460206646188,0.1644791957553756,0.2422,498,2523,0.1,0.2,15
50,25,true,,0.17503511170774358,0.21979669563958976,0.08532419385652304,34,36,1.0,48.0,0.7443564936968631,0.06068601583113457,0.2288,498,2523,0.1,0.2,15
20,10,false,,0.05144730528472098,0.16076625998711766,0.1168923847390155,15,17,2.0,19.0,0.8316920322291853,0.6463742166517458,0.1748,499,2524,0.1,0.2,15
30,15,false,,0.10421571360321577,0.12872881532191263,0.033849018682124046,18,26,1.0,29.0,0.5849413545213772,0.17063942489595157,0.2966,499,2524,0.1,0.2,15
40,20,false,,0.12126133373274355,0.19262258941429394,0.0832282155234293,31,35,1.0,39.0,0.6314741035856574,0.04302788844621514,0.272,499,2524,0.1,0.2,15
50,25,true,,0.11581923290831402,0.21435799045343693,0.12872353648769996,36,46,3.0,48.0,0.7510311211098613,0.08061492313460818,0.2754,499,2524,0.1,0.2,15
20,10,true,,0.1037982836258834,0.3549613025534777,0.26050525026185056,14,15,1.0,19.0,0.775330396475771,0.6075906472382243,0.2952,500,2525,0.1,0.2,15
20,10,false,,0.12813807771274605,0.32806009742062003,0.2141628580024296,15,15,3.0,19.0,0.7581638940234134,0.707332101047443,0.303,501,2526,0.1,0.2,15
30,15,false,,0.14491602249832816,0.16844570038374976,0.04452645817183337,18,24,2.0,29.0,0.6072423398328691,0.12627669452181986,0.2976,501,2526,0.1,0.2,15
40,20,true,,0.1600559862844432,0.3259501905604137,0.1980685439230247,30,36,1.0,39.0,0.7728813559322034,0.07642526964560863,0.2594,501,2526,0.1,0.2,15
20,10,false,,0.16906054260707398,0.10770473195990864,-0.08410807752244442,8,1,1.0,19.0,0.36565721649484534,0.30992268041237114,0.2802,502,2527,0.1,0.2,15
30,15,false,,0.20518519823988815,0.11527816266199364,-0.11482082109806697,6,1,1.0,26.0,0.23005627275736512,0.1509433962264151,0.2456,502,2527,0.1,0.2,15
40,20,true,,0.1457698914492828,0.2278058182373662,0.08922163223980843,32,37,10.0,39.0,0.7294045047824745,0.06510336315951867,0.2492,502,2527,0.1,0.2,15
20,10,false,,0.1361675412772836,0.416223801970948,0.29701278161699396,15,1,1.0,19.0,0.597003457548982,0.5255474452554745,0.2458,503,2528,0.1,0.2,15
30,15,false,,0.12459321570739179,0.13128956931931549,0.02209848151331624,14,4,1.0,28.0,0.5668707702223654,0.19980663873670643,0.2884,503,2528,0.1,0.2,15
40,20,true,,0.1278682193767245,0.23742292663953318,0.12256998451584677,30,36,2.0,39.0,0.8170367915147497,0.07855485581703679,0.2658,503,2528,0.1,0.2,15
20,10,false,,0.09756262948781227,0.17214876427715525,0.07777508575567191,14,17,1.0,19.0,0.6405276658116527,0.5635764016123122,0.2744,504,2529,0.1,0.2,15
30,15,true,,0.1069322071554229,0.1832946383571717,0.08621275422272204,22,25,3.0,29.0,0.7462016574585635,0.1902624309392265,0.2948,504,2529,0.1,0.2,15
20,10,false,,0.17094564195396544,0.08896450440885137,-0.08969572900811093,6,1,1.0,19.0,0.4304801670146138,0.34488517745302716,0.211,505,2530,0.1,0.2,15
30,15,false,,0.11570817727487973,0.13521687073641397,0.027081631656492404,16,1,1.0,28.72499999999991,0.5728404099560761,0.2108345534407028,0.2834,505,2530,0.1,0.2,15
40,20,false,,0.1229415030809893,0.14106186470740725,0.03270640975280162,19,36,1.0,38.0,0.5754068716094033,0.12802893309222424,0.2644,505,2530,0.1,0.2,15
50,25,true,,0.12813542803658354,0.27109829721875345,0.16529674053643162,41,44,5.0,49.0,0.8392196434577868,0.07231752438614195,0.2506,505,2530,0.1,0.2,15
20,10,false,,0.14885878178799564,0.14395271895765785,-0.017614695877870748,10,4,1.0,19.0,0.4656068480586976,0.37266890859064505,0.3182,506,2531,0.1,0.2,15
30,15,true,,0.12852588700972364,0.42640697508898767,0.30292680062400706,24,26,3.0,29.0,0.8731535003211304,0.08542068079640334,0.2844,506,2531,0.1,0.2,15
20,10,false,,0.15965463140736919,0.17944939400578347,0.02575283798600833,9,3,1.0,18.0,0.5588581518540318,0.37080635668040024,0.3114,507,2532,0.1,0.2,15
30,15,false,,0.1761798265011149,0.14982008910453798,-0.04112564534779625,11,1,1.0,28.0,0.4131976564909035,0.17792167745914278,0.2516,507,2532,0.1,0.2,15
40,20,true,,0.16198335158218946,0.27753547632031234,0.13141596726528432,33,36,3.0,39.0,0.8101851851851852,0.06915509259259259,0.2458,507,2532,0.1,0.2,15
20,10,false,,0.0715402384537266,0.4482638039430625,0.3764057858470999,16,16,6.0,19.0,0.8552845528455284,0.7556910569105691,0.2448,508,2533,0.1,0.2,15
30,15,false,,0.06323001388695047,0.39833692627701517,0.3234213502518361,26,25,15.0,29.0,0.9222520107238605,0.05522788203753351,0.1198,508,2533,0.1,0.2,15
40,20,false,,0.19752414887791633,0.05720374906801527,-0.13981891012394793,3,1,1.0,8.0,0.10076923076923076,0.003076923076923077,0.0426,508,2533,0.1,0.2,15
50,25,false,,0.0864295631498698,0.07494750815000444,-0.014917608572142381,8,3,1.0,28.0,0.3684879288437103,0.13532401524777637,0.0492,508,2533,0.1,0.2,15
60,30,true,,0.0759126831799832,0.2067858806072573,0.1328673210805793,42,42,29.0,57.0,0.8407494145199064,0.0,0.0168,508,2533,0.1,0.2,15
20,10,false,,0.12877888778355182,0.268932894392262,0.15617816213767285,14,17,1.0,19.0,0.6699186991869919,0.5125203252032521,0.2766,509,2534,0.1,0.2,15
30,15,false,,0.1688286604989375,0.14778294161171687,-0.02295224488869225,5,1,1.0,28.0,0.4700348432055749,0.10905923344947735,0.2432,509,2534,0.1,0.2,15
40,20,false,,0.1576562238216041,0.1691095799326899,0.008923470562715669,10,2,1.0,30.0,0.5238532110091743,0.21039755351681957,0.2606,509,2534,0.1,0.2,15
50,25,true,,0.16670797665223877,0.2845578560573611,0.13637234326968176,41,46,4.0,49.0,0.8263455248290217,0.06393101397561701,0.2282,509,2534,0.1,0.2,15
20,10,false,,0.12546022222599515,0.17123636909369683,0.06551701188444832,11,1,1.0,19.0,0.6189384010484927,0.4413499344692005,0.3014,510,2535,0.1,0.2,15
30,15,true,,0.1480844361944633,0.2059912049168714,0.09530053671955306,16,7,2.0,29.0,0.7141155449672424,0.21560452650387135,0.2904,510,2535,0.1,0.2,15
20,10,false,,0.106651667822237,0.1480778851359397,0.043699120828757404,12,15,1.0,19.0,0.6269360269360269,0.48114478114478115,0.303,511,2536,0.1,0.2,15
30,15,false,,0.11949689002313317,0.17083454330829528,0.06938288094222486,19,24,2.0,29.0,0.6626826029216467,0.19754316069057104,0.3074,511,2536,0.1,0.2,15
40,20,true,,0.1334806468380717,0.29667998443150834,0.1781244949714155,32,37,7.0,39.0,0.8503267973856209,0.07581699346405228,0.2604,511,2536,0.1,0.2,15
20,10,false,,0.10491084674953967,0.13499186299938568,0.03877676093455658,12,16,1.0,19.0,0.5923714759535655,0.5150912106135986,0.2846,512,2537,0.1,0.2,15
30,15,true,,0.1153715780784314,0.2731095011447167,0.16164690729535913,23,27,5.0,29.0,0.8094620868438107,0.1970187945560596,0.3082,512,2537,0.1,0.2,15
20,10,false,,0.1496446992436696,0.4757107348347798,0.3349910950946996,15,16,2.0,19.0,0.740763358778626,0.6473282442748092,0.3104,513,2538,0.1,0.2,15
30,15,false,,0.16450482608622255,0.19888383085865818,0.06726106454207723,20,28,1.0,29.0,0.5931223371880706,0.1278149726110773,0.2754,513,2538,0.1,0.2,15
40,20,true,,0.16306729217252874,0.37721332798008017,0.24712962816706355,33,36,3.0,39.0,0.7560738581146744,0.14285714285714285,0.2184,513,2538,0.1,0.2,15
20,10,false,,0.1414105610459808,0.13850165894300298,0.011165000405465364,9,1,1.0,19.0,0.5175740868366644,0.3859407305306685,0.2858,514,2539,0.1,0.2,15
30,15,false,,0.14795546674336452,0.19457855474845281,0.06541323631013515,19,25,1.0,29.0,0.6206575682382134,0.1445409429280397,0.2896,514,2539,0.1,0.2,15
40,20,false,,0.15793075582150262,0.19374664742416794,0.046943439036382845,17,35,1.0,38.0,0.6239316239316239,0.16622458001768348,0.2718,514,2539,0.1,0.2,15
50,25,true,,0.16431425457289608,0.24870293560966836,0.09352104030530095,30,33,7.0,44.0,0.862012987012987,0.0882034632034632,0.2712,514,2539,0.1,0.2,15
20,10,true,,0.10666418524939182,0.22686422803465414,0.14042820409236723,13,15,1.0,19.0,0.7135575942915392,0.5181787291879035,0.296,515,2540,0.1,0.2,15
20,10,false,,0.1280909186988185,0.0902350744545906,-0.05253226904768266,7,2,1.0,19.0,0.3972048547260022,0.32548731151158516,0.2712,516,2541,0.1,0.2,15
30,15,false,,0.1234618924534895,0.13779410397872494,0.032457815573116694,10,4,1.0,29.0,0.5486486486486486,0.08146718146718147,0.2682,516,2541,0.1,0.2,15
40,20,true,,0.11880467046829225,0.21296395568453214,0.11479798096746785,26,35,1.0,39.0,0.7546391752577319,0.1261168384879725,0.294,516,2541,0.1,0.2,15
20,10,false,,0.13134269470776067,0.10957192998495116,-0.032482389864753075,10,13,1.0,19.0,0.41858325666973323,0.37442502299908004,0.3178,517,2542,0.1,0.2,15
30,15,true,,0.1326623319484406,0.3431703374383256,0.2178216373463798,23,26,3.0,29.0,0.7976530288614019,0.12781477957500792,0.2762,517,2542,0.1,0.2,15
20,10,false,,0.13098956610623994,0.22566480546561657,0.10888516084623287,14,16,1.7000000000000028,19.0,0.6791067604772102,0.6653410828999694,0.3008,518,2543,0.1,0.2,15
30,15,false,,0.1697888858220031,0.15776079867463755,-0.01858752713627329,14,5,1.0,29.0,0.4624294624294624,0.14998514998514997,0.2718,518,2543,0.1,0.2,15
40,20,false,,0.1685631187479931,0.5583487434114822,0.3915124294358461,35,36,11.0,39.0,0.75800933125972,0.028615863141524107,0.2336,518,2543,0.1,0.2,15
50,25,true,,0.16934433802742127,0.25054470814751206,0.09027372995313007,36,40,5.0,48.0,0.8176614881439084,0.033524121013900246,0.243,518,2543,0.1,0.2,15
20,10,false,,0.10193339645129935,0.10614819099551023,-0.0023008942376852443,8,1,1.0,18.0,0.4934579439252336,0.33158878504672895,0.2664,519,2544,0.1,0.2,15
30,15,true,,0.11729875994749245,0.23484653969298785,0.14940627659897573,20,25,2.0,29.0,0.778353856124433,0.1798444588464031,0.3048,519,2544,0.1,0.2,15
20,10,true,,0.13097989087577708,0.24949792699773332,0.13875337500786747,13,16,1.0,19.0,0.720839580209895,0.5394302848575712,0.3044,520,2545,0.1,0.2,15
20,10,true,,0.10752370736220072,0.24201893677914887,0.15743246913314957,13,16,1.0,19.0,0.7189242374549032,0.5247622171203673,0.3044,521,2546,0.1,0.2,15
20,10,false,,0.085315396967489,0.36433818136267065,0.2845401649846262,15,17,1.0,19.0,0.7796289284361985,0.6402877697841727,0.2778,522,2547,0.1,0.2,15
30,15,false,,0.11993199343852186,0.16974993373771652,0.08272772511313263,12,3,1.0,28.0,0.6863009087849209,0.21373274991585325,0.2958,522,2547,0.1,0.2,15
40,20,true,,0.1379396330158753,0.17989307982213473,0.06884390184891259,15,9,1.0,38.0,0.7216,0.17824,0.272,522,2547,0.1,0.2,15
20,10,false,,0.1460032821808493,0.6178531956843372,0.47857259477813907,16,18,1.0,19.0,0.8676130736216573,0.6833938593595246,0.2746,523,2548,0.1,0.2,15
30,15,false,,0.14926347913680899,0.15165688050892082,0.017834384876862314,14,27,1.0,29.0,0.5307244501940491,0.12904269081500647,0.242,523,2548,0.1,0.2,15
40,20,true,,0.14371059397174338,0.20939505005548706,0.0904968873382456,32,36,7.0,39.0,0.7100609756097561,0.05304878048780488,0.2688,523,2548,0.1,0.2,15
20,10,false,,0.09093024735762506,0.15920937971649501,0.07247560627538466,12,16,1.0,19.0,0.6545454545454545,0.4772727272727273,0.299,524,2549,0.1,0.2,15
30,15,true,,0.10430394078727435,0.1687352353969331,0.08436542476208996,17,26,1.0,29.0,0.7231597845601436,0.2348294434470377,0.2924,524,2549,0.1,0.2,15
20,10,false,,0.09540907432568019,0.14143707202956377,0.0547709027392881,10,15,1.0,19.0,0.6155988857938719,0.39623955431754876,0.296,525,2550,0.1,0.2,15
30,15,true,,0.12139370102001483,0.29219928523803373,0.18424975038682717,20,25,3.0,28.0,0.8491514770584538,0.23444374607165305,0.2932,525,2550,0.1,0.2,15
20,10,false,,0.14483219987692933,0.13853606287525855,0.004075101828731727,9,2,1.0,19.0,0.503731343283582,0.37723880597014925,0.263,526,2551,0.1,0.2,15
30,15,false,,0.129324079692762,0.17943449108415394,0.07650293234712553,19,27,2.0,29.0,0.6840422129836904,0.19603453789574674,0.3038,526,2551,0.1,0.2,15
40,20,true,,0.13905651827512178,0.21658158848663098,0.0890807706140383,29,33,5.0,38.0,0.7660818713450293,0.14312096029547552,0.282,526,2551,0.1,0.2,15
20,10,false,,0.09758881807364975,0.5365508464674098,0.44143307781646623,16,17,2.0,19.0,0.8613295210864903,0.6815582558970693,0.3004,527,2552,0.1,0.2,15
30,15,true,,0.1328100116270386,0.3198133064609847,0.19989933852004726,22,25,2.0,29.0,0.793038570084666,0.16149263091878333,0.304,527,2552,0.1,0.2,15
20,10,false,,0.08336123235136192,0.14263955406699494,0.06404099316203343,12,16,1.0,19.0,0.6838638858397366,0.46176362971094037,0.2784,528,2553,0.1,0.2,15
30,15,false,,0.1062800863330772,0.17163826301841437,0.10229853149400145,20,26,1.0,29.0,0.6598182536546819,0.1201106282101936,0.276,528,2553,0.1,0.2,15
40,20,false,,0.15101581059152763,0.1293873218929749,-0.017631647654417743,8,4,1.0,37.0,0.46983676366217175,0.12491128459900638,0.2622,528,2553,0.1,0.2,15
50,25,true,,0.1341650422732605,0.1956515315328947,0.09727076043412505,25,43,1.0,48.0,0.7544254908271645,0.11168329578371419,0.257,528,2553,0.1,0.2,15
20,10,true,,0.14624295876367352,0.32748449464072193,0.2109832260255921,14,16,1.0,19.0,0.7330203442879499,0.5414710485133021,0.3124,529,2554,0.1,0.2,15
20,10,false,,0.14200269681788813,0.24582442827331732,0.13451534698677425,13,16,1.0,19.0,0.6728257406817458,0.5192736540299459,0.2974,530,2555,0.1,0.2,15
30,15,false,,0.1593636413309356,0.47326885114926526,0.31893289179321443,25,26,4.0,29.0,0.7757009345794392,0.1,0.2578,530,2555,0.1,0.2,15
40,20,false,,0.17034190496693236,0.20244590239428972,0.05084034641002558,31,37,3.0,39.0,0.6527256994519758,0.1070089414479377,0.2664,530,2555,0.1,0.2,15
50,25,false,,0.19601232831637116,0.18215840374448009,-0.020297232486007427,6,2,1.0,22.0,0.45687290460225544,0.23651325815300214,0.2384,530,2555,0.1,0.2,15
60,30,false,,0.1815460991045048,0.18315460102229342,0.006208290203063321,12,2,1.0,37.0,0.5312687913409501,0.19061936259771498,0.2318,530,2555,0.1,0.2,15
20,10,true,,0.09136471642891536,0.2710676812188345,0.1887139088926308,13,15,2.0,19.0,0.8149982313406438,0.5447470817120622,0.3038,531,2556,0.1,0.2,15
20,10,false,,0.15461190365773667,0.14352952461059856,-0.017421567944782695,9,3,1.0,19.0,0.4724360948567909,0.3286110255620573,0.3048,532,2557,0.1,0.2,15
30,15,false,,0.15610291320981848,0.11469805530616042,-0.05197183770412006,9,4,1.0,28.0,0.39973351099267157,0.15622918054630247,0.284,532,2557,0.1,0.2,15
40,20,false,,0.13664479111145605,0.15290703152051074,0.024414545142192268,16,2,1.0,38.0,0.580167417900837,0.1577591757887959,0.251,532,2557,0.1,0.2,15
50,25,true,,0.14788245582256943,0.2098206851434577,0.09800380671365763,32,44,1.0,48.0,0.7592245153220762,0.060662914321450906,0.2274,532,2557,0.1,0.2,15
20,10,true,,0.09986363614966146,0.2282601969235031,0.13910028196385216,14,15,2.0,19.0,0.8077930582842174,0.5808775376555337,0.3216,533,2558,0.1,0.2,15
20,10,false,,0.16145891566898352,0.09963535457858147,-0.06681775032708555,6,3,1.0,19.0,0.3123988345742959,0.25477500809323406,0.265,534,2559,0.1,0.2,15
30,15,false,,0.13694266410204636,0.20978589142022172,0.09370195047016874,20,26,1.0,29.0,0.6504685872960777,0.1013536966331135,0.2668,534,2559,0.1,0.2,15
40,20,false,,0.1405143716052909,0.5236124950415971,0.3888348007787944,35,36,16.0,39.0,0.8927507447864945,0.014895729890764648,0.2448,534,2559,0.1,0.2,15
50,25,true,,0.15618716249665027,0.6891179757040485,0.5319912479643385,44,45,2.0,49.0,0.8934984520123839,0.03777089783281734,0.221,534,2559,0.1,0.2,15
20,10,false,,0.18693880019721845,0.0961587331194571,-0.10543135286720987,4,1,1.0,18.0,0.3536989326463011,0.19543614280456387,0.2572,535,2560,0.1,0.2,15
30,15,false,,0.13485206716663226,0.18354466369316313,0.07717709579307526,21,26,1.0,29.0,0.6920415224913494,0.14721610569361435,0.2752,535,2560,0.1,0.2,15
40,20,false,,0.14542385297551877,0.6284568367738913,0.48586907863189177,35,35,2.0,39.0,0.9080834419817471,0.05867014341590613,0.2524,535,2560,0.1,0.2,15
50,25,true,,0.16056070595834135,0.47916098462490453,0.3237867343037871,44,47,31.0,49.0,0.9703217744454858,0.0,0.2084,535,2560,0.1,0.2,15
20,10,false,,0.09094346553414331,0.16292091043020185,0.08309611273817888,13,17,2.0,19.0,0.6822766570605188,0.5461095100864554,0.2942,536,2561,0.1,0.2,15
30,15,true,,0.1101020651539198,0.4646533377288773,0.3496314361876344,24,26,2.0,29.0,0.8072546230440967,0.09352773826458037,0.2854,536,2561,0.1,0.2,15
20,10,false,,0.2852591545355263,0.06576288318355421,-0.22315850965637454,4,2,1.0,17.0,0.14824399260628465,0.1434380776340111,0.2302,537,2562,0.1,0.2,15
30,15,false,,0.12456574800130685,0.12844046560435754,0.012129096779983167,14,5,1.0,29.0,0.5364689843217451,0.21881390593047034,0.2934,537,2562,0.1,0.2,15
40,20,false,,0.12505598770413368,0.16471558105739167,0.05987609043097631,21,32,2.0,39.0,0.6941683233929755,0.16500994035785288,0.268,537,2562,0.1,0.2,15
50,25,true,,0.13790855966449134,0.32047381777833667,0.18465484902585086,39,46,5.0,48.0,0.8977378370003098,0.025100712736287573,0.2668,537,2562,0.1,0.2,15
20,10,false,,0.12145696711610712,0.17724708315847826,0.06839727781683118,13,16,1.0,19.0,0.6657355679702048,0.5310366232153941,0.3182,538,2563,0.1,0.2,15
30,15,false,,0.14692959648683043,0.19383807898691408,0.06578416391111716,20,25,2.0,29.0,0.6363364262196947,0.1855731816821311,0.2664,538,2563,0.1,0.2,15
40,20,false,,0.15975717230002626,0.1951242450731134,0.08191412060073376,25,36,1.0,39.0,0.656278926257328,0.09750077136686208,0.2466,538,2563,0.1,0.2,15
50,25,true,,0.1639087533168073,0.5530846487433788,0.39155981758025105,44,45,27.0,49.0,0.8429189857761287,0.006184291898577613,0.21,538,2563,0.1,0.2,15
20,10,true,,0.08921913615730089,0.31343840119804056,0.22136237611979037,14,15,3.0,19.0,0.8737530099759202,0.6002751977984176,0.3082,539,2564,0.1,0.2,15
20,10,false,,0.12025009549953886,0.11237255545258397,-0.004004942421008212,11,16,1.0,19.0,0.4884393063583815,0.4531149646756583,0.2738,540,2565,0.1,0.2,15
30,15,false,,0.13203937536045632,0.436739581295071,0.3246479941513796,25,25,5.0,29.0,0.8324149108589951,0.11507293354943274,0.2628,540,2565,0.1,0.2,15
40,20,true,,0.15144724618736644,0.2067984398028889,0.08773517755506899,24,35,2.0,38.0,0.7265056735525167,0.1245272039569392,0.2734,540,2565,0.1,0.2,15
20,10,false,,0.048627154838650016,0.3631340881595462,0.288399775236803,15,16,2.0,19.0,0.8186889818688982,0.6573686657368666,0.162,541,2566,0.1,0.2,15
30,15,false,,0.13112118689489585,0.14707089404627402,0.029871396775472514,10,1,1.0,28.0,0.5425696594427245,0.1153250773993808,0.254,541,2566,0.1,0.2,15
40,20,true,,0.1222684050098389,0.17981278951888827,0.07868688983654823,21,37,2.0,39.0,0.7008928571428571,0.15453296703296704,0.287,541,2566,0.1,0.2,15
20,10,false,,0.1917059781694609,0.10716241535298011,-0.09843699271762994,5,2,1.0,18.0,0.2844767844767845,0.21413721413721415,0.2762,542,2567,0.1,0.2,15
30,15,true,,0.14241217591749245,0.2131160470140745,0.09509959171674848,20,25,3.0,29.0,0.7464746474647465,0.24662466246624662,0.294,542,2567,0.1,0.2,15
20,10,false,,0.2655235501612978,0.07638504102644993,-0.19507929014493997,3,1,1.0,18.0,0.2441860465116279,0.1573643410852713,0.2632,543,2568,0.1,0.2,15
30,15,true,,0.13163346348313398,0.2651398795128676,0.1510937810456232,20,24,1.0,29.0,0.7615062761506276,0.2140328290955906,0.2988,543,2568,0.1,0.2,15
20,10,false,,0.23819602247958688,0.11387090743644272,-0.14295107749921424,5,1,1.0,18.0,0.30876358695652173,0.19972826086956522,0.2836,544,2569,0.1,0.2,15
30,15,true,,0.12518508621661967,0.20569825165049102,0.10111529842050582,18,26,1.0,29.0,0.7529152221872045,0.18058619602899464,0.3024,544,2569,0.1,0.2,15
20,10,false,,0.10212781255537262,0.1151577747004045,0.02542783797672514,9,1,1.0,19.0,0.5590265165274246,0.3741373047584453,0.2902,545,2570,0.1,0.2,15
30,15,true,,0.11033081856265042,0.17583536940638678,0.08457389701185669,17,24,1.0,29.0,0.7470750172057812,0.19580178940123882,0.291,545,2570,0.1,0.2,15
20,10,false,,0.14417481154943532,0.18290661328472202,0.04555196218168282,12,16,1.0,19.0,0.5835812016656752,0.4785841760856633,0.3306,546,2571,0.1,0.2,15
30,15,false,,0.17995104295158582,0.15164633046984152,-0.040094476614279645,9,2,1.0,29.0,0.4281793229643184,0.16468435498627632,0.2686,546,2571,0.1,0.2,15
40,20,false,,0.16047160074753122,0.19212797610909274,0.05218131405260862,14,1,1.0,36.0,0.6576912059581782,0.23574906903466056,0.281,546,2571,0.1,0.2,15
50,25,false,,0.17077015744658558,0.192137220514422,0.029336543332545734,10,2,1.0,42.0,0.5954887218045113,0.13233082706766916,0.2324,546,2571,0.1,0.2,15
60,30,false,,0.1769077205819383,0.2267612336001026,0.05419877193714842,47,54,27.0,59.0,0.6785313901345291,0.0008408071748878924,0.215,546,2571,0.1,0.2,15
20,10,false,,0.2113137902529233,0.10825631660611089,-0.12472240586674908,4,1,1.0,18.47499999999991,0.25968728755948334,0.17029231815091775,0.2578,547,2572,0.1,0.2,15
30,15,false,,0.13313849715446957,0.1866870009702704,0.0767063625253758,21,25,2.0,29.0,0.6773162939297125,0.15431309904153354,0.2998,547,2572,0.1,0.2,15
40,20,false,,0.15647112979758082,0.19871564799934088,0.07745454202049085,22,3,1.0,39.0,0.684931506849315,0.09464508094645081,0.2532,547,2572,0.1,0.2,15
50,25,true,,0.1564639883824983,0.21730364632318439,0.0817484616359006,26,26,3.0,48.0,0.8405428329092451,0.13061916878710772,0.2564,547,2572,0.1,0.2,15
20,10,false,,0.13809045897009462,0.11618694555709728,-0.0290357714198521,6,1,1.0,19.0,0.4501054111033029,0.21257905832747717,0.2794,548,2573,0.1,0.2,15
30,15,true,,0.12799974981299278,0.2454739020282954,0.1353505967177281,20,26,3.0,29.0,0.7706907280647168,0.2492221530802738,0.2968,548,2573,0.1,0.2,15
20,10,false,,0.09663535246247718,0.5412799343605955,0.46315628758167904,15,16,1.0,19.0,0.7241379310344828,0.5409714497589915,0.2624,549,2574,0.1,0.2,15
30,15,false,,0.10983332843335122,0.1563980533439208,0.06141449501958085,20,26,1.0,29.0,0.6097094801223242,0.12767584097859327,0.2542,549,2574,0.1,0.2,15
40,20,true,,0.11553697082942088,0.5907470553563241,0.47188271421663325,34,38,6.0,39.0,0.899803536345776,0.08330058939096267,0.2312,549,2574,0.1,0.2,15
20,10,false,,0.07193521692359539,0.0694024179464915,-0.001461914439200629,9,6,1.0,19.0,0.49279538904899134,0.3211198023878139,0.2112,550,2575,0.1,0.2,15
30,15,false,,0.08623988465560652,0.06745181939426032,-0.03036119105887801,15,2,1.0,27.125,0.4160839160839161,0.16375291375291376,0.0758,550,2575,0.1,0.2,15
40,20,false,,0.06688473215016366,0.12763185833186308,0.07197506834538864,28,1,1.0,38.0,0.6141078838174274,0.022821576763485476,0.0474,550,2575,0.1,0.2,15
50,25,false,,0.7690441200473054,0.0540387297550602,-0.7177114450347295,1,1,1.0,3.0,0.0,0.0,0.0198,550,2575,0.1,0.2,15
60,30,true,,0.06659320751694803,0.21001216621131566,0.1443351263645002,52,47,42.0,58.0,0.8773281952472703,0.0,0.0258,550,2575,0.1,0.2,15
20,10,false,,0.11369187623856374,0.14620152564025457,0.044294702642023245,13,16,1.0,19.0,0.5883333333333334,0.517,0.2786,551,2576,0.1,0.2,15
30,15,true,,0.11833787321984603,0.22116940737703103,0.11887585736726927,20,25,2.0,28.0,0.7800978792822186,0.21924959216965742,0.2964,551,2576,0.1,0.2,15
20,10,true,,0.0975447124052452,0.21040029148115633,0.12169993224169855,13,16,1.0,19.0,0.7241613012538123,0.5570992883768214,0.295,552,2577,0.1,0.2,15
20,10,false,,0.11170196191407009,0.14620061351071428,0.054150133990385804,11,16,1.0,19.0,0.6028131279303416,0.4320160750167448,0.3078,553,2578,0.1,0.2,15
30,15,true,,0.11675934605249468,0.21597346448237337,0.11222631682691385,21,25,2.0,29.0,0.7083189506385916,0.2540559199171557,0.2876,553,2578,0.1,0.2,15
20,10,true,,0.08298007268193713,0.31533155130104673,0.24929765333827664,14,16,3.0,19.0,0.8159311087190527,0.6677430929314675,0.2926,554,2579,0.1,0.2,15
20,10,false,,0.15036877419138467,0.26468245520450906,0.13830981605966647,14,16,1.0,19.0,0.6877001921844971,0.5163356822549647,0.283,555,2580,0.1,0.2,15
30,15,true,,0.16840668202741202,0.3175758954237636,0.15796193059799843,24,24,4.0,29.0,0.752678830002896,0.14538082826527657,0.27,555,2580,0.1,0.2,15
20,10,true,,0.11930943620818894,0.31320920704322525,0.21515727663320094,13,16,1.0,19.0,0.760664278736568,0.5379355258873331,0.3132,556,2581,0.1,0.2,15
20,10,true,,0.11025829251386067,0.21611544775388622,0.12191810965363283,14,16,2.0,19.0,0.7255798758575629,0.6037242731133616,0.3052,557,2582,0.1,0.2,15
20,10,false,,0.09835526614546163,0.13115150108818016,0.03734805898486916,9,1,1.0,19.0,0.5852148579752368,0.3313911143481428,0.2758,558,2583,0.1,0.2,15
30,15,true,,0.1265213396857006,0.2020578768967819,0.0940710438452809,20,25,1.0,28.0,0.7204132748904195,0.17063243581715717,0.3008,558,2583,0.1,0.2,15
20,10,false,,0.11074834659784473,0.28233451518133557,0.18548626701631737,13,15,1.0,19.0,0.6948865560447003,0.5231967490687437,0.309,559,2584,0.1,0.2,15
30,15,false,,0.1299328704923906,0.18173062670216578,0.08805902387326017,14,3,2.0,28.0,0.6931890515595163,0.18777848504137493,0.303,559,2584,0.1,0.2,15
40,20,true,,0.14893857610191394,0.3463079230888131,0.19787680966739193,32,34,15.0,39.0,0.8761875574624579,0.030953110634385536,0.246,559,2584,0.1,0.2,15
20,10,false,,0.1293527268035192,0.13928739798299966,0.013424350522994288,8,1,1.0,18.0,0.523419587291189,0.29937766131673765,0.2932,560,2585,0.1,0.2,15
30,15,true,,0.1348614847476806,0.17908761255047112,0.060676495092004235,15,7,2.0,29.0,0.7077583563324134,0.20699172033118676,0.2988,560,2585,0.1,0.2,15
20,10,true,,0.09120312216436295,0.3254527762275851,0.23587313746004737,14,16,2.0,19.0,0.8025736539112767,0.6352861496782932,0.3076,561,2586,0.1,0.2,15
20,10,false,,0.11025005867021333,0.12876888408338538,0.028002957141909895,12,16,1.0,19.0,0.5569536423841059,0.4466887417218543,0.2802,562,2587,0.1,0.2,15
30,15,false,,0.12977063986288792,0.1342822926542558,0.022118654405210714,15,2,1.0,29.0,0.5191650853889943,0.08614800759013283,0.2578,562,2587,0.1,0.2,15
40,20,true,,0.12572393582492017,0.2394218890468588,0.14370213965278017,26,37,2.0,39.0,0.8223618921601058,0.10320873304664241,0.2828,562,2587,0.1,0.2,15
20,10,false,,0.13484368111836065,0.18314185112046408,0.06486660126702118,11,2,1.0,19.0,0.6151090849886031,0.4148485835232823,0.3012,563,2588,0.1,0.2,15
30,15,true,,0.136555160267729,0.38951560483710496,0.26313198192798876,24,26,11.0,29.0,0.8349575605155611,0.155297076391072,0.278,563,2588,0.1,0.2,15
20,10,false,,0.10726055939986859,0.17861178672718497,0.08215221633204137,13,15,1.0,19.0,0.6773774748458293,0.5472249269717624,0.3034,564,2589,0.1,0.2,15
30,15,true,,0.130329317798614,0.2845087129479813,0.1661407610796073,23,26,3.0,29.0,0.8058035714285714,0.16167091836734693,0.2742,564,2589,0.1,0.2,15
20,10,false,,0.11814905323319204,0.5376392150448382,0.4306550367761769,15,16,3.0,19.0,0.9298073783872021,0.7202089454782893,0.307,565,2590,0.1,0.2,15
30,15,false,,0.15864673172461355,0.22341151620427474,0.07861801696092491,20,1,1.0,29.0,0.5867986798679868,0.07821782178217822,0.2618,565,2590,0.1,0.2,15
40,20,true,,0.1491834318635274,0.23617752103407325,0.11780733711490758,29,35,2.0,39.0,0.793708408953418,0.117664851784634,0.2718,565,2590,0.1,0.2,15
20,10,true,,0.11386369343571237,0.21780896621795903,0.12688805078031523,11,16,1.0,19.0,0.717680608365019,0.45278833967046894,0.3094,566,2591,0.1,0.2,15
20,10,false,,0.15479200631149412,0.16077813435097663,0.007652356095964416,13,16,1.0,19.0,0.5072598084646277,0.4810009267840593,0.3112,567,2592,0.1,0.2,15
30,15,true,,0.15129691100643336,0.38144946005548663,0.23330953809704727,24,27,3.0,29.0,0.8163571000599161,0.11983223487118035,0.2896,567,2592,0.1,0.2,15
20,10,false,,0.1393385504292106,0.23472769464511084,0.128483774216833,12,1,1.0,19.0,0.6222067039106145,0.464036312849162,0.2714,568,2593,0.1,0.2,15
30,15,true,,0.13641094095543493,0.24953685010855037,0.1433447188549555,21,27,1.0,29.0,0.7040101845957989,0.11839592616168046,0.273,568,2593,0.1,0.2,15
20,10,false,,0.1153088048464895,0.5575498519238574,0.4402073404707399,15,16,3.0,19.0,0.8748768472906404,0.6916256157635468,0.303,569,2594,0.1,0.2,15
30,15,false,,0.1427612018716666,0.16606795490530116,0.029045992890773753,17,3,2.0,29.0,0.564935064935065,0.19047619047619047,0.2934,569,2594,0.1,0.2,15
40,20,false,,0.14236948870941252,0.1775056454342496,0.05028624054684275,19,3,2.0,37.0,0.6478405315614618,0.19480519480519481,0.2702,569,2594,0.1,0.2,15
50,25,false,,0.1503580479280296,0.18676758718108846,0.056085991264600454,19,1,1.0,47.0,0.690793458509994,0.1910963052695336,0.2204,569,2594,0.1,0.2,15
60,30,false,,0.5362925627879679,0.15537222690395028,-0.3740061453099238,3,1,1.0,15.0,0.19545694664553617,0.05969360802958267,0.0834,569,2594,0.1,0.2,15
20,10,false,,0.1341383455223021,0.11569565673892224,-0.020799818833973874,9,3,1.0,19.0,0.45040387722132474,0.3260096930533118,0.2862,570,2595,0.1,0.2,15
30,15,true,,0.1349116048286222,0.3774633791558569,0.24255177432723474,23,26,5.0,29.0,0.8385354141656662,0.19717887154861946,0.297,570,2595,0.1,0.2,15
20,10,false,,0.07335593425467107,0.3381360406341972,0.272688857044015,15,18,2.0,19.0,0.8220981252493019,0.6142800159553251,0.275,571,2596,0.1,0.2,15
30,15,true,,0.10189076695161806,0.31582173266092456,0.2259616529756007,20,26,1.0,29.0,0.7229832572298326,0.1202435312024353,0.2792,571,2596,0.1,0.2,15
20,10,true,,0.08839320050185055,0.40739166698352364,0.32106115974738025,14,15,2.0,19.0,0.8452907174430466,0.6518191091465488,0.2948,572,2597,0.1,0.2,15
20,10,true,,0.09834026433385111,0.21988295625874849,0.12708124668930798,13,17,1.0,19.0,0.7436600411240576,0.5078821110349554,0.3022,573,2598,0.1,0.2,15
20,10,false,,0.1429736634254263,0.13585973819821165,-0.0068252235118663185,10,1,1.0,19.0,0.4895833333333333,0.40234375,0.2696,574,2599,0.1,0.2,15
30,15,false,,0.14833451215779134,0.5604599244203846,0.42140327769758323,25,26,5.0,29.0,0.8247782002534855,0.08365019011406843,0.242,574,2599,0.1,0.2,15
40,20,true,,0.16498663310674994,0.3926555304698249,0.25025480203349215,31,34,12.0,39.0,0.8750731421884143,0.15593914569923933,0.278,574,2599,0.1,0.2,15
20,10,false,,0.11448125692553887,0.5004687760762319,0.39417913817894695,15,15,3.0,19.0,0.8651326302333013,0.7152444870565676,0.3064,575,2600,0.1,0.2,15
30,15,true,,0.13202239320118275,0.21025418504810806,0.104975671409572,18,26,2.0,28.0,0.7028676021964613,0.2190359975594875,0.3006,575,2600,0.1,0.2,15
20,10,false,,0.15739141254271133,0.10452482554765537,-0.0687835837789173,8,3,1.0,19.0,0.332289383025368,0.3200751644221735,0.3,576,2601,0.1,0.2,15
30,15,false,,0.16131109073559383,0.128002989463902,-0.048405612319924005,11,1,1.0,28.0,0.4544112218530823,0.10963455149501661,0.2478,576,2601,0.1,0.2,15
40,20,false,,0.34475325659116546,0.12446786850949283,-0.21997935590938636,4,1,1.0,27.0,0.1956124314442413,0.1053016453382084,0.1958,576,2601,0.1,0.2,15
50,25,true,,0.1462713739386558,0.3091647706735247,0.1808832339948633,40,45,1.0,49.0,0.8190383365821963,0.05263157894736842,0.209,576,2601,0.1,0.2,15
20,10,false,,0.15179977965710778,0.12254057517586471,-0.0354349392552929,6,1,1.0,18.0,0.40116655865197665,0.22618276085547634,0.3018,577,2602,0.1,0.2,15
30,15,false,,0.13957921049505104,0.21465354960843355,0.09659219084060403,22,25,2.0,29.0,0.688579218418661,0.15268100575583157,0.2938,577,2602,0.1,0.2,15
40,20,true,,0.15104266632918897,0.2555679552672178,0.14294393497355837,30,36,1.0,39.0,0.7048062015503876,0.027286821705426356,0.2524,577,2602,0.1,0.2,15
20,10,false,,0.08114752165681326,0.2704830622800549,0.19544606079327237,15,16,1.0,19.0,0.7899096385542169,0.6155873493975904,0.2898,578,2603,0.1,0.2,15
30,15,false,,0.12145400766651236,0.14088792628240102,0.025264248520135826,14,2,1.0,29.0,0.546515870120394,0.18241517694272164,0.287,578,2603,0.1,0.2,15
40,20,true,,0.12052846649866737,0.29141213685352063,0.18208570563963727,32,34,5.0,39.0,0.8339100346020761,0.0754325259515571,0.2564,578,2603,0.1,0.2,15
20,10,false,,0.08326827969872272,0.22115341569112884,0.14530550565950578,14,1,1.0,19.0,0.6464912280701754,0.5219298245614035,0.1922,579,2604,0.1,0.2,15
30,15,true,,0.10457759025733507,0.22246674512917916,0.12357250502606104,23,23,3.0,29.0,0.7064821558630736,0.14311726147123088,0.2886,579,2604,0.1,0.2,15
20,10,false,,0.12530445552605352,0.14846425775270472,0.025448592405425255,11,15,1.0,19.0,0.5562977099236641,0.42907124681933845,0.3174,580,2605,0.1,0.2,15
30,15,true,,0.15135832498589794,0.4266300733348119,0.28225090240448625,24,26,7.0,29.0,0.8282152629978717,0.12617816965643053,0.2974,580,2605,0.1,0.2,15
20,10,false,,0.29516877496808985,0.09928480529068485,-0.20788041234753846,4,1,1.0,18.0,0.24587958291288262,0.14598049108644467,0.2456,581,2606,0.1,0.2,15
30,15,true,,0.12592760213480977,0.45138874431097814,0.33584183712273297,24,26,4.0,29.0,0.8074471653807447,0.09258638040925864,0.2786,581,2606,0.1,0.2,15
20,10,false,,0.09364635736474558,0.15759755321809468,0.07620674089183516,14,16,2.0,19.0,0.6678609817269796,0.522393407380867,0.2908,582,2607,0.1,0.2,15
30,15,true,,0.1228870059114029,0.2192127453641887,0.11229177997378592,20,21,4.0,29.0,0.7409773235388055,0.23379112104758862,0.2946,582,2607,0.1,0.2,15
20,10,false,,0.14622399275435993,0.16387943471735367,0.02421461067969738,13,16,1.0,19.0,0.561965811965812,0.5238095238095238,0.31,583,2608,0.1,0.2,15
30,15,false,,0.13913897913698076,0.6957857272799891,0.5600235932937319,25,26,2.0,29.0,0.9180327868852459,0.05191256830601093,0.2458,583,2608,0.1,0.2,15
40,20,true,,0.1513747500394093,0.2648700999427083,0.13619155311181388,32,36,4.525000000000006,39.0,0.7908438061041293,0.0831837223219629,0.2542,583,2608,0.1,0.2,15
20,10,false,,0.08736133165398448,0.11944792541776533,0.03556459503395383,11,14,1.0,19.0,0.5871036693979338,0.42358389739935876,0.3076,584,2609,0.1,0.2,15
30,15,true,,0.11128984461386167,0.25883880957617783,0.17272364384950212,20,25,2.0,29.0,0.8682894298099366,0.17439146382127377,0.3072,584,2609,0.1,0.2,15
20,10,false,,0.08479883134804334,0.3632433652734058,0.2829267626086592,15,16,3.0,19.0,0.8317091454272864,0.717016491754123,0.2786,585,2610,0.1,0.2,15
30,15,true,,0.11359547251926613,0.31483357916701205,0.2162432630582965,22,25,2.0,29.0,0.8255977496483825,0.11392405063291139,0.297,585,2610,0.1,0.2,15
20,10,false,,0.14161304399306937,0.11170316656590414,-0.03646823469743306,11,1,1.0,19.0,0.42131263232180666,0.44213126323218066,0.2618,586,2611,0.1,0.2,15
30,15,true,,0.13816556414092482,0.22946060118512293,0.12050912854016776,20,25,2.0,29.0,0.725466218281871,0.16508712931825129,0.2794,586,2611,0.1,0.2,15
20,10,false,,0.10526651644026307,0.15591849638183142,0.06686741637743163,12,16,1.0,19.0,0.6418199419167473,0.47305582445950306,0.3078,587,2612,0.1,0.2,15
30,15,false,,0.14307738461342095,0.159494482068455,0.02813608688446881,15,4,1.0,28.0,0.5864332603938731,0.18161925601750548,0.301,587,2612,0.1,0.2,15
40,20,false,,0.17010969308082385,0.16753576369963843,0.0054277677480750325,7,1,1.0,37.0,0.5080375083724046,0.1071667782987274,0.2178,587,2612,0.1,0.2,15
50,25,true,,0.16690350954939026,0.2871076714161459,0.12426923575654084,40,46,21.0,49.0,0.8085411292633993,0.004872456291200917,0.2494,587,2612,0.1,0.2,15
20,10,false,,0.09706192024680013,0.4983188574086225,0.4075842595338656,15,16,2.0,19.0,0.8350035790980673,0.6528274874731568,0.2786,588,2613,0.1,0.2,15
30,15,false,,0.1275937658232637,0.15966402334861085,0.046984949208887336,17,24,1.0,29.0,0.6006036217303823,0.21663313212608987,0.288,588,2613,0.1,0.2,15
40,20,false,,0.13885337799582592,0.17225702602709833,0.04456330481880666,24,31,2.0,38.0,0.6545893719806763,0.17995169082125603,0.2714,588,2613,0.1,0.2,15
50,25,true,,0.1540906686983839,0.2499920873204047,0.10534326364635442,43,45,15.0,49.0,0.7003642987249544,0.027625986642380085,0.2374,588,2613,0.1,0.2,15
20,10,false,,0.0927287848008138,0.15730170987276626,0.08485962930419337,12,16,1.0,19.0,0.658465991316932,0.4381331403762663,0.2906,589,2614,0.1,0.2,15
30,15,true,,0.11043488013890179,0.18564745729845888,0.0941569405056645,16,16,3.0,28.0,0.7904974489795918,0.3227040816326531,0.3028,589,2614,0.1,0.2,15
20,10,false,,0.12137843423664549,0.13562897077016717,0.03090670729395839,11,1,1.0,19.0,0.5429864253393665,0.42151061608075185,0.2932,590,2615,0.1,0.2,15
30,15,false,,0.12464854349259673,0.17864588988710842,0.0593262794455955,16,23,1.0,28.0,0.6303706133158412,0.22958346999016072,0.293,590,2615,0.1,0.2,15
40,20,true,,0.13971761800006785,0.3095632348434527,0.17851893470754782,31,35,4.0,39.0,0.8640226628895185,0.05004721435316336,0.2672,590,2615,0.1,0.2,15
20,10,true,,0.1016514083802965,0.24376173991576106,0.15407789183640147,14,16,1.0,19.0,0.710617626648161,0.5451075641915336,0.2934,591,2616,0.1,0.2,15
20,10,false,,0.11567770094383795,0.22238959799396113,0.12742829982011294,13,17,2.0,19.0,0.6878408726339429,0.5511709977542509,0.318,592,2617,0.1,0.2,15
30,15,true,,0.12901663662252189,0.313093005235034,0.19621964865980193,23,25,1.0,29.0,0.7069020866773675,0.1402889245585875,0.2738,592,2617,0.1,0.2,15
20,10,false,,0.09407597142711564,0.1348538807477692,0.0551101947507055,9,4,1.0,19.0,0.6548364648573417,0.36778009742519135,0.305,593,2618,0.1,0.2,15
30,15,false,,0.10522028855983677,0.1018522178811509,-0.005866511189888748,15,26,1.0,29.0,0.48582995951417,0.1534412955465587,0.2182,593,2618,0.1,0.2,15
40,20,true,,0.09140468588848451,0.24541274651204179,0.1544084837999538,29,36,3.0,39.0,0.7595704948646125,0.0896358543417367,0.161,593,2618,0.1,0.2,15
20,10,false,,0.13803543719003464,0.13526324747708168,-0.013142703100231162,8,6,1.0,18.0,0.4714760036220948,0.25083006338665864,0.319,594,2619,0.1,0.2,15
30,15,false,,0.14708916554361687,0.1927265151571156,0.07064012575587655,19,26,2.0,29.0,0.6423976608187134,0.20994152046783626,0.3,594,2619,0.1,0.2,15
40,20,true,,0.16418337378523384,0.26476759051690846,0.13358947413243666,29,36,1.0,39.0,0.7992820819623093,0.08136404427161233,0.2522,594,2619,0.1,0.2,15
20,10,true,,0.08909958780734831,0.19502438209313788,0.11174751479361306,13,16,2.0,19.0,0.7651861528412802,0.5672762900065317,0.3178,595,2620,0.1,0.2,15
20,10,true,,0.1131930297177773,0.21660100178557734,0.12902762415310765,14,16,2.0,19.0,0.7010145846544071,0.5310716550412174,0.3272,596,2621,0.1,0.2,15
20,10,false,,0.15905375587634402,0.14358519668682646,-0.024982665088147143,9,16,1.0,19.0,0.45983631403455594,0.3591997575022734,0.3046,597,2622,0.1,0.2,15
30,15,false,,0.16739638587058314,0.14396504038504437,-0.030316856512216966,9,2,1.0,28.0,0.43664219597829557,0.16533673795084583,0.2674,597,2622,0.1,0.2,15
40,20,true,,0.16430832311045931,0.34759158811153357,0.19504346262454383,33,35,2.0,39.0,0.8021912940479716,0.053597867930115485,0.2178,597,2622,0.1,0.2,15
20,10,false,,0.13495600639257735,0.13712811243824344,0.00020853198418888108,10,1,1.0,19.0,0.5011301259283177,0.3861801743622861,0.2916,598,2623,0.1,0.2,15
30,15,false,,0.15000135883991164,0.18880524705412705,0.060851958612301416,14,1,1.0,28.0,0.6565625947256745,0.18793573810245529,0.2902,598,2623,0.1,0.2,15
40,20,false,,0.16386250307223152,0.42768136480191354,0.26451593850013966,35,36,16.0,39.0,0.9010759115361626,0.03586371787208607,0.2458,598,2623,0.1,0.2,15
50,25,true,,0.16718112023212653,0.22917648730908416,0.07427469423972477,29,45,2.0,48.0,0.7540938107132945,0.08603941160144324,0.2636,598,2623,0.1,0.2,15
20,10,false,,0.12153163365274527,0.122012424070883,0.006671274551813586,11,14,1.0,19.0,0.5083853995396251,0.3965800723446235,0.2986,599,2624,0.1,0.2,15
30,15,true,,0.12044925067861023,0.27534778161628953,0.17066718310306625,24,25,7.0,29.0,0.7955985328442814,0.14104701567189062,0.2812,599,2624,0.1,0.2,15
20,10,false,,0.09478832406087291,0.15603436060394454,0.08070028890684589,13,15,1.0,19.0,0.658621895767751,0.5085694298705841,0.2922,600,2625,0.1,0.2,15
30,15,false,,0.10166202764840462,0.4355323925593178,0.3313241322273678,25,26,8.0,29.0,0.8418482344102178,0.04921111945905334,0.2744,600,2625,0.1,0.2,15
40,20,true,,0.11537418606930282,0.1645862915241901,0.05945512021696034,22,23,5.0,38.0,0.7257123240645382,0.20013731548232064,0.2992,600,2625,0.1,0.2,15
20,10,true,,0.07826158243163332,0.18279095847837343,0.11278634800582368,13,16,1.0,19.0,0.7002245508982036,0.5572604790419161,0.2904,601,2626,0.1,0.2,15
20,10,false,,0.41707933731295166,0.14585602664214917,-0.27590516444636565,3,2,1.0,18.0,0.18440634098997088,0.19767065674538983,0.2684,602,2627,0.1,0.2,15
30,15,false,,0.18132035467927526,0.18599431286185086,0.01154564043847292,15,2,1.0,29.0,0.5224883177570093,0.24912383177570094,0.276,602,2627,0.1,0.2,15
40,20,true,,0.18015903007774425,0.2749358066356072,0.12186378859958666,32,34,3.0,39.0,0.796962879640045,0.07002249718785152,0.2416,602,2627,0.1,0.2,15
20,10,false,,0.08927963876363929,0.15495837457987974,0.07382311082664614,12,15,1.0,19.0,0.6129622848773343,0.46942511900402784,0.2792,603,2628,0.1,0.2,15
30,15,false,,0.1643012330168565,0.10831392171214825,-0.07512340881105431,5,1,1.0,28.0,0.3845534995977474,0.09573612228479485,0.2532,603,2628,0.1,0.2,15
40,20,false,,0.12729653677310337,0.16942791416368017,0.052672422489507806,18,26,2.0,38.0,0.6546717171717171,0.19381313131313133,0.289,603,2628,0.1,0.2,15
50,25,true,,0.14022469224577533,0.22318140292429037,0.09778222327038416,38,45,9.0,48.0,0.7589341692789968,0.056739811912225706,0.2392,603,2628,0.1,0.2,15
20,10,false,,0.12442113084987866,0.19745038820732785,0.08857022653951044,13,16,2.0,19.0,0.6741537488136665,0.5681746282821892,0.3176,604,2629,0.1,0.2,15
30,15,false,,0.14206463546335665,0.21514050086112974,0.09433568956488261,19,25,1.0,29.0,0.676801459410155,0.23076923076923078,0.2976,604,2629,0.1,0.2,15
40,20,true,,0.15496319625179952,0.2315812350167481,0.10497715150462213,26,31,3.0,38.0,0.8015963511972634,0.14538198403648803,0.2834,604,2629,0.1,0.2,15
20,10,false,,0.11229636728451929,0.1378955176823705,0.03837042171021865,11,17,1.0,19.0,0.600728959575878,0.4383697813121272,0.3012,605,2630,0.1,0.2,15
30,15,false,,0.19090837938391597,0.12350727701832986,-0.07063708381489833,6,1,1.0,21.0,0.3604806408544726,0.12383177570093458,0.2866,605,2630,0.1,0.2,15
40,20,true,,0.14176710116791102,0.3563902646350589,0.22906758240426228,32,35,3.0,39.0,0.8154574132492114,0.09905362776025237,0.2578,605,2630,0.1,0.2,15
20,10,false,,0.18387378558944337,0.11930944425842338,-0.09303019119225697,5,1,1.0,19.0,0.35856573705179284,0.25063382832307135,0.2142,606,2631,0.1,0.2,15
30,15,true,,0.12657196274634114,0.3353181997598692,0.21101465776628694,24,26,2.0,29.0,0.8087127415656731,0.10153946937438585,0.289,606,2631,0.1,0.2,15
20,10,false,,0.14306651739522297,0.22652718785444545,0.11242787050975257,12,15,1.0,19.0,0.6372019077901431,0.4785373608903021,0.3046,607,2632,0.1,0.2,15
30,15,false,,0.15606078606612017,0.15232873434162889,0.0028098060260989544,7,1,1.0,28.0,0.5061976549413736,0.13668341708542714,0.2634,607,2632,0.1,0.2,15
40,20,false,,0.1558882395233152,0.18869569913533898,0.04758355626627786,17,34,2.0,38.0,0.6559953434225844,0.1408614668218859,0.2688,607,2632,0.1,0.2,15
50,25,true,,0.16975011522798064,0.29535410659181227,0.13982645961638412,38,45,2.2249999999999943,49.0,0.8005665722379603,0.0339943342776204,0.2536,607,2632,0.1,0.2,15
20,10,false,,0.09409367228772784,0.0949355294050081,0.0033768715587854103,11,14,1.0,19.0,0.5092526690391459,0.43451957295373667,0.2856,608,2633,0.1,0.2,15
30,15,false,,0.1126400558866403,0.15241154686550681,0.05132586452737342,14,15,1.0,28.0,0.6425894378194208,0.2494037478705281,0.3096,608,2633,0.1,0.2,15
40,20,true,,0.12173897330490352,0.36618970542557444,0.24031571092824922,34,36,19.0,39.0,0.8967874231032126,0.019822282980177717,0.2616,608,2633,0.1,0.2,15
20,10,true,,0.09279342103225403,0.25940664050983786,0.1767593923052923,14,17,1.0,19.0,0.7815126050420168,0.5640756302521008,0.2974,609,2634,0.1,0.2,15
20,10,true,,0.08365996301188891,0.36120905873016146,0.28649021381923084,14,17,2.0,19.0,0.797752808988764,0.61689017760058,0.2838,610,2635,0.1,0.2,15
20,10,false,,0.19830201194829514,0.09076552372308754,-0.12635103831602312,5,2,1.0,19.0,0.23525377229080932,0.20953360768175583,0.2604,611,2636,0.1,0.2,15
30,15,true,,0.13266078636985087,0.21632331452328207,0.11080218798195066,16,21,2.0,28.0,0.7447724477244773,0.2078720787207872,0.2984,611,2636,0.1,0.2,15
20,10,false,,0.07875810749965179,0.22556357947622793,0.14668855725249896,15,16,3.0,19.0,0.7787481804949054,0.6393740902474527,0.2894,612,2637,0.1,0.2,15
30,15,true,,0.10805657409424396,0.19974821792720795,0.10776476308305484,19,24,2.0,29.0,0.7360226468506723,0.2611464968152866,0.2992,612,2637,0.1,0.2,15
20,10,false,,0.14889863025087607,0.12363537094424044,-0.038486762244466774,10,3,1.0,19.0,0.4524124256444151,0.4127561136814276,0.2748,613,2638,0.1,0.2,15
30,15,false,,0.14171032762440153,0.1527688686091457,0.013683206278464324,12,4,1.0,27.0,0.5362095531587057,0.2453004622496148,0.292,613,2638,0.1,0.2,15
40,20,false,,0.14791682288051064,0.17934699046604488,0.04473341160363335,13,4,1.0,35.0,0.6779611078373601,0.23217442545668826,0.273,613,2638,0.1,0.2,15
50,25,true,,0.17292590312403708,0.3790081547021613,0.21167490569525282,43,43,31.0,49.0,0.8478444632290786,0.0,0.243,613,2638,0.1,0.2,15
20,10,true,,0.09965357154006334,0.2244164868604628,0.1365041460539247,12,14,1.0,19.0,0.7166778298727394,0.4839249832551909,0.2986,614,2639,0.1,0.2,15
20,10,false,,0.13495670954737954,0.12084832742348084,-0.015387230670592805,9,2,1.0,19.0,0.4895003620564808,0.38305575669804487,0.2698,615,2640,0.1,0.2,15
30,15,false,,0.12083452487414108,0.106687685610557,-0.008011007280578894,14,4,1.0,28.0,0.4727272727272727,0.19703153988868274,0.2864,615,2640,0.1,0.2,15
40,20,false,,0.15203920444655775,0.10924497017288526,-0.05359782862148255,8,4,1.0,33.0,0.392993145468393,0.15651180502665651,0.2608,615,2640,0.1,0.2,15
50,25,false,,0.1381501769738914,0.12910176143289606,-0.016143209332839192,11,6,1.0,29.0,0.4510146955913226,0.2603219034289713,0.2666,615,2640,0.1,0.2,15
60,30,true,,0.1242152495434003,0.1794829797748821,0.06785072280113243,27,27,4.0,57.0,0.7975914775358962,0.12181565539601667,0.1616,615,2640,0.1,0.2,15
20,10,true,,0.12104830219049385,0.3256263735277417,0.22676684969683225,14,15,3.0,19.0,0.8076196473551638,0.5884760705289672,0.314,616,2641,0.1,0.2,15
20,10,false,,0.10630704634289373,0.3361248966560396,0.21582550698302153,15,16,2.0,19.0,0.8012129380053908,0.5987196765498652,0.2984,617,2642,0.1,0.2,15
30,15,false,,0.16667026318840678,0.15759802059906547,-0.015668537971150177,10,1,1.0,28.0,0.4804635761589404,0.1357615894039735,0.2632,617,2642,0.1,0.2,15
40,20,false,,0.15484434250748394,0.18098670345864235,0.035064132316866836,15,7,1.0,36.0,0.6406023747465972,0.1488560671879525,0.2666,617,2642,0.1,0.2,15
50,25,true,,0.16740273724917934,0.2548833510302694,0.0970528081352594,36,38,7.0,49.0,0.7904841402337228,0.03811908736783528,0.2406,617,2642,0.1,0.2,15
20,10,false,,0.11342698466430387,0.13284418848325455,0.0397963168812521,13,1,1.0,19.0,0.5422343324250681,0.4842351109381082,0.2342,618,2643,0.1,0.2,15
30,15,false,,0.11278709318280265,0.14056527328856372,0.05119423563812718,15,26,1.0,29.0,0.6005767844268205,0.21665465032444123,0.287,618,2643,0.1,0.2,15
40,20,false,,0.11763797528470626,0.12446244017221084,0.008349322256308578,23,35,2.0,38.0,0.5365671641791044,0.1623134328358209,0.2632,618,2643,0.1,0.2,15
50,25,false,,0.4895314000985265,0.12768892909450041,-0.3790086528198864,4,1,1.0,46.0,0.341796875,0.05703125,0.1892,618,2643,0.1,0.2,15
60,30,false,,0.1301353571865101,0.18217191841755412,0.0682419458300459,42,43,5.0,58.0,0.6964052287581699,0.09901960784313725,0.2368,618,2643,0.1,0.2,15
20,10,false,,0.12946473838633044,0.5494136327943269,0.4246632692715042,15,16,3.0,19.0,0.8771648492623476,0.7527261064785119,0.2994,619,2644,0.1,0.2,15
30,15,false,,0.16082675594704013,0.31359895805000443,0.1674349290389573,23,25,1.0,29.0,0.6406657963446475,0.097911227154047,0.261,619,2644,0.1,0.2,15
40,20,false,,0.16108001628494759,0.6969225634138879,0.5388425565208199,36,36,27.924999999999997,39.0,0.9708146247594612,0.00032071840923669016,0.2282,619,2644,0.1,0.2,15
50,25,true,,0.16872469553102154,0.2605495081590339,0.11573749674829077,42,43,9.0,49.0,0.7844126717129241,0.06195682646481637,0.2482,619,2644,0.1,0.2,15
20,10,false,,0.1353493325157757,0.10681139429066926,-0.03325597424009458,10,14,1.0,19.0,0.4158864391422531,0.38356991845363936,0.3208,620,2645,0.1,0.2,15
30,15,true,,0.1389729320325628,0.22097690439587744,0.09860366302870285,22,26,3.0,29.0,0.7553822152886115,0.1656786271450858,0.2616,620,2645,0.1,0.2,15
20,10,false,,0.11604130370740752,0.6782531662372724,0.5674086816523183,16,17,3.0,19.0,0.8581681476418318,0.6930963773069037,0.2812,621,2646,0.1,0.2,15
30,15,false,,0.13484083164596383,0.49261111535246593,0.3663361326880915,25,25,10.0,29.0,0.8883296634161686,0.09499842717835798,0.2872,621,2646,0.1,0.2,15
40,20,true,,0.15561832799334566,0.3850638138731635,0.2342965212101833,33,35,10.0,39.0,0.8765647743813683,0.05560407569141194,0.2744,621,2646,0.1,0.2,15
20,10,false,,0.10429947986416145,0.12899179204809744,0.03352925930081588,10,16,1.0,19.0,0.5689365984568937,0.39617577993961756,0.3106,622,2647,0.1,0.2,15
30,15,true,,0.12324896888122412,0.2529138050387911,0.15490730428859342,21,26,2.0,29.0,0.7547611092549281,0.17373872368860674,0.2676,622,2647,0.1,0.2,15
20,10,false,,0.13968816084440372,0.21377140834222227,0.10010843261982073,14,16,1.0,19.0,0.6605131414267835,0.5322277847309136,0.3002,623,2648,0.1,0.2,15
30,15,false,,0.1418631568894937,0.2108557554063989,0.09536318500585411,21,26,2.0,29.0,0.6718246292714378,0.17956157317859445,0.2734,623,2648,0.1,0.2,15
40,20,true,,0.1528352396165349,0.41465461155388594,0.2780273703731653,34,36,12.0,39.0,0.8769470404984424,0.040809968847352024,0.2366,623,2648,0.1,0.2,15
20,10,false,,0.15667453873019654,0.11858583427572277,-0.051106468411679096,8,2,1.0,19.0,0.3874562241324419,0.31263928685132125,0.2858,624,2649,0.1,0.2,15
30,15,false,,0.12865619443582507,0.5775344311048702,0.4471838095190729,26,26,16.0,29.0,0.8982420554428668,0.05442866801893171,0.246,624,2649,0.1,0.2,15
40,20,true,,0.13735208560119316,0.24329001513284904,0.11252092545623768,34,36,16.64999999999999,39.0,0.7401369416367786,0.030322791000978153,0.2438,624,2649,0.1,0.2,15
20,10,false,,0.42881590682046417,0.1033725837307218,-0.3225328473806979,2,1,1.0,16.0,0.20958953868507083,0.13948419905557574,0.2386,625,2650,0.1,0.2,15
30,15,false,,0.29065132382376324,0.14800629304868354,-0.15681901461363892,5,1,1.0,28.0,0.33006425431180253,0.09164693946567468,0.245,625,2650,0.1,0.2,15
40,20,false,,0.16295538525904038,0.1917776638599889,0.04541355580125406,22,32,1.0,38.0,0.6786444639205376,0.10896874087058137,0.252,625,2650,0.1,0.2,15
50,25,true,,0.17088642134670268,0.24759758351535655,0.09353349055554906,39,44,9.0,49.0,0.8291690877396862,0.09819872167344568,0.2278,625,2650,0.1,0.2,15
20,10,false,,0.09358173334498932,0.17789772328613318,0.09046001352908509,14,16,2.0,19.0,0.6896323285856244,0.5806558463067241,0.301,626,2651,0.1,0.2,15
30,15,false,,0.11364444078662726,0.1464774130972028,0.05584811490132069,16,1,1.0,29.0,0.6166791323859386,0.17389678384442783,0.266,626,2651,0.1,0.2,15
40,20,true,,0.12486357900181537,0.3991198465973339,0.28371862895105937,28,35,4.0,38.0,0.8414918414918415,0.1521811521811522,0.2864,626,2651,0.1,0.2,15
20,10,true,,0.11738047473151483,0.224092242051655,0.11166252984901992,14,16,1.0,19.0,0.704574332909784,0.568297331639136,0.3032,627,2652,0.1,0.2,15
20,10,false,,0.12175356256060835,0.17548002992938494,0.0723224557074292,11,16,1.0,19.0,0.6561613614875512,0.4440592499212102,0.301,628,2653,0.1,0.2,15
30,15,false,,0.13923976192398996,0.13031581108749352,-0.0062278525700892595,12,2,1.0,29.0,0.48339973439575035,0.19721115537848605,0.268,628,2653,0.1,0.2,15
40,20,true,,0.1437034530463649,0.25487022830032535,0.12789252260585574,28,34,2.0,39.0,0.7323815309842041,0.06713244228432563,0.2602,628,2653,0.1,0.2,15
20,10,false,,0.14399197511450762,0.11470928367754013,-0.03520394022220612,8,1,1.0,18.0,0.42263792010145845,0.3157894736842105,0.3058,629,2654,0.1,0.2,15
30,15,true,,0.1507572519244869,0.23970863875533285,0.13066814945034166,19,26,2.0,29.0,0.766565349544073,0.2088145896656535,0.2942,629,2654,0.1,0.2,15
20,10,true,,0.0848094666979146,0.2118004956716467,0.12816245232561835,13,16,3.0,19.0,0.7639424763240968,0.5433181339880744,0.3004,630,2655,0.1,0.2,15
20,10,false,,0.1895289490862364,0.24143614570293348,0.07604110766703859,13,16,2.0,19.0,0.6245342505015764,0.531384350816853,0.3334,631,2656,0.1,0.2,15
30,15,false,,0.240914134680595,0.18343343868869727,-0.062900879181463,6,3,1.0,26.0,0.3495841697734442,0.1284772010324061,0.2776,631,2656,0.1,0.2,15
40,20,false,,0.20018195178335058,0.20439093237567532,0.006620885619809946,17,5,2.0,38.0,0.5202883075280299,0.22423918846769889,0.2614,631,2656,0.1,0.2,15
50,25,false,,0.3304287101885476,0.18781209836623294,-0.15839295990735575,4,2,1.0,27.0,0.27660891089108913,0.0671410891089109,0.2098,631,2656,0.1,0.2,15
60,30,true,,0.19839132479702065,0.2867870958145601,0.08869213725633585,48,51,6.0,58.0,0.7183990786063922,0.0322487762741146,0.2224,631,2656,0.1,0.2,15
20,10,false,,0.16381311730765769,0.13728546614075385,-0.03610870192960232,8,2,1.0,19.0,0.4252461951656222,0.3121456281706953,0.3196,632,2657,0.1,0.2,15
30,15,false,,0.14873888630533816,0.1980008545810586,0.060817771932560216,19,27,1.0,29.0,0.6162790697674418,0.15021998742928974,0.2816,632,2657,0.1,0.2,15
40,20,false,,0.14905283487706517,0.22410064944249108,0.08536130585023093,34,36,9.0,39.0,0.6770642201834862,0.0889908256880734,0.2344,632,2657,0.1,0.2,15
50,25,true,,0.15626128431660005,0.24807054939949866,0.12052122234964273,41,44,3.0,49.0,0.8614154575066627,0.06366597571809299,0.228,632,2657,0.1,0.2,15
20,10,false,,0.11402547158528918,0.1624586271555367,0.06604735186219735,12,16,1.0,19.0,0.6713970356354463,0.4645222327341533,0.3214,633,2658,0.1,0.2,15
30,15,false,,0.14886077789531818,0.16614001857052263,0.020345105723241573,8,4,1.0,26.0,0.5533536585365854,0.21341463414634146,0.3042,633,2658,0.1,0.2,15
40,20,false,,0.16343627688669637,0.6628386812466045,0.4951943173247565,35,36,16.0,39.0,0.9345294302801385,0.04595530374567202,0.2218,633,2658,0.1,0.2,15
50,25,true,,0.1406613654822625,0.19279093160288746,0.05892733153000404,12,13,1.0,26.0,0.7452095808383233,0.3023952095808383,0.2486,633,2658,0.1,0.2,15
20,10,false,,0.12034518109762034,0.5177240609866758,0.40350742841746623,15,17,2.0,19.0,0.8450844091360477,0.5981463091691492,0.308,634,2659,0.1,0.2,15
30,15,true,,0.11694277693098841,0.2983769561880725,0.18991440600920176,24,26,3.0,29.0,0.7134462495679226,0.13100587625302454,0.2922,634,2659,0.1,0.2,15
20,10,false,,0.09100941235660852,0.1324694737428822,0.044238144643153995,12,15,1.0,19.0,0.6290545203588682,0.5124223602484472,0.2948,635,2660,0.1,0.2,15
30,15,true,,0.10725226154152599,0.30708228314149566,0.20425970384775474,23,27,4.0,29.0,0.8381443298969072,0.11890034364261168,0.3018,635,2660,0.1,0.2,15
20,10,false,,0.10992418639156033,0.11878215663451354,0.020745911777382553,10,1,1.0,19.0,0.5432441820076416,0.3945814518930184,0.2966,636,2661,0.1,0.2,15
30,15,true,,0.10828133162447234,0.5000042326061322,0.385578622658593,23,27,3.0,29.0,0.8245924875974486,0.1513111268603827,0.2752,636,2661,0.1,0.2,15
20,10,false,,0.15644304950539778,0.18998219739873504,0.04732009503205457,13,16,1.0,19.0,0.5709656513285807,0.4812054439403759,0.2866,637,2662,0.1,0.2,15
30,15,false,,0.16077707340272748,0.19449528320223064,0.05682150854564347,20,25,2.0,29.0,0.6669640202200416,0.15254237288135594,0.2804,637,2662,0.1,0.2,15
40,20,false,,0.17004316035518033,0.20678812372670832,0.06989016863480255,22,32,1.0,38.0,0.6701183431952663,0.1455621301775148,0.258,637,2662,0.1,0.2,15
50,25,true,,0.17894687364424203,0.5304407093580581,0.34544234331436396,41,46,2.0,49.0,0.8820058997050148,0.08702064896755163,0.2392,637,2662,0.1,0.2,15
20,10,false,,0.16255569617579613,0.07811500435793409,-0.09988390457135327,4,1,1.0,17.0,0.2916331456154465,0.13998390989541432,0.2364,638,2663,0.1,0.2,15
30,15,true,,0.09689382430628739,0.4506021966913794,0.35517557335042466,24,26,4.0,29.0,0.8979913351713273,0.11973217802284364,0.286,638,2663,0.1,0.2,15
20,10,false,,0.12240496379793613,0.5884009585178865,0.4743093561481668,16,16,4.0,19.0,0.8885640025990903,0.7397660818713451,0.2906,639,2664,0.1,0.2,15
30,15,true,,0.11570617266673022,0.5128015531886168,0.40421525888655413,23,27,2.0,29.0,0.7768981648074847,0.14033825116948542,0.262,639,2664,0.1,0.2,15
20,10,false,,0.13373229425787134,0.15962424714931658,0.04031691870127303,11,17,1.0,19.0,0.5845364132178377,0.42091754892524863,0.3078,640,2665,0.1,0.2,15
30,15,true,,0.13774639646508177,0.22280369975020278,0.10892490978257145,21,26,4.0,29.0,0.7509774436090225,0.20030075187969926,0.3034,640,2665,0.1,0.2,15
20,10,true,,0.04354141750766365,0.15685481841332582,0.12093355168618956,14,16,1.0,19.0,0.7256763170384433,0.6506881822496441,0.1354,641,2666,0.1,0.2,15
20,10,false,,0.13134243155000266,0.16370009088887308,0.05020186322859155,10,15,1.0,19.0,0.5774372350831432,0.39713074665797193,0.297,642,2667,0.1,0.2,15
30,15,false,,0.12946107720548242,0.214292321591731,0.12967159012024523,23,26,1.0,29.0,0.6849545607539549,0.1141029956243689,0.2778,642,2667,0.1,0.2,15
40,20,false,,0.15824686521430978,0.17804694374029015,0.043510293495939906,23,4,1.0,39.0,0.6150978564771669,0.07020813917365641,0.245,642,2667,0.1,0.2,15
50,25,false,,0.6280985763109738,0.15461981938982094,-0.47162223512052365,2,1,1.0,44.0,0.19710467706013363,0.0467706013363029,0.1686,642,2667,0.1,0.2,15
60,30,true,,0.16902279451057817,0.4117619208254807,0.24675774697781425,50,55,37.0,58.0,0.8126603934987169,0.0,0.1836,642,2667,0.1,0.2,15
20,10,false,,0.0863518673826853,0.09054652921859396,0.005426190076507017,10,4,1.0,19.0,0.5246636771300448,0.3744394618834081,0.2672,643,2668,0.1,0.2,15
30,15,true,,0.11487597866927364,0.20904101706142628,0.10587043120153194,22,23,2.0,29.0,0.7385947385947386,0.17249417249417248,0.2986,643,2668,0.1,0.2,15
20,10,false,,0.11603415577985988,0.17580771131778208,0.0733406728305658,14,16,1.0,19.0,0.6209591474245115,0.48987566607460037,0.2862,644,2669,0.1,0.2,15
30,15,true,,0.08570870633865332,0.4223959792278477,0.33510939705831594,24,26,7.0,29.0,0.8350383631713555,0.0988917306052856,0.2262,644,2669,0.1,0.2,15
20,10,false,,0.1123021406742242,0.11934479189590845,0.0008647637031975186,9,1,1.0,19.0,0.5031238515251746,0.3700845277471518,0.2518,645,2670,0.1,0.2,15
30,15,true,,0.12560782759275882,0.20253356416615495,0.10075168090724437,16,24,1.0,28.0,0.7007064868336544,0.2472703917790623,0.287,645,2670,0.1,0.2,15
20,10,true,,0.11076780383034962,0.19844586665499678,0.10770073213317521,12,16,1.0,19.0,0.7081572960675984,0.4442638934026649,0.3168,646,2671,0.1,0.2,15
20,10,true,,0.10210860845301548,0.1722736743468911,0.09244029313943097,11,17,2.0,19.0,0.7270315091210614,0.43449419568822556,0.3098,647,2672,0.1,0.2,15
20,10,false,,0.12047774311467283,0.18597650487167508,0.07527762111888434,13,17,1.0,19.0,0.6413228775997273,0.48653256051824073,0.295,648,2673,0.1,0.2,15
30,15,true,,0.1123621609611205,0.5850842492987132,0.48141194021383094,24,26,6.075000000000003,29.0,0.9215893108298172,0.1149789029535865,0.2892,648,2673,0.1,0.2,15
20,10,false,,0.08701324758576146,0.13516147039559498,0.06098764725046087,11,17,1.0,19.0,0.6427007299270073,0.42445255474452553,0.2608,649,2674,0.1,0.2,15
30,15,true,,0.081468801042561,0.3026758489969073,0.21379643397994158,23,26,2.0,29.0,0.7175090252707581,0.09476534296028881,0.1646,649,2674,0.1,0.2,15
20,10,false,,0.13821035928729442,0.13863008711668917,0.010747311488695233,13,18,2.0,19.0,0.5174346201743462,0.5003113325031133,0.3104,650,2675,0.1,0.2,15
30,15,false,,0.16355218750653358,0.1403014100540682,-0.037101782943645856,13,1,1.0,28.0,0.4179527559055118,0.18551181102362205,0.263,650,2675,0.1,0.2,15
40,20,false,,0.165891713653007,0.19071068379672104,0.03868787812270316,20,1,1.0,38.0,0.5892857142857143,0.1416256157635468,0.2392,650,2675,0.1,0.2,15
50,25,true,,0.1661247045885079,0.2526365697074857,0.10534493639915618,41,45,16.0,49.0,0.7984338747099768,0.0574245939675174,0.2304,650,2675,0.1,0.2,15
20,10,false,,0.19978384524720919,0.15732367234852915,-0.06785416833728594,7,2,1.0,19.0,0.36968928344958785,0.33608116677235256,0.292,651,2676,0.1,0.2,15
30,15,true,,0.17328750931676948,0.3329236959150136,0.18877932905826153,24,26,2.0,29.0,0.8034441805225653,0.12648456057007126,0.2654,651,2676,0.1,0.2,15
20,10,true,,0.07611642942303833,0.35882992948109005,0.28186018229955295,14,16,3.0,19.0,0.8200836820083682,0.6173449980981361,0.2876,652,2677,0.1,0.2,15
20,10,false,,0.1639675432754513,0.1379798242050823,-0.03837984119391839,10,4,1.0,19.0,0.39581491305629235,0.3769525493663425,0.3236,653,2678,0.1,0.2,15
30,15,false,,0.1624301192464416,0.3331365201414333,0.17329819181004286,25,25,13.0,29.0,0.7838893898406973,0.13134956417192667,0.2736,653,2678,0.1,0.2,15
40,20,false,,0.16817473285709064,0.2069302628701246,0.06524247550505549,26,35,2.0,38.875,0.6663798049340218,0.06110154905335628,0.2544,653,2678,0.1,0.2,15
50,25,true,,0.16853111936064355,0.2154363972136448,0.067198588484174,23,18,2.0,46.0,0.7541436464088398,0.20441988950276244,0.2568,653,2678,0.1,0.2,15
20,10,false,,0.1660775759332899,0.17332464761202893,0.013697420428517293,10,1,1.0,19.0,0.5317329825715226,0.36238079579085825,0.2764,654,2679,0.1,0.2,15
30,15,false,,0.1622099359697945,0.2716450544979814,0.12107174215721711,24,25,2.0,29.0,0.6712569586873718,0.1438617052446528,0.2656,654,2679,0.1,0.2,15
40,20,true,,0.1711842976000841,0.22990880578090828,0.07299803608212907,32,34,6.0,39.0,0.7075445040972026,0.06301215032495056,0.2446,654,2679,0.1,0.2,15
20,10,true,,0.107927795129192,0.26325566258593347,0.1524017642542246,13,15,1.0,19.0,0.7757129125280359,0.5344440884331945,0.2904,655,2680,0.1,0.2,15
20,10,false,,0.08953119800831334,0.3557228611607842,0.26873072658407826,15,17,2.0,19.0,0.827895302975977,0.6507708856220867,0.2938,656,2681,0.1,0.2,15
30,15,false,,0.11563608976852482,0.16113508758132364,0.07492342627656667,15,24,1.0,29.0,0.6672443674176777,0.2173310225303293,0.294,656,2681,0.1,0.2,15
40,20,true,,0.12747495075494567,0.30778363775594536,0.20175566831947084,33,37,4.0,39.0,0.7938747419132829,0.08843771507226428,0.255,656,2681,0.1,0.2,15
20,10,false,,0.16733650933541772,0.10987020824344301,-0.06611232602861321,6,1,1.0,19.0,0.3417015341701534,0.2719665271966527,0.2672,657,2682,0.1,0.2,15
30,15,false,,0.14078045951683982,0.160373547914486,0.03244354807941485,16,1,1.0,29.0,0.5740200842241658,0.1551668286362164,0.2762,657,2682,0.1,0.2,15
40,20,false,,0.15652991401643895,0.7309904396200843,0.5784000254592835,35,36,14.0,39.0,0.9043535620052771,0.04617414248021108,0.2148,657,2682,0.1,0.2,15
50,25,true,,0.15376403587095577,0.18363420744535416,0.04314500253083889,16,4,1.0,45.0,0.7092746730083235,0.17687277051129607,0.2388,657,2682,0.1,0.2,15
20,10,false,,0.3013072566757,0.11677563636014453,-0.1997508860311365,4,1,1.0,19.0,0.3352538710839035,0.2693554195174649,0.2552,658,2683,0.1,0.2,15
30,15,false,,0.15028769236822737,0.19425523134339157,0.06104133607893435,17,23,1.0,28.0,0.6469357249626307,0.22869955156950672,0.2892,658,2683,0.1,0.2,15
40,20,true,,0.16938830435561694,0.2097183611788823,0.07220751311821011,16,8,2.0,38.0,0.7025641025641025,0.1207977207977208,0.2572,658,2683,0.1,0.2,15
20,10,false,,0.12485130188098939,0.1962285198398862,0.08016355298170263,12,16,1.0,19.0,0.6245923026744945,0.49608610567514677,0.2998,659,2684,0.1,0.2,15
30,15,false,,0.13925565997638548,0.1474894589215273,0.01564491573435292,9,2,1.0,27.0,0.5250409165302782,0.21734860883797055,0.2708,659,2684,0.1,0.2,15
40,20,true,,0.1416032333542355,0.25744998357800186,0.14177421069279392,26,35,2.0,38.0,0.8142256902761105,0.14165666266506602,0.27,659,2684,0.1,0.2,15
20,10,false,,0.09569065105238524,0.31831568543733163,0.2404845015545627,15,16,3.0,19.0,0.8149513912168957,0.6516929265839758,0.2924,660,2685,0.1,0.2,15
30,15,true,,0.10170177085680757,0.3324409708615308,0.23617143044037192,22,25,2.0,29.0,0.8565649135711658,0.13975726369988967,0.284,660,2685,0.1,0.2,15
20,10,false,,0.08063493640671775,0.5098357730563857,0.4316869250802679,15,16,4.0,19.0,0.950419248997448,0.7003281079110463,0.2982,661,2686,0.1,0.2,15
30,15,false,,0.11040945305081522,0.17094851678915954,0.06479841130224079,24,26,7.0,29.0,0.6829185134674395,0.17217865666553017,0.3006,661,2686,0.1,0.2,15
40,20,false,,0.11962362573693473,0.15300796735236147,0.039480172004580025,26,26,7.0,38.0,0.662839248434238,0.15066109951287404,0.2862,661,2686,0.1,0.2,15
50,25,true,,0.12826256009978815,0.19538385924085044,0.10637564718448804,28,42,2.0,48.0,0.7740544127405441,0.08925016589250166,0.279,661,2686,0.1,0.2,15
20,10,false,,0.12164033384089325,0.4481272495725075,0.3336823144204485,15,17,3.0,19.0,0.7711346833815493,0.6544519447123112,0.2834,662,2687,0.1,0.2,15
30,15,false,,0.14290741316472017,0.18254401418865004,0.05733247639768681,18,26,2.0,29.0,0.656648451730419,0.21341833636915605,0.2608,662,2687,0.1,0.2,15
40,20,true,,0.15295732390885167,0.24208638585202458,0.12169343379448908,29,36,2.0,39.0,0.7920553716521216,0.13030394222088473,0.2558,662,2687,0.1,0.2,15
20,10,false,,0.13276173069134367,0.07610859050313593,-0.06037118197643579,7,2,1.0,19.0,0.4171632896305125,0.33452522844656335,0.2028,663,2688,0.1,0.2,15
30,15,false,,0.11216164178997112,0.13399176424417208,0.051393746652918404,12,4,1.0,29.0,0.6084733382030679,0.15412710007304603,0.2926,663,2688,0.1,0.2,15
40,20,true,,0.1291728745905314,0.2417003525112355,0.12837484506339752,29,36,2.0,39.0,0.7739794225024892,0.07368071689346167,0.2672,663,2688,0.1,0.2,15
20,10,false,,0.1223220011773282,0.15864220665031167,0.05705500239255114,11,1,1.0,19.0,0.6049787094660989,0.40386505076973467,0.3034,664,2689,0.1,0.2,15
30,15,true,,0.13235478202520107,0.21035626338631985,0.11095583585198598,19,26,2.0,29.0,0.7275758586195399,0.15205068356118706,0.2828,664,2689,0.1,0.2,15
20,10,false,,0.13378359086421684,0.2130240626197705,0.09868497564569054,11,15,1.0,18.0,0.6967799642218246,0.437984496124031,0.3428,665,2690,0.1,0.2,15
30,15,false,,0.15076684425144923,0.22406482199062375,0.10689849863626938,21,26,2.0,29.0,0.6977531548168667,0.14219759926131118,0.2752,665,2690,0.1,0.2,15
40,20,false,,0.1675352475925381,0.17815405376898633,0.01764258948190084,24,24,1.0,38.0,0.5628654970760234,0.05789473684210526,0.2594,665,2690,0.1,0.2,15
50,25,true,,0.17073804316477673,0.30355658534520186,0.1559673795835382,42,44,2.0,49.0,0.8266280752532561,0.0512301013024602,0.2108,665,2690,0.1,0.2,15
20,10,true,,0.07554557069165842,0.17776975390359182,0.10769722866401937,14,16,2.0,19.0,0.7415094339622641,0.6192452830188679,0.2662,666,2691,0.1,0.2,15
20,10,false,,0.1157361350065208,0.4683985914984012,0.36269007516251484,15,16,3.0,19.0,0.8534316869788325,0.6824887748556767,0.313,667,2692,0.1,0.2,15
30,15,false,,0.1405424063039637,0.16319241664970205,0.037040751954774465,17,28,1.0,28.0,0.5862396956246037,0.2777425491439442,0.283,667,2692,0.1,0.2,15
40,20,true,,0.14905425947730983,0.2032678761398245,0.08995479258655548,21,34,2.0,38.0,0.7272182254196643,0.12290167865707434,0.2402,667,2692,0.1,0.2,15
20,10,false,,0.10607635253676895,0.24952363242363537,0.15519814781084812,14,15,1.0,19.0,0.678328804347826,0.5696331521739131,0.2946,668,2693,0.1,0.2,15
30,15,true,,0.1217463615398506,0.21845519696488774,0.12686161132152013,19,25,3.0,28.0,0.7958148383005708,0.25396322130627774,0.2992,668,2693,0.1,0.2,15
20,10,false,,0.14260675658404534,0.198425175694829,0.07898082609894452,15,16,2.0,19.0,0.6061933062245856,0.5802314670003128,0.3136,669,2694,0.1,0.2,15
30,15,false,,0.20791619666153074,0.15328152286858776,-0.07803146730811897,5,1,1.0,29.0,0.41318605453917845,0.06662064204349327,0.2214,669,2694,0.1,0.2,15
40,20,true,,0.17061515182426304,0.3818033698397546,0.21417618272552794,34,36,22.0,39.0,0.8694167852062589,0.005405405405405406,0.2306,669,2694,0.1,0.2,15
20,10,false,,0.165239427292541,0.12275958113357381,-0.053427504852050146,7,2,1.0,19.0,0.4017772135829895,0.2976832751507458,0.2976,670,2695,0.1,0.2,15
30,15,false,,0.14653997674267938,0.19260908040218558,0.05469023286111606,21,25,6.0,29.0,0.6653340948029697,0.2007424328954883,0.2978,670,2695,0.1,0.2,15
40,20,false,,0.16457237192147328,0.23258341817766995,0.09438352375873221,32,36,1.0,39.0,0.6663611365719523,0.04277421326000611,0.2566,670,2695,0.1,0.2,15
50,25,true,,0.17404764739962533,0.6671531471565242,0.48932996604502227,42,45,6.0,49.0,0.9012813046010484,0.02009318578916715,0.2204,670,2695,0.1,0.2,15
20,10,false,,0.1262551769784423,0.1296496626230026,0.01184222701086074,10,18,1.0,19.0,0.5351149782473587,0.3875077688004972,0.3174,671,2696,0.1,0.2,15
30,15,false,,0.13514949955559452,0.17756512540640343,0.06920192202968678,22,26,1.0,29.0,0.6926229508196722,0.11601513240857503,0.2816,671,2696,0.1,0.2,15
40,20,false,,0.14855693608676357,0.1804748930555798,0.05065934549982512,18,1,1.0,37.0,0.6395923409512044,0.1352686843730698,0.2544,671,2696,0.1,0.2,15
50,25,true,,0.1573792476257428,0.2436797830413668,0.11204171255678763,31,36,3.0,48.0,0.8172748004561003,0.10347776510832384,0.2634,671,2696,0.1,0.2,15
20,10,false,,0.10967000297537867,0.46866719933466644,0.36166670750057633,15,16,2.0,19.0,0.7582119878090078,0.5932949542837792,0.2948,672,2697,0.1,0.2,15
30,15,false,,0.14681381935943977,0.17155184150236583,0.04867194817664437,16,2,1.0,29.0,0.5967845659163987,0.14919614147909968,0.2814,672,2697,0.1,0.2,15
40,20,true,,0.15206918344473508,0.375090031918281,0.23579089814871934,33,36,2.0,39.0,0.8191971023241775,0.03622094778146695,0.256,672,2697,0.1,0.2,15
20,10,false,,0.15318479422713246,0.1191947346953132,-0.04635623105603501,7,1,1.0,19.0,0.41327046143482654,0.25833614011451667,0.2782,673,2698,0.1,0.2,15
30,15,false,,0.13033588249279177,0.5741345532631871,0.42877902095582976,25,25,12.0,29.0,0.931356214595135,0.08497167610796401,0.2746,673,2698,0.1,0.2,15
40,20,false,,0.15523971509752885,0.18629665388802907,0.05627208331177054,13,37,2.0,39.0,0.6721014492753623,0.14945652173913043,0.2416,673,2698,0.1,0.2,15
50,25,true,,0.16173599043667505,0.24627179458249684,0.10021511591831964,34,45,10.0,48.0,0.8377916903813318,0.08451906659077973,0.2472,673,2698,0.1,0.2,15
20,10,false,,0.08103078150560536,0.6338321878818847,0.5512615557373531,16,16,6.0,19.0,0.9330543933054394,0.7672118676302777,0.276,674,2699,0.1,0.2,15
30,15,false,,0.11301108247737549,0.1453176506131846,0.03669421469160458,17,24,1.0,29.0,0.5999273255813954,0.21729651162790697,0.2966,674,2699,0.1,0.2,15
40,20,true,,0.118716114991227,0.3206568833159916,0.2027192481173309,31,34,1.0,39.0,0.7610486891385768,0.06928838951310862,0.252,674,2699,0.1,0.2,15
20,10,false,,0.14107349459410953,0.1343859098647548,-0.0066522348206327075,11,16,1.0,19.0,0.4858793324775353,0.4056482670089859,0.2976,675,2700,0.1,0.2,15
30,15,false,,0.14710909198755898,0.18241792013721186,0.04797217476344398,18,25,1.0,29.0,0.5766851188537936,0.1126668837512211,0.2524,675,2700,0.1,0.2,15
40,20,false,,0.1524102112034641,0.17200019857535964,0.02345515764095038,23,34,1.0,38.0,0.5648535564853556,0.12313209802749552,0.2536,675,2700,0.1,0.2,15
50,25,true,,0.15708123441195498,0.20626135252354902,0.0649489511122886,34,44,3.0,49.0,0.7564991334488734,0.12796071634893125,0.2462,675,2700,0.1,0.2,15
20,10,false,,0.13663819983740028,0.3042613436424695,0.18776859828867976,14,17,1.0,19.0,0.6691365979381443,0.532860824742268,0.2934,676,2701,0.1,0.2,15
30,15,true,,0.14399851574095282,0.22997746476534126,0.10753520095979223,22,27,2.0,29.0,0.7421571556617866,0.15147893636092022,0.2712,676,2701,0.1,0.2,15
20,10,false,,0.13389587308467918,0.19051662284120607,0.0794671340097243,13,15,1.0,19.0,0.6424205378973105,0.5339242053789731,0.3064,677,2702,0.1,0.2,15
30,15,false,,0.1576786343403977,0.5125122938678158,0.36198391641677885,25,27,2.0,29.0,0.801657967454713,0.13785692354927848,0.2532,677,2702,0.1,0.2,15
40,20,true,,0.16822780959180944,0.2842631772176846,0.1324517407283678,32,35,5.0,39.0,0.7823995472552349,0.05178268251273345,0.2542,677,2702,0.1,0.2,15
20,10,false,,0.12186273302372769,0.18253526585408958,0.09000599585196777,13,17,1.0,19.0,0.6139154160982264,0.4863574351978172,0.2762,678,2703,0.1,0.2,15
30,15,true,,0.1265516500846426,0.17821380448291305,0.07456584674279411,15,10,1.0,29.0,0.7073248407643312,0.22993630573248408,0.2848,678,2703,0.1,0.2,15
20,10,false,,0.09239724169959328,0.37855720050319264,0.2944355131354249,15,17,2.0,19.0,0.8217543859649122,0.7091228070175438,0.3006,679,2704,0.1,0.2,15
30,15,true,,0.11755156407103348,0.46946301177726074,0.3730300744884592,23,27,6.0,29.0,0.9036395147313692,0.19584055459272098,0.292,679,2704,0.1,0.2,15
20,10,false,,0.11621731519186418,0.10836705451586102,-0.007844985948706362,10,16,1.0,19.0,0.4820119920053298,0.40173217854763493,0.2918,680,2705,0.1,0.2,15
30,15,true,,0.11724533738213831,0.3311728765741365,0.22249776234284588,23,25,7.0,29.0,0.8370445344129555,0.1987179487179487,0.2934,680,2705,0.1,0.2,15
20,10,false,,0.09656760017932178,0.6881792289475093,0.5778857993849877,16,17,8.0,19.0,0.8987115246957766,0.8142448103078024,0.2796,681,2706,0.1,0.2,15
30,15,true,,0.1163854457368464,0.2480568005037945,0.1515015009057761,21,26,2.0,29.0,0.7337639038392537,0.12020093290276283,0.2854,681,2706,0.1,0.2,15
20,10,false,,0.11900635263580592,0.3911259962071044,0.28235968877710715,15,16,4.0,19.0,0.7759648572325071,0.7075619705051773,0.3036,682,2707,0.1,0.2,15
30,15,true,,0.14215559174912756,0.22497379657960156,0.12445505916308985,22,26,2.0,29.0,0.7628738822078323,0.10607462226333642,0.284,682,2707,0.1,0.2,15
20,10,false,,0.13029255093295192,0.2820398932179283,0.14736447535982972,15,16,2.0,19.0,0.7285168682367918,0.6282622533418205,0.3046,683,2708,0.1,0.2,15
30,15,true,,0.15267456257765888,0.4004431301731991,0.25922435650434034,24,25,2.0,29.0,0.768414481897628,0.11173533083645443,0.2696,683,2708,0.1,0.2,15
20,10,true,,0.14758057322828283,0.4384425552666811,0.2994393414708076,14,15,3.0,19.0,0.8474082702387886,0.6878276062900408,0.3294,684,2709,0.1,0.2,15
20,10,false,,0.11269978181746536,0.5247554006768137,0.4170993695618565,15,17,2.0,19.0,0.8141046473838154,0.6148846278843029,0.3002,685,2710,0.1,0.2,15
30,15,false,,0.11462411490573289,0.5557766702443339,0.4411389198972021,25,26,2.0,29.0,0.8509174311926605,0.06345565749235474,0.257,685,2710,0.1,0.2,15
40,20,true,,0.12536081527156692,0.19619175945783976,0.08367398087970328,27,34,3.0,38.0,0.7072368421052632,0.13157894736842105,0.2748,685,2710,0.1,0.2,15
20,10,false,,0.1450271171821205,0.08950220803337748,-0.06068692306506847,7,2,1.0,19.0,0.34741946657429856,0.2736404572220298,0.2636,686,2711,0.1,0.2,15
30,15,true,,0.11990168591729031,0.32667268527145765,0.21732547762665802,22,24,2.0,29.0,0.7818610923803102,0.18880647336480108,0.2964,686,2711,0.1,0.2,15
20,10,false,,0.10951892445870706,0.17611932385514928,0.08319158889608866,12,1,1.0,19.0,0.6251778093883357,0.47297297297297297,0.2636,687,2712,0.1,0.2,15
30,15,true,,0.10946326189030034,0.23856929207058367,0.15317254128796717,22,26,2.0,29.0,0.7962623671674606,0.15170392085012827,0.277,687,2712,0.1,0.2,15
20,10,false,,0.12840251053384535,0.1930552553999882,0.08209980787253593,11,4,1.0,19.0,0.6708582206853191,0.42030807922037094,0.3088,688,2713,0.1,0.2,15
30,15,true,,0.14138435566469268,0.3004218301585981,0.17176971370429087,24,26,3.0,29.0,0.8341984732824428,0.10900763358778626,0.2914,688,2713,0.1,0.2,15
20,10,false,,0.16685740272109478,0.11459580206603476,-0.051310421506618846,6,1,1.0,19.0,0.358459512837393,0.26695194206714945,0.2796,689,2714,0.1,0.2,15
30,15,false,,0.1649920649363857,0.6416081375796491,0.47769836094825113,25,26,14.0,29.0,0.9203754162882228,0.08689070541931578,0.2754,689,2714,0.1,0.2,15
40,20,false,,0.18237093779980074,0.17048940948965607,-0.020941620733512162,10,2,1.0,37.0,0.44651851851851854,0.17066666666666666,0.2184,689,2714,0.1,0.2,15
50,25,false,,0.17484842001734835,0.21366617512826525,0.05439729714887759,42,45,2.0,49.0,0.654178674351585,0.06195965417867435,0.2218,689,2714,0.1,0.2,15
60,30,false,,0.17455340582810824,0.23875088271780856,0.06776363200657787,50,54,37.0,58.0,0.6324163075903215,0.0,0.1526,689,2714,0.1,0.2,15
20,10,false,,0.14929469203168552,0.3336586591196112,0.19369076625738013,15,16,1.0,19.0,0.7045313469894475,0.6368715083798883,0.2866,690,2715,0.1,0.2,15
30,15,false,,0.1599211376163426,0.19622511752507843,0.06750915883543018,17,25,1.0,29.0,0.630460801915021,0.2537402752842609,0.2612,690,2715,0.1,0.2,15
40,20,true,,0.16390857451231544,0.28256458803099005,0.13762328277843347,33,36,7.0,39.0,0.7955477445811365,0.13591095489162272,0.2518,690,2715,0.1,0.2,15
20,10,true,,0.13488057071435855,0.2656009091277208,0.1544736131411757,13,16,1.0,19.0,0.7139696586599241,0.5199115044247787,0.3044,691,2716,0.1,0.2,15
20,10,false,,0.1363145881829463,0.22919845642923706,0.09683245911261582,13,16,2.0,19.0,0.6773060029282577,0.51800878477306,0.3362,692,2717,0.1,0.2,15
30,15,false,,0.155234701745324,0.170374815616057,0.026408117910998175,11,4,1.0,28.0,0.559964200477327,0.14110978520286396,0.2918,692,2717,0.1,0.2,15
40,20,true,,0.16936507281724827,0.30849634136776344,0.15496886149654326,32,36,15.0,39.0,0.8328129435140506,0.06698836219131422,0.2736,692,2717,0.1,0.2,15
20,10,true,,0.10177939506216739,0.2511373843894514,0.165546829066205,13,15,3.0,19.0,0.7853437094682231,0.5658236057068742,0.3166,693,2718,0.1,0.2,15
20,10,false,,0.10651741116393977,0.23464959225354357,0.137927489580723,14,16,1.0,19.0,0.6792058516196448,0.5576454197143852,0.2862,694,2719,0.1,0.2,15
30,15,false,,0.10857444615875192,0.07622790960071629,-0.03846204397203029,15,23,1.0,29.0,0.37225333907798364,0.18440327445066781,0.199,694,2719,0.1,0.2,15
40,20,false,,0.10181590846367237,0.09678004761714323,0.0018807448340129873,27,2,1.0,38.0,0.5026680896478122,0.04535752401280683,0.0964,694,2719,0.1,0.2,15
50,25,false,,0.07622711188128371,0.11692155393105218,0.03949317471747847,45,46,38.0,49.0,0.6736905478627333,0.0,0.0808,694,2719,0.1,0.2,15
60,30,false,,0.07918191619982642,0.08662933134584114,0.0018580272221535715,55,57,44.0,59.0,0.5054313099041533,0.0,0.0308,694,2719,0.1,0.2,15
20,10,true,,0.13600771421055777,0.2385799742449916,0.12072914118334963,12,17,2.0,19.0,0.7027027027027027,0.5050106286061342,0.3214,695,2720,0.1,0.2,15
20,10,false,,0.0855901791736202,0.2008270469591492,0.12388152931070942,13,16,1.0,19.0,0.6992074927953891,0.5154899135446686,0.282,696,2721,0.1,0.2,15
30,15,true,,0.10487052169881815,0.21525548772394446,0.12690452392942364,19,26,1.0,29.0,0.7136329017517137,0.16108149276466108,0.2886,696,2721,0.1,0.2,15
20,10,false,,0.11163254649760987,0.09977616335744445,-0.01633264998688068,10,2,1.0,19.0,0.46298882681564246,0.42108938547486036,0.2808,697,2722,0.1,0.2,15
30,15,false,,0.12020391222474457,0.12497409828784395,0.005640419443419226,13,3,1.0,27.0,0.5169862092162798,0.22704339051463168,0.3062,697,2722,0.1,0.2,15
40,20,false,,0.12045524998038733,0.15888161287357447,0.054264459863674175,14,4,2.0,34.0,0.6815181518151815,0.22244224422442244,0.2876,697,2722,0.1,0.2,15
50,25,false,,0.15414407150549836,0.16013035955860305,0.022069668663927983,13,1,1.0,48.0,0.5795454545454546,0.12566844919786097,0.2126,697,2722,0.1,0.2,15
60,30,true,,0.1444179223815482,0.19824562952986463,0.06666859775932572,36,36,4.0,59.0,0.7744314689612785,0.059311616472034416,0.2304,697,2722,0.1,0.2,15
20,10,false,,0.11247683651802398,0.15703055866159632,0.05589228594327121,10,13,1.0,19.0,0.6172155200521683,0.39419628301271603,0.3144,698,2723,0.1,0.2,15
30,15,true,,0.14195110709157427,0.19871041165363942,0.08048384837603817,14,26,1.0,28.0,0.7283950617283951,0.2255344775669979,0.291,698,2723,0.1,0.2,15
20,10,false,,0.11415753205943092,0.2508846529457897,0.1547902948496631,13,16,1.0,19.0,0.6713731027179668,0.4705259442287328,0.2846,699,2724,0.1,0.2,15
30,15,false,,0.13289784311376096,0.6049132933915726,0.4801367094067007,25,26,5.0,29.0,0.9137529137529138,0.09257409257409258,0.27,699,2724,0.1,0.2,15
40,20,true,,0.15328675091575733,0.32559169390799714,0.18543165362031983,34,35,16.0,39.0,0.8112811281128113,0.030303030303030304,0.2494,699,2724,0.1,0.2,15
20,10,false,,0.14425920554280927,0.11811954223508613,-0.03313881531767357,8,2,1.0,19.0,0.4246929541047188,0.3329023917259211,0.3002,700,2725,0.1,0.2,15
30,15,false,,0.1385467774349341,0.15945132818231067,0.03573382001480749,14,24,1.0,28.0,0.5945448973337419,0.22126877106956788,0.2942,700,2725,0.1,0.2,15
40,20,true,,0.1565541669041632,0.3267362188478099,0.19091071465847156,31,36,2.0,39.0,0.9107795371498173,0.05694275274056029,0.2532,700,2725,0.1,0.2,15
20,10,false,,0.1398507803264047,0.2510646465338247,0.14109671886518785,13,16,1.0,19.0,0.666988416988417,0.509009009009009,0.2596,701,2726,0.1,0.2,15
30,15,false,,0.15020711156593866,0.558423685050299,0.3971204698753251,25,26,5.0,29.0,0.8407742741180143,0.11676553231345614,0.2592,701,2726,0.1,0.2,15
40,20,true,,0.16066344069201544,0.2270207172165694,0.11866731074213087,25,36,2.0,39.0,0.7867958812840703,0.07934585099939431,0.2436,701,2726,0.1,0.2,15
20,10,false,,0.11867703323481099,0.10912259108420724,-0.005607309888139334,8,1,1.0,19.0,0.4889543446244477,0.2857142857142857,0.235,702,2727,0.1,0.2,15
30,15,true,,0.1251844038084284,0.2766106213924956,0.16242582419434454,22,24,3.0,29.0,0.838131797824696,0.1692258477287268,0.3018,702,2727,0.1,0.2,15
20,10,false,,0.15581509747466551,0.4425548412290292,0.28200782236332744,15,17,1.0,19.0,0.7022593624264933,0.5518415351284433,0.283,703,2728,0.1,0.2,15
30,15,false,,0.17801600613045612,0.12882328741988977,-0.07223579959506111,8,1,1.0,28.0,0.3279553211293826,0.13993174061433447,0.2724,703,2728,0.1,0.2,15
40,20,true,,0.14287401707954628,0.351264735618779,0.2101524123744093,33,36,3.0,39.0,0.7714470702492716,0.07413402395597281,0.2432,703,2728,0.1,0.2,15
20,10,false,,0.07668058384160295,0.098822105765362,0.024458772704850164,13,15,1.0,19.0,0.5457999155761925,0.5006331785563529,0.1964,704,2729,0.1,0.2,15
30,15,false,,0.0916807438240147,0.07828722652249896,-0.016865233767786092,12,1,1.0,27.0,0.47962867457452296,0.2490974729241877,0.107,704,2729,0.1,0.2,15
40,20,true,,0.06326315071993054,0.24950306571660585,0.1854995228549313,32,34,20.0,38.0,0.9249408983451537,0.00591016548463357,0.0618,704,2729,0.1,0.2,15
20,10,false,,0.1360234822455916,0.05427513151171862,-0.07798027234724295,5,3,1.0,19.0,0.28278513455788123,0.18923536950021358,0.201,705,2730,0.1,0.2,15
30,15,false,,0.6899535891474092,0.04936888583683915,-0.6547188975659222,2,1,1.0,24.0,0.17263843648208468,0.019543973941368076,0.0574,705,2730,0.1,0.2,15
40,20,false,,0.07789391905392408,0.08029164755364461,0.009706169319087823,10,11,1.0,24.0,0.5703225806451613,0.22903225806451613,0.069,705,2730,0.1,0.2,15
50,25,true,,0.06727491981670734,0.09639693192290723,0.03630946941484185,30,36,10.0,40.0,0.7008166295471417,0.07126948775055679,0.04,705,2730,0.1,0.2,15
20,10,false,,0.07137996725151367,0.6187360690094549,0.5271660721762899,15,16,4.0,19.0,0.9194656488549618,0.7515267175572519,0.2864,706,2731,0.1,0.2,15
30,15,true,,0.09828976769950963,0.31140015312422414,0.2294581154449242,22,25,3.0,29.0,0.7745981967855743,0.18737749901999215,0.292,706,2731,0.1,0.2,15
20,10,false,,0.13105407033337638,0.11030694047003202,-0.02210161756547918,5,1,1.0,18.0,0.4654042243262928,0.24945375091041516,0.2682,707,2732,0.1,0.2,15
30,15,false,,0.11282104405402085,0.15017676658366694,0.05663158080274404,19,27,1.4749999999999943,29.0,0.6351063829787233,0.13652482269503546,0.2778,707,2732,0.1,0.2,15
40,20,false,,0.136992539164262,0.21999391938384857,0.09868238806513419,29,1,1.0,38.0,0.5925101965146459,0.02817945865776789,0.2538,707,2732,0.1,0.2,15
50,25,true,,0.13312580267564128,0.24561609717263427,0.12054182141228187,41,46,13.0,49.0,0.8091849935316947,0.06047865459249677,0.251,707,2732,0.1,0.2,15
20,10,true,,0.08768454793175606,0.20820926996561015,0.13882929170297598,13,16,1.0,19.0,0.7599858607281725,0.5344644750795334,0.2986,708,2733,0.1,0.2,15
20,10,false,,0.14185452522411596,0.18083103793866795,0.05238507276072413,14,16,2.0,19.0,0.5987538940809969,0.5669781931464174,0.3176,709,2734,0.1,0.2,15
30,15,false,,0.14520701085900897,0.17822761660394384,0.05454624470433379,18,25,1.0,29.0,0.5944919278252612,0.18391896169673946,0.2698,709,2734,0.1,0.2,15
40,20,false,,0.1471208802019862,0.16384054268534162,0.03334805175542793,16,3,1.0,37.0,0.5907065563335455,0.11075747931253978,0.2446,709,2734,0.1,0.2,15
50,25,true,,0.14971331662613457,0.21520923178008403,0.07759872040242088,33,32,3.0,48.0,0.8096895851465042,0.09312445604873804,0.2458,709,2734,0.1,0.2,15
20,10,false,,0.16124176584483996,0.17750468299508387,0.025568876240056104,11,16,1.0,19.0,0.536360749444268,0.4160050809780883,0.2936,710,2735,0.1,0.2,15
30,15,false,,0.1563953910908017,0.16455655687219548,0.016587471783349045,21,26,1.0,29.0,0.531591737545565,0.10176184690157959,0.2898,710,2735,0.1,0.2,15
40,20,true,,0.1562853384208405,0.23166632631410528,0.10176106441697838,27,34,4.0,39.0,0.7739706305787504,0.11891736251079758,0.2604,710,2735,0.1,0.2,15
20,10,false,,0.11373570025369309,0.23986387523501992,0.13807569009067566,14,17,2.0,19.0,0.6718851924331376,0.5495759947814742,0.2996,711,2736,0.1,0.2,15
30,15,true,,0.13019748304526424,0.5738105042859549,0.44640649385522807,24,25,9.0,29.0,0.9183201058201058,0.11706349206349206,0.2862,711,2736,0.1,0.2,15
20,10,false,,0.1376281599350442,0.2592507755368589,0.13832000181262497,13,16,1.0,19.0,0.668751954957773,0.529871754770097,0.2848,712,2737,0.1,0.2,15
30,15,false,,0.17514314522239663,0.5759367944149573,0.4059868612965839,25,26,2.0,29.0,0.8230277185501066,0.049345111178799875,0.258,712,2737,0.1,0.2,15
40,20,false,,0.17724648944550753,0.19658298987083514,0.02710297387792835,26,36,1.0,39.0,0.5817142857142857,0.13885714285714285,0.2442,712,2737,0.1,0.2,15
50,25,true,,0.17754866752730838,0.2448261831122585,0.11825496332083554,38,48,2.0,49.0,0.7937698298240554,0.13700605710989328,0.226,712,2737,0.1,0.2,15
20,10,true,,0.0851405870670973,0.2751642579151108,0.19897051947423866,14,16,1.0,19.0,0.7076502732240437,0.5932864949258392,0.2676,713,2738,0.1,0.2,15
20,10,false,,0.08521109511468639,0.07984787608325655,-0.0018418080111750612,9,1,1.0,19.0,0.4957191780821918,0.3377568493150685,0.192,714,2739,0.1,0.2,15
30,15,true,,0.05963247491310643,0.31386170857519896,0.2387888194175815,22,26,2.0,29.0,0.8525714285714285,0.14971428571428572,0.0986,714,2739,0.1,0.2,15
20,10,false,,0.15328788460738563,0.10827484231269315,-0.05639841981326666,10,2,1.0,19.0,0.34688847812692547,0.3662969808995687,0.3088,715,2740,0.1,0.2,15
30,15,false,,0.16719672709571007,0.15579307366584802,-0.007144471011706038,13,1,1.0,28.0,0.48489769405651184,0.13283533614810003,0.2512,715,2740,0.1,0.2,15
40,20,true,,0.15444914859299216,0.34608322030265987,0.19168980700570448,32,35,5.0,39.0,0.8530033202535466,0.11017204950196197,0.261,715,2740,0.1,0.2,15
20,10,false,,0.08860315843932162,0.20490121505279515,0.13585195578058565,12,16,1.0,19.0,0.689922480620155,0.49760059062384643,0.2454,716,2741,0.1,0.2,15
30,15,true,,0.11099299251599207,0.22652790690295097,0.12965030135535469,18,25,1.0,28.0,0.8466464442197505,0.25075834175935285,0.294,716,2741,0.1,0.2,15
20,10,true,,0.12300137253960718,0.36260004937508067,0.2323788733311692,14,16,1.0,19.0,0.7345619139993533,0.5612673779502102,0.3046,717,2742,0.1,0.2,15
20,10,false,,0.0792120753170572,0.14522437294341536,0.07683137416797231,13,15,2.0,19.0,0.6766488413547237,0.5618538324420678,0.2934,718,2743,0.1,0.2,15
30,15,false,,0.09152828451337983,0.1279227175821063,0.0455750973090971,21,25,1.0,29.0,0.6350397175639894,0.16857899382171226,0.229,718,2743,0.1,0.2,15
40,20,false,,0.14807304327225954,0.11061715765662372,-0.04072420426848835,6,2,1.0,32.125,0.4034181240063593,0.1192368839427663,0.256,718,2743,0.1,0.2,15
50,25,true,,0.11709291743599544,0.1634458178440897,0.06723632814379453,22,45,2.0,48.0,0.7279305354558611,0.14652677279305354,0.2462,718,2743,0.1,0.2,15
20,10,false,,0.08020433708072845,0.47417640050800025,0.40393547165593957,15,16,5.0,19.0,0.9322990126939351,0.7073342736248237,0.3046,719,2744,0.1,0.2,15
30,15,false,,0.3152084989836464,0.11103358531904453,-0.20198690814430337,4,1,1.0,26.0,0.28656939768050876,0.12008978675645342,0.2532,719,2744,0.1,0.2,15
40,20,true,,0.13038436294366942,0.220287663415071,0.10622440055309076,32,36,4.0,39.0,0.7523489932885906,0.11845637583892618,0.2526,719,2744,0.1,0.2,15
20,10,false,,0.07100399400673774,0.09870732118625311,0.033456838711121366,11,16,1.0,19.0,0.6013787510137875,0.42700729927007297,0.2592,720,2745,0.1,0.2,15
30,15,false,,0.09264771420931485,0.07556042323001992,-0.024944411552436208,12,1,1.0,26.0,0.3909217230199166,0.2107457156090783,0.176,720,2745,0.1,0.2,15
40,20,false,,0.1573136184397033,0.06939098226675625,-0.09232606369902588,5,1,1.0,23.0,0.24058823529411766,0.09411764705882353,0.0974,720,2745,0.1,0.2,15
50,25,true,,0.07961909588835228,0.19244949445689452,0.116718593288041,40,42,24.0,48.0,0.8048780487804879,0.008672086720867209,0.0952,720,2745,0.1,0.2,15
20,10,false,,0.11477812335344705,0.1912359913673987,0.09590333728218278,12,15,1.0,19.0,0.6421895861148198,0.47563417890520693,0.2954,721,2746,0.1,0.2,15
30,15,false,,0.16504702565543075,0.10623744950672766,-0.08182818998701065,7,1,1.0,28.0,0.3374956642386403,0.16371834894207424,0.2676,721,2746,0.1,0.2,15
40,20,true,,0.13649902958584909,0.355974648301682,0.23696248950066096,33,34,15.0,39.0,0.9057390189163194,0.0596344982366143,0.2634,721,2746,0.1,0.2,15
20,10,true,,0.08603555002674994,0.48318112287066384,0.39483820384153895,13,15,2.0,19.0,0.8876823888700374,0.6243637597556837,0.309,722,2747,0.1,0.2,15
20,10,true,,0.05054528763940934,0.19284304398159635,0.14568752548691197,14,16,1.0,19.0,0.731638418079096,0.5451977401129944,0.1606,723,2748,0.1,0.2,15
20,10,false,,0.12270547650444327,0.23293433222834287,0.11344868029547786,14,16,2.0,19.0,0.6906991260923845,0.615792759051186,0.2854,724,2749,0.1,0.2,15
30,15,false,,0.14769267914673634,0.6785215947917633,0.526250266751091,25,27,3.0,29.0,0.8782051282051282,0.1032051282051282,0.2722,724,2749,0.1,0.2,15
40,20,true,,0.15760412238662813,0.2787222403859145,0.13709933450024223,32,34,4.0,39.0,0.7716012084592145,0.07794561933534744,0.2394,724,2749,0.1,0.2,15
20,10,false,,0.13693222949643202,0.15306003597432916,0.023247057656174186,10,1,1.0,19.0,0.5524739993696817,0.39268830759533563,0.3142,725,2750,0.1,0.2,15
30,15,false,,0.15949378960388672,0.18246779954183862,0.02963460813248736,19,25,1.0,29.0,0.5808736717827627,0.22195985832349469,0.3004,725,2750,0.1,0.2,15
40,20,true,,0.16046338105844948,0.20238152480979402,0.05485623725401127,21,34,2.0,38.0,0.7066369213608478,0.19074177356385946,0.2566,725,2750,0.1,0.2,15
20,10,false,,0.09346147365926119,0.7168479097199143,0.637861862528459,16,17,1.0,19.0,0.7265948632974316,0.5849212924606463,0.2326,726,2751,0.1,0.2,15
30,15,false,,0.09626017723834127,0.641241722865395,0.5388236683416698,26,26,15.0,29.0,0.9863344051446945,0.06631832797427653,0.2754,726,2751,0.1,0.2,15
40,20,true,,0.1099548462614875,0.23533896111981484,0.1434688521855801,28,35,6.0,38.0,0.8037928519328957,0.17359591539022612,0.2906,726,2751,0.1,0.2,15
20,10,false,,0.04316696098103269,0.36576514012187367,0.34159710920482794,16,17,2.0,19.0,0.8575788402848423,0.6790437436419126,0.1402,727,2752,0.1,0.2,15
30,15,false,,0.060588697598423974,0.6789171594011378,0.6263163853131116,25,26,2.0,29.0,0.8888245512449334,0.0225825130283729,0.084,727,2752,0.1,0.2,15
40,20,false,,0.6334868903409141,0.051927689591286096,-0.5886623647162892,1,1,1.0,4.0,0.0,0.0,0.0356,727,2752,0.1,0.2,15
50,25,false,,0.06265001937007288,0.7773151164385598,0.7005226340597879,45,48,38.0,49.0,1.0,0.0,0.0246,727,2752,0.1,0.2,15
60,30,true,,0.19508655295793043,0.2494297939520353,0.06300534936122217,27,27,19.15,32.849999999999994,0.8181818181818182,0.0,0.0042,727,2752,0.1,0.2,15
20,10,false,,0.11167636205751938,0.38983709920408066,0.28314614887705003,15,17,3.0,19.0,0.8110856018366678,0.6746474253853723,0.3064,728,2753,0.1,0.2,15
30,15,false,,0.12435811012193924,0.12408741607077069,-0.002893225836415325,16,25,1.0,29.0,0.4925913730655252,0.2209417188014488,0.2954,728,2753,0.1,0.2,15
40,20,false,,0.13389802867772604,0.20540784053471622,0.09214577716612876,26,34,1.0,39.0,0.6938911022576362,0.0846613545816733,0.2594,728,2753,0.1,0.2,15
50,25,false,,0.1698562950910185,0.15509411903338338,-0.02541074028349538,10,1,1.0,45.0,0.4467455621301775,0.10157790927021697,0.2022,728,2753,0.1,0.2,15
60,30,true,,0.14586316101891164,0.2372577136374466,0.11292554289898493,30,48,2.0,53.0,0.8428184281842819,0.11623005118940079,0.205,728,2753,0.1,0.2,15
20,10,false,,0.09965823105665274,0.2100497474500352,0.11922357187337748,15,17,2.0,19.0,0.7015437392795884,0.58147512864494,0.3014,729,2754,0.1,0.2,15
30,15,false,,0.11602438771367556,0.15370915095484664,0.0468988129599881,21,26,1.0,29.0,0.5797413793103449,0.1505028735632184,0.268,729,2754,0.1,0.2,15
40,20,true,,0.12134538979428773,0.20638495682176294,0.10449153059363593,30,35,3.0,39.0,0.7349882589734988,0.11841663871184166,0.2838,729,2754,0.1,0.2,15
20,10,false,,0.10558116933197548,0.19898070875404172,0.10096960633818289,12,16,1.0,19.0,0.6900584795321637,0.47530864197530864,0.3078,730,2755,0.1,0.2,15
30,15,true,,0.1544569469445536,0.22092738520689043,0.11400680515145409,19,25,2.0,29.0,0.7336490085824209,0.10298905001479727,0.298,730,2755,0.1,0.2,15
20,10,false,,0.13003775153640107,0.42885261353317716,0.3018635691107813,15,18,2.0,19.0,0.8332284455632474,0.6299559471365639,0.2986,731,2756,0.1,0.2,15
30,15,false,,0.15045101852694145,0.14200641646481307,-0.02265169684582935,13,1,1.0,29.0,0.4546915167095116,0.1397814910025707,0.2598,731,2756,0.1,0.2,15
40,20,false,,0.151779119301761,0.21269042810298006,0.07951427058920729,33,35,8.0,39.0,0.656711915535445,0.07571644042232277,0.246,731,2756,0.1,0.2,15
50,25,true,,0.15385965400847815,0.2243247936885314,0.1083069641621855,29,44,4.0,48.0,0.8325499412455935,0.15276145710928318,0.2338,731,2756,0.1,0.2,15
20,10,true,,0.1091573928704325,0.39942434853978975,0.29653319899513847,14,16,2.0,19.0,0.815038603558241,0.6096005370929842,0.316,732,2757,0.1,0.2,15
20,10,false,,0.09571821338983869,0.1417163279082047,0.05468298758661051,13,16,2.0,19.0,0.6161546427338627,0.5236451501553331,0.2912,733,2758,0.1,0.2,15
30,15,false,,0.1543762482106531,0.12383560775538589,-0.03592695187197134,6,1,1.0,29.0,0.4665052461662631,0.11218724778046812,0.243,733,2758,0.1,0.2,15
40,20,false,,0.1933270299361317,0.1407626305522085,-0.07004859414376624,5,2,1.0,38.0,0.41981468282252316,0.10121168923734854,0.2346,733,2758,0.1,0.2,15
50,25,true,,0.14389528545244168,0.22553148219497185,0.10199760774140831,34,39,6.0,47.0,0.7979135618479881,0.14307004470938897,0.2584,733,2758,0.1,0.2,15
20,10,false,,0.11843959597481568,0.08296032301577075,-0.03866591815365586,7,2,1.0,19.0,0.4253931722286153,0.2869198312236287,0.263,734,2759,0.1,0.2,15
30,15,true,,0.12508536109832116,0.4430602201339071,0.31433626580508445,24,25,3.0,29.0,0.901039919490104,0.09090909090909091,0.2846,734,2759,0.1,0.2,15
20,10,false,,0.07466149891128074,0.33390715667830867,0.262373708290104,15,17,2.0,19.0,0.779463243873979,0.6343835083625049,0.2822,735,2760,0.1,0.2,15
30,15,false,,0.11450397944203722,0.12856314839630376,0.027137088612094993,15,1,1.0,29.0,0.5518672199170125,0.13900414937759337,0.2502,735,2760,0.1,0.2,15
40,20,true,,0.11221352912795948,0.22399092124153436,0.11877043073201825,31,36,3.0,39.0,0.7484088356420816,0.08910520404342943,0.287,735,2760,0.1,0.2,15
20,10,false,,0.044133470949124565,0.5601619600572577,0.512024924063264,16,17,10.0,19.0,0.9858638743455498,0.7900523560209424,0.1396,736,2761,0.1,0.2,15
30,15,false,,0.11133422582126591,0.1150804713292352,0.007299006810006309,12,3,1.0,29.0,0.5144367629117528,0.13989426596177307,0.2742,736,2761,0.1,0.2,15
40,20,false,,0.11768237921504485,0.16429204085888308,0.05980814188324346,23,36,2.0,39.0,0.6452289409297448,0.1716183152743796,0.293,736,2761,0.1,0.2,15
50,25,false,,0.1435682813920356,0.12942523087821473,-0.0157432141965978,11,2,1.0,47.0,0.45776664280601287,0.10880458124552612,0.2168,736,2761,0.1,0.2,15
60,30,false,,0.23115813133793223,0.13894612938401846,-0.08813634658646043,6,1,1.0,30.0,0.3762906309751434,0.13231357552581263,0.1688,736,2761,0.1,0.2,15
20,10,false,,0.14833772668226292,0.17973142051061688,0.043610180458951014,9,3,1.0,19.0,0.5783277995774223,0.3637186839722306,0.297,737,2762,0.1,0.2,15
30,15,false,,0.15920655097711853,0.1827702278828569,0.029791405994060327,21,26,2.0,29.0,0.5647761194029851,0.14597014925373133,0.2942,737,2762,0.1,0.2,15
40,20,true,,0.1646016069249491,0.48205862279410316,0.30935633396806717,34,36,11.0,39.0,0.8944153577661431,0.05002908667830134,0.2504,737,2762,0.1,0.2,15
20,10,false,,0.1294373230722829,0.18565034588412077,0.08042084792752024,14,16,1.0,19.0,0.6530612244897959,0.5487528344671202,0.2972,738,2763,0.1,0.2,15
30,15,true,,0.1428577507302577,0.2186079944597317,0.10158910978713837,21,25,2.0,29.0,0.7326302729528535,0.1271712158808933,0.2728,738,2763,0.1,0.2,15
20,10,false,,0.09065422545249102,0.20460532311226887,0.12387795001164009,13,15,1.0,19.0,0.6995597945707998,0.5198092443140132,0.2784,739,2764,0.1,0.2,15
30,15,false,,0.1279221708504081,0.11441297728007702,-0.019893746554987296,9,1,1.0,27.0,0.45441176470588235,0.19044117647058822,0.2872,739,2764,0.1,0.2,15
40,20,true,,0.12313482023696465,0.22817237085663378,0.13245236347707628,22,36,3.0,38.0,0.7985516787360105,0.14516129032258066,0.2962,739,2764,0.1,0.2,15
20,10,false,,0.08480304018866897,0.1339372695804133,0.061436731566845426,12,15,1.0,19.0,0.6268388948690348,0.46537495514890564,0.2752,740,2765,0.1,0.2,15
30,15,true,,0.09680276680793412,0.4822148545475841,0.3688649161481615,24,25,5.125,29.0,0.8706830391404451,0.13392171910974673,0.294,740,2765,0.1,0.2,15
20,10,false,,0.10535548512535495,0.09639465480696364,-0.0068050376820645575,7,2,1.0,19.0,0.4787514103046258,0.28544565626175256,0.2806,741,2766,0.1,0.2,15
30,15,false,,0.09779664314663852,0.1596125044587753,0.07819128495506167,22,26,2.0,29.0,0.666796875,0.153125,0.289,741,2766,0.1,0.2,15
40,20,true,,0.1057898645248688,0.21828112724530985,0.1349333312995119,28,36,2.0,39.0,0.7464503042596349,0.12332657200811359,0.2808,741,2766,0.1,0.2,15
20,10,false,,0.08492922780630716,0.2662485569822635,0.18274289475328007,15,16,1.0,19.0,0.7885835095137421,0.6490486257928119,0.297,742,2767,0.1,0.2,15
30,15,true,,0.10427771847811156,0.24555067306753475,0.15910049775233862,18,25,2.0,28.0,0.7781677781677782,0.14391014391014392,0.2914,742,2767,0.1,0.2,15
20,10,true,,0.06818389905687636,0.20383561349383267,0.14020089106457215,14,16,1.0,19.0,0.7658730158730159,0.625,0.2364,743,2768,0.1,0.2,15
20,10,false,,0.10812033759488414,0.43476682844652154,0.34129566541364964,15,17,3.0,19.0,0.8707846410684474,0.6838063439065108,0.2916,744,2769,0.1,0.2,15
30,15,true,,0.13204857167528206,0.23907880401716194,0.1270639413523724,21,25,2.0,29.0,0.7444747199515592,0.17741447169240085,0.3026,744,2769,0.1,0.2,15
20,10,false,,0.19278099888202022,0.12290440112116673,-0.09482437356032125,7,2,1.0,19.0,0.41387321606372385,0.36010620643876534,0.2832,745,2770,0.1,0.2,15
30,15,false,,0.14147501694193895,0.1824563979465215,0.0732091445141608,18,28,3.0,29.0,0.6808315499847142,0.2430449403852033,0.2902,745,2770,0.1,0.2,15
40,20,false,,0.14735176008242015,0.5779104869191114,0.43414258400732697,35,37,25.0,39.0,0.9181669394435352,0.0006546644844517185,0.2244,745,2770,0.1,0.2,15
50,25,false,,0.16809911971480454,0.17197782669750328,-0.003243758696491128,37,1,1.0,49.0,0.49551282051282053,0.0125,0.1886,745,2770,0.1,0.2,15
60,30,true,,0.16558363211469296,0.3163549499802776,0.15118632783886818,50,54,35.0,59.0,0.7984656240778991,0.0,0.2078,745,2770,0.1,0.2,15
20,10,false,,0.12742674039414445,0.5984646518521827,0.4709427665091817,16,17,2.0,19.0,0.8662750518313752,0.7180373185901866,0.2748,746,2771,0.1,0.2,15
30,15,false,,0.1669681016207283,0.14647160269829743,-0.020438165381328824,8,1,1.0,29.0,0.4720455306327419,0.1004352192835621,0.2612,746,2771,0.1,0.2,15
40,20,true,,0.15270824135833538,0.2056251782448592,0.07310713450587775,26,37,2.0,38.0,0.7079383886255924,0.13003554502369669,0.2636,746,2771,0.1,0.2,15
20,10,false,,0.11895154111494168,0.3132847808859919,0.2110803665402883,15,16,1.0,19.0,0.7137083192994275,0.6554395419333109,0.2808,747,2772,0.1,0.2,15
30,15,false,,0.16176415264694988,0.15935543299863172,0.0182557742434524,10,1,1.0,29.0,0.5103565365025466,0.12088285229202038,0.2454,747,2772,0.1,0.2,15
40,20,true,,0.15211022273279626,0.21118525654624173,0.10050994801671577,22,34,2.0,38.0,0.7391564463057134,0.13161830690996112,0.2526,747,2772,0.1,0.2,15
20,10,false,,0.1436501848095459,0.05541472614950407,-0.09961895740918969,4,1,1.0,18.0,0.26025032369443246,0.17393180837289599,0.1748,748,2773,0.1,0.2,15
30,15,false,,0.06463616318236289,0.11648027414104849,0.06011243563755813,13,28,1.0,29.0,0.6177351707609346,0.18873576992210905,0.1032,748,2773,0.1,0.2,15
40,20,true,,0.07116995605048296,0.16196896213006118,0.09571772892565636,27,6,3.0,38.575000000000045,0.7057613168724279,0.021262002743484224,0.049,748,2773,0.1,0.2,15
20,10,false,,0.09606031923116545,0.5868858326387288,0.5014316257077875,16,16,7.0,19.0,0.9169284467713787,0.7514834205933683,0.2928,749,2774,0.1,0.2,15
30,15,true,,0.12793717458429818,0.20605770644065097,0.1230576579918242,19,27,1.0,29.0,0.700531208499336,0.1145418326693227,0.286,749,2774,0.1,0.2,15
20,10,false,,0.11680783958845567,0.17297449408027482,0.09315704471902418,11,1,1.0,19.0,0.6321645313553608,0.428186109238031,0.2894,750,2775,0.1,0.2,15
30,15,false,,0.14987270698061658,0.18821365782610983,0.0620082926032641,16,26,1.0,29.0,0.6422222222222222,0.21904761904761905,0.275,750,2775,0.1,0.2,15
40,20,false,,0.144412886449651,0.7135525267439898,0.5670051241707296,36,36,22.0,39.0,0.9064245810055865,0.0024441340782122905,0.2196,750,2775,0.1,0.2,15
50,25,true,,0.1587338970286949,0.25666133609334896,0.1258256428686244,41,46,2.0,49.0,0.8089114832535885,0.023624401913875596,0.2288,750,2775,0.1,0.2,15
20,10,true,,0.10877015768331176,0.26020045563008026,0.17028724625149208,14,15,2.0,19.0,0.7697390155269244,0.6045589692765114,0.303,751,2776,0.1,0.2,15
20,10,false,,0.11626943037687436,0.5001793331035429,0.37889448626273975,15,15,2.0,19.0,0.8410684474123539,0.6440734557595993,0.2944,752,2777,0.1,0.2,15
30,15,true,,0.12583825299752016,0.27292179434020875,0.16438915781603788,24,26,4.0,29.0,0.7678514249119437,0.13480627601665066,0.2832,752,2777,0.1,0.2,15
20,10,true,,0.10388820284257727,0.4022641133575413,0.29423670172001437,14,15,4.0,19.0,0.8738738738738738,0.6634491634491635,0.3052,753,2778,0.1,0.2,15
20,10,false,,0.12130656941696548,0.20039022175242313,0.09489385636536798,10,14,1.0,19.0,0.64492989892403,0.3733289859797848,0.311,754,2779,0.1,0.2,15
30,15,false,,0.13391503771097757,0.18257750947544876,0.08025332713164998,20,26,1.0,29.0,0.6943384223918575,0.18161577608142493,0.2818,754,2779,0.1,0.2,15
40,20,false,,0.15369750817066322,0.21804638058629014,0.09144619373622408,21,35,1.0,38.0,0.6995488721804511,0.11338345864661654,0.26,754,2779,0.1,0.2,15
50,25,false,,0.2272336949046955,0.1684155468276554,-0.06949972526397027,5,2,1.0,41.0,0.37786139855754153,0.08309814989024773,0.219,754,2779,0.1,0.2,15
60,30,true,,0.16008551655857942,0.22935945861488535,0.10877443573882839,21,17,3.0,57.0,0.8382481751824817,0.19708029197080293,0.2062,754,2779,0.1,0.2,15
20,10,false,,0.2294028209380618,0.10513203280870789,-0.14966409495809202,5,1,1.0,19.0,0.33760683760683763,0.2742165242165242,0.2314,755,2780,0.1,0.2,15
30,15,true,,0.12149991234871504,0.19090823473920593,0.09959491808248522,21,26,2.0,29.0,0.7139542591978787,0.16407026847862113,0.295,755,2780,0.1,0.2,15
20,10,false,,0.16533533254892213,0.1712909223816788,0.01364435934230615,9,2,1.0,19.0,0.5288115246098439,0.3502400960384154,0.3204,756,2781,0.1,0.2,15
30,15,false,,0.1669661814157544,0.20513649812606652,0.05411264424820578,23,26,4.0,29.0,0.6308666858623668,0.16556291390728478,0.274,756,2781,0.1,0.2,15
40,20,true,,0.17537885224324948,0.2290640791177074,0.08888393271284759,25,36,1.0,39.0,0.7211482132396017,0.12097246631517282,0.2504,756,2781,0.1,0.2,15
20,10,false,,0.33125892080968433,0.11468635399533886,-0.23133352425182682,3,1,1.0,18.0,0.28551532033426186,0.18454038997214484,0.247,757,2782,0.1,0.2,15
30,15,false,,0.147662409150522,0.2178979744660603,0.09860050454902583,22,1,1.0,29.0,0.6224526278155166,0.07472291741151234,0.2192,757,2782,0.1,0.2,15
40,20,false,,0.3101131500361813,0.14566829834059822,-0.1730995518997978,4,2,1.0,30.0,0.2423477437677501,0.08425370779425687,0.232,757,2782,0.1,0.2,15
50,25,true,,0.15492447784602245,0.20238823584558935,0.08550308246731769,35,47,2.0,48.0,0.7968091511137869,0.07525586995785671,0.238,757,2782,0.1,0.2,15
20,10,false,,0.14063577428505905,0.41973663277141043,0.2849645687408525,15,16,3.0,19.0,0.8248037676609106,0.6175824175824176,0.3136,758,2783,0.1,0.2,15
30,15,false,,0.13834328086359912,0.19833152824549283,0.06479784086181956,23,25,3.0,29.0,0.6680786686838124,0.1627836611195159,0.283,758,2783,0.1,0.2,15
40,20,false,,0.16798155966753484,0.168925527955984,0.020709663567657244,11,3,1.0,38.0,0.5326153846153846,0.09138461538461538,0.2466,758,2783,0.1,0.2,15
50,25,false,,0.16586648416522962,0.17362100686781595,0.010774821263903556,8,3,1.0,31.0,0.5258074252942952,0.20464835496528827,0.2098,758,2783,0.1,0.2,15
60,30,true,,0.15038962482737767,0.18798637128569587,0.046472982248219386,16,24,2.0,34.0,0.7472598323662153,0.17440361057382334,0.1836,758,2783,0.1,0.2,15
20,10,false,,0.10620106490413266,0.12746533153773956,0.022215723480941724,11,2,1.0,19.0,0.5315958586219207,0.42699036058550516,0.2854,759,2784,0.1,0.2,15
30,15,true,,0.12283276505445734,0.32266657066563376,0.19300726845631613,24,26,7.0,29.0,0.7863756613756614,0.11541005291005291,0.2906,759,2784,0.1,0.2,15
20,10,false,,0.055012416914115445,0.10790880502010468,0.045472933834725164,10,13,1.0,18.0,0.6307550644567219,0.40239410681399634,0.16,760,2785,0.1,0.2,15
30,15,false,,0.10806193727746985,0.0635608107298413,-0.041678430324297716,5,1,1.0,23.0,0.3589905362776025,0.09779179810725552,0.078,760,2785,0.1,0.2,15
40,20,false,,0.1625323873962271,0.05949800701894226,-0.113306732417331,3,2,1.0,8.0,0.21168501270110077,0.0,0.0396,760,2785,0.1,0.2,15
50,25,true,,0.0642313787408752,0.4446233092693369,0.3865375428003802,44,44,43.0,49.0,1.0,0.0,0.0212,760,2785,0.1,0.2,15
20,10,false,,0.0374510369345255,0.5910800880428977,0.5402934150948275,16,16,4.0,19.0,0.9156812339331619,0.7655526992287918,0.1274,761,2786,0.1,0.2,15
30,15,false,,0.05205407339290077,0.08781280454555272,0.03364023158603674,23,26,6.0,29.0,0.6603098927294399,0.15137067938021453,0.0702,761,2786,0.1,0.2,15
40,20,true,,0.032196919462770854,0.11850885691984935,0.08088477306528963,25,19,7.0,30.0,0.9213085764809903,0.07427055702917772,0.0382,761,2786,0.1,0.2,15
20,10,true,,0.10220997088983112,0.18949628456568524,0.10434681664627977,14,15,2.0,19.0,0.7220350404312669,0.5431266846361186,0.3022,762,2787,0.1,0.2,15
20,10,false,,0.12445092973120271,0.16944617468501785,0.052069957188756046,12,16,2.0,19.0,0.6213651668197123,0.4799510254055709,0.3284,763,2788,0.1,0.2,15
30,15,true,,0.1454851583144975,0.24452379485547926,0.12068757922211332,21,24,2.0,29.0,0.7653429602888087,0.18892900120336945,0.294,763,2788,0.1,0.2,15
20,10,false,,0.14980342422553808,0.10282018390281221,-0.05015190637453828,7,3,1.0,19.0,0.3752033843150016,0.2661893914741295,0.3034,764,2789,0.1,0.2,15
30,15,false,,0.1344523986387236,0.2178330918677579,0.10784922567327603,19,22,1.0,29.0,0.6849840255591054,0.14920127795527158,0.2844,764,2789,0.1,0.2,15
40,20,false,,0.15206315550736302,0.5131933491650891,0.36195383670028025,35,35,20.0,39.0,0.9195472621596819,0.01009483022330988,0.2204,764,2789,0.1,0.2,15
50,25,true,,0.1436724339514449,0.19637402980805085,0.0783915615897072,15,8,1.0,48.0,0.8114285714285714,0.1762406015037594,0.2518,764,2789,0.1,0.2,15
20,10,false,,0.10508722651226829,0.4827540650676569,0.38583695045096,16,16,9.0,19.0,0.9214711729622267,0.8336646785950961,0.2796,765,2790,0.1,0.2,15
30,15,true,,0.14304723919970236,0.19496916598536534,0.07690614180472102,15,8,2.0,28.0,0.7032004830917874,0.18931159420289856,0.3088,765,2790,0.1,0.2,15
20,10,true,,0.09657326038879263,0.2556701153511741,0.16258455601430086,13,14,1.0,19.0,0.7927069645203679,0.5492772667542707,0.2934,766,2791,0.1,0.2,15
20,10,false,,0.16613504234098714,0.11414798530725903,-0.06066700733854541,6,1,1.0,18.0,0.36434359805510536,0.22171799027552674,0.3096,767,2792,0.1,0.2,15
30,15,false,,0.12431100180606067,0.16539773119475756,0.05615986130593087,12,15,1.0,27.0,0.664119804400978,0.31907090464547677,0.3054,767,2792,0.1,0.2,15
40,20,false,,0.1528385638269927,0.19260461124971742,0.07027551589430202,19,36,1.0,37.0,0.6699086354258768,0.16828765104627175,0.2732,767,2792,0.1,0.2,15
50,25,true,,0.15953629984871998,0.2242884612373534,0.093948358113953,33,42,3.0,48.0,0.7903133903133903,0.12307692307692308,0.2446,767,2792,0.1,0.2,15
20,10,false,,0.09419793238791802,0.1333009771784728,0.053194296273380334,12,16,1.0,19.0,0.6212672978878369,0.4675892206846322,0.2952,768,2793,0.1,0.2,15
30,15,true,,0.09708659883621137,0.21341652312160272,0.12668051876799907,18,26,2.0,29.0,0.7463878326996197,0.1779467680608365,0.2928,768,2793,0.1,0.2,15
20,10,false,,0.0635595216689966,0.5801297864729767,0.5138617067685569,16,16,3.0,19.0,0.8941029900332226,0.757890365448505,0.2302,769,2794,0.1,0.2,15
30,15,false,,0.06433774810125438,0.07889969028425067,0.002075187512650234,18,25,1.0,28.0,0.5087336244541485,0.20578602620087336,0.0924,769,2794,0.1,0.2,15
40,20,true,,0.06134774707830194,0.35170685865897805,0.3055600735364719,33,33,27.0,39.0,0.9623621025308241,0.0,0.053,769,2794,0.1,0.2,15
20,10,false,,0.08034665902359918,0.3789674310934886,0.30673180719669635,15,16,4.0,19.0,0.8061527057079318,0.6830985915492958,0.2764,770,2795,0.1,0.2,15
30,15,true,,0.10271177477740066,0.23721860556592114,0.15069967264534995,21,25,4.0,29.0,0.8281092012133469,0.18604651162790697,0.3098,770,2795,0.1,0.2,15
20,10,false,,0.11743310821518432,0.14763550802163058,0.038232024916379365,11,1,1.0,19.0,0.5938566552901023,0.43822525597269624,0.2934,771,2796,0.1,0.2,15
30,15,true,,0.12353477857692984,0.25697465351118687,0.15434515905637963,23,26,2.0,29.0,0.7679368348781325,0.1479574322004806,0.2806,771,2796,0.1,0.2,15
20,10,false,,0.11878456853947732,0.4718721870550121,0.3657941912647279,15,16,1.0,19.0,0.6952054794520548,0.6527397260273973,0.289,772,2797,0.1,0.2,15
30,15,true,,0.13478419345432044,0.21772948321045008,0.10791110201425214,15,5,1.0,29.0,0.7033769394584728,0.1907514450867052,0.2976,772,2797,0.1,0.2,15
20,10,true,,0.08677887017175062,0.19110880053485876,0.10433890374300288,14,16,2.0,19.0,0.7471457353928811,0.6390194761584956,0.311,773,2798,0.1,0.2,15
20,10,false,,0.13762752342545187,0.3082207613094792,0.20447903298016218,11,1,1.0,19.0,0.5884057971014492,0.45217391304347826,0.2372,774,2799,0.1,0.2,15
30,15,false,,0.12869440794309323,0.17238177681305417,0.0598697750709201,17,24,2.0,29.0,0.660347551342812,0.2240126382306477,0.2918,774,2799,0.1,0.2,15
40,20,true,,0.14607301078253473,0.2248742872883253,0.10377290624354976,27,33,4.0,38.0,0.7750517292344073,0.12562814070351758,0.2762,774,2799,0.1,0.2,15
20,10,false,,0.14023312187624026,0.22537557217298979,0.10661628287960609,12,1,1.0,19.0,0.6468832891246684,0.45855437665782495,0.283,775,2800,0.1,0.2,15
30,15,true,,0.16502827282025226,0.2363536042563913,0.09879828083143287,19,25,2.0,29.0,0.7248554913294798,0.21676300578034682,0.3014,775,2800,0.1,0.2,15
20,10,false,,0.08638279238627962,0.34744621028372535,0.27591878695534217,15,16,1.0,19.0,0.7667804323094426,0.682973075464543,0.2838,776,2801,0.1,0.2,15
30,15,false,,0.11983449235633983,0.148905792801996,0.052002853564938264,20,25,2.0,29.0,0.5929355281207133,0.18484224965706447,0.2836,776,2801,0.1,0.2,15
40,20,true,,0.11994284846732518,0.3857768924039964,0.267957063274611,34,36,21.0,39.0,0.8422382671480144,0.01660649819494585,0.2604,776,2801,0.1,0.2,15
20,10,false,,0.11456482920383117,0.4335792777827219,0.32842565213207536,15,16,2.0,19.0,0.8642504118616144,0.6836902800658978,0.299,777,2802,0.1,0.2,15
30,15,true,,0.13517886580961802,0.24343572045203168,0.1381840290121554,19,27,2.0,29.0,0.8027660853878533,0.22188815393866507,0.3104,777,2802,0.1,0.2,15
20,10,false,,0.10721864321109718,0.1197392914620812,0.011952600848955941,11,16,1.0,19.0,0.5443964083804457,0.4462919853674759,0.3168,778,2803,0.1,0.2,15
30,15,true,,0.11854372596458634,0.44141722016090346,0.3291306163021034,21,26,1.0,29.0,0.8239838763856231,0.19583473295263687,0.2852,778,2803,0.1,0.2,15
20,10,false,,0.12602563677795328,0.1688180078448425,0.060834714955108435,11,12,1.0,19.0,0.6088774525570924,0.46220649726600194,0.315,779,2804,0.1,0.2,15
30,15,true,,0.13572306367210127,0.22316759809578332,0.10836320106243333,21,23,4.0,28.0,0.77647412755716,0.19554753309265946,0.302,779,2804,0.1,0.2,15
20,10,false,,0.42511811290524393,0.1009415037732729,-0.31344550961885453,3,1,1.0,17.0,0.13818565400843882,0.10232067510548523,0.234,780,2805,0.1,0.2,15
30,15,false,,0.16520948300344568,0.1417325118610711,-0.03694806717058596,7,1,1.0,26.0,0.4407224958949097,0.1711001642036125,0.2538,780,2805,0.1,0.2,15
40,20,false,,0.16647837571621754,0.17208773250462872,0.03274513865359452,12,1,1.0,37.0,0.5521844660194175,0.2175364077669903,0.2376,780,2805,0.1,0.2,15
50,25,true,,0.16656850397130724,0.37022637922864793,0.21089217636875868,41,44,3.0,48.0,0.8293650793650794,0.05328798185941043,0.2382,780,2805,0.1,0.2,15
20,10,false,,0.13579381557704676,0.13941921671648178,0.0021449483062823335,10,16,1.0,19.0,0.5027590435315757,0.4227467811158798,0.3208,781,2806,0.1,0.2,15
30,15,true,,0.1342376405795505,0.2740654452661385,0.1486315122579987,21,24,3.0,29.0,0.8065386922615477,0.20545890821835633,0.3066,781,2806,0.1,0.2,15
20,10,false,,0.10957205629777284,0.153424686113622,0.0652458107907689,10,16,1.0,19.0,0.6312961719274681,0.39086635325721963,0.3064,782,2807,0.1,0.2,15
30,15,true,,0.14326287587600084,0.2215887556328518,0.12078878362053408,18,26,1.0999999999999943,29.0,0.7099526066350711,0.1911532385466035,0.2838,782,2807,0.1,0.2,15
20,10,false,,0.13253648002957846,0.11165663553100623,-0.018850890937101183,10,15,1.0,19.0,0.4527363184079602,0.39237147595356553,0.2844,783,2808,0.1,0.2,15
30,15,false,,0.1331670941618951,0.14217475643043986,0.022494725921841346,12,2,1.0,28.0,0.5516542876434841,0.1924375422012154,0.2834,783,2808,0.1,0.2,15
40,20,true,,0.13723208771036116,0.21636845355340512,0.10004133438905977,27,33,4.0,39.0,0.7738993710691824,0.1339622641509434,0.2756,783,2808,0.1,0.2,15
20,10,false,,0.12388413835685981,0.17526785675864667,0.07865429273928298,10,1,1.0,19.0,0.6152832674571805,0.40810276679841895,0.2956,784,2809,0.1,0.2,15
30,15,true,,0.1478221783841201,0.3956160114601423,0.26617215806462635,23,26,5.0,29.0,0.8578327799577422,0.17174766073045578,0.287,784,2809,0.1,0.2,15
20,10,true,,0.09317583831737147,0.21138568479760575,0.12735846647167237,14,16,1.0,19.0,0.7245119305856833,0.5394070860448301,0.2884,785,2810,0.1,0.2,15
20,10,true,,0.14076431903735817,0.2257077247656083,0.09830049946841024,14,15,2.0,19.0,0.700060350030175,0.5856970428485214,0.333,786,2811,0.1,0.2,15
20,10,false,,0.08888453004390236,0.17618357576726157,0.10463865352414402,14,17,1.0,19.0,0.6713973799126638,0.5520378457059679,0.2768,787,2812,0.1,0.2,15
30,15,false,,0.10815673020407794,0.15299770529405504,0.05848296593356776,17,25,1.0,28.0,0.6478669558929863,0.19414316702819956,0.2972,787,2812,0.1,0.2,15
40,20,true,,0.11360254071030432,0.18011472843580342,0.09247250163566975,27,36,2.0,39.0,0.7139664804469273,0.10726256983240223,0.2716,787,2812,0.1,0.2,15
20,10,false,,0.14198326158820604,0.16652723965752672,0.033199027786331936,13,16,1.9000000000000057,19.0,0.5761096216860292,0.5102770330652369,0.3272,788,2813,0.1,0.2,15
30,15,false,,0.14796170577523385,0.20360052825669078,0.07112317216194054,21,26,4.0,29.0,0.6823387582881254,0.26883664858348405,0.2992,788,2813,0.1,0.2,15
40,20,true,,0.16117751026229832,0.31989698212175344,0.18621090274750657,29,35,4.0,38.0,0.9041496201052016,0.14319111630625364,0.266,788,2813,0.1,0.2,15
20,10,false,,0.18276781520291654,0.11985686082522926,-0.09049149910571187,7,2,1.0,18.0,0.31382656155245603,0.24620982413583992,0.3116,789,2814,0.1,0.2,15
30,15,false,,0.1508532773248005,0.1528906419449977,0.01094397322580537,11,5,1.0,28.0,0.5268948655256723,0.15311735941320292,0.2828,789,2814,0.1,0.2,15
40,20,true,,0.1579739920617134,0.22946408416979738,0.10223552107500147,28,36,2.0,39.0,0.7312443507080446,0.08165109972883398,0.2522,789,2814,0.1,0.2,15
20,10,false,,0.14824283744330813,0.1405333895509672,0.009182075175535154,10,16,1.0,19.0,0.5124753775443204,0.40741956664478,0.2708,790,2815,0.1,0.2,15
30,15,false,,0.1354031342575191,0.5283533927231521,0.40414973875361243,25,25,2.0,29.0,0.8560959360426382,0.03897401732178547,0.2642,790,2815,0.1,0.2,15
40,20,false,,0.16689661245471227,0.16514233205293904,0.004439745015618057,10,1,1.0,35.0,0.5110009296560273,0.1648590021691974,0.241,790,2815,0.1,0.2,15
50,25,true,,0.15406217690989762,0.24870114362652376,0.12381902471282563,26,24,2.0,47.0,0.8851160158460668,0.12422184493491795,0.2578,790,2815,0.1,0.2,15
20,10,true,,0.08329539352754027,0.2317958327082798,0.1515988910845918,14,16,1.0,19.0,0.7164809834805993,0.5370726085286208,0.2734,791,2816,0.1,0.2,15
20,10,false,,0.38434520028515706,0.03818094918527632,-0.33065107908723834,2,1,1.0,13.0,0.1069078947368421,0.05098684210526316,0.1024,792,2817,0.1,0.2,15
30,15,false,,0.09616296007666526,0.1303460678456327,0.04438760146914089,14,26,1.0,28.0,0.6395032984090027,0.18471090415211486,0.2946,792,2817,0.1,0.2,15
40,20,false,,0.11407553831648283,0.13691877538513303,0.03514879452681348,12,4,1.0,37.0,0.591116173120729,0.1776765375854214,0.2768,792,2817,0.1,0.2,15
50,25,true,,0.12421136254235546,0.3253931842414114,0.20814252463734068,40,43,23.0,49.0,0.8733125649013499,0.013153340256143994,0.2622,792,2817,0.1,0.2,15
20,10,false,,0.1150611256071996,0.20045970471804914,0.09497037033710767,14,15,2.0,19.0,0.6623917922411029,0.5556268034626483,0.295,793,2818,0.1,0.2,15
30,15,false,,0.15276229312191789,0.14861975200968844,-0.008430819381551297,14,2,1.0,28.0,0.4819047619047619,0.1657142857142857,0.2728,793,2818,0.1,0.2,15
40,20,true,,0.15600600700281572,0.31517332971309325,0.17667536728610975,33,36,2.0,39.0,0.736955850571164,0.016363075023155295,0.2226,793,2818,0.1,0.2,15
20,10,false,,0.11882380274508414,0.16208422820043836,0.05798617062029578,10,1,1.0,19.0,0.6038107752956636,0.40538764783180026,0.2942,794,2819,0.1,0.2,15
30,15,false,,0.12288221918135181,0.410066937919108,0.29201185849245237,25,25,4.0,29.0,0.8385360602798708,0.08647290993900252,0.2512,794,2819,0.1,0.2,15
40,20,false,,0.14732860632145975,0.1498579946094449,0.015490071037139744,12,3,1.0,37.0,0.5412698412698412,0.20761904761904762,0.2668,794,2819,0.1,0.2,15
50,25,true,,0.1474770334321149,0.27466498675477313,0.13629616993350507,39,43,14.0,49.0,0.8770933014354066,0.0651913875598086,0.2336,794,2819,0.1,0.2,15
20,10,false,,0.0767674870202602,0.4641416274200485,0.3873128196642933,16,17,5.0,19.0,0.8593809705769966,0.7642338555598013,0.269,795,2820,0.1,0.2,15
30,15,false,,0.09410810797002456,0.6331791668182669,0.5243523540159509,25,27,14.0,29.0,0.9568658488326078,0.07914523149980214,0.2912,795,2820,0.1,0.2,15
40,20,false,,0.11658110415789437,0.12560201272574795,0.014458500500169863,26,36,3.0,38.0,0.5506692160611855,0.13346080305927344,0.2978,795,2820,0.1,0.2,15
50,25,false,,0.21563400168020097,0.10504539551307226,-0.12614682687007672,6,1,1.0,32.0,0.28205128205128205,0.1312997347480106,0.2374,795,2820,0.1,0.2,15
60,30,true,,0.12328318797828698,0.21856705230380324,0.10807952042822216,47,59,9.0,59.0,0.770059880239521,0.0686626746506986,0.198,795,2820,0.1,0.2,15
20,10,false,,0.1689255237921261,0.11705213607159592,-0.06784181060094474,5,1,1.0,18.0,0.36080711354309164,0.23153214774281805,0.2806,796,2821,0.1,0.2,15
30,15,true,,0.1369740268016788,0.23177821885830294,0.1325145633503608,21,26,3.0,29.0,0.7903370116313749,0.17804950790337012,0.2916,796,2821,0.1,0.2,15
20,10,false,,0.08547004103610834,0.07373409432870083,-0.01916455799278033,7,1,1.0,19.0,0.44057193923145666,0.30384271671134944,0.1892,797,2822,0.1,0.2,15
30,15,false,,0.12012016812770762,0.15712745597601344,0.05820906543527758,15,1,1.0,28.0,0.5946902654867257,0.16283185840707964,0.2846,797,2822,0.1,0.2,15
40,20,false,,0.13490558155102952,0.18462479625259876,0.07925283572576385,20,37,2.0,38.0,0.6734438536127619,0.1707851110416015,0.2886,797,2822,0.1,0.2,15
50,25,true,,0.15385447930866034,0.3505748847825897,0.2016732466734001,40,44,15.0,49.0,0.942160892542572,0.033763945977686435,0.2666,797,2822,0.1,0.2,15
20,10,true,,0.09106398216975149,0.29015386496837187,0.20237325395040395,14,15,2.0,19.0,0.8222984562607204,0.6483704974271012,0.313,798,2823,0.1,0.2,15
20,10,false,,0.11248017056111138,0.11488185920853242,0.006404166344228697,10,3,1.0,19.0,0.514086841233013,0.41465031488233345,0.2796,799,2824,0.1,0.2,15
30,15,true,,0.12075148823762932,0.3114864100197753,0.19091657118507682,22,25,1.0,29.0,0.7240042298202326,0.10997532604864294,0.2806,799,2824,0.1,0.2,15
20,10,true,,0.11221057696798246,0.2216938050540745,0.11702647275846297,14,15,2.0,19.0,0.7176651305683563,0.5947772657450077,0.3248,800,2825,0.1,0.2,15
20,10,false,,0.15874825532404938,0.07795239457001422,-0.09958690815139853,5,1,1.0,18.0,0.26383763837638374,0.22693726937269373,0.2534,801,2826,0.1,0.2,15
30,15,false,,0.2309478064464578,0.06661513704209361,-0.16220143243816826,4,1,1.0,28.0,0.2405378486055777,0.08764940239043825,0.124,801,2826,0.1,0.2,15
40,20,false,,0.10517808133029037,0.17291017320889857,0.07259319237826925,27,28,8.0,38.0,0.6840525328330206,0.10393996247654784,0.2938,801,2826,0.1,0.2,15
50,25,true,,0.11369050262638349,0.1732642779921457,0.07679463350154023,37,44,4.0,48.0,0.7134853941576631,0.042817126850740295,0.2684,801,2826,0.1,0.2,15
20,10,false,,0.14927612204607266,0.12386816341866522,-0.033267386937212734,11,17,1.0,19.0,0.4048107949545321,0.45790554414784396,0.3204,802,2827,0.1,0.2,15
30,15,false,,0.14693735162639934,0.19221595671876762,0.08995718901409293,14,25,1.0,28.0,0.6827692307692308,0.17261538461538461,0.2916,802,2827,0.1,0.2,15
40,20,true,,0.1636916296613269,0.3507712487209166,0.19955055474437802,34,36,2.0,39.0,0.7781966698083569,0.035186930568645934,0.227,802,2827,0.1,0.2,15
20,10,false,,0.053378795859368076,0.704788549533828,0.6355095456629696,17,17,7.225000000000001,19.0,0.988780487804878,0.7902439024390244,0.1752,803,2828,0.1,0.2,15
30,15,false,,0.05261991958477556,0.10243486172264227,0.04152085193729067,20,18,8.0,29.0,0.6612802983219391,0.32877563704164076,0.0764,803,2828,0.1,0.2,15
40,20,false,,0.20458992552149097,0.05275797232295965,-0.14144480220830136,2,1,1.0,19.0,0.15751575157515751,0.032403240324032405,0.0278,803,2828,0.1,0.2,15
50,25,false,,0.07212517337089981,0.06479835801542079,0.0024707843258681694,8,9,2.0,14.0,0.5441176470588235,0.14479638009049775,0.0252,803,2828,0.1,0.2,15
60,30,true,,0.05033998944708766,0.18746425277776052,0.14195986577096803,45,47,32.0,50.0,0.9678899082568807,0.0,0.017,803,2828,0.1,0.2,15
20,10,false,,0.08533753424187893,0.3105414216484276,0.22948860434484664,16,16,7.0,19.0,0.8097902097902098,0.7867132867132867,0.2844,804,2829,0.1,0.2,15
30,15,true,,0.12856913947941,0.35032830538032017,0.23147458188605713,23,26,11.0,29.0,0.8560201194592896,0.18673373153096512,0.3026,804,2829,0.1,0.2,15
20,10,false,,0.138353530742089,0.14585926228737292,0.02576184506046264,13,17,2.0,19.0,0.5511613308223478,0.4604519774011299,0.3038,805,2830,0.1,0.2,15
30,15,false,,0.1421067639209961,0.13256990667012272,-0.006203489550052399,11,4,1.0,28.0,0.4825197889182058,0.21635883905013192,0.264,805,2830,0.1,0.2,15
40,20,false,,0.14355154282853805,0.16768789616782753,0.027610610528086985,20,4,2.0,38.0,0.5977258758451137,0.1810079901659496,0.282,805,2830,0.1,0.2,15
50,25,true,,0.15079518394949326,0.20151623034038324,0.07233922614701047,30,40,2.0,48.0,0.7950163156333432,0.09670720854345892,0.2538,805,2830,0.1,0.2,15
20,10,false,,0.15675508414744585,0.11349627244489967,-0.04964945561484008,9,2,1.0,19.0,0.3911925425908068,0.36097717775634847,0.2918,806,2831,0.1,0.2,15
30,15,false,,0.16341322254004192,0.13933604956716172,-0.03948194196379354,12,1,1.0,29.0,0.4106312292358804,0.126578073089701,0.26,806,2831,0.1,0.2,15
40,20,true,,0.15498905064640908,0.6432607962975211,0.48833914213698837,34,36,19.0,39.0,0.904143475572047,0.00927643784786642,0.228,806,2831,0.1,0.2,15
20,10,false,,0.11104673558305127,0.12006322947821203,0.014514973076985307,11,15,1.0,19.0,0.543005517689062,0.44336254462836744,0.3102,807,2832,0.1,0.2,15
30,15,true,,0.11629258976852959,0.35853458451033643,0.24404093161805623,24,26,3.0,29.0,0.8262059527882313,0.12521382141635307,0.2818,807,2832,0.1,0.2,15
20,10,false,,0.09601145500607008,0.13313666976960373,0.03798025603791355,13,17,1.0,19.0,0.594303577631122,0.5213615838832928,0.2784,808,2833,0.1,0.2,15
30,15,true,,0.11856035996280882,0.22652001042375894,0.12397026299006206,18,23,1.0,29.0,0.7198084160109477,0.2251111871365036,0.2826,808,2833,0.1,0.2,15
20,10,false,,0.12617569534841913,0.4307238916231142,0.30510428458361943,15,17,2.0,19.0,0.8265765765765766,0.6267696267696268,0.302,809,2834,0.1,0.2,15
30,15,false,,0.138393615855185,0.6729853595273706,0.5346907873369692,26,26,16.0,29.0,0.962,0.06,0.26,809,2834,0.1,0.2,15
40,20,true,,0.15859375737009898,0.27674629565259923,0.14730418139613044,31,36,7.0,39.0,0.8413489736070381,0.1158357771260997,0.266,809,2834,0.1,0.2,15
20,10,false,,0.14616748674983482,0.17120782884772257,0.023547366654806667,12,16,1.0,19.0,0.5558599695585997,0.4636225266362253,0.2888,810,2835,0.1,0.2,15
30,15,false,,0.16806705227535956,0.20489004970410715,0.054604265677428696,20,25,1.0,29.0,0.6399645285249779,0.20336979012710613,0.2944,810,2835,0.1,0.2,15
40,20,false,,0.18244909807017864,0.21501185985150967,0.054820890387091786,24,34,1.0,38.0,0.6306866346425544,0.10031082226617688,0.2668,810,2835,0.1,0.2,15
50,25,true,,0.1795258155793416,0.2389429597838589,0.1190678569494755,17,2,2.0,47.0,0.849535080304311,0.2121724429416737,0.2704,810,2835,0.1,0.2,15
20,10,false,,0.14275668850837267,0.30251367465616086,0.17573152771162176,13,1,1.0,19.0,0.6142241379310345,0.5114942528735632,0.2612,811,2836,0.1,0.2,15
30,15,false,,0.13465141721440546,0.16510594936911724,0.049752910953880514,15,26,2.0,29.0,0.6389937106918239,0.21415094339622642,0.298,811,2836,0.1,0.2,15
40,20,true,,0.14739393635631703,0.2954321306288874,0.17032293952535363,30,37,5.0,39.0,0.8446572882370548,0.11014666267584555,0.274,811,2836,0.1,0.2,15
20,10,false,,0.14830411632815377,0.133074902773672,-0.025283992569545083,8,2,1.0,19.0,0.4502479338842975,0.29388429752066114,0.2986,812,2837,0.1,0.2,15
30,15,false,,0.13130330144487976,0.5744638676290289,0.4512708293525771,26,26,12.0,29.0,0.8970588235294118,0.05742296918767507,0.2672,812,2837,0.1,0.2,15
40,20,true,,0.14919580598652424,0.25717971235759335,0.12226320420257165,33,37,4.0,39.0,0.7812209482491478,0.0650759219088937,0.2384,812,2837,0.1,0.2,15
20,10,false,,0.127500845665427,0.22256016782240262,0.11060304840070873,14,17,2.0,19.0,0.6944965603502189,0.5878674171357098,0.3072,813,2838,0.1,0.2,15
30,15,true,,0.13812941051977354,0.47190857158014193,0.3270616772164742,23,25,7.0,29.0,0.8768337408312958,0.19712713936430318,0.3146,813,2838,0.1,0.2,15
20,10,false,,0.5492750511149689,0.07756591507444241,-0.44872936672817954,3,1,1.0,18.0,0.2762339278307756,0.18415595188718373,0.2236,814,2839,0.1,0.2,15
30,15,false,,0.10774246835949376,0.11202749922955897,0.0055264823896893495,14,2,1.0,27.90000000000009,0.5181286549707602,0.2857699805068226,0.2648,814,2839,0.1,0.2,15
40,20,false,,0.11916045567062306,0.16451461980227558,0.06637611320705525,19,1,1.0,38.0,0.6296707362190159,0.16537180910099888,0.2764,814,2839,0.1,0.2,15
50,25,true,,0.12625984780021854,0.18350303592382536,0.08061461493899987,29,5,2.0,48.0,0.727488956846755,0.09208290859667007,0.2586,814,2839,0.1,0.2,15
20,10,false,,0.10156907254560801,0.5588953144548966,0.45508036598988305,15,15,2.0,19.0,0.7654237288135594,0.7006779661016949,0.292,815,2840,0.1,0.2,15
30,15,false,,0.16799373238284343,0.15058336215976922,-0.016368880350969194,9,2,1.0,28.0,0.4719137818419334,0.23089483997387328,0.285,815,2840,0.1,0.2,15
40,20,true,,0.15783948688469251,0.24883172471413353,0.09923727111344974,32,36,7.0,39.0,0.7090436290089569,0.053452759318116154,0.2536,815,2840,0.1,0.2,15
20,10,false,,0.08924559762581043,0.3427802385118559,0.25404021227437357,15,16,2.0,19.0,0.8130973451327433,0.6279646017699115,0.2954,816,2841,0.1,0.2,15
30,15,false,,0.12064383255996157,0.13727793342686936,0.027820836910730368,11,3,1.0,28.0,0.5688010899182562,0.17200272479564033,0.2922,816,2841,0.1,0.2,15
40,20,false,,0.16598646410872045,0.135888575698064,-0.03347067186649185,5,2,1.0,29.0,0.4286231884057971,0.11775362318840579,0.2272,816,2841,0.1,0.2,15
50,25,false,,0.14124746035217198,0.16907415478223742,0.050140989065247804,12,3,1.0,48.0,0.6850899742930592,0.15809768637532134,0.2288,816,2841,0.1,0.2,15
60,30,true,,0.1523841895821544,0.2278041454905325,0.08879447373410926,44,49,2.0,59.0,0.7815253722272866,0.01731996353691887,0.2192,816,2841,0.1,0.2,15
20,10,true,,0.1354964123837317,0.26803856871724596,0.14692358900820213,14,15,2.0,19.0,0.7059186189889026,0.5866214549938348,0.3148,817,2842,0.1,0.2,15
20,10,false,,0.08785779571707694,0.4460311383708074,0.3477648126582992,15,16,2.0,19.0,0.7924181082075819,0.6256900993743099,0.28,818,2843,0.1,0.2,15
30,15,false,,0.10879700468095171,0.16121517144043768,0.05991267541284398,19,25,1.0,29.0,0.6300287356321839,0.1713362068965517,0.3012,818,2843,0.1,0.2,15
40,20,false,,0.11788520037023996,0.14364920367702472,0.04318259439319659,23,34,1.0,39.0,0.6361295069904341,0.13796909492273732,0.268,818,2843,0.1,0.2,15
50,25,true,,0.12944999786373984,0.2353871346157123,0.13103715099567925,38,46,3.0,48.0,0.8127914723517655,0.07561625582944703,0.261,818,2843,0.1,0.2,15
20,10,true,,0.09666140338518375,0.2577558092870547,0.1851466619082453,11,16,1.0,19.0,0.7284038393174547,0.4440099537859936,0.296,819,2844,0.1,0.2,15
20,10,true,,0.1129166007195825,0.198642697770541,0.10792470481332002,14,18,1.0,19.0,0.7398481346979201,0.548365797292836,0.2878,820,2845,0.1,0.2,15
20,10,false,,0.07133598173180891,0.08218784759522389,0.008486608675269826,12,1,1.0,19.0,0.5366084081247048,0.4747283892300425,0.1618,821,2846,0.1,0.2,15
30,15,false,,0.05412924379610249,0.8522399050014774,0.7836043128161427,27,28,22.0,29.0,1.0,0.0,0.0668,821,2846,0.1,0.2,15
40,20,false,,0.06830835349952975,0.07846033133818918,0.02748696617524881,11,6,1.0,26.0,0.6157082748948106,0.2650771388499299,0.055,821,2846,0.1,0.2,15
50,25,false,,0.05952678196690762,0.08909361078363094,0.032197844536971595,18,18,8.0,25.0,0.665296052631579,0.46792763157894735,0.0414,821,2846,0.1,0.2,15
60,30,false,,0.7695210062285293,0.05847795162738219,-0.7101786566703391,1,1,1.0,5.0,0.0,0.0,0.0128,821,2846,0.1,0.2,15
20,10,false,,0.10486419400384438,0.09253385288418578,-0.008754970847425872,9,1,1.0,19.0,0.4830781627719581,0.3678485092667204,0.2566,822,2847,0.1,0.2,15
30,15,false,,0.11597622550576137,0.13163930803780424,0.01655318220045998,12,1,1.0,28.0,0.5578497686009256,0.27020291918832323,0.2776,822,2847,0.1,0.2,15
40,20,false,,0.11753176132077425,0.16129956785353614,0.06360035029832797,22,35,1.0,38.0,0.6823242867084203,0.14996520528879612,0.283,822,2847,0.1,0.2,15
50,25,false,,0.13231239936691677,0.1705351995628393,0.05361106595334458,22,1,1.0,44.0,0.6591661151555261,0.12342819324950365,0.2602,822,2847,0.1,0.2,15
60,30,true,,0.13638047188577498,0.22968740826327186,0.10228233168375228,37,40,3.0,57.0,0.8559900682805711,0.01893234016139044,0.2564,822,2847,0.1,0.2,15
20,10,false,,0.10619103895760926,0.2288213683654164,0.1346851574748093,14,16,2.0,19.0,0.6924381146151237,0.541539504916921,0.276,823,2848,0.1,0.2,15
30,15,false,,0.11726469769058515,0.10950693474955864,-0.004310975518120104,14,3,1.0,28.0,0.484149855907781,0.2211815561959654,0.2862,823,2848,0.1,0.2,15
40,20,false,,0.12373923595558219,0.15770977675249262,0.05223774496620835,21,32,1.0,38.0,0.6406091370558376,0.17055837563451776,0.269,823,2848,0.1,0.2,15
50,25,true,,0.1385971751752794,0.20153401409951258,0.07448573426876967,36,47,5.0,49.0,0.7531446540880503,0.05314465408805032,0.2454,823,2848,0.1,0.2,15
20,10,false,,0.11269068722757426,0.535479849443053,0.4312722176118045,15,17,2.0,19.0,0.8217306441119063,0.6164606376057254,0.3012,824,2849,0.1,0.2,15
30,15,true,,0.12302479197214021,0.353614234007983,0.24010538058418673,23,24,3.0,29.0,0.8428104575163399,0.1843137254901961,0.2756,824,2849,0.1,0.2,15
20,10,true,,0.07835186026306616,0.15065524641759792,0.08977880677656881,11,15,1.0,19.0,0.7141263940520446,0.44609665427509293,0.2956,825,2850,0.1,0.2,15
20,10,true,,0.14539058195031423,0.2738629169997786,0.13744014067006236,14,17,2.0,19.0,0.714588377723971,0.5641646489104116,0.3272,826,2851,0.1,0.2,15
20,10,false,,0.13537365603200466,0.10086945102843992,-0.04746926409082651,6,1,1.0,19.0,0.42901115813774526,0.3220469411312043,0.248,827,2852,0.1,0.2,15
30,15,false,,0.1377576291749064,0.12447542887113898,-0.01575940699743847,10,1,1.0,28.0,0.470917225950783,0.13646532438478748,0.2358,827,2852,0.1,0.2,15
40,20,false,,0.1300130327925902,0.14450634673548432,0.030268007567187893,27,34,1.0,39.0,0.5591655266757866,0.05677154582763338,0.2688,827,2852,0.1,0.2,15
50,25,true,,0.13471890170128223,0.20345762448866322,0.08930715056503385,36,41,3.0,48.0,0.7382972038956959,0.09676405906377632,0.2522,827,2852,0.1,0.2,15
20,10,true,,0.09315638013613019,0.2529002017030252,0.17253752617056467,14,15,3.0,19.0,0.8045751633986928,0.657516339869281,0.3086,828,2853,0.1,0.2,15
20,10,false,,0.09998637488852828,0.432830985492215,0.33069370419111666,15,17,3.0,19.0,0.8536082474226804,0.6855670103092784,0.3014,829,2854,0.1,0.2,15
30,15,false,,0.13429501047891387,0.17655814017766525,0.05149960968104848,16,24,1.0,28.0,0.6354679802955665,0.23830049261083744,0.2956,829,2854,0.1,0.2,15
40,20,false,,0.1597741985976113,0.5791084857324542,0.42929172218623235,35,36,15.650000000000006,39.0,0.9398822435698791,0.03191819026960025,0.2398,829,2854,0.1,0.2,15
50,25,true,,0.13720271559528333,0.19844579142101315,0.07875649346257932,14,9,2.0,41.0,0.7863324380781856,0.240226797970755,0.2786,829,2854,0.1,0.2,15
20,10,true,,0.07646154583820611,0.22544473102860416,0.14390946670250848,14,17,1.0,19.0,0.7541489772288692,0.530297182554998,0.2754,830,2855,0.1,0.2,15
20,10,true,,0.0805157342751835,0.1286954401638363,0.05396044991924642,12,13,1.0,19.0,0.7113547930668553,0.4740007074637425,0.3068,831,2856,0.1,0.2,15
20,10,false,,0.07710725741739159,0.1084648489512468,0.03158600576421111,13,14,1.0,19.0,0.5994744744744744,0.5146396396396397,0.2606,832,2857,0.1,0.2,15
30,15,false,,0.1210523854558903,0.14388552759952783,0.04465296128068789,13,5,1.0,28.0,0.5943396226415094,0.1289308176100629,0.2962,832,2857,0.1,0.2,15
40,20,true,,0.12458460048956782,0.5353894769075486,0.4104032663182153,34,35,6.0,39.0,0.8908296943231441,0.03258313738663084,0.2704,832,2857,0.1,0.2,15
20,10,true,,0.12853982778263384,0.2292197165544405,0.12185236094711889,14,17,2.0,19.0,0.7430879155017086,0.5768872320596459,0.2968,833,2858,0.1,0.2,15
20,10,false,,0.13729942663874584,0.13397245369522143,0.0016379411575771496,10,4,1.0,19.0,0.5037290242386575,0.3924798011187073,0.3062,834,2859,0.1,0.2,15
30,15,false,,0.1594997878853311,0.17262722685070586,0.027566223429159965,10,1,1.0,29.0,0.5254350736278447,0.1107764390896921,0.2612,834,2859,0.1,0.2,15
40,20,false,,0.40123424159032145,0.15847669916969193,-0.26198951003725635,4,1,1.0,28.0,0.30979020979020977,0.14405594405594405,0.1912,834,2859,0.1,0.2,15
50,25,true,,0.17465693404014987,0.36226307852915435,0.1976219175926369,43,43,2.0,49.0,0.798040910400461,0.005473926822241429,0.2246,834,2859,0.1,0.2,15
20,10,true,,0.09362526666965731,0.21099511725492062,0.12911837616403465,13,15,3.0,19.0,0.80649436713055,0.5606361829025845,0.3016,835,2860,0.1,0.2,15
20,10,true,,0.0748971352481425,0.15115245967331564,0.0860074009234535,13,16,1.0,19.0,0.7189337514700117,0.5080360642885143,0.2592,836,2861,0.1,0.2,15
20,10,false,,0.07078438896260374,0.10309729921902536,0.03824734066706698,12,1,1.0,19.0,0.5870353581142339,0.46192203082502264,0.1906,837,2862,0.1,0.2,15
30,15,false,,0.11623732565674753,0.15744959935659408,0.04475984450755543,19,24,2.0,28.0,0.6249197174052665,0.2308927424534361,0.314,837,2862,0.1,0.2,15
40,20,true,,0.14126393798118614,0.577174492460698,0.43299886712041025,34,34,18.0,39.0,0.9116161616161617,0.03156565656565657,0.2606,837,2862,0.1,0.2,15
20,10,false,,0.14321718096213085,0.23656966642038074,0.12908562939721124,15,16,2.0,19.0,0.6445572834020946,0.635988575055538,0.2928,838,2863,0.1,0.2,15
30,15,false,,0.49362716496612274,0.15172010875981126,-0.3489276885790613,3,2,1.0,21.0,0.1817285573447256,0.07196845218534341,0.2396,838,2863,0.1,0.2,15
40,20,false,,0.18228461349480918,0.23281249081058045,0.07418114914780133,32,37,1.0,39.0,0.6522501461133839,0.08562244301578024,0.2272,838,2863,0.1,0.2,15
50,25,true,,0.18690096463895434,0.33357771310468826,0.169855091203874,41,45,2.0,48.0,0.8031854379977247,0.040955631399317405,0.2538,838,2863,0.1,0.2,15
20,10,false,,0.10936844121594683,0.17019172334070484,0.07029459157944234,10,10,2.0,19.0,0.6818596171376481,0.3916742631419022,0.3316,839,2864,0.1,0.2,15
30,15,true,,0.1312337134862206,0.45819613485375704,0.3257948946922595,24,25,10.0,29.0,0.9516279069767442,0.11317829457364341,0.2876,839,2864,0.1,0.2,15
20,10,false,,0.1178459889550195,0.15732695563163798,0.04573871798895167,10,16,1.0,19.0,0.6122117570639818,0.4007794738551478,0.3028,840,2865,0.1,0.2,15
30,15,false,,0.15480413185668873,0.18640023804818925,0.04001214323975161,15,1,1.0,28.0,0.5526477832512315,0.25862068965517243,0.2732,840,2865,0.1,0.2,15
40,20,true,,0.13261787897630964,0.18050895731685357,0.06324823718407263,10,4,1.0,34.0,0.7118129365320377,0.2456726389310659,0.2662,840,2865,0.1,0.2,15
20,10,false,,0.06151992003590149,0.30942808400296795,0.24096180312170967,15,17,1.0,19.0,0.7897872340425532,0.6289361702127659,0.2294,841,2866,0.1,0.2,15
30,15,true,,0.09375794911274433,0.15591000447927267,0.07418809860193215,20,21,3.0,29.0,0.7000389559797429,0.21776392676275808,0.3094,841,2866,0.1,0.2,15
20,10,false,,0.08472604861560021,0.5740300185589804,0.49295483460297856,16,16,8.0,19.0,0.9641914813418772,0.7730870712401056,0.2874,842,2867,0.1,0.2,15
30,15,false,,0.106598076444492,0.13821621714945384,0.048637242135750325,16,26,1.0,29.0,0.6164383561643836,0.20234833659491194,0.2886,842,2867,0.1,0.2,15
40,20,false,,0.11466986719823313,0.24538442989382894,0.11559478243719673,30,37,1.0,39.0,0.66041581736649,0.0823481451284142,0.2604,842,2867,0.1,0.2,15
50,25,true,,0.11356538795762393,0.5240862742689433,0.4070988940698789,43,45,31.0,49.0,0.8937142857142857,0.0,0.2852,842,2867,0.1,0.2,15
20,10,true,,0.0753414248627309,0.3560481538689505,0.2773043580961635,13,14,3.0,19.0,0.8178913738019169,0.5882144124955626,0.2952,843,2868,0.1,0.2,15
20,10,true,,0.09745197602421107,0.2945391048002508,0.20091551012870934,13,16,2.0,19.0,0.8394764037202893,0.496038580778505,0.3048,844,2869,0.1,0.2,15
20,10,false,,0.12220270249517926,0.12953842152606146,0.025649416929512142,9,2,1.0,19.0,0.5446880269814502,0.3473861720067454,0.2984,845,2870,0.1,0.2,15
30,15,false,,0.12171905948678854,0.2574365017348615,0.15034219029974222,25,27,1.0,29.0,0.7023141654978962,0.06346423562412343,0.2582,845,2870,0.1,0.2,15
40,20,false,,0.1318245136191737,0.20411767625336674,0.08065818129862687,31,35,1.0,38.0,0.6344011142061281,0.020891364902506964,0.2584,845,2870,0.1,0.2,15
50,25,true,,0.13457494574048823,0.40636877589499937,0.2742077093581675,42,46,5.0,49.0,0.8606749081189442,0.044102906782492485,0.229,845,2870,0.1,0.2,15
20,10,false,,0.09918761708553847,0.18249117630844908,0.0979681214351716,13,16,1.0,19.0,0.6646748681898067,0.5321616871704745,0.298,846,2871,0.1,0.2,15
30,15,false,,0.2174751231411251,0.10831454275559269,-0.11408571299299632,5,1,1.0,28.0,0.3541341653666147,0.10881435257410296,0.2406,846,2871,0.1,0.2,15
40,20,true,,0.1352062665041728,0.33771951453236426,0.21699390128669255,33,35,5.0,39.0,0.8385737439222042,0.08589951377633712,0.269,846,2871,0.1,0.2,15
20,10,false,,0.1589309665915022,0.11496734491287931,-0.06330547698628479,5,1,1.0,18.0,0.3813186813186813,0.26153846153846155,0.272,847,2872,0.1,0.2,15
30,15,true,,0.1558168259032467,0.22556533298210296,0.10748402566175423,16,27,1.0,28.0,0.713859910581222,0.21937406855439642,0.2944,847,2872,0.1,0.2,15
20,10,true,,0.08928735013580391,0.4978987359272472,0.4093230751310054,14,16,2.0,19.0,0.8456899609790706,0.6392337708407236,0.2986,848,2873,0.1,0.2,15
20,10,true,,0.06632942041955595,0.15348583010043118,0.09364965517530721,13,15,1.0,19.0,0.728744939271255,0.49068825910931174,0.2388,849,2874,0.1,0.2,15
20,10,false,,0.15694103450453498,0.120697434228128,-0.05307193962144753,8,2,1.0,18.0,0.40798153034300794,0.35158311345646437,0.2872,850,2875,0.1,0.2,15
30,15,false,,0.14995962452273995,0.19338857215139105,0.06017715328722846,22,26,1.0,29.0,0.6305538648813147,0.1472915398660986,0.2748,850,2875,0.1,0.2,15
40,20,true,,0.16787966288952053,0.32754913145042824,0.1723755903414689,33,35,3.0,39.0,0.802534630120837,0.04804008252284114,0.2498,850,2875,0.1,0.2,15
20,10,false,,0.11749789856280131,0.22257769877384412,0.13360490951320822,15,16,1.0,19.0,0.6155440414507772,0.5526770293609672,0.2664,851,2876,0.1,0.2,15
30,15,false,,0.1635634912314147,0.15264176368538412,-0.013390235613859519,8,2,1.0,29.0,0.4702007528230866,0.1342534504391468,0.28,851,2876,0.1,0.2,15
40,20,false,,0.1640385465040895,0.21576685616152116,0.1000221663891839,28,1,1.0,38.0,0.6542233470420753,0.048086048718759884,0.2296,851,2876,0.1,0.2,15
50,25,true,,0.1653925916654005,0.23711174831572224,0.09307467737816479,34,47,3.0,49.0,0.8109756097560976,0.11062717770034843,0.2418,851,2876,0.1,0.2,15
20,10,true,,0.1127388880048279,0.3437332132315061,0.24099359110288204,14,15,3.0,19.0,0.7895244215938303,0.6674164524421594,0.3122,852,2877,0.1,0.2,15
20,10,false,,0.16911279215757527,0.13093054037187773,-0.05152742276429892,8,2,1.0,18.0,0.3635558180744241,0.3455404607206143,0.329,853,2878,0.1,0.2,15
30,15,false,,0.40005863395400526,0.14189865835078783,-0.26288206044706475,4,1,1.0,28.0,0.18814256339958876,0.0932145305003427,0.2126,853,2878,0.1,0.2,15
40,20,false,,0.5214112423449582,0.15513829183093392,-0.3663039910049158,3,2,1.0,18.0,0.13955071477195372,0.10551395507147719,0.18,853,2878,0.1,0.2,15
50,25,true,,0.169734395675947,0.2537395872369518,0.0996854987369431,35,37,3.0,48.0,0.8121395221093106,0.05904971161768745,0.2466,853,2878,0.1,0.2,15
20,10,true,,0.10745179164545458,0.1782326064578842,0.08288880045393889,11,16,1.0,19.0,0.7041284403669725,0.45937090432503275,0.3206,854,2879,0.1,0.2,15
20,10,false,,0.09650188111887725,0.23744485068294535,0.1560647763820358,13,15,1.0,19.0,0.6662921348314607,0.5041198501872659,0.2722,855,2880,0.1,0.2,15
30,15,false,,0.6879670031203599,0.10953260350119488,-0.5802694152776272,2,1,1.0,28.0,0.25970772442588724,0.05093945720250522,0.202,855,2880,0.1,0.2,15
40,20,false,,0.2908895475525157,0.13029117670709853,-0.16150927861710165,5,1,1.0,33.0,0.3048907388137357,0.13180714533472077,0.2172,855,2880,0.1,0.2,15
50,25,true,,0.13968153846650794,0.22850250662781957,0.11549976008638987,30,40,3.0,46.0,0.8543602037758465,0.10608330836080311,0.2656,855,2880,0.1,0.2,15
20,10,false,,0.1072065509985739,0.1564268452376929,0.05838434273434494,9,9,1.0,19.0,0.6498381877022654,0.3271844660194175,0.3206,856,2881,0.1,0.2,15
30,15,true,,0.14084582996556488,0.21930585575183634,0.1259005198304289,17,26,2.0,29.0,0.7496898263027295,0.1619106699751861,0.3002,856,2881,0.1,0.2,15
20,10,false,,0.14206441526601626,0.10739390930996845,-0.04417123956675155,8,1,1.0,19.0,0.40844557699308337,0.3403713141609028,0.2506,857,2882,0.1,0.2,15
30,15,false,,0.1317860977016669,0.17831223486097977,0.061253167990294316,19,25,2.0,29.0,0.6785825303077402,0.20267329810382345,0.3034,857,2882,0.1,0.2,15
40,20,false,,0.14718577643191344,0.1563118459863243,0.027886046157842348,8,1,1.0,37.0,0.5518072289156627,0.10189328743545611,0.2288,857,2882,0.1,0.2,15
50,25,true,,0.15550982576280706,0.2839841242042877,0.14779524826407645,38,44,8.0,48.0,0.8695139911634757,0.07746686303387335,0.2284,857,2882,0.1,0.2,15
20,10,false,,0.09358742566428253,0.1805206331088862,0.09611578135505944,14,15,1.0,19.0,0.6651343705799151,0.5502121640735502,0.3,858,2883,0.1,0.2,15
30,15,false,,0.1593429095004102,0.20543469180976712,0.07687976656162587,15,1,1.0,29.0,0.600196463654224,0.13817943680419123,0.2528,858,2883,0.1,0.2,15
40,20,true,,0.1511465060043285,0.37609325193230014,0.2343976391448776,30,35,7.0,39.0,0.9215098861593769,0.15458358298382266,0.2534,858,2883,0.1,0.2,15
20,10,false,,0.08110204271819402,0.1516519939775438,0.07517595789118356,12,15,2.0,19.0,0.693994965839626,0.4911902193455592,0.3096,859,2884,0.1,0.2,15
30,15,false,,0.11613484575960714,0.15577565776184912,0.07108859701207862,13,1,1.0,28.0,0.5889423076923077,0.16185897435897437,0.2808,859,2884,0.1,0.2,15
40,20,false,,0.10997870044841583,0.15933988452666886,0.07036881021372066,29,35,2.0,39.0,0.6495346013759612,0.09834075273168758,0.2704,859,2884,0.1,0.2,15
50,25,true,,0.11580348230482097,0.32829100678409423,0.21125106111421046,37,47,4.0,49.0,0.8179059180576631,0.07549317147192716,0.2562,859,2884,0.1,0.2,15
20,10,false,,0.13902403477015793,0.12454226717360374,-0.02175828816145948,7,2,1.0,19.0,0.46081909061593035,0.31022250886810704,0.3008,860,2885,0.1,0.2,15
30,15,false,,0.12251276607880067,0.14841869250298428,0.03751581659530004,17,23,1.0,29.0,0.600066822586034,0.1677246909455396,0.3016,860,2885,0.1,0.2,15
40,20,false,,0.13022765265031988,0.44010274390599735,0.310329846936308,35,36,21.0,39.0,0.8935091277890467,0.010818120351588911,0.2632,860,2885,0.1,0.2,15
50,25,true,,0.14655127712877192,0.2946971161960294,0.15643529447114435,37,43,1.0,48.0,0.756687898089172,0.048407643312101914,0.2344,860,2885,0.1,0.2,15
20,10,false,,0.11847033738444379,0.13880741414069162,0.02794667037849516,11,14,1.0,19.0,0.5649100257069408,0.4222365038560411,0.3112,861,2886,0.1,0.2,15
30,15,true,,0.1434793527278343,0.3170056386012112,0.20061178620471842,23,25,2.0,29.0,0.7846875,0.18875,0.297,861,2886,0.1,0.2,15
20,10,false,,0.15941594224674238,0.1094791511065928,-0.06351294223315222,8,4,1.0,19.0,0.3489599503259857,0.28717789506364483,0.31,862,2887,0.1,0.2,15
30,15,false,,0.13178999482884887,0.13615292978391952,0.008159251913556945,17,24,1.0,29.0,0.5223583968201391,0.17986088108645246,0.2796,862,2887,0.1,0.2,15
40,20,true,,0.1447840063407143,0.26809669863063934,0.14147932530233492,30,35,3.0,39.0,0.7777097366809553,0.12522963870177586,0.2662,862,2887,0.1,0.2,15
20,10,true,,0.09130897414755701,0.3327444828674168,0.2530320384603808,14,16,1.0,19.0,0.7543087642097543,0.6255958929226256,0.2894,863,2888,0.1,0.2,15
20,10,false,,0.11798376724739952,0.12737004730817536,0.014766980965531612,12,15,1.0,19.0,0.5462290943515304,0.5004733354370464,0.3232,864,2889,0.1,0.2,15
30,15,false,,0.13788288852225422,0.16762557838481676,0.05010704531809329,15,22,1.0,28.0,0.607567229518449,0.24171357098186366,0.3048,864,2889,0.1,0.2,15
40,20,true,,0.15403568804675394,0.2208564565397719,0.12179297589364203,27,34,2.0,38.0,0.7710989678202793,0.11080752884031572,0.2566,864,2889,0.1,0.2,15
20,10,false,,0.09019533875446638,0.12209952561485059,0.045500173138691466,11,16,1.0,19.0,0.6033848417954378,0.4153789551140544,0.2808,865,2890,0.1,0.2,15
30,15,true,,0.11925385240586732,0.37855017542365565,0.2762293331648469,24,25,2.0,29.0,0.8312563152576625,0.06635230717413271,0.2682,865,2890,0.1,0.2,15
20,10,false,,0.10880802713505221,0.1557215006209889,0.0530894831216024,13,17,2.0,19.0,0.5940959409594095,0.5340489768534049,0.2984,866,2891,0.1,0.2,15
30,15,true,,0.11022802098794303,0.2574068636940915,0.16856507817206598,20,26,2.0,29.0,0.7871610024030209,0.1531067627875043,0.2876,866,2891,0.1,0.2,15
20,10,false,,0.17378980704702526,0.1472213900273347,-0.017397792233273313,6,1,1.0,19.0,0.4813802528185856,0.3375469764263751,0.253,867,2892,0.1,0.2,15
30,15,true,,0.14262242340769335,0.26887448837230965,0.13721933346311144,23,24,5.0,29.0,0.762214983713355,0.1960319810482677,0.2716,867,2892,0.1,0.2,15
20,10,false,,0.09296990697317596,0.5917284359719894,0.49015075301413835,15,16,4.0,19.0,0.9037931034482759,0.7013793103448276,0.2978,868,2893,0.1,0.2,15
30,15,true,,0.11903213863965076,0.17918002648584683,0.07691544381946643,17,26,1.5,29.0,0.7017314603070892,0.19993466187520417,0.2934,868,2893,0.1,0.2,15
20,10,false,,0.12055725864735259,0.2784231172506725,0.1964885830561598,14,17,1.0,19.0,0.6943900848010437,0.5658838878016961,0.3062,869,2894,0.1,0.2,15
30,15,true,,0.127189832484199,0.20138939783023357,0.1020936890344406,18,25,1.0,29.0,0.7510562235944102,0.1319467013324667,0.2992,869,2894,0.1,0.2,15
20,10,false,,0.1270376689922846,0.22213590024736535,0.12137698907276243,12,15,1.0,19.0,0.6219187208527648,0.5199866755496336,0.2856,870,2895,0.1,0.2,15
30,15,true,,0.13236850152919638,0.26519302816340434,0.14978128471157132,23,24,3.0,29.0,0.7939508506616257,0.1461877756773787,0.2974,870,2895,0.1,0.2,15
20,10,false,,0.10276280847705653,0.3890984416798871,0.29657370218127066,15,17,1.0,19.0,0.6897880539499036,0.4982658959537572,0.2438,871,2896,0.1,0.2,15
30,15,true,,0.1126254198578293,0.3801357710224646,0.27757560552792143,23,26,3.0,29.0,0.8229426433915212,0.13323833273957963,0.2874,871,2896,0.1,0.2,15
20,10,false,,0.10836659103398871,0.08701196627577783,-0.031183189526991048,6,1,1.0,19.0,0.4787288569964121,0.41004613018964636,0.1222,872,2897,0.1,0.2,15
30,15,false,,0.10967949114341977,0.12314641677380571,0.03135266902646634,16,1,1.0,29.0,0.555738379267791,0.1563142739613328,0.2348,872,2897,0.1,0.2,15
40,20,false,,0.10659681007877217,0.16745308525149424,0.07461953083353087,28,36,2.375,39.0,0.6890527950310559,0.09937888198757763,0.294,872,2897,0.1,0.2,15
50,25,false,,0.12118479013953656,0.15448172054503556,0.05030898105488084,28,1,1.0,47.0,0.6054552439492893,0.051094890510948905,0.2672,872,2897,0.1,0.2,15
60,30,true,,0.12234489202766358,0.3450395782912067,0.22787141895466317,50,51,39.0,58.0,0.883357041251778,0.0,0.2422,872,2897,0.1,0.2,15
20,10,false,,0.18174226962469148,0.11917674105433892,-0.08197616934453834,6,3,1.0,18.0,0.3544025157232704,0.24842767295597484,0.302,873,2898,0.1,0.2,15
30,15,false,,0.13683704565743537,0.17417542214300005,0.054273191911714355,16,18,3.0,28.0,0.6649500151469252,0.2817328082399273,0.2918,873,2898,0.1,0.2,15
40,20,true,,0.15572301942553043,0.2548937009387337,0.11706474263898786,33,36,6.0,39.0,0.7392739273927392,0.0423042304230423,0.2538,873,2898,0.1,0.2,15
20,10,true,,0.12772637497645534,0.4201701091438892,0.29286894494262444,14,16,2.0,19.0,0.7577287066246057,0.6779179810725552,0.3016,874,2899,0.1,0.2,15
20,10,false,,0.11818939981459642,0.10767139370964529,-0.019662920127354988,10,2,1.0,19.0,0.45030843043180263,0.39547635366689515,0.258,875,2900,0.1,0.2,15
30,15,false,,0.14775413764211495,0.23251497389838666,0.12762856228981317,18,1,1.0,29.0,0.6455368693402329,0.09152652005174644,0.2614,875,2900,0.1,0.2,15
40,20,false,,0.1488924907951618,0.1772263955543871,0.043998348169325865,18,23,1.0,38.0,0.6246255242660276,0.20701018573996405,0.2552,875,2900,0.1,0.2,15
50,25,false,,0.17023984976472098,0.22512901808027908,0.0653664858698349,39,1,1.0,49.0,0.6274384393987847,0.024624240486088904,0.1954,875,2900,0.1,0.2,15
60,30,true,,0.1689495377583727,0.48679888689545153,0.31687696543527066,50,56,30.0,59.0,0.9310446009389671,0.0,0.224,875,2900,0.1,0.2,15
20,10,true,,0.11091625712825985,0.2859265720411386,0.19202692272200242,14,16,1.0,19.0,0.7216965742251223,0.5690048939641109,0.2944,876,2901,0.1,0.2,15
20,10,false,,0.1079349511014139,0.17227753098706794,0.08356241621371384,11,16,1.0,19.0,0.683082826990726,0.42948512951710904,0.319,877,2902,0.1,0.2,15
30,15,true,,0.12474296653390894,0.36080350924282684,0.24675667171797877,23,26,4.0,29.0,0.7625407166123779,0.16970684039087947,0.2754,877,2902,0.1,0.2,15
20,10,true,,0.04416680187286983,0.17304506200822029,0.1322110015229183,14,16,2.0,19.0,0.7673883003224321,0.5688622754491018,0.143,878,2903,0.1,0.2,15
20,10,false,,0.0944654407583566,0.08068289027530202,0.0007441170301797223,10,1,1.0,19.0,0.5002030044660982,0.41209906617945596,0.1946,879,2904,0.1,0.2,15
30,15,false,,0.11174947828286583,0.1310145763047178,0.03629342507126719,16,27,1.0,29.0,0.5847425779782037,0.23825629462608042,0.297,879,2904,0.1,0.2,15
40,20,true,,0.10848888242203382,0.48734541101784823,0.3830584933725596,33,35,4.0,39.0,0.8146265154477904,0.046147829487680876,0.2908,879,2904,0.1,0.2,15
20,10,false,,0.08302972104797805,0.8005149660752251,0.7154372448666378,16,16,11.0,19.0,0.9733598409542743,0.8357852882703777,0.2624,880,2905,0.1,0.2,15
30,15,false,,0.2759243272336182,0.13317668706941405,-0.16133006977056794,4,1,1.0,27.0,0.4107744107744108,0.102880658436214,0.2352,880,2905,0.1,0.2,15
40,20,false,,0.1393233312001165,0.1732477553331149,0.048136508581435505,23,36,2.0,38.0,0.6481597005614473,0.14784778540237056,0.2638,880,2905,0.1,0.2,15
50,25,true,,0.14090696844643588,0.17882357446670377,0.06675066429412879,17,8,3.0,48.0,0.7480170835875534,0.16564978645515557,0.2538,880,2905,0.1,0.2,15
20,10,false,,0.22355111161057656,0.10062178482075343,-0.1374353228615922,4,1,1.0,18.0,0.27542062911485005,0.15362106803218728,0.249,881,2906,0.1,0.2,15
30,15,true,,0.11347919458110751,0.18097410019329616,0.08723454242578921,19,25,3.0,29.0,0.7206026858827382,0.2469701932525385,0.301,881,2906,0.1,0.2,15
20,10,true,,0.10111719713544991,0.23990012317540324,0.13524134005449828,14,16,1.0,19.0,0.7004450530640192,0.6021910304690175,0.3152,882,2907,0.1,0.2,15
20,10,false,,0.4848912183133977,0.10461174354399098,-0.38328145068338243,3,1,1.0,18.0,0.17430530494406352,0.11259473114399134,0.2416,883,2908,0.1,0.2,15
30,15,false,,0.14099606620578048,0.42723388447477784,0.28948216076196015,25,28,2.0,29.0,0.785759493670886,0.06930379746835443,0.2472,883,2908,0.1,0.2,15
40,20,false,,0.16601732255876792,0.18135111522574338,0.04331404868045158,20,1,1.0,38.0,0.5968440594059405,0.055383663366336634,0.232,883,2908,0.1,0.2,15
50,25,false,,0.1783114083413078,0.1854518882874435,0.03538885384781504,9,1,1.0,47.0,0.5682668329177057,0.12967581047381546,0.2256,883,2908,0.1,0.2,15
60,30,true,,0.1730697730549626,0.30130840301498085,0.15163566004963142,43,44,2.0,58.0,0.7953474676089517,0.05270906949352179,0.2226,883,2908,0.1,0.2,15
20,10,false,,0.18317752719695748,0.12505101740383529,-0.06678488840043428,8,1,1.0,19.0,0.4020442930153322,0.30936967632027257,0.2756,884,2909,0.1,0.2,15
30,15,true,,0.14259153472036867,0.20391819670357017,0.08389576931948556,20,23,2.0,29.0,0.7087557603686636,0.18033794162826422,0.294,884,2909,0.1,0.2,15
20,10,false,,0.052972988597986506,0.4626711202518488,0.41407710675552184,16,16,9.0,19.0,0.8926701570680629,0.8237347294938918,0.2044,885,2910,0.1,0.2,15
30,15,false,,0.12167359704239901,0.2859551185010921,0.19084189115766603,19,1,1.0,29.0,0.6935483870967742,0.1350337584396099,0.2622,885,2910,0.1,0.2,15
40,20,false,,0.1509263891697566,0.1564253814851511,0.022138888962938003,8,3,1.0,38.0,0.5671303785182789,0.13134907796829506,0.2654,885,2910,0.1,0.2,15
50,25,true,,0.15403449776297437,0.23400670643496674,0.09853614504898625,34,39,3.0,48.0,0.7694814814814814,0.046814814814814816,0.2614,885,2910,0.1,0.2,15
20,10,false,,0.10039198856285415,0.09785712629219316,0.0025586565436415687,9,2,1.0,19.0,0.5058161350844278,0.3429643527204503,0.2306,886,2911,0.1,0.2,15
30,15,true,,0.09988159524399755,0.2996810791211038,0.20212209919008484,23,25,3.0,29.0,0.7698382850695751,0.13463708160962767,0.3034,886,2911,0.1,0.2,15
20,10,false,,0.10103897338856553,0.3775552561132523,0.2890983746580901,15,16,3.0,19.0,0.8361842105263158,0.7279605263157894,0.308,887,2912,0.1,0.2,15
30,15,true,,0.11907905623093101,0.2465651585214652,0.14794120795870416,23,26,2.0,29.0,0.7316903852828879,0.1256508156889969,0.284,887,2912,0.1,0.2,15
20,10,false,,0.11040460167682288,0.46859226323600295,0.3642953388588388,15,17,1.0,19.0,0.8111035883547731,0.6601218686526743,0.2918,888,2913,0.1,0.2,15
30,15,true,,0.13530354636259231,0.3761634751026823,0.24732256984902742,24,27,7.0,29.0,0.8074146981627297,0.10531496062992125,0.2752,888,2913,0.1,0.2,15
20,10,false,,0.1593192250652757,0.15825126713222995,-0.004310893375567448,13,16,2.0,19.0,0.49687778768956287,0.5182872435325602,0.2874,889,2914,0.1,0.2,15
30,15,false,,0.14930017033281506,0.6293963729626263,0.47878283064885485,26,26,11.0,29.0,0.8856028599285017,0.05687357816054599,0.2506,889,2914,0.1,0.2,15
40,20,false,,0.1622999530528188,0.18002406665100484,0.02833259155188869,13,4,1.0,35.0,0.5898563471122837,0.187921430665494,0.2374,889,2914,0.1,0.2,15
50,25,true,,0.17155213596201005,0.31394698147029404,0.14850354663826612,40,46,20.0,49.0,0.8210378681626929,0.01570827489481066,0.2342,889,2914,0.1,0.2,15
20,10,false,,0.08065423106457542,0.6549899972310878,0.5656901616072962,16,17,5.0,19.0,0.9474664679582713,0.7771982116244411,0.256,890,2915,0.1,0.2,15
30,15,false,,0.11332464878697074,0.12716296517676723,0.02047168796384284,12,3,1.0,28.0,0.5432238580596451,0.1551528878822197,0.2918,890,2915,0.1,0.2,15
40,20,true,,0.12276034180850268,0.45121939771969144,0.3265326183000389,33,35,5.0,39.0,0.8978349120433018,0.041271989174560215,0.26,890,2915,0.1,0.2,15
20,10,true,,0.08297610519929194,0.3279510307411161,0.25571371609983634,14,16,1.0,19.0,0.7224842767295597,0.6108490566037735,0.275,891,2916,0.1,0.2,15
20,10,false,,0.14432236644623123,0.14939100611053838,0.004058524441186762,12,17,1.0,19.0,0.5168054270736971,0.45451742213999385,0.3128,892,2917,0.1,0.2,15
30,15,false,,0.14634550574881935,0.5115748530910349,0.373469744999371,26,26,16.0,29.0,0.8857765328353564,0.05384375972611267,0.2602,892,2917,0.1,0.2,15
40,20,false,,0.15962061615096143,0.1856561525908248,0.04368041904367426,13,1,1.0,38.0,0.6494688922610015,0.14142640364188164,0.2582,892,2917,0.1,0.2,15
50,25,false,,0.16693420657529057,0.20163864538858142,0.06119982429888546,19,2,1.0,48.0,0.6867749419953596,0.14037122969837587,0.2342,892,2917,0.1,0.2,15
60,30,true,,0.17231743207564978,0.26033251631756865,0.1420029218427823,39,58,2.0,58.0,0.81717202041429,0.09276493545481837,0.1834,892,2917,0.1,0.2,15
20,10,true,,0.10767561909423835,0.19033269180250983,0.0980686049813778,12,15,1.0,19.0,0.7064724919093851,0.48058252427184467,0.3084,893,2918,0.1,0.2,15
20,10,false,,0.1733212137866136,0.1268678507361622,-0.06632443812567941,6,1,1.0,19.0,0.40765027322404374,0.3038251366120219,0.2482,894,2919,0.1,0.2,15
30,15,true,,0.12806426109526814,0.22494119585923805,0.12720828111142393,21,24,1.0,29.0,0.766867279062401,0.17073170731707318,0.2812,894,2919,0.1,0.2,15
20,10,false,,0.6422405783586141,0.07626528373489702,-0.5708282512141305,2,1,1.0,18.0,0.25762262483429077,0.24392399469730447,0.1956,895,2920,0.1,0.2,15
30,15,false,,0.12105675082362011,0.13600679347919076,0.02146922565674371,15,2,1.0,28.0,0.5555942837225514,0.23178807947019867,0.2636,895,2920,0.1,0.2,15
40,20,false,,0.1576604762352093,0.1369509356256046,-0.03708192729445123,10,2,1.0,37.0,0.4132967786154901,0.12371487320082249,0.2438,895,2920,0.1,0.2,15
50,25,false,,0.19453970428087766,0.15096660902315803,-0.04757217146676582,4,1,1.0,21.0,0.40093659942363113,0.14697406340057637,0.204,895,2920,0.1,0.2,15
60,30,true,,0.15381480921618423,0.3062956543020511,0.16383875546552948,45,45,24.0,58.0,0.8952692650996728,0.001487652484379649,0.2086,895,2920,0.1,0.2,15
20,10,false,,0.12677296725408516,0.12848821209207126,0.003965568187066962,10,1,1.0,19.0,0.5064758009543285,0.407293796864349,0.288,896,2921,0.1,0.2,15
30,15,true,,0.12169662220546378,0.30897153856727966,0.20807388490424547,21,26,3.0,29.0,0.7728278041074249,0.2296998420221169,0.3044,896,2921,0.1,0.2,15
20,10,false,,0.09294858223853268,0.19949905411969418,0.1324425064013024,14,16,2.0,19.0,0.6547934823796893,0.5323986358469117,0.2666,897,2922,0.1,0.2,15
30,15,false,,0.171621651108479,0.07881130410921622,-0.09714214781878949,4,1,1.0,27.0,0.2810637322329207,0.15038972948188903,0.1892,897,2922,0.1,0.2,15
40,20,true,,0.11796469663068498,0.2003756965968383,0.09664690495813524,33,34,5.0,39.0,0.7154531946508172,0.043833580980683504,0.2784,897,2922,0.1,0.2,15
20,10,false,,0.14947629886484445,0.17349085428982922,0.03824634132964022,10,7,2.0,19.0,0.585802288061015,0.38897037254326783,0.3322,898,2923,0.1,0.2,15
30,15,false,,0.17775039931797193,0.1807801833217798,0.015269274046928884,15,4,1.0,29.0,0.52262044653349,0.1401292596944771,0.2416,898,2923,0.1,0.2,15
40,20,false,,0.19578309706072422,0.18915444361045863,-0.006593484466591887,8,1,1.0,33.0,0.49282754223780684,0.16066305387312718,0.2314,898,2923,0.1,0.2,15
50,25,true,,0.1722331171589657,0.21745911959673514,0.08229991333733605,16,3,1.0,46.0,0.7327536231884058,0.13420289855072465,0.2632,898,2923,0.1,0.2,15
20,10,true,,0.10439863777219559,0.27589709645284,0.17573862951552435,14,16,2.0,19.0,0.7823569482288828,0.5756130790190735,0.288,899,2924,0.1,0.2,15
20,10,true,,0.13368671967341614,0.22253998862782473,0.10101377969977904,12,16,2.0,19.0,0.7212283840190817,0.4719737626714371,0.3444,900,2925,0.1,0.2,15
20,10,false,,0.17153848972102148,0.18848206105054427,0.022723926492595137,12,17,1.0,19.0,0.535314891112419,0.47675103001765745,0.3272,901,2926,0.1,0.2,15
30,15,false,,0.1635889076081573,0.16570749373005308,0.0019893000062542188,16,18,2.0,28.074999999999818,0.5025295109612141,0.28583473861720066,0.3008,901,2926,0.1,0.2,15
40,20,false,,0.17881895885591131,0.17030655053479352,-0.01038902099458247,9,4,1.0,34.0,0.4535251798561151,0.17467625899280576,0.2456,901,2926,0.1,0.2,15
50,25,true,,0.17003637344281292,0.21959741479572725,0.08092561967302023,34,45,3.0,48.0,0.7904628330995792,0.14642356241234222,0.2382,901,2926,0.1,0.2,15
20,10,false,,0.1370844450878629,0.22587728049177092,0.11018515255182516,14,17,1.0,19.0,0.654621042532779,0.519027822193796,0.292,902,2927,0.1,0.2,15
30,15,false,,0.1402728840148613,0.2857269942080074,0.16161814245965656,25,26,4.0,29.0,0.8152724968314322,0.08365019011406843,0.2746,902,2927,0.1,0.2,15
40,20,false,,0.1500894065902677,0.48843448044970716,0.3381304432897914,35,36,15.0,39.0,0.8270846800258564,0.027472527472527472,0.2384,902,2927,0.1,0.2,15
50,25,true,,0.14838426102071098,0.20136876176960386,0.07384893941092191,22,19,2.0,45.0,0.8369979478158898,0.19671650542362942,0.2506,902,2927,0.1,0.2,15
20,10,false,,0.12105059549319634,0.15051265718679588,0.043159298920592476,12,17,1.0,19.0,0.5531281032770605,0.4627606752730884,0.296,903,2928,0.1,0.2,15
30,15,false,,0.12313238292062005,0.12466595811597839,0.0010428797731368844,16,20,2.0,29.0,0.5076973468719292,0.24467736652472977,0.3024,903,2928,0.1,0.2,15
40,20,false,,0.1890059771911765,0.1263570324162837,-0.06512386579362775,5,2,1.0,27.0,0.3503341540626099,0.10059795990151249,0.2338,903,2928,0.1,0.2,15
50,25,true,,0.14049429286943022,0.4053284086301176,0.26902803243140433,44,45,30.0,49.0,0.8742454728370221,0.0,0.212,903,2928,0.1,0.2,15
20,10,false,,0.1545158753046898,0.3347750026050831,0.20648352353609659,15,16,2.0,19.0,0.7115861214374225,0.6486988847583643,0.3082,904,2929,0.1,0.2,15
30,15,false,,0.1631741339401303,0.15298271444865202,-0.012665728854351604,10,4,1.0,27.0,0.4637426900584795,0.1672514619883041,0.2956,904,2929,0.1,0.2,15
40,20,false,,0.1691151657484624,0.1743793890298897,0.013493345386702132,8,4,1.0,39.0,0.5309466019417476,0.09283980582524272,0.2574,904,2929,0.1,0.2,15
50,25,true,,0.15569118712465765,0.1970242080737441,0.06775639728609356,14,5,1.0,46.0,0.7378892733564014,0.24596309111880046,0.2578,904,2929,0.1,0.2,15
20,10,false,,0.09631896106397131,0.47342666783960663,0.38188444419788997,16,16,4.0,19.0,0.8771428571428571,0.7410714285714286,0.2782,905,2930,0.1,0.2,15
30,15,true,,0.12238180521737362,0.3159525068666606,0.2217370811272522,23,26,3.0,29.0,0.8528833551769331,0.14187418086500656,0.301,905,2930,0.1,0.2,15
20,10,false,,0.1210091114695968,0.21572714033916063,0.11725251059291747,13,16,1.0,19.0,0.6374501992031872,0.48804780876494025,0.2914,906,2931,0.1,0.2,15
30,15,true,,0.1344832715683647,0.2677711521660662,0.15346737243598899,20,26,2.0,29.0,0.7234245703373647,0.1766390833863781,0.2962,906,2931,0.1,0.2,15
20,10,false,,0.09844752378359677,0.7551200600809455,0.650604761920639,16,16,4.0,19.0,0.9038319823139278,0.7571849668386146,0.2726,907,2932,0.1,0.2,15
30,15,true,,0.12226785808034825,0.3528206875036833,0.2412274049249211,23,27,3.0,29.0,0.8883065836881756,0.19620045856534557,0.297,907,2932,0.1,0.2,15
20,10,false,,0.14154589285974084,0.1915993367284547,0.06988658000318018,13,16,2.0,19.0,0.6194029850746269,0.5349253731343283,0.3142,908,2933,0.1,0.2,15
30,15,false,,0.14147994027983385,0.16262652439246766,0.03485306244539793,12,9,1.0,28.0,0.6009572240502543,0.25067304816033503,0.2894,908,2933,0.1,0.2,15
40,20,false,,0.15974119978257642,0.16555402271344036,0.012602025868306832,22,1,1.0,38.0,0.5245020550110654,0.12677837496048056,0.2216,908,2933,0.1,0.2,15
50,25,true,,0.15710301073052915,0.1987607696117287,0.071305054828462,28,40,2.0,47.0,0.721679125934445,0.09143185738930419,0.252,908,2933,0.1,0.2,15
20,10,false,,0.09944144793401373,0.1571541751760241,0.06428124669159604,12,14,2.0,19.0,0.6659098280895231,0.5001621796951021,0.315,909,2934,0.1,0.2,15
30,15,true,,0.11070712133251392,0.33383611854925643,0.22838087115259134,23,26,2.0,29.0,0.8213545266067727,0.10642709053213545,0.2902,909,2934,0.1,0.2,15
20,10,false,,0.14346722871119277,0.11443769199342133,-0.030894600338711303,10,3,1.0,19.0,0.43252933507170793,0.3758148631029987,0.2772,910,2935,0.1,0.2,15
30,15,true,,0.1251069972968913,0.22529743582149664,0.12880589930344036,22,26,2.0,29.0,0.7154002713704206,0.1149932157394844,0.2734,910,2935,0.1,0.2,15
20,10,false,,0.13997019264938132,0.43920260758611546,0.31170531441666594,16,16,2.0,19.0,0.7982261640798226,0.6841938549255623,0.2996,911,2936,0.1,0.2,15
30,15,false,,0.21385117708992274,0.14951328441711526,-0.06755783489559769,5,1,1.0,28.0,0.39979926396788223,0.07661425225828036,0.2364,911,2936,0.1,0.2,15
40,20,true,,0.16484721307736472,0.469985385517549,0.3151730987837175,34,34,4.0,39.0,0.9122755372387401,0.0518104209596703,0.2338,911,2936,0.1,0.2,15
20,10,false,,0.11364508618265029,0.15810446308833365,0.061063269424761535,14,15,2.0,19.0,0.6137667304015296,0.5933715742511153,0.2984,912,2937,0.1,0.2,15
30,15,false,,0.12511927113531116,0.10433586856720496,-0.021890482063624053,11,3,1.0,28.0,0.43346999627282895,0.15355944837868057,0.2708,912,2937,0.1,0.2,15
40,20,false,,0.12285897493719808,0.19137243620462036,0.08215823514182342,30,35,3.0,39.0,0.6620498614958449,0.08033240997229917,0.2678,912,2937,0.1,0.2,15
50,25,true,,0.1334429913383872,0.22324352059382893,0.11105958611540659,37,45,1.0,48.0,0.7686666666666667,0.05633333333333333,0.2154,912,2937,0.1,0.2,15
20,10,false,,0.10512101373170829,0.2478749801761257,0.15668417281357672,14,17,1.0,19.0,0.6942458290772897,0.5805243445692884,0.2864,913,2938,0.1,0.2,15
30,15,false,,0.13001128173001578,0.14709640842491975,0.03332387419805129,16,24,1.75,28.0,0.5747348119575699,0.2034715525554484,0.2866,913,2938,0.1,0.2,15
40,20,true,,0.13635372270217297,0.1730778381502111,0.058348694663852785,12,4,1.0,37.0,0.7105586249232658,0.19950890116635972,0.282,913,2938,0.1,0.2,15
20,10,false,,0.14669531649421363,0.1893456390225553,0.06737397153175824,13,16,1.0,19.0,0.6164298949969117,0.506176652254478,0.3168,914,2939,0.1,0.2,15
30,15,false,,0.1558084947647828,0.24358787223335016,0.11906093178669902,23,27,3.0,29.0,0.6964663243733011,0.21655089096949562,0.274,914,2939,0.1,0.2,15
40,20,true,,0.16322745197943092,0.20672748020333945,0.06595879988920304,23,36,2.0,39.0,0.749714937286203,0.14481185860889395,0.2428,914,2939,0.1,0.2,15
20,10,true,,0.08628834886886173,0.260342558248546,0.18616780734212873,14,17,3.0,19.0,0.7307968413496052,0.6058865757358219,0.2756,915,2940,0.1,0.2,15
20,10,false,,0.1045696558123839,0.44514180312238555,0.339333061741356,16,17,3.0,19.0,0.795079086115993,0.6847100175746924,0.2874,916,2941,0.1,0.2,15
30,15,false,,0.14647954994005383,0.09774093341738659,-0.06521879315272855,6,1,1.0,28.0,0.3637445458151527,0.10353034510115033,0.2396,916,2941,0.1,0.2,15
40,20,true,,0.11204167351373737,0.1641399394359445,0.06660928636984878,20,5,1.0,38.0,0.7058396808124773,0.14145810663764963,0.2872,916,2941,0.1,0.2,15
20,10,false,,0.10968639623872013,0.6120840430087834,0.50668890987307,15,16,3.0,19.0,0.920629604822505,0.7126590756865372,0.2998,917,2942,0.1,0.2,15
30,15,false,,0.14832839179869362,0.1685754392996363,0.03821255538115917,13,1,1.0,28.0,0.5782636248415716,0.1847275031685678,0.255,917,2942,0.1,0.2,15
40,20,true,,0.1588428966192454,0.24301977004228142,0.09469276745844604,33,36,11.0,39.0,0.7581270504026245,0.03996421115419028,0.2542,917,2942,0.1,0.2,15
20,10,false,,0.1598391460708383,0.21416323792222802,0.08572854112640937,11,16,1.0,19.0,0.6438564476885644,0.44525547445255476,0.3022,918,2943,0.1,0.2,15
30,15,false,,0.16010733356786028,0.1896148070619406,0.047021226103789504,15,2,1.0,29.0,0.5616063279586249,0.1566778217219349,0.2804,918,2943,0.1,0.2,15
40,20,false,,0.17750378512634843,0.18793456929676308,0.018068852978619487,10,1,1.0,37.0,0.5438335809806835,0.12570579494799405,0.2388,918,2943,0.1,0.2,15
50,25,true,,0.17957681595953257,0.28468445555609334,0.10898078830839245,42,46,23.0,49.0,0.7336641852770885,0.008547008547008548,0.2368,918,2943,0.1,0.2,15
20,10,false,,0.07795604606846676,0.2176860624990904,0.15009965861185726,14,16,1.0,19.0,0.6538931920097839,0.5254790052996331,0.2194,919,2944,0.1,0.2,15
30,15,false,,0.08174734184473322,0.08433475078177485,0.002316154205803927,15,2,1.0,28.0,0.5066666666666667,0.24615384615384617,0.1174,919,2944,0.1,0.2,15
40,20,false,,0.05880407352290639,0.12588228052890127,0.061654560905759936,28,30,10.0,37.0,0.6597593582887701,0.0748663101604278,0.0618,919,2944,0.1,0.2,15
50,25,true,,0.05376551932974579,0.07975865222492111,0.038010622459720325,31,34,25.0,35.0,0.7980561555075594,0.0,0.026,919,2944,0.1,0.2,15
20,10,false,,0.12467748963055274,0.21888757623143734,0.0999071436689947,14,16,3.0,19.0,0.6557827281049741,0.6075678974671956,0.3112,920,2945,0.1,0.2,15
30,15,true,,0.1560137491291825,0.23334609645978946,0.09427025003645842,22,26,5.0,29.0,0.7009318578916716,0.21490972626674432,0.2976,920,2945,0.1,0.2,15
20,10,true,,0.07565900102800097,0.19619301509702738,0.1301837292686811,12,15,1.0,19.0,0.7545897339827651,0.5005620082427875,0.2874,921,2946,0.1,0.2,15
20,10,false,,0.10255974650218072,0.22268503788243033,0.1264832237252476,14,15,1.0,19.0,0.6741573033707865,0.5733848314606742,0.289,922,2947,0.1,0.2,15
30,15,false,,0.10735459119822606,0.15463058825445633,0.07290944235617139,11,3,1.0,27.0,0.6771761480466073,0.2371487320082248,0.3,922,2947,0.1,0.2,15
40,20,true,,0.12644691658561644,0.18104460625095445,0.08705161865899111,22,37,1.0,38.0,0.706702960190541,0.1391629806056482,0.277,922,2947,0.1,0.2,15
20,10,false,,0.1629737366964659,0.14150180167228793,-0.028833013970657212,8,1,1.0,19.0,0.46375838926174495,0.34563758389261745,0.2698,923,2948,0.1,0.2,15
30,15,false,,0.13466616426525083,0.41203720571214114,0.2816468114611357,25,26,9.924999999999997,29.0,0.8792995622263915,0.10412757973733583,0.2752,923,2948,0.1,0.2,15
40,20,true,,0.15456472548815892,0.22678295311908667,0.09488851380188135,30,36,2.0,39.0,0.7362473981564079,0.09782931906036277,0.2522,923,2948,0.1,0.2,15
20,10,false,,0.12435797776805216,0.6149170376115252,0.4967309854030131,16,16,4.0,19.0,0.8822590938098277,0.7421825143586471,0.2944,924,2949,0.1,0.2,15
30,15,true,,0.148354482761091,0.25486239341353906,0.1272549126308173,22,26,5.0,29.0,0.7521994134897361,0.2,0.3086,924,2949,0.1,0.2,15
20,10,false,,0.19004961397065154,0.10091792994034011,-0.10656455336618366,4,1,1.0,18.0,0.27387387387387385,0.1754954954954955,0.2558,925,2950,0.1,0.2,15
30,15,false,,0.1361218861021576,0.1485144634398324,0.0170588661711083,16,1,1.0,28.0,0.5472586612848974,0.14766229397914565,0.2558,925,2950,0.1,0.2,15
40,20,true,,0.13969195934714676,0.5155618469262635,0.3827769929423943,34,34,17.0,39.0,0.9266687558759009,0.043560012535255405,0.253,925,2950,0.1,0.2,15
20,10,false,,0.09489101385979917,0.1413113568561971,0.057474960389561944,13,16,1.0,19.0,0.6155515370705245,0.49403254972875227,0.2748,926,2951,0.1,0.2,15
30,15,false,,0.1329958314961174,0.13339301288948324,0.008077005212815139,9,1,1.0,28.0,0.5167967424499491,0.17577197149643706,0.267,926,2951,0.1,0.2,15
40,20,true,,0.14304126402413705,0.38902178815504496,0.25815881036053717,32,35,4.0,39.0,0.9004355942750467,0.09583074051026758,0.2598,926,2951,0.1,0.2,15
20,10,false,,0.13815604634571527,0.12469418394308253,-0.007607484943565418,8,1,1.0,19.0,0.4766355140186916,0.3547940463828314,0.2648,927,2952,0.1,0.2,15
30,15,true,,0.12514553217319913,0.2017238636832629,0.10066494291535365,21,29,5.0,29.0,0.7530218882718066,0.238484155504737,0.2924,927,2952,0.1,0.2,15
20,10,false,,0.1629275973492777,0.20694002925808466,0.10658007928686863,13,1,1.0,19.0,0.5918846411804158,0.45305164319248825,0.2698,928,2953,0.1,0.2,15
30,15,false,,0.14069480503682957,0.1710099274937752,0.04200396604764928,13,16,2.0,27.0,0.6295631358467983,0.31926989826451224,0.2802,928,2953,0.1,0.2,15
40,20,false,,0.16220154880181506,0.19003662740559965,0.04529670253655564,23,28,1.0,38.0,0.6662820882607442,0.10614364003461206,0.2696,928,2953,0.1,0.2,15
50,25,true,,0.17312864759539043,0.5796607732493082,0.4137751694867971,42,44,25.025000000000006,49.0,0.9704713231118682,0.0,0.2296,928,2953,0.1,0.2,15
20,10,false,,0.13924631147001343,0.22801358017827267,0.12444017669847329,12,16,1.0,19.0,0.651921903599756,0.45088468578401464,0.3058,929,2954,0.1,0.2,15
30,15,false,,0.14381487217108543,0.14379990462917164,0.0019740080102041146,12,3,1.0,28.0,0.5060465116279069,0.20837209302325582,0.281,929,2954,0.1,0.2,15
40,20,true,,0.1468175215203004,0.20070328243973057,0.08773487861761536,28,35,2.0,39.0,0.7237126117792168,0.14307739747147702,0.2572,929,2954,0.1,0.2,15
20,10,false,,0.11523986151513495,0.17503406448164702,0.07901283623328069,9,6,1.0,18.0,0.6688417618270799,0.33213703099510605,0.3054,930,2955,0.1,0.2,15
30,15,false,,0.1445682451658735,0.17249246888473124,0.04555317057898173,9,3,1.0,28.0,0.6343143393863494,0.13713212273011896,0.2962,930,2955,0.1,0.2,15
40,20,false,,0.15923156606002006,0.18838141458254207,0.05293067192932971,18,36,2.0,38.0,0.6649484536082474,0.1497709049255441,0.259,930,2955,0.1,0.2,15
50,25,true,,0.16234941932115415,0.2231976166423502,0.08758637471929051,27,5,2.0,49.0,0.7947548460661346,0.09321550741163055,0.2502,930,2955,0.1,0.2,15
20,10,false,,0.14638703066982486,0.36338738145013566,0.235949236232516,15,17,1.0,19.0,0.7633776678008042,0.5938756572842561,0.303,931,2956,0.1,0.2,15
30,15,false,,0.1898637505050126,0.16124818480849756,-0.04986350700822173,7,1,1.0,26.0,0.40798558991293904,0.21254878414890424,0.251,931,2956,0.1,0.2,15
40,20,true,,0.17598989732328646,0.3601804077992691,0.20048565642465793,34,36,6.0,39.0,0.8630460448642266,0.06936245572609209,0.2534,931,2956,0.1,0.2,15
20,10,false,,0.0921526994041638,0.15903362233592017,0.09437226967020784,12,15,1.0,19.0,0.6492374727668845,0.46768336964415397,0.275,932,2957,0.1,0.2,15
30,15,true,,0.1253953606278432,0.3575148693474669,0.2383894351546596,23,25,3.0,29.0,0.8032407407407407,0.16071428571428573,0.2946,932,2957,0.1,0.2,15
20,10,false,,0.141148848949367,0.272020156728216,0.13623594684129559,13,15,1.0,19.0,0.6922382671480144,0.5240673886883274,0.3206,933,2958,0.1,0.2,15
30,15,false,,0.14883251384615198,0.16299308529194026,0.0318785890729652,13,6,1.0,29.0,0.6104053236539625,0.21143375680580762,0.28,933,2958,0.1,0.2,15
40,20,true,,0.16089298331422044,0.2633120647190262,0.11926466932484744,28,33,4.0,39.0,0.8339898705683737,0.10410804727068092,0.276,933,2958,0.1,0.2,15
20,10,false,,0.09930470675120265,0.4207167431111154,0.3079533874422106,15,16,2.0,19.0,0.855858969927411,0.652955409609402,0.2874,934,2959,0.1,0.2,15
30,15,false,,0.13611790956945677,0.1749038653147673,0.055989049310804964,16,1,1.0,28.0,0.6158209895997478,0.21273242987708793,0.279,934,2959,0.1,0.2,15
40,20,false,,0.15036298539801654,0.187215096706183,0.05239589948376698,24,36,1.0,39.0,0.6482593037214885,0.1524609843937575,0.2646,934,2959,0.1,0.2,15
50,25,true,,0.16391960796632557,0.5968790262031212,0.43092838424625046,42,43,18.0,49.0,0.9211606096131302,0.029601406799531067,0.2456,934,2959,0.1,0.2,15
20,10,false,,0.12033566044692551,0.3114476308647759,0.21813244574989077,15,16,2.0,19.0,0.7492615687561536,0.6137184115523465,0.2806,935,2960,0.1,0.2,15
30,15,false,,0.1329864096160762,0.16941530192857449,0.07562562907104205,14,25,1.0,29.0,0.661437908496732,0.11633986928104575,0.2972,935,2960,0.1,0.2,15
40,20,true,,0.14931407907031344,0.2804083086237317,0.14912448994691913,33,34,4.0,39.0,0.8044361137144642,0.056232427366447985,0.2406,935,2960,0.1,0.2,15
20,10,false,,0.10109590039040531,0.10072219910631644,0.0004823823913030073,6,1,1.0,18.0,0.5034429992348891,0.21231828615149195,0.2688,936,2961,0.1,0.2,15
30,15,false,,0.36555251828195046,0.10741604569249721,-0.2599358567327269,4,1,1.0,28.0,0.3766122098022356,0.11049011177987962,0.2256,936,2961,0.1,0.2,15
40,20,true,,0.11388598167003479,0.1747409775525242,0.0785798883387972,23,33,2.0,37.0,0.7322480083131279,0.12919986144786977,0.2874,936,2961,0.1,0.2,15
20,10,false,,0.07857412475475307,0.15423850496799266,0.08577249737958403,13,15,1.0,19.0,0.6566008517228029,0.5203252032520326,0.2356,937,2962,0.1,0.2,15
30,15,false,,0.0716931233213586,0.16955973379688427,0.11361690680407269,24,26,1.0,29.0,0.6775039328788673,0.1221814368117462,0.1062,937,2962,0.1,0.2,15
40,20,false,,0.06598478887609767,0.5111191486101231,0.44321325700919506,35,37,30.0,39.0,1.0,0.0,0.0646,937,2962,0.1,0.2,15
50,25,true,,0.06887867654957347,0.13182953791026403,0.05809847681217178,41,41,27.0,49.0,0.7642330877427997,0.0,0.0334,937,2962,0.1,0.2,15
20,10,false,,0.1682535292617696,0.16183981690451055,0.005297171072614279,12,16,1.0,19.0,0.5097028502122498,0.46149181322013344,0.3076,938,2963,0.1,0.2,15
30,15,false,,0.16591318087364978,0.4589488824642584,0.302149525720529,25,26,3.0,29.0,0.7440049828713796,0.09529741513547181,0.2552,938,2963,0.1,0.2,15
40,20,true,,0.17206772711051807,0.23581977570946977,0.08765260703499422,32,34,2.0,39.0,0.7336368810472396,0.11468412066021627,0.2482,938,2963,0.1,0.2,15
20,10,true,,0.07796633278140608,0.2937877358407987,0.21747840380583525,14,14,2.0,19.0,0.8190263842437755,0.6369379412857674,0.2832,939,2964,0.1,0.2,15
20,10,false,,0.09396359630827261,0.12705489644452528,0.04185458278565157,10,13,1.0,19.0,0.6106225817798101,0.3967639817094618,0.3014,940,2965,0.1,0.2,15
30,15,true,,0.0984947016019879,0.2516200372499586,0.14901465119672275,23,25,6.0,29.0,0.8005329272934907,0.16596878568709555,0.2942,940,2965,0.1,0.2,15
20,10,false,,0.08531441038745363,0.11302565831290164,0.03603455711484481,11,17,1.0,19.0,0.6153846153846154,0.42250852595680183,0.2738,941,2966,0.1,0.2,15
30,15,false,,0.09942535157132829,0.15675679665168446,0.06989109014621363,20,27,2.0,29.0,0.6472453428458185,0.1490289338089576,0.2822,941,2966,0.1,0.2,15
40,20,false,,0.12606223978451506,0.1305091991410476,0.014588634660638727,14,2,1.0,39.0,0.5368928439006303,0.1942899517982944,0.267,941,2966,0.1,0.2,15
50,25,true,,0.13162631354443083,0.30670528040132095,0.17856325976283943,43,43,26.0,49.0,0.8598937583001328,0.0,0.249,941,2966,0.1,0.2,15
20,10,false,,0.10772412501395462,0.18130771732827533,0.10432906137818462,12,15,1.0,19.0,0.6795543905635649,0.4764089121887287,0.3316,942,2967,0.1,0.2,15
30,15,true,,0.12762881700908577,0.21698931263294022,0.10668500070244893,19,21,2.0,28.0,0.7679828588919498,0.21610039791857974,0.2944,942,2967,0.1,0.2,15
20,10,false,,0.10989241506365216,0.20694022305087095,0.10736465668447734,13,17,1.0,19.0,0.6936127744510978,0.5292747837658017,0.2924,943,2968,0.1,0.2,15
30,15,false,,0.13474838272047415,0.14492808546570465,0.018073512934711315,13,2,1.0,28.0,0.5546430827542641,0.23941882501579279,0.2942,943,2968,0.1,0.2,15
40,20,true,,0.14752651093428643,0.42109529962423864,0.28590444740569715,31,32,4.0,39.0,0.8839590443686007,0.06019236735960285,0.2612,943,2968,0.1,0.2,15
20,10,true,,0.09311977007765838,0.2438093036183019,0.171206603400291,14,17,1.0,19.0,0.7125,0.5650735294117647,0.2864,944,2969,0.1,0.2,15
20,10,false,,0.1115439874052188,0.1450621199362967,0.03537987786842299,10,9,1.0,19.0,0.6319690621978731,0.3686754753464389,0.3232,945,2970,0.1,0.2,15
30,15,true,,0.16676489899848634,0.24133150976114515,0.12958933878960766,17,25,1.0,29.0,0.7050202681633926,0.16432803242906144,0.2806,945,2970,0.1,0.2,15
20,10,false,,0.10227615093164341,0.2455093830732336,0.15414455324638235,14,17,1.0,19.0,0.7,0.5630434782608695,0.2796,946,2971,0.1,0.2,15
30,15,false,,0.14688005032332713,0.18985650530030365,0.09378877513151702,10,1,1.0,29.0,0.6138888888888889,0.14618055555555556,0.2548,946,2971,0.1,0.2,15
40,20,true,,0.16548953312425108,0.2193633707971922,0.07202660208042616,23,28,1.0,38.0,0.7027594481103779,0.11187762447510498,0.2406,946,2971,0.1,0.2,15
20,10,false,,0.07540134326356104,0.4352911486566238,0.36557455914912573,15,16,6.0,19.0,0.842144452717796,0.7107222635889799,0.2798,947,2972,0.1,0.2,15
30,15,false,,0.11985888582784554,0.1725903260956128,0.08321309100458313,13,4,1.0,27.0,0.6602071500167056,0.2231874373538256,0.2912,947,2972,0.1,0.2,15
40,20,true,,0.13683217005150308,0.2051943597180713,0.09353303849148788,28,36,4.0,39.0,0.7481878348566026,0.18436810589347621,0.2908,947,2972,0.1,0.2,15
20,10,false,,0.1447804154319285,0.21476854468692946,0.11324227902773311,13,17,1.0,19.0,0.5980204342273308,0.4671136653895275,0.2822,948,2973,0.1,0.2,15
30,15,false,,0.14429260258951312,0.46350722466829064,0.3293520411308567,26,27,15.0,29.0,0.8149454778704298,0.07119948685054522,0.2556,948,2973,0.1,0.2,15
40,20,true,,0.15872057212644833,0.31501946423818833,0.1734220952702823,29,32,2.0,38.0,0.8415411355735806,0.08140208574739281,0.2706,948,2973,0.1,0.2,15
20,10,false,,0.13653530764926516,0.13573069888650802,-0.0002160823066664347,10,2,1.0,19.0,0.4998326079678607,0.40977569467693337,0.283,949,2974,0.1,0.2,15
30,15,false,,0.12938212912687752,0.1545574409808036,0.03628943500666512,18,26,1.0,29.0,0.5891055817081372,0.12239408204438466,0.3004,949,2974,0.1,0.2,15
40,20,true,,0.14365859959474692,0.5416228507193885,0.4013193688505047,34,36,3.0,39.0,0.9466327827191868,0.0349428208386277,0.2428,949,2974,0.1,0.2,15
20,10,true,,0.11450949695492764,0.23957117657547616,0.14122443818524777,13,16,2.0,19.0,0.7781538461538462,0.5393846153846154,0.3136,950,2975,0.1,0.2,15
20,10,false,,0.12633890249724727,0.20047284592637438,0.09220626749747363,14,16,1.0,19.0,0.6273074474856779,0.5486950986632718,0.3202,951,2976,0.1,0.2,15
30,15,true,,0.1454550368139993,0.30294352432572325,0.1668505135353347,23,27,1.0,29.0,0.7269180754226268,0.12971391417425226,0.2584,951,2976,0.1,0.2,15
20,10,false,,0.11841829546676678,0.6403121329502343,0.5135307661814644,16,16,2.0,19.0,0.8380114981400067,0.682786608048698,0.2732,952,2977,0.1,0.2,15
30,15,false,,0.1194843933989784,0.4713642423384192,0.34992144764702404,25,28,14.0,29.0,0.8619415518978838,0.12999664091367147,0.274,952,2977,0.1,0.2,15
40,20,true,,0.15906497102869885,0.2948261398248477,0.1676820039026323,28,34,1.0,39.0,0.7062716671919319,0.04128584935392373,0.2256,952,2977,0.1,0.2,15
20,10,false,,0.12080793353730963,0.09806087196522643,-0.02986437445938432,10,3,1.0,19.0,0.41788012190992213,0.3809685066034541,0.273,953,2978,0.1,0.2,15
30,15,true,,0.12120074368823244,0.24070484744966933,0.1478904655823255,20,26,2.0,29.0,0.7780612244897959,0.19005102040816327,0.3056,953,2978,0.1,0.2,15
20,10,false,,0.08979461093523741,0.46673469056526645,0.3773313814977023,15,16,2.0,19.0,0.8083599008147361,0.7010272759475735,0.2936,954,2979,0.1,0.2,15
30,15,false,,0.10987025159697747,0.6598864859019484,0.5529594754984998,25,27,9.0,29.0,0.9737309194178204,0.0926517571884984,0.279,954,2979,0.1,0.2,15
40,20,false,,0.13349709546978616,0.15084210205106158,0.021711649395849547,18,25,2.0,36.0,0.5749196141479099,0.17684887459807075,0.2636,954,2979,0.1,0.2,15
50,25,false,,0.18641203222953903,0.1461241601690994,-0.044882158283515564,5,2,1.0,21.0,0.391304347826087,0.18036684782608695,0.1984,954,2979,0.1,0.2,15
60,30,true,,0.14298475547087924,0.19787053750566364,0.07830811953656372,28,49,1.0,55.0,0.805891472868217,0.09209302325581395,0.2034,954,2979,0.1,0.2,15
20,10,false,,0.1387409488965016,0.18867898545883496,0.0682664755209109,14,16,2.0,19.0,0.663894023413432,0.5609981515711645,0.3192,955,2980,0.1,0.2,15
30,15,false,,0.16989142075142188,0.15389814201830693,-0.03302232788233124,10,1,1.0,28.0,0.4404458598726115,0.2070063694267516,0.2664,955,2980,0.1,0.2,15
40,20,true,,0.16197852053450235,0.3987307960801707,0.24685262086267412,33,35,4.0,39.0,0.9410557184750733,0.04985337243401759,0.2478,955,2980,0.1,0.2,15
20,10,true,,0.08911413030064577,0.1792303851226551,0.09751356710741697,13,15,1.0,19.0,0.7160927617709065,0.5175685172171469,0.3116,956,2981,0.1,0.2,15
20,10,false,,0.11160525804765765,0.17983942555355348,0.08235316165289273,13,17,1.0,19.0,0.6666666666666666,0.5235274761434683,0.3126,957,2982,0.1,0.2,15
30,15,true,,0.12076188619188313,0.39836688606916915,0.28539703852989173,24,26,11.0,29.0,0.8716124661246613,0.15616531165311653,0.2934,957,2982,0.1,0.2,15
20,10,true,,0.09537459966546209,0.2621421715524188,0.17197176301173606,14,15,3.0,19.0,0.7720293724966623,0.6351802403204272,0.3192,958,2983,0.1,0.2,15
20,10,false,,0.09742484990892486,0.6928975117112713,0.5881248051828467,16,16,8.0,19.0,0.9385816084153377,0.7790973871733967,0.284,959,2984,0.1,0.2,15
30,15,false,,0.10920039588099036,0.17353305484580037,0.0805753591496416,21,25,2.0,29.0,0.6763268156424581,0.1878491620111732,0.292,959,2984,0.1,0.2,15
40,20,false,,0.12344731605767709,0.12573860189499825,-0.0056367986190282715,14,4,1.0,37.0,0.49005424954792043,0.10669077757685352,0.2654,959,2984,0.1,0.2,15
50,25,false,,0.19108740418541006,0.13600682537694636,-0.058585358596136214,6,5,1.0,20.0,0.348556077904634,0.15916722632639355,0.2448,959,2984,0.1,0.2,15
60,30,true,,0.1474832097042271,0.3703706915912342,0.22437141276116815,53,56,42.0,59.0,0.7837749427543343,0.0,0.1728,959,2984,0.1,0.2,15
20,10,false,,0.09268499015400179,0.1953838719298256,0.138373804110995,13,1,1.0,19.0,0.6026030368763557,0.49023861171366595,0.2136,960,2985,0.1,0.2,15
30,15,true,,0.09697119602752399,0.43106951660253173,0.3353438310919843,22,25,3.0,29.0,0.8310991957104558,0.14592110302566066,0.3014,960,2985,0.1,0.2,15
20,10,false,,0.12068361530695433,0.1715755924359948,0.07065450488718164,14,16,2.0,19.0,0.6198757763975156,0.584472049689441,0.292,961,2986,0.1,0.2,15
30,15,true,,0.13219693915525965,0.22636350426791488,0.1150536188864643,22,25,5.0,29.0,0.7581183611532625,0.21122913505311078,0.3068,961,2986,0.1,0.2,15
20,10,false,,0.10229904227642969,0.11412740541989944,0.016486464685137397,9,1,1.0,19.0,0.5292397660818714,0.38669590643274854,0.2754,962,2987,0.1,0.2,15
30,15,false,,0.12602943625013002,0.14652450724811766,0.044324341568271544,15,6,2.0,28.0,0.6031589338598223,0.23362948338269168,0.304,962,2987,0.1,0.2,15
40,20,false,,0.1327278724235452,0.15895497324897997,0.048885157356676784,19,2,1.0,37.0,0.6184340931615461,0.14800132144037,0.2704,962,2987,0.1,0.2,15
50,25,false,,0.1309321405273793,0.15565951965077512,0.03590502146151063,23,25,4.0,46.0,0.6553245116572148,0.16603654694391934,0.2638,962,2987,0.1,0.2,15
60,30,true,,0.14464383336926104,0.28602376017644965,0.14333293132715247,48,51,27.0,58.0,0.8708002443494197,0.005497861942577886,0.2226,962,2987,0.1,0.2,15
20,10,false,,0.16577625380549008,0.12339625353772529,-0.06651409453451002,8,1,1.0,19.0,0.3876309564041906,0.3048327137546468,0.2794,963,2988,0.1,0.2,15
30,15,true,,0.13853880686660627,0.27006002181305355,0.1463044631178796,21,26,3.0,29.0,0.7817054263565891,0.21364341085271318,0.2858,963,2988,0.1,0.2,15
20,10,false,,0.13358165294512359,0.1224055787117217,-0.009840213264097425,8,2,1.0,19.0,0.46517002310993727,0.28920435787388576,0.2972,964,2989,0.1,0.2,15
30,15,true,,0.12645233841752376,0.2733925570111004,0.16534334698984376,23,26,4.0,29.0,0.8109420524441567,0.1528002589834898,0.298,964,2989,0.1,0.2,15
20,10,false,,0.15163951805348658,0.1124201412231671,-0.049237714837342766,9,3,1.0,19.0,0.39420654911838793,0.3343828715365239,0.2982,965,2990,0.1,0.2,15
30,15,false,,0.35241908149665174,0.09618962172790467,-0.26878470136116717,3,1,1.0,27.0,0.14138326327856324,0.055789071455865494,0.2334,965,2990,0.1,0.2,15
40,20,true,,0.1307996772863242,0.1957603319582304,0.09590302316356276,29,36,4.0,39.0,0.7434571890145396,0.12148626817447496,0.2662,965,2990,0.1,0.2,15
20,10,false,,0.14522312633060602,0.06977128794291865,-0.07881005367880857,9,2,1.0,19.0,0.32852919438285294,0.38322246858832226,0.2362,966,2991,0.1,0.2,15
30,15,false,,0.11986116869192874,0.17211298684346005,0.06997142243633644,18,24,1.0,28.0,0.6580536912751678,0.1593959731543624,0.2914,966,2991,0.1,0.2,15
40,20,false,,0.1727233205556709,0.14627851423131513,-0.035176460311603944,8,1,1.0,37.0,0.4452882292026234,0.13462202278218846,0.2238,966,2991,0.1,0.2,15
50,25,false,,0.1491899063967544,0.19229422447536393,0.06038820453897034,28,2,1.0,47.0,0.6735010872941908,0.08511960236098168,0.243,966,2991,0.1,0.2,15
60,30,true,,0.15209454297093022,0.20850703535352255,0.0631507131821889,39,44,3.0,58.0,0.7627781118460614,0.05381840048105833,0.2266,966,2991,0.1,0.2,15
20,10,false,,0.10291088681956968,0.08746709707298674,-0.008420940924384425,7,2,1.0,18.0,0.47977099236641224,0.2591603053435115,0.2594,967,2992,0.1,0.2,15
30,15,false,,0.11696572240774708,0.27147935889101116,0.17455300938738078,21,1,1.0,29.0,0.6309286568353926,0.08449581506576326,0.2782,967,2992,0.1,0.2,15
40,20,false,,0.11262501393542772,0.15108651129901773,0.060497665119539246,19,6,2.0,38.0,0.6686067660967625,0.14441615132775554,0.278,967,2992,0.1,0.2,15
50,25,true,,0.12406306691258862,0.21880429674677615,0.10690407872135257,35,45,6.0,48.0,0.7891418563922942,0.03222416812609457,0.2494,967,2992,0.1,0.2,15
20,10,false,,0.13584866423019418,0.2101855574228084,0.09778893464645626,13,16,1.0,19.0,0.6195406017470074,0.49142672274344873,0.2726,968,2993,0.1,0.2,15
30,15,false,,0.13363259858920487,0.15616083923845275,0.06238796850316394,16,2,1.0,29.0,0.5942280945757997,0.08240611961057023,0.2766,968,2993,0.1,0.2,15
40,20,false,,0.13724693326547235,0.1983361084890739,0.08544572237216035,29,36,2.0,39.0,0.6752109020116808,0.09117456197274497,0.259,968,2993,0.1,0.2,15
50,25,false,,0.1451920308975992,0.18562401086997501,0.049811097607769,22,1,1.0,47.0,0.6996098829648895,0.14336801040312094,0.2492,968,2993,0.1,0.2,15
60,30,true,,0.1459424337361499,0.2255406674468184,0.10528125016808895,32,30,5.0,55.0,0.8836760925449871,0.1005784061696658,0.2,968,2993,0.1,0.2,15
20,10,false,,0.10751578193117389,0.5756726405805074,0.4741595720568025,16,17,2.0,19.0,0.836763662171753,0.7295954577714692,0.2756,969,2994,0.1,0.2,15
30,15,false,,0.12007859186818506,0.17756688497312093,0.07129617930297988,17,25,1.0,29.0,0.6560703415623943,0.24822455191072032,0.2854,969,2994,0.1,0.2,15
40,20,true,,0.13566577228347154,0.2717745142837029,0.1522263788641171,32,36,6.0,39.0,0.8471698113207548,0.04968553459119497,0.2742,969,2994,0.1,0.2,15
20,10,false,,0.1078268414242532,0.16427078333603107,0.07411140511743929,12,16,1.0,19.0,0.6307897367544152,0.4771742752415861,0.296,970,2995,0.1,0.2,15
30,15,false,,0.12367040273739761,0.12222596477105477,-0.009184799757626733,12,1,1.0,28.0,0.4749733759318424,0.18565850195243166,0.2818,970,2995,0.1,0.2,15
40,20,true,,0.12533113686998631,0.29295102729328876,0.18555984141827955,29,35,3.0,39.0,0.8033515731874145,0.09370725034199727,0.2722,970,2995,0.1,0.2,15
20,10,true,,0.14984350035650618,0.2357316740582084,0.10672463876265217,13,16,1.0,19.0,0.7162492364080635,0.5244349419670128,0.3186,971,2996,0.1,0.2,15
20,10,false,,0.13752095296713376,0.14675915025914943,0.01664228386353636,12,17,1.9500000000000028,19.0,0.5552877372702621,0.49623380536306116,0.3356,972,2997,0.1,0.2,15
30,15,false,,0.14034934631924623,0.1638655719084732,0.04274479993217917,16,26,1.0,29.0,0.6124416796267496,0.19253499222395024,0.2962,972,2997,0.1,0.2,15
40,20,true,,0.14802896039512983,0.275293778184423,0.1571091151154369,30,36,7.0,38.0,0.7909063715225845,0.12772958420580316,0.2722,972,2997,0.1,0.2,15
20,10,false,,0.11490729163310155,0.1488750932175198,0.0410585123818734,13,16,1.0,19.0,0.575707702435813,0.5358788676761027,0.2986,973,2998,0.1,0.2,15
30,15,true,,0.12414560088960967,0.3337305913820023,0.21840550157366867,23,26,6.0,29.0,0.8115047123821905,0.19662008449788757,0.2808,973,2998,0.1,0.2,15
20,10,false,,0.13582204844111626,0.1448638454036283,0.01199783985614223,12,16,2.0,19.0,0.531496062992126,0.47546941247728647,0.3246,974,2999,0.1,0.2,15
30,15,false,,0.1476021368420425,0.16293889487106622,0.032499357353093276,16,24,1.0,29.0,0.559765865680838,0.17837338262476896,0.28,974,2999,0.1,0.2,15
40,20,false,,0.695025010044464,0.14545463365180172,-0.5607780013355081,3,1,1.0,21.0,0.2132380594208349,0.09364422715306506,0.1802,974,2999,0.1,0.2,15
50,25,true,,0.17069884863215584,0.3262901993320938,0.16475439114310608,41,1,1.0,49.0,0.7778123057799876,0.028899937849596023,0.2248,974,2999,0.1,0.2,15
20,10,false,,0.10108372596421555,0.4841059549984608,0.38240044746554963,16,16,3.0,19.0,0.8322602507624534,0.7268722466960352,0.2856,975,3000,0.1,0.2,15
30,15,false,,0.12981411163465836,0.17488235915032171,0.06581033513249246,19,26,2.0,28.0,0.6383248730964467,0.19194162436548223,0.2808,975,3000,0.1,0.2,15
40,20,true,,0.14479949536044334,0.19579129244936064,0.09118289422778844,16,35,2.0,38.0,0.7132307692307692,0.27815384615384614,0.2718,975,3000,0.1,0.2,15
20,10,false,,0.12871960418078263,0.20546517917867935,0.08826960264707095,14,17,1.0,19.0,0.6125923546418246,0.5615162222936074,0.2932,976,3001,0.1,0.2,15
30,15,true,,0.15462405970154644,0.2927500530300279,0.17334381594662412,22,26,1.0,29.0,0.7128526645768025,0.10313479623824451,0.2732,976,3001,0.1,0.2,15
20,10,false,,0.12939533284252483,0.2601528143006265,0.15267315127581682,14,17,1.4000000000000057,19.0,0.699087189172175,0.5357255272269437,0.3054,977,3002,0.1,0.2,15
30,15,false,,0.14866420081890144,0.4426732214795302,0.3008179094064741,25,25,8.0,29.0,0.8652416356877324,0.1090458488228005,0.2774,977,3002,0.1,0.2,15
40,20,true,,0.17189542921559042,0.29511139032113876,0.14266796461995473,32,35,4.0,39.0,0.8468571428571429,0.10914285714285714,0.2714,977,3002,0.1,0.2,15
20,10,true,,0.08968269484282755,0.15436833663593016,0.07241221574616769,11,14,2.0,19.0,0.7105263157894737,0.44770580296896084,0.3028,978,3003,0.1,0.2,15
20,10,false,,0.13440559259801976,0.07730161848014432,-0.05967778324636693,6,1,1.0,19.0,0.3770096463022508,0.2479903536977492,0.2254,979,3004,0.1,0.2,15
30,15,true,,0.09963824835387358,0.40473624997486113,0.2988388249691055,23,25,6.0,29.0,0.8350206224221972,0.16760404949381327,0.304,979,3004,0.1,0.2,15
20,10,false,,0.14846391376511672,0.16808648400046447,0.02776405819409762,10,16,1.0,19.0,0.5429821819318537,0.416380118787121,0.305,980,3005,0.1,0.2,15
30,15,false,,0.15652096654758407,0.17522183940468003,0.02691411951690361,20,25,2.0,29.0,0.5659307875894988,0.15393794749403342,0.288,980,3005,0.1,0.2,15
40,20,false,,0.5981270315724387,0.1522652762898556,-0.44979543112644493,2,1,1.0,8.0,0.08230152949745084,0.003641660597232338,0.1648,980,3005,0.1,0.2,15
50,25,true,,0.16458186593596383,0.20873249885516768,0.06692657865753168,29,45,3.0,48.0,0.751441753171857,0.06660899653979238,0.2376,980,3005,0.1,0.2,15
20,10,false,,0.15656662576892325,0.12943115548420178,-0.03963329012334263,8,1,1.0,18.0,0.4276629570747218,0.3058823529411765,0.3038,981,3006,0.1,0.2,15
30,15,true,,0.1431568979599103,0.27527360959332325,0.14595265916686612,23,25,3.0,29.0,0.776215224701926,0.13726689085906452,0.2762,981,3006,0.1,0.2,15
20,10,false,,0.12463656551067023,0.1334793747982008,0.012643783352377008,11,16,1.0,19.0,0.5383877159309021,0.42258477287268076,0.3264,982,3007,0.1,0.2,15
30,15,false,,0.146541844533209,0.42326187247807984,0.28775542981639834,25,26,5.0,29.0,0.9151404151404151,0.08699633699633699,0.2846,982,3007,0.1,0.2,15
40,20,true,,0.1636903533594104,0.22521394007509332,0.10470287325898028,20,1,1.0,39.0,0.7616671558555914,0.1473437041385383,0.2564,982,3007,0.1,0.2,15
20,10,false,,0.258939331470835,0.10317126193108495,-0.16617647415348902,5,1,1.0,19.0,0.4034181240063593,0.2972972972972973,0.2282,983,3008,0.1,0.2,15
30,15,false,,0.14522780872080046,0.1773603766598159,0.062312023606424766,17,1,1.0,29.0,0.5907145209087916,0.1465261771485018,0.2318,983,3008,0.1,0.2,15
40,20,false,,0.15656224613571879,0.1698004669714295,0.026927388071099817,11,6,1.0,37.0,0.5706488781079442,0.1646452395391146,0.2674,983,3008,0.1,0.2,15
50,25,true,,0.14448678458117012,0.19005913628602927,0.0703951426124173,14,5,1.0,48.0,0.7484008528784648,0.18062747487054523,0.2454,983,3008,0.1,0.2,15
20,10,false,,0.09941102795266242,0.5047907724595726,0.4133594031097925,15,16,3.0,19.0,0.8227680053103219,0.7158977763026884,0.2956,984,3009,0.1,0.2,15
30,15,false,,0.1375785431382347,0.16638574480365276,0.032160537930965016,19,24,2.0,29.0,0.6221017765733213,0.21740439626618488,0.2878,984,3009,0.1,0.2,15
40,20,false,,0.1543651309976423,0.6434500027709454,0.5038050948623621,35,36,9.0,39.0,0.8164676304211188,0.059710873664362035,0.2408,984,3009,0.1,0.2,15
50,25,true,,0.16637892241452285,0.395579008711614,0.2323339992744958,44,46,33.0,49.0,0.8044117647058824,0.0,0.226,984,3009,0.1,0.2,15
20,10,false,,0.12353567718483101,0.6043275127209643,0.478579762621425,15,16,2.0,19.0,0.9011570247933884,0.7206611570247934,0.2938,985,3010,0.1,0.2,15
30,15,false,,0.44183343601125846,0.12610479152624163,-0.34509104869495094,3,1,1.0,28.0,0.19558823529411765,0.09154411764705882,0.2142,985,3010,0.1,0.2,15
40,20,true,,0.15651922709943444,0.3125029300226871,0.17107435189489695,30,34,3.0,38.0,0.8575122091353059,0.08761850043091066,0.2498,985,3010,0.1,0.2,15
20,10,true,,0.09707453145786155,0.24739974838151477,0.1500917085957032,14,16,2.0,19.0,0.7509986684420772,0.6374833555259654,0.2974,986,3011,0.1,0.2,15
20,10,false,,0.16606923975166946,0.24190652547926944,0.09425146509034604,14,16,2.0,19.0,0.6544117647058824,0.5202205882352942,0.309,987,3012,0.1,0.2,15
30,15,false,,0.1665826775553779,0.17197088755405643,0.006914063045412283,8,4,1.0,26.0,0.5215995329830706,0.16170461179217746,0.2958,987,3012,0.1,0.2,15
40,20,true,,0.17731020302607872,0.3724593874259786,0.1974312488680015,34,36,22.0,39.0,0.8826099621322459,0.00932129332944946,0.2472,987,3012,0.1,0.2,15
20,10,false,,0.14143811603379658,0.15469222234179217,0.022354841328704467,9,4,1.0,19.0,0.551219512195122,0.36585365853658536,0.3208,988,3013,0.1,0.2,15
30,15,false,,0.12786611223340272,0.3720003661545665,0.2543751621092003,25,26,5.0,29.0,0.7900440230274297,0.1381645783948527,0.2682,988,3013,0.1,0.2,15
40,20,true,,0.137595582692883,0.2088782109559344,0.08099882833650754,31,34,5.0,39.0,0.7146883808330724,0.10491700595051676,0.2568,988,3013,0.1,0.2,15
20,10,false,,0.27399193741996214,0.05190872744806418,-0.233250607332333,3,1,1.0,18.0,0.28931451612903225,0.2086693548387097,0.1286,989,3014,0.1,0.2,15
30,15,false,,0.09990305108630052,0.1265633599668584,0.046883011546446224,8,4,1.0,28.0,0.6205250596658711,0.1173428798727128,0.2818,989,3014,0.1,0.2,15
40,20,false,,0.1397101482424816,0.12585790101121258,-0.011087790136767042,11,1,1.0,37.0,0.4859324758842444,0.16760450160771703,0.2544,989,3014,0.1,0.2,15
50,25,true,,0.11618610141542174,0.1717421068628833,0.07128385669326873,29,47,5.0,49.0,0.7320237212750186,0.14566345441067458,0.286,989,3014,0.1,0.2,15
20,10,false,,0.10377913284110939,0.49965159149873617,0.39529653463055126,15,16,5.0,19.0,0.9074744813961146,0.6957523872242345,0.3082,990,3015,0.1,0.2,15
30,15,true,,0.14177845821663268,0.26992461962086406,0.14991261937644929,24,24,4.0,29.0,0.7830736327528262,0.07729911396272533,0.2826,990,3015,0.1,0.2,15
20,10,false,,0.1127136268353652,0.09530049742986132,-0.014653373500334736,9,1,1.0,19.0,0.46704980842911875,0.3528735632183908,0.2432,991,3016,0.1,0.2,15
30,15,false,,0.11029211015115263,0.1512595784845935,0.06890940641064844,17,24,1.0,28.0,0.6696207018787664,0.14498404820985467,0.2962,991,3016,0.1,0.2,15
40,20,false,,0.1321301028145762,0.1324055410182725,0.008868529487935886,13,3,1.0,38.0,0.5260196905766527,0.1459212376933896,0.267,991,3016,0.1,0.2,15
50,25,true,,0.12997278574719529,0.31920052143831223,0.1893321019009486,42,45,8.0,49.0,0.8481692979509573,0.036949949613705076,0.2354,991,3016,0.1,0.2,15
20,10,false,,0.09616467027566622,0.06534615986723591,-0.041097155427909746,6,1,1.0,18.0,0.40101056499770327,0.24621038125861278,0.154,992,3017,0.1,0.2,15
30,15,false,,0.1374145157191771,0.1094948544736213,-0.023824932069416868,9,1,1.0,28.0,0.460125260960334,0.1407098121085595,0.2532,992,3017,0.1,0.2,15
40,20,false,,0.12694199667326603,0.12516601510801628,0.0017388797117402766,10,2,1.0,36.40000000000009,0.5046210720887245,0.16820702402957485,0.2828,992,3017,0.1,0.2,15
50,25,true,,0.1285922774479561,0.19575355388770135,0.09679221186152574,27,45,2.0,48.0,0.7460689193710272,0.0899966543994647,0.2554,992,3017,0.1,0.2,15
20,10,false,,0.14079609674843385,0.4489989146617003,0.31092717320289903,15,16,2.0,19.0,0.7855811062771908,0.6681168427594779,0.303,993,3018,0.1,0.2,15
30,15,false,,0.173104973671889,0.17621670200370546,0.007469289864293571,16,1,1.0,29.0,0.5173770491803279,0.1481967213114754,0.2318,993,3018,0.1,0.2,15
40,20,true,,0.17189030761405014,0.320137865783354,0.18623173901751006,33,37,2.0,39.0,0.7483910511798958,0.08734293594851364,0.2372,993,3018,0.1,0.2,15
20,10,false,,0.08694759231933735,0.5780212541400847,0.49219811524722323,15,16,1.0,19.0,0.8514202476329206,0.6788055353241078,0.2538,994,3019,0.1,0.2,15
30,15,true,,0.13067427804750334,0.2816059744886579,0.19474355529998838,22,26,1.0,29.0,0.7856446898343618,0.11302370899642741,0.2858,994,3019,0.1,0.2,15
20,10,false,,0.14572179641000185,0.1277106718377649,-0.01845109802709273,9,2,1.0,19.0,0.46589847399564,0.35004671441918406,0.3046,995,3020,0.1,0.2,15
30,15,true,,0.13099694078362367,0.3416911884766122,0.2188533422926287,23,26,2.0,29.0,0.7553526448362721,0.1533375314861461,0.283,995,3020,0.1,0.2,15
20,10,true,,0.10236562240731668,0.2907589726711626,0.19176926556413623,14,16,2.0,19.0,0.7666778410995642,0.5715722427086826,0.309,996,3021,0.1,0.2,15
20,10,false,,0.13274036742655118,0.2370498353088582,0.12001811799287394,14,16,2.0,19.0,0.6954361999379075,0.5783918037876435,0.3172,997,3022,0.1,0.2,15
30,15,true,,0.15588129064458034,0.41466488683552594,0.2572378751969427,22,25,8.0,29.0,0.8872048965316235,0.21597201981929467,0.2896,997,3022,0.1,0.2,15
20,10,true,,0.07561821520653894,0.16596166425056377,0.09489259051651781,14,15,2.0,19.0,0.7466012084592145,0.5985649546827795,0.2904,998,3023,0.1,0.2,15
20,10,false,,0.1615997813983191,0.17689324659414982,0.04091546618360417,12,17,1.0,19.0,0.5650045885591924,0.4750688283878862,0.3148,999,3024,0.1,0.2,15
30,15,false,,0.16279307809457982,0.14646156778482014,-0.02468810615202123,15,3,1.0,29.0,0.43236641221374045,0.16213740458015266,0.274,999,3024,0.1,0.2,15
40,20,true,,0.15966964201943323,0.3071770938671662,0.18428786202919376,28,34,3.0,39.0,0.8096764791605946,0.08743806470416789,0.248,999,3024,0.1,0.2,15
20,10,true,,0.1290493513138662,0.34270295170931075,0.2480487319901732,14,16,2.0,19.0,0.7335695876288659,0.5586340206185567,0.3112,1000,3025,0.1,0.2,15
